"gene","baseMean","log2FoldChange","lfcSE","stat","pvalue","padj"
"NOC2L",1.43676070399537,0.00252293680293182,0.684542407976643,0.00368558145343992,0.997059338118139,0.999191353387358
"ISG15",27.5859917168171,-0.0718050653653616,0.420607533077429,-0.170717497235465,0.864445903998183,0.999191353387358
"SDF4",1.82886163097304,0.0691350667782571,0.63987474973558,0.108044686568467,0.913960244906234,0.999191353387358
"UBE2J2",1.57592316009388,0.0956258927625977,0.735615768793876,0.129994348706509,0.896570897831148,0.999191353387358
"AURKAIP1",6.45339709616761,-0.0298778889234065,0.46093000455107,-0.0648208808895105,0.948316615866342,0.999191353387358
"CCNL2",1.61010113809021,0.0894558441803969,0.636667273673133,0.140506427579194,0.888259874396008,0.999191353387358
"MRPL20",4.58991106713695,-0.152199722986608,0.401892939475141,-0.37870713326135,0.704905355680349,0.999191353387358
"SSU72",4.3723646039542,-0.354230751003918,0.454299701029093,-0.77972921884277,0.435550276515538,0.999191353387358
"NADK",3.33474075671929,-0.290492988876599,0.491652628371204,-0.590850067941208,0.554620884478795,0.999191353387358
"GNB1",5.27361051155739,0.0733636048030831,0.374619062300059,0.195835215519068,0.844739145723579,0.999191353387358
"FAAP20",4.19192749074944,0.224958101208903,0.432268003624454,0.520413491914017,0.602775408411206,0.999191353387358
"RER1",2.95464781934148,-0.173343640045246,0.505143133717416,-0.343157470575887,0.731479997737771,0.999191353387358
"TNFRSF14",4.20308018665685,0.48058586666873,0.41837739406383,1.14868985152532,0.250683892011126,0.999191353387358
"KCNAB2",1.33537594656168,-0.0626590325012668,0.751988032256064,-0.0833245075899431,0.933593513812999,0.999191353387358
"RPL22",42.3700227049207,0.0984120709035878,0.216837300048855,0.453852131904497,0.649935258640677,0.999191353387358
"CAMTA1",1.98007946083689,0.448600642988265,0.636922793710855,0.704324994203171,0.481230404443725,0.999191353387358
"PARK7",6.31441933008368,-0.43673873282827,0.431308677703636,-1.01258971916249,0.311256172526571,0.999191353387358
"ENO1",12.1987284047542,-0.507333243598358,0.324659802413326,-1.56266109887072,0.118132328926678,0.999191353387358
"PIK3CD",2.51703332027928,-0.363974097324817,0.532888117956688,-0.683021604460695,0.494593190939695,0.999191353387358
"RBP7",3.38669736070128,0.235948857075099,0.495925051524862,0.475775233272865,0.634234516109076,0.999191353387358
"PGD",4.32626456926043,-0.187389817060484,0.509230595328861,-0.367986171254041,0.712883545575172,0.999191353387358
"TARDBP",1.43596302959755,0.652785454210292,0.641280788130916,1.0179401383798,0.308706405067565,0.999191353387358
"SRM",2.91366266112135,0.121840193311985,0.523560457721788,0.232714658861286,0.815982985573388,0.999191353387358
"AGTRAP",6.4015833156539,0.224470754034901,0.339294788763882,0.661580317377382,0.508240225166199,0.999191353387358
"KIAA2013",1.67412360933357,0.674175343040051,0.615959366421719,1.09451268994662,0.273730184881246,0.999191353387358
"TNFRSF1B",7.68982929344837,-0.374063996157711,0.393836764559661,-0.949794508331244,0.342216676847547,0.999191353387358
"EFHD2",11.0539682630336,0.0531124543086155,0.323803969774207,0.164026569364334,0.869710227750599,0.999191353387358
"PLEKHM2",1.30546017097084,1.0170575056382,0.759156763729242,1.33972000808114,0.180336390209914,0.999191353387358
"SPEN",2.55719329636079,-0.614008166953356,0.58185825265458,-1.055253859771,0.291309237240495,0.999191353387358
"SDHB",2.53649326077687,-0.35764923930213,0.506338818305027,-0.706343709730499,0.479974417441313,0.999191353387358
"PADI4",1.14075813107442,0.268871901043727,0.796976216922736,0.337365024620042,0.735841747071162,0.999191353387358
"UBR4",2.49985370078909,0.0100869938881661,0.525562413231847,0.019192761191079,0.984687332273261,0.999191353387358
"AKR7A2",1.92100931205088,0.48334740409803,0.57812840864052,0.836055445250703,0.403123711933328,0.999191353387358
"CAPZB",10.4544429353557,-0.0242461603572308,0.318841350352379,-0.0760445918649959,0.939383621703379,0.999191353387358
"MICOS10",6.64423982534507,0.391255110013803,0.409290226626198,0.955935628463305,0.339104757339753,0.999191353387358
"CDA",3.45439114737521,0.945901694517891,0.487220530710498,1.94142412910743,0.0522068539141646,0.999191353387358
"DDOST",4.02513808054032,0.159936012932671,0.447536309760467,0.357369914897571,0.720814896143544,0.999191353387358
"HP1BP3",3.79897130166153,-0.0924585903045683,0.543992941249695,-0.169962849319638,0.865039353450027,0.999191353387358
"CDC42",9.25316977416279,-0.108872481788345,0.315101055756428,-0.345516080633203,0.729706423201204,0.999191353387358
"C1QA",2.07297389631462,-3.53487001578612,3.58028696078562,-0.987314719323634,0.323488376972781,0.999191353387358
"HNRNPR",3.97125524935073,-0.247168708683148,0.520591647725789,-0.474784237824228,0.634940768836145,0.999191353387358
"ID3",1.32310023203197,0.994036511388321,0.83470978921126,1.19087678644288,0.233701958789979,0.999191353387358
"RPL11",152.538154727544,0.0868694110816316,0.155933735101521,0.55709183792125,0.577464683878244,0.999191353387358
"PNRC2",3.31037193319287,-0.124141190956456,0.502696391228258,-0.24695063088306,0.8049464317067,0.999191353387358
"SRSF10",4.60094288422219,-0.241060841665063,0.431254268068018,-0.558976129662427,0.576178011159967,0.999191353387358
"SRRM1",5.66680720288427,-0.0125331673738816,0.362232434098142,-0.0345997933760009,0.9723988662646,0.999191353387358
"SYF2",4.72765895431818,-0.258710250948113,0.461762150086696,-0.5602673387144,0.575297101863918,0.999191353387358
"RSRP1",5.24429668481431,0.241414110059597,0.401701199946545,0.600979310222927,0.547853766793723,0.999191353387358
"TMEM50A",4.74388073455359,-0.448958922460086,0.450059758944668,-0.997554021521135,0.318495665895893,0.999191353387358
"SH3BGRL3",83.0768955532104,0.225203123742581,0.174084774352388,1.29364055288786,0.195789608025739,0.999191353387358
"UBXN11",3.12170286185164,0.161217955227788,0.484082272764992,0.333038337278785,0.739105344434067,0.999191353387358
"CD52",41.4803049432385,-0.144632547137209,0.254640133943819,-0.567988026463727,0.570043098246871,0.999191353387358
"HMGN2",10.1908816301518,-0.37084737541645,0.304783991531877,-1.21675476967321,0.223697533693405,0.999191353387358
"RPS6KA1",2.27814551286213,-0.268993062215361,0.590229648653891,-0.455743053282466,0.648574758590767,0.999191353387358
"ARID1A",1.9399996939041,-0.0219606789226516,0.63613884691785,-0.0345218328185004,0.972461032651363,0.999191353387358
"NUDC",3.35818282353644,-0.167689299199678,0.442696080038199,-0.378791018852501,0.704843057197313,0.999191353387358
"SYTL1",3.11465599155815,0.290401866334869,0.478144586825376,0.607351571755693,0.543617620053987,0.999191353387358
"WASF2",7.9335293812868,-0.39203538642642,0.324109312137528,-1.20957766946254,0.226440991101833,0.999191353387358
"FGR",9.22617442591518,-0.280530180496049,0.371381609972814,-0.755369067726818,0.450027567617321,0.999191353387358
"IFI6",21.6456559714262,-0.404415988782456,0.3399429011926,-1.18965857902509,0.234180611748512,0.999191353387358
"THEMIS2",4.32455392338639,-0.0648656469220187,0.473163518359867,-0.137089281834033,0.890960224339029,0.999191353387358
"DNAJC8",2.8391735430888,-0.0684398653968522,0.49282085961069,-0.13887371863869,0.889549939186402,0.999191353387358
"ATP5IF1",7.98632982217122,-0.0625285966825121,0.337512485987495,-0.185263062193287,0.853022708574409,0.999191353387358
"YTHDF2",1.92136011739898,-0.287694855788318,0.66428624974709,-0.433088681118795,0.664950345457449,0.999191353387358
"SRSF4",2.62653040203477,0.171713189402676,0.498140147025015,0.34470859341127,0.730313457073065,0.999191353387358
"LAPTM5",33.659575900824,-0.0701596202344825,0.234399234675027,-0.299316763263977,0.764698365328552,0.999191353387358
"PTP4A2",9.09268797364682,-0.107980885347076,0.305674356827035,-0.353254641534018,0.723897546974372,0.999191353387358
"KHDRBS1",5.58128819974184,-0.143206648743289,0.424300663605265,-0.337512196013243,0.735730819876027,0.999191353387358
"EIF3I",2.88987792259921,0.122809458638493,0.484344052486303,0.253558308413347,0.799836809203248,0.999191353387358
"HDAC1",1.86544141407322,0.122629513185154,0.611182261196411,0.200643115762396,0.84097764206143,0.999191353387358
"MARCKSL1",2.41055802562793,0.489411212288702,0.557833987559264,0.877342046564896,0.380300880765211,0.999191353387358
"RBBP4",3.0268910538959,0.064434335720707,0.514237874383418,0.125300641843943,0.900285544071343,0.999191353387358
"AK2",2.78401114564583,-0.374389322512323,0.557852330112942,-0.671126214416859,0.502140128416077,0.999191353387358
"SFPQ",5.33106232641964,-0.00118075418094759,0.384173741799005,-0.0030734900709725,0.997547713585446,0.999191353387358
"PSMB2",4.11073025174494,-0.141528594642471,0.474163209542428,-0.298480758933296,0.765336259363071,0.999191353387358
"TRAPPC3",1.38672441594747,0.428314957530461,0.676963266971283,0.63270044096592,0.526929281853596,0.999191353387358
"MAP7D1",1.45978465026513,0.123566344753801,0.617416624705458,0.200134463196143,0.841375420835215,0.999191353387358
"THRAP3",4.34805546496447,-0.303553685595018,0.415443112304647,-0.730674493340548,0.464977998811919,0.999191353387358
"STK40",1.77536121779581,-0.168227461298608,0.662454375735637,-0.253945731903116,0.799537483592153,0.999191353387358
"LSM10",4.85042415259961,0.28307774359084,0.449819510488565,0.62931406261898,0.529143466654321,0.999191353387358
"MRPS15",1.50580715284542,0.442482706651013,0.630228245556978,0.702099135940756,0.482617341162736,0.999191353387358
"CSF3R",5.46963169850063,-0.0132054400972567,0.491859299273442,-0.0268480033146945,0.978580965892247,0.999191353387358
"MEAF6",2.36941949094119,-0.203691797584017,0.533392291126351,-0.381879905226764,0.70255044605515,0.999191353387358
"NDUFS5",6.14312112045503,-0.345095741416392,0.371515604930702,-0.928886261670657,0.352948033490072,0.999191353387358
"MACF1",3.40105197407657,0.0765418542452242,0.455465627123165,0.168051878532924,0.866542466213032,0.999191353387358
"CAP1",8.74798911369481,-0.114228018242053,0.326859270708617,-0.349471556962149,0.726735320605583,0.999191353387358
"PPT1",5.30905531661441,-0.429918878762324,0.430458237036368,-0.998747013699269,0.317917259756724,0.999191353387358
"SMAP2",9.99045068720044,-0.053599182598858,0.411915371238973,-0.130121831670521,0.896470037789118,0.999191353387358
"NFYC",1.7137225210091,0.697854872346862,0.630009423861331,1.10768957719665,0.267995902231511,0.999191353387358
"PPCS",3.43417681426755,-0.431770688353687,0.481692973735792,-0.896360777291539,0.370060108457092,0.999191353387358
"YBX1",25.0124623604846,-0.201787924047525,0.220804517476934,-0.91387588602486,0.360782065797825,0.999191353387358
"ATP6V0B",12.3219163323177,-0.241939936991746,0.286636451993929,-0.844065488910216,0.398632811255204,0.999191353387358
"RNF220",1.86299843744526,-0.0772281389369191,0.604371560386738,-0.12778254967441,0.898321060184173,0.999191353387358
"ARMH1",0.961088632068032,1.32953408750703,0.827531181780629,1.60662717826079,0.108136176848739,0.999191353387358
"RPS8",145.865618886089,0.0358487398942909,0.181610375459873,0.197393677555673,0.843519476869558,0.999191353387358
"PRDX1",9.63755956449591,-0.087676792163555,0.3205482120922,-0.273521388845982,0.784452453050029,0.999191353387358
"AKR1A1",3.455020129156,0.206284402081363,0.489876757334694,0.421094487527248,0.673686086719888,0.999191353387358
"NASP",2.57935565142596,-0.400538907062557,0.494095831742734,-0.810650245013824,0.417566553786431,0.999191353387358
"UQCRH",12.1870004451726,0.0489705563969625,0.283694190918906,0.172617409747952,0.862952166326879,0.999191353387358
"EFCAB14",2.64984747482643,0.152644939450568,0.514176609486342,0.296872585478089,0.766563786740263,0.999191353387358
"CMPK1",2.31962876706035,0.46573063545339,0.517109018771042,0.900643033765381,0.367778146119494,0.999191353387358
"EPS15",2.09650197678966,0.27409255070436,0.605918797221308,0.452358553590555,0.651010699997163,0.999191353387358
"NRDC",2.41284686131225,0.0485715082228747,0.561100804318479,0.0865646740283511,0.931017546498536,0.999191353387358
"TXNDC12",1.98641323383116,0.0672307570950527,0.540038630488821,0.124492496090878,0.900925341413805,0.999191353387358
"BTF3L4",1.35510788531945,0.18292361657145,0.705168736314704,0.259404036440172,0.795323515654322,0.999191353387358
"TUT4",1.67446237490139,-0.148053524034192,0.669426567203424,-0.221164697201511,0.824964196173781,0.999191353387358
"SCP2",2.99934066733915,0.150283525438627,0.48840631415562,0.307701847996057,0.758309213414506,0.999191353387358
"MAGOH",2.91348385222089,0.147468526226612,0.455171240484642,0.323984718519552,0.745949603643722,0.999191353387358
"TMEM59",6.39088372165352,0.0161394407746644,0.34573298778971,0.0466818074776282,0.9627668300665,0.999191353387358
"JUN",14.9399892888831,-1.06017081810528,0.519030189807893,-2.04259952296354,0.0410920983784994,0.999191353387358
"JAK1",8.17663584123716,0.234641271483388,0.37376670094841,0.627774681072444,0.530151554502218,0.999191353387358
"MIER1",1.90865289965298,-0.0632290169719236,0.642275132764196,-0.0984453760490482,0.921578644766797,0.999191353387358
"SERBP1",5.63962456899733,-0.217185254178809,0.388545248992281,-0.558970299449275,0.576181990184435,0.999191353387358
"SRSF11",4.79926488355337,-0.173933603762024,0.393440048413394,-0.442084135723949,0.658428323820893,0.999191353387358
"ZRANB2",2.07529564344617,0.0574097916518754,0.580523003801862,0.0988932243440778,0.921223048725335,0.999191353387358
"FUBP1",1.35698224695632,-0.126040109887269,0.738964748278398,-0.170563088673595,0.864567323521061,0.999191353387358
"IFI44L",11.790993988586,-0.406994701841334,0.345376991335343,-1.17840710890369,0.238634344999285,0.999191353387358
"IFI44",4.71233864617757,0.134820925471145,0.523566667410236,0.257504791391747,0.796789116994468,0.999191353387358
"GNG5",14.3771973802368,0.224327755292115,0.281460001618474,0.797014687707549,0.425442501150879,0.999191353387358
"SH3GLB1",2.6247240363549,0.280060818919534,0.551079675900331,0.508203860833703,0.611310383561466,0.999191353387358
"SELENOF",6.26390983182991,-0.195159614065548,0.366026634731128,-0.533184188109442,0.593906085883635,0.999191353387358
"GBP1",3.87290486856843,-0.552343681049099,0.742951653291947,-0.7434449854196,0.457212317320472,0.999191353387358
"GBP4",1.67391256879725,0.031507248915703,0.689685469231191,0.0456835040338387,0.963562511955523,0.999191353387358
"LRRC8D",0.89073562039649,0.654700750675185,0.860297153759378,0.761016990250676,0.446646919200703,0.999191353387358
"RPL5",46.7536018308033,0.212561364510278,0.200565032183502,1.05981268118462,0.289229826472477,0.999191353387358
"TMED5",2.15834647216523,-0.433565968095249,0.637581368341164,-0.680016684338323,0.496493896680703,0.999191353387358
"CCDC18-AS1",1.94048307302293,-0.288299009501978,0.677223920872997,-0.425707067656938,0.670321311396946,0.999191353387358
"DR1",1.05192860102667,-0.0669428832499017,0.888249616204775,-0.075364944750473,0.939924349896265,0.999191353387358
"S1PR1",1.74899528523908,0.261612355810402,0.592727870893663,0.441370093523636,0.65894508936211,0.999191353387358
"PRPF38B",2.29528044275593,-0.197802831591584,0.560221242004903,-0.353079849103353,0.724028579326315,0.999191353387358
"SARS",2.14928726342682,-0.306164184523074,0.591154066485361,-0.517909292823337,0.604521558019335,0.999191353387358
"PSMA5",4.37234875379023,-0.180378083264246,0.485995264364851,-0.371151936017284,0.710524369819728,0.999191353387358
"GNAI3",1.87065514780324,0.040110100312748,0.617342711764457,0.0649721776063532,0.948196152488603,0.999191353387358
"LAMTOR5",4.20021075506384,0.227592062175777,0.426122627306561,0.534099922396383,0.593272403444928,0.999191353387358
"CD53",10.4765230587129,0.452826478255191,0.364061900233997,1.24381726833855,0.213566823422836,0.999191353387358
"DRAM2",2.26825463260217,-0.326098833396205,0.562777509779808,-0.579445389571084,0.562288684965109,0.999191353387358
"ATP5PB",5.28857237346216,-0.490756383615206,0.368922161124223,-1.33024370810286,0.183437987506326,0.999191353387358
"C1orf162",8.49398683369817,-0.423212859017874,0.371088082041242,-1.14046470231517,0.254092750180319,0.999191353387358
"RAP1A",3.63593846200349,-0.102853862209162,0.429764212051968,-0.239326261528553,0.810852603246321,0.999191353387358
"CAPZA1",2.77221455506459,-0.385416763749993,0.582152330815166,-0.66205483229846,0.507936081415327,0.999191353387358
"CSDE1",4.4045426548481,0.113097380239045,0.463399061243833,0.244060443142622,0.807184008066872,0.999191353387358
"MAN1A2",1.13792313885892,0.372563799610124,0.739908090744619,0.503527132991867,0.614593708812998,0.999191353387358
"NOTCH2",3.34685233723468,0.146677047864307,0.480148582197104,0.305482622052386,0.759998603424943,0.999191353387358
"RBM8A",5.02812071191616,0.0517300668529778,0.418063805118271,0.123737253069166,0.901523314623693,0.999191353387358
"POLR3GL",2.15313885687248,0.444695297512942,0.590008353229342,0.753710172201723,0.451023272481439,0.999191353387358
"TXNIP",26.9464222233153,-0.704495557965948,0.363708136017114,-1.93698047473098,0.0527477301640179,0.999191353387358
"NBPF10",1.59644242938669,0.305297007234182,0.703961094441883,0.433684488595537,0.664517572060361,0.999191353387358
"NBPF14",1.97803267640965,0.851804780026311,0.604387698687756,1.40936816198567,0.158726333263131,0.999191353387358
"SF3B4",2.30231565380609,-0.22693727495684,0.528483101464101,-0.429412547587874,0.667623024007207,0.999191353387358
"PLEKHO1",8.32257108159682,0.356116619823896,0.360470037139311,0.987922942639106,0.32319038835839,0.999191353387358
"APH1A",3.44277468968854,0.324497431648392,0.467522201917875,0.694079190928764,0.48763254767182,0.999191353387358
"MRPS21",4.29894869176844,0.142855534233176,0.45757400862237,0.312202029707226,0.754886989666035,0.999191353387358
"MCL1",8.34895712589388,-0.376402986176837,0.418104731026351,-0.90026005028179,0.367981875800271,0.999191353387358
"ENSA",3.15174229329265,-0.0665447194495951,0.47267191656186,-0.14078416152504,0.888040455708247,0.999191353387358
"CTSS",34.1171695801347,-0.127283179948757,0.264080720786665,-0.481985885109657,0.629815973258736,0.999191353387358
"CDC42SE1",4.4775250527157,-0.0964828922529038,0.479371215239078,-0.201269682420928,0.8404877073886,0.999191353387358
"TNFAIP8L2",1.71156930791119,-0.17716042772532,0.639543918703289,-0.277010573542037,0.781771987222126,0.999191353387358
"SCNM1",1.87290260437168,0.372147669571437,0.55709840393148,0.668010654751776,0.504126791290977,0.999191353387358
"PSMD4",3.3644540424737,-0.130367510596679,0.486176385143607,-0.268148586768918,0.788584947930928,0.999191353387358
"RFX5",1.33731538370198,0.445863888005788,0.712488345380815,0.62578411407906,0.531456552961252,0.999191353387358
"PSMB4",2.5332108137226,0.370534097072995,0.593104475294788,0.624736640014105,0.532143921257748,0.999191353387358
"SNX27",1.30957509323632,0.751475063687162,0.672843905259656,1.11686389341249,0.264052524787527,0.999191353387358
"S100A10",50.3316618859583,0.0484388148005503,0.327561595095274,0.147876965816037,0.882439866942,0.999191353387358
"S100A11",51.931145637034,-0.0070341052950274,0.217611778199577,-0.0323241019085661,0.974213588701686,0.999191353387358
"S100A9",474.503220798643,-0.45826558521278,0.510965808360031,-0.896861546731678,0.369792801231855,0.999191353387358
"S100A12",24.9472937894667,-0.118066882383887,0.475178917907339,-0.248468267287291,0.803772119407389,0.999191353387358
"S100A8",424.479438986696,0.0489572281294959,0.539220147047799,0.0907926537936947,0.927657347366191,0.999191353387358
"S100A6",168.157260130879,0.282306860690781,0.231054697851756,1.22181831105597,0.221776342417156,0.999191353387358
"S100A4",131.802703041999,0.112647893122204,0.186832750538244,0.602934404153867,0.546552327559095,0.999191353387358
"ILF2",2.63552509887859,0.418778215025286,0.50807759527469,0.824240665048171,0.40980282530421,0.999191353387358
"DENND4B",2.2340857857552,-0.170125279582018,0.546306682145175,-0.311409845682262,0.755489069994223,0.999191353387358
"JTB",5.73330690786636,-0.129267021469925,0.359305491485184,-0.359769122747336,0.71901979564448,0.999191353387358
"RPS27",182.163575446366,-0.13904516634972,0.249624806001495,-0.557016622574308,0.577516072112014,0.999191353387358
"TPM3",20.1009911716545,-0.197889472195208,0.254239638614091,-0.778358061213195,0.436357955567864,0.999191353387358
"C1orf43",3.38919654245738,-0.233952570602531,0.498922055622537,-0.468916072091889,0.639129627706753,0.999191353387358
"IL6R",0.988945343737977,1.12701356377221,0.725364771143275,1.55371974020172,0.120251282281782,0.999191353387358
"ADAR",8.20464926902621,0.0603875666036307,0.347165479364913,0.173944617748576,0.861908987193607,0.999191353387358
"DPM3",2.8523799643249,0.428514223502118,0.520772367069861,0.82284362727071,0.410596923549866,0.999191353387358
"KRTCAP2",9.39776700715674,0.571865604979694,0.345436060624141,1.65548901856521,0.0978253421498023,0.999191353387358
"MTX1",1.26924681707357,-0.000782634553594549,0.772218556783189,-0.00101348840521879,0.999191353387358,0.999191353387358
"ASH1L",2.14021404369675,0.397349057220997,0.571104177511717,0.695755823310965,0.486581759352077,0.999191353387358
"SSR2",8.32703751793255,0.168997157420945,0.307591401666466,0.549420941240078,0.582716606093725,0.999191353387358
"LAMTOR2",3.02004473062202,0.140284747162037,0.507760881720251,0.276281124073135,0.782332152714119,0.999191353387358
"CCT3",2.25979151023318,0.323834825055534,0.570709708899064,0.567424769556195,0.570425625233542,0.999191353387358
"NAXE",1.88552733130029,0.260611651082615,0.576975285624887,0.451685986515632,0.651495215007633,0.999191353387358
"HDGF",1.83172104304927,0.0507638594194404,0.669726902530674,0.0757978501798581,0.939579926514335,0.999191353387358
"FCRL5",2.74566614342261,0.772570093906683,1.10817765511662,0.697153647106682,0.485706643849208,0.999191353387358
"FCRL3",1.2467490657781,-0.10539949839597,1.11619747134524,-0.0944272864808969,0.924769741163516,0.999191353387358
"FCRL1",2.65369394562386,0.40173648525914,0.493322999480588,0.814347771504922,0.415445749886846,0.999191353387358
"MNDA",18.3823182328216,0.0662285864001209,0.350756751520182,0.188816283971972,0.850236808646009,0.999191353387358
"IFI16",7.46934932291099,-0.122409037576256,0.387432357421302,-0.315949443126007,0.752040882417699,0.999191353387358
"DUSP23",2.91455560428389,0.0770243180841779,0.486121660217708,0.158446587320719,0.874104906021586,0.999191353387358
"TAGLN2",19.5637720478954,0.534253314588835,0.301200597606879,1.77374586515971,0.0761051961761691,0.999191353387358
"PEA15",1.41284851692687,-0.228646462934685,0.805833082436908,-0.283739235727626,0.776610224129228,0.999191353387358
"DCAF8",1.57917599942158,0.500136728025436,0.718235548306819,0.696340816330334,0.486215417498844,0.999191353387358
"COPA",2.69231767529176,-0.746955146609239,0.57542818948623,-1.29808577378901,0.194257862269879,0.999191353387358
"CD48",12.6279421688922,0.100513956493225,0.26782028384964,0.375303748649805,0.707434578557874,0.999191353387358
"TSTD1",3.44204076609415,0.233339083732021,0.425131271629694,0.548863608262787,0.583099054166079,0.999191353387358
"ARHGAP30",5.28911531068661,-0.089924513695806,0.424090707590067,-0.212040754693282,0.832075239504054,0.999191353387358
"PFDN2",2.64496717950372,-0.372821715651121,0.590692687079984,-0.631160201921779,0.527935781133095,0.999191353387358
"UFC1",4.14836651341692,0.0945363773809712,0.482004506506883,0.196131729277974,0.844507062157628,0.999191353387358
"NDUFS2",2.51897695501232,0.0339801093222754,0.524744131077419,0.0647555776422053,0.9483686110792,0.999191353387358
"FCER1G",31.5276797341627,-0.117921158460703,0.231872584359035,-0.508560159393885,0.611060560842818,0.999191353387358
"FCGR2A",3.34723239997521,-0.421363332997253,0.570797642433238,-0.738200899360822,0.46039237645077,0.999191353387358
"FCRLA",3.88896599767208,-0.0606955765331818,0.513408921208853,-0.118220728206807,0.905892766392785,0.999191353387358
"UHMK1",1.46878200347656,-0.00942765712823845,0.666641674394689,-0.0141420158540175,0.988716679997,0.999191353387358
"MGST3",4.76232542766121,-0.244580834954635,0.457478549992999,-0.534627984106311,0.592907128854412,0.999191353387358
"CREG1",3.01307943856665,0.00338573024540152,0.531252195452344,0.00637311294783202,0.994915025997061,0.999191353387358
"RCSD1",8.2138820710111,-0.0666473135023362,0.346705178346377,-0.192230510718683,0.847561647458066,0.999191353387358
"SELL",13.0807205574421,0.527257653544654,0.451610606411753,1.16750502769178,0.243006479121288,0.999191353387358
"PRRC2C",7.17935426191078,-0.235023071485735,0.359528507571333,-0.653698014305875,0.513306382820126,0.999191353387358
"PRDX6",4.94063531476844,0.138361512073782,0.428006277258157,0.323269819686144,0.746490908358888,0.999191353387358
"GAS5",6.39261228738424,-0.414865864186173,0.50974329438607,-0.813872136730771,0.415718204328628,0.999191353387358
"RABGAP1L",4.15696474381838,-0.0306425170796911,0.494968042156157,-0.061908071774104,0.950636039483962,0.999191353387358
"CACYBP",1.9903010313097,0.239654796449409,0.616997619417569,0.388420941843564,0.697704549083271,0.999191353387358
"KIAA0040",2.40567439643375,0.282363327343433,0.584116671644005,0.483402273981869,0.628810133894869,0.999191353387358
"RALGPS2",6.0976594102459,-0.117926294127284,0.410859191096035,-0.287023624353386,0.774094231327278,0.999191353387358
"CEP350",2.55436919802889,-0.21958833836013,0.518423023238218,-0.42356980403478,0.671879580912014,0.999191353387358
"IER5",2.0390148305751,0.311837258077255,0.592671194820199,0.526155583066355,0.598780112078443,0.999191353387358
"GLUL",4.45270959987677,-1.03552821619637,0.610864281941016,-1.6951854066602,0.0900402543993576,0.999191353387358
"DHX9",1.4782176834254,-0.224594328143817,0.695714241759085,-0.322825543395431,0.746827367050634,0.999191353387358
"SMG7",1.56825346114724,-0.513522682183987,0.722005529082474,-0.711244805613293,0.476932547832986,0.999191353387358
"NCF2",5.45101430178819,0.0839344120198249,0.371221444156326,0.226103349742045,0.8211210393338,0.999191353387358
"ARPC5",11.1916899712973,-0.216196921138925,0.295389095722058,-0.73190555870198,0.464226213128497,0.999191353387358
"TPR",3.28090977389227,-0.150600247245312,0.498540389635372,-0.302082339518087,0.762589294951497,0.999191353387358
"RGS2",8.22124365802962,-0.475343005421703,0.540933582505839,-0.878745599819681,0.379539228207888,0.999191353387358
"PTPRC",15.8703433215648,-0.193737889371322,0.305613173442947,-0.633931735300311,0.526125373579888,0.999191353387358
"RNPEP",2.87937393462323,-0.0185873754316003,0.612648350672825,-0.0303393870418277,0.975796384702926,0.999191353387358
"ARL8A",2.36312367613336,-0.83015244443344,0.572381349089571,-1.45034852332956,0.146961354164421,0.999191353387358
"ADIPOR1",1.98331117191464,0.0988101091423557,0.616104668755983,0.160378770285688,0.87258271200155,0.999191353387358
"TMEM183A",1.64751571451722,0.668432526685632,0.628776567929106,1.0630684423994,0.287750914329977,0.999191353387358
"BTG2",5.79017128695393,-0.534687949744249,0.458494886718238,-1.16618083479922,0.243541339573453,0.999191353387358
"SNRPE",2.76708567685614,-0.0348798109282312,0.497721641939238,-0.0700789517456613,0.944130819581079,0.999191353387358
"MDM4",1.87249283156989,-0.132836732739326,0.635140301340907,-0.209145495032958,0.834334660041712,0.999191353387358
"NUCKS1",3.20195940817105,0.533891580235943,0.532797166305943,1.00205409112362,0.316317468972116,0.999191353387358
"RASSF5",1.89232837273566,0.132104118748364,0.585860658713413,0.225487266952646,0.82160022983509,0.999191353387358
"FCMR",10.8644993694029,0.238821833194744,0.368068234256854,0.648852063196749,0.516434001873601,0.999191353387358
"CD55",3.96216288503585,-0.0250813942123593,0.523072943735968,-0.0479500890128617,0.961756020012242,0.999191353387358
"CD46",2.44041548761022,0.157609896312836,0.53604765566501,0.294022172557229,0.76874096057528,0.999191353387358
"TRAF3IP3",5.05567908682912,-0.0436487427526181,0.465374254779263,-0.0937927749641451,0.92527377112802,0.999191353387358
"EPRS",1.45643298793901,0.587532859729761,0.723885725137706,0.811637582186047,0.416999619724844,0.999191353387358
"AIDA",1.39716561365229,0.28221327364476,0.699829959223179,0.403259777500838,0.686757128229444,0.999191353387358
"CAPN2",3.43597979547044,0.0132568875157513,0.471084964426711,0.0281411815634666,0.977549548929888,0.999191353387358
"CNIH4",2.63426396001606,-0.682806502934839,0.583512626616409,-1.17016577155185,0.241934264348843,0.999191353387358
"LBR",2.04057569362035,0.468901527923006,0.54494645982346,0.860454306052212,0.389538661352211,0.999191353387358
"SRP9",4.72071102640473,0.0264613930699981,0.411666331026446,0.064278740027195,0.948748281441724,0.999191353387358
"H3F3A",49.3122099709478,0.266643042292963,0.189989797635067,1.4034597942208,0.160479773209837,0.999191353387358
"ACBD3",1.5028693219863,0.207102585940994,0.758810961846888,0.272930408697473,0.784906710844078,0.999191353387358
"PARP1",3.49149943332488,0.230920440906462,0.45692382808462,0.505380605503675,0.613291538165825,0.999191353387358
"ARF1",7.13441634810622,-0.208091636752285,0.343320961550929,-0.606113986784393,0.544439063777082,0.999191353387358
"MRPL55",1.28875303630299,-0.103341105889501,0.772074191260667,-0.133848672911553,0.893522238029406,0.999191353387358
"GUK1",6.86906752706651,-0.059599149792709,0.338616154825137,-0.176007992954401,0.860287663009247,0.999191353387358
"RNF187",2.17435502682408,-0.714054973185379,0.607800925579481,-1.17481718624333,0.240067862823134,0.999191353387358
"COA6",1.81803592285883,0.00905046008683185,0.622329921694524,0.0145428650806129,0.988396881483894,0.999191353387358
"IRF2BP2",1.6848408933869,0.617827268041134,0.623995803152114,0.990114460578388,0.322118176069624,0.999191353387358
"TOMM20",4.50965612515024,0.253034172150946,0.424060397475454,0.596693710748109,0.550711892368154,0.999191353387358
"ARID4B",3.8043372004487,0.235975073087007,0.399423361903317,0.590789361850413,0.554661563752417,0.999191353387358
"LYST",4.25838733932007,-0.340882388756373,0.469724336215038,-0.725707319112201,0.468018213941373,0.999191353387358
"KMO",1.29077054142861,0.186440746276152,0.789771158420571,0.236069327536608,0.813378874414904,0.999191353387358
"ADSS",1.95363252860957,-0.344370243418702,0.603035285922971,-0.571061514073141,0.567957945535606,0.999191353387358
"HNRNPU",10.6354834190192,-0.189729352836561,0.340935731656329,-0.556495946948184,0.577871864403073,0.999191353387358
"ACP1",2.3477850325323,0.0840567631339858,0.569891997746099,0.147495952683012,0.882740574083931,0.999191353387358
"ADI1",0.844888924227766,0.596861863206583,0.809440135487806,0.737376165374955,0.460893625743777,0.999191353387358
"RPS7",92.1742883627194,0.0800470817856558,0.17744820731122,0.451101101547136,0.651916683811723,0.999191353387358
"CMPK2",2.16309490173751,-0.234298091331617,0.575497256076757,-0.407122864370994,0.683917751133992,0.999191353387358
"ID2",2.98842004817767,-0.465571283664995,0.597556190488043,-0.779125530077346,0.435905772481425,0.999191353387358
"YWHAQ",3.63232459456685,-0.0298970898039097,0.473448302314836,-0.0631475277400585,0.949649028126998,0.999191353387358
"HPCAL1",2.04700634074798,0.193688805167325,0.539712142364186,0.358874277534093,0.719689143128526,0.999191353387358
"ODC1",2.20388676698346,-0.521873159193999,0.724524898672866,-0.720297066601756,0.471342110464761,0.999191353387358
"PDIA6",2.99252485319143,0.0979092414253072,0.589817963725059,0.16599908352562,0.868157671407096,0.999191353387358
"LAPTM4A",3.30661868237948,0.0272312307429853,0.43939442823186,0.0619744561909097,0.950583173895297,0.999191353387358
"RHOB",6.99676817999977,-1.02410025757666,0.460079354817225,-2.22592091310748,0.0260194792929987,0.999191353387358
"SF3B6",3.57669791817543,-0.236920728629967,0.452784330972204,-0.523252931746244,0.600798250840457,0.999191353387358
"ITSN2",3.19875507873212,0.604929264131049,0.46579523274655,1.29870213691132,0.194046170457736,0.999191353387358
"PTRHD1",3.42445002479092,-0.0536786867374361,0.502812888600475,-0.106756783595673,0.914981933163536,0.999191353387358
"RAB10",2.74757515839931,-0.398613596068324,0.566589187496373,-0.703531950247243,0.481724302749456,0.999191353387358
"HADHA",4.9814038845139,-0.127728290836583,0.407957208515103,-0.313092373833747,0.754210482846501,0.999191353387358
"OST4",14.1722133756914,0.570613038760664,0.339096697109787,1.68274431341901,0.0924245992965059,0.999191353387358
"ATRAID",2.72658010423852,0.0673222096217649,0.476340172221841,0.141332210776486,0.887607504479072,0.999191353387358
"MPV17",1.83525585744128,-0.0908052021748045,0.653689679528743,-0.138911787991311,0.889519855813792,0.999191353387358
"SNX17",4.04625638032336,-0.293594094701354,0.411037954428307,-0.714274902203861,0.475057208442012,0.999191353387358
"PPM1G",2.60352666523529,0.308315150438245,0.517800766416527,0.595432008669975,0.551554734846617,0.999191353387358
"MRPL33",2.91743718083687,-0.438350342492643,0.490081268577217,-0.894444188338891,0.371084278768754,0.999191353387358
"PPP1CB",1.78207014857188,-0.480461345843631,0.674715268752744,-0.712094965231476,0.476405971797757,0.999191353387358
"YPEL5",1.95454795176823,0.495813727554248,0.652953622009463,0.759339883939049,0.447649264791845,0.999191353387358
"LBH",4.3452183263045,0.0173859436970059,0.482585713555339,0.0360266439901814,0.971261113908548,0.999191353387358
"YIPF4",1.93648995225292,0.237852105516204,0.574373580366211,0.41410697435727,0.678795765318958,0.999191353387358
"BIRC6",1.75199698846469,0.0577650067781077,0.642700004616945,0.0898786469007982,0.928383649768973,0.999191353387358
"EIF2AK2",3.99061922220485,-0.438643744932572,0.480562898953295,-0.91277072343282,0.361363138949068,0.999191353387358
"CEBPZ",1.84759375696232,0.344774071378351,0.580953986583061,0.593461925282885,0.552872056750313,0.999191353387358
"CDC42EP3",4.38575452795738,-0.433209011413144,0.50436021038361,-0.858927810906516,0.39038034472033,0.999191353387358
"SRSF7",6.36301269881058,-0.309993399593808,0.364274990889612,-0.850987323715964,0.394776394463213,0.999191353387358
"EML4",2.69203495136269,0.71620349266703,0.4946476452901,1.4479064026414,0.147643228780811,0.999191353387358
"COX7A2L",3.25451080644361,0.326833737645528,0.446182646571248,0.732511091942116,0.463856675126226,0.999191353387358
"ZFP36L2",18.2581847705754,-0.0709926654762439,0.267137251702463,-0.265753521921066,0.790429040454797,0.999191353387358
"RHOQ",1.80297436341274,0.660253174492439,0.581514073403682,1.13540360360995,0.256206250493062,0.999191353387358
"CALM2",18.6493605903151,0.175226346062477,0.236233293040371,0.741751273951599,0.458238047632581,0.999191353387358
"ERLEC1",1.58114981828082,0.737621774154949,0.697613712015258,1.05734987923921,0.290351936895387,0.999191353387358
"RTN4",5.14081280431068,-0.499631285730378,0.410062129359304,-1.21842825747167,0.22306127235633,0.999191353387358
"RPS27A",112.148805889459,0.0448668740973314,0.175486116445352,0.255671930099971,0.798204171452174,0.999191353387358
"BCL11A",2.48621883732576,0.155329419497218,0.600788618909932,0.258542546593255,0.795988217312846,0.999191353387358
"REL",3.59433834400916,0.1053690946994,0.457154826502033,0.2304888597713,0.817711919095571,0.999191353387358
"USP34",2.52080732236741,0.255085178952982,0.509732580700422,0.500429418505032,0.616772743186824,0.999191353387358
"CCT4",2.99150877503305,0.180494218596925,0.486263837233388,0.371185773599477,0.710499168469541,0.999191353387358
"MDH1",3.18201739775766,-0.0568544350649298,0.440763093279951,-0.128990915827017,0.897364836896802,0.999191353387358
"AFTPH",2.03892502204917,0.463285254204793,0.605931896133367,0.764583044994256,0.444519868520073,0.999191353387358
"SERTAD2",1.99015258714971,-0.226323524036268,0.714490020976871,-0.316762330321748,0.751423949405185,0.999191353387358
"ACTR2",7.43639312914078,-0.348470290016726,0.408281931419824,-0.853504069614104,0.393379831812326,0.999191353387358
"C1D",2.33370864013741,0.799574027976623,0.582043429631931,1.3737360259908,0.169523648266745,0.999191353387358
"PLEK",7.33746766597318,0.0943388885171842,0.463852985309663,0.203381009727047,0.838837241671067,0.999191353387358
"ARHGAP25",2.08663542202789,-0.0424069725688967,0.607899787278412,-0.0697598082058132,0.944384837612168,0.999191353387358
"ANXA4",2.80389818781654,0.339756431681289,0.564929747765624,0.601413597044717,0.547564544593984,0.999191353387358
"PCBP1",14.8433243112212,-0.0139251894954462,0.277789763184478,-0.05012851926512,0.960019973214533,0.999191353387358
"SNRPG",5.32395199293294,-0.195237108918545,0.366211024099717,-0.533127339348975,0.593945435079116,0.999191353387358
"NAGK",5.96890216222011,0.106899428067722,0.474568161947515,0.225256215311689,0.821779959466481,0.999191353387358
"ZNF638",2.20350677664235,0.686914365301902,0.569133840467554,1.2069469718012,0.227452566528254,0.999191353387358
"CCT7",2.24639211182026,0.222512241621101,0.537018566716361,0.41434739022464,0.678619712022391,0.999191353387358
"DGUOK",3.51931802104634,-0.0185241661916829,0.477140250540514,-0.0388233148863428,0.969031256253712,0.999191353387358
"MOB1A",6.5857119265508,0.120478890214583,0.382598498887825,0.31489640070414,0.75284031451236,0.999191353387358
"AUP1",3.9022651903917,0.211861840514568,0.464454110189929,0.456152364391676,0.648280417281364,0.999191353387358
"POLE4",4.20047305339909,0.265880409477947,0.44712926399585,0.594638801097157,0.552084937876086,0.999191353387358
"SUCLG1",1.87532178385289,0.239814695082952,0.608315149162279,0.394227721294143,0.693412920873284,0.999191353387358
"TMSB10",292.953279177189,0.277646535714439,0.157374469111104,1.76424128565877,0.0776913645219909,0.999191353387358
"TGOLN2",5.83632760517925,-0.046820633306881,0.394626416408743,-0.118645461530344,0.905556246609426,0.999191353387358
"CAPG",12.1936770300281,0.0483893410877911,0.306130039055728,0.158067928377921,0.874403272306151,0.999191353387358
"MAT2A",1.51349565852739,-0.371703552799458,0.692356284990472,-0.536867449400814,0.591359176772387,0.999191353387358
"VAMP8",13.6692992401428,0.115050042981143,0.270334983859523,0.425583257255847,0.670411542403076,0.999191353387358
"VAMP5",7.34554458443713,-0.468042749640266,0.521403416047663,-0.897659538152089,0.369367087023938,0.999191353387358
"RNF181",6.71596131803895,0.198080291576446,0.360502333437263,0.549456336905838,0.582692321148634,0.999191353387358
"GNLY",1.81338825031539,-3.50330625300533,3.40284501024207,-1.02952272068251,0.30323410869803,0.999191353387358
"IMMT",1.68828927518668,0.0461853387603313,0.630436152125369,0.0732593437172474,0.941599743741474,0.999191353387358
"CHMP3",2.65394940512716,-0.521323553856131,0.547522516574247,-0.952149981187919,0.341020923963128,0.999191353387358
"KRCC1",2.06454567000076,-0.0763395579808838,0.609208510222246,-0.125309408355169,0.900278604105226,0.999191353387358
"IGKV4-1",10.683652638031,0.0473649604194129,3.13266413596806,0.0151197059000314,0.98793667972381,0.999191353387358
"IGKV1-8",0.133075667991493,1.93593923550799,2.97370337680319,0.651019617696092,0.515033823260645,0.999191353387358
"IGKV3-11",6.42360421321322,-0.497818705883013,3.28068028128865,-0.15174252386687,0.879390016310196,0.999191353387358
"IGKV3-15",1.40877575793042,-3.66259455313872,3.59674021446553,-1.01830945098796,0.308530918401923,0.999191353387358
"IGKV1-16",5.92963352102698,-5.63630830901473,3.58598780175346,-1.57175891849345,0.116006472285317,0.999191353387358
"IGKV2-30",1.60314479125606,-3.82302242087572,3.59547761617612,-1.06328639168156,0.287652094536586,0.999191353387358
"MRPS5",2.7611315517204,-0.575225515489766,0.530871112970962,-1.08355022798393,0.278564269114334,0.999191353387358
"STARD7",1.96572327692331,0.882366846664748,0.626146069812772,1.40920288284903,0.158775185569389,0.999191353387358
"CIAO1",1.52806854543541,-0.0881698270323818,0.618614293472082,-0.142527949908032,0.886663003892093,0.999191353387358
"SNRNP200",2.50680717271109,0.213168074131253,0.584444019722736,0.364736513571276,0.715308099629144,0.999191353387358
"COX5B",18.8294782682917,0.0261308112042602,0.273372853200063,0.0955867084034745,0.923848822016312,0.999191353387358
"TMEM131",2.05301896455174,-0.317033654175316,0.602198351034806,-0.526460515261344,0.598568279126057,0.999191353387358
"EIF5B",2.38384135834219,-0.0588420687145264,0.656192929370556,-0.0896719030041513,0.928547944122666,0.999191353387358
"AFF3",2.70344246937984,-0.303040738017514,0.516792851351894,-0.586387248246141,0.557615311578148,0.999191353387358
"RPL31",25.245786085653,0.288617067013841,0.229844663695751,1.2557048850866,0.209222987415696,0.999191353387358
"RNF149",3.90873744100548,-0.0735212690710327,0.441622791001296,-0.166479789017087,0.867779387246186,0.999191353387358
"MAP4K4",2.40061992024537,-0.319897233397836,0.589663890188524,-0.542507755215536,0.58746876642293,0.999191353387358
"NCK2",1.43834459689661,1.32592767192417,0.70602607154045,1.87801516880415,0.0603790900202158,0.999191353387358
"GCC2",2.28809237474987,0.588611128547127,0.583772632772967,1.00828832237506,0.31331606742316,0.999191353387358
"LIMS1",2.25633397862802,-0.748009964661774,0.775705496650018,-0.964296331394001,0.334897379644547,0.999191353387358
"RANBP2",1.33443618825699,-0.00114998004427214,0.722804554646096,-0.00159099722999837,0.99873056840945,0.999191353387358
"CHCHD5",1.88950277686574,-0.139302415790885,0.633998145184443,-0.219720541533065,0.826088805746281,0.999191353387358
"ACTR3",8.24757537781809,-0.710102011506515,0.346154381680776,-2.05140263733935,0.0402277524391291,0.999191353387358
"DDX18",2.83508019713638,0.0581440533888669,0.521218820492633,0.111554017435348,0.911177033133878,0.999191353387358
"DBI",9.14006160757791,0.0481248828034073,0.319023088309413,0.150850783428979,0.88009342521358,0.999191353387358
"NIFK",1.31543586299797,-0.328774978776883,0.813461056740134,-0.40416806195298,0.686089137859675,0.999191353387358
"GYPC",2.99854193806465,0.113964331115561,0.467619418916619,0.243711716206297,0.807454098713581,0.999191353387358
"BIN1",2.98073075944389,-0.0119802309138615,0.531669317755786,-0.0225332373220837,0.982022599176584,0.999191353387358
"MAP3K2",1.60650710726856,-0.272763675791777,0.685133326740307,-0.398117658484835,0.690543458382274,0.999191353387358
"WDR33",1.6573200376673,-0.0242533940102379,0.635420421036013,-0.0381690502969582,0.969552897191249,0.999191353387358
"MZT2B",6.6718022165637,-0.0447087449896737,0.326639137319178,-0.136875040010855,0.891129568310598,0.999191353387358
"PTPN18",4.83839569620646,-0.280741289912153,0.391924255951018,-0.716315169702687,0.473796761978202,0.999191353387358
"PLEKHB2",2.06053914915194,-0.430223866817216,0.577300707464127,-0.745233569359431,0.456130532466399,0.999191353387358
"UBXN4",4.36128469337499,-0.337972833010226,0.447141840319549,-0.755851505125745,0.449738232277763,0.999191353387358
"DARS",1.62251382759414,-0.58739193557317,0.780621669089151,-0.75246685921306,0.451770352518505,0.999191353387358
"CXCR4",9.73497838005744,0.0184755238269016,0.412036180082109,0.0448395668147875,0.964235187036642,0.999191353387358
"HNMT",1.87030705243283,-0.234740252398307,0.674193361469185,-0.348179418270697,0.727705443734775,0.999191353387358
"ARHGAP15",1.54427225602049,0.601998170852858,0.617720200590801,0.974548299176704,0.3297843698235,0.999191353387358
"ZEB2",6.73773908398812,-0.260446699596413,0.37858846236299,-0.687941460156536,0.491489646434462,0.999191353387358
"MMADHC",2.05796163459274,-0.432434854038911,0.635468827952268,-0.680497350959586,0.496189598593233,0.999191353387358
"NMI",2.84889353575178,-0.348348582354212,0.599390222106478,-0.581171613260534,0.561124797377093,0.999191353387358
"PRPF40A",3.37076751344036,0.161285820913133,0.447148266264269,0.360698750462809,0.718324658906478,0.999191353387358
"CYTIP",2.48026643339521,-0.139181572731797,0.545523498145902,-0.255133964356879,0.798619632219461,0.999191353387358
"MARCH7",1.15911629131254,0.377406127438557,0.829575073561399,0.454939088054246,0.649153060982208,0.999191353387358
"CD302",4.91362505664283,-0.182393448361284,0.500645325529016,-0.364316690999869,0.715621537446949,0.999191353387358
"RBMS1",3.02047868878183,-0.0478487846172563,0.471411091895695,-0.101501185355739,0.919152616642193,0.999191353387358
"TANK",2.43639910019531,0.206970362020488,0.528762407829508,0.391424123492575,0.695483763911555,0.999191353387358
"GCA",3.77786686878877,0.1943806320948,0.445383173280536,0.436434611265309,0.662521431685005,0.999191353387358
"PPIG",4.14686874875096,0.0600140755955479,0.508649799522257,0.117987023000727,0.906077940203328,0.999191353387358
"SSB",5.44336171417984,0.00810659198224342,0.367176352850108,0.0220781973548083,0.982385578227447,0.999191353387358
"SP3",2.06103836677358,-0.133772895929881,0.638541236733569,-0.209497661598475,0.834059760661106,0.999191353387358
"OLA1",1.252961218091,0.328486308873444,0.881364204787911,0.372702121426056,0.709370157374181,0.999191353387358
"CIR1",1.7625802272117,0.0341315580027118,0.613853862548624,0.0556020904731348,0.955658799126505,0.999191353387358
"WIPF1",4.04834446006076,0.0432861873186313,0.411355109242108,0.105228271987148,0.916194677453948,0.999191353387358
"ATP5MC3",9.82713951123246,-0.553103459968015,0.36183535990275,-1.52860533065832,0.126362313733276,0.999191353387358
"HNRNPA3",6.00186455044472,-0.366709458303008,0.390378680341112,-0.939368558709657,0.347541549929076,0.999191353387358
"TTN",1.52128124287706,0.432939067352638,0.675383820745714,0.641026708153322,0.521505330602134,0.999191353387358
"ITGA4",7.93090691512704,0.253377737991217,0.308221224084502,0.822064537391333,0.41104016723473,0.999191353387358
"DNAJC10",2.07012993595806,-0.0401558286935149,0.54035000116398,-0.0743144787767454,0.940760156490421,0.999191353387358
"ZC3H15",3.67677006483344,0.750206741424879,0.470253722872338,1.59532334341251,0.110639948140027,0.999191353387358
"ORMDL1",1.83515792087214,0.0866349550129401,0.594833536761591,0.145645713731274,0.884201078398562,0.999191353387358
"STAT1",8.44081221656212,-0.175180778723092,0.421171713636064,-0.41593671429337,0.67745631300219,0.999191353387358
"STK17B",5.82137852686291,-0.329218319302743,0.4430632288126,-0.743050422363059,0.457451153777248,0.999191353387358
"ANKRD44",4.81963059634031,0.0465268913766102,0.463542255080039,0.100372492187528,0.920048607514937,0.999191353387358
"SF3B1",4.80634222634585,-0.445826040668293,0.444451997864512,-1.00309154376712,0.315816694358577,0.999191353387358
"HSPD1",2.29039573162533,-0.453258975146718,0.550541665897322,-0.823296406472624,0.410339456664342,0.999191353387358
"HSPE1",3.8148340177656,-0.491365419906123,0.464723962135107,-1.05732748887881,0.290362151889254,0.999191353387358
"BZW1",3.27244595073133,-0.52378715330346,0.487194809402635,-1.07510823841841,0.282326271449804,0.999191353387358
"NDUFB3",4.49119912679838,-0.229764777040355,0.424191614524637,-0.541653274541593,0.588057384100776,0.999191353387358
"CFLAR",4.12429270358381,-0.317082631045032,0.465104481174551,-0.681744949531099,0.495400239421169,0.999191353387358
"CASP8",1.4665359671977,0.380923363292304,0.70521054193526,0.540155514758702,0.589089788358381,0.999191353387358
"SUMO1",2.19857102041049,-0.120843687410077,0.655788088417404,-0.184272464755659,0.85379971395729,0.999191353387358
"NOP58",1.74320827865249,-0.332013588726663,0.626727693098194,-0.529757329032921,0.59628019399089,0.999191353387358
"FAM117B",1.14551814179801,0.841443738628687,0.701114702008831,1.20015132505107,0.230080575350004,0.999191353387358
"EEF1B2",30.1259107114501,0.101970190624412,0.217796403129718,0.468190425365652,0.63964841857479,0.999191353387358
"XRCC5",4.93140691113432,-0.0672941526493774,0.41506206996793,-0.162130335481093,0.871203217963276,0.999191353387358
"RPL37A",48.9468342172479,-0.107559434905335,0.295615586466754,-0.363848997919574,0.715970771644423,0.999191353387358
"ARPC2",19.8114232522208,-0.056704405614804,0.256072660439909,-0.221438733511774,0.824750835926984,0.999191353387358
"GPBAR1",1.81456942787629,0.296470113197388,0.690053714996025,0.429633384698315,0.667462348149498,0.999191353387358
"PNKD",2.64906417292769,-0.25700417263656,0.526195773529501,-0.488419302406561,0.625252872384006,0.999191353387358
"SLC11A1",5.17311126520968,0.314552270347546,0.438808938538304,0.716831957423967,0.473477790401045,0.999191353387358
"CTDSP1",2.55492170212355,-0.00935738345261878,0.574853795517817,-0.0162778492993855,0.987012728899503,0.999191353387358
"CNPPD1",2.32045708744726,-0.299877891459647,0.637584975222842,-0.470333999565841,0.638116410091249,0.999191353387358
"CUL3",2.06360508849962,-0.609428174088791,0.640029423195211,-0.952187746379456,0.341001774327382,0.999191353387358
"DOCK10",2.41643015207533,-0.783638956831552,0.554746429761534,-1.4126074811665,0.157771168147388,0.999191353387358
"MFF",1.64397026886483,-0.0120174017859677,0.646137127175004,-0.0185988411446179,0.985161127309603,0.999191353387358
"AGFG1",2.17954880560692,0.0438545883707345,0.675614953225151,0.0649106242562986,0.948245161502279,0.999191353387358
"SP110",9.54590282939298,-0.55869483941964,0.304803925833094,-1.83296470966576,0.0668078193922362,0.999191353387358
"SP140",3.00555602255938,-0.786289672914189,0.526203958817096,-1.49426787795699,0.135105617401471,0.999191353387358
"SP100",7.55120628581402,0.216717289127468,0.327671925677148,0.661384977305006,0.508365457539838,0.999191353387358
"NCL",8.18648657927302,-0.237770682595315,0.406527530225085,-0.584882117242263,0.558626983706671,0.999191353387358
"PTMA",94.0432602373255,0.0811271759146397,0.141439045965967,0.573584015365605,0.56624933108173,0.999191353387358
"EIF4E2",2.76018071724546,0.197906714713116,0.524427622695072,0.377376602887657,0.705893751926363,0.999191353387358
"INPP5D",4.49592519138766,0.334657089592273,0.416157666879579,0.804159375703897,0.421304937067538,0.999191353387358
"DGKD",2.06048538783374,0.173293523391026,0.558406619753459,0.310335725367182,0.7563056663805,0.999191353387358
"ARL4C",1.96141378838645,0.163781825855836,0.635399816539166,0.257761840014224,0.796590716747108,0.999191353387358
"LRRFIP1",9.13364023692862,0.342650806244197,0.276133064730052,1.24089017220438,0.214646323788082,0.999191353387358
"UBE2F",1.59262307158657,0.0609533636106209,0.650729038659445,0.093669346209276,0.925371821367672,0.999191353387358
"NDUFA10",2.27717885694341,-0.0909002254241562,0.548152814270759,-0.165830080695812,0.868290672890441,0.999191353387358
"COPS9",3.39540788878702,0.364984689441207,0.489115205182133,0.746214154813072,0.455538058824784,0.999191353387358
"RNPEPL1",3.79173988675497,0.219187842791972,0.456374025638396,0.480281152033932,0.631027489137158,0.999191353387358
"SEPTIN2",2.53225933333258,-0.341648128793676,0.591143416913389,-0.577944571517967,0.563301541886539,0.999191353387358
"ITPR1",2.39405884771219,-0.298407433640033,0.538829682545114,-0.55380659846082,0.579711211991713,0.999191353387358
"ARL8B",1.94504777010696,0.398916099968731,0.534791690937304,0.745928006603038,0.455710905945858,0.999191353387358
"THUMPD3-AS1",0.851746968900888,0.160138769042299,0.929482060120217,0.172288176300667,0.863210979309335,0.999191353387358
"SETD5",1.26671745974258,0.179067782855158,0.710661684906791,0.251973318188168,0.801061687526875,0.999191353387358
"CAMK1",1.81547922872563,0.747381421956095,0.592054322456288,1.26235278353411,0.206821871236621,0.999191353387358
"TADA3",2.14194382824408,-0.374222190713497,0.645621732405193,-0.579630721722103,0.562163670919782,0.999191353387358
"ARPC4",6.455220799508,-0.336216003308637,0.399232863406934,-0.842155128311508,0.399701126774026,0.999191353387358
"JAGN1",1.84893827872064,0.234204072258055,0.57102480297946,0.410146934136728,0.681698165297752,0.999191353387358
"BRK1",8.34835349075914,0.0789039795875799,0.318056266110086,0.24808182700689,0.804071096134391,0.999191353387358
"SEC13",2.6101134186779,-0.391109723038079,0.526609256554256,-0.742694356717566,0.457666747141977,0.999191353387358
"RPL32",190.576120883706,-0.018761971517381,0.165134934469264,-0.113616004861001,0.909542199465133,0.999191353387358
"IQSEC1",2.76735908602554,-0.679174533919996,0.598577311153574,-1.1346479748975,0.256522843486802,0.999191353387358
"NUP210",1.46342354665878,0.182539272216877,0.667125432605734,0.273620616596633,0.784376188682844,0.999191353387358
"LSM3",2.22919370411419,0.310027422544535,0.544786049246406,0.569081060305034,0.569301130852202,0.999191353387358
"SH3BP5",2.43119846965557,0.109283117287359,0.647431382856714,0.168794902720286,0.865957967836376,0.999191353387358
"PLCL2",1.13957695368047,0.254517197787894,0.801171081798021,0.317681458517818,0.750726577144337,0.999191353387358
"RPL15",59.2077421095289,0.203001233449286,0.171007821300953,1.18708742035856,0.235193139783026,0.999191353387358
"TGFBR2",3.92350997346732,0.302969033816235,0.444975472976553,0.680866816747446,0.495955766632608,0.999191353387358
"STT3B",1.58376200224915,0.0280104922588067,0.757620056020973,0.0369716879010807,0.970507580082765,0.999191353387358
"CMTM7",3.35212187190386,0.313466122404287,0.467173380624597,0.670984553925551,0.502230369452343,0.999191353387358
"CMTM6",3.77172768483755,0.264046312616824,0.452881124326965,0.583036692044138,0.559868599972844,0.999191353387358
"CRTAP",3.55855433999853,0.233910114137874,0.478565082855653,0.488773883673471,0.625001789552309,0.999191353387358
"PDCD6IP",2.88009567943043,-0.229320514567548,0.492420385985297,-0.465700692120402,0.641429756886464,0.999191353387358
"TRANK1",1.6150174561223,0.388034304880907,0.655319636745726,0.592129829662758,0.553763653324007,0.999191353387358
"GOLGA4",2.29660163314682,-0.441234683985306,0.555487549342242,-0.794319664784163,0.427009358803988,0.999191353387358
"ACAA1",1.74144673997678,0.146542572725902,0.620336820471904,0.236230653879975,0.813253694186244,0.999191353387358
"MYD88",3.93147766982765,-0.0513695576915463,0.418513972014237,-0.122742754427799,0.902310806684911,0.999191353387358
"CX3CR1",2.0362054908255,-0.750951731251703,0.951141240577524,-0.789527043108479,0.429804030324225,0.999191353387358
"RPSA",41.0309830079094,-0.00922788997300668,0.278343647741811,-0.0331528671405729,0.973552684013949,0.999191353387358
"EIF1B",3.55317600120804,-0.235029968182797,0.456465072777004,-0.514891460923706,0.606628868232964,0.999191353387358
"RPL14",71.7321740205547,-0.0539507468437638,0.179384069250587,-0.300755507828282,0.763600938019535,0.999191353387358
"CTNNB1",1.52070724291281,0.0654459594905716,0.620510596425271,0.105471139199882,0.916001969816402,0.999191353387358
"TRAK1",1.46940047578385,1.04594802959906,0.719799170800498,1.45311091208379,0.146192961804576,0.999191353387358
"NKTR",2.41673319748276,-0.0520827910976257,0.61663448598717,-0.0844629878496764,0.932688329069082,0.999191353387358
"CCDC12",4.08960972907321,0.378232233508001,0.445005428332075,0.849949707188188,0.395353048126168,0.999191353387358
"NBEAL2",2.61863346358925,0.296690495463309,0.495207775387703,0.599123257366117,0.549090693569622,0.999191353387358
"SETD2",2.07565790959834,0.116008610395515,0.550994230778037,0.210544147135087,0.833242999321118,0.999191353387358
"SMARCC1",3.03026250425677,-0.267136180644772,0.574088966620026,-0.46532192077745,0.641700939097591,0.999191353387358
"TMA7",16.7892213838213,0.141881735100849,0.248876628802665,0.570088624968265,0.56861758984797,0.999191353387358
"SHISA5",6.59467706476857,-0.139778041874996,0.367443105641214,-0.38040730586324,0.703643092254381,0.999191353387358
"UQCRC1",4.76765022788941,-0.198743687272085,0.387946323280057,-0.512296870329178,0.608443255278094,0.999191353387358
"IP6K2",0.927396444824923,0.413124316023545,0.931344492864108,0.443578417211755,0.657347412734517,0.999191353387358
"NDUFAF3",2.68802002163821,-0.0444581090523765,0.476842767812229,-0.0932343154880001,0.925717413291952,0.999191353387358
"IMPDH2",1.9465846707887,0.0189790054510502,0.602917733475594,0.0314785988158672,0.974887859356752,0.999191353387358
"QARS",1.66896679966838,0.0948834160109181,0.597828271054161,0.158713497847147,0.873894603236769,0.999191353387358
"USP4",0.959154574024911,1.06139247699402,0.820691165822072,1.29329097374996,0.195910441309835,0.999191353387358
"RHOA",22.6510539592303,-0.235963068965777,0.215675536110073,-1.09406506283286,0.273926443863879,0.999191353387358
"UBA7",2.38056408767464,0.302206138421017,0.560370426317796,0.539297086762445,0.589681878678479,0.999191353387358
"RBM6",3.38578855303311,0.376224510374152,0.523144070232777,0.719160422112303,0.472042081992359,0.999191353387358
"GNAI2",21.0989843239782,0.00543977499351739,0.243152107503416,0.0223719014791635,0.982151294111818,0.999191353387358
"MAPKAPK3",1.62976473333084,0.260870845383281,0.666849182879402,0.391199167789126,0.695650023400259,0.999191353387358
"RBM15B",1.28944753589359,0.384540493119707,0.783467631514974,0.49081860902936,0.623554747059083,0.999191353387358
"TEX264",2.37229935122023,-0.0175662857741334,0.567475516613999,-0.0309551430147111,0.975305313201501,0.999191353387358
"ABHD14B",2.28821417748549,-0.590089158487842,0.609825391137037,-0.967636256318557,0.333226063369067,0.999191353387358
"RPL29",116.787277383444,-0.105333661273926,0.183644293664885,-0.573574376703143,0.56625585512587,0.999191353387358
"TWF2",5.04358231543483,0.298060043718449,0.482367095640313,0.617911226558255,0.536633858208103,0.999191353387358
"STAB1",2.2288786828062,0.45467597070181,0.62297192443591,0.729849858183434,0.465481964540129,0.999191353387358
"SPCS1",6.4606097817174,0.0844318301553721,0.446017235475063,0.189301720740549,0.849856346752374,0.999191353387358
"PRKCD",3.84839698004708,-0.0325355605410614,0.523394210754595,-0.0621626297588462,0.950433322041533,0.999191353387358
"TKT",14.410570172798,0.0534446112243812,0.243417801259218,0.219559173355064,0.826214490445916,0.999191353387358
"SELENOK",2.79009537755196,0.0303687908701279,0.565076734453609,0.0537427733589006,0.957140103812097,0.999191353387358
"APPL1",2.42845054696289,-0.177447396410652,0.502362323889534,-0.353225924740469,0.72391907383294,0.999191353387358
"ARF4",2.47368047907492,-0.810394196843963,0.538672548024351,-1.50442824646659,0.132471135813271,0.999191353387358
"PXK",1.41931833426569,0.465079820994577,0.670463860280428,0.693668739729018,0.487889974404317,0.999191353387358
"TMF1",1.39877024898348,0.952997753472631,0.613977731041823,1.55216990012902,0.12062157617898,0.999191353387358
"ARL6IP5",9.67256824677611,-0.106643296508693,0.321154588015648,-0.332062192128786,0.739842298133639,0.999191353387358
"FOXP1",5.42259104719862,-0.129693869242573,0.423219875906174,-0.306445601036293,0.759265392672056,0.999191353387358
"CHMP2B",1.46345841913051,0.457508455152578,0.654350888260264,0.69917908473994,0.484440119754544,0.999191353387358
"CGGBP1",2.17683776399107,0.170905169254064,0.583865787076782,0.292713108109534,0.769741449710782,0.999191353387358
"MTRNR2L12",78.9541844735245,-0.14251826841906,0.9528873111741,-0.14956466178929,0.881108090315289,0.999191353387358
"PCNP",2.38141488804358,-0.687310563929661,0.561969910400479,-1.22303801539812,0.221315338224928,0.999191353387358
"RPL24",50.8337942126293,-0.0793168993470397,0.194887511584579,-0.406988106637182,0.684016723448987,0.999191353387358
"NFKBIZ",4.77524236899208,-0.297688571485146,0.653995378304691,-0.455184518668655,0.648976497179317,0.999191353387358
"BBX",2.09952549687595,0.0851758418299925,0.57356087821946,0.148503576628882,0.881945363511744,0.999191353387358
"CD47",4.80725553430678,-0.137585397195804,0.576958484140955,-0.238466719838009,0.811519124602192,0.999191353387358
"ATG3",3.55766032228602,0.0414616877382581,0.485542599175245,0.0853924821605478,0.931949369700334,0.999191353387358
"COX17",3.22158979364364,0.0919777574802408,0.482751510508413,0.190528160923565,0.848895278107967,0.999191353387358
"NDUFB4",5.48065249464883,0.650447927664808,0.383652398566867,1.69540951677757,0.0899977618209112,0.999191353387358
"HCLS1",12.8879776024973,0.303714394035752,0.265274439545764,1.14490636397464,0.252247947471475,0.999191353387358
"EAF2",4.73636350596716,0.0586414590211085,0.547893262152609,0.107030808867247,0.914764538193701,0.999191353387358
"CD86",3.33010696501267,-0.0145316499412099,0.562758337453626,-0.025822185073193,0.979399166617955,0.999191353387358
"CSTA",7.31752194490059,0.121524830849906,0.365281763467864,0.332687922047324,0.739369867522449,0.999191353387358
"PARP9",3.06083958462932,-0.708229915956799,0.636585271305176,-1.11254524394624,0.265903788378278,0.999191353387358
"PARP15",3.08536127616749,-0.312594543300066,0.544549736578479,-0.574042226636934,0.565939226915407,0.999191353387358
"PARP14",3.91654798396382,-0.400145829156647,0.480390606045475,-0.832959312944534,0.40486767636845,0.999191353387358
"ABTB1",1.95575615652334,0.596451732236676,0.584482037108017,1.02047914968933,0.307501272873475,0.999191353387358
"RPN1",3.1189333535051,-0.0770257825018192,0.523627178966023,-0.147100428694167,0.883052751510893,0.999191353387358
"RAB7A",4.95999203532466,-0.242833700321144,0.370277460141558,-0.655815507182931,0.511942837560525,0.999191353387358
"CNBP",15.0765536830473,-0.0178646838091811,0.250363961664628,-0.0713548535116708,0.943115339653517,0.999191353387358
"H1FX",11.304588412962,-0.0729524451813756,0.70261755791144,-0.103829521992348,0.917304637919975,0.999191353387358
"MBD4",3.7367498699618,0.387802205028372,0.491923043211207,0.788339172926017,0.430498340028429,0.999191353387358
"NUDT16",2.39746667727016,-0.631869734615124,0.644874561432324,-0.979833555865012,0.327168285340472,0.999191353387358
"CDV3",5.90494270899623,0.263917123179356,0.393317181522076,0.671003290926772,0.502218433053367,0.999191353387358
"RNF7",3.70700621337465,-0.0665372196082409,0.436006038509845,-0.152606188289611,0.878708844617122,0.999191353387358
"ATP1B3",1.98971693383953,0.392941002035347,0.795840608314882,0.493743342485831,0.621487451110462,0.999191353387358
"U2SURP",3.67094874136253,-0.180374308173053,0.473293410024917,-0.38110462633223,0.703125614692453,0.999191353387358
"PLSCR1",4.47768545486388,-0.794097327193882,0.50439545437452,-1.57435464635305,0.115405482773832,0.999191353387358
"SERP1",17.1020249476362,0.0843140402023003,0.258391171344132,0.326303873943158,0.74419445751425,0.999191353387358
"SELENOT",2.98965139137026,-0.29482593272606,0.489881493389511,-0.601831129986452,0.547286551199623,0.999191353387358
"SIAH2",1.30629892633587,0.407391243761191,0.756670571411989,0.538399746406122,0.590301101417047,0.999191353387358
"MBNL1",7.47102886753787,-0.254777764348532,0.383641089021514,-0.664104475874441,0.506623445652996,0.999191353387358
"DHX36",1.93817237928282,0.343472320498197,0.610273171899341,0.562817335438841,0.57355927459258,0.999191353387358
"SSR3",4.34525579300578,-0.260827895281901,0.430194060244624,-0.606302874413433,0.544313650236856,0.999191353387358
"CCNL1",5.18700401185445,-1.00617017598303,0.545121904810126,-1.84577094977223,0.0649254703512359,0.999191353387358
"MFSD1",2.98182347829668,0.0881288116966057,0.534557657289675,0.164863061065177,0.869051767491014,0.999191353387358
"PDCD10",2.11983483748961,0.425849102411007,0.569204441915071,0.748147890375295,0.454370958293164,0.999191353387358
"SEC62",5.70415980815875,0.575921739736732,0.367584176844169,1.56677511170695,0.117167266794853,0.999191353387358
"RPL22L1",6.38054678605599,-0.323282019013672,0.341805785087029,-0.945806165718817,0.344247460186306,0.999191353387358
"TNFSF10",10.1934270008026,-0.461663241410808,0.455333821542511,-1.01390061438189,0.310630178191493,0.999191353387358
"NDUFB5",3.90449458875369,0.10526515333954,0.527913319239685,0.19939855560217,0.841950990260569,0.999191353387358
"TTC14",1.31193857507075,-0.30324427342165,0.735055528212333,-0.412546075476971,0.679939216471099,0.999191353387358
"FXR1",1.25756894609401,0.169526588304144,0.748654815064234,0.226441592163671,0.820857982031103,0.999191353387358
"EIF2B5",0.98213378808664,0.913782107221037,0.786280769379613,1.16215751778086,0.245171487303783,0.999191353387358
"AP2M1",4.20246056032275,0.0196862946316179,0.415799353711684,0.047345659525167,0.962237737823985,0.999191353387358
"PSMD2",1.74317903210966,-0.839591536173193,0.737657210577164,-1.13818657790422,0.255042582070599,0.999191353387358
"EIF4G1",2.33039770408541,-0.161670730679093,0.558120716448378,-0.289669825746464,0.772068842616666,0.999191353387358
"TRA2B",3.69130648192706,-0.611615841732102,0.471124211913149,-1.29820507260377,0.194216875502326,0.999191353387358
"DNAJB11",1.82296586934884,0.682675425534163,0.648356881758807,1.05293156399028,0.292372358543564,0.999191353387358
"EIF4A2",4.292452062043,0.291299793727895,0.420926216195901,0.69204478723255,0.488909203276015,0.999191353387358
"ST6GAL1",1.93621774537981,-0.403239693066665,0.584729088814061,-0.689617979985414,0.490434457380639,0.999191353387358
"ACAP2",5.86497457330348,-0.162199297701837,0.374545820112405,-0.433055954684422,0.664974120014395,0.999191353387358
"PPP1R2",2.90402152872747,0.0673503420409825,0.490143056947958,0.137409560507421,0.890707074537981,0.999191353387358
"NRROS",1.38929016487724,0.48404955649606,0.672417653073913,0.719864438839849,0.471608464979703,0.999191353387358
"PAK2",5.31061109109667,0.0592723700985848,0.414963134887428,0.14283767668823,0.886418380462636,0.999191353387358
"NCBP2AS2",2.15514761040631,-0.397748617451604,0.573062153572751,-0.694075878108236,0.487634625112689,0.999191353387358
"RPL35A",91.0755785600245,0.148460247143975,0.168196728408848,0.882658352207077,0.3774208907126,0.999191353387358
"ATP5ME",4.88456679554106,0.287716143996939,0.405677666202656,0.709223523912729,0.478185777676957,0.999191353387358
"GAK",1.62851376525404,0.45631282583468,0.637185285841576,0.716138360338932,0.473905919322659,0.999191353387358
"SPON2",0.707432236627324,-2.29085647230567,3.59321210001049,-0.637551140468159,0.523765909689203,0.999191353387358
"CTBP1",2.82769328514364,-0.257810598198797,0.575695802855897,-0.447824349109124,0.654279969144588,0.999191353387358
"C4orf48",8.04566133790265,-0.221090292523793,0.325473538875469,-0.679288071428704,0.496955353074215,0.999191353387358
"MXD4",1.72259297699398,1.11086127384831,0.605552193859372,1.83445999389161,0.0665857411064697,0.999191353387358
"SH3BP2",3.3773754226435,0.21396796464074,0.46450681887288,0.460634711800208,0.645060703227224,0.999191353387358
"ADD1",3.06413507900968,-0.422246192188289,0.61503575832363,-0.68653925641524,0.492373118194954,0.999191353387358
"MFSD10",2.18183027753422,0.529802087237282,0.556944117636982,0.9512661512346,0.341469285184966,0.999191353387358
"HTT",0.940645599330293,0.117413853139664,0.798937815701728,0.146962442923717,0.883161664586455,0.999191353387358
"LRPAP1",2.70775301566801,-0.0789745334068334,0.520580265217276,-0.15170481611298,0.879419758434214,0.999191353387358
"WDR1",3.44644551951741,-0.301908118792616,0.493856967322838,-0.611327041570837,0.540983092230979,0.999191353387358
"BOD1L1",4.40796862614901,0.386753331631635,0.42728833641389,0.905134305507953,0.365394239883974,0.999191353387358
"FBXL5",2.89492695930036,0.292627580488048,0.478500594497557,0.611551132544187,0.540834778198355,0.999191353387358
"FAM200B",2.56131133872191,0.139841204306243,0.528868629599822,0.264415766940188,0.791459563480393,0.999191353387358
"BST1",2.1038727988655,0.135128248160569,0.577571752470441,0.233959239839183,0.815016622410412,0.999191353387358
"FGFBP2",0.827234265284003,-2.98062073967179,3.60294913833802,-0.827272499618659,0.408082627194965,0.999191353387358
"LAP3",5.07800953321971,-0.645319932059848,0.411106717946723,-1.56971390611884,0.116481684553293,0.999191353387358
"SEL1L3",2.78330759708917,-0.333883426327171,0.580938849638097,-0.57473075958884,0.565473401047703,0.999191353387358
"STIM2",1.27549644536273,0.389110565422069,0.785622953793565,0.495289201446009,0.620395992345846,0.999191353387358
"TBC1D1",2.83059877692136,-0.601890687460976,0.519291176953117,-1.15906203335189,0.246430900221527,0.999191353387358
"KLF3",3.48493161558187,-0.280177336802854,0.506806934471781,-0.552828538336533,0.5803808247676,0.999191353387358
"RPL9",57.4219595021915,0.162515335265609,0.212852093273498,0.763512976387738,0.445157526456534,0.999191353387358
"SMIM14",5.42641125609399,-0.616065319950642,0.44982324037388,-1.36957201108281,0.170820541575362,0.999191353387358
"PDS5A",1.96017605745697,0.655710868237795,0.605497618176422,1.08292889774298,0.278839984026351,0.999191353387358
"RHOH",2.6947405112109,0.384335789470011,0.526050259681627,0.730606595846215,0.465019482072075,0.999191353387358
"FRYL",1.08410797913369,-0.0534485954689988,0.854908898711571,-0.0625196387001597,0.950149023109912,0.999191353387358
"OCIAD1",3.91099825286644,-0.359208361591473,0.49066344105697,-0.732087071369488,0.464115424427914,0.999191353387358
"DANCR",1.31590702647782,0.457593315580716,0.692213197554099,0.661058351960927,0.508574892947933,0.999191353387358
"TMEM165",2.25311149134773,-0.00287276016201564,0.598321488089613,-0.00480136551870819,0.996169079300964,0.999191353387358
"SRP72",2.82197291538827,0.761357585937701,0.516583952178812,1.47383127703929,0.140527024818933,0.999191353387358
"REST",1.48083940367877,0.358856402496187,0.701292893840734,0.511706885451037,0.608856166487895,0.999191353387358
"YTHDC1",2.20985900524061,-0.598130166742511,0.595235349204853,-1.00486331589937,0.314962670750135,0.999191353387358
"JCHAIN",1.64900698362473,-0.311217005342748,0.730702281601204,-0.425914922094907,0.670169841158241,0.999191353387358
"UTP3",1.55497729350335,0.991318552842547,0.673996737198941,1.47080615992647,0.14134354609761,0.999191353387358
"GRSF1",2.27647656211205,0.299100659433757,0.569622124025366,0.52508609974643,0.599523338628371,0.999191353387358
"DCK",1.85596415445066,-0.293268273422861,0.712324959749638,-0.411705738243311,0.680555118570458,0.999191353387358
"NAAA",2.6133056215894,-0.495350389094122,0.675395179424126,-0.7334230450334,0.463300447937653,0.999191353387358
"SCARB2",1.52147725118312,0.546149582894982,0.655384334928695,0.833327184963008,0.404660228533385,0.999191353387358
"CCNI",13.3092264627377,0.218007758202754,0.274323346017802,0.794710918219139,0.42678167976986,0.999191353387358
"HNRNPD",5.41500048605942,-0.0699689528076193,0.381446940130192,-0.183430368542839,0.854460349438322,0.999191353387358
"HNRNPDL",10.1258763267066,-0.139686305556097,0.283805906602894,-0.49218956443901,0.622585340965431,0.999191353387358
"SEC31A",1.95856082516733,-0.114847272442194,0.555875528421369,-0.206606095375972,0.836317499554497,0.999191353387358
"PLAC8",10.5710833804367,-0.503047532300287,0.515198529505754,-0.976414922579217,0.328858889506555,0.999191353387358
"MRPS18C",3.14575288495347,-0.478822949319328,0.529619765731738,-0.904088140777322,0.365948666261381,0.999191353387358
"HSD17B11",2.08001825129847,0.700612280295729,0.645660398994668,1.08510957368088,0.277873127609508,0.999191353387358
"PPM1K",4.86723814136558,-0.24415189470672,0.41426024276276,-0.589368395765995,0.55561417253824,0.999191353387358
"HERC5",3.63245602919922,-0.288817718612259,0.640850658630771,-0.450678663932938,0.652221162037188,0.999191353387358
"PYURF",2.75747722640814,-0.290537210679822,0.556213357327377,-0.522348496044509,0.601427709100392,0.999191353387358
"DAPP1",3.11731107159913,-0.879850033042496,0.592384721585341,-1.48526793649883,0.137472861916226,0.999191353387358
"H2AFZ",6.22413454280052,0.116817383009055,0.360959729622905,0.323629960414404,0.746218202549259,0.999191353387358
"PPP3CA",2.43256188754913,-0.481393405864341,0.54152726266178,-0.888955070328571,0.374027226958227,0.999191353387358
"BANK1",8.66125947571047,-0.268190110743819,0.371841005650745,-0.721249422920609,0.470756068825806,0.999191353387358
"MANBA",2.0039976004059,-0.0670610685849057,0.544409739889471,-0.123181243227795,0.901963578178634,0.999191353387358
"UBE2D3",7.51061114805948,0.0221115786518341,0.354400494902878,0.0623915004912555,0.95025106339999,0.999191353387358
"AIMP1",2.2526115408863,-0.0558694248751754,0.522342557280854,-0.106959358559665,0.914821221904525,0.999191353387358
"RPL34",141.020828713877,0.102974430584661,0.218934934585204,0.470342619279818,0.638110252710478,0.999191353387358
"OSTC",2.49279680741358,0.482622917570876,0.581395034451594,0.830111867099303,0.406475538169083,0.999191353387358
"MCUB",4.17392106668274,0.402414374637695,0.425905082202017,0.94484520484501,0.344737909536326,0.999191353387358
"LARP7",1.40306689017309,0.143455043197207,0.700024352459508,0.204928646686623,0.837627873343212,0.999191353387358
"CAMK2D",1.18087147240684,0.565600519728887,0.783845093114823,0.721571806339081,0.470557778234903,0.999191353387358
"SNHG8",3.55228273082355,-0.106963211897307,0.524343475349183,-0.203994551140502,0.83835775694409,0.999191353387358
"C4orf3",6.73654166919849,-0.450348069943621,0.400130850101834,-1.12550199473249,0.26037637241773,0.999191353387358
"ANXA5",9.65758096007336,0.0275405625918045,0.324372879655833,0.0849040234837933,0.932337693062743,0.999191353387358
"SCLT1",1.29923153026217,0.364591640109504,0.69488399248992,0.52467986606382,0.599805756033456,0.999191353387358
"ELF2",1.54202585707429,-0.508624148667619,0.740505563723019,-0.686860671391075,0.492170532441103,0.999191353387358
"NDUFC1",5.82716686879667,0.113752375084847,0.446335782713624,0.254858291650419,0.798832551141945,0.999191353387358
"SMARCA5",2.28326361751316,-0.554676222308593,0.64687364543885,-0.857472284146453,0.391183925818966,0.999191353387358
"LSM6",2.71006070606026,-0.0849926652181783,0.527857472925016,-0.161014420705666,0.872082042757695,0.999191353387358
"RPS3A",82.0577788664378,-0.0540681608992322,0.19664095163599,-0.274958804101599,0.783347888381935,0.999191353387358
"TMEM154",2.52718079536289,0.294815821521758,0.529672277488017,0.556600437764892,0.577800454619058,0.999191353387358
"TLR2",2.78253864020217,0.175221076291916,0.551009775207016,0.317999941518433,0.75048498127022,0.999191353387358
"MARCH1",6.28489639655021,0.205439125793482,0.411818607905807,0.498858288211375,0.617879221048382,0.999191353387358
"DDX60L",2.32590636747479,-0.162860797173349,0.830279208552758,-0.196151843254305,0.844491319284541,0.999191353387358
"HMGB2",4.99962848608654,-0.902983107155032,0.444863863855584,-2.02979648499427,0.0423772304122344,0.999191353387358
"SPCS3",3.0317401299162,-0.105223373339072,0.565242018983725,-0.186156318541671,0.852322177885622,0.999191353387358
"IRF2",3.3646612556754,-0.168946972746109,0.468499247143215,-0.36061311469827,0.718388684013405,0.999191353387358
"FRG1",1.07966625779144,0.237340376791075,0.7904718186099,0.300251534847194,0.763985298211266,0.999191353387358
"SDHA",2.60014168604312,-0.0656054666924493,0.49801035713747,-0.131735145167552,0.895193785935383,0.999191353387358
"PDCD6",3.83159624811907,-0.0402936505313046,0.48326219574441,-0.08337844525421,0.933550627019819,0.999191353387358
"SLC12A7",1.33450296085441,0.3392341165596,0.745233827175931,0.455204935939543,0.648961809798427,0.999191353387358
"NDUFS6",4.21843501579618,-0.317681709728304,0.424594669197904,-0.748199948738011,0.454339561932321,0.999191353387358
"MED10",2.04257500849118,-0.288943895669336,0.625760233092471,-0.461748574596042,0.64426163287666,0.999191353387358
"CCT5",2.79563341197024,-0.0865593205919362,0.527543148169513,-0.164080077416004,0.869668105166264,0.999191353387358
"DAP",1.87232670047637,-0.0985915764000801,0.722606154346129,-0.136438882795419,0.891474337039502,0.999191353387358
"BASP1",2.60393721750264,0.775787292625039,0.51089642373457,1.51848252715131,0.128892801022205,0.999191353387358
"ZFR",1.31423269239797,0.338266131844596,0.699203995709007,0.483787469637652,0.628536708708006,0.999191353387358
"SUB1",13.1326734418258,0.313823480268599,0.359725583208883,0.872396890621956,0.382991896219885,0.999191353387358
"IL7R",0.599166136359437,0.176415006422199,3.57603760820651,0.049332536664981,0.960654290566782,0.999191353387358
"FYB1",10.0545709018235,-0.0965679223182385,0.355293534734538,-0.271797578276763,0.785777667404509,0.999191353387358
"RPL37",106.565286926376,0.0738188665434411,0.221319541566298,0.333539758943193,0.738726882598949,0.999191353387358
"MAP3K1",3.92681301744088,-0.148293348365233,0.444751980942348,-0.333429315033125,0.738810237755172,0.999191353387358
"GPBP1",2.42587672188675,0.0485559993016227,0.506480519100236,0.0958694312426517,0.923624273057383,0.999191353387358
"GAPT",2.57002696507579,0.303972438991017,0.685548188407391,0.443400542997831,0.657476043217892,0.999191353387358
"SREK1",1.67223599903996,0.252003891468751,0.616180651698936,0.408977287381428,0.682556329193807,0.999191353387358
"MRPS36",2.42993539844574,0.141856022154227,0.503888793775936,0.281522478583451,0.778309689545071,0.999191353387358
"TAF9",1.89502965539018,0.445109586965087,0.645396240518678,0.689668701211168,0.490402552813961,0.999191353387358
"NAIP",3.02608694313209,-0.259084745210571,0.609611683666255,-0.42499963854435,0.67083693823565,0.999191353387358
"BDP1",2.14744605940354,-0.0931411145123769,0.598535842113087,-0.155614932237891,0.876336554113929,0.999191353387358
"BTF3",22.3557308779222,0.122743932147714,0.243323066745323,0.504448401828607,0.613946312480597,0.999191353387358
"HEXB",2.68033493891353,-0.299462528274775,0.531007362895257,-0.563951743798785,0.572786973827481,0.999191353387358
"NSA2",5.80650073072736,-0.261874154976067,0.433301469291702,-0.60436941375745,0.545598066195661,0.999191353387358
"TBCA",5.85229493084799,-0.159877738525869,0.370656687945698,-0.431336446165222,0.666223753472357,0.999191353387358
"RPS23",155.862182733667,0.0755558187837337,0.131768175504304,0.573399597395701,0.566374162850059,0.999191353387358
"TMEM167A",3.3778508045219,-0.302139679802247,0.504476869474733,-0.598916814792397,0.549228357912561,0.999191353387358
"VCAN",17.0304618252071,0.0393621268758087,0.334455312713583,0.117690242551229,0.906313098363602,0.999191353387358
"COX7C",20.8337165972309,0.0645486915668616,0.250532540687421,0.257645938486675,0.796680172482805,0.999191353387358
"MEF2C",6.96357211914744,0.0667220248070084,0.448475116023791,0.148775310876934,0.881730932864825,0.999191353387358
"GLRX",7.66565395076141,-0.292923796207089,0.35073331881767,-0.835175275604102,0.403619028353711,0.999191353387358
"CAST",8.18319441977702,-0.0546358100825752,0.348939484251447,-0.156576749116774,0.875578428012929,0.999191353387358
"LNPEP",3.15335893956861,0.26143056136118,0.496508745789167,0.526537676482724,0.598514681487234,0.999191353387358
"CHD1",2.23029428052978,0.032344106681912,0.574766202208577,0.0562735013952241,0.955123928198261,0.999191353387358
"SRP19",2.68746637776208,-0.668807716832732,0.509373984783514,-1.3129993615928,0.189183163294379,0.999191353387358
"REEP5",5.76791579220352,0.155745944410947,0.386003733814425,0.403482999689903,0.686592938598516,0.999191353387358
"AP3S1",1.95846833618703,-0.0235611991479589,0.556211606465648,-0.0423601357362434,0.966211606880262,0.999191353387358
"DMXL1",2.62309058350215,-0.454474552806148,0.603705327560373,-0.752808584020155,0.451564947725792,0.999191353387358
"TNFAIP8",4.17754790906122,-0.116981258962294,0.457170504732133,-0.255881028525311,0.7980427041082,0.999191353387358
"SNX2",8.73392321536098,-0.327554899469248,0.359382925785515,-0.911437010406938,0.362065160415962,0.999191353387358
"HINT1",13.7575751815868,0.0172170285865598,0.265708261307551,0.0647967379780921,0.948335838710476,0.999191353387358
"IRF1",10.1175011884624,-0.256126732587675,0.394918503127118,-0.648555918650466,0.516625455932492,0.999191353387358
"UQCRQ",7.86270410752749,0.129281060874264,0.379257512812824,0.340879366938391,0.733194398339163,0.999191353387358
"AFF4",2.56640286328485,-0.383097892206237,0.569432087039733,-0.672771873811716,0.501092433976227,0.999191353387358
"HSPA4",2.26655805938587,0.188669669720899,0.549493832875793,0.34335175107151,0.73133385266893,0.999191353387358
"VDAC1",2.78864706724363,0.17306677487131,0.504459619873869,0.343073594105673,0.731543095773313,0.999191353387358
"SKP1",10.8072067206248,0.15633740252776,0.298746751171386,0.523310803932631,0.600757983787643,0.999191353387358
"PPP2CA",2.28442563905836,0.819794217579678,0.558623061913527,1.46752662657988,0.142232851436486,0.999191353387358
"UBE2B",4.60397270289727,-0.0370800296064431,0.421020451089051,-0.0880718015253853,0.929819608390781,0.999191353387358
"CAMLG",1.90603718154647,-0.168397511255518,0.687273761162669,-0.245022465240981,0.806439036709351,0.999191353387358
"DDX46",3.82960206215118,0.228838380972501,0.482992428498207,0.473792895023304,0.635647601661914,0.999191353387358
"H2AFY",7.62989872494261,-0.17658664571234,0.333110464655129,-0.530114374807052,0.596032633085932,0.999191353387358
"TGFBI",2.87829714742129,-0.245313624780414,0.622586571308487,-0.394023315126826,0.693563825830237,0.999191353387358
"HNRNPA0",3.63236721946326,0.20316100962178,0.4389610765983,0.462822378685971,0.643491689076453,0.999191353387358
"EGR1",4.29327727288493,-1.30660918983397,1.60404496210637,-0.814571424555448,0.415317672790506,0.999191353387358
"HSPA9",1.66172232146003,0.218812733807861,0.630953643114184,0.34679684663975,0.728743946307751,0.999191353387358
"PAIP2",5.75403590528887,-0.0368062979499432,0.364616705458719,-0.10094517722011,0.919593980008015,0.999191353387358
"MZB1",1.52252811504287,0.891459193685857,0.711387464820954,1.25312749769948,0.210159310263331,0.999191353387358
"UBE2D2",8.44757542102858,-0.0161879271464821,0.340841030423668,-0.0474940682064022,0.962119457888137,0.999191353387358
"CXXC5",4.56306159205687,0.246237046416902,0.417208424908984,0.59020151970953,0.555055553406056,0.999191353387358
"ANKHD1",2.6407144823439,-0.273472692952218,0.556265907828212,-0.491622242355131,0.622986416638304,0.999191353387358
"SRA1",2.42143236427691,-0.278660982322494,0.548369957661796,-0.508162379118436,0.611339471870433,0.999191353387358
"CD14",19.4917842436783,-0.0705988499893134,0.370909337624609,-0.190339910128565,0.849042781500357,0.999191353387358
"NDUFA2",6.72207004365584,0.0760879010201204,0.353451043534676,0.215271400132832,0.829555726283596,0.999191353387358
"IK",2.80715459280315,0.253287883802039,0.498859862873667,0.507733539321006,0.611640224017434,0.999191353387358
"ZMAT2",3.45670629069661,0.274600286380911,0.521227902713465,0.526833434954972,0.598309262248768,0.999191353387358
"TAF7",3.68986576471299,-0.0302710999331497,0.485191132087171,-0.0623900519428931,0.950252216927063,0.999191353387358
"DIAPH1",4.03236065912362,-0.454365526097114,0.418251672306314,-1.08634479233917,0.277326476821501,0.999191353387358
"NDFIP1",2.36517108915088,0.0918227673081326,0.57818278102524,0.158812697855359,0.873816444340718,0.999191353387358
"ARHGAP26",2.28746407466114,0.327882295718905,0.513419888300653,0.638624064221877,0.523067522678351,0.999191353387358
"NR3C1",2.4915968678517,0.112815100760074,0.58196638074058,0.193851577158996,0.846292100198008,0.999191353387358
"LARS",2.23553941567589,0.061049398330764,0.636704085510593,0.0958834719614003,0.923613121556574,0.999191353387358
"RBM27",1.5054979256726,-0.0675998336667589,0.723738153148573,-0.0934037170386424,0.925582837659686,0.999191353387358
"CSNK1A1",4.3378974846556,-0.414236050690189,0.435307310483271,-0.951594518893586,0.341302662364513,0.999191353387358
"CSF1R",2.43006051590155,0.105748266817104,0.594284775936643,0.177942076087068,0.858768466176201,0.999191353387358
"CD74",498.255145186125,0.192521794412872,0.225612814829395,0.853328276403332,0.393477283566864,0.999191353387358
"RPS14",124.939264626921,0.100994146423118,0.186203657874432,0.542385405184813,0.587553031755508,0.999191353387358
"TNIP1",2.98798380880658,0.08599203744954,0.517670051184314,0.166113603158632,0.868067549113303,0.999191353387358
"ANXA6",3.8811999392429,0.118788142255043,0.485298379378323,0.244773416320106,0.806631878572432,0.999191353387358
"CCDC69",2.85440050243964,0.140931081284045,0.530178524089921,0.265818162902694,0.790379254336787,0.999191353387358
"ATOX1",3.85324823404913,-0.3831847355861,0.572582466747335,-0.669221916212096,0.503353927851715,0.999191353387358
"LARP1",1.87682201038027,0.158476240173292,0.546855147906475,0.289795644751607,0.771972579953975,0.999191353387358
"ADAM19",1.56501044593781,0.0115472889530806,0.686847725112566,0.0168120072774327,0.986586590829225,0.999191353387358
"RNF145",2.54641983321884,0.737936085284453,0.555646798409132,1.32806683561794,0.184156028323692,0.999191353387358
"SLU7",1.58644052312783,-0.777495106483676,0.805150432341908,-0.965651976640201,0.334218357392,0.999191353387358
"NUDCD2",1.4535980837842,0.385343121086355,0.683619615416451,0.563680608918177,0.572971516498576,0.999191353387358
"MAT2B",3.98697304680091,-0.677393875747098,0.47183013057092,-1.43567320494654,0.151095353262734,0.999191353387358
"DOCK2",3.41676554643308,-0.249767040799918,0.45042140432623,-0.554518587262823,0.579223988600472,0.999191353387358
"LCP2",3.51426937642784,-0.316982622625998,0.477274276439616,-0.664151910701399,0.506593088498473,0.999191353387358
"NPM1",14.4654383202067,0.0647080943238463,0.269862803700662,0.239781449820043,0.810499688408522,0.999191353387358
"STK10",3.23533088267873,0.479492939278173,0.455802198380287,1.05197592504396,0.292810595333146,0.999191353387358
"DUSP1",32.6794982437274,-0.715621821426191,0.339114420483731,-2.11026655960366,0.034835402263528,0.999191353387358
"ATP6V0E1",10.5384468253117,0.120475660633275,0.273797355060813,0.440017620354719,0.65992434548049,0.999191353387358
"CREBRF",1.0349767764968,0.154928957421172,0.959597446370824,0.161452031794279,0.871737388710093,0.999191353387358
"HRH2",3.15536683595169,-0.394786154841465,0.519230520682243,-0.760329254764794,0.447057799173646,0.999191353387358
"HIGD2A",13.9241383208667,0.0652085683623725,0.323808682510519,0.201379925506643,0.840401510799587,0.999191353387358
"CLTB",2.34343264485198,-0.233793461665987,0.585132065807952,-0.39955674167876,0.689483023321461,0.999191353387358
"RNF44",2.20280270127892,-0.112649944782567,0.576349103885175,-0.195454359212485,0.84503726461041,0.999191353387358
"HK3",3.44549691351644,-0.353317395830673,0.54181316079787,-0.652101907805969,0.514335433423573,0.999191353387358
"RAB24",3.40547233806486,-0.139424373100588,0.529702000021742,-0.26321285004562,0.792386527015505,0.999191353387358
"PRELID1",12.1420695819625,-0.344765512058559,0.285379139440013,-1.20809640373532,0.227010182879883,0.999191353387358
"LMAN2",4.02279420874166,-0.14503761803136,0.435908606680593,-0.332724832243642,0.73934200312724,0.999191353387358
"GRK6",3.92288000861289,-0.294999465337694,0.440877575953658,-0.669118779061475,0.503419711666486,0.999191353387358
"DOK3",3.02657885038322,-1.18077623534972,0.633396541893405,-1.86419747701818,0.0622939775552225,0.999191353387358
"TMED9",2.63484720723205,0.212994523603802,0.509451017997747,0.418086363711503,0.675883974592818,0.999191353387358
"NHP2",3.83755866106159,-0.133125601804586,0.412787207815557,-0.322504184441853,0.747070768240755,0.999191353387358
"HNRNPAB",2.84411624335948,0.278684376485001,0.631924595881198,0.441008908818283,0.659206547459612,0.999191353387358
"PHYKPL",2.25369004265903,-0.228760866509104,0.717381587327646,-0.318883102870359,0.749815157912757,0.999191353387358
"HNRNPH1",4.36357009382344,0.189950664862017,0.432508368134697,0.439183791243687,0.660528368743578,0.999191353387358
"CANX",4.48547531982645,0.10861582257137,0.426636270548743,0.254586471121331,0.799042509439447,0.999191353387358
"SQSTM1",8.38405287266306,-0.144500958965503,0.381627653093829,-0.378643837243039,0.704952364418895,0.999191353387358
"RNF130",5.79684339314576,-0.0577782476511268,0.411995963904452,-0.140239839010963,0.888470495933791,0.999191353387358
"MGAT1",5.35079956222381,0.60656472994035,0.437599002723554,1.38612000065169,0.165710264071964,0.999191353387358
"RACK1",57.1047203075312,-0.160592416995444,0.217759954206318,-0.737474516748334,0.460833834627703,0.999191353387358
"DUSP22",1.74996984122407,0.214580922951998,0.58503470106055,0.366783239631779,0.713780710501318,0.999191353387358
"SERPINB1",10.1980276395135,-0.155815150040924,0.34123613933189,-0.45661971896059,0.64794440330735,0.999191353387358
"SERPINB6",3.13854412525269,0.502164944813761,0.463245212033196,1.08401540214468,0.278357969834639,0.999191353387358
"PRPF4B",2.55329540016214,0.0767550738121917,0.502207775154843,0.152835295687181,0.878528162774077,0.999191353387358
"LY86",5.55656957196446,0.0649091427436404,0.373465549449125,0.173802223094965,0.862020897209268,0.999191353387358
"SSR1",2.95977745743514,-0.0058919983027792,0.449528185184873,-0.0131070720301021,0.989542369019415,0.999191353387358
"TMEM14C",2.09758623003765,0.121120418398993,0.548297799187314,0.220902616385689,0.825168260163438,0.999191353387358
"TMEM14B",3.12004875872203,-0.180075064824597,0.528045283379361,-0.341022011733843,0.733087010971827,0.999191353387358
"NOL7",3.94555092312885,-0.0942223573441985,0.442393355241165,-0.212983211044918,0.831340057901077,0.999191353387358
"DEK",6.43303319235388,-0.466960350267247,0.416234140415853,-1.12186941177077,0.26191796799142,0.999191353387358
"RNF144B",1.76396108511053,-0.170442755297858,0.773080751105268,-0.220472124101107,0.825503480013036,0.999191353387358
"SOX4",1.89254167907923,0.777488222197236,1.47522719868007,0.527029479183191,0.598173117240643,0.999191353387358
"C6orf62",2.84139886919128,-0.39009635138452,0.569118211770752,-0.685439937286098,0.493066349731418,0.999191353387358
"RIPOR2",9.61297931156283,-0.278380044656836,0.300379783610824,-0.926760254336918,0.354051025340359,0.999191353387358
"TRIM38",2.95535582264022,0.170788292052912,0.542127812208536,0.315033260066754,0.752736400778506,0.999191353387358
"HIST1H1C",2.36591920552598,0.222289608258373,0.540808935269809,0.411031685612726,0.68104930098925,0.999191353387358
"HIST1H4C",6.9410859765743,0.460556856568084,0.34847604309785,1.32163133073329,0.186290945176571,0.999191353387358
"HIST1H1E",10.7701169865355,0.232796470801314,0.372149243791297,0.62554599985125,0.531612767571956,0.999191353387358
"HIST1H1D",2.19832599703929,-0.291949578214337,0.676199858588932,-0.431750427785606,0.665922812135926,0.999191353387358
"BTN3A2",2.66517612589212,0.807887723580486,0.576006330888878,1.40256743764218,0.160745867542708,0.999191353387358
"HMGN4",2.35914244339452,0.275428611148179,0.625998275416639,0.439983019066411,0.65994940614391,0.999191353387358
"TRIM27",1.43066188038111,0.185627224081211,0.740063982191634,0.250825913094017,0.80194870612052,0.999191353387358
"HLA-F",8.55931112381749,0.317801295700249,0.314057025126576,1.01192226339202,0.311575223435281,0.999191353387358
"HLA-A",88.0368897956977,-0.185908162675108,0.174424682286953,-1.06583632681792,0.286497636314904,0.999191353387358
"ZNRD1",2.32956580862948,-0.331555387410557,0.61375255340358,-0.540210196392517,0.589052081659059,0.999191353387358
"HCG18",0.82413130480315,0.278127841239295,0.807510101447566,0.34442645453068,0.73052559670291,0.999191353387358
"RPP21",3.34645942968008,0.609155978242702,0.532587168153188,1.14376765845678,0.252720005751227,0.999191353387358
"HLA-E",41.5527687091345,-0.2580328240213,0.212776440858636,-1.21269452097252,0.225246635402022,0.999191353387358
"MRPS18B",2.36823642794881,-0.21808399573301,0.535259143935651,-0.407436282413567,0.683687583423977,0.999191353387358
"PPP1R18",3.45273969945423,0.574519229524273,0.437051931786946,1.31453309718887,0.188666867693984,0.999191353387358
"TUBB",3.45862819171245,-0.102538630089516,0.561422364865136,-0.182640800414404,0.85507986866276,0.999191353387358
"HLA-C",116.476950187234,-0.296569990394251,0.265950352492036,-1.11513290964009,0.264793470709123,0.999191353387358
"HLA-B",148.420010557501,-0.160594353371523,0.253905372194154,-0.632496870718913,0.527062252613817,0.999191353387358
"DDX39B",4.95458927316861,-0.0536727437680661,0.385256669814304,-0.139316845037197,0.889199779273582,0.999191353387358
"LTB",27.9273139393074,0.701724039427226,0.3435394217451,2.04263032132566,0.041089047186609,0.999191353387358
"LST1",23.791239157881,-0.168735760944356,0.34453510513465,-0.489749109538233,0.624311446044222,0.999191353387358
"AIF1",36.3056830786384,-0.0569492048594062,0.243447790238994,-0.233927795374519,0.815041034215391,0.999191353387358
"PRRC2A",2.44613861702784,-0.255907350383995,0.540742398940818,-0.47325186796015,0.636033497011219,0.999191353387358
"BAG6",1.69753323521689,0.0900055422227866,0.688285580195117,0.130767728995966,0.895959052264564,0.999191353387358
"CSNK2B",8.81766676589762,0.137052590764782,0.307105399461727,0.446272162602801,0.655400661962677,0.999191353387358
"DDAH2",1.94435546681558,-0.24331761083984,0.56673515280986,-0.429332130949486,0.667681537036019,0.999191353387358
"CLIC1",27.2257289443195,0.0537047508227651,0.240819764850703,0.223008069358674,0.823529226206409,0.999191353387358
"LSM2",3.07126812642638,-0.399176182408514,0.462816461954452,-0.862493483319093,0.388416017604198,0.999191353387358
"HSPA1A",1.46526887372181,-0.198067790668448,0.827195452795832,-0.239444970350115,0.810760562669959,0.999191353387358
"NELFE",1.71177047594763,0.50930787632412,0.565487041719534,0.900653487612052,0.367772586136688,0.999191353387358
"ATF6B",3.06465991395553,0.0568361748926657,0.537548888345781,0.105732103860487,0.915794907914515,0.999191353387358
"GPSM3",15.3801050349763,-0.128200372651958,0.263323651830316,-0.486854757485172,0.626361262514606,0.999191353387358
"HLA-DRA",108.863056598227,0.046164657323575,0.202787100593281,0.227650857419007,0.819917679351859,0.999191353387358
"HLA-DRB5",37.2636005736366,0.709135575171708,0.626605917576126,1.131709029999,0.257756783890717,0.999191353387358
"HLA-DRB1",69.0599587053851,0.482084446010027,0.286821077898754,1.68078458369158,0.0928047641403582,0.999191353387358
"HLA-DQA1",19.7501607127886,0.347449054175156,0.293633740668598,1.18327360263171,0.236700731043884,0.999191353387358
"HLA-DQB1",25.7683835051131,0.446242110926008,0.309238110761867,1.44303724345814,0.149009980064179,0.999191353387358
"HLA-DQA2",5.47502492692603,0.526349548272362,1.61848606163054,0.32521104799759,0.745021347676907,0.999191353387358
"HLA-DOB",3.1037262378256,0.239361138310168,0.635996104201413,0.376356296412729,0.706652031976328,0.999191353387358
"TAP2",3.2039891697006,-0.108653829754256,0.504334314126217,-0.215440089462292,0.829424216883354,0.999191353387358
"PSMB8",10.1229359918779,-0.0377137493697748,0.307553657068798,-0.122624942031947,0.90240410261425,0.999191353387358
"PSMB8-AS1",3.3410373448462,0.349542499736441,0.453878441716113,0.770123600527977,0.441226577637701,0.999191353387358
"PSMB9",20.3382987325875,-0.0667343881332453,0.319890590622784,-0.208616289723691,0.83474779300552,0.999191353387358
"TAP1",5.11985728663266,-0.540230393101095,0.487504823982023,-1.10815394335671,0.267795337566196,0.999191353387358
"HLA-DMB",6.72455767314309,0.498898413638454,0.348972400953511,1.42962140351298,0.152825709127654,0.999191353387358
"HLA-DMA",16.8711539425576,0.501736548593956,0.260246900942183,1.92792516175024,0.0538644355129164,0.999191353387358
"BRD2",4.16594731236917,0.298539558477144,0.485331559208917,0.615124965217096,0.538472196096154,0.999191353387358
"HLA-DOA",2.48215832715915,-0.153391270481871,0.610751087705945,-0.251151858047486,0.801696703510273,0.999191353387358
"HLA-DPA1",50.4067316132007,0.0756627147569995,0.254193060774587,0.29765845899348,0.765963851878181,0.999191353387358
"HLA-DPB1",46.7437360167846,-0.0892061016723294,0.316027731017731,-0.282273018842528,0.777734172556138,0.999191353387358
"RPS18",170.298645181434,-0.498325017157382,0.192847710593317,-2.58403387638997,0.00976522022474682,0.999191353387358
"TAPBP",9.04692285914119,-0.269021575811495,0.306069709121277,-0.878955243835964,0.37942554331239,0.999191353387358
"CUTA",5.73618099623299,0.00102194951706067,0.356037127115173,0.00287034536353306,0.997709798895048,0.999191353387358
"HMGA1",3.37837031547366,0.22575800287182,0.541627032386485,0.416814504027058,0.676814092710345,0.999191353387358
"SMIM29",1.52896364338019,-0.128292283022107,0.717554566566946,-0.178790978414236,0.85810182932652,0.999191353387358
"NUDT3",1.88339097631246,0.130635992561425,0.618102733995668,0.211349967208429,0.832614195212875,0.999191353387358
"RPS10",5.488429905586,0.403459200579677,0.410401175085715,0.983084905873897,0.325565652475098,0.999191353387358
"SNRPC",2.54583046924555,-0.140444432672608,0.589047542488715,-0.238426311192528,0.811550462370836,0.999191353387358
"RPL10A",43.4576900579308,-0.00558353072057907,0.2631984573471,-0.0212141468337546,0.983074829280975,0.999191353387358
"FKBP5",2.97800862954854,0.325186894011755,0.721802425673797,0.450520644493811,0.652335071811342,0.999191353387358
"STK38",1.76132070310509,0.595471246899467,0.581709020880458,1.02365826474236,0.305996714647029,0.999191353387358
"SRSF3",5.17023447204562,-0.475476901029852,0.436856767684981,-1.08840456690079,0.276416545930796,0.999191353387358
"MTCH1",2.54540227522421,-0.258909243328498,0.58748258456903,-0.44070964847142,0.659423210667909,0.999191353387358
"FGD2",3.01785171982241,-0.467796361486167,0.518110699681673,-0.902888826217218,0.366584901514066,0.999191353387358
"TOMM6",8.71117434581917,0.048868396110693,0.349361895099301,0.139879010264708,0.888755585608675,0.999191353387358
"CCND3",5.87208533479209,-0.00271261723100904,0.414220069294356,-0.00654873443392087,0.994774903249586,0.999191353387358
"CNPY3",8.90434058113392,0.0136023728272891,0.291695848674685,0.0466320411795069,0.962806494631639,0.999191353387358
"DNPH1",1.95061793600762,-0.545376677566871,0.640538553555147,-0.851434585068918,0.394527986674126,0.999191353387358
"YIPF3",2.79302372151016,-0.183783271178309,0.566003217402609,-0.324703580346577,0.74540542464751,0.999191353387358
"MRPL14",2.8411613439605,-0.55629563553502,0.533010539366519,-1.04368599577069,0.296630691147397,0.999191353387358
"HSP90AB1",12.1871348492866,0.291934533290412,0.269062425060115,1.08500669770291,0.277918688843985,0.999191353387358
"FBXO9",1.60804093549235,-0.304744253279889,0.625576287655274,-0.487141631314228,0.62615796560423,0.999191353387358
"ELOVL5",3.13868233761671,-0.0105426226024962,0.456854300569513,-0.0230765532673191,0.981589208487511,0.999191353387358
"PHF3",3.30777466433911,0.103039957789087,0.488534867043622,0.210916282009992,0.832952598710482,0.999191353387358
"LMBRD1",1.72407046423811,0.455738474132486,0.576888732068816,0.789993717676083,0.429531437261035,0.999191353387358
"OGFRL1",2.9929942210516,0.550256175533285,0.545249051006736,1.00918318797126,0.312886787902004,0.999191353387358
"EEF1A1",220.41658731503,-0.0964306108793151,0.169732485938743,-0.568132908358612,0.569944723789388,0.999191353387358
"COX7A2",8.59606833093222,-0.193527066193052,0.310402658141358,-0.623471033888244,0.532975031330481,0.999191353387358
"SENP6",2.78676307935667,-0.167680613675044,0.55343162942006,-0.302983430583389,0.761902488950077,0.999191353387358
"PHIP",3.26853240495609,-0.656868337261477,0.558950640449538,-1.17518129460087,0.23992219212954,0.999191353387358
"HMGN3",4.29901275230496,0.125405269534822,0.438909209434611,0.285720296679044,0.775092357960105,0.999191353387358
"SNHG5",2.18814402440793,0.518228469377826,0.520097510398183,0.996406364224036,0.319052742023627,0.999191353387358
"ZNF292",2.31296407993634,0.33912002221174,0.604759694580824,0.560751692367318,0.574966822613541,0.999191353387358
"AKIRIN2",2.49488758206536,0.346545063498408,0.533796860639756,0.649207758702577,0.516204097426365,0.999191353387358
"PNRC1",19.6568046452111,-0.0138809840846606,0.2329095369021,-0.0595981781995265,0.952475669377591,0.999191353387358
"UBE2J1",4.33298874144345,-0.464195361787962,0.506106961960746,-0.917188255995509,0.359043999758797,0.999191353387358
"BACH2",2.91409930047369,0.676766021104746,0.560885264438428,1.20660331802858,0.227584948331985,0.999191353387358
"PNISR",7.6348014422083,-0.130551161986186,0.347344155099366,-0.375855358639441,0.707024429810674,0.999191353387358
"CRYBG1",2.2057470000114,-0.191109774510744,0.532602359996014,-0.358822620523451,0.719727789328935,0.999191353387358
"QRSL1",1.29456263415867,0.351961612723385,0.742057834767281,0.474304826703656,0.635282550082534,0.999191353387358
"CD24",2.95970379149109,0.0584033522411368,0.534614935117803,0.109243772301774,0.913009142765448,0.999191353387358
"SNX3",11.1793489232681,0.0139122916717565,0.277517599529483,0.0501312049950854,0.960017833002929,0.999191353387358
"CD164",5.23640088420606,-0.142135104733734,0.371544079435495,-0.38255246847073,0.702051618639931,0.999191353387358
"MICAL1",1.43926408101783,0.716865140652253,0.745828943262676,0.961165622664469,0.336468898476324,0.999191353387358
"CDC40",3.10341533556317,-0.522757283348777,0.543454842295471,-0.961914850442272,0.336092378208182,0.999191353387358
"GTF3C6",2.56658146067293,-0.332337782415049,0.559880669624927,-0.593586813128746,0.552788503081977,0.999191353387358
"FYN",2.17102405171662,-0.110218682356329,0.63796220319386,-0.172766790578715,0.862834741739024,0.999191353387358
"MARCKS",6.47935878161806,0.0155331087012744,0.472299627964223,0.0328882509779385,0.973763702090122,0.999191353387358
"CALHM6",4.08308738031451,0.128627477694336,0.421236899274358,0.305356624540526,0.760094553713826,0.999191353387358
"RWDD1",3.43650266891326,0.256950326738562,0.435306154457118,0.590274968795265,0.555006318122604,0.999191353387358
"SERINC1",1.81659692357769,-0.058102602992912,0.644989519751935,-0.0900830187368913,0.928221243434697,0.999191353387358
"ECHDC1",1.68055321610238,-0.061334251651615,0.595528583508367,-0.102991280939504,0.917969890956612,0.999191353387358
"STX7",4.33884192095543,0.308225339205921,0.498202505073222,0.618674808069503,0.536130609053994,0.999191353387358
"RPS12",176.174556493993,0.0650645469668314,0.243664710494066,0.267024908263915,0.789449983154289,0.999191353387358
"BCLAF1",3.68145553318373,-0.147682974298352,0.441050653975995,-0.334843567211646,0.737743093790081,0.999191353387358
"IFNGR1",2.51378921443877,-0.479236068757209,0.526844341755227,-0.909635030264525,0.363015018055668,0.999191353387358
"HEBP2",3.75393892146706,0.181170086182656,0.446733576650858,0.405543920698507,0.685077740931026,0.999191353387358
"ABRACL",3.47727753985135,0.460591581473353,0.494773462743485,0.930914077160494,0.351898012072253,0.999191353387358
"HECA",1.11455564202545,0.554264737700457,0.722008785904381,0.767670350446207,0.44268305532051,0.999191353387358
"CITED2",4.36917813771849,0.540575730508005,0.606041537874288,0.89197801920326,0.372404714191073,0.999191353387358
"SF3B5",6.01706777673276,-0.175678559748776,0.36451248154744,-0.481954853789862,0.62983801764414,0.999191353387358
"STX11",2.22383486846675,-0.125745218108773,0.6342057837082,-0.198271951059072,0.842832295844942,0.999191353387358
"UTRN",3.54297616503751,-0.0431820902270385,0.478425915617746,-0.09025867708542,0.928081656979181,0.999191353387358
"RAB32",2.4881250317384,1.1211625933308,0.499375242450089,2.24513051113633,0.0247597554103819,0.999191353387358
"PCMT1",3.4750936501939,-0.0508001766179181,0.484735412321843,-0.10479980485558,0.916534664900479,0.999191353387358
"ARID1B",2.17468764862956,1.02402956515909,0.606082629925596,1.68958738395919,0.0911069212272117,0.999191353387358
"DYNLT1",5.23168787171223,-0.153269753132104,0.408064154849502,-0.375602099107753,0.70721272998964,0.999191353387358
"EZR",9.23208703303982,-0.268104533149129,0.30483165949822,-0.879516693215044,0.379121186019359,0.999191353387358
"TAGAP",4.94388811721886,0.650999521034546,0.409488639587853,1.58978652421169,0.111882932444659,0.999191353387358
"SOD2",5.01100071416664,-0.183964101639703,0.410073593452027,-0.448612406595315,0.653711282364174,0.999191353387358
"WTAP",2.87564547095805,0.5856575736208,0.576857474713685,1.01525523945318,0.309984174990042,0.999191353387358
"MRPL18",1.51213966021509,-0.163033911522317,0.66772488668664,-0.244163299545893,0.807104349688826,0.999191353387358
"IGF2R",2.03206319362227,-0.0095464148141691,0.569360760598025,-0.0167668997844918,0.986622576329159,0.999191353387358
"QKI",3.41688269883832,0.207050250307424,0.486997229362433,0.425156936885432,0.670722274118424,0.999191353387358
"SFT2D1",2.31909792534036,0.495953758334786,0.589905797569336,0.84073382627926,0.400497066031471,0.999191353387358
"MPC1",1.57237732006314,-0.174397770733341,0.697108365125758,-0.250173114336219,0.802453475942997,0.999191353387358
"RNASET2",14.8953174320561,0.0352535086832072,0.315593569390549,0.111705408799318,0.911056990573681,0.999191353387358
"PSMB1",6.09603850989608,0.00863601875554308,0.352446029520424,0.0245030956010319,0.980451314524944,0.999191353387358
"C7orf50",3.61639136368826,-0.80687295515557,0.474858612092135,-1.69918568308289,0.0892842030792011,0.999191353387358
"MAD1L1",2.20186907677109,0.0994042620926284,0.590909599662078,0.168222452553613,0.866408278061044,0.999191353387358
"NUDT1",1.98906742031019,0.384377142089164,0.612189908511326,0.627872391794012,0.530087538137885,0.999191353387358
"EIF3B",2.42440588141828,0.405425282259908,0.539865980384285,0.750973939812469,0.452668339560778,0.999191353387358
"LFNG",1.83498024745384,0.678539186543865,0.608003549470115,1.11601188370565,0.264417047840555,0.999191353387358
"WIPI2",1.52798233306631,-0.271418342299009,0.881475703021156,-0.307913583288517,0.758148089661041,0.999191353387358
"TNRC18",1.7624692428225,0.892659368792158,0.618808747016176,1.4425448462008,0.14914872974928,0.999191353387358
"ACTB",233.540128975027,-0.11006950203971,0.213525912044762,-0.515485455538698,0.606213830550818,0.999191353387358
"RAC1",16.4734304337148,-0.0724311024384973,0.268049646416068,-0.270215250819877,0.786994660510751,0.999191353387358
"NDUFA4",11.812266415127,-0.226969055981778,0.2779298339737,-0.816641570056331,0.414133291520229,0.999191353387358
"TSPAN13",1.91266112343526,0.345042901389233,0.601487944990352,0.57364890562315,0.566205410272465,0.999191353387358
"HDAC9",1.33796972144198,-0.242597346054153,0.902757647831277,-0.268729206157325,0.788138074966403,0.999191353387358
"CDCA7L",1.46021984358823,0.518300797606007,0.736851807928833,0.70339896303283,0.481807152589567,0.999191353387358
"TOMM7",16.4152291338757,0.00738752730133118,0.271729910206826,0.0271870229365188,0.978310566078124,0.999191353387358
"TRA2A",1.43837386204649,-0.0161023543714181,0.737651335055881,-0.0218292214846981,0.982584184363302,0.999191353387358
"CYCS",3.43211812042393,-0.784765802576491,0.478313245333983,-1.64069427353727,0.10086089423568,0.999191353387358
"HNRNPA2B1",17.9872218060131,-0.189740002977033,0.233046878888656,-0.814170968012347,0.415547014638496,0.999191353387358
"CBX3",4.23983898631871,-0.293416744361095,0.424970060272648,-0.690440978766475,0.489916914174928,0.999191353387358
"SNX10",4.65256699449668,-0.294070717383783,0.566123926989299,-0.519445837500067,0.603449873694417,0.999191353387358
"SKAP2",3.66265764478404,0.219703951419851,0.516635279467774,0.425259288614949,0.670647667972604,0.999191353387358
"TAX1BP1",2.90149532425848,0.386777916566621,0.49040575458991,0.78868959621009,0.430293450082692,0.999191353387358
"CPVL",4.54857454198788,0.878215045542377,0.604343765865613,1.4531713490657,0.146176184949278,0.999191353387358
"NT5C3A",2.79130187372201,0.811280895041558,0.63198179961172,1.28370927064671,0.19924369944179,0.999191353387358
"SEPTIN7",6.20019413038937,-0.283592639998733,0.366404366999703,-0.773988155001883,0.438937795953772,0.999191353387358
"AOAH",1.95441109461222,-0.231393318528917,0.722309071013276,-0.32035222568133,0.748701337035241,0.999191353387358
"CDK13",1.83400879639941,-0.186156547315871,0.619222520236493,-0.300629484930189,0.763697045223789,0.999191353387358
"MPLKIP",1.81513961132561,0.563727109288287,0.678461178131201,0.830890738422285,0.406035356166999,0.999191353387358
"PSMA2",4.49587089393462,-0.265233305836708,0.397124179864064,-0.66788505783631,0.504206966084718,0.999191353387358
"STK17A",5.25054168993372,0.171273816653586,0.450293078224546,0.380360758217513,0.703677639888425,0.999191353387358
"BLVRA",5.81759695225029,-1.0874525682055,0.462796515169939,-2.3497423436868,0.0187864102717324,0.999191353387358
"MRPS24",3.87716342240749,-0.00925334966422763,0.525660317454881,-0.0176032874405093,0.985955334085769,0.999191353387358
"DBNL",6.01797150825534,-0.375464968339503,0.361318790745436,-1.0391515137225,0.298734276234296,0.999191353387358
"TMED4",2.0537006158261,-0.104355187118999,0.59295257079516,-0.175992469311764,0.860299858725946,0.999191353387358
"OGDH",1.09390456130383,0.409738834665568,0.832131186660858,0.492396921583664,0.622438775092714,0.999191353387358
"PPIA",36.2497585663493,0.0354586548662907,0.232812568274143,0.152305586975602,0.878945918561351,0.999191353387358
"H2AFV",4.45919844272075,0.233310036475318,0.402195423060022,0.580091227046361,0.561853099564011,0.999191353387358
"MYO1G",6.69193451879075,-0.317958963463312,0.334100104767921,-0.951687709538968,0.341255384340099,0.999191353387358
"CCM2",2.53771782981721,0.0821950065022361,0.489398187160132,0.167951187108386,0.866621680527999,0.999191353387358
"UPP1",2.34540579986529,-0.437504057019087,0.53114797488786,-0.823695236928007,0.410112746506535,0.999191353387358
"IKZF1",5.04661005690524,-0.117261606678045,0.475848273963214,-0.24642646216073,0.805352123864015,0.999191353387358
"SEC61G",7.48950993876537,-0.718609751071232,0.356217599136255,-2.01733365452379,0.0436607057833997,0.999191353387358
"CCT6A",3.06833587398254,0.16950163283599,0.510920417130571,0.33175740712799,0.740072448577533,0.999191353387358
"CHCHD2",15.877035474227,0.179472500794545,0.24659048067832,0.727816014230771,0.466726220112631,0.999191353387358
"TMEM248",2.06049018542872,0.0198910487194712,0.591563297517618,0.0336245483838165,0.973176546554385,0.999191353387358
"POM121",1.92977258188654,-0.625467351259407,0.65955656565207,-0.948314949516179,0.342969142554509,0.999191353387358
"NSUN5",1.64557841226675,-0.268372459890263,0.688426966754686,-0.389834322085605,0.696659062308755,0.999191353387358
"EIF4H",3.20534821032838,0.276143009098845,0.470904986319445,0.5864091847002,0.557600573609942,0.999191353387358
"LAT2",3.44172261681079,0.376014443806156,0.507017841443449,0.741619748006631,0.458317755164184,0.999191353387358
"GTF2I",4.50943765048574,0.284296965065633,0.440894490601328,0.644818592942465,0.51904475149924,0.999191353387358
"NCF1",27.3511800294254,0.549581014666421,0.273239645365642,2.0113516613996,0.0442883253041286,0.999191353387358
"MDH2",5.71916199629027,-0.383755103053153,0.363537631993657,-1.05561314505083,0.291144992861716,0.999191353387358
"HSPB1",3.33174747499681,-1.05995929774386,0.770268550798003,-1.376090581195,0.168793591223519,0.999191353387358
"FGL2",8.23177143772474,-0.243072095295767,0.395792692215022,-0.614139927484344,0.539122865736142,0.999191353387358
"RSBN1L",3.49704832445982,-0.0679509714926345,0.501684312745652,-0.135445677224284,0.892259511643215,0.999191353387358
"CD36",3.2618649719944,0.0231354370724662,0.562690646443297,0.0411157306749324,0.9672036339428,0.999191353387358
"TMEM243",2.6091813992454,0.58769812112191,0.485035633738584,1.21165968073731,0.225642679014634,0.999191353387358
"SRI",4.32332159544504,-0.531491475144277,0.421024631195803,-1.26237620263385,0.20681344813176,0.999191353387358
"AKAP9",3.29071193527505,0.545175642497617,0.581073935877646,0.9382207819633,0.348130960503104,0.999191353387358
"FAM133B",2.30064400663692,0.0624471544502137,0.524090995068201,0.11915326734833,0.905153930052502,0.999191353387358
"SAMD9",2.6691252711466,-0.072185727398095,0.532708808168677,-0.135506915393894,0.892211096995082,0.999191353387358
"SAMD9L",3.97343495015022,-0.0957666851415776,0.444097862826105,-0.2156432020009,0.829265877654743,0.999191353387358
"SEM1",6.05329162929199,0.0808247121970359,0.388244197046017,0.208180090808817,0.835088353271662,0.999191353387358
"BRI3",17.3062672206647,0.080746954779749,0.270374392491065,0.298648677619932,0.765208120050068,0.999191353387358
"ARPC1A",1.31418328888521,-0.189566302699405,0.831258926906525,-0.228047238427698,0.819609516945099,0.999191353387358
"ARPC1B",27.2368137672698,0.065186758208785,0.212318881643422,0.307022897371241,0.758825943791164,0.999191353387358
"PDAP1",2.01714608566802,-0.131115540574339,0.594660865490549,-0.220487925443317,0.825491175109885,0.999191353387358
"BUD31",3.97191644865934,-0.189630256756179,0.471700625127837,-0.402014003489578,0.687673720438214,0.999191353387358
"ATP5MF",10.8779503662805,0.38541877368214,0.328850458940889,1.17201835424964,0.241189687262442,0.999191353387358
"ZNF655",1.74678066645657,0.416281095844613,0.602456716704471,0.690972619778784,0.489582747741483,0.999191353387358
"ZKSCAN1",1.37045609248447,0.804289977812873,0.709758562608909,1.13318812929356,0.257135258118991,0.999191353387358
"COPS6",2.56089785141626,-0.55156544788407,0.524284323533059,-1.0520349801176,0.292783501087401,0.999191353387358
"LAMTOR4",14.3544885009502,0.244710301201347,0.24497258888705,0.998929318227423,0.31782893253677,0.999191353387358
"PILRA",3.80237673740813,-0.284098347630175,0.571829126222084,-0.496823849297663,0.619313275503264,0.999191353387358
"TSC22D4",3.02007458580916,-0.463219655534248,0.506956912838233,-0.913725888342031,0.360860897282018,0.999191353387358
"LRCH4",1.79174594469976,-0.266210055388757,0.709532169434236,-0.375190959419115,0.707518453274809,0.999191353387358
"GNB2",12.3750649950162,-0.0284406208245747,0.293665320759226,-0.0968470527982191,0.922847856800286,0.999191353387358
"TRIM56",2.00517113825175,0.620811157065663,0.650590726046865,0.954226877529981,0.339968812380203,0.999191353387358
"ZNHIT1",3.54999377158383,0.174034076637764,0.460685306266123,0.377772145693812,0.705599867538315,0.999191353387358
"FIS1",5.7789224544747,0.17843540751999,0.40458937840351,0.44102840322721,0.659192434582899,0.999191353387358
"CUX1",2.92605148989268,-0.946829681689224,0.554725490280331,-1.70684365200298,0.0878511164410804,0.999191353387358
"ORAI2",3.07319329233417,0.383970818235812,0.501518141131785,0.76561700713218,0.443904221954769,0.999191353387358
"POLR2J",2.72311943780937,0.739601281724543,0.60417227556995,1.22415627401445,0.220893280693783,0.999191353387358
"KMT2E",4.76753899874166,0.0898215214274737,0.416751733748341,0.21552764908643,0.829355957700105,0.999191353387358
"SYPL1",2.93701005430879,0.0105343567699044,0.569782978155612,0.0184883669287631,0.985249257826942,0.999191353387358
"NAMPT",3.40044031188703,-0.856641400115841,0.546254957352526,-1.56820801090325,0.116832595461607,0.999191353387358
"TES",2.5798358914398,-0.468832912351074,0.544648351705107,-0.860799286150999,0.389348598249666,0.999191353387358
"CAPZA2",3.49531937556687,-0.148416411944373,0.518294533262081,-0.286355348975532,0.774605969713621,0.999191353387358
"LSM8",4.26214561854182,0.0203475687219203,0.498213711753555,0.0408410452018739,0.96742261730141,0.999191353387358
"ARF5",5.46064358595348,-0.106020850975744,0.433710275456324,-0.244450862650637,0.806881653602559,0.999191353387358
"IMPDH1",2.58529559552944,-0.571230370826479,0.51461967170043,-1.11000492643236,0.26699690361118,0.999191353387358
"ATP6V1F",7.68444102245862,-0.319238701907364,0.34139805017223,-0.93509234087984,0.349740713363542,0.999191353387358
"IRF5",2.67400463558462,-0.25803627116679,0.547554362117387,-0.471252334049474,0.637460550188954,0.999191353387358
"TSPAN33",1.08210299524441,0.260700438793183,0.819692455517017,0.318046649128603,0.750449551715563,0.999191353387358
"STMP1",5.57017967593097,0.304843055521282,0.487315438939138,0.625555915455726,0.531606261984782,0.999191353387358
"MTPN",9.18233099259931,0.148412485793244,0.29909475481735,0.496205578342141,0.619749375691098,0.999191353387358
"ZC3HAV1",2.6362504749884,0.35534320149399,0.508913200672286,0.698239308834146,0.485027547238264,0.999191353387358
"HIPK2",1.80023525188457,0.863863057035268,0.701775919935016,1.23096708293334,0.218335175855076,0.999191353387358
"TBXAS1",3.81659230959033,-0.24382369218382,0.435719845142841,-0.559588219131694,0.575760342338744,0.999191353387358
"PARP12",2.74542124367267,-0.599164700717018,0.546500487845115,-1.09636626872843,0.272918519327594,0.999191353387358
"MKRN1",2.68392441026139,-0.594559519312486,0.530173848001902,-1.12144256370479,0.262099526997718,0.999191353387358
"NDUFB2",9.6887850464713,-0.0657167019048478,0.288115169080712,-0.228091780500588,0.819574889901024,0.999191353387358
"SSBP1",4.08706167425442,-0.259342845979161,0.413228747774608,-0.627601170963588,0.530265241432199,0.999191353387358
"TRBC2",5.05134692677949,0.136887125898189,0.487215635165459,0.28095799070919,0.778742621039152,0.999191353387358
"GSTK1",8.43853970296715,-0.0509819175058281,0.347882003427544,-0.14654945356047,0.883487652994963,0.999191353387358
"ZYX",9.70793376148755,0.102032658481286,0.364839347204743,0.279664622971783,0.779734822441704,0.999191353387358
"ZNF467",1.91249388511953,-0.0100337331499605,0.708530185120907,-0.014161334775382,0.988701267271342,0.999191353387358
"GIMAP7",5.27224428784787,-0.695295892421377,0.453187897123632,-1.53423314442949,0.124972306388573,0.999191353387358
"GIMAP4",6.07871840820177,-0.459818208488687,0.42347960761875,-1.08580956489091,0.277563253786961,0.999191353387358
"GIMAP1",2.77824495920916,-0.29157392813567,0.509095232824756,-0.572729637474405,0.566827767044127,0.999191353387358
"TMEM176B",7.55615991829457,-0.381469053968808,0.813906240655483,-0.46868918668272,0.639291817267239,0.999191353387358
"TMEM176A",3.1990978294901,0.565472704121405,0.525169816412532,1.07674258201696,0.281595283149425,0.999191353387358
"FASTK",1.51825461656317,0.884552716913633,0.648816688207505,1.36333225237686,0.172777821767994,0.999191353387358
"TMUB1",1.67160965517792,0.0206028494108094,0.664070129888721,0.0310251108783674,0.975249513724356,0.999191353387358
"NUB1",2.0141479248244,-0.756868705019802,0.643692184730691,-1.17582397763065,0.239665222712592,0.999191353387358
"KMT2C",3.10752005849621,0.49332723464179,0.50914141206666,0.968939518471541,0.3325753666429,0.999191353387358
"RBM33",1.8493517915765,-0.318367729785415,0.677139657730311,-0.470165535500527,0.638236755220192,0.999191353387358
"DNAJB6",2.41949365967815,-0.495628709123667,0.528016084472565,-0.938662142496569,0.347904236250107,0.999191353387358
"ERICH1",2.99408666828958,-0.649068742721519,0.619317373714532,-1.04803897043699,0.294620652403655,0.999191353387358
"AGPAT5",0.790933350114443,0.644455802139899,0.901368300669742,0.714975001518303,0.474624490362574,0.999191353387358
"BLK",2.52764592208278,0.0919306047424007,0.50699827294468,0.181323309463091,0.856113810967704,0.999191353387358
"FDFT1",3.14533149880312,0.0848823420851207,0.472050647682008,0.179816175450523,0.857296884431051,0.999191353387358
"CTSB",8.5663294159198,-0.210434385825794,0.317338229205412,-0.663123338000291,0.507251564823462,0.999191353387358
"CNOT7",2.88474368899603,-0.0896545125305699,0.547168206783189,-0.163851830971047,0.869847787804224,0.999191353387358
"PCM1",3.28641564206454,-0.0982413364122711,0.501362161355179,-0.195948844936214,0.844650205523951,0.999191353387358
"ASAH1",6.70364574634601,-0.617102419202531,0.424062488225129,-1.45521576733974,0.145609537144827,0.999191353387358
"INTS10",0.724042036213078,0.57206213867337,0.874544929409272,0.65412549937232,0.513030954419604,0.999191353387358
"DOK2",3.97650236468386,0.381096504168645,0.533936893358033,0.713748214272769,0.475382886910302,0.999191353387358
"PPP3CC",1.57035054816734,0.184391063666485,0.669191911797182,0.275542875542659,0.782899190214981,0.999191353387358
"PDLIM2",2.65021698726879,-0.173278792091533,0.522638194114931,-0.331546362364455,0.740231827164132,0.999191353387358
"ADAM28",2.23847072045865,-0.554574630297095,0.773750961036683,-0.716735304023491,0.473537437806351,0.999191353387358
"BNIP3L",3.76506553544379,0.0802334018229084,0.414430104967326,0.193599356951238,0.846489601744125,0.999191353387358
"PTK2B",3.15015325554704,-0.265588416015379,0.540793732873351,-0.491108531536141,0.623349687657641,0.999191353387358
"SARAF",11.8039131265145,0.316872521559173,0.328225257524637,0.965411753954945,0.334338616554815,0.999191353387358
"LEPROTL1",2.12522448786736,-0.314069438085667,0.616776156393395,-0.509211380547186,0.610604066837301,0.999191353387358
"GSR",1.74640290025242,-0.0171619394782027,0.673866836945335,-0.0254678499330795,0.979681792202092,0.999191353387358
"RAB11FIP1",2.76604295928396,0.604488529763526,0.53354724808293,1.1329615735729,0.257230390581297,0.999191353387358
"EIF4EBP1",2.74006866950871,0.29890071425781,0.547520863532752,0.545916574446538,0.585123284641805,0.999191353387358
"PLPP5",6.08607077496333,0.473038030652828,0.382617188604947,1.23632195505268,0.216338913331123,0.999191353387358
"NSD3",3.59224274699359,0.0812318530513352,0.424575981338574,0.191324654765521,0.848271246155322,0.999191353387358
"TACC1",2.41576983832076,0.222351268509175,0.563424964495928,0.394642201749267,0.693106963743791,0.999191353387358
"PLEKHA2",2.44837283290675,-0.0331022885646231,0.588891095060192,-0.0562112228259108,0.955173540777755,0.999191353387358
"VDAC3",2.04655149343873,0.704424117988225,0.592771892283836,1.18835614029237,0.23469312837901,0.999191353387358
"HOOK3",2.12836189541424,0.169341597212822,0.692198018345886,0.244643285193866,0.806732645496114,0.999191353387358
"FNTA",2.2153442565066,-0.320372803986018,0.63498446293556,-0.504536445671318,0.613884457832488,0.999191353387358
"SPIDR",0.746149185480079,1.14274634207459,0.866169159661903,1.31931081743969,0.187065222859626,0.999191353387358
"CEBPD",22.8183446122462,-0.08814489356479,0.372598353736038,-0.236568124042854,0.812991851626156,0.999191353387358
"RB1CC1",1.8280519586521,-0.354466985912288,0.771587974686086,-0.459399313547493,0.64594744112007,0.999191353387358
"TCEA1",6.6340455949328,0.334601579019347,0.383336318713621,0.87286688655587,0.382735637007113,0.999191353387358
"LYPLA1",2.34477566447952,-0.477084275965972,0.528681685476674,-0.902403637333908,0.366842489614943,0.999191353387358
"LYN",8.04441815989793,-0.0351061227439021,0.335931820076394,-0.104503713687851,0.916769621321473,0.999191353387358
"RPS20",9.0990404500856,0.033464586544138,0.495317200734669,0.0675619310100726,0.946134360776059,0.999191353387358
"SDCBP",4.97507101423832,0.0194629272911887,0.456968604847604,0.0425913883026591,0.966027260401384,0.999191353387358
"RAB2A",3.29836911215308,-0.173579870564403,0.489236759834769,-0.354797277749584,0.722741467922615,0.999191353387358
"PDE7A",2.20728069152872,0.619862437941973,0.549181975326682,1.12870135181193,0.259023838852426,0.999191353387358
"SNHG6",8.526594801492,-0.316752553540564,0.35652302522293,-0.888449079389757,0.374299235023563,0.999191353387358
"COPS5",1.80709699265771,0.287408656499954,0.627222965014695,0.458224064696387,0.646791472531478,0.999191353387358
"TRAM1",3.12070519904016,-0.126290923992107,0.478875447047279,-0.263723949036874,0.791992639990134,0.999191353387358
"RPL7",21.5045620081582,0.295035658017804,0.258877506374811,1.13967282113202,0.254422634360512,0.999191353387358
"ELOC",3.15712619479659,-0.298243844434068,0.508526098886567,-0.58648679996382,0.557548429453237,0.999191353387358
"LY96",3.6462675425904,0.42039132667741,0.538047897414082,0.78132695750296,0.434610218935526,0.999191353387358
"TPD52",1.36894178147138,-0.511036432807873,0.775406961352813,-0.659055771070579,0.509859955871179,0.999191353387358
"RBIS",5.24330205569072,-0.109019306635992,0.41786952315949,-0.260893175007601,0.794174888187136,0.999191353387358
"DECR1",3.32232583540591,-0.248765023527482,0.518199495270154,-0.480056475928817,0.631187235517229,0.999191353387358
"PLEKHF2",3.30815871364412,-0.352961880430696,0.565849124451449,-0.623773838605597,0.532776122958959,0.999191353387358
"UQCRB",12.6234345227444,0.0432248865892507,0.304942632302823,0.141747601058045,0.887279374310974,0.999191353387358
"MTDH",11.1433202816259,0.323747759330366,0.330458831008316,0.979691655818448,0.327238346192404,0.999191353387358
"RPL30",180.032089119829,0.0471071436958875,0.143882233745658,0.327400697567424,0.743364838927186,0.999191353387358
"COX6C",14.4295593499312,-0.0122200631163924,0.304228511784064,-0.0401673828818057,0.967959681323603,0.999191353387358
"PABPC1",26.7656038005993,-0.0568250020763021,0.250539809166767,-0.226810271251055,0.820571276527444,0.999191353387358
"YWHAZ",13.9656328159619,0.102089506419669,0.28218479696871,0.361782447234354,0.717514609994096,0.999191353387358
"ZNF706",5.92979556485278,-0.0824032913158885,0.416870258020482,-0.197671313149522,0.843302235607809,0.999191353387358
"EIF3E",7.96484826263114,-0.0375293679800215,0.402020991658361,-0.0933517621187157,0.925624111354361,0.999191353387358
"ENY2",4.686528297875,-0.195757404894657,0.387702524218667,-0.504916508576169,0.613617478563107,0.999191353387358
"EIF3H",10.2390446707519,-0.0487478058792458,0.314341278386849,-0.155079237857058,0.87675884994533,0.999191353387358
"RAD21",2.53127640445845,0.15253840785136,0.561664773579881,0.271582650411075,0.785942941180924,0.999191353387358
"NDUFB9",8.26568569471212,-0.388960183810074,0.346171347822841,-1.1236059432889,0.261180233674053,0.999191353387358
"MTSS1",2.96644457405857,0.433597689278425,0.514138549812286,0.843347944706215,0.399033875924063,0.999191353387358
"FAM49B",3.27804350945046,-0.29810748972398,0.490468932937874,-0.607800962924068,0.543319490573848,0.999191353387358
"EFR3A",1.48189843986615,0.411972245454876,0.645851055975918,0.637875004837395,0.523555049674067,0.999191353387358
"PHF20L1",1.17473453919367,0.467596426705736,0.734511073720463,0.636609090639376,0.524379502331256,0.999191353387358
"ST3GAL1",1.53047966453331,0.509102645142191,0.615113211992016,0.827656820268069,0.407864879508196,0.999191353387358
"LY6E",43.2701282032222,-0.273996429996575,0.235741755325972,-1.16227364820333,0.245124327118332,0.999191353387358
"GSDMD",2.84359086033371,0.788054728321505,0.553363634061954,1.42411730698096,0.154412517229724,0.999191353387358
"NAPRT",2.83388442739078,0.41173136575805,0.472679723531847,0.871057812003458,0.38372258775946,0.999191353387358
"EEF1D",38.5403816671434,-0.192994929996199,0.186307672162008,-1.03589362561718,0.300251771774259,0.999191353387358
"PUF60",3.29846014262656,-0.573507431388672,0.493105421851146,-1.16305237374128,0.24480825365187,0.999191353387358
"PLEC",6.72515326218888,0.15277765013676,0.436193879277045,0.350251705480088,0.726149805867932,0.999191353387358
"PARP10",2.51612777974421,0.675557748346952,0.711680576371311,0.949242919894568,0.342497077066029,0.999191353387358
"GRINA",6.43015494217898,0.0506903178797806,0.443261953544154,0.114357475245687,0.908954422622027,0.999191353387358
"CYC1",3.25508834640687,-0.0264915157501305,0.446306509653416,-0.059357224636277,0.952667582748643,0.999191353387358
"SHARPIN",1.26435860768208,0.508204913617213,0.663830663212857,0.765564084005348,0.443935721862892,0.999191353387358
"MAF1",3.47178777645797,-0.473369770201995,0.555813315614099,-0.85167043844386,0.394397032410986,0.999191353387358
"CPSF1",1.13051321244785,0.637462805155043,0.702287335055471,0.90769514603975,0.364039309184952,0.999191353387358
"VPS28",6.37867538775672,0.132634335513149,0.349029682371004,0.380008756310199,0.70393891528549,0.999191353387358
"CYHR1",1.54364116838494,0.324922167388209,0.710247926292047,0.457477108148013,0.647328152558732,0.999191353387358
"RPL8",106.423238477896,-0.116653907511379,0.189147706872711,-0.616734452878579,0.537409892469466,0.999191353387358
"WASHC1",3.09528275860821,0.202826577372081,0.529990624016297,0.382698425559022,0.701943381972689,0.999191353387358
"DOCK8",4.63258208497883,-0.255779703672648,0.413123267498942,-0.619136523636502,0.535826424203969,0.999191353387358
"SMARCA2",1.77085284667597,0.475688332479257,0.600565944396343,0.792066777874649,0.428321740126468,0.999191353387358
"JAK2",1.92282595670408,-0.495161873903911,0.678285209677127,-0.73002015500178,0.465377864850441,0.999191353387358
"KIAA2026",1.24772727174453,0.592304731478058,0.794741789201249,0.745279459978253,0.456102795509051,0.999191353387358
"PSIP1",3.3408661728632,0.641026740070633,0.473770651689761,1.35303176290961,0.176045483340575,0.999191353387358
"RPS6",76.3033871294478,-0.12902423108395,0.253103141277935,-0.509769378730339,0.610213040811212,0.999191353387358
"HACD4",3.15486026898066,0.703310055698768,0.49588516389911,1.4182921912176,0.156105475564523,0.999191353387358
"NDUFB6",2.22534177465804,0.13258521959158,0.525464885264172,0.252319847262342,0.800793848429752,0.999191353387358
"DNAJA1",3.98276847408591,-0.268809148886461,0.422093304176661,-0.636847697479596,0.52422405386042,0.999191353387358
"SMU1",1.93854507715151,0.111674356860044,0.595628458204912,0.187489961773493,0.851276493482462,0.999191353387358
"B4GALT1",2.27197487336966,-0.0188488226123962,0.614228040426193,-0.0306870109663466,0.975519150032433,0.999191353387358
"BAG1",2.46187616980376,-0.158651195785329,0.50083157052674,-0.316775549150128,0.751413918412463,0.999191353387358
"CHMP5",2.95461784868142,-0.304893765897591,0.480634365495076,-0.63435698274204,0.525847876523881,0.999191353387358
"UBE2R2",3.41346080075508,-0.0383086529006073,0.434036134339121,-0.0882614369398931,0.929668888162225,0.999191353387358
"DCTN3",3.26628844894274,-0.485311482843804,0.465008127412939,-1.04366236681458,0.296641627077008,0.999191353387358
"VCP",3.54126994550223,-0.900668557891776,0.471490427685139,-1.91025841672706,0.0560999489992016,0.999191353387358
"CD72",3.09309616142557,-0.444996761247564,0.509177114001491,-0.873952793656514,0.382143962174079,0.999191353387358
"TLN1",10.1029259805296,-0.825626512389993,0.317017084642332,-2.60435967771734,0.00920461039227053,0.999191353387358
"HINT2",2.39267712457151,0.183173579439061,0.622054817746437,0.294465333622295,0.768402349482881,0.999191353387358
"GLIPR2",3.76237414081953,-0.177954956894228,0.433038224392425,-0.41094514726479,0.681112756595823,0.999191353387358
"CLTA",6.06069516597116,0.0293509020448139,0.389849798250545,0.0752877189536237,0.939985792605056,0.999191353387358
"PAX5",2.71576665053671,-0.284804027785008,0.62501271666315,-0.455677172947032,0.648622139187369,0.999191353387358
"EBLN3P",2.02638792382099,0.314840886640668,0.637924744205235,0.493539229353637,0.621631628180348,0.999191353387358
"ZCCHC7",1.98487069009375,-0.0548651877483276,0.643654393750784,-0.0852401355152883,0.932070483148605,0.999191353387358
"GRHPR",2.14056363279712,-0.193883251573263,0.570846551087149,-0.339641627341047,0.734126425612666,0.999191353387358
"TOMM5",2.60549470194272,0.820552553137533,0.587544794262476,1.39657871391328,0.162540294999347,0.999191353387358
"ZFAND5",3.81355026723627,-0.462699226175172,0.506995112689382,-0.912630545333583,0.361436883799988,0.999191353387358
"ANXA1",9.82518369228542,-0.43190330884593,0.409348172656912,-1.05510012672738,0.291379534092552,0.999191353387358
"OSTF1",4.00338501008003,0.0419717275265829,0.441973943917263,0.09496425774466,0.924343216765132,0.999191353387358
"TLE1",1.68043425742614,1.7158569202948,0.725613817757779,2.36469714096263,0.0180448206164233,0.999191353387358
"HNRNPK",7.89851906492187,0.224777987876101,0.320258843602152,0.701863484386199,0.48276430315782,0.999191353387358
"SYK",6.5454057999633,0.279500885423603,0.437816894665649,0.638396756335892,0.523215441896065,0.999191353387358
"BICD2",1.31616417008202,0.181654316410887,0.74139644633499,0.245016437978458,0.80644370355929,0.999191353387358
"FGD3",2.874437213899,0.316637226318665,0.547804416129624,0.578011452619872,0.56325638712203,0.999191353387358
"NINJ1",2.20670724653437,0.65694251626522,0.542732186022381,1.21043588934696,0.226111677398943,0.999191353387358
"FAM120AOS",1.59994231392511,-0.116206743552816,0.631101502632129,-0.184133206890101,0.853908956510256,0.999191353387358
"FAM120A",2.75668970098838,0.39582264747218,0.536044729659585,0.738413467330509,0.460263233273191,0.999191353387358
"FBP1",2.01035783976006,-0.84743281283977,0.7629202587015,-1.11077508189665,0.266665174711344,0.999191353387358
"ANP32B",7.30704356978816,0.0484015027473418,0.313002907135048,0.154635952714837,0.877108324735114,0.999191353387358
"SEC61B",9.86762609897158,-0.00996434170147888,0.334436002026311,-0.0297944648336484,0.976230973231525,0.999191353387358
"ERP44",3.57782432461988,-0.402420034515838,0.447121393690494,-0.900024110218267,0.368107420085822,0.999191353387358
"KLF4",3.51453661687859,-0.728163474896858,0.761482483554028,-0.95624455010224,0.338948697087253,0.999191353387358
"PALM2-AKAP2",2.3570035664528,0.309437822039864,0.63546659663863,0.486945849989077,0.62629670553679,0.999191353387358
"TXN",7.29794577690136,-0.171033550874482,0.454123568199361,-0.376623374894734,0.70645351414987,0.999191353387358
"GNG10",2.2604923499384,0.126786043683432,0.611923225641863,0.207192730020081,0.835859344733496,0.999191353387358
"PTBP3",1.76912171274904,-0.657790046180881,0.683742297652544,-0.962043811592813,0.336027596859622,0.999191353387358
"CDC26",1.55820965922848,0.421585538613148,0.661891196212428,0.636940846207967,0.524163375390662,0.999191353387358
"AKNA",4.22335497785823,-0.303942172035549,0.443726885956652,-0.684975785004023,0.493359201458089,0.999191353387358
"ATP6V1G1",14.9655729589855,-0.0138043716963424,0.256002111331823,-0.0539228822158015,0.956996605813507,0.999191353387358
"TLR4",1.56670072874376,0.904073409078555,0.671996562246679,1.34535421737274,0.178510872586885,0.999191353387358
"MEGF9",2.6556689210825,-0.0467830709468412,0.520500136280096,-0.0898809965376568,0.928381782587157,0.999191353387358
"CNTRL",2.03055948982446,-0.308452271544937,0.75031469267636,-0.411097203021166,0.681001260818884,0.999191353387358
"RAB14",3.18884196191251,-0.0196481346050313,0.47291875336606,-0.0415465330253519,0.966860196866939,0.999191353387358
"STRBP",1.47570632390525,1.00447718495765,0.711894863911177,1.4109909143592,0.158247293036917,0.999191353387358
"PSMB7",2.95149345706532,-0.646618105994329,0.506440542327778,-1.27678977481196,0.201676476464924,0.999191353387358
"RPL35",59.8700624172601,-0.121335122693888,0.179333297705945,-0.676590037912771,0.498666101554886,0.999191353387358
"ARPC5L",1.45906592991632,-0.592192101586998,0.795156448724072,-0.744749165446931,0.456423371083647,0.999191353387358
"HSPA5",3.77545927796583,0.475769136917624,0.579788225177307,0.820591237036811,0.411879140776983,0.999191353387358
"RPL12",123.034458117456,0.104480913835716,0.153578221655979,0.680310741387256,0.496307724657957,0.999191353387358
"C9orf16",7.91812797449675,0.243676040011323,0.373975116317516,0.651583566336629,0.514669851988327,0.999191353387358
"SPTAN1",2.00089653484164,0.914427770766111,0.545332211591316,1.67682698973118,0.0935763183488795,0.999191353387358
"SET",8.26840864034743,-0.0925625273611907,0.349494718440953,-0.264846712917721,0.791127549680604,0.999191353387358
"C9orf78",3.2758072580009,0.239412642571822,0.526649343094117,0.454595919868141,0.649399970653784,0.999191353387358
"FNBP1",3.35921565367679,-0.0307775944295423,0.468053284757946,-0.0657566038564582,0.947571606524063,0.999191353387358
"NUP214",5.17112232466561,-0.0578297810746786,0.398438446762996,-0.145141066442008,0.884599495227522,0.999191353387358
"PRRC2B",3.25078416538373,0.784695133369873,0.536965278577879,1.46135171988791,0.143918943042619,0.999191353387358
"RAPGEF1",1.7084258707757,0.396054323605389,0.722663158844197,0.548048310970805,0.583658730969479,0.999191353387358
"SETX",3.01145389563135,0.0754711768562654,0.516793173558112,0.146037487950252,0.883891794550715,0.999191353387358
"RPL7A",89.3495187211882,0.00154938544990459,0.18336902675936,0.00844954830860223,0.993258316079174,0.999191353387358
"SURF1",3.15104412455666,-0.0926048584483365,0.493411830448657,-0.187682687632624,0.851125402363539,0.999191353387358
"RXRA",3.29023141348555,-0.690914451144328,0.508722429337817,-1.35813640464735,0.174420405489282,0.999191353387358
"FCN1",49.1830903450836,-0.483255658923567,0.301593530425278,-1.60234093298396,0.109080238726048,0.999191353387358
"UBAC1",1.5045222046467,0.378491686755825,0.710672490975223,0.53258243644191,0.59432266282266,0.999191353387358
"CARD9",0.805111095427727,1.47443629744582,0.801561745666552,1.83945442184211,0.0658483758388738,0.999191353387358
"AGPAT2",1.37871848996532,-0.306623138425139,0.700810309512172,-0.437526580678552,0.661729503483854,0.999191353387358
"SNHG7",5.26665712761309,-0.278894533765872,0.483766159179109,-0.576506910361654,0.564272600360719,0.999191353387358
"RABL6",1.94246735191539,-0.0236539775973415,0.539745945125145,-0.0438242803136893,0.965044472782569,0.999191353387358
"PHPT1",3.31052070607581,-0.0742726220834886,0.512893999390909,-0.144810861838297,0.884860206119915,0.999191353387358
"EDF1",11.9267783165128,-0.173108534161203,0.268924895270297,-0.643705871809346,0.519766181583912,0.999191353387358
"FBXW5",2.69219641355698,-0.480162349997725,0.53260211172421,-0.901540454736989,0.367301034466036,0.999191353387358
"PAXX",3.44768778709944,-0.168782510798506,0.435931781810308,-0.387176429526651,0.698625598509876,0.999191353387358
"DPP7",5.0820348842093,-0.207896760805596,0.394837192094156,-0.526537937581167,0.59851450012703,0.999191353387358
"SSNA1",3.36293163505929,0.3680465445505,0.480231947173179,0.766393295400185,0.443442320936625,0.999191353387358
"TMEM203",1.08637365559452,0.243612221303577,0.801615156070174,0.303901715753302,0.761202770595945,0.999191353387358
"MRPL41",5.78211640020975,0.0913478112622571,0.416728780324816,0.219202069967562,0.826492643093331,0.999191353387358
"ARRDC1",2.85609494869065,-0.263981440604365,0.486270797470429,-0.542869203698004,0.587219861056027,0.999191353387358
"IDI1",1.87930558125559,0.178164014222097,0.649327522994081,0.274382353916825,0.783790802371752,0.999191353387358
"KLF6",19.6820756802678,-0.348067794123163,0.521485461050376,-0.667454454860705,0.5044818925565,0.999191353387358
"GDI2",9.95328420384683,-0.0405633117867907,0.282185972253687,-0.143746733626873,0.885700466296172,0.999191353387358
"RBM17",3.47426727747924,-0.290146385159693,0.497578885492817,-0.583116353243815,0.559814975681124,0.999191353387358
"ATP5F1C",6.35906064018343,-0.436409795899699,0.461599255586532,-0.945430025326131,0.344439379360171,0.999191353387358
"CELF2",4.0921008192729,0.0903677299068631,0.42475622410253,0.212751985207048,0.831520416525036,0.999191353387358
"CDC123",2.120572932523,0.39318504732021,0.642272010472296,0.612178393125182,0.540419735481519,0.999191353387358
"CAMK1D",1.40709570479656,0.62901698773922,0.685352648735856,0.917800476731872,0.358723332635325,0.999191353387358
"FAM107B",3.70311203246274,-0.117438525463452,0.464467947549044,-0.252845274002577,0.800387780511243,0.999191353387358
"VIM",64.5756414596457,0.0185414439407717,0.2296989437013,0.0807206321544212,0.935664128271627,0.999191353387358
"AL133415.1",2.8468668207203,0.394183626644453,0.694712065306879,0.567405758917298,0.570438538140761,0.999191353387358
"PLXDC2",2.71563586843142,-0.0391496489955132,0.600100198377586,-0.0652385203360323,0.947984091645758,0.999191353387358
"APBB1IP",5.13623876301046,-0.266777208869244,0.377421688339514,-0.70684122590555,0.479665151903626,0.999191353387358
"ABI1",2.51744773888456,-0.714474536470199,0.539735276602979,-1.32374993342478,0.185586108877462,0.999191353387358
"YME1L1",2.29738781639985,-0.379163705306096,0.546646763119115,-0.693617397718819,0.487922180238541,0.999191353387358
"WAC",2.38427908653662,0.469778109667037,0.552653689696677,0.850040664570383,0.395302478364178,0.999191353387358
"MAP3K8",2.80150957945101,-0.83756093105012,0.549118439462243,-1.52528283674166,0.12718856679942,0.999191353387358
"KIF5B",2.1588653800858,0.112422511914288,0.58511260553107,0.192138249717333,0.847633914108816,0.999191353387358
"EPC1",3.17116266375686,-0.465102826916507,0.488118718635412,-0.95284775846489,0.340667212480014,0.999191353387358
"ITGB1",3.12577961996995,1.00642426852192,0.649178550360164,1.55030425445135,0.121068506676665,0.999191353387358
"CCNY",1.88193150645839,0.781305029291188,0.611638728394297,1.27739626845132,0.201462381515618,0.999191353387358
"HNRNPF",5.13955276987116,-0.271383465047989,0.438526907241994,-0.618852482176721,0.536013544510535,0.999191353387358
"ALOX5",3.87624132199199,0.232916364391255,0.455362381227641,0.511496719960311,0.609003284595191,0.999191353387358
"NCOA4",4.0587110055032,0.528194970754691,0.468376626178383,1.12771419672323,0.259440640075961,0.999191353387358
"WDFY4",1.92804352036041,0.00905565804544677,0.622520083591782,0.0145467725204911,0.988393764127702,0.999191353387358
"UBE2D1",2.81884602949392,-0.187912201615612,0.560412726145508,-0.335310375458572,0.737390967842184,0.999191353387358
"TFAM",1.34554659275918,0.637026332956527,0.63105209815523,1.00946710234981,0.312750671184884,0.999191353387358
"ARID5B",2.1506623980996,-0.993731588914009,0.739672141867453,-1.34347575454867,0.17911797167095,0.999191353387358
"JMJD1C",4.02244864292307,0.342101433284554,0.439422616208855,0.778524865734164,0.436259653438918,0.999191353387358
"HNRNPH3",2.97690171057318,0.323945553317863,0.477842511496114,0.677933724028858,0.497813716192233,0.999191353387358
"CCAR1",1.31171382906357,0.316191094547906,0.725697761687643,0.435706310864994,0.663049826366254,0.999191353387358
"DDX21",4.72856768025297,-0.514782848836573,0.526783280024684,-0.977219415188068,0.328460538104874,0.999191353387358
"SRGN",19.8660765905279,0.0332822605723498,0.250699426764062,0.132757625344203,0.894385067713681,0.999191353387358
"EIF4EBP2",1.72350696243193,0.0831343700655359,0.577879054653192,0.143861192746341,0.885610080549905,0.999191353387358
"VSIR",12.5732122217687,-0.207981588050767,0.337405165296009,-0.616414949866882,0.537620688959026,0.999191353387358
"PSAP",46.7833376075684,-0.126561201540303,0.219382386370201,-0.576897733835088,0.564008541551008,0.999191353387358
"ANAPC16",7.64155003503348,0.110614119055004,0.35094708305344,0.315187458156365,0.752619327570418,0.999191353387358
"MRPS16",1.29588016921155,0.436565995116415,0.693241541574529,0.629745866245784,0.528860868603783,0.999191353387358
"CHCHD1",2.06091910923617,-0.149653975372476,0.551735398785725,-0.271242294226251,0.78620468571034,0.999191353387358
"ADK",4.27535605418868,-0.0939336990280311,0.450613533697128,-0.208457340944329,0.83487188793743,0.999191353387358
"VDAC2",3.3739930759011,-0.212117470307996,0.51042932859432,-0.415566775702623,0.677727042702368,0.999191353387358
"RPS24",108.428517224938,0.0359501390208768,0.187497427041162,0.19173670587482,0.847948452257235,0.999191353387358
"ANXA11",5.10213498588876,0.25432925313451,0.389287950828001,0.653319098609555,0.513550582358286,0.999191353387358
"TSPAN14",1.51680521100757,0.0596264543215181,0.720447071220064,0.0827631295947137,0.934039886829944,0.999191353387358
"GHITM",3.5500067910662,0.317292328473415,0.443543543282549,0.715357789057684,0.474387988220403,0.999191353387358
"WAPL",1.46346004809805,0.0525903426889193,0.68746378310921,0.0764990738145763,0.939022050806679,0.999191353387358
"PTEN",2.46542249828112,-0.12487596810064,0.592377458855164,-0.210804726334417,0.833039650338622,0.999191353387358
"IFIT2",3.31543420511857,-0.428054384403077,0.736514010841834,-0.581189737197004,0.56111258369654,0.999191353387358
"IFIT3",4.45735727114306,-0.5302330402534,0.499401385763954,-1.0617372225395,0.28835499621283,0.999191353387358
"IFIT1",3.99149275089459,-0.299606294684346,0.7938335973094,-0.377416999859699,0.705863735364028,0.999191353387358
"PCGF5",1.9891255795492,-0.30862573157574,0.625030443265403,-0.49377711902057,0.621463594165043,0.999191353387358
"TNKS2",2.10097609841749,-0.123380688492923,0.567541265408864,-0.217395097084328,0.82790045180032,0.999191353387358
"HHEX",3.91307692579378,0.0997767275939893,0.453699175061557,0.219918247769465,0.825934824527792,0.999191353387358
"PDLIM1",2.75133190250824,0.255278914534421,0.499613500537342,0.510952795030289,0.609384111328306,0.999191353387358
"BLNK",2.83118390515914,-0.495623424199581,0.517530629895326,-0.957669740822536,0.338229319717501,0.999191353387358
"PIK3AP1",2.85291128878287,0.0954615877875278,0.483430895622733,0.197466874070096,0.84346220170549,0.999191353387358
"PGAM1",5.57272006190652,0.067243894116661,0.412156537513833,0.163151346627382,0.870399272593673,0.999191353387358
"EXOSC1",1.66457503922182,0.31818025518061,0.666071326879136,0.477696970790557,0.632865900661097,0.999191353387358
"HPS1",2.29854064256067,0.290389318083406,0.555014749513738,0.523210091872015,0.600828059303549,0.999191353387358
"BLOC1S2",2.52307182355844,0.0335165759404638,0.539509977768388,0.0621241076561749,0.950463998941278,0.999191353387358
"NDUFB8",6.75435894175963,-0.282280067471862,0.366956299592359,-0.769247095050388,0.441746637445905,0.999191353387358
"MRPL43",2.6673551277749,0.539343976894096,0.521393918093178,1.03442705827211,0.300936560250435,0.999191353387358
"OGA",3.15163481251185,0.543724911601766,0.437718759880139,1.24217868055428,0.214170643802346,0.999191353387358
"LDB1",0.666544348332495,1.06815675347532,0.923166221386483,1.15705788267586,0.247248712578866,0.999191353387358
"NFKB2",1.96527667955133,0.316043862978087,0.566714919095526,0.557676977134272,0.577064981690749,0.999191353387358
"TRIM8",1.6683880029237,0.553670237517904,0.670251217149126,0.826063755427267,0.408767926560547,0.999191353387358
"BORCS7",1.64868487600439,0.0404164504180848,0.685627207816917,0.058948142601828,0.95299341244126,0.999191353387358
"ATP5MD",7.84021604161647,0.107100930424287,0.358424864761402,0.298809990472014,0.765085027723174,0.999191353387358
"GSTO1",7.40410299347519,0.232546179868516,0.386603887003206,0.60151019605912,0.547500222770227,0.999191353387358
"ADD3",5.31197992954642,-0.0830568625817261,0.438147228519326,-0.18956382050483,0.849650940144388,0.999191353387358
"PDCD4",2.68043586892091,0.435073372337522,0.466130814888564,0.933371831342095,0.35062801909665,0.999191353387358
"SHOC2",2.92383759890991,-0.0899064252248321,0.475274289623988,-0.189167449592027,0.84996157849959,0.999191353387358
"FAM204A",2.31574384464803,0.413882674854354,0.551423820695457,0.75057090267222,0.452910938044719,0.999191353387358
"CACUL1",1.59954013811685,0.392236050488392,0.626202918876789,0.626372121024187,0.531070891287122,0.999191353387358
"EIF3A",4.28312662622482,0.222053503670201,0.4802919891501,0.462330225542874,0.643844527474531,0.999191353387358
"PRDX3",2.02605659229914,-0.225177835886172,0.719048355151957,-0.313160908126387,0.754158416502945,0.999191353387358
"RGS10",4.49303280806201,0.480933035551161,0.400171099605106,1.20181851219579,0.22943385145815,0.999191353387358
"BUB3",2.35147374537161,-0.0980865978636588,0.541590183812864,-0.18110852226515,0.856282395416218,0.999191353387358
"FAM53B",0.598310485773853,0.932036602558534,1.26703854088944,0.735602408672006,0.461972696306857,0.999191353387358
"BCCIP",1.53717301471506,0.0765279619932474,0.701236681788023,0.109132856253491,0.913097114995425,0.999191353387358
"PTPRE",3.73524304344169,0.274904157151398,0.473802707325411,0.580208075853377,0.561774308255764,0.999191353387358
"TUBGCP2",1.7954761568841,-0.132145536470007,0.577791554417613,-0.228707975150665,0.819095895798983,0.999191353387358
"ZNF511",1.92015404700906,-0.680311804367292,0.68010162681782,-1.00030903844541,0.31716097445919,0.999191353387358
"PSMD13",2.62365357971637,0.156845990245446,0.484628193247606,0.3236419020412,0.74620916065327,0.999191353387358
"IFITM2",28.1012194583436,0.227160377091752,0.294705483580668,0.770804717753319,0.440822690467352,0.999191353387358
"IFITM1",39.8347276364976,-0.0126635593132712,0.57712946109787,-0.0219423199938215,0.982493966418268,0.999191353387358
"IFITM3",92.0938083438493,-0.181413672509954,0.318340749998296,-0.56987260509666,0.568764106647861,0.999191353387358
"SIGIRR",3.00760160624307,0.213788220735175,0.527142801435279,0.405560353196673,0.685065664769966,0.999191353387358
"RNH1",6.46393011934322,-0.113687227975421,0.346848061096829,-0.327772418896939,0.743083742821216,0.999191353387358
"IRF7",11.0656166633737,-0.5519310410356,0.367951437336183,-1.50001055854369,0.13361166752499,0.999191353387358
"TALDO1",17.0512970837293,-0.0883193553497893,0.283129661659274,-0.311939606864911,0.755086421332115,0.999191353387358
"RPLP2",78.6985150544371,0.178573037868961,0.237737705788784,0.751134689705523,0.452571600519906,0.999191353387358
"PNPLA2",4.07491631734953,0.268770542173146,0.415062954597187,0.647541630001608,0.517281460546684,0.999191353387358
"POLR2L",7.0613412341965,0.041889779947186,0.33862365874378,0.12370600478002,0.901548057057906,0.999191353387358
"TOLLIP",1.61949406622196,-0.0509566114847263,0.627794333734735,-0.081167683023812,0.935308599901089,0.999191353387358
"CTSD",17.3361226123596,-0.345603254881966,0.326075423147765,-1.05988746881225,0.289195797237009,0.999191353387358
"LSP1",23.8259863171531,-0.0231617790080065,0.243390095564113,-0.0951631945183462,0.924185203791101,0.999191353387358
"CD81",6.3523317866149,0.681878332850856,0.468562014638164,1.45525738653275,0.14559801911831,0.999191353387358
"NAP1L4",1.83448995902237,-0.105018389595371,0.593412388602934,-0.176973705996626,0.859529043131525,0.999191353387358
"RHOG",9.15700399782124,0.178106975428941,0.315826756032175,0.563938843138406,0.572795753771245,0.999191353387358
"TRIM22",7.59044542965041,-0.862143966772323,0.436092853848621,-1.97697338803812,0.0480446383634353,0.999191353387358
"ILK",2.2360807047924,0.671109079517425,0.523649660701374,1.28159937813871,0.199983218453128,0.999191353387358
"TAF10",8.91670253457538,0.235183578775416,0.336859279158804,0.698165653511786,0.485073603406525,0.999191353387358
"TPP1",3.72415791872122,-0.538127423880063,0.502116407570758,-1.07171846162831,0.283846506081382,0.999191353387358
"EIF3F",11.9666438079449,-0.00892516846863259,0.275590799623502,-0.0323855821051562,0.974164560271114,0.999191353387358
"RPL27A",16.6713132997836,-0.201795412012772,0.348444024883636,-0.579132938440147,0.56249947630903,0.999191353387358
"TMEM9B",1.50238396248341,1.19611734621275,0.718506717747991,1.66472674042872,0.095967285538673,0.999191353387358
"SWAP70",4.20159892569496,0.223656448093576,0.470283021366499,0.475578402647194,0.634374764913435,0.999191353387358
"EIF4G2",6.74594016682659,-0.0532270021932425,0.339731086505599,-0.156673923310121,0.875501839425637,0.999191353387358
"PSMA1",4.04771263582631,-0.428336394177524,0.42586637388171,-1.00579998902778,0.314511792587196,0.999191353387358
"C11orf58",5.00099009367567,0.127932338205311,0.399298498850611,0.320392735193263,0.748670632014193,0.999191353387358
"RPS13",131.351613305666,0.0462991120821317,0.157694020414269,0.293600936551061,0.769062860043771,0.999191353387358
"LDHA",6.03707368849794,-0.0468067375984429,0.426941917027904,-0.109632565301345,0.912700782944188,0.999191353387358
"EIF3M",5.19016326931578,-0.0324312341499175,0.354228994749634,-0.0915544312594729,0.927052057906537,0.999191353387358
"HIPK3",1.30420936891163,0.380639226969397,0.708685972225302,0.537105631954552,0.591194650743928,0.999191353387358
"LMO2",3.09591858843705,-0.207325776784293,0.527683517232281,-0.392897958745659,0.694394849280743,0.999191353387358
"CAPRIN1",1.78658354514832,-0.416115905380468,0.620059519524585,-0.671090261946974,0.502163030165435,0.999191353387358
"CAT",3.07414869265152,-0.480748607265223,0.520806608139377,-0.923084691614677,0.355963071618028,0.999191353387358
"CD44",6.92727778921777,0.247577836901271,0.371543417429523,0.666349678899192,0.505187618711173,0.999191353387358
"TRIM44",2.88463404517565,0.322081208396727,0.54627174902225,0.589598874503774,0.555459606446652,0.999191353387358
"TTC17",2.27750051373193,0.222178085782679,0.607872309074801,0.365501245024371,0.714737277611185,0.999191353387358
"PEX16",1.80221514724401,0.265117860009298,0.607875105271456,0.436138703016808,0.66273609805508,0.999191353387358
"DGKZ",2.3876360335737,0.586459096261593,0.553292371680916,1.05994430120176,0.289169939646183,0.999191353387358
"ARFGAP2",1.63232483874001,0.53567211225003,0.61607717619859,0.869488650034583,0.384579913424414,0.999191353387358
"SPI1",20.5963909179164,0.0251080225443957,0.202499460009648,0.12399056542274,0.901322745120291,0.999191353387358
"CELF1",3.26632279780659,-0.30874116273972,0.519961484740584,-0.593776985027565,0.552661284345234,0.999191353387358
"NDUFS3",2.6694782300115,0.00661962437028026,0.520965877663467,0.0127064451897873,0.989861996364231,0.999191353387358
"FNBP4",2.69000132367945,0.145470707543118,0.50706424511576,0.286888119098021,0.774197987871612,0.999191353387358
"PTPRJ",1.48410387982503,0.618326447586584,0.796380659653521,0.776420723044175,0.437500612742442,0.999191353387358
"TIMM10",2.22129058383049,0.629860701603283,0.611614365740337,1.02983307274161,0.303088372563374,0.999191353387358
"UBE2L6",10.3712121022337,-0.269086056823284,0.344267543479789,-0.781619010910568,0.434438510942043,0.999191353387358
"SELENOH",9.86926067574263,0.118527793314311,0.340237978551001,0.348367321658491,0.7275643408347,0.999191353387358
"MPEG1",6.77946653832145,0.130123926805503,0.401683769819902,0.323946189968903,0.745978773369449,0.999191353387358
"MRPL16",2.04716356395113,0.459575109163618,0.588663201318472,0.780709764317311,0.434973216411429,0.999191353387358
"MS4A6A",10.7139774299788,-0.045449469453203,0.3343889198779,-0.135917988759312,0.891886114470992,0.999191353387358
"MS4A7",4.01783184575908,-0.809123795668776,0.658504024354514,-1.22873022144687,0.219172971274246,0.999191353387358
"MS4A1",28.1974792000583,0.185769180910126,0.317273494692884,0.585517492061378,0.55819980846901,0.999191353387358
"SLC15A3",1.25526764285046,0.399478993243319,0.744940460504142,0.536256270699768,0.591781448373237,0.999191353387358
"DDB1",1.67923269396901,0.530707860102854,0.661632756375836,0.802118478852019,0.422484426737699,0.999191353387358
"CYB561A3",3.91281549416965,0.268549173095843,0.59594482127324,0.450627580791935,0.652257984904628,0.999191353387358
"SDHAF2",2.65551668241953,-0.220097633202516,0.54182838272183,-0.406212816126157,0.684586238078499,0.999191353387358
"TMEM258",9.20532537318289,0.249512161021524,0.331442716814012,0.752806287071129,0.451566328205236,0.999191353387358
"FTH1",200.079741214806,-0.061373833756093,0.239365342351695,-0.256402339424384,0.797640181624799,0.999191353387358
"AHNAK",13.4760488708407,0.449944251117668,0.263182400550599,1.7096289500223,0.0873345087374733,0.999191353387358
"EEF1G",23.4258199080836,0.0460975262141112,0.251913304798969,0.18298964499274,0.854806143532576,0.999191353387358
"UBXN1",10.3103788658775,-0.0706038089784584,0.293227828722852,-0.24078140634186,0.809724541302463,0.999191353387358
"HNRNPUL2",1.9226255294002,0.56363262602205,0.587141420923851,0.95996059200727,0.337075048905573,0.999191353387358
"POLR2G",2.42692045154025,0.38168784375472,0.564291115529039,0.676402362629574,0.498785217618765,0.999191353387358
"TMEM179B",3.80671706502394,-0.362150437505134,0.433978784969993,-0.834488804631716,0.404005593463806,0.999191353387358
"SNHG1",1.76310774419956,0.533165751936166,0.767756645993237,0.694446286748083,0.487402374678466,0.999191353387358
"PLAAT4",4.45963003683106,-0.350852101999891,0.455090174415583,-0.770950729600894,0.440736136321583,0.999191353387358
"RTN3",3.16846097104677,-0.100899061056034,0.493072278099362,-0.204633408807665,0.837858551253541,0.999191353387358
"COX8A",15.0490026726202,0.160637176457338,0.268825464530362,0.597551934813807,0.550138943768317,0.999191353387358
"OTUB1",3.665356691042,0.178818597917012,0.505222715144333,0.353940138787953,0.7233837451856,0.999191353387358
"FERMT3",5.7352044731036,0.0372052178656811,0.410517261583273,0.0906300936583978,0.927786519045417,0.999191353387358
"TRPT1",1.37945045145021,0.0711362262893982,0.638898178785795,0.11134203954782,0.911345119894623,0.999191353387358
"DNAJC4",3.24543519350139,0.1580632250469,0.63374920238002,0.249409741982001,0.803043850201026,0.999191353387358
"VEGFB",0.857834599428162,0.155149667089524,1.05460265853877,0.147116703938994,0.883039905498888,0.999191353387358
"PPP1R14B",1.77882450444432,1.62623126995174,0.688520931144221,2.36191987257262,0.0181805712603118,0.999191353387358
"TRMT112",7.58253731169999,-0.111987046149834,0.350817483194463,-0.319217403676996,0.749561660575908,0.999191353387358
"PRDX5",8.35751802832462,0.0466088125740258,0.334416607088942,0.139373498761769,0.889155012874338,0.999191353387358
"CCDC88B",2.66938355475614,-0.169569608907232,0.574877202843977,-0.294966660824874,0.768019347998381,0.999191353387358
"RPS6KA4",1.05213621751264,-0.0344629288665979,0.805508715144286,-0.042784054621215,0.965873674919352,0.999191353387358
"RASGRP2",6.02416720996348,0.0517517739310485,0.355168603670468,0.145710441171384,0.884149978484234,0.999191353387358
"SF1",9.350598986837,0.110263596771816,0.301026610796896,0.366291858649704,0.714147303966217,0.999191353387358
"VPS51",1.75638880244418,0.231559233863536,0.579427118472345,0.399634788364825,0.689425529502461,0.999191353387358
"FAU",114.290119213025,0.0851998764911166,0.132241932858405,0.64427277074317,0.519398569391633,0.999191353387358
"CAPN1",2.2530879293818,0.472793624185029,0.635427016061178,0.744056535580963,0.456842272910527,0.999191353387358
"NEAT1",28.5416273997219,-0.267054936008588,0.249516512387261,-1.07028963114917,0.28448896017722,0.999191353387358
"MALAT1",305.441420207143,-0.288685452993389,0.264368170188244,-1.09198264219111,0.274840730727671,0.999191353387358
"FAM89B",1.82926255037629,0.660806163128891,0.593647308121139,1.11312921677402,0.265652937223573,0.999191353387358
"EHBP1L1",5.18737444873373,-0.0516011019517854,0.421363824262468,-0.122462107519802,0.902533053888073,0.999191353387358
"MAP3K11",1.93165282923068,0.117104406511302,0.630735040312386,0.185663391165494,0.852708738719979,0.999191353387358
"SIPA1",3.83829775186847,0.0624930876899944,0.469907954597926,0.132990061305658,0.894201240608794,0.999191353387358
"RNASEH2C",3.32588975885513,0.309243185986337,0.479703163327962,0.644655298582875,0.519150590623046,0.999191353387358
"CFL1",50.9268997950657,-0.13878120172585,0.173796239459699,-0.798528219927519,0.424564023573969,0.999191353387358
"FIBP",3.23646719829125,-0.0918257690514112,0.471668493056701,-0.194682855444348,0.84564123447201,0.999191353387358
"CCDC85B",6.11333664468342,0.370222231662648,0.403123232176965,0.918384757096128,0.358417468022617,0.999191353387358
"DRAP1",9.83489686240282,-0.0326735373103862,0.304885501437485,-0.1071665827215,0.91465682584385,0.999191353387358
"BANF1",5.50727462320162,-0.801041256036681,0.403707216023315,-1.9842133710843,0.0472320585779632,0.999191353387358
"SF3B2",7.12735974222245,-0.0227132242601552,0.321078380967785,-0.0707404347551948,0.943604339148795,0.999191353387358
"PACS1",2.10496225819102,0.400192829231173,0.577586646027413,0.692870640247073,0.4883907361627,0.999191353387358
"RAB1B",3.27428066107278,-0.0799271151716393,0.446913262132793,-0.178842567325492,0.858061320184425,0.999191353387358
"BRMS1",1.91238684845341,0.0428534379713272,0.687091135978966,0.0623693651792927,0.95026869049395,0.999191353387358
"CCS",2.19731379332798,0.688830050744904,0.617548535628128,1.11542657945788,0.264667664806806,0.999191353387358
"KDM2A",1.90957025108736,0.48777171776615,0.534889431146659,0.911911302342427,0.361815411321477,0.999191353387358
"GRK2",7.15762085471549,-0.253361945423878,0.334355740384425,-0.757761613820584,0.448593706198321,0.999191353387358
"ANKRD13D",2.85731743490014,-0.359530090396223,0.577383715997677,-0.622688310104107,0.533489366102335,0.999191353387358
"POLD4",11.2021512556657,0.236584748577141,0.338290510645154,0.699353783604364,0.484330962931614,0.999191353387358
"PPP1CA",9.75682074617276,0.165559195532425,0.281229210172507,0.588698433675758,0.556063588816976,0.999191353387358
"TBC1D10C",5.90777862577655,0.354777386816347,0.415124570232594,0.85462873618289,0.3927567138726,0.999191353387358
"RPS6KB2",1.97815872587844,0.333947658121872,0.583396952061169,0.572419271204657,0.567037963165697,0.999191353387358
"PTPRCAP",5.23167971842085,-1.32024368806615,0.925671933781052,-1.42625442112457,0.153794915909148,0.999191353387358
"CORO1B",2.65042164394567,0.586780554771698,0.534182858221168,1.09846384199913,0.272001998169227,0.999191353387358
"TMEM134",2.19758483939053,0.141911731481061,0.57545196955115,0.246609168080096,0.805210708558301,0.999191353387358
"AIP",3.19976858091118,-0.220703464158816,0.493180009374249,-0.447510969552164,0.65450616937344,0.999191353387358
"CDK2AP2",3.6172198161681,-0.267112895332309,0.493254386587749,-0.541531717903517,0.588141141770232,0.999191353387358
"GSTP1",24.0713288738104,-0.286279759541467,0.245947481745324,-1.16398735823572,0.24442913494506,0.999191353387358
"NDUFV1",2.41459366003396,0.317451044053788,0.507130797564352,0.625974690510696,0.531331542245034,0.999191353387358
"UNC93B1",5.51012411315346,-0.194460795524239,0.380282171043585,-0.511359223049013,0.60909954247282,0.999191353387358
"NDUFS8",3.42871056465412,0.104983606860165,0.423029477338418,0.24817090175534,0.804002179251124,0.999191353387358
"TCIRG1",8.41990909696352,-0.0112177765878061,0.401362561418401,-0.0279492350959764,0.977702639835145,0.999191353387358
"MRPL21",1.59227699678031,0.0504738894341329,0.748548048577895,0.0674290575334798,0.946240137257001,0.999191353387358
"NADSYN1",1.61754248453303,0.343228642259673,0.577495033841502,0.594340422248332,0.552284447740268,0.999191353387358
"NUMA1",2.01337821198242,0.315639104843814,0.559351965530109,0.564294262459017,0.572553885515918,0.999191353387358
"LAMTOR1",6.39901712396126,0.143312931861362,0.406611918560481,0.352456298794019,0.724496086842792,0.999191353387358
"FOLR3",6.48781170580685,-1.61235706908393,1.29732508220713,-1.24283195568904,0.213929764182886,0.999191353387358
"INPPL1",1.90738597926208,-0.139653936240641,0.645989463497433,-0.216186089916304,0.828842695822644,0.999191353387358
"ARAP1",4.21835822190964,-0.372741918081915,0.461942407140065,-0.806901276697242,0.419723363220176,0.999191353387358
"ATG16L2",4.08468482913242,-0.075809789665338,0.50175789932381,-0.15108838299806,0.879905996325222,0.999191353387358
"FCHSD2",2.03579887097367,-0.055958759046892,0.60873471670873,-0.0919263474070388,0.92675655788456,0.999191353387358
"RELT",1.15693254404203,1.23428297080064,0.710981759306716,1.73602621254896,0.0825591998411258,0.999191353387358
"UCP2",14.5034432934535,0.0839242621550116,0.33576254942683,0.249951229814868,0.802625064615347,0.999191353387358
"KCNE3",2.08082515598155,0.47314860357429,0.637525650391938,0.742164026315503,0.457987961377956,0.999191353387358
"SPCS2",4.5920098642153,-0.0380193910980396,0.469738243350592,-0.0809373978725927,0.935491738313135,0.999191353387358
"ARRB1",1.91665300145298,0.360669641337178,0.559734670709523,0.644358229373197,0.519343164393157,0.999191353387358
"RPS3",105.538228337859,-0.232800064359649,0.169475878479633,-1.37364719066864,0.169551238964366,0.999191353387358
"PAK1",1.9427016533492,0.126286813640567,0.62165425931025,0.203146382010939,0.839020619864549,0.999191353387358
"CLNS1A",4.14864869644707,-0.0335756000389851,0.511508535884657,-0.0656403513988596,0.947664162599954,0.999191353387358
"RSF1",2.54954077015436,0.148334821674791,0.509433893805812,0.291175800193879,0.770916869739665,0.999191353387358
"NDUFC2",5.83307108855886,0.104878223385614,0.375190204031704,0.27953347997527,0.779835448287004,0.999191353387358
"PICALM",2.73408276195453,-0.298900268271062,0.520281234463808,-0.574497499566947,0.565631192107575,0.999191353387358
"CTSC",3.80395853199741,-0.390739170505466,0.577301022950172,-0.676837828051435,0.498508854220298,0.999191353387358
"TAF1D",3.45454897248178,-0.244552968574871,0.522658446753084,-0.467902068921128,0.639854623894367,0.999191353387358
"CWC15",2.91156540609543,-0.54155742462256,0.65203897858197,-0.830559893520965,0.40622229959745,0.999191353387358
"SRSF8",1.40951037002913,0.42033414944461,0.69064257589115,0.608613143929397,0.542780890160187,0.999191353387358
"CEP57",2.62310332560749,0.097226759358989,0.573240179233833,0.169609114784902,0.865317553854222,0.999191353387358
"MAML2",1.67703470726487,-0.235694097879271,0.732291742065415,-0.321858194405552,0.747560125273975,0.999191353387358
"BIRC3",3.5856970939174,0.6122344214835,0.452656767073725,1.35253566502803,0.176204017488847,0.999191353387358
"TMEM123",4.76160705572546,0.431112679466802,0.389424029063309,1.10705207509605,0.268271414221911,0.999191353387358
"CASP4",3.78224832732055,0.0842877988508008,0.441507447372466,0.190909121357796,0.848596793799333,0.999191353387358
"CASP1",5.75278499080111,-0.511344398379104,0.409042154412986,-1.25010195859381,0.211262304419285,0.999191353387358
"CARD16",10.5735721159706,0.109870250820969,0.341867430850684,0.321382620589431,0.747920451896366,0.999191353387358
"ATM",2.38969423635277,0.439952280554482,0.633385166538695,0.694604647845987,0.487303098694387,0.999191353387358
"POU2AF1",1.47031807179152,0.449159295799689,0.749630081468945,0.599174588777887,0.549056466329862,0.999191353387358
"TIMM8B",3.12088185063079,-0.047419253707901,0.536951582973642,-0.0883119730186711,0.929628723044986,0.999191353387358
"SDHD",2.55903142285923,0.021945970354797,0.492527258160457,0.044557879774539,0.964459716362132,0.999191353387358
"ZBTB16",1.30491159415378,-1.0575921738703,1.6559801733944,-0.638650263367869,0.523050475124089,0.999191353387358
"SIK3",1.26267007420513,0.436416766217091,0.788915060930408,0.553185999139632,0.580136053092302,0.999191353387358
"SIDT2",1.49582139448585,-0.171079772806743,0.786083167563076,-0.2176357157438,0.827712954298163,0.999191353387358
"PCSK7",2.12868097244773,0.192397418212542,0.653730556600237,0.294306907134823,0.76852339513162,0.999191353387358
"IL10RA",3.80491847202024,-0.03159349563788,0.525315748826135,-0.0601419159971474,0.952042606225651,0.999191353387358
"JAML",5.12414658065357,0.37353954764601,0.470867881221409,0.793300122057734,0.427602985732891,0.999191353387358
"CD3E",0.243676642889936,2.25006431939592,1.77804113368442,1.26547371529779,0.205701564927442,0.999191353387358
"ATP5MG",23.1943557747008,0.0917210710556136,0.247281802955765,0.37091718824139,0.710699212564024,0.999191353387358
"KMT2A",3.9682212269116,0.0260069027449815,0.520933750805476,0.0499236279176943,0.960183248422199,0.999191353387358
"RPS25",79.5796978925245,0.0623469136026648,0.171868706731396,0.36275896170036,0.716784950378406,0.999191353387358
"HSPA8",13.4312893456782,0.0451113333490075,0.317412903078758,0.142121926712646,0.886983698962766,0.999191353387358
"TBRG1",2.1864550968991,-0.0132441807742858,0.56873711338764,-0.0232869993227589,0.981421341940664,0.999191353387358
"NRGN",5.13696739387239,-0.00808244299186612,0.479428514697163,-0.0168584945285774,0.986549504625229,0.999191353387358
"SRPRA",2.42678125915236,-0.344146856754831,0.674237377932122,-0.510423877433679,0.609754532254758,0.999191353387358
"ETS1",3.54025202696199,0.505611781156067,0.446576721010049,1.13219466525818,0.257552602451993,0.999191353387358
"FLI1",2.91821731158535,0.133925977828251,0.463341702390749,0.289043652097837,0.772547972970492,0.999191353387358
"APLP2",8.71729039965794,-0.323709320936331,0.412126580990699,-0.785460913873051,0.432183378326939,0.999191353387358
"KDM5A",2.75259314103682,-0.169800037479342,0.518465223602627,-0.327505162833224,0.743285838712686,0.999191353387358
"WNK1",2.25807913185571,-0.318613259888083,0.543859916823005,-0.585836995947936,0.557985059627611,0.999191353387358
"NDUFA9",1.65257091481293,0.103637246047077,0.677981586281989,0.152861446599778,0.878507539681981,0.999191353387358
"TNFRSF1A",1.95002361866415,0.1932237258797,0.584703744913072,0.330464320710699,0.741049147651646,0.999191353387358
"LTBR",1.43341163025185,0.12894995262639,0.640210817212705,0.201417953523186,0.840371777992663,0.999191353387358
"MRPL51",3.19387763914313,-0.427850677611846,0.531065965343327,-0.805645071484192,0.420447529568293,0.999191353387358
"GAPDH",63.0698187717793,-0.403953560440787,0.257789430966788,-1.56699038795283,0.117116938374109,0.999191353387358
"CHD4",2.02888338667967,0.457055487019164,0.567123950149644,0.805918154044744,0.420290042899578,0.999191353387358
"MLF2",3.13174751615841,-0.0314031257664969,0.516154994532511,-0.0608404957796431,0.951486239071212,0.999191353387358
"CD4",2.08473133405387,-0.106815551667069,0.629239656094976,-0.169753369217,0.865204100541051,0.999191353387358
"TPI1",12.1897674252041,-0.358678904003007,0.2783403101083,-1.28863441972687,0.197525211423361,0.999191353387358
"C12orf57",5.91711991076974,0.542670341726475,0.398155575597527,1.36296054855459,0.172894944451008,0.999191353387358
"PTPN6",15.2580477686495,-0.115124605526628,0.357343392293329,-0.322167998651914,0.747325426457231,0.999191353387358
"PHB2",7.33023846019397,-0.418204861512016,0.358445539576535,-1.166717995727,0.243324272964225,0.999191353387358
"CD163",2.4049926268819,-0.4989402264207,0.677482647080645,-0.73646200175118,0.461449584069922,0.999191353387358
"SLC2A3",3.12750287332723,-1.20387600731046,0.738958936561754,-1.62915142878153,0.103280966288363,0.999191353387358
"CLEC4A",2.44073669354734,-0.505074717679605,0.586510246239533,-0.861152419617459,0.389154101585165,0.999191353387358
"CLEC4E",2.69057946078738,0.0710338797726275,0.528595572661418,0.134382282876453,0.893100290771788,0.999191353387358
"M6PR",3.50587568075715,-0.231727162218103,0.461286938772754,-0.502349281413884,0.615421849080631,0.999191353387358
"CLEC2D",2.72202712365865,-0.865647197252311,0.663027983008912,-1.3055967763591,0.19168971718186,0.999191353387358
"CD69",5.1877765753179,-1.51971852832422,0.638063880112551,-2.38176548726775,0.0172298660429288,0.999191353387358
"CLEC2B",3.17784859847143,0.0139064086081278,0.514452789923777,0.0270314572697491,0.978434643920248,0.999191353387358
"CLEC12A",4.56078768970681,-1.17987988110722,0.438759109850531,-2.68912907930086,0.00716387121602528,0.999191353387358
"CLEC7A",3.22959967107986,-0.524855109147687,0.483254109439791,-1.08608514422386,0.277441324243351,0.999191353387358
"YBX3",4.75593325381455,0.801773740330839,0.442567732612402,1.81164075292635,0.0700417236766618,0.999191353387358
"ETV6",3.93326914352496,0.357595619113838,0.577679903532923,0.619020355264025,0.535902949412934,0.999191353387358
"CDKN1B",2.20889375480273,-0.210074158358889,0.640247266838634,-0.32811410409634,0.742825390278915,0.999191353387358
"ATF7IP",2.83141010031526,-0.224470969540941,0.58894683405398,-0.381139614922129,0.70309965347943,0.999191353387358
"PLBD1",4.23827307867205,0.212080555668018,0.550966735541997,0.384924428258614,0.700293406651077,0.999191353387358
"H2AFJ",4.35362079017453,0.0149868498575571,0.445423474928938,0.0336462954943002,0.973159204683254,0.999191353387358
"ARHGDIB",29.9190561365074,0.0576040931838918,0.208727614854331,0.275977345997524,0.782565466061111,0.999191353387358
"STRAP",1.42957709543831,-0.206921028614717,0.674346339643845,-0.306846818096472,0.758959970414415,0.999191353387358
"MGST1",2.68578889186631,-0.569538472341731,0.57630533758449,-0.988258194395489,0.323026214016641,0.999191353387358
"LDHB",4.74672836697755,-0.261804186918973,0.388090459770734,-0.674595781286753,0.49993261401659,0.999191353387358
"KRAS",2.31357249780716,-0.0678630462356889,0.582280363798298,-0.116547028639277,0.907219016551918,0.999191353387358
"ITPR2",1.03950678483054,1.30382004663818,0.748895172199301,1.7409913897685,0.0816850877933611,0.999191353387358
"RESF1",2.97521657875734,0.316412653948049,0.638103907166365,0.495863840347173,0.619990479546062,0.999191353387358
"LRRK2",2.31284618455572,-0.315785484752106,0.588004594099014,-0.537045948145996,0.591235875717001,0.999191353387358
"SCAF11",4.3441329341095,-0.0335665830055411,0.401839521588117,-0.0835323088004934,0.933428288446403,0.999191353387358
"SLC38A2",1.75051423856654,0.447531300663602,0.681728642436111,0.656465450922495,0.511524690045163,0.999191353387358
"PCED1B-AS1",2.61614160412709,1.1447413521264,0.547303970600403,2.09160067095914,0.0364742524667611,0.999191353387358
"ASB8",1.31658881488905,1.24914711477018,0.722905619443948,1.72795325028876,0.0839966061980069,0.999191353387358
"ARF3",1.88069312285666,0.434750442812752,0.5831688639284,0.745496664352316,0.455971526897838,0.999191353387358
"KMT2D",1.6101734696341,0.459111525735358,0.615737382695426,0.745628799936706,0.455891680456794,0.999191353387358
"TUBA1B",6.80499902959737,0.11716752237475,0.361594366379171,0.324030276101942,0.745915112751659,0.999191353387358
"TUBA1A",11.5361801031167,-0.240197729276978,0.366603141247768,-0.655198230051829,0.512340133758438,0.999191353387358
"TMBIM6",10.614719307945,-0.246354839719869,0.320088111499406,-0.76964695304007,0.441509344902212,0.999191353387358
"COX14",3.29971400025312,0.0506559468092097,0.441305082227825,0.114786683519449,0.908614204296023,0.999191353387358
"DAZAP2",9.99029043853619,0.0174566209467732,0.31360245882376,0.055664808918426,0.955608834429584,0.999191353387358
"BIN2",5.15622896817424,-0.292474981401989,0.42637422979593,-0.685958392799612,0.492739346126677,0.999191353387358
"EIF4B",5.41265994270842,0.0968711599621984,0.45012987338533,0.215207133962585,0.829605829141239,0.999191353387358
"PFDN5",44.8557630254992,-0.108074238212365,0.186412022350653,-0.579760022178563,0.562076460475225,0.999191353387358
"PRR13",12.954762496056,-0.28541189082211,0.32183971317955,-0.886813774479355,0.375179170343032,0.999191353387358
"PCBP2",8.51496384876475,0.141779149357191,0.363953163693978,0.389553281851406,0.696866903826676,0.999191353387358
"ATP5MC2",33.4746588042457,0.0364637683811729,0.204835309864714,0.178015052215636,0.858711154587794,0.999191353387358
"HNRNPA1",16.2452279718918,-0.0460316928719292,0.249037953593343,-0.184838062663713,0.85335605252674,0.999191353387358
"COPZ1",1.71426748417689,-0.233167221578928,0.633918717054642,-0.36781879964404,0.713008350145544,0.999191353387358
"ZNF385A",2.8115636208317,0.657276091921709,0.494760651105629,1.32847284935233,0.184021947168422,0.999191353387358
"NCKAP1L",4.00856296521363,0.597080693249411,0.520763108955577,1.14654952123413,0.251567849236049,0.999191353387358
"BLOC1S1",12.8776110342233,0.0422260666898614,0.269004626118431,0.156971526100339,0.875267288756198,0.999191353387358
"CD63",5.61375457865067,0.0383125212412521,0.420235875725693,0.0911690873014858,0.927358237393441,0.999191353387358
"SARNP",2.33323135148995,0.129113358046891,0.532204767948285,0.242600904431275,0.808314580508666,0.999191353387358
"ORMDL2",1.2960082891613,0.431782304518615,0.678586778131375,0.636296371272682,0.524583269660883,0.999191353387358
"PYM1",1.34598131541969,-0.188538327180822,0.721793580722145,-0.261208096353797,0.793932034818649,0.999191353387358
"RPS26",68.8014648766727,0.0774153224822238,0.34625130282212,0.223581317532239,0.823083102130734,0.999191353387358
"PA2G4",2.71711934608184,-0.271866396799294,0.50045481429812,-0.543238648189611,0.586965499840917,0.999191353387358
"RPL41",306.518256149326,0.441035658610022,0.336934643686648,1.30896500812243,0.190546204043242,0.999191353387358
"MYL6",42.7888685252905,0.0545089378520617,0.184824286022263,0.294923026757944,0.768052681088928,0.999191353387358
"SMARCC2",2.4438211436517,-0.00235167315510514,0.608305067759935,-0.00386594371762363,0.996915430878193,0.999191353387358
"CNPY2",3.23659339641622,-0.844771929774235,0.476153682406775,-1.7741581363064,0.0760369966874502,0.999191353387358
"STAT2",6.27099608255125,-0.527892871848458,0.411964933427384,-1.28140244233071,0.200052346752197,0.999191353387358
"BAZ2A",2.56224519965299,-0.424209565313524,0.582751925564528,-0.727941936704165,0.46664913029748,0.999191353387358
"ATP5F1B",9.61378809460598,-0.417372277714748,0.306546583676666,-1.36152969871286,0.173346354747191,0.999191353387358
"PTGES3",5.68717512423834,-0.292069220458766,0.370759740342576,-0.787758725337598,0.430837848051596,0.999191353387358
"NACA",53.0575246146365,0.35649155423484,0.168276692035052,2.11848444323224,0.034134061049774,0.999191353387358
"STAT6",3.58341914084799,-0.212937683076176,0.480587533783842,-0.443077833084098,0.657709438142641,0.999191353387358
"LRP1",4.32156279926637,0.619224440485363,0.474758854704977,1.30429255683953,0.192133852140555,0.999191353387358
"SHMT2",1.72468428462742,0.284155365842056,0.589876775709259,0.481719873613251,0.630004956260609,0.999191353387358
"R3HDM2",2.18513766201297,-0.131629505430083,0.651496792782115,-0.202041678314301,0.839884141418324,0.999191353387358
"ARHGAP9",2.9200134382434,0.836281503353462,0.461273184740355,1.8129853002927,0.0698340885644361,0.999191353387358
"DCTN2",1.99686793832015,-0.202595341756973,0.575970478340542,-0.351746051882174,0.725028720402691,0.999191353387358
"OS9",3.5985162358232,0.0141773152277199,0.465215594414752,0.030474720533724,0.975688454106516,0.999191353387358
"USP15",4.7934623591367,0.0324340965248785,0.388400333356205,0.0835068709766862,0.933448514227428,0.999191353387358
"GNS",3.07444344693114,-0.423255405620787,0.660878321897605,-0.640443772471577,0.521884132992735,0.999191353387358
"TMBIM4",8.16862426652641,-0.172060214437988,0.339712513162035,-0.506487714675143,0.61251431193353,0.999191353387358
"IRAK3",2.58872216473641,-0.508567898906181,0.628309943329132,-0.809422012663858,0.418272444664291,0.999191353387358
"RAP1B",6.16782689140854,-0.492424966550476,0.439660764795268,-1.12001116765509,0.262709003149743,0.999191353387358
"LYZ",131.345523373284,-0.0889498089561212,0.401850251291899,-0.221350636636803,0.824819425320183,0.999191353387358
"AC020656.1",3.8067389979739,-0.388577965795619,0.738589265848034,-0.526108330791215,0.598812940742342,0.999191353387358
"CCT2",2.02986763584252,0.848896156434397,0.536184905055578,1.58321532074165,0.113372395635559,0.999191353387358
"RAB21",1.09935657868419,0.556719644852098,0.71414320877674,0.779563031630177,0.435648122978555,0.999191353387358
"ATXN7L3B",1.16155668237276,-0.124892968709509,0.791918528596361,-0.157709365546574,0.874685820218141,0.999191353387358
"GLIPR1",7.07873343818426,-0.226434336290849,0.425093028940442,-0.532670076607099,0.594261983518797,0.999191353387358
"NAP1L1",5.38406288321212,0.0338463741938379,0.399255596607279,0.0847737000594392,0.932441302567551,0.999191353387358
"OSBPL8",2.44589554320872,0.301825427171247,0.641573890524445,0.470445308995546,0.638036899565557,0.999191353387358
"PPP1R12A",2.79256871418949,-0.0475694399186848,0.490778278100536,-0.096926539012267,0.922784732947111,0.999191353387358
"DUSP6",5.31612680428658,0.0282235697835821,0.445799698377372,0.0633099795408356,0.949519669182504,0.999191353387358
"ATP2B1",2.50666403905495,0.319682914793427,0.494522051796165,0.646448249642861,0.517989101484556,0.999191353387358
"ATP2B1-AS1",6.99847795626475,0.122516967609638,0.433161590405324,0.282843563056907,0.777296758734017,0.999191353387358
"BTG1",37.1215627773545,-0.0903291600780745,0.276154200306573,-0.327096817567125,0.743594658757819,0.999191353387358
"AC025164.1",2.34259237987603,0.0815912400786251,0.683712688581923,0.119335565130219,0.905009507911632,0.999191353387358
"UBE2N",2.16608953637501,-0.407677677063157,0.583590475038625,-0.698568078987538,0.484821998398266,0.999191353387358
"NDUFA12",4.60632511527166,-0.553334882195711,0.438768288871229,-1.26110955652519,0.20726937798486,0.999191353387358
"METAP2",2.64792999998847,-0.65537306334956,0.538792466614331,-1.21637384328664,0.223842543364837,0.999191353387358
"SNRPF",2.62352535514038,0.504206876894737,0.46455151167621,1.08536268685348,0.277761051674819,0.999191353387358
"LTA4H",3.26302157966537,-0.540977910454187,0.586361273880923,-0.922601704020527,0.356214807343898,0.999191353387358
"TMPO",4.07921958207412,0.282470399330371,0.471078702429949,0.599624644190691,0.548756419246592,0.999191353387358
"SLC25A3",7.76864807499166,0.138867480987359,0.402670687245723,0.344866128540957,0.730195015715724,0.999191353387358
"CHPT1",1.25122581662611,0.164422050083375,0.710876914123679,0.231294682407944,0.817085877521429,0.999191353387358
"HSP90B1",8.29733399608075,0.197203545620355,0.447372170448267,0.440804231123176,0.659354730144088,0.999191353387358
"WASHC4",3.30638462890406,-0.0626165307372395,0.501746174635254,-0.124797225973389,0.900684083576496,0.999191353387358
"CKAP4",1.88636239604277,-0.280077204486321,0.686619218184781,-0.407907610315311,0.683341505326253,0.999191353387358
"ISCU",6.23246407860843,0.238141531123548,0.364686484870342,0.653003445434003,0.513754057305229,0.999191353387358
"SELPLG",3.90796526848027,-0.396693934400919,0.479332493916408,-0.827596583656812,0.407899003680429,0.999191353387358
"GLTP",1.58850254647355,0.163650831478754,0.633380567522254,0.258376779885979,0.79611613530465,0.999191353387358
"GIT2",2.14155086144308,-0.242440687680667,0.699767131905855,-0.346459095642812,0.728997719797503,0.999191353387358
"ARPC3",30.1834028355031,-0.0857635155194395,0.202086751561419,-0.424389599302228,0.671281704618263,0.999191353387358
"VPS29",4.55834770121021,0.477716349448722,0.505986109018917,0.944129376150249,0.345103539359433,0.999191353387358
"HVCN1",7.59395472972599,0.00764481292207696,0.421004776407918,0.0181584945123515,0.985512413753077,0.999191353387358
"PPP1CC",3.47845545056702,-0.385544254726694,0.58277393380112,-0.661567431837586,0.508248485577563,0.999191353387358
"ALDH2",3.45895251683029,0.487167157574796,0.470794363941433,1.0347769533524,0.300773088314258,0.999191353387358
"ERP29",11.392766357645,-0.182800457700465,0.339711803540388,-0.538104522113645,0.590504890661766,0.999191353387358
"HECTD4",2.37326923332927,0.206918277207515,0.627996435731785,0.329489572606251,0.741785674215263,0.999191353387358
"RPL6",63.8197972717361,0.119729379776521,0.196544078759089,0.609173171394685,0.542409661195368,0.999191353387358
"OAS1",7.77373030101384,0.00945418966281632,0.439861805400388,0.0214935453516146,0.982851952338246,0.999191353387358
"OAS3",4.76297763156821,0.101602090510682,0.555288667357938,0.182971662278117,0.85482025346089,0.999191353387358
"OAS2",3.95100777187015,-0.425434918552674,0.469726440713051,-0.905707836899404,0.365090513373927,0.999191353387358
"PEBP1",4.47468889053469,-0.41935527639148,0.474821380917064,-0.883185326620176,0.37713614824397,0.999191353387358
"TAOK3",3.5834930824211,0.102666156506043,0.509447748016669,0.201524409334877,0.840288545041773,0.999191353387358
"RPLP0",64.1943910153691,-0.298115945462482,0.251551772458264,-1.18510771182081,0.235974862351122,0.999191353387358
"PXN",1.57853293722076,0.687271916817076,0.596835256376091,1.15152700762034,0.249515490913235,0.999191353387358
"COX6A1",17.0860238238202,0.0355206290275725,0.262866161970004,0.135128191325081,0.892510521139276,0.999191353387358
"SRSF9",6.12650674133415,-0.1706286981073,0.334375443996641,-0.510290756007232,0.609847777963999,0.999191353387358
"DYNLL1",8.67989758998834,0.943817615659762,0.452267000673199,2.08685934250098,0.0369008510263312,0.999191353387358
"ANAPC5",3.01569473189639,0.290434912228767,0.589020719747438,0.493080977445581,0.621955371268089,0.999191353387358
"ORAI1",2.76651949472878,0.361327378684349,0.490336678016717,0.736896493539547,0.461185296568193,0.999191353387358
"RHOF",1.90699071139638,-0.30763036283763,0.69125874997792,-0.445029249680321,0.656298616422896,0.999191353387358
"PSMD9",1.41252424097436,0.619869561899775,0.650912777339716,0.952308179343452,0.34094071085594,0.999191353387358
"BCL7A",0.943205986947705,0.126878140362881,0.974815952387176,0.130155995141622,0.896443009135303,0.999191353387358
"MLXIP",2.18029177476613,0.238744596773759,0.597061158564814,0.399866233716561,0.689255043670889,0.999191353387358
"RSRC2",2.36637076279007,-0.140814514650094,0.534263836476529,-0.263567370718493,0.792113304065874,0.999191353387358
"VPS37B",2.35039805395991,0.0391270946895798,0.549218308082208,0.0712414246098351,0.943205613082063,0.999191353387358
"ARL6IP4",8.12600705146774,-0.247442589273099,0.325543493164508,-0.760090723570563,0.447200357201202,0.999191353387358
"RILPL2",4.09751080436014,-0.34116483674075,0.511015397361359,-0.667621442528666,0.504375266794175,0.999191353387358
"NCOR2",2.04100415253903,-0.472843565079073,0.646579731207912,-0.731299702506491,0.464596112164387,0.999191353387358
"UBC",33.8716918968154,-0.35706882180959,0.205478526634575,-1.73774275909913,0.0822561507624637,0.999191353387358
"RAN",9.42389628571694,0.179471343595457,0.371635465045851,0.482923080479724,0.629150353069297,0.999191353387358
"GOLGA3",0.997669638706629,0.103134319145018,0.863762952456354,0.119401183914784,0.904957523377812,0.999191353387358
"MPHOSPH8",4.75088326584121,0.0661663383807152,0.393338567204722,0.16821726598266,0.866412358205783,0.999191353387358
"SAP18",6.65841310337163,-0.333738173413494,0.376512422505371,-0.886393525060207,0.375405507112387,0.999191353387358
"MRPL57",3.24932458155076,-0.0803440905633223,0.537024504855899,-0.149609728861221,0.881072532059835,0.999191353387358
"RPL21",56.9465130665177,0.207235917101928,0.301204670456927,0.68802358471916,0.491437929471952,0.999191353387358
"GTF3A",5.72805043202836,0.0744415635203661,0.415206084282498,0.179288228998392,0.857711389001777,0.999191353387358
"MTIF3",1.67081127594076,0.309283926340558,0.594608543696074,0.520147128088768,0.602961032942224,0.999191353387358
"POLR1D",3.99456124611421,-0.0615140124111851,0.429598849587762,-0.143189425367906,0.886140581096992,0.999191353387358
"PAN3",1.08108921409964,0.3659994745964,0.792055936897873,0.462087912666692,0.644018277877127,0.999191353387358
"POMP",6.20531281843626,0.0543057767497507,0.408490934301331,0.13294242831272,0.894238911748875,0.999191353387358
"HMGB1",16.5264067196586,-0.00526251747172034,0.261118902044648,-0.0201537208930992,0.983920745755758,0.999191353387358
"ALOX5AP",4.18655226242703,0.218195213243643,0.430646452278597,0.50666901373307,0.612387075663967,0.999191353387358
"N4BP2L2",5.14132954200465,-0.107654113272355,0.417974873146937,-0.257561208074126,0.796745571252466,0.999191353387358
"FOXO1",1.07031790554621,0.135689364888155,0.91907003336937,0.147637677175382,0.882628718831939,0.999191353387358
"ELF1",4.28327716717659,0.321378787731089,0.476774061588153,0.674069362457688,0.500267216624015,0.999191353387358
"EPSTI1",8.93849033936424,-0.125871083031937,0.367807679375411,-0.342219834141809,0.732185459898901,0.999191353387358
"DNAJC15",4.93194251757165,-0.248235186977468,0.382593085846297,-0.648822982329573,0.516452800692709,0.999191353387358
"TPT1",113.936497954223,0.0213454017407221,0.166078630481296,0.128525877645204,0.89773282065055,0.999191353387358
"AL138963.4",9.71273075438877,-0.131040327639932,0.82844513558982,-0.158176229191854,0.874317934290902,0.999191353387358
"LCP1",13.231591886917,-0.0871882468381146,0.274510404912815,-0.317613632407871,0.750778032054271,0.999191353387358
"RUBCNL",2.58822271726453,0.130761650621672,0.557464453081545,0.234565002124978,0.814546375967601,0.999191353387358
"ESD",3.00484485264414,-0.12888096375888,0.485722142080354,-0.265338868857987,0.79074842422713,0.999191353387358
"ITM2B",25.4423850148864,0.166708694873162,0.234908502474977,0.709675014385317,0.477905689693249,0.999191353387358
"RB1",2.17638536502682,-0.151388449355445,0.581550571436172,-0.260318632275749,0.794618001441912,0.999191353387358
"PHF11",3.9575869874939,-0.480469665727043,0.498969734733285,-0.962923464654363,0.33558593310799,0.999191353387358
"DLEU2",2.10941500338033,-0.689569783265393,0.633290320110955,-1.08886834579214,0.276211946945642,0.999191353387358
"RNASEH2B",2.92499291091528,-0.159462773118384,0.542470818394832,-0.293956407812375,0.768791213949738,0.999191353387358
"VPS36",2.23254961404663,0.540595156824121,0.579376660162112,0.933063400712174,0.350787234503111,0.999191353387358
"SUGT1",1.42760385816271,-0.324109667675046,0.699520043276719,-0.463331495344777,0.643126773621488,0.999191353387358
"PCDH9",1.30761104197871,0.756182124396882,0.816297063206156,0.926356541608563,0.354260720943555,0.999191353387358
"COMMD6",17.5853633775036,0.10610082166082,0.280954746028564,0.377643813320858,0.705695212410334,0.999191353387358
"KCTD12",3.18366159514618,0.349583181803197,0.553760136139597,0.631289901509036,0.527850988639241,0.999191353387358
"MYCBP2",5.2078204690909,-0.0241161662680425,0.354659166096554,-0.0679981474424294,0.945787108999649,0.999191353387358
"RBM26",1.20084730702978,0.266013400100432,0.711917960226111,0.373657380431791,0.708659237616328,0.999191353387358
"STK24",2.79336538477599,0.370920287408608,0.508485136674162,0.729461415204148,0.465719461864572,0.999191353387358
"UBAC2",1.74354732753436,-0.0159641983522737,0.670044617738392,-0.0238255750880559,0.980991739867247,0.999191353387358
"TM9SF2",3.02804295223909,-0.0443143472413747,0.488363163450245,-0.0907405606276638,0.927698740835767,0.999191353387358
"ARGLU1",6.35455444790821,-0.0867177654395332,0.378762562919505,-0.228950202393584,0.818907620814987,0.999191353387358
"TNFSF13B",8.17430488835211,-0.715813839091335,0.415280458874828,-1.7236877483491,0.0847642279415369,0.999191353387358
"LAMP1",2.89872407387993,-0.173308727128547,0.510369778243135,-0.339574823033477,0.734176740919264,0.999191353387358
"UPF3A",2.52545512111964,0.0443712570279395,0.571528759037064,0.0776360879944135,0.938117534934459,0.999191353387358
"OSGEP",1.2772585246369,0.823208718635756,0.715428366308698,1.15065149412954,0.249875639247732,0.999191353387358
"APEX1",3.58744229919324,0.593905228963067,0.467408865084469,1.27063321500275,0.203859164788673,0.999191353387358
"PIP4P1",1.07697805658439,0.46011596711883,0.797385595117385,0.577030698743806,0.563918717744809,0.999191353387358
"RNASE6",3.85260893093903,0.363625980294266,0.445752234060646,0.815758065824508,0.414638521457351,0.999191353387358
"RNASE2",3.53737839928307,-1.21313692542593,0.553675333615842,-2.19106189452832,0.0284473137542983,0.999191353387358
"HNRNPC",7.73330780384365,-0.28801347687446,0.330679618070242,-0.870974384678527,0.383768139553917,0.999191353387358
"SUPT16H",1.25516391524726,0.0396273712985316,0.729026594440147,0.0543565510514239,0.956651094884084,0.999191353387358
"DAD1",6.67466210754549,0.284770487384362,0.413218364569879,0.689152544516702,0.490727276793873,0.999191353387358
"OXA1L",3.7010407534276,-0.176318030568319,0.484832816238965,-0.363667690516674,0.716106172885836,0.999191353387358
"SLC7A7",4.3585882932565,-0.125837330658806,0.496636512407042,-0.253379136481351,0.799975248412688,0.999191353387358
"MRPL52",5.49921180996609,0.200595527275418,0.417065432120351,0.480968960327387,0.630538559510793,0.999191353387358
"RBM23",1.68210372116558,0.767457348952889,0.703441606671443,1.09100363366955,0.2752712837009,0.999191353387358
"ACIN1",2.8815920813941,0.0494092288163535,0.504292098978905,0.0979774002337094,0.921950239011112,0.999191353387358
"C14orf119",1.982734737485,-0.21552025802589,0.580259443422924,-0.371420509340695,0.710324352116817,0.999191353387358
"PABPN1",6.60994927199889,0.100087870267054,0.343958174544097,0.290988491259778,0.771060121485946,0.999191353387358
"AP1G2",2.38088810091657,0.627577757586105,0.569429781557515,1.10211614831515,0.27041117982909,0.999191353387358
"PSME1",18.270647989262,-0.0232491957375575,0.248706937768278,-0.0934802862605263,0.925522010394063,0.999191353387358
"PSME2",17.3982859752827,-0.236844415595059,0.380034783350545,-0.623217731563779,0.533141451090204,0.999191353387358
"IRF9",4.86855275819677,-0.184124948165432,0.407526744682888,-0.451810710751527,0.651405352972698,0.999191353387358
"CHMP4A",2.21495042463558,0.367182290456539,0.527632051803294,0.695905961742878,0.486487723503323,0.999191353387358
"NEDD8",6.1948708518703,0.00557134850398588,0.345300820133739,0.0161347676551363,0.987126876543181,0.999191353387358
"GZMB",1.32935899048763,-2.11006165343709,3.24346060459357,-0.650558742859002,0.515331370162765,0.999191353387358
"HECTD1",1.31133752462651,-0.126276683554414,0.804527832419541,-0.156957507827478,0.875278336778122,0.999191353387358
"EAPP",2.8204332363451,0.235411587619911,0.487918222296123,0.48248164725653,0.629463832772012,0.999191353387358
"SNX6",4.27288952294245,0.108466519851025,0.415059104060312,0.261327889907611,0.793839660588892,0.999191353387358
"BAZ1A",3.24967723493626,-0.144228011173995,0.465630686674661,-0.309747650448065,0.756752863760638,0.999191353387358
"PSMA6",5.27591153184321,-0.457840876240883,0.499072179219606,-0.917384088523636,0.358941407597229,0.999191353387358
"NFKBIA",15.2757011513549,-0.443169661254865,0.46552518384801,-0.951977844875427,0.341108218028202,0.999191353387358
"PNN",2.58840950307674,-0.0756522692134091,0.508781591703233,-0.148693015720459,0.881795872618613,0.999191353387358
"MIS18BP1",3.07035910925175,0.376336532489729,0.480339497006417,0.783480298487096,0.433345118599568,0.999191353387358
"RPS29",29.4448943261381,0.00759480872953478,0.405960166144852,0.0187082609647589,0.985073838112186,0.999191353387358
"RPL36AL",20.4737644933114,0.0776007955548272,0.256264416140492,0.302815337078574,0.762030594563525,0.999191353387358
"NEMF",2.02257745603623,0.188605668594775,0.553128608811898,0.340979775028983,0.733118807511516,0.999191353387358
"ARF6",6.48609876965389,0.337962030782275,0.365544821915704,0.924543340570723,0.355203497139424,0.999191353387358
"NIN",2.88812910795931,0.203262993524735,0.486751519620857,0.417590876106688,0.676246268731872,0.999191353387358
"PYGL",1.44360988962831,1.05036307543971,0.662821524443386,1.58468461977266,0.113038008053563,0.999191353387358
"TMX1",1.71387291913714,-0.271369536769926,0.62632605570216,-0.433271990362432,0.664817184230446,0.999191353387358
"GNG2",1.17152901016401,-0.0394256889022935,0.878160979650374,-0.0448957421428474,0.964190410702144,0.999191353387358
"RTRAF",4.31401979378776,-0.366036860990712,0.446374840637912,-0.820021263894736,0.412203985311063,0.999191353387358
"MAPK1IP1L",2.41374146046457,0.416916898848355,0.613872822496716,0.679158424301453,0.497037487142463,0.999191353387358
"LGALS3",12.6512132331093,-0.0534374581366516,0.299387779930548,-0.17848910917155,0.858338873489019,0.999191353387358
"KTN1",2.96216624802956,0.169180559409087,0.494813867138539,0.341907473991062,0.732420524817053,0.999191353387358
"PSMA3",2.40620097307921,-0.492361388079263,0.546940910913651,-0.900209470995295,0.368008786917198,0.999191353387358
"ARID4A",1.70438040820956,0.19790695588127,0.740978479363319,0.267088669095114,0.789400891548739,0.999191353387358
"DHRS7",2.44054073185654,-0.231511341810449,0.507327030075687,-0.456335515527154,0.648148728546494,0.999191353387358
"HIF1A",2.25657230721504,0.041442060210124,0.519216412687677,0.0798165450810825,0.936383165235257,0.999191353387358
"PPP2R5E",1.09294679049879,-0.0275189130820851,0.840555885464406,-0.0327389452122876,0.973882766737634,0.999191353387358
"CHURC1",5.06261605039481,-0.0019753798175252,0.36983308229457,-0.00534127397492209,0.995738300224221,0.999191353387358
"MAX",2.29910377764471,-0.428840615922556,0.536795678486695,-0.798889844142412,0.424354288290908,0.999191353387358
"VTI1B",2.5514117145474,-0.15574110396249,0.642455629315793,-0.242415346454902,0.808458344200814,0.999191353387358
"ZFP36L1",15.2980205713044,0.109921763570363,0.301222310771751,0.364919063560519,0.71517182352058,0.999191353387358
"ERH",5.07923329900195,-0.0874167244735653,0.481629900245195,-0.181501863628197,0.855973670482677,0.999191353387358
"SRSF5",11.4102879845636,-0.0380254871218498,0.279461756294485,-0.136066872355086,0.891768415950966,0.999191353387358
"COX16",2.93496001201307,0.212833810268086,0.604214397967101,0.352248822577171,0.72465166515149,0.999191353387358
"RBM25",3.56523518067897,0.189224482584865,0.475958843168595,0.397564800614152,0.69095101129365,0.999191353387358
"NUMB",2.36089556334203,0.26095137922562,0.524093041251602,0.497910406523304,0.618547192097679,0.999191353387358
"NPC2",12.9488212048209,-0.0462167378085392,0.282702239670546,-0.16348203630222,0.870138915827136,0.999191353387358
"YLPM1",1.10819118605302,1.39701998819526,0.788590089727371,1.77154139570563,0.0764707152668143,0.999191353387358
"FOS",45.1293657817006,-1.1598840326982,0.448302108363634,-2.58728212751873,0.0096736350407669,0.999191353387358
"SPTLC2",3.11623137423488,0.304099635746182,0.573866095728792,0.529913925930726,0.596171610353861,0.999191353387358
"SLIRP",4.01921853511594,-0.341208569146113,0.432028812187227,-0.789781976388753,0.429655106729269,0.999191353387358
"FOXN3",2.29153918696556,-0.511624760825557,0.581047188372839,-0.880521876817455,0.378576659219902,0.999191353387358
"PSMC1",1.38449248705423,-0.246355332937285,0.789738556428314,-0.311945429195526,0.755081996398788,0.999191353387358
"CALM1",21.4794002737481,-0.239518957259387,0.207001214225223,-1.15708962459893,0.247235745197051,0.999191353387358
"CCDC88C",2.10772684609038,-0.236819169255301,0.60496585220084,-0.391458738363104,0.695458182171338,0.999191353387358
"PPP4R3A",3.01112233642,-0.438509361084401,0.513437275596435,-0.854066079590746,0.393068377153918,0.999191353387358
"NDUFB1",4.25713866054177,-0.226706938940653,0.441528994222653,-0.513458780526494,0.60763043711284,0.999191353387358
"RIN3",3.62934311799244,0.698735171499525,0.467314961364057,1.4952124996383,0.134858992371137,0.999191353387358
"DDX24",6.5877176891378,0.570686005418524,0.43422374515755,1.31426715324253,0.188756316848998,0.999191353387358
"IFI27",46.4386711389835,-0.762480468013524,0.8728703204182,-0.873532356614225,0.382372977825708,0.999191353387358
"IFI27L2",4.35244398029892,-0.576365592396878,0.426911101473214,-1.35008340239435,0.176989231673836,0.999191353387358
"SERPINA1",20.8759889604841,-0.61102373588426,0.337304540122332,-1.81148980580771,0.0700650656655428,0.999191353387358
"TCL1A",10.543588424677,0.367924875639124,0.803172530031485,0.458089466312675,0.646888166424337,0.999191353387358
"PAPOLA",3.91298080238572,-0.46029340788963,0.447245473387198,-1.02917398895871,0.303397922848561,0.999191353387358
"EVL",4.56353981682212,-0.379049683796663,0.486038284086705,-0.779876187138057,0.435463756186474,0.999191353387358
"YY1",3.50140616472637,0.816080001688407,0.463307501656673,1.76142194713081,0.078167013082535,0.999191353387358
"WARS",4.41917843392195,-0.555396492721251,0.606530990894077,-0.915693511229411,0.359827669303272,0.999191353387358
"PPP2R5C",1.50184587300865,-0.0669622296662233,0.693725584768994,-0.0965255298873276,0.923103198673687,0.999191353387358
"DYNC1H1",2.93112643431936,-0.522671417494404,0.533861261661271,-0.979039789978306,0.327560319553027,0.999191353387358
"HSP90AA1",14.4512122120065,-0.17880068097804,0.25906071492123,-0.690188325282766,0.490075764182261,0.999191353387358
"TNFAIP2",9.14161638585776,-0.146884301484726,0.310390477182463,-0.473224252296827,0.636053196932504,0.999191353387358
"EIF5",6.48104101611521,-0.234100081489661,0.426979259645986,-0.548270381291486,0.58350626164832,0.999191353387358
"ATP5MPL",7.796549126497,0.1542806405415,0.352409463899879,0.437788017478815,0.661539957953376,0.999191353387358
"SIVA1",3.77348712734967,-0.313763104509843,0.451255773554503,-0.695311002978106,0.486860420280649,0.999191353387358
"PLD4",1.41753386114904,0.651438883464629,0.908170856610684,0.717308729654478,0.473183621946869,0.999191353387358
"CRIP1",27.785922608214,0.930996206946828,0.438938168239587,2.12101902798906,0.0339202011833555,0.999191353387358
"IGHA1",4.2388159008414,0.674793450813612,1.43485605527135,0.470286512946416,0.638150331988883,0.999191353387358
"IGHG1",3.0108591613021,-0.112679344024444,1.07566167103418,-0.104753517819512,0.916571394446367,0.999191353387358
"IGHG3",5.67734668067383,0.294926739789169,1.08046066496883,0.272963884157391,0.784880977921518,0.999191353387358
"IGHD",6.12553913294969,0.124085662733541,0.605241988897444,0.205018265437242,0.837557854376626,0.999191353387358
"IGHM",17.0666690868472,0.603296892363752,0.390948260617196,1.54316300425872,0.122791231098669,0.999191353387358
"FAM30A",2.47850962777178,0.352933538646098,0.544490844050015,0.648190033868925,0.516862047039744,0.999191353387358
"IGHV1-2",1.6725423992606,-3.87535182686957,3.59509432013587,-1.07795553656659,0.281053599261719,0.999191353387358
"IGHV1-3",0.522895765703107,3.55325830580881,3.55015016135784,1.00087549661555,0.316887004231319,0.999191353387358
"IGHV2-5",1.89216955256186,-4.04361208365611,3.59394943021588,-1.1251165777848,0.260539637292978,0.999191353387358
"IGHV3-7",8.88369961322197,-3.8990152380053,2.72892647261199,-1.42877255108796,0.153069617352725,0.999191353387358
"IGHV3-15",0.201422472811689,2.31023224076092,3.58797318854202,0.643882247542571,0.51965179431142,0.999191353387358
"IGHV3-20",1.05475886991225,1.56038390421634,1.02981641098746,1.51520590230266,0.129720268831566,0.999191353387358
"IGHV3-21",5.22720376009162,1.26612621927345,2.17032389266281,0.583381228743701,0.559636691469193,0.999191353387358
"IGHV3-23",2.90321067759041,1.2641450636803,2.27446559879688,0.555798717883002,0.578348462087872,0.999191353387358
"IGHV3-30",1.15848751638715,-0.128621019317609,2.40237391148954,-0.0535391342298838,0.957302350740091,0.999191353387358
"IGHV3-33",1.69157523596599,-3.10770174653176,2.694070971059,-1.15353373386083,0.248691379680605,0.999191353387358
"IGHV4-34",3.19335029800988,5.2782189071259,2.49066046539399,2.11920451641767,0.0340731867784566,0.999191353387358
"IGHV4-39",2.25660756892305,-1.99284937360189,3.5608693569405,-0.559652481975398,0.575716499877408,0.999191353387358
"IGHV3-48",0.609462509305617,2.1803005818776,2.17798060635126,1.00106519567694,0.316795290073562,0.999191353387358
"IGHV5-51",5.51661732171654,-0.597040470542259,2.15662034208145,-0.276840785970714,0.781902361947307,0.999191353387358
"IGHV4-59",1.22407430335653,-0.882905173847676,2.42576823066782,-0.363969303697497,0.715880931639706,0.999191353387358
"IGHV1-69",0.446796484788476,1.62111538258539,1.3569419317407,1.19468294454266,0.232210928566206,0.999191353387358
"IGHV1-69D",1.25314629648111,-2.39758819356996,3.29627327983937,-0.727363294856062,0.467003433550218,0.999191353387358
"KLF13",3.65227454232573,0.0440426044857767,0.426628867701871,0.103233999900245,0.917777256040628,0.999191353387358
"EMC7",2.06039533343654,0.711751975360678,0.636549250822573,1.11814125056455,0.263506670993952,0.999191353387358
"EMC4",1.91588746911169,-0.270612234154581,0.567598257421518,-0.476767203944417,0.633527901775003,0.999191353387358
"NOP10",8.89599368819315,-0.0103105705453616,0.353332189388917,-0.0291809545096744,0.976720270864729,0.999191353387358
"SRP14",14.6948671006966,0.0480411857803108,0.234638228919883,0.204745773957894,0.837770755461708,0.999191353387358
"PLCB2",3.03275895448462,-0.51803979369263,0.592349461118993,-0.874550966441354,0.381818277349148,0.999191353387358
"OIP5-AS1",1.83599678536561,-0.158162528934466,0.64206751761131,-0.246333173063916,0.805424332552601,0.999191353387358
"RTF1",1.95255519014088,0.117045159675242,0.634152208709138,0.184569505660945,0.85356670591914,0.999191353387358
"ZNF106",3.40890678868283,-0.0120323223956499,0.435080875968312,-0.0276553695192207,0.97793702003924,0.999191353387358
"SNAP23",2.57669612095711,0.143655070602868,0.504784899746143,0.284586703514928,0.775960799261294,0.999191353387358
"CCNDBP1",2.4586092248277,0.17257633557346,0.548591836781586,0.314580575215831,0.753080129632699,0.999191353387358
"PDIA3",4.09088626325882,-0.243673653051108,0.52714529582884,-0.462251403890413,0.64390104439016,0.999191353387358
"SERF2",65.9234436941079,0.0267644459230448,0.169263019870763,0.158123410201946,0.874359553996523,0.999191353387358
"SPG11",2.1043779673627,0.0698399733577379,0.556375440723666,0.125526700579915,0.900106588206559,0.999191353387358
"B2M",339.949650782107,0.0621632282589408,0.198059396638932,0.313861545141765,0.753626198105033,0.999191353387358
"BLOC1S6",2.15579759805807,-0.189066182898424,0.568052639449755,-0.332832152811688,0.73926098619256,0.999191353387358
"SQOR",3.44325949283626,-0.216877195935069,0.575273116285484,-0.376998663409541,0.706174598202307,0.999191353387358
"DUT",2.40045588990525,0.34572497893089,0.511215721059079,0.676280021699365,0.498862874611506,0.999191353387358
"EID1",6.70038697325852,0.0317451833134871,0.396175669950165,0.0801290581965328,0.936134611948408,0.999191353387358
"SECISBP2L",1.78200789191665,-0.316832754924377,0.687310607284788,-0.460974632962556,0.644816804792917,0.999191353387358
"GABPB1-AS1",2.53079189039004,0.245765264230084,0.719239155288507,0.341701730812334,0.732575369433333,0.999191353387358
"USP8",1.32747579464849,0.12382581838457,0.735028676558551,0.168463928461036,0.866218318989507,0.999191353387358
"DMXL2",3.08887429735031,-0.234769080034256,0.524767969523817,-0.447376924028517,0.654602934345989,0.999191353387358
"LYSMD2",2.38967391796421,0.515250552172394,0.656119320658276,0.785300075686614,0.432277651455542,0.999191353387358
"TMOD3",2.64243785927312,-0.387250147170033,0.580960366318616,-0.666568959985911,0.505047501535472,0.999191353387358
"RSL24D1",4.08403112806927,0.169918198576265,0.420999383710838,0.403606763217906,0.686501911511311,0.999191353387358
"LINC00926",6.47720169492941,0.695618432384942,0.340056020845168,2.04559951815017,0.0407957889196012,0.999191353387358
"ADAM10",2.39021866665266,-0.617956828207976,0.57994370324694,-1.06554623276054,0.286628815590297,0.999191353387358
"SLTM",3.60846994664268,-0.640493570457004,0.472118284821126,-1.35663792538701,0.174896285057696,0.999191353387358
"GTF2A2",3.18219361680346,0.291205228382003,0.498093086185004,0.584640173611729,0.558789689010821,0.999191353387358
"BNIP2",2.81046655917161,0.0615691177372904,0.535110644856219,0.115058667453408,0.908398620855013,0.999191353387358
"ANXA2",20.7536846863826,-0.14170384247812,0.278232923907575,-0.509299332688579,0.610542425607799,0.999191353387358
"VPS13C",4.16079571653335,0.0645429635424245,0.451984418368068,0.142799089790447,0.886448855956634,0.999191353387358
"RPS27L",3.82461205667298,-0.0102073536784145,0.436371997259199,-0.0233914039913782,0.981338061752747,0.999191353387358
"RAB8B",1.36800044886237,0.248888940225601,0.729646146941908,0.341109099621431,0.733021451112947,0.999191353387358
"USP3",3.07169231419479,-0.359963512471325,0.551745074997919,-0.652409108450461,0.514137290001896,0.999191353387358
"CIAO2A",5.58926027755949,-0.25285399470009,0.353675042581269,-0.71493310032468,0.474650382602675,0.999191353387358
"SNX1",1.9251178240158,0.619241131520666,0.581247361326391,1.06536592287933,0.286710371374403,0.999191353387358
"SNX22",1.33057976309518,0.414800233859971,0.687325756839034,0.603498748202904,0.546176948026316,0.999191353387358
"PPIB",15.005280759892,-0.20278065730898,0.339445874880834,-0.597387307711925,0.550248825717486,0.999191353387358
"SPG21",2.78585290559107,-0.575693991617377,0.541739680058291,-1.0626764344739,0.287928711213632,0.999191353387358
"PDCD7",1.31861235837077,1.07386176517423,0.649518785230011,1.653319025706,0.0982659528897409,0.999191353387358
"DENND4A",0.890975196196512,0.662814043256924,0.784252461640094,0.845153921316093,0.398024905637089,0.999191353387358
"RAB11A",2.93884630053749,-0.0994443171518123,0.495964558974095,-0.200506901859103,0.841084160696606,0.999191353387358
"MAP2K1",1.85271666027347,0.0986168338693505,0.600328323769232,0.164271499385825,0.86951741707821,0.999191353387358
"RPL4",30.5667053775761,0.219422744961125,0.239403330700679,0.91654006783834,0.359383702083678,0.999191353387358
"PIAS1",1.93244213979077,-0.154786816795139,0.572431141966638,-0.270402508611526,0.786850610370776,0.999191353387358
"ANP32A",5.5358350502414,-0.197426861771034,0.356748078150991,-0.553406938572139,0.579984788774191,0.999191353387358
"RPLP1",267.025591118384,-0.149055348403442,0.16100360627167,-0.925788880479686,0.354555706958711,0.999191353387358
"PKM",14.0538753892279,-0.45032102832578,0.354192247740639,-1.2714028361669,0.203585374169399,0.999191353387358
"HEXA",2.70440487085358,-0.0770662704706556,0.569717369732605,-0.135271056430711,0.892397568337828,0.999191353387358
"ADPGK",2.41639313277864,-0.263673654632124,0.542971726061064,-0.485612126703023,0.627242196884207,0.999191353387358
"PML",1.89688208511406,-0.0940899069261278,0.631273252184095,-0.149047827704711,0.881515893375594,0.999191353387358
"UBL7",2.30419617338152,-0.166808983516117,0.64506162461502,-0.258593872508957,0.79594861150811,0.999191353387358
"CSK",9.56196066969229,-0.229637680533144,0.331723657784991,-0.692255964095226,0.488776599100179,0.999191353387358
"SCAMP2",2.86031505658016,0.067666389511967,0.501628595412121,0.134893405461414,0.89269615357519,0.999191353387358
"COX5A",9.33803193414822,-0.00855164963544274,0.370330730693911,-0.0230919254781233,0.981576946505375,0.999191353387358
"IMP3",4.08227174023699,-0.0221948874157529,0.469455018052387,-0.0472779852430423,0.962291673689801,0.999191353387358
"RCN2",1.29974165478497,0.473914686886014,0.79313406127607,0.597521541469968,0.550159229285707,0.999191353387358
"PSTPIP1",3.26358704254408,-0.32440205347838,0.509550876529402,-0.636643107530131,0.524357339437445,0.999191353387358
"TSPAN3",2.84264849993774,0.553067525334695,0.551411881641232,1.00300255353319,0.315859629197353,0.999191353387358
"PSMA4",4.61337392618436,-0.376156505564717,0.587861210790487,-0.639872981343514,0.522255180686169,0.999191353387358
"MORF4L1",5.31022185755949,-0.162082453968217,0.38676707029232,-0.419069942654927,0.675165016779856,0.999191353387358
"CTSH",4.99034736528693,0.0857003702915616,0.474591925719385,0.180576966541639,0.856699636678505,0.999191353387358
"BCL2A1",3.66829917018529,-1.0896564305057,0.610007639938736,-1.7862996447309,0.0740507544111358,0.999191353387358
"ZFAND6",2.18342817603937,-0.0622604558152047,0.561415364992359,-0.110899094854755,0.911696363376994,0.999191353387358
"IL16",4.72765095028934,-0.700554195893455,0.476169016345367,-1.471230113354,0.14122889597424,0.999191353387358
"RPS17",12.9833494447293,-0.109024349745566,0.30622934885462,-0.356021884098784,0.721824176399451,0.999191353387358
"SEC11A",5.40833582862478,0.146776537870034,0.365297693128298,0.401799794061345,0.687831373726069,0.999191353387358
"AKAP13",5.12935585986319,-0.157445050684863,0.450688195558877,-0.349343630998862,0.726831346462505,0.999191353387358
"ISG20",14.1762521197752,-0.122218480815534,0.436187775749626,-0.280196941799872,0.779326412828071,0.999191353387358
"ANPEP",2.07883660657975,-0.108222958336814,0.674459949012222,-0.160458687717946,0.872519762328435,0.999191353387358
"CIB1",9.27635869568456,0.0536651371023379,0.406505645145889,0.132015724118858,0.894971854556339,0.999191353387358
"IQGAP1",7.32515136081259,0.973533418997707,0.436297338037546,2.23135310285558,0.0256577487174956,0.999191353387358
"CRTC3",0.748778616495751,0.825842039339653,0.863278962560242,0.956634037380499,0.33875200258235,0.999191353387358
"FES",2.14064950170176,-0.144854276543761,0.552838351147906,-0.262019225408273,0.793306620125,0.999191353387358
"LINC01578",5.30645492346559,0.187555844575107,0.3906806182425,0.480074607793031,0.631174342987802,0.999191353387358
"CHD2",2.33728676524178,0.330033595484226,0.504870948865722,0.653698922914266,0.51330579732258,0.999191353387358
"MEF2A",2.32965739718821,-0.15041848051704,0.598239386575879,-0.251435268042087,0.801477603342967,0.999191353387358
"MPG",3.17497143790521,0.129501238058966,0.568551552723556,0.227773958999163,0.819821972293978,0.999191353387358
"MRPL28",2.04071265742839,-0.0422248682588405,0.605440529132856,-0.0697423879424082,0.944398703200786,0.999191353387358
"NME4",1.45254823944934,0.184802387339512,0.615572785554988,0.30021208161907,0.764015390078694,0.999191353387358
"METTL26",3.87265258547995,0.30385669654425,0.465436981101212,0.652841757063078,0.513858300390644,0.999191353387358
"STUB1",4.32346051613828,0.0826010382346661,0.403078484735085,0.204925445943745,0.837630374101579,0.999191353387358
"UBE2I",5.34178516954619,-0.403793727308198,0.39627474658527,-1.01897416069967,0.30821523383619,0.999191353387358
"GNPTG",2.49163284309625,-0.181792787282795,0.528022546195921,-0.344289819805045,0.730628339475608,0.999191353387358
"CLCN7",1.54325016156245,-0.0622808287731685,0.773632643428421,-0.0805043961138526,0.935836099992221,0.999191353387358
"MAPK8IP3",1.9475219607289,0.127518527176702,0.596511032906901,0.21377396249535,0.830723330502784,0.999191353387358
"NME3",3.11742665705542,0.110871940333765,0.503364366236678,0.22026179795499,0.825667270361915,0.999191353387358
"MRPS34",3.56912581658752,0.166562578797445,0.425276625649399,0.391657026865991,0.695311645910261,0.999191353387358
"SPSB3",2.5981632569724,0.208258704372807,0.496209755322087,0.419698932032538,0.674705405380041,0.999191353387358
"NUBP2",1.58331114778072,-0.00360230758930622,0.7195081729585,-0.0050066249761891,0.996005307918463,0.999191353387358
"MSRB1",2.72581531975944,-0.227214911520585,0.573605158318774,-0.396117273747237,0.692018515771271,0.999191353387358
"NDUFB10",6.26162832358624,0.0222294387552944,0.391416102628458,0.0567923460634809,0.954710611055525,0.999191353387358
"RPS2",75.0703447369862,-0.0122649287387276,0.204869111326386,-0.0598671447311926,0.952261447646932,0.999191353387358
"RNPS1",4.12399117803085,-0.422038073559605,0.44084279067663,-0.95734371182942,0.338393799127445,0.999191353387358
"ATP6V0C",14.7312449821463,0.112774330808067,0.289538914728645,0.389496282093059,0.696909060411576,0.999191353387358
"SRRM2",12.76369646775,0.367269889077771,0.319112988844855,1.1509086183149,0.249769831847858,0.999191353387358
"ELOB",17.5307065877861,0.107047642425174,0.225103263190086,0.475549047615442,0.634395682540215,0.999191353387358
"HCFC1R1",1.87651895761272,0.402774634818266,0.668390005230832,0.602604215601886,0.546772015279424,0.999191353387358
"IL32",0.700709009582656,0.912967587809347,2.18938142638053,0.41699795970164,0.676679900077524,0.999191353387358
"MEFV",1.14961845981996,0.577490894459078,0.705513946362768,0.818539303774639,0.413049308834036,0.999191353387358
"CREBBP",2.22129800934027,0.116571716992215,0.542785658116666,0.214765654267083,0.829950031967198,0.999191353387358
"UBN1",1.88710280188818,0.284721760468689,0.681147865139997,0.418002866984205,0.67594502106627,0.999191353387358
"CARHSP1",1.47528356150315,0.56571459299216,0.642094893603807,0.881045151779736,0.378293382023262,0.999191353387358
"USP7",1.60699320825595,0.808974465962333,0.688160504861591,1.17556073074121,0.23977045547984,0.999191353387358
"CIITA",3.3884370666366,-0.300538624147814,0.48239601917536,-0.623012239324808,0.533276478901983,0.999191353387358
"LITAF",4.48643863552353,0.700346289542827,0.529791605692702,1.32192787129408,0.186192170426999,0.999191353387358
"RSL1D1",4.25809971624354,-0.0808488065771107,0.429138846484507,-0.188397781369414,0.85056483876902,0.999191353387358
"GSPT1",1.84374527179893,-0.399109035377796,0.632639270831779,-0.630863516981892,0.528129768187904,0.999191353387358
"SNX29",2.37731863623291,0.326602569071568,0.614902247284457,0.531145512175174,0.595317947818799,0.999191353387358
"CPPED1",3.03597436894667,0.196664166305307,0.482429138685964,0.407653996275969,0.683527716176392,0.999191353387358
"RPS15A",144.278356684991,0.0949031515146629,0.174305700327568,0.544463843329932,0.586122322821785,0.999191353387358
"ARL6IP1",3.91952054945538,0.0128843178099969,0.435140119988338,0.0296095837137293,0.976378421967742,0.999191353387358
"SMG1",2.85047441897965,-0.259814694629767,0.520611420579802,-0.499056848081459,0.617739336142189,0.999191353387358
"METTL9",5.76938256712946,-0.0809151149967337,0.407753611842178,-0.198441197445609,0.842699887384426,0.999191353387358
"IGSF6",6.09022593007257,-0.0811640783891098,0.386275824604834,-0.210119487731705,0.833574415971831,0.999191353387358
"UQCRC2",1.51317601296519,-0.154805583701746,0.719614783699569,-0.215122850736729,0.829671538642034,0.999191353387358
"GGA2",3.12630099392701,-0.51838429738333,0.557177979485532,-0.930374703361353,0.352177111472209,0.999191353387358
"NDUFAB1",3.93229655659562,-0.117184185812403,0.46559855121902,-0.251685031032836,0.801284528129187,0.999191353387358
"PRKCB",6.7460458695751,0.459159917498351,0.367028218270022,1.25102075165389,0.210926906470624,0.999191353387358
"RBBP6",3.34656321943669,0.421156480706782,0.481917062195283,0.873919007532711,0.38216236265586,0.999191353387358
"ARHGAP17",2.53581441626283,-0.064150117253791,0.502982649810371,-0.127539423632159,0.898513472391225,0.999191353387358
"NSMCE1",1.49258382342639,0.23987013567451,0.660214270863431,0.363321646108628,0.716364625294138,0.999191353387358
"IL4R",2.94760968124185,0.667485383574931,0.477907541326898,1.39668309422713,0.162508890197708,0.999191353387358
"CLN3",1.49347157058638,0.451414549247268,0.692019289488184,0.652314980383181,0.514197998081815,0.999191353387358
"SULT1A1",2.47835143147005,0.523892062792559,0.564796385546623,0.927576868760453,0.353627101034942,0.999191353387358
"ATXN2L",2.59382384604482,0.284733185382382,0.519923419641061,0.547644469600836,0.583936048442305,0.999191353387358
"TUFM",2.62487287873077,0.67839471474117,0.560251159716302,1.21087605616862,0.225942910493672,0.999191353387358
"CD19",3.97775006318252,0.181147474629982,0.521998369375463,0.347026897510644,0.728571111687636,0.999191353387358
"NFATC2IP",2.31193383429261,0.0612400251792498,0.635360294704108,0.0963862956021981,0.923213775970358,0.999191353387358
"MAZ",2.33523196188071,0.72741350764136,0.546893188254996,1.33008332022266,0.183490820522082,0.999191353387358
"PAGR1",1.77500910961474,-0.152088568619687,0.612239941427178,-0.248413339817649,0.803814613319106,0.999191353387358
"MVP",3.41685578183168,0.185507504042152,0.511661500148991,0.362559043406888,0.716934309948405,0.999191353387358
"TMEM219",7.08831686838155,0.344408605146669,0.361033978431863,0.953950668694938,0.340108613827432,0.999191353387358
"INO80E",2.52406232888096,-0.400540229268242,0.555209446920262,-0.721421855283681,0.470650003927377,0.999191353387358
"ALDOA",15.5660088741948,-0.674431184084046,0.378626245513593,-1.78125841004288,0.0748702454451674,0.999191353387358
"PPP4C",5.5447998075082,-0.218888579621162,0.397625035470528,-0.550489934221926,0.581983378999813,0.999191353387358
"YPEL3",8.83019202081237,0.169147039670228,0.337635746596529,0.500974915645874,0.616388776854727,0.999191353387358
"CORO1A",32.5199468980924,0.0878168837922492,0.226267400432911,0.388111073995776,0.697933837186755,0.999191353387358
"SEPTIN1",3.49296833411071,-0.0916585275936102,0.581583436040564,-0.157601681742561,0.874770678297554,0.999191353387358
"SEPHS2",1.62863779062715,-0.0852014386168994,0.596980765650306,-0.142720575802953,0.886510865931418,0.999191353387358
"ITGAL",3.12502902142918,-0.228593112923026,0.626847954354415,-0.364670748839648,0.71535719614043,0.999191353387358
"PRR14",1.81831425514402,0.371850237483684,0.625733912374569,0.594262561337881,0.552336514958971,0.999191353387358
"BCL7C",2.20100087489909,-0.329820179249252,0.543351555330078,-0.607010647183832,0.543843846269076,0.999191353387358
"VKORC1",2.22149364559991,-0.225207047048183,0.57104172512933,-0.394379319649852,0.693301009679926,0.999191353387358
"FUS",7.31550683457987,-0.00345386940294491,0.35724488666843,-0.00966807232751399,0.992286114528904,0.999191353387358
"PYCARD",17.5893243932089,0.0019699407599726,0.263065240988778,0.00748841143956617,0.994025167968568,0.999191353387358
"ITGAM",2.86385310164629,0.22680275256059,0.515405707202612,0.440047033610808,0.659903042651443,0.999191353387358
"ITGAX",2.81159507208965,-0.706535281927108,0.624226556608484,-1.13185713495725,0.257694502456544,0.999191353387358
"ZNF267",0.829026004503635,0.952757013938031,0.816959610779155,1.16622290914647,0.243524332429808,0.999191353387358
"VPS35",2.77061773770462,-0.244474739542469,0.493780513965195,-0.495108115100106,0.620523805793095,0.999191353387358
"LONP2",1.73561210880156,-0.141630685766192,0.659514376171195,-0.214749959793792,0.829962268877516,0.999191353387358
"ADCY7",1.23642453423732,0.135536734837734,0.777156585175799,0.174400805993395,0.861550480936278,0.999191353387358
"BRD7",2.95453583882943,-0.257430881841677,0.484809767376518,-0.530993596178413,0.595423216813254,0.999191353387358
"CHD9",1.20236409370742,1.53053573840988,0.690365425290133,2.21699361286329,0.0266235279979509,0.999191353387358
"RBL2",2.57517102113799,0.771352947211041,0.584769983163102,1.3190706934694,0.187145479688818,0.999191353387358
"AMFR",1.29680002600455,-0.131781868859915,0.759734264002423,-0.173457845860029,0.862291559698593,0.999191353387358
"NUDT21",1.12639709094695,0.436584151083541,0.706866309966302,0.617633270857618,0.536817107801239,0.999191353387358
"MT2A",26.6905165067409,0.220453309695302,0.647042477809057,0.34070917637707,0.733322529833574,0.999191353387358
"HERPUD1",3.20344136568263,-0.179739342889575,0.522540990203046,-0.343971757736618,0.730867525642866,0.999191353387358
"FAM192A",1.35795627187474,-0.280543495765963,0.832952043133951,-0.336806300048714,0.736262923534597,0.999191353387358
"ARL2BP",1.52293693706751,-0.330731534638625,0.668943590356456,-0.494408705616552,0.621017567029753,0.999191353387358
"CKLF",6.38543310444536,0.0492117182523907,0.361983993786021,0.13594998424566,0.891860820540532,0.999191353387358
"CIAO2B",4.18441102505038,0.0105466063218119,0.388267544963396,0.027163244671419,0.978329531384611,0.999191353387358
"E2F4",2.00159916782673,0.194162273036379,0.5481245063747,0.354230235609369,0.723166346002172,0.999191353387358
"TMEM208",1.74448208111749,-0.140757386028655,0.601051414192003,-0.234185267191953,0.814841152117519,0.999191353387358
"ATP6V0D1",5.81746617168279,-0.117489584722395,0.444556233352537,-0.26428509130638,0.791560247414701,0.999191353387358
"RIPOR1",1.44976057468953,0.204183098061046,0.718122954660426,0.284328883704319,0.776158353161406,0.999191353387358
"CTCF",1.7637842435171,0.195860771298278,0.584130033259303,0.335303374499377,0.737396248446076,0.999191353387358
"NUTF2",2.46912196440134,0.130001551556958,0.537969259178298,0.241652379460351,0.809049531686636,0.999191353387358
"PSMB10",11.9300522441722,-0.101745185523885,0.277029120419398,-0.367272528497551,0.713415743498048,0.999191353387358
"DPEP2",1.65653909391524,1.01439731721508,0.630286964425763,1.60942138179753,0.107524233013633,0.999191353387358
"IST1",1.28043749861752,0.850829157303298,0.715408749306361,1.18929095866976,0.23432519193817,0.999191353387358
"PSMD7",3.63176962659138,-0.398808453624085,0.473629577374602,-0.842026074120494,0.399773358744941,0.999191353387358
"GLG1",2.48600681158146,0.17844600493725,0.542314948469264,0.329044968133243,0.742121699105253,0.999191353387358
"GABARAPL2",5.19908996651807,0.245338508225273,0.466050214060925,0.52642076073202,0.59859589422136,0.999191353387358
"TERF2IP",2.71149385330502,-0.0571114313684196,0.493708540302629,-0.115678435162195,0.90790739774449,0.999191353387358
"CMC2",1.2946439646662,0.0195895453942176,0.767295960178322,0.0255306249620614,0.97963172125666,0.999191353387358
"PLCG2",2.4672628988689,0.526086597427319,0.616326003591272,0.853584944269533,0.393335003494822,0.999191353387358
"HSBP1",4.59862306834548,-0.339584437468616,0.417001838044355,-0.814347579524328,0.415445859836424,0.999191353387358
"COTL1",34.4761469383596,-0.091568248724779,0.197159836872091,-0.464436622475929,0.642334956818649,0.999191353387358
"USP10",1.63439496114117,-0.150789539620237,0.6583609305102,-0.229037800744619,0.818839536171067,0.999191353387358
"COX4I1",33.0317161376133,0.20282153979373,0.223647279387756,0.906881319321042,0.364469560779403,0.999191353387358
"IRF8",3.35414212950908,0.22224117833441,0.447278871531472,0.496873857630391,0.619278007754916,0.999191353387358
"MAP1LC3B",3.69537873617771,0.0670854503021369,0.439377618704619,0.152682902920543,0.878648344160411,0.999191353387358
"CYBA",71.7996840816018,0.0242301835250865,0.202134347811382,0.119871678353728,0.904584800070868,0.999191353387358
"RNF166",3.11848024785517,0.30353319569301,0.506293249435324,0.599520526950625,0.548825825889143,0.999191353387358
"APRT",10.1888912386475,-0.247093972199421,0.302805839246512,-0.8160145551165,0.414491811093715,0.999191353387358
"TRAPPC2L",2.21165368252237,0.322847687498363,0.607605576257318,0.531344181347076,0.59518029439684,0.999191353387358
"ANKRD11",3.89616104022941,0.662033883033298,0.46361207698135,1.42799102073419,0.15329444304482,0.999191353387358
"SPG7",2.27248182452131,-0.188908058300303,0.602389161998508,-0.31359803631522,0.753826351153992,0.999191353387358
"RPL13",215.443758181337,-0.0841302336173026,0.176474926294334,-0.476726271453349,0.633557052770751,0.999191353387358
"TCF25",7.5654813119572,0.0320661180861004,0.323228050456148,0.0992058642214,0.920974818854926,0.999191353387358
"DEF8",1.74293997850929,0.0979998985266199,0.629387879528828,0.155706682181399,0.876264229799283,0.999191353387358
"YWHAE",2.57077999616672,-0.0312576400807126,0.497720974671584,-0.0628015327289304,0.949924545339209,0.999191353387358
"PITPNA",1.37217476413474,0.501758443260076,0.695997351791464,0.720920046561347,0.470958708235766,0.999191353387358
"SLC43A2",1.73152358612933,0.252750946752053,0.585334019292826,0.431806350598613,0.665882163521117,0.999191353387358
"PRPF8",3.01131985675085,-0.144819512491311,0.541009459573195,-0.267683882284721,0.788942657275634,0.999191353387358
"PAFAH1B1",2.87380834323069,-0.524924043354445,0.499986886612356,-1.0498756215609,0.293775301249569,0.999191353387358
"EMC6",1.76370788497896,-0.812143623382358,0.66558619194787,-1.22019301663332,0.222391713546001,0.999191353387358
"P2RX5",4.74191837323386,0.191673352366094,0.89995391709247,0.212981296848336,0.831341550958415,0.999191353387358
"ATP2A3",3.30105575191304,-0.241646651150594,0.492681221017042,-0.490472623762202,0.623799497302706,0.999191353387358
"ARRB2",6.635966453403,0.578521996267481,0.387190324071282,1.49415406403848,0.135135355834662,0.999191353387358
"CXCL16",1.51889456842019,0.262284746427791,1.02312322925719,0.256356945993902,0.797675229352396,0.999191353387358
"PSMB6",5.74245431666074,-0.157992488949003,0.377098140079236,-0.418969154596745,0.675238675301009,0.999191353387358
"SLC25A11",2.38428589936151,0.0528460826969745,0.5715551667071,0.0924601609350093,0.926332442557112,0.999191353387358
"RNF167",1.54740999938025,0.239210667922545,0.673688674566348,0.3550759823542,0.722532669125517,0.999191353387358
"PFN1",77.3390807652283,0.0548354742418211,0.212464390305312,0.258092540415937,0.796335488492703,0.999191353387358
"SPAG7",1.58312172137847,0.536239084174039,0.59195629679816,0.905876138279987,0.365001415507441,0.999191353387358
"SCIMP",4.21065839360095,0.0273991444928956,0.553989337787241,0.0494578913780796,0.960554393919283,0.999191353387358
"RPAIN",1.97631135488113,0.889281462121268,0.562751635496945,1.58023789897292,0.114052395565184,0.999191353387358
"C1QBP",4.0044047390248,-0.101069756223596,0.443584940282676,-0.227847582380027,0.819764734041552,0.999191353387358
"NLRP1",2.27511195001122,-0.0451842128286248,0.596546737850488,-0.0757429551814083,0.939623600835443,0.999191353387358
"TXNDC17",3.37388619942144,-0.0974564970613771,0.485655348101655,-0.200670078981562,0.840956557295277,0.999191353387358
"XAF1",10.4845987086992,-0.0329558760312419,0.349349586611602,-0.0943349507033521,0.924843087051147,0.999191353387358
"RNASEK",25.6025792027756,-0.0982325692488596,0.214452372228356,-0.458062404384402,0.646907608114649,0.999191353387358
"C17orf49",3.88646576158436,-0.0709241872539875,0.483195073624521,-0.146781685338748,0.883304341077705,0.999191353387358
"ASGR1",1.77209798992286,0.432522975100031,0.629633165112992,0.686944397254569,0.492117767919082,0.999191353387358
"ACADVL",2.86988672069944,-0.338092066425273,0.623993338548309,-0.54181999316183,0.587942516882348,0.999191353387358
"GABARAP",41.5485769275556,0.0460125796741566,0.168511531185573,0.273053003259969,0.784812472317787,0.999191353387358
"CTDNEP1",4.64086107526429,0.381560019920314,0.433738980239752,0.879699628816863,0.379022050521773,0.999191353387358
"EIF5A",4.98796987242009,-0.083655999233384,0.446021574662674,-0.187560432018682,0.851221246354078,0.999191353387358
"GPS2",3.89389431446871,0.0893794240580316,0.471182954689607,0.189691547982483,0.849550844294004,0.999191353387358
"ACAP1",3.37001479548806,-0.0180741113169807,0.440860711781821,-0.0409973282580133,0.967298025814339,0.999191353387358
"TMEM256",4.3624447744054,0.269938181698772,0.405817345959445,0.66517162064765,0.50594072984597,0.999191353387358
"POLR2A",2.29887996053136,0.147334409538641,0.538894509972387,0.273401207123433,0.784544824972022,0.999191353387358
"TNFSF12",2.46748882782657,1.0462205811892,0.485570386440118,2.15462188470634,0.0311914350583319,0.999191353387358
"TNFSF13",2.8428764712091,-0.105766921932011,0.47087237924013,-0.224619082781395,0.822275618295875,0.999191353387358
"EIF4A1",19.695281660081,-0.236069068316292,0.23212335001898,-1.01699836874227,0.309154205426723,0.999191353387358
"CD68",11.3084667218907,-0.0637906313481348,0.311577934961509,-0.204734110443396,0.837779868580272,0.999191353387358
"SAT2",3.04158807964179,0.473938813216732,0.514650955780706,0.92089368122864,0.357105937898889,0.999191353387358
"KDM6B",1.58445329517946,0.214400398923028,0.623694615999197,0.343758617475871,0.731027824104411,0.999191353387358
"NAA38",5.91594868051176,0.291922324497689,0.394015773206551,0.740889944892274,0.458760172685721,0.999191353387358
"CHD3",1.72598174033115,-0.157768683882173,0.69713001977554,-0.226311705717351,0.820958994708929,0.999191353387358
"TRAPPC1",7.83738753912004,-0.353513810911877,0.34451843801948,-1.02610998977038,0.304839742016139,0.999191353387358
"VAMP2",6.00555484717642,-0.382480362667217,0.371350557729432,-1.02997115449573,0.303023546651599,0.999191353387358
"RPL26",125.830484323595,0.170149826662343,0.152539406920077,1.11544832969944,0.264658348808654,0.999191353387358
"GAS7",1.73997998439449,-0.358904204456539,0.610782554466704,-0.587613712657381,0.556791604753713,0.999191353387358
"NCOR1",5.06508307668218,-0.0705525162497594,0.390645339830889,-0.180605037501028,0.85667760155594,0.999191353387358
"UBB",13.6108509924762,0.305884657140925,0.279222259483491,1.0954880807381,0.273302864544225,0.999191353387358
"SNHG29",11.4312515686361,-0.339007067424963,0.319860278906008,-1.05985985063366,0.289208363513544,0.999191353387358
"FLII",3.01962361712233,0.0912946229494844,0.516072748867478,0.176902623031017,0.85958487823771,0.999191353387358
"USP22",2.23043897258024,0.0676123121897446,0.562986605298325,0.12009577413288,0.90440727991725,0.999191353387358
"MAP2K3",2.71277049257626,0.0239093136051609,0.548396469183442,0.0435985914365234,0.965224374502525,0.999191353387358
"WSB1",6.11643610200557,-0.16205798770529,0.430176195394286,-0.376724675703528,0.706378223091449,0.999191353387358
"LGALS9",9.22707534747374,-0.329788596583502,0.327079323077871,-1.00828323074701,0.313318511056915,0.999191353387358
"UNC119",2.76613057111278,0.504031160155674,0.51425908642733,0.980111335819632,0.327031164179719,0.999191353387358
"KIAA0100",1.4755050169478,-0.124719082885358,0.662411938564577,-0.188280246209963,0.850656969667275,0.999191353387358
"RPL23A",55.8846001390247,0.044024899788123,0.218022414627122,0.20192831945017,0.839972762365366,0.999191353387358
"FLOT2",2.63248703215577,0.0497741714497107,0.52703270032514,0.0944422830291245,0.924757828884246,0.999191353387358
"SSH2",3.02651168085296,-0.161937664540137,0.534993003051968,-0.302691182158147,0.762125218362836,0.999191353387358
"CPD",1.02471533919039,0.478889450159447,0.769360510316988,0.622451300447091,0.533645156726335,0.999191353387358
"EVI2B",9.5042319352758,-0.0237970444318559,0.378010051796427,-0.0629534699375442,0.949803556392661,0.999191353387358
"EVI2A",1.09943421386515,0.640000894649751,0.766661865665968,0.834789003224789,0.403836518560967,0.999191353387358
"SUZ12",2.29286089961368,-0.00788149075807569,0.56245232403476,-0.0140127268059588,0.988819827511254,0.999191353387358
"ZNF207",3.44524137714416,0.0301729317655834,0.4496462045059,0.0671037172408457,0.946499134637654,0.999191353387358
"TAF15",2.53877010168412,-0.431613644041747,0.607871375403605,-0.71004107366492,0.47767866592688,0.999191353387358
"CCL3",4.88428468026785,-4.57611582769095,1.92781739009803,-2.3737288869763,0.0176094750337338,0.999191353387358
"CCL3L1",1.95281482158478,-1.86056712289264,1.72998663723653,-1.07548063253523,0.282159598695644,0.999191353387358
"GGNBP2",3.2863495339794,0.142740639528518,0.482975556191114,0.295544231377282,0.767578168707088,0.999191353387358
"AATF",1.90705215772193,0.184244763866338,0.597758879954831,0.308225891818219,0.757910452081384,0.999191353387358
"SYNRG",2.4196925661333,0.169666979887312,0.544399025780184,0.31165922761188,0.755299517246773,0.999191353387358
"CISD3",1.93798776366647,0.389613895248591,0.728867977787858,0.534546594338091,0.592963421642545,0.999191353387358
"PSMB3",11.8206870875816,-0.260309099466166,0.287299140509418,-0.906055963149086,0.364906232176395,0.999191353387358
"RPL23",15.5915780525641,0.323381497672388,0.29337298620292,1.10228791634112,0.270336520994195,0.999191353387358
"LASP1",3.01634142590693,0.0988264594631119,0.657041737445807,0.150411235437327,0.88044017751496,0.999191353387358
"RPL19",165.604671673405,-0.0153973234779162,0.151857861244435,-0.101392995737851,0.919238496412602,0.999191353387358
"CDK12",1.89610564294178,1.00673188372661,0.671473704190575,1.49928713134071,0.133799159354529,0.999191353387358
"MIEN1",3.45835069353537,-0.535008435490291,0.577436287232085,-0.926523752178495,0.354173859270342,0.999191353387358
"IKZF3",2.92917258597269,0.00380301370523608,0.48322352403652,0.0078700922369596,0.993720639734307,0.999191353387358
"RARA",1.81890396084143,-0.00942633399156407,0.589301034702725,-0.0159957872741887,0.987237752534214,0.999191353387358
"CCR7",2.5852446695555,0.883345725731531,0.588463669200893,1.5011049482988,0.13332841916504,0.999191353387358
"SMARCE1",2.02314557976485,0.182087919392707,0.574758249107306,0.316807839949265,0.751389414997559,0.999191353387358
"KRT10",4.17084416400483,-0.108169804549689,0.420333796509897,-0.257342629709628,0.796914286521941,0.999191353387358
"EIF1",46.173543804145,-0.104199299594008,0.214083690128844,-0.486722269834272,0.626455161216203,0.999191353387358
"JUP",1.97174588105888,-0.165875676279712,0.772291780542736,-0.214783687278325,0.829935971760269,0.999191353387358
"DNAJC7",1.670614980114,0.395154873804358,0.64733482452724,0.61043351729601,0.541574670957568,0.999191353387358
"RAB5C",4.65809361037985,-0.201071155254607,0.411161470016594,-0.489032095459948,0.62481897437094,0.999191353387358
"STAT5A",1.58202157611238,0.169891830217809,0.6274993727103,0.270744223191827,0.786587761429924,0.999191353387358
"STAT3",3.3258518875798,0.0813684743135407,0.457627631474322,0.177804985357634,0.858876131990242,0.999191353387358
"COA3",2.67975035528703,-0.978941046844356,0.549237499040347,-1.78236381994093,0.0746899215183551,0.999191353387358
"BECN1",2.12405571234337,-0.0468230205025742,0.629520238602962,-0.0743788962313337,0.94070890065043,0.999191353387358
"RPL27",38.2823084964235,0.043187013273944,0.211314646747647,0.204373023539244,0.838062009376107,0.999191353387358
"IFI35",7.25262512117801,-0.469493599239991,0.511779921552444,-0.917374010718941,0.358946686677744,0.999191353387358
"LSM12",1.53644985737439,0.420591695731079,0.666941320741632,0.630627736880037,0.528283958590909,0.999191353387358
"UBTF",2.07575535059994,0.0877107477841635,0.621601670327393,0.141104427434963,0.887787446062032,0.999191353387358
"GRN",23.3907523755349,-0.276198161556834,0.269888723375764,-1.02337792443549,0.306129192866346,0.999191353387358
"FMNL1",5.68072502114025,-0.131809432259811,0.401073132008654,-0.328641890319811,0.742426381306295,0.999191353387358
"ARHGAP27",3.01745064706846,-0.149802528447957,0.48802481040945,-0.306956788369578,0.758876263266484,0.999191353387358
"KANSL1",1.83556765412337,-0.0395994852943262,0.629079407817889,-0.0629483095491655,0.949807665636718,0.999191353387358
"KPNB1",2.36139938526367,0.277577753931661,0.611020350161286,0.45428561235054,0.649623270224694,0.999191353387358
"CDK5RAP3",4.84082262963901,-0.115831285485504,0.426193440781015,-0.27178101397628,0.785790404564987,0.999191353387358
"CALCOCO2",2.94880287544605,0.00779390117064581,0.589303919263267,0.0132256055252264,0.989447801170913,0.999191353387358
"ATP5MC1",4.14318615042947,0.129388474329186,0.462007472014808,0.280057103329791,0.779433694845447,0.999191353387358
"SNF8",3.31458504699926,-0.231461534998928,0.449888096489432,-0.514486906421996,0.606911612440986,0.999191353387358
"ABI3",1.89802412054689,0.214605454996642,0.544856850669294,0.393874931980802,0.693673378829492,0.999191353387358
"PHB",2.19756238652557,-0.110665670214729,0.538574802828295,-0.20547873690632,0.837198109155195,0.999191353387358
"LUC7L3",2.49643954199205,0.619187604477497,0.482115709989898,1.28431327095827,0.199032365213789,0.999191353387358
"NME2",17.936904629012,-0.089215547592692,0.317663110142881,-0.280849569068829,0.778825782404696,0.999191353387358
"TRIM25",1.50579634258148,-0.322384251402217,0.693831800507787,-0.464643233657317,0.642186966234704,0.999191353387358
"SCPEP1",4.1527562333332,-0.356332094132761,0.402447670204417,-0.885412242420903,0.375934331925324,0.999191353387358
"AC004687.1",2.26520807733614,0.52621874903222,0.607981449127939,0.865517771614586,0.386754666020404,0.999191353387358
"SUPT4H1",4.52577210962391,0.226563631206792,0.464685973035277,0.487562879780734,0.625859493829143,0.999191353387358
"CLTC",1.80295397759821,0.382927403607372,0.696780866465655,0.549566473530952,0.582616759497349,0.999191353387358
"VMP1",3.69505827432286,-0.41860707875813,0.486984424921699,-0.859590281199315,0.390014934247702,0.999191353387358
"DCAF7",2.4263935546499,0.228046642928549,0.580434438910609,0.39288958001279,0.694401037965494,0.999191353387358
"MAP3K3",1.71746522229796,0.182595389833995,0.669022343829188,0.272928686938765,0.784908034383663,0.999191353387358
"LIMD2",23.6820549963805,0.185564146321648,0.236927634872962,0.78321022543928,0.433503671170533,0.999191353387358
"PSMC5",3.28781854648781,0.276427066901641,0.513822643974521,0.537981480853826,0.590589833900683,0.999191353387358
"CD79B",10.6029261612558,0.228051064314307,0.296212158027001,0.769890965425935,0.441364573565888,0.999191353387358
"ICAM2",3.15221206693797,-0.828729870974034,0.506101702791758,-1.63747694663463,0.101530852015696,0.999191353387358
"PECAM1",4.35650568795623,0.275488966094885,0.539778080020627,0.510374497023587,0.609789120322887,0.999191353387358
"DDX5",21.3702756396712,0.222593138319575,0.234012167766542,0.951203266240587,0.341501200707079,0.999191353387358
"BPTF",3.45168789918769,-0.106787137123055,0.500615146193661,-0.213311838315306,0.831083740403436,0.999191353387358
"RPL38",26.8529574105067,0.282135408285975,0.326387244135942,0.864419223958592,0.387357636148859,0.999191353387358
"CD300E",3.22927829875072,-0.137038823983609,0.509904455766645,-0.268753925237955,0.788119051504139,0.999191353387358
"CD300LF",1.58399118176673,0.568183127429771,0.660146639080403,0.860692297428434,0.389407536507614,0.999191353387358
"ATP5PD",8.53620287792573,0.304604629775726,0.392671055869543,0.775724681568902,0.437911563530056,0.999191353387358
"NT5C",4.08773969618488,0.166678774189204,0.434747789519192,0.383391884231411,0.70142921992683,0.999191353387358
"JPT1",3.16335435461628,-0.219190057308378,0.511707674537979,-0.428350146411786,0.668396214839021,0.999191353387358
"SUMO2",12.3492166062432,-0.458588591597192,0.270132518578555,-1.69764304575509,0.0895751532269089,0.999191353387358
"MRPS7",2.13664064301826,0.0912535791028569,0.547147627080669,0.16678054438387,0.86754272759529,0.999191353387358
"MIF4GD",1.76438046160617,-0.143263672682742,0.749207520859813,-0.191220281022177,0.848353014829312,0.999191353387358
"GRB2",10.3202365645595,-0.00268805564635185,0.284613047837611,-0.00944459738151411,0.992464413596036,0.999191353387358
"MYO15B",1.43818157738913,0.87241116589695,0.640406566133114,1.36227704716508,0.1731104684697,0.999191353387358
"H3F3B",48.5062855733075,-0.275723563265617,0.232936033669408,-1.18368789457854,0.236536632648471,0.999191353387358
"WBP2",3.63801139117277,-0.616433327475043,0.492672168618954,-1.25120387701829,0.210860104097464,0.999191353387358
"MRPL38",1.87598058841761,-0.16779196360117,0.568787912442407,-0.294999172680484,0.767994511705711,0.999191353387358
"EXOC7",1.5208191447561,0.985736479996342,0.754090002368794,1.3071867773076,0.191149285151309,0.999191353387358
"UBALD2",4.41867421783101,-0.195588136056236,0.44572142103216,-0.438812511194348,0.660797394085258,0.999191353387358
"SRSF2",3.46223681013588,-0.410279821847182,0.509259171690604,-0.805640515977675,0.42045015702203,0.999191353387358
"SEPTIN9",6.88150298226374,0.203354601312679,0.361546884175045,0.562457070475605,0.573804644795473,0.999191353387358
"TMC6",2.17338388861536,0.454167952473359,0.588335142752812,0.771954485581659,0.44014138504765,0.999191353387358
"TMC8",2.24112423053583,-0.670251098568814,0.669109928880972,-1.00170550404139,0.316485847596343,0.999191353387358
"SYNGR2",9.26687728135404,0.121277763131253,0.316682667994882,0.382963058569447,0.701747154814954,0.999191353387358
"SOCS3",1.92294251960677,-0.672932602925364,1.00132995522491,-0.672038821383523,0.501558982197975,0.999191353387358
"CYTH1",3.05536469947589,0.523115540382856,0.473157820983114,1.10558362809251,0.26890677928376,0.999191353387358
"TIMP2",5.19945408837745,0.0499773164686773,0.497902093918411,0.100375790901709,0.920045988747106,0.999191353387358
"LGALS3BP",2.11038233767556,-0.89195728193687,0.683245440977768,-1.30547125299574,0.191732429656323,0.999191353387358
"CBX4",1.56113202144076,0.624532261669293,0.638695542781179,0.977824675196241,0.328161044787846,0.999191353387358
"GAA",1.60913013162452,-0.193305178508014,0.753001393281357,-0.256712909475037,0.797400405129904,0.999191353387358
"RNF213",12.6630498365304,0.0650039585924564,0.378186714048636,0.171883242265609,0.863529321244369,0.999191353387358
"SLC38A10",2.09298422343625,-0.23323228138884,0.645495455962786,-0.361322886527471,0.717858086777969,0.999191353387358
"ACTG1",37.4849574397997,0.0606553173431472,0.335749076995096,0.180656691258851,0.856637054716262,0.999191353387358
"OXLD1",0.898960488634729,0.791681290048624,0.865130150335446,0.915100796962928,0.360138716640071,0.999191353387358
"HGS",1.7400563639733,-0.505995353974658,0.690808059088356,-0.732468805651179,0.463882475805679,0.999191353387358
"MRPL12",2.36321795432049,0.409770609031176,0.574562940012764,0.713186633690773,0.475730276203756,0.999191353387358
"P4HB",5.09150567164432,-0.715700144905903,0.400066036925326,-1.78895501954216,0.073622059866281,0.999191353387358
"ARHGDIA",6.2631907378507,-0.349402991906692,0.3877254038771,-0.901160946414142,0.367502752052267,0.999191353387358
"ALYREF",1.87539905644514,-0.135978472466827,0.720904200455318,-0.188622111482973,0.850389001434213,0.999191353387358
"ANAPC11",5.39383343868716,0.266230268491938,0.40658533982814,0.654795543303334,0.512599400427785,0.999191353387358
"SIRT7",1.7809673544625,0.514132840909315,0.60640649444302,0.847835314464338,0.396529692917196,0.999191353387358
"DCXR",2.69223886124267,0.108468648938818,0.535682370565999,0.202486874496562,0.839536118524414,0.999191353387358
"DUS1L",2.26041151831112,0.113152494019043,0.59030339607913,0.19168531770377,0.847988707494025,0.999191353387358
"CCDC57",1.22564953543403,0.00349258972962259,0.850033085526879,0.00410876916332941,0.996721685744754,0.999191353387358
"CSNK1D",2.34168187176587,0.587772686171694,0.524786745786007,1.12002197252781,0.262704398865168,0.999191353387358
"CD7",0.929947232499511,0.0170508203134992,1.88781122883406,0.00903205789491464,0.992793558434769,0.999191353387358
"SECTM1",3.64294421597487,-0.216018199764417,0.582253364627806,-0.371003780978581,0.710634715561359,0.999191353387358
"CYBC1",3.77692666648008,0.482716382537443,0.45647938722713,1.05747684571189,0.290294016464068,0.999191353387358
"SMCHD1",7.23220785510348,-0.171334321999702,0.35000039600172,-0.489526080418665,0.624469294984661,0.999191353387358
"EMILIN2",2.35822551262919,-0.0622815870978015,0.630168779916253,-0.098833184192461,0.921270720295775,0.999191353387358
"MYL12A",25.5201746836876,0.117608111243907,0.209780528334592,0.560624535449383,0.575053521840235,0.999191353387358
"MYL12B",14.211810692818,-0.0322370641933661,0.269028445694097,-0.119827716025322,0.904619625915288,0.999191353387358
"NDUFV2",3.89339073596332,-0.0653970814122262,0.522994738581656,-0.125043478620035,0.900489129480548,0.999191353387358
"ANKRD12",5.09171554585875,0.0341563409881305,0.439105319519841,0.0777862154470829,0.937998111702727,0.999191353387358
"RALBP1",2.4055930227126,-0.425150930981034,0.60385964005106,-0.704055881173124,0.481397973917984,0.999191353387358
"RAB31",5.415156132167,0.607628588308107,0.429110732320446,1.41601815695057,0.156770188461892,0.999191353387358
"VAPA",3.5424312993316,0.184289530711532,0.49135864961774,0.375061130713589,0.7076150036412,0.999191353387358
"PSMG2",3.11598442129548,-0.148925379595531,0.478238949951476,-0.311403702292843,0.755493739709823,0.999191353387358
"PTPN2",2.26648502363049,-0.432033381474199,0.580779745612412,-0.743885069577684,0.456946008721143,0.999191353387358
"RNMT",1.02949407582113,0.663954601041828,0.714176723906572,0.929678297844786,0.352537674266468,0.999191353387358
"ROCK1",3.45795677244264,0.218874221155356,0.514299916116428,0.425577011188558,0.670416094561293,0.999191353387358
"SNRPD1",2.30009718216951,0.210687760364141,0.51140909845024,0.411974994192718,0.680357751595432,0.999191353387358
"RIOK3",2.58779427839155,-0.220469446419168,0.520282587811477,-0.423749423071322,0.671748567060215,0.999191353387358
"ZNF24",3.05629204003242,-0.438148728973945,0.524898128198927,-0.834730980042463,0.403869194505025,0.999191353387358
"ATP5F1A",5.24215266363823,0.000721035338192941,0.386411663032318,0.00186597716159679,0.998511166495939,0.999191353387358
"C18orf32",3.179109887912,-0.118686990404914,0.459267173846107,-0.258426896507704,0.796077460992291,0.999191353387358
"RPL17",63.2404948006947,-0.106033299904285,0.24428993533291,-0.434046944094469,0.664254351946179,0.999191353387358
"ME2",1.07041747312775,0.219841272519968,0.788451081345041,0.278826775333904,0.780377765270923,0.999191353387358
"MBD2",3.79158338845488,1.13692298321298,0.435571301026455,2.61018800029695,0.0090492476067958,0.999191353387358
"TCF4",3.6498401418918,0.218131757581921,0.443037785804728,0.492354748445912,0.622468583042762,0.999191353387358
"TXNL1",2.88891214697861,-0.0814691701595051,0.565575889531568,-0.1440463988431,0.885463830688299,0.999191353387358
"SEC11C",2.49171486730959,-0.640358965652953,0.575584130605344,-1.11253756245761,0.265907089122023,0.999191353387358
"CNDP2",3.9176602100122,-0.963459441107881,0.542195276085961,-1.77696022743498,0.0755747838849587,0.999191353387358
"MBP",2.83190582934963,-0.0046859648242489,0.534307405880204,-0.00877016633622993,0.993002509387716,0.999191353387358
"SLC66A2",1.1862658324871,0.59190940962847,0.698160848235631,0.84781237894437,0.396542467951343,0.999191353387358
"TXNL4A",5.36371515812023,0.278997163839554,0.365714446084008,0.762882535341428,0.445533452669161,0.999191353387358
"TPGS1",2.03166562313423,1.00234769156765,0.628186498558618,1.59562119508705,0.110573392492793,0.999191353387358
"CDC34",1.21729098474556,0.528061610255915,0.904520805524294,0.583802613528421,0.55935311969256,0.999191353387358
"BSG",4.6793927405669,-0.0702949910415768,0.48406064337185,-0.145219389355678,0.884537657713862,0.999191353387358
"RNF126",1.89222073401831,0.255232956975619,0.587078552657987,0.434750947415906,0.663743213501382,0.999191353387358
"PTBP1",2.11170746800814,0.431426370148973,0.597052012155655,0.722594282182065,0.469929182130367,0.999191353387358
"CFD",10.8520543084297,-0.394975261130552,0.372986543122923,-1.05895311349177,0.289621133375245,0.999191353387358
"R3HDM4",1.93945877566572,-0.0433686712865378,0.583442455699448,-0.0743323885035864,0.940745906009925,0.999191353387358
"ARID3A",1.58176659893415,1.02398900282683,0.665994654237649,1.53753336653876,0.124162750648753,0.999191353387358
"TMEM259",3.6599655748461,-0.242578880464258,0.411393803909143,-0.589651273692571,0.555424468877878,0.999191353387358
"CNN2",6.19279928614786,0.394628597201958,0.366407371147944,1.07702144737317,0.281470684186611,0.999191353387358
"ARHGAP45",5.08114300429441,0.275191349718742,0.404133369909678,0.680941912270808,0.495908246464228,0.999191353387358
"POLR2E",4.04092880579352,-0.180239958321382,0.524206008822352,-0.343834208856738,0.730970972017575,0.999191353387358
"GPX4",12.9325084693598,-0.0379272107289541,0.315890369398555,-0.120064473004246,0.904432075194083,0.999191353387358
"ATP5F1D",13.7673797180256,-0.155191569794029,0.27176802722277,-0.571044251893612,0.567969646554275,0.999191353387358
"MIDN",1.89938958855386,-0.526224571564648,0.72552787532135,-0.725298902308299,0.468268679017307,0.999191353387358
"CIRBP",9.92864430944194,-0.235660430844243,0.324902928814135,-0.725325658664826,0.468252268182634,0.999191353387358
"FAM174C",2.74939086948595,-0.577043854435008,0.543753417912098,-1.06122340646747,0.288588384558235,0.999191353387358
"NDUFS7",5.83449213840558,-0.200185091519547,0.344797689010208,-0.580587103394479,0.56151876624224,0.999191353387358
"DAZAP1",2.73408208941543,0.0478090459330463,0.511557084541508,0.0934578903855785,0.925539801829742,0.999191353387358
"RPS15",136.967048422868,0.0227616382774387,0.143850299275714,0.158231428033473,0.874274439708432,0.999191353387358
"UQCR11",16.6531713900183,0.176760535302925,0.263226907430465,0.671513930807467,0.501893187909322,0.999191353387358
"ABHD17A",2.63678905153838,-0.263211389193939,0.519525864720746,-0.50663770000252,0.612409050907206,0.999191353387358
"CSNK1G2",2.21793813074909,0.330459888552985,0.590444725027685,0.559679635612783,0.575697975147157,0.999191353387358
"BTBD2",0.538348015397565,1.02148898096205,1.10444634980939,0.924887823784593,0.355024260927449,0.999191353387358
"MKNK2",3.30762049364732,0.252789323503411,0.51318303145678,0.492590962693786,0.622301634921666,0.999191353387358
"MOB3A",2.44001922619676,-0.753333074160089,0.642416845713711,-1.172654607653,0.240934341346674,0.999191353387358
"AP3D1",1.85365206115236,0.480499842004463,0.56302584972378,0.853424122960245,0.39342414878575,0.999191353387358
"PLEKHJ1",2.51629577434984,0.310646564995573,0.535345937129871,0.580272574143423,0.561730819259685,0.999191353387358
"SF3A2",3.13399751152916,-0.123417706074754,0.4921906014448,-0.250751854489841,0.802005967010546,0.999191353387358
"OAZ1",59.438108332283,-0.121071096008234,0.159025327521579,-0.761332159443627,0.446458696678051,0.999191353387358
"LSM7",7.29736175743563,-0.0558746700341859,0.344372436948482,-0.162250703132042,0.871108433398097,0.999191353387358
"TIMM13",2.8357955889858,0.00985207454050855,0.534286710111663,0.0184396773381272,0.985288099877995,0.999191353387358
"GADD45B",4.82733810316877,-1.21864299556764,0.716565719538137,-1.70067163742234,0.0890046638622381,0.999191353387358
"TLE5",9.86827507127685,0.074346967516754,0.348341778340285,0.213431095951191,0.830990728161743,0.999191353387358
"S1PR4",3.18140450332173,0.180590520297626,0.504478925131476,0.357974359881458,0.720362501632987,0.999191353387358
"MFSD12",1.3671197331011,0.174786411272018,0.637432115710594,0.274203961432301,0.78392788397191,0.999191353387358
"MRPL54",4.62331653225993,-0.433075178725881,0.425909561903385,-1.01682426849135,0.309237035037904,0.999191353387358
"EEF2",29.700834502119,0.199357154624522,0.220452187793571,0.904310166389446,0.365830957513217,0.999191353387358
"ZBTB7A",4.61176826705359,-0.40378796620606,0.509907730143143,-0.791884378949713,0.428428096149284,0.999191353387358
"MAP2K2",4.32780170488457,0.212571303400252,0.414932889676917,0.512302853518717,0.608439068477475,0.999191353387358
"MYDGF",3.81110023826012,-0.279070265526355,0.501309638659794,-0.556682425401642,0.5777444265796,0.999191353387358
"KDM4B",1.26389693372542,1.23898991448084,0.687114673442294,1.8031777843919,0.0713602982470962,0.999191353387358
"SAFB2",1.84973039877847,-0.47541736232755,0.625034425262963,-0.760625884130355,0.44688055487291,0.999191353387358
"SAFB",1.71005137728574,0.160207221544434,0.672539217425635,0.238212460170992,0.811716313436743,0.999191353387358
"RPL36",101.928004543349,0.0544511917022875,0.189663884804589,0.287093095021167,0.77404103911428,0.999191353387358
"MICOS13",4.64229387995793,-0.28303715110423,0.435677825204706,-0.649647823988388,0.515919733881429,0.999191353387358
"NDUFA11",11.7115159424081,-0.194676936194691,0.336198337162158,-0.5790538342276,0.562552849052911,0.999191353387358
"ALKBH7",4.04470192524873,-0.449953588800579,0.411215358820033,-1.09420423909191,0.273865412706477,0.999191353387358
"GPR108",1.45121127693501,0.857749998521286,0.680493272057491,1.26048270239007,0.207495284009177,0.999191353387358
"AC119396.1",2.50092186226694,-0.373550442759884,0.598454082720963,-0.624192320756639,0.53250128946433,0.999191353387358
"ARHGEF18",1.27146922497939,0.219692434292878,0.702111174160509,0.312902631916601,0.754354637938185,0.999191353387358
"PNPLA6",1.83595247483485,0.775651887092523,0.647415745276773,1.19807386945915,0.230888260540131,0.999191353387358
"PET100",5.645696254864,0.0252346420987894,0.433376425326633,0.0582279990882527,0.953567018505431,0.999191353387358
"STXBP2",10.6722469786469,0.133650063807184,0.346337037180206,0.385895961042259,0.699573722009368,0.999191353387358
"RETN",9.9469185795615,0.206908648835617,0.989270178464687,0.209152821281575,0.834328941003981,0.999191353387358
"TRAPPC5",11.7140475018159,0.0761132902237779,0.272382739699815,0.27943507106089,0.779910959737737,0.999191353387358
"FCER2",3.6999949287908,0.426136138438685,0.476049819933157,0.895150298551776,0.37070674918847,0.999191353387358
"NDUFA7",2.5329588239627,-0.176356070559861,0.608092824282996,-0.290015049540837,0.771804724290066,0.999191353387358
"RPS28",164.38128109044,0.0797805232163449,0.178951749016138,0.445821422003257,0.655726246380715,0.999191353387358
"RAB11B",2.54099734852337,0.287570280698289,0.539311792413053,0.533217119936518,0.593883291897001,0.999191353387358
"MARCH2",1.21540017885446,0.677439816756372,0.707804230739661,0.957100547489581,0.338516507312184,0.999191353387358
"HNRNPM",3.6872126738156,-0.0621588440822083,0.464874232275124,-0.133711098113567,0.893631028949101,0.999191353387358
"PRAM1",3.41945066463674,0.369151397174424,0.478095353447438,0.772129230105576,0.440037891488983,0.999191353387358
"MYO1F",7.0085950890188,-0.186699398706908,0.327131379478175,-0.570716875295554,0.568191577775517,0.999191353387358
"UBL5",11.7821679033935,0.0484951855148036,0.287899394820472,0.168444902584961,0.866233285576066,0.999191353387358
"EIF3G",9.77619912542571,0.00520023645458122,0.331797943225631,0.0156729014171282,0.987495345878588,0.999191353387358
"MRPL4",1.92023077660437,-0.423376275619944,0.660715832811181,-0.640784214022213,0.521662890588152,0.999191353387358
"ICAM3",5.21549365743628,0.377220410485821,0.4355437917897,0.866090660908697,0.386440446243495,0.999191353387358
"TYK2",2.38937112471377,0.546058184506203,0.604689073477391,0.903039609044002,0.36650487347782,0.999191353387358
"CDC37",6.59129086490971,0.0753496868014351,0.333206541749233,0.226135076478007,0.821096364016875,0.999191353387358
"CDKN2D",3.81016098205017,-0.139427119809849,0.472543280620924,-0.295056824481012,0.767950471218904,0.999191353387358
"SLC44A2",1.44762613084652,0.394821509398149,0.64388633016679,0.613185108768929,0.539753949925819,0.999191353387358
"ILF3",2.56109385930037,-0.0246473779547643,0.568269849348136,-0.0433726652628807,0.965404467149862,0.999191353387358
"DNM2",2.12394804480161,-0.75833645657579,0.617268643808032,-1.22853552368623,0.219246002543188,0.999191353387358
"C19orf38",3.71974650153507,-0.36665983502507,0.464520562982598,-0.789329610450003,0.429919384554997,0.999191353387358
"TMEM205",3.50998817106593,0.519705145064621,0.537351836957789,0.967159892868191,0.333464108490951,0.999191353387358
"PRKCSH",3.42411166484731,0.156015389647879,0.540208370194227,0.288805946475404,0.772729881304872,0.999191353387358
"MAN2B1",5.54009872070823,-0.0547837941380213,0.426142455145549,-0.128557465881474,0.897707824247214,0.999191353387358
"WDR83OS",7.81339743985666,0.377823653630372,0.310241227736279,1.21783831371226,0.223285421469225,0.999191353387358
"DHPS",2.37914899808264,-0.0348375564029117,0.582114583143083,-0.0598465618483718,0.952277841017595,0.999191353387358
"TRIR",11.1227491908623,0.159841994885623,0.295540942620615,0.540845520313617,0.588614064347623,0.999191353387358
"GET3",1.70585985604455,0.171454987704392,0.608514384529079,0.281759958455344,0.778127575952541,0.999191353387358
"JUNB",32.5914720959026,-0.62515680387985,0.399727877420536,-1.56395597903758,0.117827906776852,0.999191353387358
"FARSA",0.952542464180019,0.108429122983233,0.794742905211317,0.136432954949629,0.891479022958909,0.999191353387358
"CALR",7.40571066246891,-0.400743999505146,0.502807699952701,-0.79701245534395,0.425443797632649,0.999191353387358
"RAD23A",5.39898635016671,0.220364435712128,0.384268380526534,0.573464918997966,0.566329945415111,0.999191353387358
"GADD45GIP1",3.79518305555794,0.0634466182210153,0.414181204497282,0.153185652878731,0.878251871480381,0.999191353387358
"LYL1",3.3325646797252,-0.405237291239271,0.498049089086657,-0.813649297065098,0.415845888259397,0.999191353387358
"TRMT1",2.10822367584126,0.118213238235368,0.562354544614012,0.210211225938445,0.833502818279016,0.999191353387358
"STX10",3.82505620263513,0.0812998614235854,0.430606780022787,0.18880302214304,0.850247203116784,0.999191353387358
"IER2",20.8381174395158,-0.707764313775099,0.648399525453222,-1.09155587873138,0.275028358204541,0.999191353387358
"C19orf53",5.50140478955248,-0.0819774257668701,0.381255833778702,-0.215019465943316,0.829752141872665,0.999191353387358
"IL27RA",1.49273880622394,-0.298541938878569,0.657884473690007,-0.453790826228316,0.649979387064908,0.999191353387358
"ADGRE5",5.07501182536222,-0.338200211353979,0.398142572407225,-0.84944498476808,0.395633730719422,0.999191353387358
"DDX39A",2.8274981035855,-0.731586821394017,0.523977803919358,-1.39621719836554,0.162649099214534,0.999191353387358
"PKN1",3.74761757713594,-0.24822446862273,0.463905870099557,-0.535075075832646,0.59259794399772,0.999191353387358
"TECR",2.04915764398493,0.782785795712264,0.595475473328042,1.31455589822594,0.188659200113991,0.999191353387358
"NDUFB7",6.76756014660999,-0.155760593439447,0.365954326520448,-0.425628506487252,0.670378564948002,0.999191353387358
"BRD4",5.40467524670861,0.12567337954983,0.387145390200743,0.324615461609051,0.745472123779545,0.999191353387358
"AKAP8L",1.50267165999218,0.222206273111979,0.676304472096664,0.328559520570817,0.742488648685535,0.999191353387358
"RASAL3",2.09513378482661,-0.451254563548923,0.648007148197121,-0.696372817498076,0.486195381619506,0.999191353387358
"TPM4",3.20714098581635,-0.135040975354617,0.512625896143986,-0.263429874242418,0.792219267192633,0.999191353387358
"RAB8A",3.11989655861034,-0.301578018242719,0.524702607766305,-0.574759899758375,0.565453690376608,0.999191353387358
"HSH2D",3.71389245709085,0.632254375460326,0.467807847087979,1.35152580145031,0.176527060559457,0.999191353387358
"FAM32A",2.82622605880832,-0.313123326118028,0.575492814451964,-0.544095978706897,0.586375427545528,0.999191353387358
"AP1M1",1.77108464717787,0.0707764207013667,0.633455273994958,0.111730730813885,0.911036912219223,0.999191353387358
"KLF2",30.8504175858132,0.43108699293499,0.275367754362668,1.56549554588456,0.117466760952556,0.999191353387358
"MYO9B",4.60133507148811,0.505249492896249,0.470951311527391,1.07282744633967,0.283348543860534,0.999191353387358
"MRPL34",2.88519771096164,0.51024538104114,0.487556381301803,1.04653615583649,0.295313560979777,0.999191353387358
"BST2",13.8742767243074,-0.42572664673187,0.253120920544731,-1.68191015509774,0.0925862631913556,0.999191353387358
"PGLS",8.24237197639112,0.155206149311563,0.326232455529459,0.475753244905297,0.63425018294957,0.999191353387358
"NIBAN3",3.32821301430784,0.507100132522072,0.622517824916413,0.814595361329873,0.41530396654575,0.999191353387358
"RPL18A",170.186655222569,0.0149405361780764,0.16667606838033,0.0896381605545452,0.92857475871721,0.999191353387358
"CCDC124",1.98523479718245,-0.146270862727805,0.62017701811936,-0.235853407098767,0.813546424070489,0.999191353387358
"IFI30",91.0276877650355,-0.441588709159238,0.358075855806772,-1.23322670880533,0.217491193226304,0.999191353387358
"JUND",12.2926608274392,0.512614462242016,0.347571557857311,1.47484582858895,0.140253997029068,0.999191353387358
"LSM4",3.58597224114195,0.671919591431381,0.553876999682032,1.21312058781483,0.22508371976151,0.999191353387358
"LRRC25",3.21734266004162,0.211568289860226,0.503785681975069,0.419956932937795,0.674516915561518,0.999191353387358
"SSBP4",3.06342338911142,-0.671855014562,0.538173247863139,-1.24839913026085,0.211884927374073,0.999191353387358
"FKBP8",5.8743933690082,-0.210077131034734,0.40245720814622,-0.52198625538944,0.601679900429822,0.999191353387358
"KXD1",2.55897181602446,0.42468421289258,0.562614885329957,0.754839987291689,0.450344997734328,0.999191353387358
"UBA52",51.04426355558,0.131448152017071,0.192436328207747,0.683073478076157,0.494560413450859,0.999191353387358
"REX1BD",4.08370992746629,0.371116739786117,0.508768413886381,0.729441391518845,0.465731706339518,0.999191353387358
"COPE",8.82787713919109,-0.342705572739734,0.337903423384213,-1.0142116031481,0.310481793147844,0.999191353387358
"RFXANK",1.39667190275577,0.389070358846149,0.688969120016738,0.564713784032435,0.572268457119411,0.999191353387358
"NDUFA13",12.7827131751116,-0.190982829275404,0.303965399929239,-0.628304502156704,0.529804482884892,0.999191353387358
"GMIP",2.03172191980161,-0.362534784287939,0.613671335263591,-0.590763758147868,0.554678721282465,0.999191353387358
"ATP13A1",2.10016764481392,0.0837372945969705,0.573027641047439,0.146131335730868,0.883817709598782,0.999191353387358
"UQCRFS1",6.87766274624215,-0.563206409398876,0.367926174137421,-1.53075929082587,0.125828894171023,0.999191353387358
"URI1",1.45639592218509,0.203821156978175,0.646047898868961,0.315489234366377,0.752390223759446,0.999191353387358
"PDCD5",2.13447787743666,-0.31998929067193,0.564250676936056,-0.56710484143237,0.570642953796232,0.999191353387358
"LSM14A",3.88373299021091,-0.108488986656825,0.454860184860793,-0.238510624292225,0.811485076101413,0.999191353387358
"GPI",3.42209731034223,-0.390571143771334,0.460180566982899,-0.848734544207399,0.396029019747116,0.999191353387358
"FXYD5",29.5083853107788,0.0128267469334923,0.212473765101431,0.0603686150493405,0.951862054614126,0.999191353387358
"USF2",3.4704648481514,0.416445905395577,0.478897648909898,0.869592712228849,0.384523021870579,0.999191353387358
"CD22",3.87710593626399,0.303922843205622,0.498881642915616,0.6092083112728,0.542386372022196,0.999191353387358
"TMEM147",3.48605227351954,-0.760735177833711,0.511710709390619,-1.48665088276079,0.137107041504419,0.999191353387358
"RBM42",1.25698870120045,-0.107130883466464,0.857044522973163,-0.125000371153201,0.900523256506932,0.999191353387358
"COX6B1",20.604749350006,-0.127746833476958,0.247770468351283,-0.515585389683494,0.606144016752207,0.999191353387358
"KMT2B",1.36680186025132,0.312728006991893,0.634833644696288,0.492614103875206,0.622285280573658,0.999191353387358
"IGFLR1",4.64700890887192,0.530249950700034,0.451122974228252,1.17540001505609,0.239834717479227,0.999191353387358
"PSENEN",2.37442957961135,0.286684380361075,0.539554710682972,0.53133514486082,0.59518655526049,0.999191353387358
"HCST",14.6661154528117,-0.152526299237961,0.276756741752294,-0.551120447047596,0.581551109621829,0.999191353387358
"TYROBP",82.691280354592,0.124029218375612,0.160963404515768,0.770542961294423,0.440977881074971,0.999191353387358
"POLR2I",3.33811699359581,-0.203725488663964,0.605007775657699,-0.336732017109195,0.736318925300446,0.999191353387358
"TBCB",3.76413862280878,-0.279068346735868,0.507400853708201,-0.549995816318347,0.582322243115823,0.999191353387358
"CAPNS1",7.19891185700228,-0.127913117846256,0.314318438396757,-0.406953911131341,0.684041839074267,0.999191353387358
"SPINT2",2.98344783425324,0.027985924761209,0.497180302048663,0.0562892870974397,0.955111352962591,0.999191353387358
"PPP1R14A",1.20337932616596,0.554614652532414,0.720432516969566,0.769835674360383,0.441397375097634,0.999191353387358
"PSMD8",5.16809323329642,-0.422967880676098,0.492274807662487,-0.859210900278472,0.390224170650506,0.999191353387358
"EIF3K",17.0020047425851,-0.112960044660614,0.261593916322956,-0.431814494191666,0.665876244269549,0.999191353387358
"ACTN4",3.9193968633026,0.0206672842396347,0.427354140362672,0.0483610249384633,0.96142852053297,0.999191353387358
"ECH1",4.12778485477113,-0.047110697162668,0.396657230793486,-0.118769288709111,0.905458140484503,0.999191353387358
"HNRNPL",2.97574293886071,-0.0161262046932611,0.485297964091598,-0.0332294917483259,0.973491580089436,0.999191353387358
"GMFG",13.2723603056143,0.500195808093319,0.276085082071163,1.81174514878131,0.0700255839626168,0.999191353387358
"ZFP36",22.330435946554,-0.575693358256014,0.382677553551751,-1.50438235248664,0.132482945557202,0.999191353387358
"RPS16",47.6767028885029,0.0754372042444299,0.21843847137129,0.34534761102684,0.729833057376726,0.999191353387358
"SUPT5H",1.69653588053277,0.147455412769623,0.642464822885861,0.229515154008393,0.818468543763166,0.999191353387358
"FBL",2.82285662767458,0.580748645108746,0.444972945781845,1.30513248190479,0.191847739961399,0.999191353387358
"PSMC4",2.01811495602232,-0.235393027217527,0.65275235657209,-0.360616127766565,0.718386431275954,0.999191353387358
"PLD3",4.48352776121784,-0.289957879164615,0.495006884727495,-0.585765346120871,0.558033214286043,0.999191353387358
"BLVRB",9.57388403569487,0.206851378264233,0.371606835371527,0.556640402099778,0.577773143799898,0.999191353387358
"SHKBP1",4.42970109791716,-0.059537025590032,0.395859303832209,-0.150399460145738,0.880449467167643,0.999191353387358
"SNRPA",1.84087504230588,-0.776831524625367,0.73441572439803,-1.05775448267002,0.290167389236356,0.999191353387358
"RAB4B",1.52157026933699,0.24917568359047,0.819616294492867,0.304015043703647,0.761116430065877,0.999191353387358
"EGLN2",1.94412317675802,-0.308880073657795,0.609401764973859,-0.506857858659213,0.612254556106536,0.999191353387358
"HNRNPUL1",4.40900726124856,-0.280466187274324,0.420668317607454,-0.666715736686499,0.504953724966712,0.999191353387358
"TGFB1",11.9853219703681,0.044358371970919,0.284929055837464,0.155682163900557,0.876283556880163,0.999191353387358
"EXOSC5",1.38238785966522,0.234706016090786,0.683392977633458,0.343442241539497,0.731265785675508,0.999191353387358
"RPS19",152.510410390913,-0.218663414852787,0.177318826632631,-1.23316524818774,0.217514118021674,0.999191353387358
"CD79A",30.0366049317879,0.319512640043314,0.297514074691383,1.07394125933286,0.282849009588962,0.999191353387358
"ARHGEF1",6.12712541836139,0.341657159789972,0.35857429345534,0.952821119711765,0.340680711660153,0.999191353387358
"RABAC1",8.1869375836584,-0.20254386598577,0.333559004488811,-0.6072205015007,0.543704588377853,0.999191353387358
"POU2F2",10.8762633849315,-0.0343002793177007,0.326710639203718,-0.104986722811659,0.916386344154615,0.999191353387358
"PLAUR",3.34296718150265,0.0276728717109926,0.516651972728902,0.053561920154543,0.957284196251713,0.999191353387358
"CLPTM1",1.63432477065463,-0.315175052080283,0.62801389200784,-0.501860000377744,0.615766003739169,0.999191353387358
"RELB",2.43732731603098,-0.104850447242386,0.550345348039837,-0.190517549781844,0.848903592298211,0.999191353387358
"ERCC1",1.97001978950593,-0.00155262212617087,0.639447956752615,-0.00242806644352378,0.998062685175684,0.999191353387358
"FOSB",6.84876233981574,-1.19154323038136,0.893947982785318,-1.33289995987105,0.182564635753887,0.999191353387358
"VASP",6.15979113187387,-0.0442859215201206,0.456291071054974,-0.0970562965821986,0.922681687220038,0.999191353387358
"SNRPD2",11.5661573817103,-0.0898262136794103,0.30374033404623,-0.295733571115842,0.767433557266431,0.999191353387358
"CALM3",5.56739555250401,0.127786406818168,0.398648325988073,0.320549212144419,0.748552030821123,0.999191353387358
"AP2S1",9.85667479465497,0.392242979364901,0.320578416145697,1.22354768633779,0.221122904606605,0.999191353387358
"TMEM160",2.9510070832266,-0.0454521526127884,0.540194413966411,-0.084140360280761,0.932944835536263,0.999191353387358
"C5AR1",3.03694477978149,-0.386252289618775,0.61565213532576,-0.627387232912622,0.530405434517217,0.999191353387358
"NAPA",4.58056964030869,-0.814195386059019,0.454349432511357,-1.7920026477389,0.0731325418822838,0.999191353387358
"NOP53",11.4946274063099,-0.0253124817960921,0.332279777837675,-0.0761782193331601,0.939277310782807,0.999191353387358
"SELENOW",4.04375714516563,-0.286962339415369,0.430101045570039,-0.66719749317289,0.504645992173994,0.999191353387358
"EMP3",33.0414505396253,0.101800583511011,0.238435758147001,0.426951830975993,0.66941441258494,0.999191353387358
"KDELR1",2.9730994364122,-0.0803731706952225,0.495067666701156,-0.162347848791626,0.871031936544017,0.999191353387358
"RPL18",103.649557379393,-0.0640542758258904,0.185608648928718,-0.34510393882825,0.730016232398881,0.999191353387358
"PPP1R15A",4.27665746956771,-1.20941150902071,0.726564303168749,-1.66456224692863,0.0960001226415206,0.999191353387358
"NUCB1",4.91812217776939,-0.53500721128186,0.387296018922489,-1.38139093908149,0.167158790354715,0.999191353387358
"BAX",5.56223375473563,0.375050928984118,0.41803731383442,0.897170938029402,0.369627710305906,0.999191353387358
"FTL",378.145024845366,-0.200913028682931,0.201243626216248,-0.998357227309345,0.318106166665882,0.999191353387358
"SNRNP70",4.07726446430352,-0.218721890321223,0.460686912764462,-0.474773396554138,0.634948496923039,0.999191353387358
"CD37",57.2332311800806,0.215885646121828,0.246517630950345,0.875741200698592,0.38117074178247,0.999191353387358
"FLT3LG",1.32908706600863,0.597148282077854,0.671652267403314,0.889073574316214,0.373963539858527,0.999191353387358
"RPL13A",27.1313456766689,-0.221631894294594,0.313768307443873,-0.706355259714175,0.479967236518691,0.999191353387358
"RPS11",33.9342236970208,0.190637684141972,0.25723496825268,0.741103301144927,0.458630808190409,0.999191353387358
"FCGRT",9.91968842178202,-0.307347319131056,0.343482122786351,-0.894798589917381,0.370894764256375,0.999191353387358
"NOSIP",3.00142106343929,-0.178495232024107,0.528658964580234,-0.337637766467908,0.735636178268465,0.999191353387358
"RRAS",2.40254217525404,0.226851168858341,0.611695709885747,0.370856236511307,0.710744612577928,0.999191353387358
"PRMT1",2.11821363481756,-0.190455519514659,0.652333376516376,-0.291960409157262,0.770316894671132,0.999191353387358
"PTOV1",1.88962649761822,0.511938790903683,0.586671764455429,0.87261535652544,0.382872767435069,0.999191353387358
"NR1H2",2.95509977399891,-0.791866826347743,0.524159894136465,-1.51073524549664,0.1308559187205,0.999191353387358
"NAPSA",2.54839696607045,0.670196198271491,0.653896211827129,1.02492748260281,0.305397405939446,0.999191353387358
"SPIB",5.47735942176333,0.284112199944908,0.622334956213895,0.456526179524551,0.648011649630407,0.999191353387358
"EMC10",2.15829402389857,0.344239017693815,0.583773034021514,0.589679546042766,0.555405510606859,0.999191353387358
"JOSD2",2.00017722175246,0.253630088338881,0.579480743397315,0.437685102100074,0.661614570530269,0.999191353387358
"ETFB",3.62666693232462,-0.49137336897725,0.46841932974789,-1.04900318533335,0.294176652379372,0.999191353387358
"NKG7",3.95698571368262,-1.95523727811822,1.06222426057625,-1.84070101831182,0.0656653846348363,0.999191353387358
"FPR1",8.29381549087954,0.068792044770441,0.398756709708496,0.172516331626696,0.863031623063505,0.999191353387358
"PPP2R1A",3.79404602400832,-0.128978009299175,0.430066099420072,-0.299902757908835,0.764251330601353,0.999191353387358
"MYADM",3.47421970216999,0.443150866773247,0.497903578967439,0.890033503459166,0.373447896499221,0.999191353387358
"OSCAR",1.85776751082449,0.103775651075884,0.701792468294378,0.147872278150973,0.882443566486855,0.999191353387358
"NDUFA3",6.49768690537223,0.404151792920917,0.434704978825822,0.929715123145284,0.352518602180792,0.999191353387358
"MBOAT7",2.05011962813094,0.0341063003883271,0.573177201636179,0.0595039375100195,0.95255072935698,0.999191353387358
"RPS9",98.2516409606905,-0.160475329653937,0.237354305708905,-0.676100352065013,0.498976933155689,0.999191353387358
"LILRB3",3.14517710562927,0.113245446225717,0.510510494790793,0.221827851496226,0.824447897194286,0.999191353387358
"LILRB2",7.57215658251209,-1.22114824536391,0.639906250311367,-1.90832367205309,0.0563493952736607,0.999191353387358
"LILRA5",4.0662912420651,0.365050914876172,0.534838873640731,0.682543720861602,0.494895206864267,0.999191353387358
"LAIR1",2.52460835326382,-0.251622770303138,0.587633982082324,-0.428196424943797,0.66850811890588,0.999191353387358
"LENG8",3.48190306552402,0.0048797343249535,0.581497153143739,0.00839167362827534,0.993304491755951,0.999191353387358
"LILRA2",2.4878905513847,0.517762797233758,0.533532135801726,0.970443507504432,0.331825471011232,0.999191353387358
"LILRB1",3.405352158372,-0.525865184474987,0.606699559413014,-0.866763748738775,0.386071468466063,0.999191353387358
"LILRB4",2.04794661561518,0.538882073594695,0.657510628655213,0.819579258660585,0.412456001703429,0.999191353387358
"RPL28",260.064674927072,0.0228459665166688,0.118065657988475,0.193502216528526,0.846565670322613,0.999191353387358
"ZNF581",1.97541246035448,-0.241322370446867,0.65020963825113,-0.371145483318199,0.710529175657931,0.999191353387358
"EPN1",2.89008324168196,0.205629938300649,0.527845345677121,0.389564746539285,0.696858424744358,0.999191353387358
"A1BG",1.39686338504218,1.55857190873714,0.686532493468426,2.27020850952457,0.0231949349475199,0.999191353387358
"RPS5",60.3765664283227,-0.0394505096448876,0.196298199942268,-0.200972345423902,0.840720198031441,0.999191353387358
"TRIM28",1.89693695352739,0.765309855967404,0.590059295090843,1.2970049998951,0.194629466465327,0.999191353387358
"CHMP2A",4.85108771536958,-0.193752530565708,0.367360597519329,-0.527417833796162,0.597903461766089,0.999191353387358
"UBE2M",1.57356608743969,0.560686804827359,0.590587531663127,0.949371218942659,0.342431843083117,0.999191353387358
"RBCK1",3.79755328440079,-0.219957514557007,0.448126322024508,-0.490838193934472,0.623540893924791,0.999191353387358
"PSMF1",3.30690056061564,0.0302435090703666,0.485940196174844,0.0622371010022082,0.950374017416829,0.999191353387358
"FKBP1A",7.68698144229982,0.00720693322579184,0.302975769024029,0.0237871604353292,0.981022381641326,0.999191353387358
"NSFL1C",2.02581481979765,0.216390346377716,0.564888287913465,0.383067503801504,0.701669713445024,0.999191353387358
"SNRPB",5.03773834316183,-0.938618661464212,0.435298063182475,-2.15626656962806,0.0310628560896351,0.999191353387358
"IDH3B",1.510160894104,-0.819395609289657,0.808394843263474,-1.01360815957432,0.310769762645008,0.999191353387358
"DDRGK1",1.49524693946746,0.248558757228675,0.666601041453684,0.37287484082928,0.709241597935979,0.999191353387358
"SIGLEC1",4.99409937321885,-0.359116016644426,0.445268028893038,-0.806516509925963,0.419945092324899,0.999191353387358
"C20orf27",5.8659519957635,-0.568593502545377,0.487911331969891,-1.16536236256235,0.243872345547581,0.999191353387358
"RASSF2",2.23768665420499,0.38817051414573,0.548476745303788,0.707724652812275,0.479116264893609,0.999191353387358
"GPCPD1",3.35151361884302,-0.102195129057923,0.462695710817745,-0.220868978615144,0.825194452397017,0.999191353387358
"TMX4",1.42883710193721,-0.0223989685858201,0.733917047295727,-0.0305197551526481,0.975652538385536,0.999191353387358
"SNRPB2",3.22533973208433,-0.211849041451505,0.500866992110108,-0.42296466884153,0.672321038941067,0.999191353387358
"SNX5",2.44086466864034,0.129610474678041,0.502565635345094,0.2578976069246,0.796485931804462,0.999191353387358
"SMIM26",4.23720329900421,0.237009761485761,0.42446521373772,0.558372638828799,0.576589952497608,0.999191353387358
"XRN2",2.77757842755882,0.0382302238797971,0.532078579149666,0.0718507103610415,0.942720716040218,0.999191353387358
"CST3",86.0847515218248,-0.129779576074267,0.274361794739077,-0.473023498762609,0.636196414296337,0.999191353387358
"CST7",1.32955314027844,-3.8359118652816,1.81841565908169,-2.10948022039073,0.0349031515645926,0.999191353387358
"HM13",5.22053421530919,-0.758075394773094,0.43074447876234,-1.75991900569747,0.0784215403583118,0.999191353387358
"HCK",7.74484844388439,-0.705849743989577,0.406283968392694,-1.73733102682343,0.082328758010807,0.999191353387358
"CHMP4B",4.33757057770104,-0.311469658896638,0.463558340467563,-0.671910376118953,0.501640754335885,0.999191353387358
"RALY",3.58339035482342,0.465862686602342,0.468084197465044,0.995254035759523,0.319612726845379,0.999191353387358
"EIF2S2",3.28903396974745,-0.0439105003285404,0.46288854877862,-0.0948619283073709,0.924424496911565,0.999191353387358
"MMP24OS",4.32092150606137,-0.253427827845432,0.448089658365632,-0.565573927257745,0.571683456003935,0.999191353387358
"EIF6",4.07538126937376,0.36428961825576,0.480202108805767,0.758617281297922,0.448081531971043,0.999191353387358
"ERGIC3",3.24891653570297,-0.422675755127092,0.531731589117655,-0.79490435358274,0.426669141597252,0.999191353387358
"CPNE1",2.05132216922053,0.526920640233275,0.63219655815461,0.833475971098867,0.404576344147104,0.999191353387358
"ROMO1",6.72035496299818,0.00429359408469145,0.338176970385825,0.0126962935406066,0.989870095555053,0.999191353387358
"RBM39",8.61159327779315,-0.449750674820162,0.389389904169541,-1.1550137022154,0.248084815372605,0.999191353387358
"PHF20",2.25952278731845,0.0782212039663358,0.579072733047225,0.135080102208778,0.892548542113519,0.999191353387358
"SCAND1",7.67185088245971,0.220237527420266,0.383945080448516,0.57361726620638,0.566226825128707,0.999191353387358
"DLGAP4",1.70465364734301,0.407391734198127,0.614926890682528,0.662504340550059,0.507648053982533,0.999191353387358
"RAB5IF",5.51259016811547,-0.106618179726638,0.355749411600185,-0.299700227885304,0.764405824764731,0.999191353387358
"SAMHD1",9.731277857014,-0.0271800178926959,0.360801455914951,-0.0753323398426165,0.939950291104689,0.999191353387358
"RPN2",2.94818160814215,0.064348764320525,0.550158023357758,0.116964147733024,0.906888464386717,0.999191353387358
"BLCAP",1.59046852874407,0.562986370908267,0.630348072932314,0.893135705625802,0.371784503906709,0.999191353387358
"MAFB",5.07527779096009,-1.50128044571923,0.665997875008657,-2.2541820357906,0.0241847184437233,0.999191353387358
"TOP1",2.9305726847367,-0.54280879166435,0.493300465339258,-1.10036140203323,0.271174688751982,0.999191353387358
"YWHAB",17.6232911358082,0.0108029501945857,0.258635217812557,0.041769061019428,0.966682799208753,0.999191353387358
"STK4",4.95677268300626,-0.335925070841675,0.407015875233976,-0.825336531771803,0.409180556990088,0.999191353387358
"CTSA",3.40009860374549,-0.903396052010147,0.463653039976452,-1.94843120635212,0.0513633888561315,0.999191353387358
"PCIF1",1.94336808425741,-0.397245294151497,0.635982136369315,-0.624617063018915,0.532222418110973,0.999191353387358
"CD40",2.75758603648691,-0.202220570583877,0.571695865482397,-0.353720540576664,0.72354832740433,0.999191353387358
"NCOA3",2.71623726388282,-0.46874873879053,0.519671177540025,-0.90201026928115,0.367051412590802,0.999191353387358
"PREX1",2.9590284221563,0.117030951950568,0.539930757260165,0.216751778588114,0.828401793609497,0.999191353387358
"DDX27",1.40629297014219,0.106356818871936,0.655799520699611,0.162178860329868,0.871165006421792,0.999191353387358
"ZNFX1",1.89957444560044,-0.47093184949284,0.592212894200734,-0.795207017787786,0.426493090226614,0.999191353387358
"ZFAS1",12.3027350680067,0.069981153329151,0.367769368318589,0.190285432550022,0.849085468243412,0.999191353387358
"RNF114",2.47203581258634,-0.296783619560383,0.543008697281607,-0.546554081078502,0.584685123476995,0.999191353387358
"UBE2V1",3.72875476116746,-0.421314489107487,0.457479969647924,-0.920946308166739,0.357078459781714,0.999191353387358
"CEBPB",5.03839101925721,0.0746137938015172,0.399717019961888,0.186666541766551,0.851922090754161,0.999191353387358
"SMIM25",2.791672690183,-0.00173556602161909,0.589386438602523,-0.0029446996197168,0.997650473032785,0.999191353387358
"PTPN1",3.72702373176994,0.792254730653378,0.574622407933702,1.37873970752771,0.167975022096794,0.999191353387358
"ADNP",1.48549792408123,0.275862411029504,0.753897576466302,0.365914972591551,0.714428523520302,0.999191353387358
"PFDN4",0.962446502992354,0.650361369607491,0.836830910086379,0.777171781979659,0.437057428068769,0.999191353387358
"RTF2",2.82788676000707,-0.315113753369075,0.497894417612691,-0.632892722276313,0.526803700680433,0.999191353387358
"RBM38",2.66658401946447,-0.312114577268164,0.518502171025914,-0.601954234156071,0.547204601785906,0.999191353387358
"GNAS",15.874264351146,0.415286111019409,0.278492318412217,1.49119413198576,0.135910533854596,0.999191353387358
"CTSZ",10.3371464761031,0.000306864354422498,0.292514952228413,0.00104905527763545,0.999162975144073,0.999191353387358
"ATP5F1E",54.5223628970303,0.234917918323575,0.205509521690168,1.14309992253179,0.252997106460076,0.999191353387358
"PSMA7",13.5238286975764,-0.247535481231637,0.295613941195177,-0.83736064757583,0.402389878704034,0.999191353387358
"ADRM1",3.28034971424746,-0.212721687794601,0.538473715799856,-0.395045629067747,0.692809213768078,0.999191353387358
"RPS21",84.0923212308901,0.171109122790812,0.22040486076703,0.776340059812362,0.437548225857366,0.999191353387358
"OGFR",4.47708047740194,-0.156135468544772,0.488285473315664,-0.319762673840256,0.749148245101728,0.999191353387358
"PPDPF",14.8254082324291,-0.356643803700222,0.304868071424278,-1.16982995967422,0.242069404481735,0.999191353387358
"TPD52L2",1.99997726518769,-0.760125997253422,0.680736019387666,-1.11662373608079,0.264155238387388,0.999191353387358
"PRPF6",2.13094357290201,0.491328828336047,0.795950798504218,0.617285426761769,0.537046477475366,0.999191353387358
"RGS19",5.87227744865128,0.309835027446451,0.365771615720076,0.847072364640692,0.396954787589562,0.999191353387358
"ATP5PF",6.19369030615628,-0.135025980123266,0.371211258980211,-0.363744301544647,0.716048958311839,0.999191353387358
"APP",1.83564474070225,0.235943693782801,0.596938532904672,0.395256263043887,0.692653773982192,0.999191353387358
"CCT8",2.83359446502854,-0.30456198807853,0.535072677989399,-0.569197420475586,0.56922217102483,0.999191353387358
"BACH1",2.32111588419004,-0.217364884064701,0.504548050329225,-0.430811067296499,0.666605751713079,0.999191353387358
"SOD1",6.19097552950748,0.0759361531335562,0.376530382672644,0.201673375185702,0.84017207842503,0.999191353387358
"SCAF4",0.944194249595746,0.201535554027925,0.866059431714814,0.232704069314136,0.815991209100614,0.999191353387358
"IFNAR2",1.11933079639994,-0.0134175167478934,0.752694549955628,-0.0178259783449799,0.985777680328419,0.999191353387358
"IL10RB",2.218018210581,0.0929953654044442,0.640957396459561,0.145088216343426,0.884641221839213,0.999191353387358
"IFNAR1",1.94494365802208,0.408708289140893,0.577007807651187,0.708323672091394,0.478744279973654,0.999191353387358
"IFNGR2",6.20435328857744,0.22252697674571,0.391775756226503,0.567995781283253,0.570037832538024,0.999191353387358
"SON",10.8409978891529,0.451333132537358,0.268512875020999,1.68086216536939,0.0927896903676292,0.999191353387358
"ATP5PO",9.21990852664396,-0.443667930560454,0.322025965440713,-1.37773961783879,0.168283694757471,0.999191353387358
"MORC3",1.15107475513738,-0.202492254339209,0.807223845582866,-0.250850189135577,0.801929936517451,0.999191353387358
"TTC3",1.9050170347198,0.311137646484598,0.672889579683032,0.462390347360054,0.643801420150219,0.999191353387358
"HMGN1",5.65951422050083,0.123000381783166,0.395632059289372,0.310895891511162,0.755879767916381,0.999191353387358
"MX2",4.69758499182267,-0.592010678298473,0.448823175481956,-1.31902876375036,0.187159496500093,0.999191353387358
"MX1",14.5109585175801,0.27358156446399,0.392869223852747,0.69636802236902,0.48619838381361,0.999191353387358
"PDXK",2.2345121527337,-0.231291165765794,0.68981613357996,-0.335293934871391,0.737403368480958,0.999191353387358
"CSTB",10.6002597234932,0.215266778348366,0.355484660274411,0.605558558229192,0.544807928448255,0.999191353387358
"PFKL",3.60989810778573,-0.103607609921229,0.509193744084429,-0.203473846890095,0.838764685262304,0.999191353387358
"UBE2G2",1.20564402568298,0.921408474723727,0.701383837529106,1.3137007518875,0.188946927844415,0.999191353387358
"SUMO3",2.97827998867011,-0.538754259718979,0.52610220331045,-1.02404866645476,0.305812288899702,0.999191353387358
"PTTG1IP",2.78061180052973,0.027440339997511,0.486825554420289,0.0563658578485817,0.955050355185989,0.999191353387358
"ITGB2",21.6478693877069,0.276624932509994,0.285600419076667,0.968573272421343,0.332758144139222,0.999191353387358
"ITGB2-AS1",1.80085039659576,0.699250699799867,0.609212424323125,1.14779454896505,0.251053388153456,0.999191353387358
"YBEY",1.23451757369689,1.15729813318674,0.844742755860921,1.37000066015041,0.170686695571876,0.999191353387358
"PRMT2",2.66993399056549,0.178476319323451,0.532038604922366,0.335457460553063,0.737280029035994,0.999191353387358
"IL17RA",4.13099113195563,0.1704617895162,0.484373025886402,0.351922548131691,0.724896348608521,0.999191353387358
"ADA2",6.71477375697366,-0.25454898001943,0.387871242061459,-0.656271856264858,0.511649222370239,0.999191353387358
"SLC25A1",1.67722508072599,0.156418750847622,0.594622398783283,0.263055598254768,0.792507726415189,0.999191353387358
"UFD1",1.77943043914304,0.210677179238074,0.595577589479572,0.353735907729787,0.723536809771663,0.999191353387358
"COMT",4.86422173171197,-0.0337536992305691,0.399438414060907,-0.0845028871595267,0.93265660743248,0.999191353387358
"RANBP1",2.12478291564525,-0.133767853128355,0.603012323701311,-0.221832702037138,0.824444121083685,0.999191353387358
"PI4KA",1.49224260262843,-0.194986159036117,0.692591749746927,-0.281531160466992,0.778303031549491,0.999191353387358
"UBE2L3",3.92488965803471,-0.69445218348306,0.444406495286522,-1.56265084072483,0.118134743044472,0.999191353387358
"MAPK1",2.27229931776756,0.175457959996777,0.519691977738671,0.337619142708812,0.735650214617114,0.999191353387358
"IGLV4-69",1.5669281014536,2.23372309623026,3.51631668527475,0.635245143187587,0.525268545030277,0.999191353387358
"IGLV1-47",8.91314227451602,-0.655488622154158,3.48875278966441,-0.187886233755534,0.850965834426154,0.999191353387358
"IGLV1-44",2.97313014450289,5.30161514837483,2.11598391845134,2.50550824235707,0.0122275548353165,0.999191353387358
"IGLV1-40",13.7879009153205,-2.38339490795236,2.44985034181795,-0.972873676105341,0.33061608952305,0.999191353387358
"IGLV3-21",0.945038066236282,1.65279675239477,2.77230944264097,0.596180472126617,0.551054669654179,0.999191353387358
"IGLV3-19",4.80048085693279,-1.01614675947214,3.18902357365252,-0.318638835995906,0.750000400406297,0.999191353387358
"IGLV2-14",17.3373870311499,-0.716204991506229,2.62729866459403,-0.272601284794128,0.785159724212104,0.999191353387358
"IGLC1",1.32760526866285,0.981646983620177,1.47533681463428,0.665371441885638,0.505812946183372,0.999191353387358
"IGLC2",3.13406005491967,0.358713537248241,0.754294188155205,0.475561846930778,0.634386562047433,0.999191353387358
"IGLC3",2.74138483034919,0.888928207082603,0.733771365807174,1.21145120742719,0.225722523944358,0.999191353387358
"VPREB3",4.16878338623155,0.644197693579973,0.511042795933369,1.26055527776966,0.207469120116306,0.999191353387358
"CHCHD10",7.2366015000156,-0.389553625028337,0.360881828689538,-1.07944926582453,0.280387498896923,0.999191353387358
"SMARCB1",2.42699992588668,-0.190720266983568,0.513310174236597,-0.371549750143197,0.710228108235899,0.999191353387358
"MIF",15.2416210633537,0.178281022310078,0.325498856230426,0.547716278867259,0.583886732604772,0.999191353387358
"DDT",6.10765820331006,0.0805119772310005,0.407993443870032,0.197336448515697,0.843564258303143,0.999191353387358
"GUCD1",0.849464084486006,0.232602009733839,1.00975819324406,0.230354169235859,0.81781657118624,0.999191353387358
"XBP1",2.0490163305294,-1.07243665751992,0.656197292389458,-1.63432045507958,0.102191580827353,0.999191353387358
"EWSR1",4.12059431323398,-0.219381044790188,0.443717410417807,-0.494416129814733,0.621012324880811,0.999191353387358
"UQCR10",13.2027195791592,-0.278975726150919,0.315581948367003,-0.884004068022569,0.376694016839682,0.999191353387358
"SF3A1",2.14833281109439,0.0744301350186872,0.536280742344394,0.138789498003061,0.889616493044047,0.999191353387358
"YWHAH",4.04372310742951,0.299743794841224,0.462835307429891,0.647625170399576,0.517227413395268,0.999191353387358
"TOM1",1.64491428063455,0.496797855393685,0.641898169360071,0.773951195232351,0.438959653017006,0.999191353387358
"MYH9",9.74159773334735,0.00844034428899454,0.275448271220661,0.0306422118809851,0.975554877729324,0.999191353387358
"TXN2",3.99425528445005,-0.351336231966654,0.479076428861569,-0.733361549015332,0.463337944488168,0.999191353387358
"EIF3D",4.40507413599156,0.109998875453153,0.424415519039249,0.259177316847786,0.795498431818261,0.999191353387358
"NCF4",3.69613370187198,0.123472658069407,0.456001377158685,0.270772555203137,0.786565969365163,0.999191353387358
"RAC2",16.8346031057325,-0.169837885205154,0.275330492237731,-0.616850984519757,0.53733301945849,0.999191353387358
"CYTH4",2.26854988846861,-0.419773667749894,0.538351076694655,-0.779739627024065,0.435544148886335,0.999191353387358
"MFNG",1.60302811254507,-0.255716570790646,0.698982091104188,-0.365841377118387,0.714483442485881,0.999191353387358
"LGALS2",11.2738040585405,-0.192140182327366,0.407183371984764,-0.471876298363568,0.637015086667917,0.999191353387358
"SH3BP1",2.80546317834291,0.0583556997347712,0.478564894798018,0.12193894781898,0.902947369870132,0.999191353387358
"LGALS1",45.0946655629385,0.148575735513805,0.310274341291545,0.478852794901908,0.632043354949513,0.999191353387358
"EIF3L",5.28418115093437,0.11633834811898,0.435512729975563,0.267129615535022,0.789369365950153,0.999191353387358
"POLR2F",2.42592859705778,-0.667733539615957,0.610809146763296,-1.09319505635157,0.274308167148876,0.999191353387358
"DDX17",8.10475557669741,-0.175441007376258,0.36296922107284,-0.483349543682247,0.628847567646533,0.999191353387358
"TOMM22",2.50002599955162,-0.488346260273961,0.513437189030856,-0.951131454259759,0.341537649206877,0.999191353387358
"SUN2",1.98351922624051,-0.131285319147242,0.652840313331226,-0.201098670634074,0.840621421442377,0.999191353387358
"APOBEC3A",10.0528314464419,-0.550510828816501,0.557047460602002,-0.988265574752936,0.323022600433127,0.999191353387358
"RPL3",62.8691969970162,-0.216115876052875,0.256760672675907,-0.841701627436008,0.399954987082278,0.999191353387358
"ATF4",2.07449768504202,-0.481095114594986,0.580411399107913,-0.828886399085933,0.407168692257085,0.999191353387358
"RPS19BP1",3.01954552396631,0.402804088782508,0.522018106701714,0.771628576885118,0.440334443852705,0.999191353387358
"TNRC6B",3.49233177717138,-0.312776923237424,0.484982464993245,-0.644924189664838,0.518976314991298,0.999191353387358
"ADSL",1.13059572862337,0.408966641760659,0.76248564666233,0.536359790575536,0.591709915355771,0.999191353387358
"ST13",4.45896920859257,-0.0718530116272158,0.439231552084264,-0.163588001103872,0.870055491181678,0.999191353387358
"RBX1",8.17782197921258,-0.224718644605042,0.3806364995679,-0.59037597513676,0.55493861381081,0.999191353387358
"EP300",1.39579960396563,0.0805519425297866,0.716592548276509,0.112409684866977,0.910498576585893,0.999191353387358
"XRCC6",5.90049379470567,-0.230412709797798,0.355339608024966,-0.64842957158215,0.516707149058179,0.999191353387358
"SNU13",7.24735827955585,-0.304399237704149,0.416720433031454,-0.730463911955987,0.465106664203398,0.999191353387358
"SREBF2",1.47209344807382,0.431163247189614,0.688576132952594,0.626166412914718,0.531205794862741,0.999191353387358
"TNFRSF13C",2.69185369932026,-0.472495884350672,0.598457181023927,-0.78952329311557,0.429806221169853,0.999191353387358
"SMDT1",10.021470526094,-0.0945290577911451,0.316532535741633,-0.298639309130306,0.765215269006701,0.999191353387358
"NDUFA6",4.91143148265507,0.267341985989177,0.446335880442926,0.598970411529266,0.549192615782443,0.999191353387358
"NFAM1",1.66030041113712,-0.234762152866164,0.776105158921455,-0.302487556186857,0.762280418162903,0.999191353387358
"CYB5R3",1.76387330934747,0.276835677312433,0.681184395601334,0.406403433637157,0.684446197201305,0.999191353387358
"TSPO",27.0616319516317,-0.178977002171412,0.273208260279413,-0.655093670990658,0.512407446707707,0.999191353387358
"PARVB",1.80802630572992,0.189265471729359,0.59475191270612,0.318225915185714,0.750313576265659,0.999191353387358
"PARVG",4.53256135246616,0.306896254668493,0.481047548823079,0.637974885059366,0.523490028939186,0.999191353387358
"KIAA0930",2.45242979373552,-0.213546263262254,0.574029781911482,-0.372012515711569,0.709883530873921,0.999191353387358
"PIM3",1.72866811651215,-0.245658036276387,0.654303889859903,-0.375449451063155,0.70732623349856,0.999191353387358
"TRABD",2.81810762174953,-0.431873281993728,0.599206824410702,-0.720741594387646,0.471068515945385,0.999191353387358
"PLXNB2",1.60221431497193,-0.279546364371605,0.747220501377163,-0.374114955165694,0.708318792668958,0.999191353387358
"SCO2",6.32605224858792,0.00285105425417877,0.606266653255467,0.00470264072561054,0.996247849399733,0.999191353387358
"TYMP",57.2414763885457,-0.262768253014645,0.344318792828781,-0.763153968030178,0.445371577673616,0.999191353387358
"ODF3B",4.91269290395202,-0.532937876847341,0.482129974692311,-1.10538216834051,0.268994027057781,0.999191353387358
"CHKB",3.00852360340142,0.73785309010604,0.445671421492827,1.65559884372778,0.0978030845066,0.999191353387358
"GTPBP6",1.79323568817521,0.546841239087311,0.600344652712365,0.910878837042481,0.362359217486886,0.999191353387358
"SLC25A6",18.6395012673141,-0.0551629770137403,0.227845860542817,-0.242106557838359,0.808697596924154,0.999191353387358
"CD99",9.64392170232354,0.682061508099593,0.399471955180432,1.70740773977868,0.0877462927850377,0.999191353387358
"PRKX",1.51447158709491,-0.336988988045061,0.701619245273897,-0.480301802316593,0.631012807497602,0.999191353387358
"MSL3",1.98437368046591,0.0914062097527743,0.599155604699547,0.152558382222947,0.878746546895214,0.999191353387358
"TMSB4X",262.845689698466,-0.0691106261062699,0.125285703176044,-0.551624202556932,0.581205850929265,0.999191353387358
"ZRSR2",1.53582536578351,0.315473077217632,0.627121629127285,0.503049269177098,0.614929632804677,0.999191353387358
"AP1S2",7.13162898394258,0.352472355122418,0.35178351759291,1.0019581290625,0.316363815827361,0.999191353387358
"SH3KBP1",3.81358374819132,-0.201888744139298,0.415028940006668,-0.486444979321332,0.626651706444216,0.999191353387358
"EIF1AX",2.72622023819437,-0.380450702452795,0.515985624613053,-0.737328104320933,0.460922845256305,0.999191353387358
"RPS6KA3",0.996700989565908,0.627007747412781,0.707746750704014,0.885921054090436,0.375660069916442,0.999191353387358
"SAT1",44.2011626534402,-0.460185714735253,0.363333141543149,-1.26656685591838,0.205310209906057,0.999191353387358
"EIF2S3",5.06773932946826,0.0746946494091246,0.401533279820553,0.186023558103343,0.852426287070453,0.999191353387358
"CYBB",8.98852082543671,-0.0405062960460994,0.367470744305392,-0.110229988846231,0.912226979525534,0.999191353387358
"ATP6AP2",2.85372593175628,0.304945310264665,0.462493478566712,0.659350508486529,0.509670715294124,0.999191353387358
"DDX3X",4.07828090790388,-0.238476501255936,0.548929786741107,-0.434438988402734,0.663969690652584,0.999191353387358
"NDUFB11",11.16028469509,-0.157877720702067,0.363009867992492,-0.434913027502967,0.663625558126974,0.999191353387358
"UBA1",3.17822846399535,0.233039528960677,0.500547243952619,0.465569497737032,0.64152368039311,0.999191353387358
"USP11",0.560470703332305,0.655399710273413,1.0441774502116,0.627670814132791,0.530219608493306,0.999191353387358
"TIMP1",10.0234236538966,-0.112628240924658,0.373776072281958,-0.301325443967149,0.76316634053993,0.999191353387358
"CFP",6.79396469223234,0.0917326696040413,0.377363378085026,0.24308842598757,0.807936897070407,0.999191353387358
"UXT",6.17258952801677,0.00602960154112937,0.369676500605892,0.0163104810050057,0.986986696021489,0.999191353387358
"RBM3",9.16044184497968,-0.269201125036663,0.308594031094179,-0.872347154875806,0.383019020142378,0.999191353387358
"WAS",8.05817850599847,-0.034971601132051,0.339859357632409,-0.102900215476416,0.918042166684285,0.999191353387358
"PQBP1",1.91782617197212,0.237171025179279,0.604577574540954,0.392292131178301,0.69484237705583,0.999191353387358
"TIMM17B",3.48007961441659,0.408799505039664,0.479461772495589,0.852621686421153,0.393869132362341,0.999191353387358
"PLP2",7.90352710758035,-0.0656041709240792,0.344730589761882,-0.19030562669067,0.849069644762849,0.999191353387358
"SMC1A",2.10428503481823,-0.196881032389631,0.561586306616005,-0.350580186999203,0.725903322737771,0.999191353387358
"HSD17B10",2.39735490206391,0.281103357632918,0.57447373725729,0.48932325257372,0.624612861429569,0.999191353387358
"MSN",9.6382507061809,0.0404083295433292,0.331240292966437,0.121990984796719,0.90290615803412,0.999191353387358
"AL034397.3",1.9055451018507,0.140151008743389,0.563499352796018,0.248715474202367,0.803580878221524,0.999191353387358
"IGBP1",2.86718912827557,0.220729915484634,0.461783022055632,0.477994869759509,0.632653856474267,0.999191353387358
"IL2RG",6.920886245283,0.390752910603928,0.398012455475553,0.981760508316376,0.326217848010935,0.999191353387358
"NONO",3.04591209427337,-0.407155099484895,0.493083544843903,-0.825732482339862,0.408955861881699,0.999191353387358
"OGT",1.93206095478547,0.0953293727779003,0.6301436158456,0.151281978235987,0.879753284943877,0.999191353387358
"RPS4X",94.4415365433078,-0.101534568142593,0.170108967949857,-0.596879572936584,0.550587786251959,0.999191353387358
"XIST",3.70088770973346,-0.437478390768015,0.471724645787301,-0.92740202292774,0.353717840732469,0.999191353387358
"JPX",2.42541210121619,-0.320202648622991,0.531019513647686,-0.602996011245332,0.546511342724452,0.999191353387358
"ATRX",4.09523753908331,-0.242173781183373,0.413786531576713,-0.585262599680522,0.558371158651424,0.999191353387358
"COX7B",8.3345699246586,-0.550193860211802,0.334226038917415,-1.64617293731489,0.0997281593042128,0.999191353387358
"PGK1",8.92140855601323,-0.39055865399996,0.369378604459434,-1.05733967610691,0.290356591767416,0.999191353387358
"SH3BGRL",7.78622855553104,-0.111575926626278,0.321650080940954,-0.3468860517612,0.728676925870604,0.999191353387358
"BTK",2.30369104286627,0.542738220313016,0.513172389277617,1.05761383826012,0.29023153099067,0.999191353387358
"RPL36A",38.4135577411835,-0.0489279376940502,0.252350928091547,-0.193888479285879,0.846263204722042,0.999191353387358
"HNRNPH2",1.79099841189057,0.152725621487767,0.691414389230442,0.220888694054738,0.825179100838795,0.999191353387358
"TSC22D3",15.6869581593572,0.11263209640572,0.312819082042815,0.360055069755317,0.718805951641161,0.999191353387358
"SLC25A5",7.91880208413195,-0.307097495650721,0.368637685447055,-0.833060502965934,0.404810607654877,0.999191353387358
"UBE2A",2.82947953638312,0.302525120160106,0.591228076791883,0.511689366651302,0.608868429232059,0.999191353387358
"SEPTIN6",4.05167204627345,-0.158303414063643,0.484836681335285,-0.326508740278603,0.744039477549111,0.999191353387358
"RPL39",169.901144297631,0.415724896659463,0.261292245958951,1.59103418906956,0.111601881720858,0.999191353387358
"RNF113A",1.31951532566897,0.440856359795369,0.688861825091817,0.639977922621286,0.522186952532543,0.999191353387358
"NDUFA1",11.0186354973534,-0.238257707035923,0.345619388477935,-0.689364413510422,0.490593972005218,0.999191353387358
"NKAP",1.53922664772898,1.04901472756462,0.710023705645056,1.47743620279775,0.139558747751305,0.999191353387358
"MCTS1",1.25964638478234,0.483287450611598,0.685493907081134,0.705020782269909,0.480797303074511,0.999191353387358
"STAG2",2.5936157657125,0.0206681752778462,0.709856648651614,0.0291159846387377,0.976772087304495,0.999191353387358
"SASH3",3.45547780276604,-0.243277080845501,0.477169098483828,-0.509834106228794,0.610167689192718,0.999191353387358
"ELF4",2.08900654638627,0.673870313569365,0.662576310472494,1.01704558843768,0.309131742800392,0.999191353387358
"RBMX",2.55407875976395,0.152951525771823,0.55953872526616,0.273352886699786,0.78458196500573,0.999191353387358
"IDS",3.01295016533988,-0.026875981252464,0.513439746114332,-0.0523449566494592,0.958253832168416,0.999191353387358
"VMA21",2.28723018114351,-0.0766671154694692,0.575175032846334,-0.13329353864696,0.893961237416648,0.999191353387358
"BCAP31",5.25833827971175,0.108972395204848,0.412783620909384,0.263993990276978,0.791784549599626,0.999191353387358
"IDH3G",2.39702559635268,-0.262451293432362,0.548276442838019,-0.478684241974445,0.6321632778223,0.999191353387358
"SSR4",13.8685049001131,-0.0688855649310728,0.410510413926192,-0.167804670951559,0.866736947721466,0.999191353387358
"ARHGAP4",4.89197993490841,0.208579017924289,0.436765860463413,0.477553391428041,0.632968111085346,0.999191353387358
"HCFC1",1.63247042798846,-0.210334943076516,0.706573796854046,-0.297682908725193,0.765945189232437,0.999191353387358
"IRAK1",1.89774696797473,0.13337498129711,0.625429037214191,0.213253580120287,0.831129178398911,0.999191353387358
"FLNA",12.1585834016924,-0.0366356349004641,0.281500498733605,-0.130144120757434,0.896452403618465,0.999191353387358
"EMD",1.51841599462874,0.270643712220887,0.645036815979032,0.419578705457464,0.674793247258794,0.999191353387358
"RPL10",194.479209838794,-0.206284745100148,0.17917957917788,-1.15127374473493,0.249619634986163,0.999191353387358
"ATP6AP1",2.47059719198827,0.269151358081324,0.52286814256316,0.514759527635233,0.60672107028683,0.999191353387358
"GDI1",2.04356663393381,0.762506927314804,0.580550336538478,1.31342086865583,0.189041169297147,0.999191353387358
"FAM50A",2.63969001814056,-0.400978542520307,0.516971679265242,-0.775629611065361,0.437967711464181,0.999191353387358
"LAGE3",1.58424680640801,-0.107600488190277,0.774660470397446,-0.138900192151371,0.889529019125177,0.999191353387358
"G6PD",2.6964052098645,0.468987815257008,0.549522168617401,0.853446579665716,0.39341170001414,0.999191353387358
"MPP1",1.40481677529717,0.427950261936695,0.682576364075575,0.626963200690775,0.53068335741074,0.999191353387358
"FUNDC2",2.18456077077566,-0.273365069183355,0.580013166446222,-0.471308385735931,0.637420528149211,0.999191353387358
"RPS4Y1",2.71792312980839,1.26843095572964,3.50294542846673,0.36210411541719,0.71727422838456,0.999191353387358
"MT-ND1",53.2963015248675,-0.225984629730836,0.248030601917747,-0.911115918695299,0.362234299783924,0.999191353387358
"MT-ND2",36.6503336532663,-0.0247958145221918,0.267235164832305,-0.0927864958855679,0.926073179447815,0.999191353387358
"MT-CO1",191.437270140912,0.0493047001601353,0.278160000437108,0.177253020141849,0.859309650889018,0.999191353387358
"MT-CO2",148.061362406887,-0.0552903505871231,0.267959251645783,-0.206338651296921,0.836526388702355,0.999191353387358
"MT-ATP8",6.68793744883329,-1.00853317371183,0.603246828830103,-1.67184165007169,0.0945555513603359,0.999191353387358
"MT-ATP6",73.205934931282,-0.11446722850245,0.314584038577811,-0.363868519903106,0.715956193065703,0.999191353387358
"MT-CO3",72.1573049077999,-0.23077615943912,0.284693933121132,-0.810611441238297,0.417588844385311,0.999191353387358
"MT-ND3",57.615317941223,-0.186101468621162,0.381329530292854,-0.488033193962816,0.625526329409157,0.999191353387358
"MT-ND4L",32.0760373059208,-0.439850953272021,0.327292958667671,-1.34390594610574,0.178978802994932,0.999191353387358
"MT-ND4",46.7240795797051,0.101224334955138,0.264455233046237,0.382765482797009,0.701893656699147,0.999191353387358
"MT-ND5",28.4265529235173,0.0882432027789755,0.318304592706176,0.277228807880985,0.781604420700111,0.999191353387358
"MT-ND6",8.43114282591948,0.084418597234842,0.37959785884382,0.222389550594317,0.824010645586393,0.999191353387358
"MT-CYB",44.5555253979672,-0.198992097132574,0.354057495994504,-0.562033283813493,0.574093342170962,0.999191353387358
"AC233755.2",2.78527234523956,1.6440436013052,1.92195446304855,0.855401953018943,0.392328662789065,0.999191353387358
"AC233755.1",0.873382955341393,-3.0220730200814,3.60259021460413,-0.838861163790032,0.401547223262948,0.999191353387358
"IGKC",14.2844298347651,1.29596709784478,0.496471660838251,2.61035462861393,NA,NA
"IGKV1-5",27.5358525958045,2.60565159734454,2.75454875996464,0.945944989326671,NA,NA
"IGKV3-20",56.8658154311267,1.71226710562212,1.40316057772063,1.22029305327522,NA,NA
"IGKV2-29",1.73381275753036,2.16204540955324,3.51349428587067,0.615354753314326,NA,NA
"IGHV3-11",0.547958632906148,3.61992220874474,3.54849867604205,1.02012781720475,NA,NA
"IGHV3-13",0.589109501587512,0.859264272331781,3.57231759301585,0.240534121045594,NA,NA
"IGHV1-18",5.94740592270026,6.76491494379536,3.51541553479294,1.92435712843654,NA,NA
"IGHV2-26",0.832233637914865,0.271029645349492,3.56756792969431,0.0759704231820235,NA,NA
"IGHV1-46",0.281003200428571,1.92956676675364,3.58825420669296,0.53774528102121,NA,NA
"IGLV6-57",1.43472542954554,1.10898397073785,2.47312447015328,0.448414135285765,NA,NA
"IGLV1-51",0.421922305118865,1.12103725240179,3.58060352053407,0.313086116899805,NA,NA
"IGLV3-25",0.209338876532978,1.92956676675364,3.58825420669296,0.53774528102121,NA,NA
