"ID","Description","setSize","enrichmentScore","NES","pvalue","p.adjust","qvalue","rank","leading_edge","core_enrichment","log2err"
"GO:0002399","MHC class II protein complex assembly",13,0.740307409168144,2.00271423294121,0.000249078116005318,0.022802286872445,0.0129792019099889,186,"tags=46%, list=7%, signal=43%","HLA-DMA/HLA-DRB1/HLA-DQB1/HLA-DMB/HLA-DQA1/HLA-DRB5",0.49849310876659
"GO:0002503","peptide antigen assembly with MHC class II protein complex",13,0.740307409168144,2.00271423294121,0.000249078116005318,0.022802286872445,0.0129792019099889,186,"tags=46%, list=7%, signal=43%","HLA-DMA/HLA-DRB1/HLA-DQB1/HLA-DMB/HLA-DQA1/HLA-DRB5",0.49849310876659
"GO:0061620","glycolytic process through glucose-6-phosphate",10,-0.778954309105238,-1.97950325593565,0.000850066524929007,0.0409980001085552,0.0233363137781464,193,"tags=60%, list=7%, signal=56%","PGK1/PKM/TPI1/ENO1/GAPDH/ALDOA",0.477270815362862
"GO:0038066","p38MAPK cascade",10,-0.775143656591201,-1.96981950559163,0.00108967939040505,0.0494628978193663,0.0281545856098541,304,"tags=50%, list=12%, signal=44%","EZR/LGALS9/ZFP36/GADD45B/DUSP1",0.45505986738723
"GO:0009913","epidermal cell differentiation",20,-0.621569802569344,-1.96672915008675,0.000723097536386339,0.0368987504334651,0.0210029956548337,296,"tags=40%, list=11%, signal=36%","PPP3CA/NCOA3/PAFAH1B1/ANXA1/ASAH1/ZFP36/TXNIP/MAFB",0.477270815362862
"GO:0050866","negative regulation of cell activation",54,-0.487185330689579,-1.95738358293523,0.000175272178244792,0.0226205481456498,0.0128757551090985,521,"tags=46%, list=20%, signal=38%","VSIR/PTPRC/PSMA4/IRF1/PSMA2/CSK/BANK1/PTPN2/FGR/ID2/PSMA7/LILRB1/PSMA3/PSMB3/PSMA6/RIPOR2/PSMA1/LGALS9/GRN/ANXA1/HLA-E/LILRB2/CST7/CD69/CLEC12A",0.518848077743792
"GO:0002695","negative regulation of leukocyte activation",52,-0.496032927156067,-1.95024145746908,8.04530470614608e-05,0.0148002462438441,0.00842439117580537,521,"tags=48%, list=20%, signal=39%","VSIR/PTPRC/PSMA4/IRF1/PSMA2/CSK/BANK1/PTPN2/FGR/ID2/PSMA7/LILRB1/PSMA3/PSMB3/PSMA6/RIPOR2/PSMA1/LGALS9/GRN/ANXA1/HLA-E/LILRB2/CST7/CD69/CLEC12A",0.538434096309916
"GO:0034341","response to type II interferon",54,-0.483748293781397,-1.94357446514325,0.000187464728132708,0.0226205481456498,0.0128757551090985,515,"tags=46%, list=20%, signal=38%","CIITA/PSMA4/IRF1/PSMA2/RPL13A/JAK2/GBP1/PTPN2/PARP14/PSMA7/PSMA3/PSMB3/IFNGR1/PSMA6/PSMA1/LGALS9/PARP9/CALM1/NUB1/CASP1/NR1H2/GAPDH/BST2/HCK/CCL3",0.518848077743792
"GO:0030879","mammary gland development",12,-0.721330351211012,-1.9404421173871,0.000552229840090746,0.0329968584511476,0.0187820147438943,414,"tags=50%, list=16%, signal=42%","JAK2/NCOR2/ID2/OAS2/RTN4/XBP1",0.477270815362862
"GO:0043588","skin development",22,-0.595972391721592,-1.93364512764601,0.00151261078311766,0.0603740338434033,0.0343652713325421,296,"tags=41%, list=11%, signal=37%","PPP3CA/NCOA3/KLF4/ANXA1/ASAH1/ZFP36/TNFSF13B/TXNIP/MAFB",0.45505986738723
"GO:1903038","negative regulation of leukocyte cell-cell adhesion",39,-0.517017055779458,-1.92257049734206,0.000570140102827604,0.0329968584511476,0.0187820147438943,546,"tags=51%, list=21%, signal=41%","WNK1/VSIR/PSMA4/IRF1/PSMA2/CSK/PTPN2/PSMA7/LILRB1/PSMA3/PSMB3/PSMA6/RIPOR2/KLF4/PSMA1/LGALS9/ANXA1/HLA-E/LILRB2/CD69",0.477270815362862
"GO:1902106","negative regulation of leukocyte differentiation",35,-0.524201990692936,-1.9202316510471,0.00114839419270628,0.0501609916248121,0.0285519448968274,496,"tags=46%, list=19%, signal=38%","PSMA4/IRF1/PSMA2/PTPN2/ID2/PSMA7/LILRB1/PSMA3/PSMB3/PSMA6/PSMA1/ANXA1/MAFB/CCL3/CD69/CLEC12A",0.45505986738723
"GO:0017148","negative regulation of translation",41,-0.513244188905824,-1.91815739924653,0.000303171439366877,0.0250657815047971,0.0142675969740374,583,"tags=46%, list=22%, signal=37%","SERBP1/NCL/CELF1/PCIF1/TNRC6B/GZMB/CAPRIN1/RPL13A/CIRBP/RACK1/CALR/ATF4/RGS2/EIF2AK2/YBX1/BTG2/RPS3/ZFP36/GAPDH",0.49849310876659
"GO:0045620","negative regulation of lymphocyte differentiation",23,-0.575426748838807,-1.90957964520303,0.00196617538594783,0.0734144519107941,0.0417879574882832,496,"tags=52%, list=19%, signal=43%","PSMA4/IRF1/PSMA2/PTPN2/ID2/PSMA7/PSMA3/PSMB3/PSMA6/PSMA1/ANXA1/CD69",0.431707695803346
"GO:0043436","oxoacid metabolic process",105,-0.419887148764968,-1.90597709131803,2.52846320015525e-05,0.00975565384726568,0.00555297816205592,460,"tags=35%, list=18%, signal=30%","LDHB/ST6GAL1/SDHB/ODC1/TXN2/NAAA/OAZ1/PTGES3/ZBTB7A/ATF4/GPI/SCPEP1/LYPLA1/LTA4H/ABHD14B/PARK7/IDH3B/ETFB/MDH2/PGK1/ALKBH7/FBP1/PARP9/GSTP1/CASP1/PKM/TPI1/ASAH1/NR1H2/ENO1/GAPDH/NAMPT/SLC2A3/XBP1/GLUL/ALDOA/P4HB",0.575610261071129
"GO:1902175","regulation of oxidative stress-induced intrinsic apoptotic signaling pathway",15,-0.666084098619819,-1.90538541135726,0.00163311127292507,0.0640788575732463,0.036474079782306,403,"tags=47%, list=15%, signal=40%","RACK1/NONO/ATF4/MCL1/PARK7/HSPB1/P4HB",0.45505986738723
"GO:0019752","carboxylic acid metabolic process",103,-0.421730994830862,-1.89764999609249,2.01869417293323e-05,0.00975565384726568,0.00555297816205592,460,"tags=35%, list=18%, signal=30%","LDHB/ST6GAL1/SDHB/ODC1/TXN2/NAAA/OAZ1/PTGES3/ZBTB7A/ATF4/GPI/SCPEP1/LYPLA1/LTA4H/PARK7/IDH3B/ETFB/MDH2/PGK1/ALKBH7/FBP1/PARP9/GSTP1/CASP1/PKM/TPI1/ASAH1/NR1H2/ENO1/GAPDH/NAMPT/SLC2A3/XBP1/GLUL/ALDOA/P4HB",0.575610261071129
"GO:0006082","organic acid metabolic process",106,-0.41758600432665,-1.8947686438608,2.29103226338697e-05,0.00975565384726568,0.00555297816205592,460,"tags=35%, list=18%, signal=30%","LDHB/ST6GAL1/SDHB/ODC1/TXN2/NAAA/OAZ1/PTGES3/ZBTB7A/ATF4/GPI/SCPEP1/LYPLA1/LTA4H/ABHD14B/PARK7/IDH3B/ETFB/MDH2/PGK1/ALKBH7/FBP1/PARP9/GSTP1/CASP1/PKM/TPI1/ASAH1/NR1H2/ENO1/GAPDH/NAMPT/SLC2A3/XBP1/GLUL/ALDOA/P4HB",0.575610261071129
"GO:0009615","response to virus",122,-0.404478826211681,-1.89231887227415,2.18984548344355e-05,0.00975565384726568,0.00555297816205592,571,"tags=36%, list=22%, signal=30%","IFITM3/NMI/IFIT2/ARF1/PTPRC/IRF1/HNRNPUL1/PSMA2/HSP90AA1/UBE2N/ODC1/LYST/GBP1/FGR/ZNFX1/CALR/CFL1/IRAK3/SMARCA5/LILRB1/IFI27/OAS2/IFNGR1/EIF2AK2/CHMP3/DDX21/APOBEC3A/LGALS9/IFIT3/PARP9/PHB2/IFI44L/IFI6/CASP1/STAT2/MX2/HSPB1/IRF7/ENO1/PLSCR1/BST2/TRIM22/BANF1/RNASE2",0.575610261071129
"GO:0030216","keratinocyte differentiation",15,-0.657035237029262,-1.87950043842402,0.00229903034547341,0.0818808499964759,0.0466070833425938,296,"tags=47%, list=11%, signal=42%","PPP3CA/NCOA3/ANXA1/ASAH1/ZFP36/TXNIP/MAFB",0.431707695803346
"GO:0050868","negative regulation of T cell activation",37,-0.509129884933081,-1.87190321457657,0.000681239688960186,0.035842497271428,0.0204017698595952,521,"tags=49%, list=20%, signal=40%","VSIR/PSMA4/IRF1/PSMA2/CSK/PTPN2/PSMA7/LILRB1/PSMA3/PSMB3/PSMA6/RIPOR2/PSMA1/LGALS9/ANXA1/HLA-E/LILRB2/CD69",0.477270815362862
"GO:0051250","negative regulation of lymphocyte activation",47,-0.484587303153557,-1.86931864584,0.00045615033766946,0.0317390417147948,0.0180660577226442,521,"tags=47%, list=20%, signal=38%","VSIR/PSMA4/IRF1/PSMA2/CSK/BANK1/PTPN2/FGR/ID2/PSMA7/LILRB1/PSMA3/PSMB3/PSMA6/RIPOR2/PSMA1/LGALS9/ANXA1/HLA-E/LILRB2/CD69/CLEC12A",0.49849310876659
"GO:0071346","cellular response to type II interferon",29,-0.542844566392494,-1.86382399267186,0.00117702675188779,0.0504595727892636,0.0287218991317519,515,"tags=55%, list=20%, signal=45%","CIITA/IRF1/RPL13A/JAK2/GBP1/PTPN2/PARP14/IFNGR1/LGALS9/PARP9/CALM1/CASP1/NR1H2/GAPDH/HCK/CCL3",0.45505986738723
"GO:0007589","body fluid secretion",10,-0.730780314511049,-1.85708198162476,0.00414395047807051,0.109191776770374,0.0621526308102783,411,"tags=60%, list=16%, signal=51%","NCOR2/PPP3CA/OAS2/COPA/NR1H2/XBP1",0.407017918923954
"GO:0051384","response to glucocorticoid",23,-0.559596137068473,-1.85704504532782,0.00285145921453651,0.0962453211578866,0.0547834286616882,197,"tags=30%, list=8%, signal=28%","ANXA1/GSTP1/FOSB/ZFP36/UBE2L3/DUSP1/FOS",0.431707695803346
"GO:0022408","negative regulation of cell-cell adhesion",51,-0.46388390482801,-1.84854152916291,0.000882733036838894,0.0417046322506539,0.0237385331388488,546,"tags=43%, list=21%, signal=35%","WNK1/VSIR/PSMA4/IRF1/PSMA2/AKNA/CSK/JAK2/PTPN2/PSMA7/LILRB1/PSMA3/PSMB3/PSMA6/RIPOR2/KLF4/PSMA1/LGALS9/ANXA1/HLA-E/LILRB2/CD69",0.477270815362862
"GO:0007162","negative regulation of cell adhesion",67,-0.452733307234028,-1.84264991383029,0.000177948037646037,0.0226205481456498,0.0128757551090985,546,"tags=42%, list=21%, signal=34%","WNK1/VSIR/PTPRC/PSMA4/IRF1/PSMA2/AKNA/CSK/JAK2/GBP1/PTPN2/CFL1/PSMA7/LILRB1/PSMA3/PSMB3/PSMA6/RIPOR2/KLF4/PSMA1/LGALS9/ANXA1/ADAM10/RHOA/HLA-E/LILRB2/DUSP1/CD69",0.518848077743792
"GO:1903707","negative regulation of hemopoiesis",36,-0.515374215494278,-1.83117255560803,0.00112164846057242,0.0499349266581761,0.0284232673276363,496,"tags=44%, list=19%, signal=37%","PSMA4/IRF1/PSMA2/PTPN2/ID2/PSMA7/LILRB1/PSMA3/PSMB3/PSMA6/PSMA1/ANXA1/MAFB/CCL3/CD69/CLEC12A",0.45505986738723
"GO:0042542","response to hydrogen peroxide",20,-0.577226714331533,-1.8264217479548,0.00347215222385064,0.10080064602962,0.0573763475915551,362,"tags=40%, list=14%, signal=35%","CFL1/CAT/KLF4/PARK7/RPS3/TXNIP/DUSP1/RHOB",0.431707695803346
"GO:0045581","negative regulation of T cell differentiation",22,-0.562100874896098,-1.82374826935967,0.00524747432803658,0.119725464515644,0.0681484706515814,496,"tags=50%, list=19%, signal=41%","PSMA4/IRF1/PSMA2/PTPN2/PSMA7/PSMA3/PSMB3/PSMA6/PSMA1/ANXA1/CD69",0.407017918923954
"GO:0045824","negative regulation of innate immune response",32,-0.512217311981505,-1.82082729319044,0.00183143505120532,0.0706628690590053,0.0402217396082429,398,"tags=41%, list=15%, signal=35%","PTPN2/IRAK3/PARP14/LILRB1/LGALS9/GRN/HLA-A/HLA-E/RPS19/STAT2/DDX39A/NR1H2/BANF1",0.45505986738723
"GO:0006195","purine nucleotide catabolic process",31,-0.517941161222257,-1.81812772957605,0.00244012124248847,0.084485584852802,0.0480897144405779,367,"tags=39%, list=14%, signal=34%","ZBTB7A/PARP14/GPI/DNPH1/NUDT16/PGK1/FBP1/PKM/TPI1/ENO1/GAPDH/ALDOA",0.431707695803346
"GO:0061615","glycolytic process through fructose-6-phosphate",11,-0.670452157784951,-1.80801119848207,0.00543812993208859,0.119725464515644,0.0681484706515814,193,"tags=55%, list=7%, signal=51%","PGK1/PKM/TPI1/ENO1/GAPDH/ALDOA",0.407017918923954
"GO:0001836","release of cytochrome c from mitochondria",11,-0.668458749950829,-1.80263556705873,0.00543812993208859,0.119725464515644,0.0681484706515814,288,"tags=55%, list=11%, signal=49%","MCL1/TNFSF10/IFI6/PRELID1/CASP1/BCL2A1",0.407017918923954
"GO:0009101","glycoprotein biosynthetic process",29,0.516948101064566,1.79705897657065,0.00386130503786995,0.10516377838434,0.0598598693588546,463,"tags=38%, list=18%, signal=32%","OST4/KRTCAP2/TRAK1/MGAT1/OGA/OSTC/ST3GAL1/DPM3/TMEM258/ITM2B/DAD1",0.431707695803346
"GO:0019364","pyridine nucleotide catabolic process",24,-0.550834747533356,-1.78838574898687,0.00321535013259354,0.0985161106552012,0.0560759760077329,367,"tags=42%, list=14%, signal=36%","ZBTB7A/PARP14/GPI/PGK1/FBP1/PKM/TPI1/ENO1/GAPDH/ALDOA",0.431707695803346
"GO:0072526","pyridine-containing compound catabolic process",24,-0.550834747533356,-1.78838574898687,0.00321535013259354,0.0985161106552012,0.0560759760077329,367,"tags=42%, list=14%, signal=36%","ZBTB7A/PARP14/GPI/PGK1/FBP1/PKM/TPI1/ENO1/GAPDH/ALDOA",0.431707695803346
"GO:0009144","purine nucleoside triphosphate metabolic process",110,-0.386982088719909,-1.78527128092841,0.000224739787192201,0.0226205481456498,0.0128757551090985,606,"tags=35%, list=23%, signal=28%","LRRK2/NDUFB3/TMSB4X/ATP5F1D/NDUFA11/NDUFS7/NADK/NDUFA13/HK3/TSPO/AK2/NDUFA1/SDHB/NDUFS6/NDUFB8/ZBTB7A/GPI/MT-ND1/NDUFS5/ATP5F1C/NUDT16/PGK1/IMPDH1/FBP1/NDUFB9/NDUFA12/PKM/TPI1/ATP5PB/MT-ND4L/ATP5F1B/ATP5PO/ATP5MC3/GIMAP7/ENO1/GAPDH/MT-ATP8/ALDOA/VCP",0.518848077743792
"GO:0043516","regulation of DNA damage response, signal transduction by p53 class mediator",10,0.695509396432665,1.78458971822116,0.00987189855532879,0.139301744515583,0.0792914096114774,645,"tags=80%, list=25%, signal=61%","ZNF385A/RPL26/DDX5/CD74/ATM/CD44/MIF/SOX4",0.380730400722792
"GO:0031348","negative regulation of defense response",70,-0.422072580003971,-1.78255132941003,0.000610911661015776,0.0344941584207688,0.019634287094218,398,"tags=31%, list=15%, signal=27%","PTPN2/FGR/IRAK3/PARP14/LILRB1/TNFRSF1B/KLF4/PSMA1/LGALS9/GRN/HLA-A/GSTP1/HLA-E/RPS19/STAT2/DDX39A/NR1H2/HCK/BANF1/CST7/CD69/CLEC12A",0.477270815362862
"GO:0051591","response to cAMP",16,-0.599153356666174,-1.78096690491382,0.00722084697522516,0.127605043875162,0.0726335756783301,164,"tags=44%, list=6%, signal=41%","TOP1/FBP1/RAP1B/FOSB/ATP5PO/DUSP1/FOS",0.407017918923954
"GO:0005996","monosaccharide metabolic process",32,-0.500532781771718,-1.7792911892431,0.00244515515556705,0.084485584852802,0.0480897144405779,398,"tags=38%, list=15%, signal=32%","PTPN2/ATF4/GPI/MDH2/PGK1/FBP1/PKM/TPI1/ENO1/GAPDH/SLC2A3/ALDOA",0.431707695803346
"GO:0072523","purine-containing compound catabolic process",34,-0.481784879086072,-1.77866274019315,0.00508313402842892,0.119725464515644,0.0681484706515814,486,"tags=41%, list=19%, signal=34%","HK3/ADA2/ZBTB7A/PARP14/GPI/DNPH1/NUDT16/PGK1/FBP1/PKM/TPI1/ENO1/GAPDH/ALDOA",0.407017918923954
"GO:0032787","monocarboxylic acid metabolic process",71,-0.420058989442933,-1.77628872096376,0.000666888161843683,0.035842497271428,0.0204017698595952,406,"tags=31%, list=15%, signal=27%","NAAA/PTGES3/ZBTB7A/GPI/SCPEP1/LYPLA1/PARK7/ETFB/PGK1/ALKBH7/FBP1/PARP9/GSTP1/PKM/TPI1/ASAH1/NR1H2/ENO1/GAPDH/NAMPT/XBP1/ALDOA",0.477270815362862
"GO:0006096","glycolytic process",23,-0.5349996000532,-1.77542032676611,0.00629223994857824,0.119725464515644,0.0681484706515814,367,"tags=39%, list=14%, signal=34%","ZBTB7A/GPI/PGK1/FBP1/PKM/TPI1/ENO1/GAPDH/ALDOA",0.407017918923954
"GO:0009134","nucleoside diphosphate catabolic process",23,-0.5349996000532,-1.77542032676611,0.00629223994857824,0.119725464515644,0.0681484706515814,367,"tags=39%, list=14%, signal=34%","ZBTB7A/GPI/PGK1/FBP1/PKM/TPI1/ENO1/GAPDH/ALDOA",0.407017918923954
"GO:0009137","purine nucleoside diphosphate catabolic process",23,-0.5349996000532,-1.77542032676611,0.00629223994857824,0.119725464515644,0.0681484706515814,367,"tags=39%, list=14%, signal=34%","ZBTB7A/GPI/PGK1/FBP1/PKM/TPI1/ENO1/GAPDH/ALDOA",0.407017918923954
"GO:0009181","purine ribonucleoside diphosphate catabolic process",23,-0.5349996000532,-1.77542032676611,0.00629223994857824,0.119725464515644,0.0681484706515814,367,"tags=39%, list=14%, signal=34%","ZBTB7A/GPI/PGK1/FBP1/PKM/TPI1/ENO1/GAPDH/ALDOA",0.407017918923954
"GO:0009191","ribonucleoside diphosphate catabolic process",23,-0.5349996000532,-1.77542032676611,0.00629223994857824,0.119725464515644,0.0681484706515814,367,"tags=39%, list=14%, signal=34%","ZBTB7A/GPI/PGK1/FBP1/PKM/TPI1/ENO1/GAPDH/ALDOA",0.407017918923954
"GO:0046032","ADP catabolic process",23,-0.5349996000532,-1.77542032676611,0.00629223994857824,0.119725464515644,0.0681484706515814,367,"tags=39%, list=14%, signal=34%","ZBTB7A/GPI/PGK1/FBP1/PKM/TPI1/ENO1/GAPDH/ALDOA",0.407017918923954
"GO:0008637","apoptotic mitochondrial changes",24,-0.546675135503996,-1.77488080779002,0.00371702812554268,0.103673736272666,0.0590117282259065,742,"tags=62%, list=28%, signal=45%","VDAC2/SOD2/VPS35/LRRK2/IFIT2/PPM1K/SIVA1/HSPD1/SLC25A5/MCL1/TNFSF10/IFI6/PRELID1/CASP1/BCL2A1",0.431707695803346
"GO:0051607","defense response to virus",87,-0.404510480154039,-1.77037606410649,0.000733193313148766,0.0368987504334651,0.0210029956548337,741,"tags=45%, list=28%, signal=33%","STAT1/RIOK3/HERC5/IRF9/NFKBIZ/TRIM25/IRF5/DDX17/UNC93B1/IFITM3/IFIT2/PTPRC/IRF1/HSP90AA1/UBE2N/LYST/GBP1/ZNFX1/SMARCA5/LILRB1/IFI27/OAS2/EIF2AK2/CHMP3/DDX21/APOBEC3A/IFIT3/PARP9/PHB2/IFI44L/IFI6/CASP1/STAT2/MX2/IRF7/PLSCR1/BST2/TRIM22/RNASE2",0.477270815362862
"GO:0010721","negative regulation of cell development",51,-0.443247444041036,-1.76630682693971,0.00228262315235701,0.0818808499964759,0.0466070833425938,496,"tags=37%, list=19%, signal=31%","PSMA4/IRF1/TSPO/PSMA2/PTPN2/ID2/CFL1/PSMA7/LILRB1/PSMA3/PSMB3/PSMA6/PSMA1/ANXA1/RTN4/MAFB/CCL3/CD69/CLEC12A",0.431707695803346
"GO:0009060","aerobic respiration",124,-0.377862035121938,-1.76570712232028,0.000156794807249718,0.0226205481456498,0.0128757551090985,673,"tags=38%, list=26%, signal=30%","IDH3G/ADPGK/MT-ND3/UQCRC1/NDUFB1/COX6B1/NDUFB3/MT-CYB/ATP5F1D/NDUFA11/NDUFS7/COX7A2/NDUFA13/HK3/NDUFA1/SDHB/NDUFS6/NDUFB8/ZBTB7A/MT-CO3/GPI/UQCR10/MT-ND1/NDUFS5/ATP5F1C/PARK7/IDH3B/MDH2/PGK1/RHOA/FBP1/NDUFB9/NDUFA12/PKM/TPI1/ATP5PB/MT-ND4L/ATP5F1B/ATP5PO/UQCRFS1/ENO1/GAPDH/CYCS/COX7B/MT-ATP8/ALDOA/VCP",0.518848077743792
"GO:2001237","negative regulation of extrinsic apoptotic signaling pathway",16,-0.592549754941938,-1.7613378800686,0.00873106983560916,0.135923268629398,0.0773683603611926,453,"tags=44%, list=17%, signal=36%","CFLAR/MCL1/KLF4/PARK7/GSTP1/PHIP/IFI6",0.380730400722792
"GO:1901796","regulation of signal transduction by p53 class mediator",30,0.509361248087435,1.76081865229503,0.00412810342316898,0.109191776770374,0.0621526308102783,645,"tags=53%, list=25%, signal=41%","ZNF385A/HIPK2/USP7/RPL26/RPL23/UBB/RPL5/DDX5/CD74/ATM/TAF9/CD44/PIP4P1/RPL11/MIF/SOX4",0.407017918923954
"GO:0036037","CD8-positive, alpha-beta T cell activation",21,-0.548099544748925,-1.75985949350517,0.00848084631471155,0.135235637259473,0.0769769563568567,521,"tags=62%, list=20%, signal=50%","VSIR/PSMA4/IRF1/PSMA2/PSMA7/CLEC4A/LILRB1/PSMA3/PSMB3/PSMA6/PSMA1/HLA-A/HLA-E",0.380730400722792
"GO:0046031","ADP metabolic process",24,-0.53995279803529,-1.75305550976235,0.00471905598789649,0.11571871138745,0.0658678021315678,486,"tags=46%, list=19%, signal=38%","HK3/AK2/ZBTB7A/GPI/PGK1/FBP1/PKM/TPI1/ENO1/GAPDH/ALDOA",0.407017918923954
"GO:0002683","negative regulation of immune system process",134,-0.374357968509699,-1.75251686671587,7.11563645707093e-05,0.0148002462438441,0.00842439117580537,552,"tags=36%, list=21%, signal=30%","NMI/PLD3/VSIR/HLA-B/PTPRC/PSMA4/IRF1/PSMA2/CSK/BANK1/GBP1/PTPN2/FGR/TMBIM6/ID2/CX3CR1/IRAK3/PARP14/PSMA7/LILRB1/CD72/EZR/PSMA3/PSMB3/PSMA6/RIPOR2/CSNK1A1/PPT1/PSMA1/LGALS9/GRN/ANXA1/HLA-A/HLA-E/RPS19/STAT2/DDX39A/NR1H2/BST2/HCK/LILRB2/BANF1/CST7/DUSP1/MAFB/CCL3/CD69/CLEC12A",0.538434096309916
"GO:0050777","negative regulation of immune response",55,-0.430217778835668,-1.75100673333649,0.0019159545309736,0.0727120449049817,0.0413881431011374,398,"tags=35%, list=15%, signal=30%","PTPN2/FGR/IRAK3/PARP14/LILRB1/PSMA1/LGALS9/GRN/ANXA1/HLA-A/HLA-E/RPS19/STAT2/DDX39A/NR1H2/HCK/BANF1/CD69/CLEC12A",0.45505986738723
"GO:0019318","hexose metabolic process",30,-0.491401568632873,-1.75040112522736,0.00600405148417245,0.119725464515644,0.0681484706515814,398,"tags=37%, list=15%, signal=31%","PTPN2/ATF4/GPI/MDH2/PGK1/FBP1/PKM/TPI1/ENO1/GAPDH/ALDOA",0.407017918923954
"GO:0009205","purine ribonucleoside triphosphate metabolic process",107,-0.383449975250002,-1.74852478113157,0.000273391598044882,0.023440798128663,0.0133426464435401,667,"tags=38%, list=25%, signal=30%","ADPGK/MT-ND3/NDUFB1/LRRK2/NDUFB3/TMSB4X/ATP5F1D/NDUFA11/NDUFS7/NADK/NDUFA13/HK3/TSPO/AK2/NDUFA1/SDHB/NDUFS6/NDUFB8/ZBTB7A/GPI/MT-ND1/NDUFS5/ATP5F1C/PGK1/IMPDH1/FBP1/NDUFB9/NDUFA12/PKM/TPI1/ATP5PB/MT-ND4L/ATP5F1B/ATP5PO/ATP5MC3/GIMAP7/ENO1/GAPDH/MT-ATP8/ALDOA/VCP",0.49849310876659
"GO:0006360","transcription by RNA polymerase I",18,-0.564147962336024,-1.74850030448814,0.0104472238956039,0.143108422001911,0.0814581938457799,549,"tags=50%, list=21%, signal=40%","NCL/BAZ2A/ATF4/MAF1/SMARCA5/DDX21/SF3B1/POLR2F/DEK",0.380730400722792
"GO:0006979","response to oxidative stress",97,-0.397221085556622,-1.7481038553772,0.000370239568655289,0.0283183561340886,0.0161189824546707,514,"tags=33%, list=20%, signal=28%","PSME2/PSMA4/PSMA2/ATOX1/JAK2/RACK1/CFL1/ATF4/PSMA7/PSMD7/PSMD8/PSMA3/PSMB3/MT-ND1/PSMA6/CAT/CUL3/KLF4/MGST1/PSMA1/PARK7/PSMD2/GSTP1/PSMB7/RPS3/XBP1/HM13/TXNIP/BANF1/DUSP1/RHOB/FOS",0.49849310876659
"GO:0031644","regulation of nervous system process",11,-0.647913070660767,-1.74722994593346,0.00831444202187677,0.133666203337811,0.0760836249174448,253,"tags=36%, list=10%, signal=33%","TNFRSF1B/ITGAX/CST7/CCL3",0.380730400722792
"GO:0008544","epidermis development",27,-0.51211259596746,-1.74451230275024,0.0044367048841413,0.11164099789986,0.0635467425386162,296,"tags=37%, list=11%, signal=33%","PPP3CA/NCOA3/YBX1/KLF4/PAFAH1B1/ANXA1/ASAH1/ZFP36/TXNIP/MAFB",0.407017918923954
"GO:0006090","pyruvate metabolic process",25,-0.526018293011467,-1.74345688899096,0.00886192681456873,0.135923268629398,0.0773683603611926,486,"tags=44%, list=19%, signal=36%","HK3/LDHB/ZBTB7A/GPI/PGK1/FBP1/PKM/TPI1/ENO1/GAPDH/ALDOA",0.380730400722792
"GO:0032743","positive regulation of interleukin-2 production",20,-0.549853809446015,-1.73981025277217,0.00649440613333841,0.119735623223579,0.0681542530506089,502,"tags=50%, list=19%, signal=41%","PTPRC/PSMA4/PSMA2/PSMA7/PSMA3/PSMB3/PSMA6/PSMA1/ANXA1/CLEC7A",0.407017918923954
"GO:0010499","proteasomal ubiquitin-independent protein catabolic process",15,-0.607467624381181,-1.73770842415561,0.00858731692317173,0.135235637259473,0.0769769563568567,790,"tags=80%, list=30%, signal=56%","PSMB10/PSMA5/PSMB6/PSMA4/PSMA2/MIDN/PSMA7/PSMA3/PSMB3/PSMA6/PSMA1/PSMB7",0.380730400722792
"GO:0032623","interleukin-2 production",24,-0.534572813796416,-1.73558840699575,0.00570778327377306,0.119725464515644,0.0681484706515814,502,"tags=50%, list=19%, signal=41%","PTPRC/PSMA4/PSMA2/GBP1/PSMA7/PSMA3/PSMB3/PSMA6/PSMA1/ANXA1/CLEC7A/ZFP36",0.407017918923954
"GO:0032663","regulation of interleukin-2 production",24,-0.534572813796416,-1.73558840699575,0.00570778327377306,0.119725464515644,0.0681484706515814,502,"tags=50%, list=19%, signal=41%","PTPRC/PSMA4/PSMA2/GBP1/PSMA7/PSMA3/PSMB3/PSMA6/PSMA1/ANXA1/CLEC7A/ZFP36",0.407017918923954
"GO:1902176","negative regulation of oxidative stress-induced intrinsic apoptotic signaling pathway",10,-0.681166034667551,-1.7310006090165,0.0133417588311168,0.166054686527072,0.0945193487210821,403,"tags=50%, list=15%, signal=42%","RACK1/NONO/ATF4/PARK7/HSPB1",0.380730400722792
"GO:0042771","intrinsic apoptotic signaling pathway in response to DNA damage by p53 class mediator",15,0.612662133349302,1.7290003100343,0.00930727695041231,0.136846606713313,0.0778939300766055,622,"tags=47%, list=24%, signal=36%","ZNF385A/HIPK2/RPL26/CD74/TAF9/CD44/MIF",0.380730400722792
"GO:0009141","nucleoside triphosphate metabolic process",112,-0.376842909697466,-1.72333506420779,0.000337310880423582,0.0269267133855377,0.0153268508443171,606,"tags=35%, list=23%, signal=28%","LRRK2/NDUFB3/TMSB4X/ATP5F1D/NDUFA11/NDUFS7/NADK/NDUFA13/HK3/TSPO/AK2/NDUFA1/SDHB/NDUFS6/NDUFB8/ZBTB7A/GPI/MT-ND1/NDUFS5/ATP5F1C/NUDT16/PGK1/IMPDH1/FBP1/NDUFB9/NDUFA12/PKM/TPI1/ATP5PB/MT-ND4L/ATP5F1B/ATP5PO/ATP5MC3/GIMAP7/ENO1/GAPDH/MT-ATP8/ALDOA/VCP",0.49849310876659
"GO:0014074","response to purine-containing compound",19,-0.56622406265639,-1.72211548569998,0.00744934848318551,0.127742531396848,0.0727118344211502,164,"tags=37%, list=6%, signal=35%","TOP1/FBP1/RAP1B/FOSB/ATP5PO/DUSP1/FOS",0.407017918923954
"GO:0046683","response to organophosphorus",19,-0.56622406265639,-1.72211548569998,0.00744934848318551,0.127742531396848,0.0727118344211502,164,"tags=37%, list=6%, signal=35%","TOP1/FBP1/RAP1B/FOSB/ATP5PO/DUSP1/FOS",0.407017918923954
"GO:0072332","intrinsic apoptotic signaling pathway by p53 class mediator",22,0.542586726982496,1.72095234008297,0.00880202896149748,0.135923268629398,0.0773683603611926,480,"tags=36%, list=18%, signal=30%","ZNF385A/HIPK2/RPL26/UBB/DDX5/CD74/TAF9/CD44",0.380730400722792
"GO:0008631","intrinsic apoptotic signaling pathway in response to oxidative stress",20,-0.543000959311735,-1.71812692764191,0.00754047035768864,0.128354329985656,0.0730600739401425,414,"tags=40%, list=16%, signal=34%","JAK2/RACK1/NONO/ATF4/MCL1/PARK7/HSPB1/P4HB",0.407017918923954
"GO:0046034","ATP metabolic process",97,-0.390366497714388,-1.71793795565604,0.000568901090429783,0.0329968584511476,0.0187820147438943,667,"tags=39%, list=25%, signal=30%","ADPGK/MT-ND3/NDUFB1/NDUFB3/TMSB4X/ATP5F1D/NDUFA11/NDUFS7/NADK/NDUFA13/HK3/TSPO/AK2/NDUFA1/SDHB/NDUFS6/NDUFB8/ZBTB7A/GPI/MT-ND1/NDUFS5/ATP5F1C/PGK1/FBP1/NDUFB9/NDUFA12/PKM/TPI1/ATP5PB/MT-ND4L/ATP5F1B/ATP5PO/ATP5MC3/ENO1/GAPDH/MT-ATP8/ALDOA/VCP",0.477270815362862
"GO:0008360","regulation of cell shape",33,-0.479127900622414,-1.7157927301393,0.00640723421431746,0.119725464515644,0.0681484706515814,658,"tags=52%, list=25%, signal=39%","LST1/PTK2B/HEXB/WDR1/RAC2/FGR/SEPTIN7/CFL1/ARAP1/CDC42EP3/EZR/FGD2/ANXA1/PHIP/HCK/ALDOA/CCL3",0.407017918923954
"GO:0036230","granulocyte activation",18,-0.553430716014888,-1.71528364909478,0.0135731077440207,0.168030718863144,0.0956441184783445,211,"tags=33%, list=8%, signal=31%","GRN/VAMP2/ANXA1/IL16/CCL3/CLEC12A",0.380730400722792
"GO:0009135","purine nucleoside diphosphate metabolic process",26,-0.508050277454982,-1.71483134224739,0.0094580808095594,0.136846606713313,0.0778939300766055,486,"tags=42%, list=19%, signal=35%","HK3/AK2/ZBTB7A/GPI/PGK1/FBP1/PKM/TPI1/ENO1/GAPDH/ALDOA",0.380730400722792
"GO:0009179","purine ribonucleoside diphosphate metabolic process",26,-0.508050277454982,-1.71483134224739,0.0094580808095594,0.136846606713313,0.0778939300766055,486,"tags=42%, list=19%, signal=35%","HK3/AK2/ZBTB7A/GPI/PGK1/FBP1/PKM/TPI1/ENO1/GAPDH/ALDOA",0.380730400722792
"GO:0006006","glucose metabolic process",29,-0.4955000038722,-1.70126930020383,0.00602257730744871,0.119725464515644,0.0681484706515814,398,"tags=38%, list=15%, signal=33%","PTPN2/ATF4/GPI/MDH2/PGK1/FBP1/PKM/TPI1/ENO1/GAPDH/ALDOA",0.407017918923954
"GO:0010594","regulation of endothelial cell migration",35,-0.464071877124616,-1.6999658960424,0.0125400915237826,0.159037290833608,0.0905250039390322,363,"tags=29%, list=14%, signal=25%","CALR/GPI/KLF4/GRN/ANXA1/RHOA/ATP5F1B/HSPB1/GLUL/RHOB",0.380730400722792
"GO:0046496","nicotinamide nucleotide metabolic process",41,-0.454523775402969,-1.6987004661102,0.0030266427281144,0.0985161106552012,0.0560759760077329,538,"tags=39%, list=20%, signal=32%","NADK/HK3/LDHB/ZBTB7A/PARP14/GPI/MDH2/PGK1/FBP1/PKM/TPI1/ENO1/GAPDH/NAMPT/ALDOA/VCP",0.431707695803346
"GO:0072524","pyridine-containing compound metabolic process",44,-0.44227739237459,-1.69594661039132,0.0035704764468375,0.10080064602962,0.0573763475915551,367,"tags=32%, list=14%, signal=28%","ZBTB7A/PARP14/GPI/MDH2/PGK1/FBP1/PARP9/PKM/TPI1/ENO1/GAPDH/NAMPT/ALDOA/VCP",0.431707695803346
"GO:0045333","cellular respiration",133,-0.36426821105631,-1.69517965304616,0.000200264421459159,0.0226205481456498,0.0128757551090985,673,"tags=37%, list=26%, signal=29%","IDH3G/ADPGK/MT-ND3/UQCRC1/NDUFB1/COX6B1/NDUFB3/MT-CYB/ATP5F1D/NDUFA11/NDUFS7/COX7A2/NDUFA13/HK3/NDUFA1/SDHB/NDUFS6/NDUFB8/ZBTB7A/MT-CO3/GPI/UQCR10/MT-ND1/NDUFS5/ATP5F1C/PARK7/IDH3B/ETFB/MDH2/PGK1/RHOA/FBP1/NDUFB9/PRELID1/NDUFA12/PKM/TPI1/ATP5PB/MT-ND4L/ATP5F1B/ATP5PO/UQCRFS1/ENO1/GAPDH/CYCS/COX7B/MT-ATP8/ALDOA/VCP",0.518848077743792
"GO:0045071","negative regulation of viral genome replication",20,-0.53541713440978,-1.69413070156694,0.0100506653299726,0.139301744515583,0.0792914096114774,364,"tags=35%, list=14%, signal=30%","ZNFX1/OAS2/EIF2AK2/APOBEC3A/PLSCR1/BST2/BANF1",0.380730400722792
"GO:1901224","positive regulation of non-canonical NF-kappaB signal transduction",20,-0.533617730768516,-1.68843715020808,0.0105660718214776,0.143885036863062,0.0819002478005242,275,"tags=35%, list=10%, signal=32%","EIF2AK2/IFI35/LGALS9/RHOA/PHB2/RPS3/VCP",0.380730400722792
"GO:2000401","regulation of lymphocyte migration",18,-0.544279646675824,-1.68692114742148,0.0157118760762658,0.187489655239976,0.106720264726366,263,"tags=39%, list=10%, signal=35%","RIPOR2/LGALS9/ADAM10/RHOA/P4HB/CCL3/CD69",0.352487857583619
"GO:0045063","T-helper 1 cell differentiation",17,-0.563926094242093,-1.68377429283814,0.0114481182804072,0.151442250395101,0.0862018602158894,790,"tags=65%, list=30%, signal=46%","PSMB10/PSMA5/NFKBIZ/PSMA4/PSMA2/PSMA7/PSMA3/PSMB3/PSMA6/PSMA1/ANXA1",0.380730400722792
"GO:0000768","syncytium formation by plasma membrane fusion",54,0.427337780149448,1.67656225851216,0.00354495322187465,0.10080064602962,0.0573763475915551,470,"tags=39%, list=18%, signal=33%","RPL39/ITGB1/CD81/RPL41/CAMK1/RPL31/CD53/RPL15/RPL7/RPL23/RPL5/PLEKHO1/RPL4/RPL35A/RPL38/TYROBP/RPL9/RPLP2/RPL21/UBA52/RPL12",0.431707695803346
"GO:0006949","syncytium formation",54,0.427337780149448,1.67656225851216,0.00354495322187465,0.10080064602962,0.0573763475915551,470,"tags=39%, list=18%, signal=33%","RPL39/ITGB1/CD81/RPL41/CAMK1/RPL31/CD53/RPL15/RPL7/RPL23/RPL5/PLEKHO1/RPL4/RPL35A/RPL38/TYROBP/RPL9/RPLP2/RPL21/UBA52/RPL12",0.431707695803346
"GO:0140253","cell-cell fusion",54,0.427337780149448,1.67656225851216,0.00354495322187465,0.10080064602962,0.0573763475915551,470,"tags=39%, list=18%, signal=33%","RPL39/ITGB1/CD81/RPL41/CAMK1/RPL31/CD53/RPL15/RPL7/RPL23/RPL5/PLEKHO1/RPL4/RPL35A/RPL38/TYROBP/RPL9/RPLP2/RPL21/UBA52/RPL12",0.431707695803346
"GO:0006898","receptor-mediated endocytosis",68,0.410566822562192,1.67331822295778,0.00319107098000088,0.0985161106552012,0.0560759760077329,512,"tags=40%, list=19%, signal=33%","ITGB1/CCR7/RIN3/ARRB2/CD81/RAB31/LRP1/ITSN2/AP2S1/SNX1/UNC119/ITGB2/ARF6/FCER2/PLCG2/SCARB2/ITGA4/LILRB4/LMBRD1/RAB21/STAB1/GAK/ASGR1/CLN3/FCMR/ARRB1/SYK",0.431707695803346
"GO:0015980","energy derivation by oxidation of organic compounds",143,-0.348485178368381,-1.67261359703944,0.000486214791743129,0.0317390417147948,0.0180660577226442,673,"tags=36%, list=26%, signal=29%","IDH3G/ADPGK/MT-ND3/UQCRC1/NDUFB1/COX6B1/NDUFB3/ACADVL/MT-CYB/ATP5F1D/NDUFA11/NDUFS7/COX7A2/NDUFA13/HK3/PPP1CC/NDUFA1/SDHB/PPP1CB/NDUFS6/NDUFB8/ZBTB7A/MT-CO3/GPI/UQCR10/MT-ND1/NDUFS5/ATP5F1C/PARK7/IDH3B/ETFB/MDH2/PGK1/RHOA/FBP1/NDUFB9/PRELID1/NDUFA12/PKM/TPI1/ATP5PB/MT-ND4L/ATP5F1B/ATP5PO/UQCRFS1/ENO1/GAPDH/CYCS/COX7B/MT-ATP8/ALDOA/VCP",0.49849310876659
"GO:2000630","positive regulation of miRNA metabolic process",13,-0.596475852914877,-1.67235714434487,0.0218839736014844,0.215241061249037,0.122516535683422,349,"tags=38%, list=13%, signal=34%","EGR1/KLF4/NEAT1/JUN/FOS",0.352487857583619
"GO:0009166","nucleotide catabolic process",38,-0.448716324089629,-1.67005428397062,0.0106734586369558,0.144497407862881,0.082248813139384,385,"tags=39%, list=15%, signal=34%","TYMP/ZBTB7A/UPP1/PARP14/GPI/DNPH1/NUDT16/PGK1/FBP1/PKM/TPI1/ENO1/GAPDH/ALDOA/VCP",0.380730400722792
"GO:0050853","B cell receptor signaling pathway",39,0.45802816911875,1.66953865971668,0.00819099521346694,0.133536295205465,0.076009680409646,580,"tags=44%, list=22%, signal=34%","IGKC/IGHM/CD81/PRKCB/IGLC3/NCKAP1L/CD79A/BTK/BAX/PLCG2/CD79B/LAT2/IGLC1/FCMR/SYK/CD22/MS4A1",0.380730400722792
"GO:0099173","postsynapse organization",31,-0.475489895018912,-1.66911114232938,0.00801512210908921,0.133536295205465,0.076009680409646,655,"tags=58%, list=25%, signal=44%","PTK2B/VPS35/FNTA/ABHD17A/ACTB/LRRK2/ARF1/CAPRIN1/CFL1/EZR/DBNL/PAFAH1B1/ADAM10/WASF2/RTN4/DOCK10/ARF4/LILRB2",0.380730400722792
"GO:0006094","gluconeogenesis",16,-0.559652373055342,-1.66355131549966,0.018137769603067,0.200904003019617,0.114355793973793,398,"tags=50%, list=15%, signal=43%","PTPN2/ATF4/GPI/MDH2/PGK1/FBP1/TPI1/ENO1",0.352487857583619
"GO:0019319","hexose biosynthetic process",16,-0.559652373055342,-1.66355131549966,0.018137769603067,0.200904003019617,0.114355793973793,398,"tags=50%, list=15%, signal=43%","PTPN2/ATF4/GPI/MDH2/PGK1/FBP1/TPI1/ENO1",0.352487857583619
"GO:0045646","regulation of erythrocyte differentiation",18,-0.536509798646858,-1.66283955437944,0.0199414317593948,0.208556530050765,0.118711659418979,69,"tags=22%, list=3%, signal=22%","ZFP36/GLUL/HMGB2/MAFB",0.352487857583619
"GO:0006952","defense response",438,-0.303723559294088,-1.662591398885,1.65199859724294e-06,0.00382437675261742,0.00217685876551587,515,"tags=27%, list=20%, signal=26%","CIITA/PSME2/C5AR1/HLA-B/PTPRC/PSTPIP1/SPON2/PSMA4/XRCC6/IRF1/GZMB/PSMA2/PIK3CD/AKNA/ZEB2/HSP90AA1/UBE2N/RPL13A/LYST/JAK2/CD163/FCGR2A/GBP1/PTPN2/FGR/UBE2L6/CX3CR1/ZNFX1/SIGLEC1/IRAK3/HSPD1/NONO/PARP14/PSMA7/PSMD7/ADGRE5/SMARCA5/PSMD8/CLEC4A/LILRB1/IFI27/S100A9/PSMA3/OAS2/PSMB3/IFNGR1/EIF2AK2/IFI35/PSMA6/TNFRSF1B/CSNK1A1/NFKBIA/CHMP3/CUL3/KLF4/BLNK/DDX21/C1QA/APOBEC3A/PPT1/PSMA1/LGALS9/PARK7/GRN/GNLY/ANXA1/CFD/IFIT3/HLA-A/NEAT1/CCL3L1/CLEC7A/TAP1/PARP9/HLA-C/PSMD2/CALM1/LY6E/GSTP1/PHB2/NUB1/IFI44L/IFI6/HLA-E/HMGN2/RTN4/RPS19/CASP1/PSMB7/STAT2/LGALS3BP/MX2/DDX39A/PTPRCAP/IL16/SP140/IRF7/ZFP36/NR1H2/MAP3K8/GAPDH/NAMPT/PLSCR1/FCN1/XBP1/BST2/HCK/SERPINA1/NKG7/LILRB2/TXNIP/TRIM22/BANF1/HMGB2/CST7/RNASE2/CCL3/CD69/FOS/CLEC12A",0.643551836150722
"GO:0006508","proteolysis",114,-0.358516411791536,-1.65982951295466,0.0013060184763948,0.0539898709438207,0.0307313665508215,487,"tags=29%, list=19%, signal=25%","GZMB/USP3/CTSB/CTSC/CFLAR/YME1L1/ADAM28/CFL1/PSMD8/SCPEP1/LTA4H/TNFRSF1B/PARK7/GRN/PGK1/CFD/CTSD/ADAM10/TPP1/SEC11C/PRELID1/METAP2/CASP1/PSMB7/NR1H2/ENO1/LAP3/FCN1/HM13/CNDP2/P4HB/CTSA/MAFB",0.45505986738723
"GO:0019724","B cell mediated immunity",48,0.426925089644902,1.65975153795281,0.0108779054924942,0.145562723786844,0.082855197514442,329,"tags=31%, list=13%, signal=28%","IGKC/IGHV4-34/IGHV1-18/CARD9/IGHV3-20/CD81/IGLC3/IGHV1-69/BTK/IGHV3-11/IGHV3-48/IGHV1-3/IL2RG/FCER2/CD74",0.380730400722792
"GO:0070301","cellular response to hydrogen peroxide",12,-0.616712091585862,-1.65900979323276,0.0130522926631833,0.164217703887333,0.0934737269060559,362,"tags=50%, list=14%, signal=43%","CFL1/CAT/KLF4/PARK7/RPS3/RHOB",0.380730400722792
"GO:0016064","immunoglobulin mediated immune response",46,0.428074208408521,1.6578828583218,0.00577937788184496,0.119725464515644,0.0681484706515814,249,"tags=28%, list=9%, signal=26%","IGKC/IGHV4-34/IGHV1-18/CARD9/IGHV3-20/CD81/IGLC3/IGHV1-69/BTK/IGHV3-11/IGHV3-48/IGHV1-3/IL2RG",0.407017918923954
"GO:0002832","negative regulation of response to biotic stimulus",37,-0.450764497013442,-1.65731287034419,0.00548251628714692,0.119725464515644,0.0681484706515814,398,"tags=35%, list=15%, signal=30%","PTPN2/IRAK3/PARP14/LILRB1/LGALS9/GRN/HLA-A/HLA-E/RPS19/STAT2/DDX39A/NR1H2/BANF1",0.407017918923954
"GO:0072522","purine-containing compound biosynthetic process",94,-0.375724370215055,-1.65182312408622,0.000672231186688334,0.035842497271428,0.0204017698595952,602,"tags=35%, list=23%, signal=28%","NDUFB3/TMSB4X/ATP5F1D/NDUFA11/NDUFS7/NADK/NDUFA13/ADA2/AK2/NDUFA1/SDHB/NDUFS6/NDUFB8/APRT/PPCS/MT-ND1/NDUFS5/ATP5F1C/PPT1/PGK1/IMPDH1/NDUFB9/NDUFA12/ATP5PB/MT-ND4L/ATP5F1B/ATP5PO/ATP5MC3/ENO1/NAMPT/MT-ATP8/ALDOA/VCP",0.477270815362862
"GO:0045590","negative regulation of regulatory T cell differentiation",15,-0.577267653471454,-1.65131905663574,0.0186053967253947,0.203569246365344,0.115872866876039,496,"tags=53%, list=19%, signal=44%","PSMA4/IRF1/PSMA2/PSMA7/PSMA3/PSMB3/PSMA6/PSMA1",0.352487857583619
"GO:0043524","negative regulation of neuron apoptotic process",26,-0.489042779051816,-1.65067498716626,0.0161758150214113,0.191056182523301,0.10875035398832,734,"tags=50%, list=28%, signal=36%","NAIP/SOD2/IL27RA/PTK2B/TMBIM4/JAK2/CX3CR1/NONO/ATF4/PPT1/PARK7/GRN/BTG2",0.352487857583619
"GO:0006163","purine nucleotide metabolic process",140,-0.348026065028369,-1.65031645148492,0.000797688289420009,0.0392903912767515,0.0223643323301785,606,"tags=33%, list=23%, signal=27%","LRRK2/NDUFB3/TMSB4X/ATP5F1D/NDUFA11/NDUFS7/NADK/NDUFA13/HK3/TSPO/AK2/LDHB/NDUFA1/SDHB/NDUFS6/NDUFB8/ZBTB7A/APRT/PARP14/GPI/DNPH1/MT-ND1/NDUFS5/ATP5F1C/ABHD14B/NUDT16/MDH2/PGK1/IMPDH1/FBP1/NDUFB9/NDUFA12/PKM/TPI1/ATP5PB/MT-ND4L/ATP5F1B/ATP5PO/ATP5MC3/GIMAP7/ENO1/GAPDH/NAMPT/MT-ATP8/ALDOA/VCP",0.477270815362862
"GO:0002396","MHC protein complex assembly",17,0.555990035005106,1.64945387185225,0.0125718463164364,0.159037290833608,0.0905250039390322,186,"tags=35%, list=7%, signal=33%","HLA-DMA/HLA-DRB1/HLA-DQB1/HLA-DMB/HLA-DQA1/HLA-DRB5",0.380730400722792
"GO:0002501","peptide antigen assembly with MHC protein complex",17,0.555990035005106,1.64945387185225,0.0125718463164364,0.159037290833608,0.0905250039390322,186,"tags=35%, list=7%, signal=33%","HLA-DMA/HLA-DRB1/HLA-DQB1/HLA-DMB/HLA-DQA1/HLA-DRB5",0.380730400722792
"GO:0016485","protein processing",36,-0.463878753536387,-1.64820438638131,0.00936345769659187,0.136846606713313,0.0778939300766055,193,"tags=22%, list=7%, signal=21%","PGK1/CFD/ADAM10/METAP2/CASP1/ENO1/P4HB/MAFB",0.380730400722792
"GO:0007586","digestion",10,-0.647268737864075,-1.6448597293711,0.024598213534962,0.229323693495593,0.130532456559019,388,"tags=60%, list=15%, signal=51%","HRH2/EZR/PPP3CA/COPA/HSPB1/NR1H2",0.352487857583619
"GO:0022600","digestive system process",10,-0.647268737864075,-1.6448597293711,0.024598213534962,0.229323693495593,0.130532456559019,388,"tags=60%, list=15%, signal=51%","HRH2/EZR/PPP3CA/COPA/HSPB1/NR1H2",0.352487857583619
"GO:1901652","response to peptide",248,-0.317566150812912,-1.64253156120852,7.07042325959162e-05,0.0148002462438441,0.00842439117580537,517,"tags=29%, list=20%, signal=26%","DOCK8/CIITA/PSME2/NDUFA13/PTPRC/PSMA4/IRF1/TUBA1A/PSMA2/SOCS3/RPL13A/JAK2/GBP1/PTPN2/TNFRSF13C/CX3CR1/CALR/CFL1/IRAK3/EGR1/SELPLG/PARP14/PSMA7/PSMD7/PSMD8/LILRB1/IFI27/EZR/PSMA3/MCL1/OAS2/PSMB3/IFNGR1/EIF2AK2/PSMA6/RIPOR2/TNFRSF1B/NFKBIA/KLF4/LIMS1/TMC8/PSMA1/LGALS9/IFIT3/ADAM10/CCL3L1/RHOA/PARP9/PSMD2/CALM1/GSTP1/NUB1/CASP1/PSMB7/STAT2/MX2/ATP5PO/ASAH1/IL16/IRF7/ZFP36/NR1H2/GAPDH/PLSCR1/XBP1/BST2/TNFSF13B/HCK/P4HB/LILRB2/DUSP1/CCL3/FOS",0.538434096309916
"GO:0140467","integrated stress response signaling",15,-0.573174128064213,-1.6396092085728,0.0199462911646719,0.208556530050765,0.118711659418979,60,"tags=33%, list=2%, signal=33%","JUNB/PPP1R15A/JUN/MAFB/FOS",0.352487857583619
"GO:1901292","nucleoside phosphate catabolic process",39,-0.440862515009966,-1.63938356630102,0.0107400249213434,0.144553242400639,0.0822805945016289,385,"tags=38%, list=15%, signal=33%","TYMP/ZBTB7A/UPP1/PARP14/GPI/DNPH1/NUDT16/PGK1/FBP1/PKM/TPI1/ENO1/GAPDH/ALDOA/VCP",0.380730400722792
"GO:0071385","cellular response to glucocorticoid stimulus",15,-0.572410258317818,-1.63742409970446,0.020951963414962,0.21273594432297,0.12109060772394,662,"tags=53%, list=25%, signal=40%","MT-ND3/HNRNPU/CFLAR/CBX3/ANXA1/GSTP1/ZFP36/UBE2L3",0.352487857583619
"GO:0010507","negative regulation of autophagy",18,-0.525892560024719,-1.62993285932241,0.0264263248760261,0.232611947102663,0.132404150733211,677,"tags=44%, list=26%, signal=33%","SNRNP70/LRRK2/WNK1/RBX1/TSPO/MCL1/LYPLA1/CTSA",0.352487857583619
"GO:0032102","negative regulation of response to external stimulus",81,-0.383083075901066,-1.62838272401137,0.002870553807491,0.0962453211578866,0.0547834286616882,398,"tags=28%, list=15%, signal=25%","PTPN2/FGR/IRAK3/PARP14/LILRB1/TNFRSF1B/KLF4/PSMA1/LGALS9/GRN/HLA-A/GSTP1/HLA-E/RPS19/STAT2/DDX39A/NR1H2/HCK/BANF1/CST7/DUSP1/CD69/CLEC12A",0.431707695803346
"GO:0009152","purine ribonucleotide biosynthetic process",80,-0.377200875484169,-1.62799111284157,0.00307262652912465,0.0985161106552012,0.0560759760077329,629,"tags=35%, list=24%, signal=27%","NDUFB1/NDUFB3/TMSB4X/ATP5F1D/NDUFA11/NDUFS7/NDUFA13/AK2/NDUFA1/SDHB/NDUFS6/NDUFB8/APRT/MT-ND1/NDUFS5/ATP5F1C/IMPDH1/NDUFB9/NDUFA12/ATP5PB/MT-ND4L/ATP5F1B/ATP5PO/ATP5MC3/ENO1/MT-ATP8/ALDOA/VCP",0.431707695803346
"GO:1902253","regulation of intrinsic apoptotic signaling pathway by p53 class mediator",11,0.616219174362622,1.62747773922531,0.0254046399477317,0.22973336515234,0.130765644185307,731,"tags=73%, list=28%, signal=53%","ZNF385A/RPL26/UBB/CD74/TAF9/CD44/MIF/RPS7",0.352487857583619
"GO:0009887","animal organ morphogenesis",54,0.414340975180826,1.62557226019276,0.00566368956126844,0.119725464515644,0.0681484706515814,303,"tags=24%, list=12%, signal=22%","TLE1/CRIP1/NACA/RELT/BASP1/ANKRD11/C12orf57/ILK/HIPK2/ID3/LFNG/PDCD4/CITED2",0.407017918923954
"GO:0002474","antigen processing and presentation of peptide antigen via MHC class I",16,-0.546557956340412,-1.62462852127849,0.023281412293983,0.225508240420797,0.128360677205795,363,"tags=50%, list=14%, signal=43%","CALR/CLEC4A/TAPBP/HLA-A/TAP1/HLA-C/HLA-E/IFI30",0.352487857583619
"GO:0071222","cellular response to lipopolysaccharide",53,-0.407801917594473,-1.62340168708201,0.00831076833212114,0.133666203337811,0.0760836249174448,501,"tags=28%, list=19%, signal=23%","CHMP5/TSPO/JAK2/CX3CR1/IRAK3/LILRB1/TNFRSF1B/RHOA/GSTP1/CASP1/ZFP36/XBP1/HCK/LILRB2/HMGB2",0.380730400722792
"GO:0061844","antimicrobial humoral immune response mediated by antimicrobial peptide",15,-0.566606833514277,-1.62082295132171,0.0243042109827513,0.229323693495593,0.130532456559019,292,"tags=47%, list=11%, signal=42%","S100A9/GNLY/CCL3L1/HMGN2/RPS19/GAPDH/CCL3",0.352487857583619
"GO:0042063","gliogenesis",46,-0.423406492213827,-1.62063080559536,0.0059967293361721,0.119725464515644,0.0681484706515814,509,"tags=37%, list=19%, signal=30%","C5AR1/TSPO/TUBA1A/PPP1CC/ZEB2/CSK/ID2/CX3CR1/S100A9/IFNGR1/TNFRSF1B/C1QA/GRN/PAFAH1B1/GSTP1/RTN4/CCL3",0.407017918923954
"GO:0072678","T cell migration",23,-0.488344828731259,-1.62059436177966,0.0236943863479782,0.227908115140682,0.129726700654334,263,"tags=35%, list=10%, signal=32%","RIPOR2/MYO1G/LGALS9/ADAM10/RHOA/P4HB/CCL3/CD69",0.352487857583619
"GO:0009185","ribonucleoside diphosphate metabolic process",27,-0.475522534141141,-1.61986820393869,0.0132497491198533,0.165800914661948,0.0943749002148889,486,"tags=41%, list=19%, signal=34%","HK3/AK2/ZBTB7A/GPI/PGK1/FBP1/PKM/TPI1/ENO1/GAPDH/ALDOA",0.380730400722792
"GO:0071706","tumor necrosis factor superfamily cytokine production",70,-0.382815707544141,-1.61675664501927,0.00429687134149851,0.110023412876934,0.0626260031962613,521,"tags=37%, list=20%, signal=31%","VSIR/PTPRC/PSMA4/TSPO/PSMA2/JAK2/FCGR2A/CX3CR1/IRAK3/PSMA7/CLEC4A/LILRB1/PSMA3/OAS2/PSMB3/IFNGR1/PSMA6/PSMA1/LGALS9/ADAM10/CLEC7A/GSTP1/HLA-E/HSPB1/ZFP36/CCL3",0.407017918923954
"GO:1903555","regulation of tumor necrosis factor superfamily cytokine production",70,-0.382815707544141,-1.61675664501927,0.00429687134149851,0.110023412876934,0.0626260031962613,521,"tags=37%, list=20%, signal=31%","VSIR/PTPRC/PSMA4/TSPO/PSMA2/JAK2/FCGR2A/CX3CR1/IRAK3/PSMA7/CLEC4A/LILRB1/PSMA3/OAS2/PSMB3/IFNGR1/PSMA6/PSMA1/LGALS9/ADAM10/CLEC7A/GSTP1/HLA-E/HSPB1/ZFP36/CCL3",0.407017918923954
"GO:0009150","purine ribonucleotide metabolic process",120,-0.351557790519711,-1.61627148935261,0.00134659521900722,0.0546906654737145,0.0311302631067586,606,"tags=33%, list=23%, signal=27%","LRRK2/NDUFB3/TMSB4X/ATP5F1D/NDUFA11/NDUFS7/NADK/NDUFA13/HK3/TSPO/AK2/NDUFA1/SDHB/NDUFS6/NDUFB8/ZBTB7A/APRT/GPI/MT-ND1/NDUFS5/ATP5F1C/ABHD14B/PGK1/IMPDH1/FBP1/NDUFB9/NDUFA12/PKM/TPI1/ATP5PB/MT-ND4L/ATP5F1B/ATP5PO/ATP5MC3/GIMAP7/ENO1/GAPDH/MT-ATP8/ALDOA/VCP",0.45505986738723
"GO:0048608","reproductive structure development",15,0.572663932208552,1.61612096200751,0.0250745601351127,0.229323693495593,0.130532456559019,303,"tags=33%, list=12%, signal=30%","CRIP1/BASP1/EIF2B5/NCOA4/CITED2",0.352487857583619
"GO:0061458","reproductive system development",15,0.572663932208552,1.61612096200751,0.0250745601351127,0.229323693495593,0.130532456559019,303,"tags=33%, list=12%, signal=30%","CRIP1/BASP1/EIF2B5/NCOA4/CITED2",0.352487857583619
"GO:2000059","negative regulation of ubiquitin-dependent protein catabolic process",21,0.524453356624321,1.61586871356349,0.0195575692006059,0.207687030731205,0.118216735059317,735,"tags=57%, list=28%, signal=41%","HIPK2/USP7/RPL23/HSP90AB1/RPL5/CBX4/WAC/TAF9/PHF20L1/RPL11/RPS7/CSNK2B",0.352487857583619
"GO:0072521","purine-containing compound metabolic process",148,-0.343306110642097,-1.61570204232509,0.000499545558595504,0.0317390417147948,0.0180660577226442,606,"tags=33%, list=23%, signal=27%","LRRK2/NDUFB3/TMSB4X/ATP5F1D/NDUFA11/NDUFS7/NADK/NDUFA13/HK3/TSPO/ADA2/AK2/LDHB/NDUFA1/SDHB/NDUFS6/NDUFB8/ZBTB7A/APRT/PARP14/GPI/DNPH1/PPCS/MT-ND1/NDUFS5/ATP5F1C/ABHD14B/NUDT16/PPT1/MDH2/PGK1/IMPDH1/FBP1/NDUFB9/NDUFA12/PKM/TPI1/ATP5PB/MT-ND4L/ATP5F1B/ATP5PO/ATP5MC3/GIMAP7/ENO1/GAPDH/NAMPT/MT-ATP8/ALDOA/VCP",0.477270815362862
"GO:0006356","regulation of transcription by RNA polymerase I",14,-0.566615152966962,-1.61518719795241,0.0206454395147738,0.211794079324416,0.120554492374784,339,"tags=43%, list=13%, signal=38%","ATF4/MAF1/SMARCA5/DDX21/SF3B1/DEK",0.352487857583619
"GO:0032640","tumor necrosis factor production",69,-0.383231819675658,-1.61506052571816,0.00738494976438955,0.127742531396848,0.0727118344211502,521,"tags=38%, list=20%, signal=31%","VSIR/PTPRC/PSMA4/TSPO/PSMA2/JAK2/FCGR2A/CX3CR1/IRAK3/PSMA7/CLEC4A/LILRB1/PSMA3/OAS2/PSMB3/IFNGR1/PSMA6/PSMA1/LGALS9/ADAM10/CLEC7A/GSTP1/HLA-E/HSPB1/ZFP36/CCL3",0.407017918923954
"GO:0032680","regulation of tumor necrosis factor production",69,-0.383231819675658,-1.61506052571816,0.00738494976438955,0.127742531396848,0.0727118344211502,521,"tags=38%, list=20%, signal=31%","VSIR/PTPRC/PSMA4/TSPO/PSMA2/JAK2/FCGR2A/CX3CR1/IRAK3/PSMA7/CLEC4A/LILRB1/PSMA3/OAS2/PSMB3/IFNGR1/PSMA6/PSMA1/LGALS9/ADAM10/CLEC7A/GSTP1/HLA-E/HSPB1/ZFP36/CCL3",0.407017918923954
"GO:0050918","positive chemotaxis",12,-0.600040568218601,-1.61416192838342,0.0194176643070536,0.207687030731205,0.118216735059317,74,"tags=25%, list=3%, signal=24%","IL16/HMGB2/CCL3",0.352487857583619
"GO:0034097","response to cytokine",246,-0.316199494192843,-1.61372616940813,7.74239897145776e-05,0.0148002462438441,0.00842439117580537,517,"tags=29%, list=20%, signal=26%","DOCK8/CIITA/PSME2/NDUFA13/PTPRC/PSMA4/IRF1/TUBA1A/PSMA2/SOCS3/RPL13A/JAK2/GBP1/PTPN2/TNFRSF13C/CX3CR1/CFL1/IRAK3/EGR1/SELPLG/PARP14/PSMA7/PSMD7/PSMD8/LILRB1/IFI27/EZR/PSMA3/MCL1/OAS2/PSMB3/IFNGR1/EIF2AK2/PSMA6/RIPOR2/TNFRSF1B/NFKBIA/KLF4/LIMS1/TMC8/PSMA1/LGALS9/IFIT3/ADAM10/CCL3L1/RHOA/PARP9/PSMD2/CALM1/GSTP1/NUB1/CASP1/PSMB7/STAT2/MX2/ATP5PO/ASAH1/IL16/IRF7/ZFP36/NR1H2/GAPDH/PLSCR1/XBP1/BST2/TNFSF13B/HCK/P4HB/LILRB2/DUSP1/CCL3/FOS",0.538434096309916
"GO:0006954","inflammatory response",194,-0.32541565969434,-1.61132983161392,0.000256094798567417,0.022802286872445,0.0129792019099889,452,"tags=28%, list=17%, signal=25%","PIK3CD/AKNA/ZEB2/JAK2/CD163/FCGR2A/GBP1/PTPN2/FGR/CX3CR1/SIGLEC1/ADGRE5/IFI27/S100A9/IFNGR1/EIF2AK2/IFI35/PSMA6/TNFRSF1B/CSNK1A1/NFKBIA/CUL3/KLF4/BLNK/C1QA/PSMA1/LGALS9/PARK7/GRN/ANXA1/NEAT1/CCL3L1/CLEC7A/GSTP1/HLA-E/RTN4/RPS19/CASP1/IL16/ZFP36/NR1H2/MAP3K8/NAMPT/PLSCR1/XBP1/HCK/SERPINA1/NKG7/TXNIP/HMGB2/CST7/CCL3/CD69/FOS/CLEC12A",0.49849310876659
"GO:0006164","purine nucleotide biosynthetic process",87,-0.36797747906133,-1.61048613823885,0.00514894528483518,0.119725464515644,0.0681484706515814,602,"tags=33%, list=23%, signal=27%","NDUFB3/TMSB4X/ATP5F1D/NDUFA11/NDUFS7/NADK/NDUFA13/AK2/NDUFA1/SDHB/NDUFS6/NDUFB8/APRT/MT-ND1/NDUFS5/ATP5F1C/IMPDH1/NDUFB9/NDUFA12/ATP5PB/MT-ND4L/ATP5F1B/ATP5PO/ATP5MC3/ENO1/NAMPT/MT-ATP8/ALDOA/VCP",0.407017918923954
"GO:0050728","negative regulation of inflammatory response",41,-0.429988502058601,-1.60700431615794,0.00784873354591317,0.132626409918168,0.0754917681087959,253,"tags=27%, list=10%, signal=25%","TNFRSF1B/KLF4/PSMA1/GRN/GSTP1/RPS19/NR1H2/HCK/CST7/CD69/CLEC12A",0.380730400722792
"GO:0006754","ATP biosynthetic process",69,-0.381235937153844,-1.60664924327903,0.00810105772523129,0.133536295205465,0.076009680409646,629,"tags=36%, list=24%, signal=28%","NDUFB1/NDUFB3/TMSB4X/ATP5F1D/NDUFA11/NDUFS7/NDUFA13/NDUFA1/SDHB/NDUFS6/NDUFB8/MT-ND1/NDUFS5/ATP5F1C/NDUFB9/NDUFA12/ATP5PB/MT-ND4L/ATP5F1B/ATP5PO/ATP5MC3/ENO1/MT-ATP8/ALDOA/VCP",0.380730400722792
"GO:0010821","regulation of mitochondrion organization",22,-0.495127575825013,-1.60645197303781,0.0325769442477225,0.263641480166318,0.150066351768517,649,"tags=55%, list=25%, signal=41%","VPS35/LRRK2/SSBP1/YME1L1/SIVA1/RALBP1/SLC25A5/TNFSF10/IFI6/PRELID1/CASP1/STAT2",0.321775918075361
"GO:0009145","purine nucleoside triphosphate biosynthetic process",74,-0.379144485603969,-1.60501670771525,0.00479870250246014,0.11571871138745,0.0658678021315678,629,"tags=35%, list=24%, signal=27%","NDUFB1/NDUFB3/TMSB4X/ATP5F1D/NDUFA11/NDUFS7/NDUFA13/NDUFA1/SDHB/NDUFS6/NDUFB8/MT-ND1/NDUFS5/ATP5F1C/IMPDH1/NDUFB9/NDUFA12/ATP5PB/MT-ND4L/ATP5F1B/ATP5PO/ATP5MC3/ENO1/MT-ATP8/ALDOA/VCP",0.407017918923954
"GO:0009201","ribonucleoside triphosphate biosynthetic process",74,-0.379144485603969,-1.60501670771525,0.00479870250246014,0.11571871138745,0.0658678021315678,629,"tags=35%, list=24%, signal=27%","NDUFB1/NDUFB3/TMSB4X/ATP5F1D/NDUFA11/NDUFS7/NDUFA13/NDUFA1/SDHB/NDUFS6/NDUFB8/MT-ND1/NDUFS5/ATP5F1C/IMPDH1/NDUFB9/NDUFA12/ATP5PB/MT-ND4L/ATP5F1B/ATP5PO/ATP5MC3/ENO1/MT-ATP8/ALDOA/VCP",0.407017918923954
"GO:0009206","purine ribonucleoside triphosphate biosynthetic process",74,-0.379144485603969,-1.60501670771525,0.00479870250246014,0.11571871138745,0.0658678021315678,629,"tags=35%, list=24%, signal=27%","NDUFB1/NDUFB3/TMSB4X/ATP5F1D/NDUFA11/NDUFS7/NDUFA13/NDUFA1/SDHB/NDUFS6/NDUFB8/MT-ND1/NDUFS5/ATP5F1C/IMPDH1/NDUFB9/NDUFA12/ATP5PB/MT-ND4L/ATP5F1B/ATP5PO/ATP5MC3/ENO1/MT-ATP8/ALDOA/VCP",0.407017918923954
"GO:0071345","cellular response to cytokine stimulus",211,-0.317539807831287,-1.60443224188698,0.000507276260668427,0.0317390417147948,0.0180660577226442,517,"tags=30%, list=20%, signal=26%","DOCK8/CIITA/PSME2/NDUFA13/PTPRC/PSMA4/IRF1/PSMA2/SOCS3/RPL13A/JAK2/GBP1/PTPN2/TNFRSF13C/CX3CR1/CFL1/IRAK3/EGR1/SELPLG/PARP14/PSMA7/PSMD7/PSMD8/LILRB1/IFI27/EZR/PSMA3/OAS2/PSMB3/IFNGR1/PSMA6/RIPOR2/TNFRSF1B/NFKBIA/LIMS1/TMC8/PSMA1/LGALS9/IFIT3/ADAM10/CCL3L1/RHOA/PARP9/PSMD2/CALM1/GSTP1/CASP1/PSMB7/STAT2/ATP5PO/ASAH1/IL16/IRF7/ZFP36/NR1H2/GAPDH/XBP1/TNFSF13B/HCK/P4HB/LILRB2/DUSP1/CCL3/FOS",0.477270815362862
"GO:0051402","neuron apoptotic process",44,-0.418004453205881,-1.6028701619516,0.00814068544155033,0.133536295205465,0.076009680409646,734,"tags=48%, list=28%, signal=35%","NAIP/SOD2/IL27RA/PTK2B/TMBIM4/EGLN2/TUBA1A/CFLAR/JAK2/CX3CR1/EGR1/NONO/ATF4/MCL1/PPT1/PARK7/GRN/BTG2/CASP1/GAPDH/CCL3",0.380730400722792
"GO:0090559","regulation of membrane permeability",15,-0.5599417891076,-1.60175707299667,0.0279916918335718,0.242699500354752,0.138146048077501,953,"tags=73%, list=36%, signal=47%","HSPA1A/SLC25A6/LAPTM5/SPG7/VDAC2/PDCD6IP/LRRK2/PPM1K/SIVA1/SLC25A5/ALKBH7",0.352487857583619
"GO:0009154","purine ribonucleotide catabolic process",27,-0.470061544950409,-1.60126533632045,0.0149817192329202,0.18158471216864,0.103359134817835,367,"tags=33%, list=14%, signal=29%","ZBTB7A/GPI/PGK1/FBP1/PKM/TPI1/ENO1/GAPDH/ALDOA",0.380730400722792
"GO:0071219","cellular response to molecule of bacterial origin",54,-0.39843930606092,-1.60082520419048,0.00693382586114717,0.124432611384153,0.0708278075956393,501,"tags=28%, list=19%, signal=23%","CHMP5/TSPO/JAK2/CX3CR1/IRAK3/LILRB1/TNFRSF1B/RHOA/GSTP1/CASP1/ZFP36/XBP1/HCK/LILRB2/HMGB2",0.407017918923954
"GO:2000404","regulation of T cell migration",14,-0.561555027714496,-1.60076285810723,0.0237682104323078,0.227908115140682,0.129726700654334,263,"tags=43%, list=10%, signal=39%","RIPOR2/LGALS9/ADAM10/RHOA/P4HB/CD69",0.352487857583619
"GO:0072331","signal transduction by p53 class mediator",42,0.424700385221798,1.60067269084937,0.00904197985698801,0.135923268629398,0.0773683603611926,645,"tags=40%, list=25%, signal=31%","ZNF385A/HIPK2/USP7/RPL26/RPL23/UBB/RPL5/DDX5/CD74/ATM/TAF9/CD44/SP100/PIP4P1/RPL11/MIF/SOX4",0.380730400722792
"GO:0033002","muscle cell proliferation",30,-0.449163057197213,-1.59994507733438,0.0210824640699886,0.213126219746828,0.121312754895191,491,"tags=30%, list=19%, signal=25%","XRCC6/CFLAR/JAK2/ID2/KLF4/GSTP1/XBP1/JUN/FOS",0.352487857583619
"GO:0030330","DNA damage response, signal transduction by p53 class mediator",20,0.519832882030393,1.59878684697318,0.0166546981020928,0.192778130531724,0.109730497383799,645,"tags=50%, list=25%, signal=38%","ZNF385A/HIPK2/RPL26/DDX5/CD74/ATM/CD44/SP100/MIF/SOX4",0.352487857583619
"GO:0009142","nucleoside triphosphate biosynthetic process",75,-0.373406212306494,-1.59747370407265,0.00570985959116456,0.119725464515644,0.0681484706515814,629,"tags=35%, list=24%, signal=27%","NDUFB1/NDUFB3/TMSB4X/ATP5F1D/NDUFA11/NDUFS7/NDUFA13/NDUFA1/SDHB/NDUFS6/NDUFB8/MT-ND1/NDUFS5/ATP5F1C/IMPDH1/NDUFB9/NDUFA12/ATP5PB/MT-ND4L/ATP5F1B/ATP5PO/ATP5MC3/ENO1/MT-ATP8/ALDOA/VCP",0.407017918923954
"GO:0051028","mRNA transport",41,-0.427093877525942,-1.59618618010228,0.00901481923046224,0.135923268629398,0.0773683603611926,685,"tags=37%, list=26%, signal=27%","RBM33/SMG1/ENY2/WNK1/SMG7/SEC13/HNRNPA2B1/SRSF7/POM121/YTHDC1/NEAT1/SRSF3/MX2/DDX39A/ZFP36",0.380730400722792
"GO:0042692","muscle cell differentiation",87,0.361782984858865,1.59370138469273,0.00853879071218167,0.135235637259473,0.0769769563568567,509,"tags=33%, list=19%, signal=28%","NACA/YY1/RPL39/ITGB1/ARRB2/CD81/RPL41/CAMK1/RPL31/CD53/NINJ1/RPL15/RPL7/RPL23/RPL5/PLEKHO1/PDCD4/RPL4/RPL35A/RPL38/G6PD/RPL9/RPLP2/PTBP1/RPL21/UBA52/RPL12/AKIRIN2/TTN",0.380730400722792
"GO:0160165","CD8-positive, alpha-beta T cell homeostasis",14,-0.557544306796085,-1.58932993922383,0.0251561111615281,0.229323693495593,0.130532456559019,496,"tags=50%, list=19%, signal=41%","PSMA4/PSMA2/PSMA7/PSMA3/PSMB3/PSMA6/PSMA1",0.352487857583619
"GO:0010592","positive regulation of lamellipodium assembly",11,-0.58924805077409,-1.58902773615206,0.0302005799041445,0.254013499738793,0.144586046102103,519,"tags=55%, list=20%, signal=44%","RAC2/HSP90AA1/CFL1/ACTR2/WASF2/ACTR3",0.352487857583619
"GO:0010595","positive regulation of endothelial cell migration",26,-0.469791199212351,-1.58569477957368,0.0259571015891435,0.23111803914949,0.131553809139509,452,"tags=31%, list=17%, signal=26%","PIK3CD/CALR/GPI/GRN/ANXA1/ATP5F1B/HSPB1/RHOB",0.352487857583619
"GO:1903036","positive regulation of response to wounding",10,-0.623146570139206,-1.58355971601544,0.0371120310609273,0.279851309140217,0.15929308610247,211,"tags=40%, list=8%, signal=37%","GRN/ANXA1/CLEC7A/XBP1",0.321775918075361
"GO:0001774","microglial cell activation",16,-0.532536222100615,-1.58294930117109,0.0324471599833885,0.263641480166318,0.150066351768517,606,"tags=62%, list=23%, signal=48%","LRRK2/C5AR1/PTPRC/JAK2/CX3CR1/IFNGR1/C1QA/GRN/CST7/CCL3",0.321775918075361
"GO:0002269","leukocyte activation involved in inflammatory response",16,-0.532536222100615,-1.58294930117109,0.0324471599833885,0.263641480166318,0.150066351768517,606,"tags=62%, list=23%, signal=48%","LRRK2/C5AR1/PTPRC/JAK2/CX3CR1/IFNGR1/C1QA/GRN/CST7/CCL3",0.321775918075361
"GO:0071384","cellular response to corticosteroid stimulus",16,-0.531980686214706,-1.58129798600063,0.0328137906805291,0.263641480166318,0.150066351768517,662,"tags=50%, list=25%, signal=38%","MT-ND3/HNRNPU/CFLAR/CBX3/ANXA1/GSTP1/ZFP36/UBE2L3",0.321775918075361
"GO:1904645","response to amyloid-beta",11,0.598405193173796,1.58042977473803,0.0334857527833718,0.263839977733375,0.150179337804343,787,"tags=64%, list=30%, signal=45%","TLR4/LRP1/ITGA4/TYROBP/SYK/PARP1/APP",0.321775918075361
"GO:1904646","cellular response to amyloid-beta",11,0.598405193173796,1.58042977473803,0.0334857527833718,0.263839977733375,0.150179337804343,787,"tags=64%, list=30%, signal=45%","TLR4/LRP1/ITGA4/TYROBP/SYK/PARP1/APP",0.321775918075361
"GO:0006091","generation of precursor metabolites and energy",149,-0.328717840210897,-1.57914778549969,0.00130171083204312,0.0539898709438207,0.0307313665508215,673,"tags=35%, list=26%, signal=28%","IDH3G/ADPGK/MT-ND3/UQCRC1/NDUFB1/COX6B1/NDUFB3/ACADVL/MT-CYB/ATP5F1D/NDUFA11/NDUFS7/COX7A2/NDUFA13/HK3/PPP1CC/NDUFA1/SDHB/PPP1CB/NDUFS6/NDUFB8/ZBTB7A/MT-CO3/GPI/UQCR10/MT-ND1/NDUFS5/ATP5F1C/PARK7/IDH3B/ETFB/MDH2/PGK1/RHOA/FBP1/NDUFB9/PRELID1/NDUFA12/PKM/TPI1/ATP5PB/MT-ND4L/ATP5F1B/ATP5PO/UQCRFS1/ENO1/GAPDH/CYCS/COX7B/MT-ATP8/ALDOA/VCP",0.45505986738723
"GO:0009132","nucleoside diphosphate metabolic process",28,-0.461761110635471,-1.57895497878924,0.021383477444475,0.215229349060694,0.122509869033794,486,"tags=39%, list=19%, signal=32%","HK3/AK2/ZBTB7A/GPI/PGK1/FBP1/PKM/TPI1/ENO1/GAPDH/ALDOA",0.352487857583619
"GO:0140719","constitutive heterochromatin formation",10,0.615166266057242,1.57843934105431,0.044899494648516,0.309964751510639,0.176433842681708,124,"tags=30%, list=5%, signal=29%","MBD2/TNRC18/TRIM28",0.321775918075361
"GO:0031122","cytoplasmic microtubule organization",16,-0.529872080334067,-1.57503021290524,0.0339136830221257,0.26523708174399,0.150974577998648,304,"tags=31%, list=12%, signal=28%","EZR/DYNC1H1/PAFAH1B1/RHOA/TLN1",0.321775918075361
"GO:0050851","antigen receptor-mediated signaling pathway",75,0.379762401080815,1.5741044697877,0.00630573347428867,0.119725464515644,0.0681484706515814,512,"tags=35%, list=19%, signal=29%","IGKC/HLA-DRB1/IGHM/CCR7/CD81/HLA-DQB1/BTN3A2/CD3E/PRKCB/IGLC3/EIF2B5/NCKAP1L/CD79A/DGKZ/BTK/BAX/PLCG2/LILRB4/INPP5D/PTPRJ/PRAM1/CD79B/LAT2/IGLC1/FCMR/SYK",0.407017918923954
"GO:0051302","regulation of cell division",32,-0.44246953859035,-1.57288829062415,0.014562861572274,0.177436971262181,0.100998215187432,603,"tags=44%, list=23%, signal=34%","CDK2AP2/TADA3/WNK1/RBX1/YME1L1/RACK1/NCOA3/YBX1/CAT/CHMP3/CUL3/RHOA/CALM1/TXNIP",0.380730400722792
"GO:0140546","defense response to symbiont",307,-0.300090007946701,-1.57156970257302,0.000167495676175985,0.0226205481456498,0.0128757551090985,515,"tags=28%, list=20%, signal=26%","CIITA/PSME2/HLA-B/PSTPIP1/SPON2/PSMA4/XRCC6/IRF1/GZMB/PSMA2/PIK3CD/HSP90AA1/UBE2N/RPL13A/LYST/JAK2/GBP1/PTPN2/FGR/UBE2L6/CX3CR1/ZNFX1/IRAK3/HSPD1/NONO/PARP14/PSMA7/PSMD7/SMARCA5/PSMD8/CLEC4A/LILRB1/IFI27/S100A9/PSMA3/OAS2/PSMB3/IFNGR1/EIF2AK2/IFI35/PSMA6/CSNK1A1/NFKBIA/DDX21/C1QA/APOBEC3A/PPT1/PSMA1/LGALS9/GRN/GNLY/ANXA1/CFD/IFIT3/HLA-A/CCL3L1/CLEC7A/PARP9/HLA-C/PSMD2/CALM1/LY6E/PHB2/NUB1/IFI6/HLA-E/HMGN2/RTN4/RPS19/CASP1/PSMB7/STAT2/MX2/DDX39A/IRF7/NR1H2/GAPDH/PLSCR1/FCN1/BST2/HCK/NKG7/TRIM22/BANF1/HMGB2/RNASE2/CCL3",0.518848077743792
"GO:0009100","glycoprotein metabolic process",41,0.42283336054868,1.56915149312416,0.0140666693615957,0.17321457219199,0.098594799671123,463,"tags=29%, list=18%, signal=24%","OST4/KRTCAP2/TRAK1/MGAT1/OGA/BTK/OSTC/ST3GAL1/DPM3/TMEM258/ITM2B/DAD1",0.380730400722792
"GO:0002495","antigen processing and presentation of peptide antigen via MHC class II",18,0.522069231328831,1.56743495432116,0.0367375774804656,0.277932979958424,0.158201161335468,186,"tags=33%, list=7%, signal=31%","HLA-DMA/HLA-DRB1/HLA-DQB1/HLA-DMB/HLA-DQA1/HLA-DRB5",0.321775918075361
"GO:0051707","response to other organism",395,-0.29085301460008,-1.56577053474282,4.0472581998274e-05,0.0133848610465721,0.007618745217636,515,"tags=27%, list=20%, signal=25%","CIITA/PSME2/HLA-B/PTPRC/CHMP5/PSTPIP1/SPON2/PSMA4/XRCC6/IRF1/GZMB/TSPO/RAB7A/HNRNPUL1/PSMA2/PIK3CD/HSP90AA1/UBE2N/RPL13A/ODC1/LYST/JAK2/GBP1/PTPN2/FGR/UBE2L6/CX3CR1/ZNFX1/CALR/CFL1/IRAK3/HSPD1/NONO/PARP14/PSMA7/PSMD7/SMARCA5/PSMD8/CLEC4A/LILRB1/IFI27/S100A9/PSMA3/OAS2/PSMB3/IFNGR1/EIF2AK2/IFI35/PSMA6/TNFRSF1B/CSNK1A1/NFKBIA/CHMP3/DDX21/C1QA/APOBEC3A/PPT1/PSMA1/LGALS9/GRN/GNLY/ANXA1/CFD/IFIT3/HLA-A/CCL3L1/CLEC7A/RHOA/PARP9/HLA-C/PSMD2/CALM1/LY6E/GSTP1/PHB2/NUB1/IFI44L/IFI6/HLA-E/HMGN2/RTN4/RPS19/CASP1/PSMB7/STAT2/MX2/HSPB1/DDX39A/IRF7/ZFP36/NR1H2/ENO1/GAPDH/PLSCR1/FCN1/XBP1/BST2/HCK/NKG7/LILRB2/TRIM22/BANF1/HMGB2/RNASE2/CCL3/FOS",0.557332238758646
"GO:0045087","innate immune response",297,-0.297713089880399,-1.5653599380993,0.000207459546954445,0.0226205481456498,0.0128757551090985,515,"tags=28%, list=20%, signal=26%","CIITA/PSME2/HLA-B/PSTPIP1/SPON2/PSMA4/XRCC6/IRF1/GZMB/PSMA2/PIK3CD/HSP90AA1/UBE2N/RPL13A/LYST/JAK2/GBP1/PTPN2/FGR/UBE2L6/CX3CR1/ZNFX1/IRAK3/HSPD1/NONO/PARP14/PSMA7/PSMD7/SMARCA5/PSMD8/CLEC4A/LILRB1/IFI27/S100A9/PSMA3/OAS2/PSMB3/IFNGR1/EIF2AK2/IFI35/PSMA6/CSNK1A1/NFKBIA/DDX21/C1QA/APOBEC3A/PPT1/PSMA1/LGALS9/GRN/ANXA1/CFD/IFIT3/HLA-A/CLEC7A/PARP9/HLA-C/PSMD2/CALM1/LY6E/PHB2/NUB1/IFI6/HLA-E/RTN4/RPS19/CASP1/PSMB7/STAT2/MX2/DDX39A/IRF7/NR1H2/GAPDH/PLSCR1/FCN1/BST2/HCK/NKG7/TRIM22/BANF1/HMGB2/RNASE2/CCL3",0.518848077743792
"GO:0000302","response to reactive oxygen species",36,-0.439471796615144,-1.56148419678621,0.0181153825513399,0.200904003019617,0.114355793973793,403,"tags=31%, list=15%, signal=26%","RACK1/CFL1/CAT/KLF4/PARK7/GSTP1/RPS3/TXNIP/DUSP1/RHOB/FOS",0.352487857583619
"GO:0002287","alpha-beta T cell activation involved in immune response",31,-0.444738023833666,-1.56116291592021,0.0156258373106833,0.187429084840579,0.106685787682553,496,"tags=35%, list=19%, signal=29%","PSMA4/PSMA2/SOCS3/PSMA7/PSMA3/PSMB3/PSMA6/PSMA1/ANXA1/JUNB/CD69",0.352487857583619
"GO:0060142","regulation of syncytium formation by plasma membrane fusion",51,0.400802724919437,1.56101889664373,0.0118765933019776,0.156217690307262,0.088920069980361,470,"tags=37%, list=18%, signal=31%","RPL39/RPL41/CAMK1/RPL31/CD53/RPL15/RPL7/RPL23/RPL5/PLEKHO1/RPL4/RPL35A/RPL38/TYROBP/RPL9/RPLP2/RPL21/UBA52/RPL12",0.380730400722792
"GO:0006487","protein N-linked glycosylation",18,0.519922968058401,1.56099111915645,0.0367375774804656,0.277932979958424,0.158201161335468,463,"tags=39%, list=18%, signal=32%","OST4/KRTCAP2/MGAT1/OSTC/ST3GAL1/TMEM258/DAD1",0.321775918075361
"GO:0006383","transcription by RNA polymerase III",16,-0.524499271415743,-1.55905968588824,0.0357468376817312,0.272216872477657,0.15494751780633,322,"tags=38%, list=12%, signal=33%","MAF1/SMARCA5/DDX21/SF3B1/POLR2F/DEK",0.321775918075361
"GO:0006119","oxidative phosphorylation",91,-0.351609364234796,-1.5548273804148,0.00381808462569398,0.10516377838434,0.0598598693588546,630,"tags=35%, list=24%, signal=28%","UQCRC1/NDUFB1/COX6B1/NDUFB3/MT-CYB/ATP5F1D/NDUFA11/NDUFS7/COX7A2/NDUFA13/NDUFA1/SDHB/NDUFS6/NDUFB8/MT-CO3/UQCR10/MT-ND1/NDUFS5/ATP5F1C/PARK7/RHOA/NDUFB9/NDUFA12/ATP5PB/MT-ND4L/ATP5F1B/ATP5PO/UQCRFS1/CYCS/COX7B/MT-ATP8/VCP",0.431707695803346
"GO:0046434","organophosphate catabolic process",45,-0.407772529527919,-1.55371555309666,0.0163011664921169,0.19136396069362,0.108925543215541,385,"tags=36%, list=15%, signal=31%","TYMP/ZBTB7A/UPP1/PARP14/GPI/DNPH1/NUDT16/PAFAH1B1/PGK1/FBP1/PKM/TPI1/ENO1/GAPDH/ALDOA/VCP",0.352487857583619
"GO:0032715","negative regulation of interleukin-6 production",11,0.588266266694843,1.55365216405883,0.0398638140140312,0.289920541223341,0.16502455492472,506,"tags=64%, list=19%, signal=52%","KLF2/ARRB2/TLR4/NCKAP1L/ELF4/LILRB4/ARRB1",0.321775918075361
"GO:0070373","negative regulation of ERK1 and ERK2 cascade",15,-0.542389447522556,-1.55154723363764,0.0373291362447108,0.280574514306836,0.159704738930645,502,"tags=60%, list=19%, signal=49%","PTPRC/CSK/GBP1/PTPN2/EZR/KLF4/GSTP1/XBP1/DUSP1",0.321775918075361
"GO:0009607","response to biotic stimulus",403,-0.289459717660354,-1.55101057861456,5.19324664978913e-05,0.0148002462438441,0.00842439117580537,515,"tags=27%, list=20%, signal=25%","CIITA/PSME2/HLA-B/PTPRC/CHMP5/PSTPIP1/SPON2/PSMA4/XRCC6/IRF1/GZMB/TSPO/RAB7A/HNRNPUL1/PSMA2/PIK3CD/HSP90AA1/UBE2N/RPL13A/ODC1/LYST/JAK2/GBP1/PTPN2/FGR/UBE2L6/CX3CR1/ZNFX1/CALR/CFL1/IRAK3/HSPD1/NONO/PARP14/PSMA7/PSMD7/SMARCA5/PSMD8/CLEC4A/LILRB1/IFI27/S100A9/PSMA3/OAS2/PSMB3/IFNGR1/EIF2AK2/IFI35/PSMA6/TNFRSF1B/CSNK1A1/NFKBIA/CHMP3/KLF4/DDX21/C1QA/APOBEC3A/PPT1/PSMA1/LGALS9/GRN/GNLY/ANXA1/CFD/IFIT3/HLA-A/CCL3L1/CLEC7A/RHOA/PARP9/HLA-C/PSMD2/CALM1/LY6E/GSTP1/PHB2/NUB1/IFI44L/IFI6/HLA-E/HMGN2/RTN4/RPS19/CASP1/PSMB7/STAT2/MX2/HSPB1/DDX39A/IRF7/ZFP36/NR1H2/ENO1/GAPDH/PLSCR1/FCN1/XBP1/BST2/HCK/NKG7/LILRB2/TXNIP/TRIM22/BANF1/HMGB2/RNASE2/CCL3/FOS",0.557332238758646
"GO:0017004","cytochrome complex assembly",13,-0.553164601990842,-1.55092409796192,0.0444673862277548,0.309135132484241,0.175961618430157,355,"tags=23%, list=14%, signal=20%","MT-CO3/UQCRFS1/COA3",0.321775918075361
"GO:0006956","complement activation",11,-0.574827620805247,-1.55014010104215,0.0381899738718256,0.284275850525004,0.161811562267317,231,"tags=27%, list=9%, signal=25%","C1QA/CFD/FCN1",0.321775918075361
"GO:0019886","antigen processing and presentation of exogenous peptide antigen via MHC class II",17,0.522393282052169,1.54978249152009,0.0267726863718438,0.234768064207646,0.133631425848365,186,"tags=35%, list=7%, signal=33%","HLA-DMA/HLA-DRB1/HLA-DQB1/HLA-DMB/HLA-DQA1/HLA-DRB5",0.352487857583619
"GO:0031960","response to corticosteroid",29,-0.451334069411041,-1.54962823496387,0.0219425012763597,0.215241061249037,0.122516535683422,197,"tags=24%, list=8%, signal=23%","ANXA1/GSTP1/FOSB/ZFP36/UBE2L3/DUSP1/FOS",0.352487857583619
"GO:0098542","defense response to other organism",311,-0.295790836600569,-1.54924527838698,9.52618730264599e-05,0.0157522311468753,0.00896626683682228,515,"tags=28%, list=20%, signal=26%","CIITA/PSME2/HLA-B/PSTPIP1/SPON2/PSMA4/XRCC6/IRF1/GZMB/PSMA2/PIK3CD/HSP90AA1/UBE2N/RPL13A/LYST/JAK2/GBP1/PTPN2/FGR/UBE2L6/CX3CR1/ZNFX1/IRAK3/HSPD1/NONO/PARP14/PSMA7/PSMD7/SMARCA5/PSMD8/CLEC4A/LILRB1/IFI27/S100A9/PSMA3/OAS2/PSMB3/IFNGR1/EIF2AK2/IFI35/PSMA6/CSNK1A1/NFKBIA/DDX21/C1QA/APOBEC3A/PPT1/PSMA1/LGALS9/GRN/GNLY/ANXA1/CFD/IFIT3/HLA-A/CCL3L1/CLEC7A/PARP9/HLA-C/PSMD2/CALM1/LY6E/PHB2/NUB1/IFI6/HLA-E/HMGN2/RTN4/RPS19/CASP1/PSMB7/STAT2/MX2/DDX39A/IRF7/NR1H2/GAPDH/PLSCR1/FCN1/BST2/HCK/NKG7/TRIM22/BANF1/HMGB2/RNASE2/CCL3",0.538434096309916
"GO:0044281","small molecule metabolic process",261,-0.300489460681562,-1.54877269670584,0.000379209088620625,0.0283183561340886,0.0161189824546707,486,"tags=27%, list=19%, signal=25%","HK3/TSPO/ADA2/AK2/LDHB/NDUFA1/ST6GAL1/SDHB/SNX17/ODC1/TXN2/NAAA/PTPN2/NDUFS6/OAZ1/TYMP/NDUFB8/PTGES3/ZBTB7A/EGR1/APRT/UPP1/ATF4/PARP14/GLRX/GPI/DNPH1/SCPEP1/PPCS/LYPLA1/MT-ND1/LTA4H/NDUFS5/ATP5F1C/ABHD14B/NUDT16/PPT1/PARK7/IDH3B/ETFB/MDH2/PGK1/ALKBH7/IMPDH1/FBP1/PARP9/NDUFB9/GSTP1/CASP1/NDUFA12/PKM/TPI1/ATP5PB/MT-ND4L/ATP5F1B/ATP5PO/MAT2B/ASAH1/NR1H2/ATP5MC3/GIMAP7/ENO1/GAPDH/NAMPT/SLC2A3/XBP1/MT-ATP8/GLUL/ALDOA/P4HB/VCP",0.49849310876659
"GO:0043207","response to external biotic stimulus",396,-0.286972983116474,-1.54777116016729,8.31115339827101e-05,0.0148002462438441,0.00842439117580537,515,"tags=27%, list=20%, signal=25%","CIITA/PSME2/HLA-B/PTPRC/CHMP5/PSTPIP1/SPON2/PSMA4/XRCC6/IRF1/GZMB/TSPO/RAB7A/HNRNPUL1/PSMA2/PIK3CD/HSP90AA1/UBE2N/RPL13A/ODC1/LYST/JAK2/GBP1/PTPN2/FGR/UBE2L6/CX3CR1/ZNFX1/CALR/CFL1/IRAK3/HSPD1/NONO/PARP14/PSMA7/PSMD7/SMARCA5/PSMD8/CLEC4A/LILRB1/IFI27/S100A9/PSMA3/OAS2/PSMB3/IFNGR1/EIF2AK2/IFI35/PSMA6/TNFRSF1B/CSNK1A1/NFKBIA/CHMP3/DDX21/C1QA/APOBEC3A/PPT1/PSMA1/LGALS9/GRN/GNLY/ANXA1/CFD/IFIT3/HLA-A/CCL3L1/CLEC7A/RHOA/PARP9/HLA-C/PSMD2/CALM1/LY6E/GSTP1/PHB2/NUB1/IFI44L/IFI6/HLA-E/HMGN2/RTN4/RPS19/CASP1/PSMB7/STAT2/MX2/HSPB1/DDX39A/IRF7/ZFP36/NR1H2/ENO1/GAPDH/PLSCR1/FCN1/XBP1/BST2/HCK/NKG7/LILRB2/TRIM22/BANF1/HMGB2/RNASE2/CCL3/FOS",0.538434096309916
"GO:0007548","sex differentiation",12,0.580018045597114,1.54535955776593,0.0297473999244843,0.252253592766231,0.143584296230809,303,"tags=33%, list=12%, signal=30%","BASP1/EIF2B5/NCOA4/CITED2",0.352487857583619
"GO:0008406","gonad development",12,0.580018045597114,1.54535955776593,0.0297473999244843,0.252253592766231,0.143584296230809,303,"tags=33%, list=12%, signal=30%","BASP1/EIF2B5/NCOA4/CITED2",0.352487857583619
"GO:0045137","development of primary sexual characteristics",12,0.580018045597114,1.54535955776593,0.0297473999244843,0.252253592766231,0.143584296230809,303,"tags=33%, list=12%, signal=30%","BASP1/EIF2B5/NCOA4/CITED2",0.352487857583619
"GO:0019674","NAD+ metabolic process",11,-0.572180054407657,-1.54300039742574,0.0402542423733755,0.289920541223341,0.16502455492472,538,"tags=55%, list=20%, signal=44%","NADK/LDHB/PARP14/MDH2/NAMPT/VCP",0.321775918075361
"GO:0009605","response to external stimulus",496,-0.281486884962149,-1.54238223023426,2.21699441298307e-05,0.00975565384726568,0.00555297816205592,552,"tags=28%, list=21%, signal=27%","NMI/IFIT2/PLD3/WNK1/RBX1/CELF1/PPIB/ARF1/RAC2/CIITA/PSME2/C5AR1/HLA-B/PTPRC/CHMP5/PSTPIP1/SPON2/PSMA4/XRCC6/IRF1/GZMB/TSPO/TUBA1A/RAB7A/PPP1CC/HNRNPUL1/PSMA2/PIK3CD/AKNA/BIN2/HSP90AA1/UBE2N/RALBP1/RPL13A/PPP1CB/ODC1/LYST/JAK2/GBP1/PTPN2/FGR/TYMP/ID2/UBE2L6/CX3CR1/ZNFX1/CALR/CFL1/IRAK3/HSPD1/NONO/PARP14/PSMA7/PSMD7/GPI/SMARCA5/PSMD8/CLEC4A/LILRB1/IFI27/PLCB2/S100A9/PSMA3/OAS2/PSMB3/IFNGR1/EIF2AK2/IFI35/PSMA6/RIPOR2/TNFRSF1B/CSNK1A1/NFKBIA/CHMP3/KLF4/DDX21/C1QA/APOBEC3A/PPT1/PSMA1/LGALS9/PARK7/GRN/GNLY/ANXA1/CFD/IFIT3/ADAM10/HLA-A/NEAT1/CCL3L1/CLEC7A/RHOA/PARP9/HLA-C/PSMD2/CALM1/LY6E/GSTP1/BTG2/PHB2/NUB1/IFI44L/IFI6/HLA-E/HMGN2/RTN4/RPS19/CASP1/PSMB7/STAT2/MX2/FOSB/HSPB1/DDX39A/IL16/IRF7/ZFP36/NR1H2/MAP3K8/ENO1/GAPDH/PLSCR1/FCN1/XBP1/BST2/HCK/NKG7/LILRB2/TXNIP/TRIM22/BANF1/HMGB2/CST7/DUSP1/RNASE2/CCL3/CD69/FOS/CLEC12A",0.575610261071129
"GO:0007098","centrosome cycle",22,-0.475037068471814,-1.54126789371624,0.0456642309916488,0.312759451910257,0.178024603335123,689,"tags=45%, list=26%, signal=34%","PDCD6IP/CHMP2A/RBX1/CHMP5/TUBA1A/CHMP4B/FBXW5/CHMP3/DNM2/CCNL1",0.321775918075361
"GO:0002698","negative regulation of immune effector process",31,-0.438844167804912,-1.54047372594597,0.0180066902560318,0.200904003019617,0.114355793973793,504,"tags=45%, list=19%, signal=37%","HLA-B/PTPRC/TMBIM6/CX3CR1/IRAK3/LILRB1/LGALS9/GRN/ANXA1/HLA-A/HLA-E/RPS19/BST2/CD69",0.352487857583619
"GO:0031640","killing of cells of another organism",11,-0.570817432839097,-1.53932581001985,0.0423185134587913,0.299594368981963,0.170530957173932,487,"tags=55%, list=19%, signal=45%","GZMB/GBP1/GNLY/HMGN2/RPS19/NKG7",0.321775918075361
"GO:0141061","disruption of cell in another organism",11,-0.570817432839097,-1.53932581001985,0.0423185134587913,0.299594368981963,0.170530957173932,487,"tags=55%, list=19%, signal=45%","GZMB/GBP1/GNLY/HMGN2/RPS19/NKG7",0.321775918075361
"GO:0043525","positive regulation of neuron apoptotic process",13,-0.54851988569322,-1.53790156830574,0.0484794087552068,0.324363674185849,0.184629798014315,453,"tags=46%, list=17%, signal=38%","CFLAR/ATF4/MCL1/GRN/CASP1/CCL3",0.321775918075361
"GO:2000403","positive regulation of lymphocyte migration",13,-0.548196435511294,-1.53699470138071,0.0484794087552068,0.324363674185849,0.184629798014315,220,"tags=38%, list=8%, signal=35%","LGALS9/ADAM10/RHOA/P4HB/CCL3",0.321775918075361
"GO:0032760","positive regulation of tumor necrosis factor production",51,-0.385642728925562,-1.53675648673976,0.0170963106654283,0.195930491041913,0.111524840371574,502,"tags=35%, list=19%, signal=29%","PTPRC/PSMA4/PSMA2/JAK2/FCGR2A/PSMA7/PSMA3/OAS2/PSMB3/IFNGR1/PSMA6/PSMA1/LGALS9/ADAM10/CLEC7A/HLA-E/HSPB1/CCL3",0.352487857583619
"GO:0007520","myoblast fusion",52,0.403412869120287,1.5355925533607,0.0092850671362138,0.136846606713313,0.0778939300766055,470,"tags=37%, list=18%, signal=31%","RPL39/ITGB1/CD81/RPL41/RPL31/CD53/RPL15/RPL7/RPL23/RPL5/PLEKHO1/RPL4/RPL35A/RPL38/RPL9/RPLP2/RPL21/UBA52/RPL12",0.380730400722792
"GO:0060485","mesenchyme development",31,0.434257598360135,1.53554326709629,0.024974661489156,0.229323693495593,0.130532456559019,763,"tags=48%, list=29%, signal=35%","BASP1/PPP2CA/TRIM28/DDX5/PDCD4/CITED2/TAF10/TGFBR2/S100A4/SOX4/SKP1/HNRNPAB/ROCK1/QKI/SPSB3",0.352487857583619
"GO:0031347","regulation of defense response",218,-0.306957478107684,-1.53526363701512,0.000467540323424209,0.0317390417147948,0.0180660577226442,399,"tags=23%, list=15%, signal=22%","GBP1/PTPN2/FGR/ZNFX1/IRAK3/HSPD1/NONO/PARP14/LILRB1/S100A9/EIF2AK2/IFI35/PSMA6/TNFRSF1B/CSNK1A1/NFKBIA/KLF4/PPT1/PSMA1/LGALS9/PARK7/GRN/ANXA1/HLA-A/NEAT1/CLEC7A/PARP9/HLA-C/GSTP1/PHB2/HLA-E/RTN4/RPS19/CASP1/STAT2/DDX39A/IL16/IRF7/NR1H2/MAP3K8/PLSCR1/FCN1/HCK/NKG7/TRIM22/BANF1/HMGB2/CST7/CCL3/CD69/CLEC12A",0.49849310876659
"GO:0006888","endoplasmic reticulum to Golgi vesicle-mediated transport",28,-0.448514933838866,-1.53366074261127,0.0279896266614731,0.242699500354752,0.138146048077501,455,"tags=36%, list=17%, signal=30%","TMED5/SEC13/ERGIC3/CUL3/COPE/TRAPPC1/CNIH4/COPA/ARF4/VCP",0.352487857583619
"GO:0046364","monosaccharide biosynthetic process",17,-0.512498766078276,-1.53022223345354,0.0424613774206956,0.299680235891908,0.170579833147109,398,"tags=47%, list=15%, signal=40%","PTPN2/ATF4/GPI/MDH2/PGK1/FBP1/TPI1/ENO1",0.321775918075361
"GO:0022409","positive regulation of cell-cell adhesion",88,0.353518456518204,1.52985838744467,0.0100692894980631,0.139301744515583,0.0792914096114774,363,"tags=26%, list=14%, signal=23%","HLA-DMA/NCK2/ARID1B/HLA-DRB1/IL6R/CCR7/NKAP/CD81/HLA-DQB1/HLA-DMB/CD3E/HLA-DQA1/TNFRSF14/NCKAP1L/ETS1/HLA-DRB5/IL2RG/ITGB2/TYK2/CITED2/ITGA4/LILRB4/SMARCA2",0.380730400722792
"GO:0009410","response to xenobiotic stimulus",38,-0.410716661390087,-1.52862528735553,0.0295206497908677,0.252253592766231,0.143584296230809,483,"tags=32%, list=18%, signal=26%","TSPO/HSP90AA1/CALR/MT-ND1/CAT/TOP1/FBP1/GSTP1/FOSB/TXNIP/CD69/FOS",0.352487857583619
"GO:0006893","Golgi to plasma membrane transport",12,-0.567675857100215,-1.52709800757966,0.0330263625262342,0.263641480166318,0.150066351768517,441,"tags=67%, list=17%, signal=56%","CSK/RAB10/RACK1/GOLGA4/VAMP5/LYPLA1/GGA2/VAMP2",0.321775918075361
"GO:0043001","Golgi to plasma membrane protein transport",12,-0.567675857100215,-1.52709800757966,0.0330263625262342,0.263641480166318,0.150066351768517,441,"tags=67%, list=17%, signal=56%","CSK/RAB10/RACK1/GOLGA4/VAMP5/LYPLA1/GGA2/VAMP2",0.321775918075361
"GO:0061061","muscle structure development",125,0.333316603960231,1.5266723723656,0.00415070252950019,0.109191776770374,0.0621526308102783,509,"tags=30%, list=19%, signal=25%","NACA/YY1/ARID1B/RPL39/ITGB1/BASP1/ARRB2/CD81/RPL41/CAMK1/RPL31/CD53/NINJ1/ID3/RPL15/RPL7/RPL23/RPL5/PLEKHO1/DDX5/MCUB/PDCD4/RPL4/EEF2/RPL35A/RPL38/G6PD/SMARCA2/RPL9/RPLP2/PTBP1/RPL21/UBA52/RPL12/CHD2/AKIRIN2/TTN",0.407017918923954
"GO:0061951","establishment of protein localization to plasma membrane",17,-0.5109308871748,-1.52554085016784,0.0437987164239814,0.305403700366015,0.173837664322098,649,"tags=71%, list=25%, signal=53%","VPS35/RAB8A/RAB7A/RILPL2/CSK/RAB10/RACK1/GOLGA4/VAMP5/LYPLA1/GGA2/VAMP2",0.321775918075361
"GO:0002449","lymphocyte mediated immunity",86,0.359307001544506,1.52544282646842,0.00653121101641335,0.119735623223579,0.0681542530506089,405,"tags=30%, list=15%, signal=26%","IGKC/IGHV4-34/IGHV1-18/CARD9/HLA-DRB1/IGHV3-20/ARRB2/CD81/BTN3A2/PLEKHM2/IGLC3/IGHV1-69/TNFRSF14/NCKAP1L/BTK/IGHV3-11/HLA-F/IGHV3-48/IGHV1-3/IL2RG/FCER2/CD74/LILRB4/INPP5D/TYROBP/ARL8B",0.407017918923954
"GO:0050852","T cell receptor signaling pathway",41,0.410751422101063,1.52431493687346,0.0192929444405882,0.207687030731205,0.118216735059317,379,"tags=34%, list=14%, signal=30%","HLA-DRB1/CCR7/CD81/HLA-DQB1/BTN3A2/CD3E/EIF2B5/DGKZ/BTK/PLCG2/LILRB4/INPP5D/PTPRJ/PRAM1",0.352487857583619
"GO:0022604","regulation of cell morphogenesis",43,-0.39870201651882,-1.52406115196115,0.0301380528235976,0.254013499738793,0.144586046102103,523,"tags=40%, list=20%, signal=32%","WDR1/RAC2/CAPRIN1/FGR/SEPTIN7/CFL1/ARAP1/CDC42EP3/EZR/FGD2/PAFAH1B1/ANXA1/PHIP/CUX1/HCK/ALDOA/CCL3",0.352487857583619
"GO:0048545","response to steroid hormone",67,-0.373502801611973,-1.52017731898375,0.00989357821159154,0.139301744515583,0.0792914096114774,668,"tags=43%, list=25%, signal=33%","DDX17/MT-ND3/EGLN2/PKN1/HNRNPU/TADA3/PTPRC/TSPO/CFLAR/CBX3/JAK2/NCOR2/SAFB2/ZBTB7A/CALR/GPI/PARK7/ANXA1/GSTP1/WBP2/FOSB/RXRA/ZFP36/UBE2L3/JUNB/TXNIP/JUN/DUSP1/FOS",0.380730400722792
"GO:0006753","nucleoside phosphate metabolic process",155,-0.312733566223234,-1.51931904314933,0.00432489441546481,0.110023412876934,0.0626260031962613,606,"tags=32%, list=23%, signal=26%","LRRK2/NDUFB3/TMSB4X/ATP5F1D/NDUFA11/NDUFS7/NADK/NDUFA13/HK3/TSPO/AK2/LDHB/NDUFA1/SDHB/NDUFS6/TYMP/NDUFB8/ZBTB7A/APRT/UPP1/PARP14/GPI/DNPH1/PPCS/MT-ND1/NDUFS5/ATP5F1C/ABHD14B/NUDT16/PPT1/MDH2/PGK1/IMPDH1/FBP1/NDUFB9/NDUFA12/PKM/TPI1/ATP5PB/MT-ND4L/ATP5F1B/ATP5PO/ATP5MC3/GIMAP7/ENO1/GAPDH/NAMPT/MT-ATP8/ALDOA/VCP",0.407017918923954
"GO:1902895","positive regulation of miRNA transcription",12,-0.564455373970675,-1.51843462457851,0.0356526796435344,0.272216872477657,0.15494751780633,349,"tags=33%, list=13%, signal=29%","EGR1/KLF4/JUN/FOS",0.321775918075361
"GO:0051960","regulation of nervous system development",50,-0.391621455742858,-1.51741109274221,0.0119709730335309,0.156569506060023,0.0891203256703161,483,"tags=28%, list=18%, signal=23%","TSPO/PPP1CC/CAPRIN1/ID2/CX3CR1/GOLGA4/TNFRSF1B/PAFAH1B1/SPEN/ITGAX/RTN4/CUX1/HMGB2/CST7",0.380730400722792
"GO:0006575","modified amino acid metabolic process",17,-0.507097274486495,-1.51409442383791,0.0464733967432781,0.31642915723732,0.180113422174064,219,"tags=29%, list=8%, signal=27%","PARK7/GSTP1/PLSCR1/CNDP2/P4HB",0.321775918075361
"GO:1903557","positive regulation of tumor necrosis factor superfamily cytokine production",52,-0.385096629720411,-1.51407572218702,0.00962704914185194,0.1384262034993,0.0787930462808872,502,"tags=35%, list=19%, signal=29%","PTPRC/PSMA4/PSMA2/JAK2/FCGR2A/PSMA7/PSMA3/OAS2/PSMB3/IFNGR1/PSMA6/PSMA1/LGALS9/ADAM10/CLEC7A/HLA-E/HSPB1/CCL3",0.380730400722792
"GO:0060333","type II interferon-mediated signaling pathway",15,-0.528873070604611,-1.51288258536391,0.049800796812749,0.332244508995717,0.189115617651124,515,"tags=60%, list=20%, signal=49%","CIITA/IRF1/JAK2/PTPN2/PARP14/IFNGR1/PARP9/NR1H2/HCK",0.287857117255149
"GO:0045066","regulatory T cell differentiation",23,-0.455361045998863,-1.51113618964101,0.046698100223204,0.317026692131136,0.180453542710153,521,"tags=48%, list=20%, signal=39%","VSIR/ZBTB16/PSMA4/IRF1/PSMA2/PSMA7/PSMA3/PSMB3/PSMA6/PSMA1/LILRB2",0.321775918075361
"GO:0044344","cellular response to fibroblast growth factor stimulus",12,0.567121125036483,1.5109979036667,0.0405370985975784,0.289920541223341,0.16502455492472,96,"tags=25%, list=4%, signal=24%","IQGAP1/ITGB1/PTPN1",0.321775918075361
"GO:0009117","nucleotide metabolic process",149,-0.314417420772125,-1.510449123833,0.00350691471957829,0.10080064602962,0.0573763475915551,606,"tags=32%, list=23%, signal=26%","LRRK2/NDUFB3/TMSB4X/ATP5F1D/NDUFA11/NDUFS7/NADK/NDUFA13/HK3/TSPO/AK2/LDHB/NDUFA1/SDHB/NDUFS6/TYMP/NDUFB8/ZBTB7A/APRT/UPP1/PARP14/GPI/DNPH1/MT-ND1/NDUFS5/ATP5F1C/ABHD14B/NUDT16/MDH2/PGK1/IMPDH1/FBP1/NDUFB9/NDUFA12/PKM/TPI1/ATP5PB/MT-ND4L/ATP5F1B/ATP5PO/ATP5MC3/GIMAP7/ENO1/GAPDH/NAMPT/MT-ATP8/ALDOA/VCP",0.431707695803346
"GO:0055086","nucleobase-containing small molecule metabolic process",160,-0.313881506737472,-1.51036145489358,0.00220834469899774,0.0811479044155518,0.0461898862106981,606,"tags=32%, list=23%, signal=27%","LRRK2/NDUFB3/TMSB4X/ATP5F1D/NDUFA11/NDUFS7/NADK/NDUFA13/HK3/TSPO/ADA2/AK2/LDHB/NDUFA1/SDHB/NDUFS6/TYMP/NDUFB8/ZBTB7A/APRT/UPP1/PARP14/GLRX/GPI/DNPH1/PPCS/MT-ND1/NDUFS5/ATP5F1C/ABHD14B/NUDT16/PPT1/MDH2/PGK1/IMPDH1/FBP1/NDUFB9/NDUFA12/PKM/TPI1/ATP5PB/MT-ND4L/ATP5F1B/ATP5PO/ATP5MC3/GIMAP7/ENO1/GAPDH/NAMPT/MT-ATP8/ALDOA/VCP",0.431707695803346
"GO:0019079","viral genome replication",38,-0.405571883005572,-1.50947720042428,0.0327024800570498,0.263641480166318,0.150066351768517,390,"tags=26%, list=15%, signal=23%","GRK2/ZNFX1/OAS2/EIF2AK2/APOBEC3A/DEK/PLSCR1/BST2/VCP/BANF1",0.321775918075361
"GO:0060284","regulation of cell development",162,-0.310774080456735,-1.50934920791514,0.00323422220725499,0.0985161106552012,0.0560759760077329,504,"tags=28%, list=19%, signal=24%","HLA-B/ZBTB16/PSMA4/XRCC6/IRF1/TSPO/PPP1CC/PSMA2/CAPRIN1/ADD1/PTPN2/ID2/CX3CR1/GOLGA4/CFL1/PSMA7/LILRB1/PPP3CA/PSMA3/PSMB3/PSMA6/TNFRSF1B/PSMA1/LGALS9/GRN/PAFAH1B1/ANXA1/SPEN/CLEC7A/RHOA/PRELID1/RTN4/RPS19/IRF7/ZFP36/JUNB/XBP1/GLUL/CUX1/LILRB2/HMGB2/MAFB/CCL3/CD69/CLEC12A",0.431707695803346
"GO:1901293","nucleoside phosphate biosynthetic process",99,-0.335281630602236,-1.5081950119595,0.00699265585704041,0.124523063915758,0.070879293732865,602,"tags=33%, list=23%, signal=27%","NDUFB3/TMSB4X/ATP5F1D/NDUFA11/NDUFS7/NADK/NDUFA13/AK2/NDUFA1/SDHB/NDUFS6/NDUFB8/APRT/UPP1/PPCS/MT-ND1/NDUFS5/ATP5F1C/PPT1/PGK1/IMPDH1/NDUFB9/NDUFA12/ATP5PB/MT-ND4L/ATP5F1B/ATP5PO/ATP5MC3/ENO1/NAMPT/MT-ATP8/ALDOA/VCP",0.407017918923954
"GO:0060491","regulation of cell projection assembly",35,-0.411415473330829,-1.50707747709251,0.0405289430028519,0.289920541223341,0.16502455492472,443,"tags=37%, list=17%, signal=31%","HSP90AA1/RAB10/SEPTIN7/EVL/CFL1/ARAP1/ACTR2/CDC42EP3/MIEN1/RIPOR2/WASF2/ARF4/ACTR3",0.321775918075361
"GO:0120032","regulation of plasma membrane bounded cell projection assembly",35,-0.411415473330829,-1.50707747709251,0.0405289430028519,0.289920541223341,0.16502455492472,443,"tags=37%, list=17%, signal=31%","HSP90AA1/RAB10/SEPTIN7/EVL/CFL1/ARAP1/ACTR2/CDC42EP3/MIEN1/RIPOR2/WASF2/ARF4/ACTR3",0.321775918075361
"GO:0050657","nucleic acid transport",51,-0.377685856223751,-1.5050489636322,0.0225250455580329,0.219098657423724,0.124712303148262,429,"tags=25%, list=16%, signal=22%","SMG7/SEC13/HNRNPA2B1/RTRAF/SRSF7/YBX1/POM121/YTHDC1/NEAT1/SRSF3/MX2/DDX39A/ZFP36",0.352487857583619
"GO:0050658","RNA transport",51,-0.377685856223751,-1.5050489636322,0.0225250455580329,0.219098657423724,0.124712303148262,429,"tags=25%, list=16%, signal=22%","SMG7/SEC13/HNRNPA2B1/RTRAF/SRSF7/YBX1/POM121/YTHDC1/NEAT1/SRSF3/MX2/DDX39A/ZFP36",0.352487857583619
"GO:0046902","regulation of mitochondrial membrane permeability",12,-0.558866518501879,-1.50340011158258,0.0428484484147826,0.299680235891908,0.170579833147109,953,"tags=75%, list=36%, signal=48%","HSPA1A/SLC25A6/SPG7/VDAC2/LRRK2/PPM1K/SIVA1/SLC25A5/ALKBH7",0.321775918075361
"GO:0009260","ribonucleotide biosynthetic process",84,-0.34419975097558,-1.50279687002557,0.00891984236257833,0.135923268629398,0.0773683603611926,602,"tags=33%, list=23%, signal=27%","NDUFB3/TMSB4X/ATP5F1D/NDUFA11/NDUFS7/NDUFA13/AK2/NDUFA1/SDHB/NDUFS6/NDUFB8/APRT/UPP1/MT-ND1/NDUFS5/ATP5F1C/IMPDH1/NDUFB9/NDUFA12/ATP5PB/MT-ND4L/ATP5F1B/ATP5PO/ATP5MC3/ENO1/MT-ATP8/ALDOA/VCP",0.380730400722792
"GO:0034330","cell junction organization",100,-0.331233998983305,-1.50276252829199,0.00923703139873653,0.136846606713313,0.0778939300766055,655,"tags=37%, list=25%, signal=29%","PTK2B/VPS35/FNTA/ABHD17A/RPS6/ACTB/LRRK2/MAP4K4/ARF1/WDR1/C5AR1/TUBA1A/CAPZA1/CAPRIN1/ADD1/CSK/CX3CR1/CFL1/VMP1/EZR/LIMS1/C1QA/GRN/DBNL/PAFAH1B1/ADAM10/RHOA/RAP1B/IQSEC1/WASF2/RTN4/DOCK10/ARF4/LILRB2/VCP/RHOB/TLN1",0.380730400722792
"GO:0051058","negative regulation of small GTPase mediated signal transduction",12,-0.558468273390244,-1.50232879718917,0.0428484484147826,0.299680235891908,0.170579833147109,546,"tags=50%, list=21%, signal=40%","WNK1/GMIP/RASAL3/RIPOR2/CUL3/FBP1",0.321775918075361
"GO:0043065","positive regulation of apoptotic process",113,-0.331982218044139,-1.50201122439111,0.0065686497405592,0.119735623223579,0.0681542530506089,507,"tags=31%, list=19%, signal=26%","NDUFA13/DNAJA1/TSPO/CFLAR/PIK3CD/JAK2/RACK1/STK17B/PTPN2/HSPD1/STK4/ATF4/LILRB1/SAP18/S100A9/MCL1/TNFRSF1B/RNPS1/TMC8/LGALS9/TNFSF10/GRN/ANXA1/CTSD/PRELID1/DNM2/CASP1/RPS3/XBP1/GADD45B/BCL2A1/TXNIP/DUSP1/RHOB/CCL3",0.407017918923954
"GO:0009259","ribonucleotide metabolic process",125,-0.321718424019996,-1.5017562741177,0.00605980514968858,0.119725464515644,0.0681484706515814,606,"tags=33%, list=23%, signal=26%","LRRK2/NDUFB3/TMSB4X/ATP5F1D/NDUFA11/NDUFS7/NADK/NDUFA13/HK3/TSPO/AK2/NDUFA1/SDHB/NDUFS6/NDUFB8/ZBTB7A/APRT/UPP1/GPI/MT-ND1/NDUFS5/ATP5F1C/ABHD14B/PGK1/IMPDH1/FBP1/NDUFB9/NDUFA12/PKM/TPI1/ATP5PB/MT-ND4L/ATP5F1B/ATP5PO/ATP5MC3/GIMAP7/ENO1/GAPDH/MT-ATP8/ALDOA/VCP",0.407017918923954
"GO:0048870","cell motility",264,-0.288971193954618,-1.50086985621029,0.00039642963914439,0.0286792067068519,0.0163243808197308,523,"tags=29%, list=20%, signal=26%","WDR1/VSIR/RAC2/DOCK8/C5AR1/PTPRC/PSMA4/TSPO/TUBA1A/PSMA2/PIK3CD/BIN2/ZEB2/HSP90AA1/LYST/JAK2/ARPC5/RACK1/ARPC5L/FGR/EVL/CX3CR1/CALR/CFL1/STK4/SELPLG/PSMA7/GPI/PLCB2/PPP3CA/S100A9/PSMA3/PSMB3/PSMA6/MIEN1/RIPOR2/MYO1G/CUL3/KLF4/PSMA1/LGALS9/UBE2I/GRN/PAFAH1B1/ANXA1/ADAM10/CCL3L1/CLEC7A/IER2/MALAT1/RHOA/PARP9/ITGAX/IQSEC1/GSTP1/PHB2/RTN4/RPS19/PSMB7/ABI1/ATP5F1B/HSPB1/DOCK10/IL16/ARF4/XBP1/ICAM2/BST2/GLUL/HCK/P4HB/HMGB2/ACTR3/DUSP1/RHOB/CCL3/CD69",0.49849310876659
"GO:0048525","negative regulation of viral process",29,-0.436947947296468,-1.50023435461827,0.030284114871666,0.254013499738793,0.144586046102103,364,"tags=28%, list=14%, signal=24%","ZNFX1/OAS2/EIF2AK2/APOBEC3A/ZFP36/PLSCR1/BST2/BANF1",0.352487857583619
"GO:0034644","cellular response to UV",17,0.505369403304647,1.49927780448234,0.040311311239402,0.289920541223341,0.16502455492472,666,"tags=41%, list=25%, signal=31%","CRIP1/YY1/RPL26/DDB1/COPS9/DHX36/PARP1",0.321775918075361
"GO:0071482","cellular response to light stimulus",17,0.505369403304647,1.49927780448234,0.040311311239402,0.289920541223341,0.16502455492472,666,"tags=41%, list=25%, signal=31%","CRIP1/YY1/RPL26/DDB1/COPS9/DHX36/PARP1",0.321775918075361
"GO:0015931","nucleobase-containing compound transport",56,-0.372385104298057,-1.49623841694362,0.019414921156493,0.207687030731205,0.118216735059317,429,"tags=25%, list=16%, signal=21%","SMG7/SEC13/HNRNPA2B1/RTRAF/SLC25A5/SRSF7/YBX1/POM121/YTHDC1/NEAT1/SRSF3/MX2/DDX39A/ZFP36",0.352487857583619
"GO:0044419","biological process involved in interspecies interaction between organisms",437,-0.273808704860527,-1.495739154745,0.000222511795415396,0.0226205481456498,0.0128757551090985,515,"tags=26%, list=20%, signal=25%","CIITA/PSME2/HLA-B/PTPRC/CHMP5/PSTPIP1/SPON2/PSMA4/XRCC6/IRF1/GZMB/TSPO/RAB7A/CTSB/HNRNPUL1/PSMA2/CHMP4B/PIK3CD/HSP90AA1/SIVA1/UBE2N/RPL13A/ODC1/LYST/JAK2/GBP1/PTPN2/FGR/GRK2/UBE2L6/CX3CR1/ZNFX1/CALR/CFL1/SIGLEC1/IRAK3/HSPD1/NONO/SELPLG/PARP14/PSMA7/PSMD7/SMARCA5/PSMD8/CLEC4A/LILRB1/IFI27/S100A9/PSMA3/OAS2/PSMB3/IFNGR1/EIF2AK2/IFI35/PSMA6/TNFRSF1B/CSNK1A1/NFKBIA/CHMP3/DDX21/C1QA/APOBEC3A/PPT1/PSMA1/LGALS9/GRN/GNLY/ANXA1/CFD/IFIT3/HLA-A/CCL3L1/CLEC7A/RHOA/PARP9/HLA-C/PSMD2/CALM1/LY6E/GSTP1/PHB2/NUB1/IFI44L/IFI6/HLA-E/HMGN2/RTN4/RPS19/CASP1/PSMB7/STAT2/MX2/HSPB1/DDX39A/IRF7/ZFP36/NR1H2/ENO1/GAPDH/PLSCR1/FCN1/XBP1/BST2/HCK/P4HB/NKG7/LILRB2/TRIM22/BANF1/HMGB2/JUN/RNASE2/CCL3/FOS",0.518848077743792
"GO:0071216","cellular response to biotic stimulus",61,-0.364849757573462,-1.4931121584934,0.0218667061004386,0.215241061249037,0.122516535683422,501,"tags=28%, list=19%, signal=23%","CHMP5/TSPO/JAK2/CX3CR1/IRAK3/LILRB1/TNFRSF1B/CLEC7A/RHOA/GSTP1/CASP1/ZFP36/XBP1/HCK/LILRB2/TXNIP/HMGB2",0.352487857583619
"GO:0034599","cellular response to oxidative stress",47,-0.385516128808291,-1.48714686324547,0.0263731278737512,0.232611947102663,0.132404150733211,403,"tags=28%, list=15%, signal=24%","RACK1/CFL1/ATF4/CAT/CUL3/KLF4/MGST1/PARK7/RPS3/XBP1/HM13/RHOB/FOS",0.352487857583619
"GO:0050727","regulation of inflammatory response",102,-0.330816557870041,-1.48628006319059,0.00814068544155033,0.133536295205465,0.076009680409646,292,"tags=24%, list=11%, signal=22%","S100A9/IFI35/PSMA6/TNFRSF1B/NFKBIA/KLF4/PSMA1/PARK7/GRN/ANXA1/NEAT1/GSTP1/HLA-E/RPS19/CASP1/IL16/NR1H2/MAP3K8/HCK/NKG7/CST7/CCL3/CD69/CLEC12A",0.380730400722792
"GO:0006605","protein targeting",57,0.371555877468943,1.48532364809683,0.0161521080660679,0.191056182523301,0.10875035398832,350,"tags=21%, list=13%, signal=19%","NACA/NCF1/SEC62/SRP72/TRAK1/GDI1/NCOA4/GCC2/ITGB2/AP3D1/SCARB2/HSPA5",0.352487857583619
"GO:0014902","myotube differentiation",59,0.369968002025861,1.48178507144108,0.018100599139822,0.200904003019617,0.114355793973793,470,"tags=34%, list=18%, signal=28%","NACA/RPL39/ITGB1/CD81/RPL41/RPL31/CD53/RPL15/RPL7/RPL23/RPL5/PLEKHO1/RPL4/RPL35A/RPL38/RPL9/RPLP2/RPL21/UBA52/RPL12",0.352487857583619
"GO:1901222","regulation of non-canonical NF-kappaB signal transduction",25,-0.445816073607659,-1.47763132020435,0.04271472781229,0.299680235891908,0.170579833147109,275,"tags=28%, list=10%, signal=25%","EIF2AK2/IFI35/LGALS9/RHOA/PHB2/RPS3/VCP",0.321775918075361
"GO:0048193","Golgi vesicle transport",75,-0.345355158881638,-1.47746814781542,0.0164073715967444,0.19136396069362,0.108925543215541,455,"tags=29%, list=17%, signal=25%","TMED5/CSK/RAB10/RACK1/SEC13/GOLGA4/ERGIC3/TAPBP/VAMP5/LYPLA1/GGA2/CUL3/COPE/TRAPPC1/VAMP2/CNIH4/DNM2/COPA/ARF4/CUX1/NAPA/VCP",0.352487857583619
"GO:0071356","cellular response to tumor necrosis factor",55,-0.361722102395816,-1.47222608653195,0.0252244684019022,0.229323693495593,0.130532456559019,414,"tags=31%, list=16%, signal=27%","JAK2/GBP1/PTPN2/TNFRSF13C/CFL1/TNFRSF1B/NFKBIA/LIMS1/TMC8/ADAM10/GSTP1/CASP1/ASAH1/ZFP36/TNFSF13B/CCL3/FOS",0.352487857583619
"GO:0002504","antigen processing and presentation of peptide or polysaccharide antigen via MHC class II",19,0.493829250993995,1.47206928356669,0.0354909590811455,0.27205817971143,0.154857188907916,186,"tags=32%, list=7%, signal=30%","HLA-DMA/HLA-DRB1/HLA-DQB1/HLA-DMB/HLA-DQA1/HLA-DRB5",0.321775918075361
"GO:0002224","toll-like receptor signaling pathway",31,0.416303627786102,1.4720576798856,0.0386504876971454,0.285535077656873,0.162528322094368,370,"tags=32%, list=14%, signal=28%","ARRB2/BIRC3/TLR4/GDI1/GPR108/BTK/RPS6KA3/CD300LF/PLCG2/LY96",0.321775918075361
"GO:0009165","nucleotide biosynthetic process",92,-0.332058899240965,-1.47099196085611,0.019472668999502,0.207687030731205,0.118216735059317,602,"tags=33%, list=23%, signal=26%","NDUFB3/TMSB4X/ATP5F1D/NDUFA11/NDUFS7/NADK/NDUFA13/AK2/NDUFA1/SDHB/NDUFS6/NDUFB8/APRT/UPP1/MT-ND1/NDUFS5/ATP5F1C/IMPDH1/NDUFB9/NDUFA12/ATP5PB/MT-ND4L/ATP5F1B/ATP5PO/ATP5MC3/ENO1/NAMPT/MT-ATP8/ALDOA/VCP",0.352487857583619
"GO:0031623","receptor internalization",36,0.409395987747679,1.47038949890382,0.0449884045389091,0.309964751510639,0.176433842681708,364,"tags=33%, list=14%, signal=29%","ITGB1/RIN3/ARRB2/CD81/RAB31/LRP1/AP2S1/SNX1/ITGB2/PLCG2/LILRB4/LMBRD1",0.321775918075361
"GO:0048872","homeostasis of number of cells",82,-0.339291865356906,-1.46675840052708,0.0120598730588897,0.156846101861402,0.0892777657013814,496,"tags=34%, list=19%, signal=29%","PSMA4/TUBA1A/SELENOW/PSMA2/PIK3CD/SIVA1/JAK2/OCIAD1/PTPN2/ID2/CX3CR1/ZBTB7A/SLC25A5/PSMA7/PSMA3/PSMB3/PSMA6/PTBP3/PSMA1/LGALS9/ANXA1/RPS19/DOCK10/ZFP36/GLUL/TNFSF13B/HMGB2/MAFB",0.380730400722792
"GO:0032101","regulation of response to external stimulus",251,-0.289483914732526,-1.46556959860572,0.000912222760096865,0.0422359137924848,0.0240409418595639,399,"tags=23%, list=15%, signal=21%","GBP1/PTPN2/FGR/CX3CR1/ZNFX1/CALR/IRAK3/HSPD1/NONO/PARP14/LILRB1/S100A9/EIF2AK2/IFI35/PSMA6/RIPOR2/TNFRSF1B/CSNK1A1/NFKBIA/KLF4/PPT1/PSMA1/LGALS9/PARK7/GRN/ANXA1/ADAM10/HLA-A/NEAT1/CLEC7A/PARP9/HLA-C/GSTP1/PHB2/HLA-E/RTN4/RPS19/CASP1/STAT2/HSPB1/DDX39A/IL16/IRF7/NR1H2/MAP3K8/PLSCR1/FCN1/HCK/NKG7/TRIM22/BANF1/HMGB2/CST7/DUSP1/CCL3/CD69/CLEC12A",0.477270815362862
"GO:0043523","regulation of neuron apoptotic process",41,-0.391703439066882,-1.46392081234907,0.0252602772532943,0.229323693495593,0.130532456559019,734,"tags=46%, list=28%, signal=34%","NAIP/SOD2/IL27RA/PTK2B/TMBIM4/EGLN2/CFLAR/JAK2/CX3CR1/EGR1/NONO/ATF4/MCL1/PPT1/PARK7/GRN/BTG2/CASP1/CCL3",0.352487857583619
"GO:0002429","immune response-activating cell surface receptor signaling pathway",113,0.321935235512979,1.46306982167714,0.019899754642343,0.208556530050765,0.118711659418979,385,"tags=26%, list=15%, signal=23%","IGKC/HLA-DRB1/IGHM/CCR7/CD81/HLA-DQB1/BTN3A2/TLR4/CD3E/PRKCB/IGLC3/NINJ1/EIF2B5/NCKAP1L/CD79A/DGKZ/BTK/LILRA2/BAX/FCER2/PLCG2/LILRB4/INPP5D/TAX1BP1/LY96/PTPRJ/PRAM1/TYROBP/CD79B",0.352487857583619
"GO:2001234","negative regulation of apoptotic signaling pathway",53,-0.366258119124151,-1.45802170818847,0.0329867171313417,0.263641480166318,0.150066351768517,499,"tags=34%, list=19%, signal=28%","DNAJA1/CFLAR/RACK1/TMBIM6/CX3CR1/NONO/ATF4/SLC25A5/MCL1/KLF4/PARK7/GSTP1/PHIP/IFI6/PRELID1/HSPB1/ENO1/XBP1",0.321775918075361
"GO:0006935","chemotaxis",83,-0.33420263111297,-1.45777570762062,0.0173470525510226,0.196855032625575,0.112051095126444,546,"tags=34%, list=21%, signal=28%","WNK1/PPIB/RAC2/C5AR1/PIK3CD/BIN2/RALBP1/LYST/PTPN2/TYMP/CX3CR1/CALR/PLCB2/S100A9/RIPOR2/LGALS9/ANXA1/ADAM10/CCL3L1/RHOA/GSTP1/RPS19/HSPB1/IL16/HMGB2/DUSP1/RNASE2/CCL3",0.352487857583619
"GO:0042330","taxis",83,-0.33420263111297,-1.45777570762062,0.0173470525510226,0.196855032625575,0.112051095126444,546,"tags=34%, list=21%, signal=28%","WNK1/PPIB/RAC2/C5AR1/PIK3CD/BIN2/RALBP1/LYST/PTPN2/TYMP/CX3CR1/CALR/PLCB2/S100A9/RIPOR2/LGALS9/ANXA1/ADAM10/CCL3L1/RHOA/GSTP1/RPS19/HSPB1/IL16/HMGB2/DUSP1/RNASE2/CCL3",0.352487857583619
"GO:0030855","epithelial cell differentiation",75,-0.340748003876289,-1.45775822138926,0.0218399414614412,0.215241061249037,0.122516535683422,493,"tags=31%, list=19%, signal=26%","EDF1/CTSB/RILPL2/ADD1/ZEB2/RAB10/ID2/ATF4/DNPH1/EZR/PPP3CA/NCOA3/LTA4H/PAFAH1B1/ANXA1/PGK1/TPP1/RHOA/RAP1B/ASAH1/ZFP36/TXNIP/MAFB",0.352487857583619
"GO:0042770","signal transduction in response to DNA damage",33,0.412902883764219,1.45636936548369,0.033490394999638,0.263839977733375,0.150179337804343,652,"tags=42%, list=25%, signal=32%","ZNF385A/HIPK2/RPL26/DGKZ/STK38/DDX5/CD74/WAC/ATM/CD44/SP100/MIF/SOX4/SKP1",0.321775918075361
"GO:0019693","ribose phosphate metabolic process",126,-0.315566864517544,-1.4560157299636,0.00993983954167793,0.139301744515583,0.0792914096114774,606,"tags=33%, list=23%, signal=26%","LRRK2/NDUFB3/TMSB4X/ATP5F1D/NDUFA11/NDUFS7/NADK/NDUFA13/HK3/TSPO/AK2/NDUFA1/SDHB/NDUFS6/NDUFB8/ZBTB7A/APRT/UPP1/GPI/MT-ND1/NDUFS5/ATP5F1C/ABHD14B/PGK1/IMPDH1/FBP1/NDUFB9/NDUFA12/PKM/TPI1/ATP5PB/MT-ND4L/ATP5F1B/ATP5PO/ATP5MC3/GIMAP7/ENO1/GAPDH/MT-ATP8/ALDOA/VCP",0.380730400722792
"GO:0032729","positive regulation of type II interferon production",28,-0.425164722135791,-1.45381657172903,0.0476256297203841,0.320503874426422,0.182432776255491,496,"tags=43%, list=19%, signal=35%","PSMA4/PSMA2/HSPD1/PSMA7/LILRB1/PSMA3/PSMB3/PSMA6/PSMA1/LGALS9/HLA-A/CLEC7A",0.321775918075361
"GO:0046390","ribose phosphate biosynthetic process",85,-0.334663654282801,-1.4514212926241,0.0150736343909256,0.181747206328088,0.103451627492648,602,"tags=33%, list=23%, signal=26%","NDUFB3/TMSB4X/ATP5F1D/NDUFA11/NDUFS7/NDUFA13/AK2/NDUFA1/SDHB/NDUFS6/NDUFB8/APRT/UPP1/MT-ND1/NDUFS5/ATP5F1C/IMPDH1/NDUFB9/NDUFA12/ATP5PB/MT-ND4L/ATP5F1B/ATP5PO/ATP5MC3/ENO1/MT-ATP8/ALDOA/VCP",0.380730400722792
"GO:1903900","regulation of viral life cycle",39,-0.390285621910922,-1.4513092243959,0.0396484106792368,0.289920541223341,0.16502455492472,364,"tags=23%, list=14%, signal=20%","ZNFX1/OAS2/EIF2AK2/APOBEC3A/LGALS9/PLSCR1/BST2/P4HB/BANF1",0.321775918075361
"GO:0046631","alpha-beta T cell activation",63,-0.348475502935183,-1.44397056052278,0.0219139833439304,0.215241061249037,0.122516535683422,521,"tags=38%, list=20%, signal=31%","VSIR/ZBTB16/PSMA4/IRF1/PSMA2/SOCS3/RASAL3/JAK2/PSMA7/CLEC4A/LILRB1/PSMA3/PSMB3/PSMA6/PSMA1/LGALS9/ANXA1/HLA-A/RHOA/HLA-E/CLEC2D/JUNB/NKG7/CD69",0.352487857583619
"GO:0014706","striated muscle tissue development",34,0.411633962993401,1.44263078630299,0.0476190476190476,0.320503874426422,0.182432776255491,327,"tags=24%, list=12%, signal=21%","MBD2/NACA/YY1/ARRB2/DDX5/MCUB/EEF2/G6PD",0.282013350011725
"GO:0060537","muscle tissue development",34,0.411633962993401,1.44263078630299,0.0476190476190476,0.320503874426422,0.182432776255491,327,"tags=24%, list=12%, signal=21%","MBD2/NACA/YY1/ARRB2/DDX5/MCUB/EEF2/G6PD",0.282013350011725
"GO:0071674","mononuclear cell migration",55,-0.353512584608616,-1.43881296036655,0.0329573958913848,0.263641480166318,0.150066351768517,263,"tags=24%, list=10%, signal=22%","RIPOR2/MYO1G/LGALS9/ANXA1/ADAM10/RHOA/RTN4/RPS19/ICAM2/P4HB/DUSP1/CCL3/CD69",0.321775918075361
"GO:0051146","striated muscle cell differentiation",74,0.34748232478158,1.43686311055791,0.0262945945891436,0.232611947102663,0.132404150733211,470,"tags=31%, list=18%, signal=26%","NACA/YY1/RPL39/ITGB1/ARRB2/CD81/RPL41/RPL31/CD53/RPL15/RPL7/RPL23/RPL5/PLEKHO1/RPL4/RPL35A/RPL38/G6PD/RPL9/RPLP2/RPL21/UBA52/RPL12",0.352487857583619
"GO:1903039","positive regulation of leukocyte cell-cell adhesion",81,0.338727559329624,1.43567647965816,0.0238455104202536,0.227908115140682,0.129726700654334,363,"tags=26%, list=14%, signal=23%","HLA-DMA/NCK2/ARID1B/HLA-DRB1/CCR7/NKAP/CD81/HLA-DQB1/HLA-DMB/CD3E/HLA-DQA1/TNFRSF14/NCKAP1L/ETS1/HLA-DRB5/IL2RG/ITGB2/TYK2/ITGA4/LILRB4/SMARCA2",0.352487857583619
"GO:0040017","positive regulation of locomotion",119,-0.314224557614385,-1.43550632946723,0.0124250911752341,0.159037290833608,0.0905250039390322,521,"tags=30%, list=20%, signal=25%","VSIR/RAC2/DOCK8/C5AR1/PTPRC/PIK3CD/JAK2/RACK1/FGR/CX3CR1/CALR/CFL1/STK4/GPI/PPP3CA/MIEN1/RIPOR2/LGALS9/UBE2I/GRN/ANXA1/ADAM10/CCL3L1/CLEC7A/MALAT1/RHOA/ITGAX/IQSEC1/RTN4/ATP5F1B/HSPB1/IL16/XBP1/P4HB/RHOB/CCL3",0.380730400722792
"GO:0034612","response to tumor necrosis factor",60,-0.351468258850592,-1.43548004089593,0.0315317048279745,0.261634038267961,0.14892370349525,414,"tags=30%, list=16%, signal=26%","JAK2/GBP1/PTPN2/TNFRSF13C/CFL1/TNFRSF1B/NFKBIA/LIMS1/TMC8/ADAM10/GSTP1/NUB1/CASP1/ASAH1/ZFP36/TNFSF13B/CCL3/FOS",0.321775918075361
"GO:0050877","nervous system process",75,-0.335531869317589,-1.43544301205475,0.025225915628886,0.229323693495593,0.130532456559019,564,"tags=33%, list=21%, signal=27%","PICALM/DRAM2/AFF3/WDR1/C5AR1/TUBA1A/CHMP4B/AFF4/HSP90AA1/EGR1/GPI/PLCB2/RIPOR2/DNAJB6/TNFRSF1B/PPT1/PAFAH1B1/TPP1/DIAPH1/NDUFB9/ITGAX/LILRB2/CST7/CCL3/FOS",0.352487857583619
"GO:0050808","synapse organization",70,-0.339593482587275,-1.43421497278793,0.0201725899700824,0.20941500350108,0.119200307786063,655,"tags=39%, list=25%, signal=30%","PTK2B/VPS35/FNTA/ABHD17A/ACTB/LRRK2/ARF1/C5AR1/TUBA1A/CAPRIN1/CX3CR1/CFL1/EZR/C1QA/GRN/DBNL/PAFAH1B1/ADAM10/RHOA/RAP1B/WASF2/RTN4/DOCK10/ARF4/LILRB2/VCP/RHOB",0.352487857583619
"GO:0007005","mitochondrion organization",93,-0.314389951292398,-1.43261075275148,0.0218625287438106,0.215241061249037,0.122516535683422,569,"tags=30%, list=22%, signal=24%","ATP5F1D/NDUFS7/IFIT2/PPM1K/SSBP1/NDUFA13/MICOS13/YME1L1/SIVA1/RALBP1/TRABD/HSPD1/SLC25A5/MCL1/MT-ND1/NDUFS5/TOMM22/PARK7/TNFSF10/CHCHD10/PHB2/IFI6/PRELID1/CASP1/STAT2/UQCRFS1/COA3/BCL2A1",0.352487857583619
"GO:0001819","positive regulation of cytokine production",147,-0.301238086738822,-1.43223946061366,0.00686644832426789,0.124186155239689,0.0706875232426334,509,"tags=29%, list=19%, signal=25%","C5AR1/PTPRC/PSMA4/IRF1/PSMA2/PIK3CD/HSP90AA1/JAK2/FCGR2A/FGR/IRAK3/EGR1/HSPD1/ATF4/PSMA7/LILRB1/PSMA3/OAS2/PSMB3/IFNGR1/EIF2AK2/PSMA6/DDX21/PSMA1/LGALS9/PARK7/ANXA1/ADAM10/HLA-A/CLEC7A/HLA-E/RTN4/CASP1/HSPB1/IL16/IRF7/GAPDH/FCN1/XBP1/LILRB2/HMGB2/CCL3/CLEC12A",0.407017918923954
"GO:1901739","regulation of myoblast fusion",49,0.372530269178394,1.42624717455052,0.05,0.332614942528736,0.189326470696091,470,"tags=35%, list=18%, signal=29%","RPL39/RPL41/RPL31/CD53/RPL15/RPL7/RPL23/RPL5/PLEKHO1/RPL4/RPL35A/RPL38/RPL9/RPLP2/RPL21/UBA52/RPL12",0.282013350011725
"GO:0051236","establishment of RNA localization",52,-0.362748327900883,-1.42620940862925,0.0239229684575316,0.227908115140682,0.129726700654334,429,"tags=25%, list=16%, signal=21%","SMG7/SEC13/HNRNPA2B1/RTRAF/SRSF7/YBX1/POM121/YTHDC1/NEAT1/SRSF3/MX2/DDX39A/ZFP36",0.352487857583619
"GO:0002697","regulation of immune effector process",86,-0.320767062932153,-1.42154250822346,0.0336210770761752,0.263839977733375,0.150179337804343,392,"tags=29%, list=15%, signal=26%","FGR/TMBIM6/CX3CR1/IRAK3/HSPD1/GPI/LILRB1/S100A9/TNFRSF1B/DDX21/LGALS9/GRN/ANXA1/HLA-A/CLEC7A/HLA-C/PHB2/HLA-E/RTN4/RPS19/JUNB/FCN1/XBP1/BST2/CD69",0.321775918075361
"GO:0022900","electron transport chain",76,-0.328607536591882,-1.4164401344748,0.0347393481344413,0.268968531542581,0.153098542170479,662,"tags=34%, list=25%, signal=26%","MT-ND3/UQCRC1/NDUFB1/COX6B1/NDUFB3/MT-CYB/NDUFA11/NDUFS7/COX7A2/NDUFA13/NDUFA1/SDHB/NDUFS6/NDUFB8/MT-CO3/UQCR10/MT-ND1/NDUFS5/PARK7/ETFB/NDUFB9/NDUFA12/MT-ND4L/UQCRFS1/CYCS/COX7B",0.321775918075361
"GO:0022904","respiratory electron transport chain",76,-0.328607536591882,-1.4164401344748,0.0347393481344413,0.268968531542581,0.153098542170479,662,"tags=34%, list=25%, signal=26%","MT-ND3/UQCRC1/NDUFB1/COX6B1/NDUFB3/MT-CYB/NDUFA11/NDUFS7/COX7A2/NDUFA13/NDUFA1/SDHB/NDUFS6/NDUFB8/MT-CO3/UQCR10/MT-ND1/NDUFS5/PARK7/ETFB/NDUFB9/NDUFA12/MT-ND4L/UQCRFS1/CYCS/COX7B",0.321775918075361
"GO:0043068","positive regulation of programmed cell death",120,-0.308085400637558,-1.41640908767841,0.020676225454565,0.211794079324416,0.120554492374784,507,"tags=29%, list=19%, signal=25%","NDUFA13/DNAJA1/TSPO/CFLAR/PIK3CD/JAK2/RACK1/STK17B/PTPN2/HSPD1/STK4/ATF4/LILRB1/SAP18/S100A9/MCL1/TNFRSF1B/RNPS1/TMC8/LGALS9/TNFSF10/GRN/ANXA1/CTSD/PRELID1/DNM2/CASP1/RPS3/XBP1/GADD45B/BCL2A1/TXNIP/DUSP1/RHOB/CCL3",0.352487857583619
"GO:0007507","heart development",54,0.360361863480312,1.41379753390143,0.0351289454317175,0.271078362248086,0.154299470782413,327,"tags=19%, list=12%, signal=17%","MBD2/CRIP1/NACA/YY1/BASP1/ARRB2/ILK/PDCD4/CITED2/G6PD",0.321775918075361
"GO:0001816","cytokine production",208,-0.284840138649068,-1.41333848772192,0.00291022569375899,0.0962453211578866,0.0547834286616882,509,"tags=28%, list=19%, signal=25%","C5AR1/HLA-B/PTPRC/PSMA4/IRF1/TSPO/PSMA2/PIK3CD/HSP90AA1/CSK/JAK2/FCGR2A/GBP1/FGR/CX3CR1/SIGLEC1/IRAK3/EGR1/HSPD1/ATF4/PSMA7/CLEC4A/LILRB1/PSMA3/OAS2/PSMB3/IFNGR1/EIF2AK2/PSMA6/TNFRSF1B/NFKBIA/CUL3/KLF4/DDX21/PSMA1/LGALS9/PARK7/ANXA1/ADAM10/HLA-A/CLEC7A/GSTP1/HLA-E/RTN4/CASP1/HSPB1/IL16/IRF7/ZFP36/GAPDH/FCN1/XBP1/BST2/LILRB2/BANF1/HMGB2/JUN/CCL3/CLEC12A",0.431707695803346
"GO:0042127","regulation of cell population proliferation",248,-0.273009822573525,-1.41207508718754,0.00503670627611667,0.119725464515644,0.0681484706515814,540,"tags=28%, list=21%, signal=24%","RBX1/CELF1/RPS4X/RBM38/BCL7C/VSIR/RAC2/C5AR1/PTPRC/XRCC6/IRF1/TSPO/TPD52/PPP1CC/CFLAR/PIK3CD/CSK/RASAL3/JAK2/HGS/PTPN2/PLAAT4/ID2/TNFRSF13C/CX3CR1/CALR/EGR1/SLC25A5/TES/LILRB1/PPP3CA/EIF2AK2/IFI35/RIPOR2/TNFRSF1B/CUL3/KLF4/LGALS9/GRN/ANXA1/IFIT3/ADAM10/HLA-A/NEAT1/CCL3L1/CLEC7A/RHOA/TPD52L2/ITGAX/GSTP1/BTG2/RNF187/PHIP/HLA-E/RTN4/STAT2/ABI1/ZFP36/JUNB/NAMPT/XBP1/BST2/TNFSF13B/HCK/LILRB2/TXNIP/HMGB2/JUN/DUSP1",0.407017918923954
"GO:2000147","positive regulation of cell motility",117,-0.307495118549787,-1.41190009497756,0.020536050314395,0.211794079324416,0.120554492374784,521,"tags=30%, list=20%, signal=25%","VSIR/RAC2/DOCK8/C5AR1/PTPRC/PIK3CD/JAK2/RACK1/FGR/CX3CR1/CALR/CFL1/STK4/GPI/PPP3CA/MIEN1/RIPOR2/LGALS9/UBE2I/GRN/ANXA1/ADAM10/CCL3L1/CLEC7A/MALAT1/RHOA/ITGAX/IQSEC1/RTN4/ATP5F1B/HSPB1/XBP1/P4HB/RHOB/CCL3",0.352487857583619
"GO:0045088","regulation of innate immune response",145,-0.295351421381079,-1.40590229268284,0.0122630905079857,0.158598069977581,0.0902749967268021,398,"tags=23%, list=15%, signal=21%","PTPN2/FGR/ZNFX1/IRAK3/HSPD1/NONO/PARP14/LILRB1/S100A9/EIF2AK2/IFI35/CSNK1A1/NFKBIA/PPT1/LGALS9/GRN/HLA-A/CLEC7A/PARP9/HLA-C/PHB2/HLA-E/RTN4/RPS19/CASP1/STAT2/DDX39A/IRF7/NR1H2/PLSCR1/FCN1/HCK/BANF1/HMGB2",0.380730400722792
"GO:0051604","protein maturation",121,-0.304667359138138,-1.40459094948353,0.0183638046758884,0.202439084879436,0.115229572008356,725,"tags=37%, list=28%, signal=28%","TBCA/AIP/PDIA3/SNRNP70/CTSS/FNTA/ANXA2/FKBP8/SELENOF/LRRK2/ERP29/TBCB/PDCD5/CCT8/PFDN5/RBX1/PPIB/VSIR/PFDN2/DNAJA1/GZMB/TUBA1A/HSP90AA1/YME1L1/CIAO2A/PTGES3/CALR/HSPD1/TAPBP/ERP44/DNAJB6/GRN/HSPE1/PGK1/CFD/ADAM10/SEC11C/METAP2/CASP1/HSPB1/ENO1/HM13/COA3/P4HB/MAFB",0.352487857583619
"GO:0001817","regulation of cytokine production",207,-0.276524182584791,-1.39919114338726,0.018642194483565,0.203569246365344,0.115872866876039,521,"tags=29%, list=20%, signal=25%","VSIR/C5AR1/HLA-B/PTPRC/PSMA4/IRF1/TSPO/PSMA2/PIK3CD/HSP90AA1/CSK/JAK2/FCGR2A/GBP1/FGR/CX3CR1/SIGLEC1/IRAK3/EGR1/HSPD1/ATF4/PSMA7/CLEC4A/LILRB1/PSMA3/OAS2/PSMB3/IFNGR1/EIF2AK2/PSMA6/TNFRSF1B/NFKBIA/CUL3/KLF4/DDX21/PSMA1/LGALS9/PARK7/ANXA1/ADAM10/HLA-A/CLEC7A/GSTP1/HLA-E/RTN4/CASP1/HSPB1/IL16/IRF7/ZFP36/GAPDH/FCN1/XBP1/BST2/LILRB2/BANF1/HMGB2/CCL3/CLEC12A",0.352487857583619
"GO:2000026","regulation of multicellular organismal development",232,-0.274637168558676,-1.39088445261332,0.00631630442135485,0.119725464515644,0.0681484706515814,509,"tags=26%, list=19%, signal=23%","C5AR1/HLA-B/ZBTB16/PSMA4/XRCC6/IRF1/TSPO/PPP1CC/PSMA2/CAPRIN1/PIK3CD/ADD1/ZEB2/HGS/RACK1/PTPN2/SEPTIN7/ID2/CX3CR1/GOLGA4/CFL1/PSMA7/LILRB1/RGS2/PPP3CA/PSMA3/NCOA3/OAS2/PSMB3/PSMA6/TNFRSF1B/KLF4/PSMA1/LGALS9/GRN/PAFAH1B1/ANXA1/SPEN/PGK1/ADAM10/RHOA/ITGAX/PRELID1/RTN4/PKM/RXRA/HSPB1/IRF7/ZFP36/JUNB/XBP1/GLUL/CUX1/LILRB2/HMGB2/CST7/RHOB/MAFB/CCL3/CD69/CLEC12A",0.407017918923954
"GO:1902600","proton transmembrane transport",88,-0.312985850452968,-1.38485568982715,0.0375937498370019,0.281648967225435,0.160316324139238,630,"tags=32%, list=24%, signal=25%","UQCRC1/NDUFB1/COX6B1/NDUFB3/MT-CYB/ATP5F1D/NDUFS7/NDUFA1/NDUFS6/NDUFB8/MT-CO3/SLC25A5/ATP6V0B/UQCR10/MT-ND1/NDUFS5/ATP6V1F/ATP5F1C/NDUFB9/NDUFA12/ATP5PB/MT-ND4L/ATP5F1B/ATP5PO/ATP5MC3/UQCRFS1/COX7B/MT-ATP8",0.321775918075361
"GO:1902105","regulation of leukocyte differentiation",95,-0.311013730745781,-1.38290117545443,0.0387291638808891,0.285535077656873,0.162528322094368,521,"tags=29%, list=20%, signal=25%","VSIR/HLA-B/ZBTB16/PSMA4/XRCC6/IRF1/PSMA2/PTPN2/ID2/PSMA7/LILRB1/PPP3CA/PSMA3/PSMB3/PSMA6/PSMA1/LGALS9/ANXA1/RHOA/PRELID1/IRF7/JUNB/XBP1/LILRB2/MAFB/CCL3/CD69/CLEC12A",0.321775918075361
"GO:0008283","cell population proliferation",289,-0.267115662883465,-1.38141278819371,0.00641294064792218,0.119725464515644,0.0681484706515814,540,"tags=27%, list=21%, signal=24%","RBX1/CELF1/RPS4X/RBM38/BCL7C/VSIR/RAC2/DOCK8/C5AR1/PTPRC/XRCC6/IRF1/TSPO/TPD52/PPP1CC/CFLAR/PIK3CD/AKNA/ZEB2/CSK/YME1L1/RASAL3/RAB10/JAK2/HGS/PTPN2/PLAAT4/ID2/TNFRSF13C/CX3CR1/CALR/EGR1/HSPD1/SLC25A5/TES/LILRB1/PPP3CA/EIF2AK2/IFI35/RIPOR2/TNFRSF1B/CUL3/KLF4/LGALS9/GRN/PAFAH1B1/ANXA1/IFIT3/ADAM10/HLA-A/NEAT1/CCL3L1/CLEC7A/RHOA/TPD52L2/ITGAX/GSTP1/BTG2/RNF187/PHIP/HLA-E/RTN4/STAT2/ABI1/ZFP36/UBE2L3/JUNB/NAMPT/XBP1/BST2/GLUL/TNFSF13B/HCK/LILRB2/TXNIP/HMGB2/JUN/DUSP1/FOS",0.407017918923954
"GO:1903706","regulation of hemopoiesis",113,-0.304809795675289,-1.37907306332827,0.0244286004318634,0.229323693495593,0.130532456559019,521,"tags=27%, list=20%, signal=23%","VSIR/HLA-B/ZBTB16/PSMA4/XRCC6/IRF1/PSMA2/PTPN2/ID2/PSMA7/LILRB1/PPP3CA/PSMA3/PSMB3/PSMA6/PSMA1/LGALS9/ANXA1/RHOA/PRELID1/IRF7/ZFP36/JUNB/XBP1/GLUL/LILRB2/HMGB2/MAFB/CCL3/CD69/CLEC12A",0.352487857583619
"GO:0010628","positive regulation of gene expression",287,-0.26203811344268,-1.37686000381469,0.00630100494714365,0.119725464515644,0.0681484706515814,544,"tags=28%, list=21%, signal=25%","ELOC/CELF1/RPS4X/RBM38/VSIR/PCIF1/C5AR1/PTPRC/PSMA4/IRF1/PSMA2/PIK3CD/HSP90AA1/TAF15/CIRBP/JAK2/THRAP3/HGS/FCGR2A/FGR/ID2/SLIRP/CALR/IRAK3/EGR1/HSPD1/ATF4/PSMA7/GPI/LILRB1/HNRNPC/RBM3/EZR/PPP3CA/PSMA3/OAS2/PSMB3/IFNGR1/EIF2AK2/YBX1/PSMA6/KLF4/BLNK/DDX21/APOBEC3A/PSMA1/LGALS9/PARK7/ANXA1/ADAM10/HLA-A/CLEC7A/ITGAX/PHB2/HLA-E/RTN4/CASP1/WBP2/PKM/TRA2B/ARID5B/RPS3/HSPB1/IL16/IRF7/ZFP36/NR1H2/ENO1/GAPDH/NAMPT/PLSCR1/FCN1/XBP1/PPP1R15A/COA3/LILRB2/HMGB2/CCL3/CLEC12A",0.407017918923954
"GO:0031349","positive regulation of defense response",149,-0.285023777480849,-1.36924319877153,0.0199998054735506,0.208556530050765,0.118711659418979,364,"tags=21%, list=14%, signal=19%","ZNFX1/IRAK3/HSPD1/NONO/S100A9/EIF2AK2/IFI35/CSNK1A1/NFKBIA/PPT1/PARK7/GRN/NEAT1/CLEC7A/PARP9/HLA-C/PHB2/HLA-E/RTN4/RPS19/CASP1/IL16/IRF7/MAP3K8/PLSCR1/FCN1/HCK/NKG7/BANF1/HMGB2/CCL3",0.352487857583619
"GO:0050867","positive regulation of cell activation",106,0.308285412897556,1.36848363855899,0.040815587598188,0.290732570122478,0.165486766767663,383,"tags=26%, list=15%, signal=24%","HLA-DMA/NCK2/ARID1B/HLA-DRB1/CCR7/NKAP/JUND/CD81/HLA-DQB1/HLA-DMB/IL4R/TLR4/CD3E/HLA-DQA1/TNFRSF14/NCKAP1L/HLA-DRB5/BTK/IL2RG/LILRA2/TYK2/FLT3LG/CD74/LILRB4/INPP5D/SMARCA2/PTPRJ/TYROBP",0.321775918075361
"GO:0040011","locomotion",212,-0.271969816013131,-1.36688389224577,0.0098524406722502,0.139301744515583,0.0792914096114774,534,"tags=27%, list=20%, signal=23%","PPIB/WDR1/VSIR/RAC2/DOCK8/C5AR1/PTPRC/PIK3CD/BIN2/ZEB2/RALBP1/LYST/JAK2/RACK1/PTPN2/FGR/TYMP/EVL/CX3CR1/CALR/CFL1/STK4/GPI/PLCB2/PPP3CA/S100A9/MIEN1/RIPOR2/KLF4/LGALS9/UBE2I/GRN/ANXA1/ADAM10/CCL3L1/CLEC7A/MALAT1/RHOA/ITGAX/IQSEC1/GSTP1/RTN4/RPS19/ATP5F1B/HSPB1/DOCK10/IL16/XBP1/BST2/GLUL/P4HB/HMGB2/DUSP1/RNASE2/RHOB/CCL3/CD69",0.380730400722792
"GO:0060429","epithelium development",106,-0.300856519569332,-1.36511639201191,0.0257968725669883,0.230578223909568,0.131246542985362,493,"tags=28%, list=19%, signal=24%","EDF1/CTSB/RILPL2/PIK3CD/ADD1/ZEB2/RAB10/JAK2/ID2/ATF4/DNPH1/EZR/PPP3CA/NCOA3/LTA4H/CAT/KLF4/PAFAH1B1/ANXA1/PGK1/TPP1/RHOA/RAP1B/ITGAX/RTN4/ASAH1/ZFP36/TXNIP/RHOB/MAFB",0.352487857583619
"GO:0071396","cellular response to lipid",127,-0.290457686665135,-1.36359888733995,0.0308654504037862,0.257954937490126,0.146829536707952,507,"tags=26%, list=19%, signal=22%","NDUFA13/CHMP5/TSPO/CFLAR/CBX3/JAK2/NCOR2/SAFB2/CX3CR1/ZBTB7A/CALR/IRAK3/LILRB1/NCOA3/TNFRSF1B/KLF4/MGST1/PARK7/ANXA1/RHOA/FBP1/GSTP1/BTG2/CASP1/WBP2/RXRA/ZFP36/UBE2L3/XBP1/HCK/LILRB2/HMGB2/FOS",0.352487857583619
"GO:0045785","positive regulation of cell adhesion",112,0.308883005353719,1.3632098213715,0.0324618991839102,0.263641480166318,0.150066351768517,542,"tags=29%, list=21%, signal=24%","HLA-DMA/NCK2/ARID1B/HLA-DRB1/IL6R/CCR7/NKAP/CD81/HLA-DQB1/HLA-DMB/ILK/CD3E/HLA-DQA1/TNFRSF14/NCKAP1L/ETS1/HLA-DRB5/IL2RG/ITGB2/TYK2/CITED2/MYADM/ITGA4/LILRB4/SMARCA2/PTPRJ/RHOH/ATM/TGFBR2/CD44/SYK/JAK1/BRD2",0.321775918075361
"GO:0002696","positive regulation of leukocyte activation",99,0.306179186236265,1.36233901200152,0.029352054554409,0.252253592766231,0.143584296230809,383,"tags=26%, list=15%, signal=23%","HLA-DMA/NCK2/ARID1B/HLA-DRB1/CCR7/NKAP/JUND/CD81/HLA-DQB1/HLA-DMB/IL4R/TLR4/CD3E/HLA-DQA1/TNFRSF14/NCKAP1L/HLA-DRB5/BTK/IL2RG/TYK2/FLT3LG/CD74/LILRB4/INPP5D/SMARCA2/TYROBP",0.352487857583619
"GO:0051241","negative regulation of multicellular organismal process",200,-0.275479635073166,-1.35863037231104,0.0142969566397635,0.175118807518797,0.0996787021291974,502,"tags=26%, list=19%, signal=23%","PTPRC/PSMA4/IRF1/TSPO/PSMA2/CSK/BANK1/JAK2/HGS/GBP1/PTPN2/FGR/GRK2/ID2/EVL/CX3CR1/CALR/SIGLEC1/IRAK3/ATF4/PSMA7/CLEC4A/LILRB1/RGS2/PSMA3/PSMB3/IFNGR1/PSMA6/RIPOR2/TNFRSF1B/NFKBIA/CUL3/KLF4/PSMA1/LGALS9/GRN/ANXA1/PGK1/GSTP1/HLA-E/RTN4/RPS19/SRI/ZFP36/NR1H2/BST2/LILRB2/BANF1/CST7/MAFB/CCL3/CD69/CLEC12A",0.380730400722792
"GO:0019646","aerobic electron transport chain",67,-0.333791277623495,-1.35854919247701,0.0342542766094251,0.266998822730031,0.151977371801692,662,"tags=34%, list=25%, signal=26%","MT-ND3/UQCRC1/NDUFB1/COX6B1/NDUFB3/MT-CYB/NDUFA11/NDUFS7/COX7A2/NDUFA1/SDHB/NDUFS6/NDUFB8/MT-CO3/UQCR10/MT-ND1/NDUFS5/PARK7/NDUFB9/MT-ND4L/UQCRFS1/CYCS/COX7B",0.321775918075361
"GO:0016477","cell migration",236,-0.266885607627772,-1.35708717252021,0.0101091546775888,0.139301744515583,0.0792914096114774,523,"tags=28%, list=20%, signal=24%","WDR1/VSIR/RAC2/DOCK8/C5AR1/PTPRC/TSPO/TUBA1A/PIK3CD/BIN2/ZEB2/HSP90AA1/LYST/JAK2/ARPC5/RACK1/ARPC5L/FGR/EVL/CX3CR1/CALR/STK4/SELPLG/GPI/PLCB2/PPP3CA/S100A9/MIEN1/RIPOR2/MYO1G/CUL3/KLF4/LGALS9/UBE2I/GRN/PAFAH1B1/ANXA1/ADAM10/CCL3L1/CLEC7A/RHOA/PARP9/ITGAX/IQSEC1/GSTP1/PHB2/RTN4/RPS19/ABI1/ATP5F1B/HSPB1/DOCK10/IL16/ARF4/XBP1/ICAM2/BST2/GLUL/HCK/P4HB/HMGB2/DUSP1/RHOB/CCL3/CD69",0.380730400722792
"GO:0070201","regulation of establishment of protein localization",94,0.312881975025778,1.35677356780346,0.0464285714285714,0.31642915723732,0.180113422174064,284,"tags=21%, list=11%, signal=20%","DYNLL1/HLA-DRB1/IL6R/GNAS/CD81/PTPN1/TLR4/SPIDR/UBE2G2/GDI1/TRIM28/CAMK1/USP7/HCLS1/RAB11FIP1/ERLEC1/TARDBP/ITGB2/PSMD9/ARF6",0.282013350011725
"GO:0033993","response to lipid",175,-0.274062115323196,-1.355121908536,0.0194759134080855,0.207687030731205,0.118216735059317,414,"tags=22%, list=16%, signal=20%","JAK2/NCOR2/SAFB2/CX3CR1/ZBTB7A/CALR/IRAK3/NASP/GPI/LILRB1/NCOA3/CAT/TNFRSF1B/KLF4/MGST1/LGALS9/PARK7/ANXA1/RHOA/FBP1/GSTP1/BTG2/CASP1/WBP2/FOSB/RXRA/ZFP36/UBE2L3/JUNB/XBP1/HCK/LILRB2/TXNIP/HMGB2/JUN/DUSP1/CCL3/FOS",0.352487857583619
"GO:0002768","immune response-regulating cell surface receptor signaling pathway",124,0.293477503527571,1.35115636670117,0.0385024555770841,0.285535077656873,0.162528322094368,385,"tags=24%, list=15%, signal=22%","IGKC/HLA-DRB1/IGHM/CCR7/CD81/HLA-DQB1/BTN3A2/TLR4/CD3E/PRKCB/IGLC3/NINJ1/EIF2B5/TNFRSF14/NCKAP1L/CD79A/DGKZ/BTK/LILRA2/BAX/FCER2/PLCG2/LILRB4/INPP5D/TAX1BP1/LY96/PTPRJ/PRAM1/TYROBP/CD79B",0.321775918075361
"GO:0032103","positive regulation of response to external stimulus",172,-0.275862154715659,-1.35097880548373,0.020769527011975,0.211812577236662,0.120565021500187,369,"tags=22%, list=14%, signal=20%","CX3CR1/ZNFX1/CALR/IRAK3/HSPD1/NONO/S100A9/EIF2AK2/IFI35/RIPOR2/CSNK1A1/NFKBIA/PPT1/LGALS9/PARK7/GRN/ADAM10/NEAT1/CLEC7A/PARP9/HLA-C/PHB2/HLA-E/RTN4/RPS19/CASP1/HSPB1/IL16/IRF7/MAP3K8/PLSCR1/FCN1/HCK/NKG7/BANF1/HMGB2/CCL3",0.352487857583619
"GO:0030335","positive regulation of cell migration",113,-0.298289110320281,-1.34957105369762,0.0352855881632573,0.27138251361442,0.154472595610503,521,"tags=29%, list=20%, signal=24%","VSIR/RAC2/DOCK8/C5AR1/PTPRC/PIK3CD/JAK2/RACK1/FGR/CX3CR1/CALR/STK4/GPI/PPP3CA/MIEN1/RIPOR2/LGALS9/UBE2I/GRN/ANXA1/ADAM10/CCL3L1/CLEC7A/RHOA/ITGAX/IQSEC1/RTN4/ATP5F1B/HSPB1/XBP1/P4HB/RHOB/CCL3",0.321775918075361
"GO:0048871","multicellular organismal-level homeostasis",138,-0.279132787382145,-1.32896717561,0.0405763522057721,0.289920541223341,0.16502455492472,496,"tags=29%, list=19%, signal=25%","PSMA4/TUBA1A/RAB7A/SELENOW/PSMA2/CHMP4B/PIK3CD/ZEB2/CSK/SIVA1/JAK2/OCIAD1/PTPN2/ID2/CX3CR1/ZBTB7A/ARAP1/EGR1/ATF4/SLC25A5/PSMA7/PSMA3/PSMB3/PSMA6/PTBP3/PLAC8/DYNC1H1/PSMA1/LGALS9/ANXA1/TPP1/RPS19/HSPB1/DOCK10/ZFP36/NR1H2/GLUL/TNFSF13B/HMGB2/MAFB",0.321775918075361
"GO:0045596","negative regulation of cell differentiation",98,-0.296617183956919,-1.32824632073689,0.0446749639812419,0.309648328193338,0.176253732583661,790,"tags=42%, list=30%, signal=30%","PSMB10/PSMA5/DYNLT1/SDHAF2/STAT1/YTHDF2/SMARCC1/TMEM176B/PTK2B/SRA1/ACTB/TMSB4X/HNRNPU/RBX1/BCL7C/ZBTB16/PSMA4/IRF1/TSPO/PSMA2/PTPN2/ID2/CALR/CFL1/PSMA7/LILRB1/RGS2/PSMA3/PSMB3/PSMA6/NFKBIA/PSMA1/ANXA1/RTN4/ZFP36/NR1H2/XBP1/MAFB/CCL3/CD69/CLEC12A",0.321775918075361
"GO:0019637","organophosphate metabolic process",209,-0.264807365275019,-1.32397625697136,0.0168302004025893,0.193840367820867,0.110335129380985,486,"tags=24%, list=19%, signal=22%","HK3/TSPO/AK2/LDHB/PIK3CD/NDUFA1/SDHB/NAAA/NDUFS6/TYMP/NDUFB8/PLAAT4/ZBTB7A/APRT/UPP1/PARP14/GPI/DNPH1/PLCB2/PPCS/MT-ND1/NDUFS5/ATP5F1C/ABHD14B/NUDT16/PPT1/PAFAH1B1/MDH2/PGK1/IMPDH1/FBP1/NDUFB9/PHB2/NDUFA12/PKM/TPI1/ATP5PB/MT-ND4L/ATP5F1B/ATP5PO/NR1H2/ATP5MC3/GIMAP7/ENO1/GAPDH/NAMPT/PLSCR1/XBP1/MT-ATP8/ALDOA/VCP",0.352487857583619
"GO:0002831","regulation of response to biotic stimulus",162,-0.272242509638842,-1.322211349416,0.0399909481842299,0.289920541223341,0.16502455492472,398,"tags=22%, list=15%, signal=20%","PTPN2/FGR/ZNFX1/IRAK3/HSPD1/NONO/PARP14/LILRB1/S100A9/EIF2AK2/IFI35/CSNK1A1/NFKBIA/PPT1/LGALS9/GRN/HLA-A/CLEC7A/PARP9/HLA-C/PHB2/HLA-E/RTN4/RPS19/CASP1/STAT2/DDX39A/IRF7/NR1H2/PLSCR1/FCN1/HCK/TRIM22/BANF1/HMGB2",0.321775918075361
"GO:0012501","programmed cell death",421,-0.243600290033852,-1.31332433052818,0.00641294064792218,0.119725464515644,0.0681484706515814,499,"tags=24%, list=19%, signal=24%","DNAJA1/ZBTB16/PSMA4/IRF1/GZMB/TSPO/TUBA1A/CTSB/PSMA2/ATOX1/SOCS3/CTSC/CFLAR/PIK3CD/ZEB2/HSP90AA1/YME1L1/SIVA1/JAK2/RACK1/STK17B/PTPN2/TMBIM6/CX3CR1/ZBTB7A/CALR/CFL1/EGR1/HSPD1/STK4/NONO/ATF4/SLC25A5/PSMA7/GPI/LILRB1/IFI27/SAP18/S100A9/PSMA3/MCL1/ARHGDIA/PSMB3/PSMA6/CAT/MIEN1/TNFRSF1B/CHMP3/CUL3/EPC1/KLF4/RNPS1/PPT1/TMC8/PSMA1/LGALS9/PARK7/TNFSF10/GRN/ANXA1/HSPE1/CTSD/IFIT3/CLEC7A/ALKBH7/TOP1/PUF60/GSTP1/BTG2/PHB2/PHIP/IFI6/PRELID1/RTN4/DNM2/CASP1/PKM/PSMB7/IFI27L2/SLTM/RPS3/HSPB1/ASAH1/IRF7/ZFP36/ARF4/ENO1/GAPDH/PLSCR1/XBP1/CYCS/PPP1R15A/GADD45B/HCK/BCL2A1/P4HB/NKG7/CCNL1/VCP/TXNIP/DUSP1/RHOB/CCL3",0.407017918923954
"GO:0009725","response to hormone",164,-0.27217765546015,-1.31171709991888,0.027554461686937,0.240711618133053,0.137014533292469,483,"tags=28%, list=18%, signal=24%","TSPO/CTSB/CFLAR/HSP90AA1/CBX3/CSK/RAB10/JAK2/NCOR2/PTPN2/SAFB2/ZBTB7A/CALR/CFL1/EGR1/NONO/GPI/PPP3CA/NCOA3/LTA4H/CAT/CUL3/KLF4/PARK7/VAMP2/ANXA1/CTSD/TOP1/FBP1/GSTP1/BTG2/PHIP/WBP2/PKM/STAT2/FOSB/RXRA/ZFP36/NR1H2/UBE2L3/JUNB/XBP1/TXNIP/JUN/DUSP1/FOS",0.352487857583619
"GO:0008219","cell death",422,-0.24327036883755,-1.30996859609395,0.00902221671504498,0.135923268629398,0.0773683603611926,499,"tags=24%, list=19%, signal=24%","DNAJA1/ZBTB16/PSMA4/IRF1/GZMB/TSPO/TUBA1A/CTSB/PSMA2/ATOX1/SOCS3/CTSC/CFLAR/PIK3CD/ZEB2/HSP90AA1/YME1L1/SIVA1/JAK2/RACK1/STK17B/PTPN2/TMBIM6/CX3CR1/ZBTB7A/CALR/CFL1/EGR1/HSPD1/STK4/NONO/ATF4/SLC25A5/PSMA7/GPI/LILRB1/IFI27/SAP18/S100A9/PSMA3/MCL1/ARHGDIA/PSMB3/PSMA6/CAT/MIEN1/TNFRSF1B/CHMP3/CUL3/EPC1/KLF4/RNPS1/PPT1/TMC8/PSMA1/LGALS9/PARK7/TNFSF10/GRN/ANXA1/HSPE1/CTSD/IFIT3/CLEC7A/ALKBH7/TOP1/PUF60/GSTP1/BTG2/PHB2/PHIP/IFI6/PRELID1/RTN4/DNM2/CASP1/PKM/PSMB7/IFI27L2/SLTM/RPS3/HSPB1/ASAH1/IRF7/ZFP36/ARF4/ENO1/GAPDH/PLSCR1/XBP1/CYCS/PPP1R15A/GADD45B/HCK/BCL2A1/P4HB/NKG7/CCNL1/VCP/TXNIP/DUSP1/RHOB/CCL3",0.380730400722792
"GO:0002250","adaptive immune response",172,0.273545814583575,1.30898586135854,0.0336065339451986,0.263839977733375,0.150179337804343,542,"tags=30%, list=21%, signal=26%","IGKC/IGLV1-44/IGHV4-34/HLA-DMA/IGHV1-18/CARD9/HLA-DRB1/IL6R/IGHM/IGHV3-20/CD81/HLA-DQB1/HLA-DMB/BTN3A2/TLR4/CD3E/PRKCB/IGKV3-20/IGLC3/BACH2/IGHV1-69/HLA-DQA1/TNFRSF14/NCKAP1L/HLA-DRB5/CD79A/BTK/IGHV3-11/HLA-F/IGHV3-48/IGHV1-3/IL2RG/IGKV1-5/FCER2/CD74/LILRB4/CD79B/LAT2/ORAI1/SLC11A1/IGLC1/IGKV1-8/AKIRIN2/FCMR/IGHV3-15/SYK/IGLV4-69/JAK1/PSMB4/STX7/IGKV2-29/BRD2",0.321775918075361
"GO:0006915","apoptotic process",404,-0.236841416126381,-1.27454535058466,0.011250406912154,0.149682137940439,0.0851999933829209,499,"tags=24%, list=19%, signal=23%","DNAJA1/ZBTB16/PSMA4/IRF1/GZMB/TSPO/TUBA1A/CTSB/PSMA2/ATOX1/SOCS3/CTSC/CFLAR/PIK3CD/ZEB2/HSP90AA1/YME1L1/SIVA1/JAK2/RACK1/STK17B/PTPN2/TMBIM6/CX3CR1/ZBTB7A/CALR/CFL1/EGR1/HSPD1/STK4/NONO/ATF4/SLC25A5/PSMA7/GPI/LILRB1/IFI27/SAP18/S100A9/PSMA3/MCL1/ARHGDIA/PSMB3/PSMA6/CAT/MIEN1/TNFRSF1B/CHMP3/CUL3/EPC1/KLF4/RNPS1/PPT1/TMC8/PSMA1/LGALS9/PARK7/TNFSF10/GRN/ANXA1/HSPE1/CTSD/IFIT3/CLEC7A/PUF60/GSTP1/BTG2/PHB2/PHIP/IFI6/PRELID1/RTN4/DNM2/CASP1/PSMB7/IFI27L2/SLTM/RPS3/HSPB1/IRF7/ZFP36/ARF4/ENO1/GAPDH/PLSCR1/XBP1/CYCS/PPP1R15A/GADD45B/HCK/BCL2A1/P4HB/CCNL1/VCP/TXNIP/DUSP1/RHOB/CCL3",0.380730400722792
"GO:0042981","regulation of apoptotic process",293,-0.244797465864657,-1.27335083351719,0.0255502657250296,0.23015122627799,0.131003493307655,483,"tags=24%, list=18%, signal=22%","TSPO/CTSB/ATOX1/SOCS3/CFLAR/PIK3CD/ZEB2/HSP90AA1/YME1L1/JAK2/RACK1/STK17B/PTPN2/TMBIM6/CX3CR1/ZBTB7A/CALR/CFL1/EGR1/HSPD1/STK4/NONO/ATF4/SLC25A5/GPI/LILRB1/SAP18/S100A9/MCL1/ARHGDIA/CAT/MIEN1/TNFRSF1B/EPC1/KLF4/RNPS1/PPT1/TMC8/LGALS9/PARK7/TNFSF10/GRN/ANXA1/CTSD/IFIT3/GSTP1/BTG2/PHB2/PHIP/IFI6/PRELID1/RTN4/DNM2/CASP1/RPS3/HSPB1/IRF7/ZFP36/ARF4/ENO1/XBP1/GADD45B/HCK/BCL2A1/P4HB/CCNL1/VCP/TXNIP/DUSP1/RHOB/CCL3",0.352487857583619
"GO:0043067","regulation of programmed cell death",303,-0.241114710138146,-1.26079922872726,0.0379576292503315,0.28345777972425,0.161345911336818,483,"tags=24%, list=18%, signal=22%","TSPO/CTSB/ATOX1/SOCS3/CFLAR/PIK3CD/ZEB2/HSP90AA1/YME1L1/JAK2/RACK1/STK17B/PTPN2/TMBIM6/CX3CR1/ZBTB7A/CALR/CFL1/EGR1/HSPD1/STK4/NONO/ATF4/SLC25A5/GPI/LILRB1/SAP18/S100A9/MCL1/ARHGDIA/CAT/MIEN1/TNFRSF1B/EPC1/KLF4/RNPS1/PPT1/TMC8/LGALS9/PARK7/TNFSF10/GRN/ANXA1/CTSD/IFIT3/GSTP1/BTG2/PHB2/PHIP/IFI6/PRELID1/RTN4/DNM2/CASP1/RPS3/HSPB1/ASAH1/IRF7/ZFP36/ARF4/ENO1/XBP1/GADD45B/HCK/BCL2A1/P4HB/CCNL1/VCP/TXNIP/DUSP1/RHOB/CCL3",0.321775918075361
"GO:0080134","regulation of response to stress",320,-0.237690658309874,-1.25033637730291,0.0325891606835347,0.263641480166318,0.150066351768517,403,"tags=20%, list=15%, signal=19%","RACK1/GBP1/PTPN2/FGR/TMBIM6/ZNFX1/IRAK3/HSPD1/NONO/PARP14/ACTR2/PPP4R3A/LILRB1/PPP3CA/S100A9/EIF2AK2/IFI35/PSMA6/UBE2V1/DNAJB6/TNFRSF1B/CSNK1A1/NFKBIA/EPC1/KLF4/PPT1/PSMA1/LGALS9/PARK7/GRN/ANXA1/HLA-A/NEAT1/CLEC7A/PARP9/HLA-C/DEK/GSTP1/PHB2/HLA-E/RTN4/RPS19/CASP1/STAT2/RPS3/DDX39A/IL16/IRF7/NR1H2/MAP3K8/ENO1/PLSCR1/FCN1/XBP1/PPP1R15A/HCK/NKG7/TRIM22/BANF1/HMGB2/CST7/CCL3/CD69/CLEC12A",0.321775918075361
"GO:0002682","regulation of immune system process",389,-0.232438301997216,-1.2478333565116,0.0314358597325571,0.261634038267961,0.14892370349525,521,"tags=26%, list=20%, signal=24%","VSIR/RAC2/DOCK8/C5AR1/HLA-B/PTPRC/ZBTB16/PSMA4/XRCC6/IRF1/LCP2/PSMA2/PIK3CD/HSP90AA1/CSK/SIVA1/RASAL3/UBE2N/BANK1/JAK2/FCGR2A/GBP1/PTPN2/FGR/TMBIM6/ID2/TNFRSF13C/CX3CR1/ZNFX1/CALR/IRAK3/HSPD1/NONO/PARP14/PSMA7/GPI/LILRB1/CD72/EZR/PPP3CA/S100A9/PSMA3/PSMB3/EIF2AK2/IFI35/PSMA6/RIPOR2/TNFRSF1B/CSNK1A1/MYO1G/NFKBIA/BLNK/DDX21/C1QA/PPT1/PSMA1/LGALS9/PARK7/GRN/ANXA1/CFD/SPG21/ADAM10/HLA-A/CLEC7A/RHOA/PARP9/HLA-C/PHB2/PRELID1/HLA-E/RTN4/RPS19/CASP1/STAT2/CLEC2D/DDX39A/IL16/IRF7/ZFP36/NR1H2/MAP3K8/JUNB/PLSCR1/FCN1/XBP1/BST2/GLUL/TNFSF13B/HCK/P4HB/LILRB2/BANF1/HMGB2/CST7/DUSP1/MAFB/CCL3/CD69/CLEC12A",0.321775918075361
"GO:0048585","negative regulation of response to stimulus",306,-0.238604887027563,-1.24719788990431,0.0247042304361213,0.229323693495593,0.130532456559019,441,"tags=23%, list=17%, signal=21%","CSK/SIVA1/RASAL3/UBE2N/PTPN18/BANK1/NCOR2/HGS/RACK1/SEC13/GBP1/PTPN2/FGR/GRK2/TMBIM6/CX3CR1/ZBTB7A/CALR/IRAK3/EGR1/STK4/NONO/ATF4/PARP14/SLC25A5/LILRB1/CD72/RGS2/EZR/PEBP1/PPP3CA/MCL1/IFI35/RIPOR2/TNFRSF1B/CSNK1A1/NFKBIA/CUL3/KLF4/PPT1/TMC8/PSMA1/LGALS9/PARK7/GRN/ANXA1/HLA-A/FBP1/GSTP1/PHIP/IFI6/PRELID1/HLA-E/RPS19/STAT2/RPS3/HSPB1/DDX39A/NR1H2/ENO1/XBP1/PPP1R15A/HCK/VCP/BANF1/CST7/DUSP1/CD69/CLEC12A",0.352487857583619
"GO:0051246","regulation of protein metabolic process",369,-0.233329118116571,-1.24490937416317,0.0297087233487475,0.252253592766231,0.143584296230809,723,"tags=34%, list=28%, signal=29%","EIF3K/YTHDF2/TMX1/DDX3X/HERC5/RPS6KA1/SERPINB1/RB1CC1/SECISBP2L/CST3/SNRNP70/EIF1/PTK2B/ARL2BP/VPS35/EGLN2/ANXA2/SNF8/EIF1B/FKBP8/LRRK2/PA2G4/EIF5/HNRNPU/MYDGF/SERBP1/EEF1A1/PICALM/TADA3/PFDN5/NCL/WNK1/TMEM259/RBX1/CELF1/RPS4X/SELENOT/VSIR/PSME2/PCIF1/NDUFA13/GSPT1/PFDN2/PTPRC/DNAJA1/PSMA4/MRPL4/TNRC6B/GZMB/TSPO/RAB7A/LCP2/PSMA2/CAPRIN1/CTSC/HSP90AA1/UBE2N/RALBP1/RPL13A/ODC1/BANK1/CIRBP/JAK2/HGS/RACK1/PTPN2/FGR/OAZ1/CALR/CFL1/IRAK3/EGR1/RTRAF/STK4/ATF4/PARP14/PSMA7/PSMD7/PSMD8/RBM3/RGS2/EZR/PSMA3/PSMB3/IFNGR1/EIF2AK2/YBX1/PSMA6/UBE2V1/TNFRSF1B/CSNK1A1/CUL3/KLF4/PSMA1/PARK7/GRN/COPS6/ADAM10/BZW1/RHOA/PARP9/PSMD2/RPL10/BTG2/PHIP/NUB1/PRELID1/METAP2/RTN4/PKM/PSMB7/STAT2/ABI1/RPS3/HSPB1/ZFP36/NR1H2/UBE2L3/ENO1/GAPDH/XBP1/PPP1R15A/SUMO2/COA3/LILRB2/VCP/CTSA",0.352487857583619
"GO:0009890","negative regulation of biosynthetic process",447,-0.229139562077457,-1.24423716891418,0.0164498609840304,0.19136396069362,0.108925543215541,613,"tags=29%, list=23%, signal=27%","BRD7/SNRPG/LRRK2/ERP29/ACADVL/PA2G4/KLF3/HNRNPU/SERBP1/SRSF10/PARP15/PICALM/TADA3/PFDN5/NCL/ATRX/ELOC/RBX1/CELF1/RBM38/VSIR/CIITA/PCIF1/NDUFA13/GSPT1/PTPRC/ZBTB16/TNRC6B/XRCC6/IRF1/GZMB/TSPO/CAPRIN1/CFLAR/ELF2/ZEB2/CBX3/CSK/RPL13A/TAF15/SMG7/CIRBP/BAZ2A/JAK2/THRAP3/NCOR2/RACK1/GBP1/TMBIM6/ID2/CX3CR1/SLIRP/ZBTB7A/ZNFX1/CALR/MAX/SRSF2/SIGLEC1/IRAK3/HNRNPA2B1/HSBP1/NONO/ATF4/PARP14/ZNF24/SRSF7/MAF1/SMARCA5/CLEC4A/LSM2/LILRB1/HNRNPC/IFI27/RGS2/EZR/FOXN3/SAP18/PPP3CA/EIF2AK2/TSC22D4/YBX1/NFKBIA/CUL3/EPC1/KLF4/RNPS1/PTBP3/LIMS1/DDX21/NUDT16/APOBEC3A/YTHDC1/LGALS9/PARK7/UBE2I/ANXA1/SPEN/PGK1/ADAM10/NEAT1/SRSF3/RHOA/FBP1/PARP9/RPL10/GSTP1/BTG2/PHB2/FOSB/ARID5B/RXRA/RPS3/ASAH1/IRF7/ZFP36/NR1H2/ENO1/GAPDH/XBP1/BST2/CUX1/CNPY2/TRIM22/BANF1/HMGB2/JUN/DUSP1/SNRPB/MAFB/CCL3",0.352487857583619
"GO:0010558","negative regulation of macromolecule biosynthetic process",434,-0.225788682345214,-1.21260957358843,0.0257857520450759,0.230578223909568,0.131246542985362,613,"tags=29%, list=23%, signal=27%","BRD7/SNRPG/LRRK2/ERP29/PA2G4/KLF3/HNRNPU/SERBP1/SRSF10/PARP15/PICALM/TADA3/PFDN5/NCL/ATRX/ELOC/RBX1/CELF1/RBM38/VSIR/CIITA/PCIF1/NDUFA13/GSPT1/PTPRC/ZBTB16/TNRC6B/XRCC6/IRF1/GZMB/TSPO/CAPRIN1/ELF2/ZEB2/CBX3/CSK/RPL13A/TAF15/SMG7/CIRBP/BAZ2A/JAK2/THRAP3/NCOR2/RACK1/GBP1/TMBIM6/ID2/CX3CR1/SLIRP/ZBTB7A/ZNFX1/CALR/MAX/SRSF2/SIGLEC1/IRAK3/HNRNPA2B1/HSBP1/NONO/ATF4/PARP14/ZNF24/SRSF7/MAF1/SMARCA5/CLEC4A/LSM2/LILRB1/HNRNPC/IFI27/RGS2/EZR/FOXN3/SAP18/PPP3CA/EIF2AK2/TSC22D4/YBX1/NFKBIA/CUL3/EPC1/KLF4/RNPS1/PTBP3/LIMS1/DDX21/NUDT16/APOBEC3A/YTHDC1/LGALS9/PARK7/UBE2I/ANXA1/SPEN/ADAM10/NEAT1/SRSF3/FBP1/PARP9/RPL10/GSTP1/BTG2/PHB2/FOSB/ARID5B/RXRA/RPS3/ASAH1/IRF7/ZFP36/NR1H2/ENO1/GAPDH/XBP1/BST2/CUX1/CNPY2/TRIM22/BANF1/HMGB2/JUN/DUSP1/SNRPB/MAFB/CCL3",0.352487857583619
"GO:0070887","cellular response to chemical stimulus",393,-0.222308296940903,-1.19224638201665,0.0455008249564655,0.312565014166818,0.177913928175866,610,"tags=28%, list=23%, signal=25%","SELENOF/MGST3/PKN1/MAT2A/LRRK2/TMSB4X/KLF3/ITPR1/HNRNPU/RAB8A/TADA3/ATRX/WNK1/RBX1/NADK/PPIB/SELENOT/RAC2/C5AR1/NDUFA13/RTF2/CHMP5/DNAJA1/XRCC6/TSPO/TUBA1A/CTSB/SELENOW/CFLAR/PIK3CD/BIN2/ADD1/CBX3/CSK/RAB10/LYST/JAK2/NCOR2/RACK1/PTPN2/GRK2/SAFB2/TMBIM6/CX3CR1/ZBTB7A/CALR/CFL1/IRAK3/EGR1/NONO/ATF4/LILRB1/PLCB2/PPP3CA/S100A9/NCOA3/CAT/RIPOR2/TNFRSF1B/CSNK1A1/CUL3/KLF4/MGST1/LGALS9/PARK7/VAMP2/ANXA1/PGK1/CTSD/ADAM10/CCL3L1/CLEC7A/DIAPH1/RHOA/TOP1/FBP1/RAP1B/LY6E/GSTP1/BTG2/PHIP/RTN4/RPS19/CASP1/WBP2/SRI/PKM/TRA2B/FOSB/RXRA/RPS3/HSPB1/ATP5PO/IL16/ZFP36/NR1H2/UBE2L3/ENO1/XBP1/HCK/HM13/ALDOA/P4HB/LILRB2/VCP/HMGB2/DUSP1/RHOB/CCL3/CD69/FOS",0.321775918075361
