"ID","Description","setSize","enrichmentScore","NES","pvalue","p.adjust","qvalue","rank","leading_edge","core_enrichment","log2err"
"GO:0034242","negative regulation of syncytium formation by plasma membrane fusion",45,0.741900068781894,2.87219290101526,1e-10,5.08875e-08,3.6883779359017e-08,1861,"tags=84%, list=21%, signal=67%","RPL36/RPL27/RPL17/RPL32/RPL10A/RPL24/RPL11/RPL30/RPL4/RPL12/RPL34/RPL9/RPL36A/RPL18A/RPL21/RPL19/RPL5/RPL10/RPL38/UBA52/RPL28/RPL35A/RPL18/RPL23/RPL29/RPL39/RPL41/RPL14/RPLP1/RPL15/RPLP2/RPL37/RPL31/RPL7/RPL13/RPL35/RPL7A/RPLP0",NA
"GO:1901740","negative regulation of myoblast fusion",45,0.741900068781894,2.87219290101526,1e-10,5.08875e-08,3.6883779359017e-08,1861,"tags=84%, list=21%, signal=67%","RPL36/RPL27/RPL17/RPL32/RPL10A/RPL24/RPL11/RPL30/RPL4/RPL12/RPL34/RPL9/RPL36A/RPL18A/RPL21/RPL19/RPL5/RPL10/RPL38/UBA52/RPL28/RPL35A/RPL18/RPL23/RPL29/RPL39/RPL41/RPL14/RPLP1/RPL15/RPLP2/RPL37/RPL31/RPL7/RPL13/RPL35/RPL7A/RPLP0",NA
"GO:1901739","regulation of myoblast fusion",51,0.705496189441838,2.81868486581101,1e-10,5.08875e-08,3.6883779359017e-08,1734,"tags=73%, list=20%, signal=59%","RPL36/RPL27/RPL17/RPL32/RPL10A/RPL24/RPL11/RPL30/RPL4/RPL12/RPL34/RPL9/RPL36A/RPL18A/RPL21/RPL19/RPL5/RPL10/RPL38/UBA52/RPL28/RPL35A/RPL18/RPL23/RPL29/RPL39/RPL41/RPL14/RPLP1/RPL15/RPLP2/RPL37/RPL31/RPL7/RPL13/RPL35/RPL7A",NA
"GO:0060142","regulation of syncytium formation by plasma membrane fusion",53,0.692897842900025,2.78803201791972,1e-10,5.08875e-08,3.6883779359017e-08,1734,"tags=70%, list=20%, signal=56%","RPL36/RPL27/RPL17/RPL32/RPL10A/RPL24/RPL11/RPL30/RPL4/RPL12/RPL34/RPL9/RPL36A/RPL18A/RPL21/RPL19/RPL5/RPL10/RPL38/UBA52/RPL28/RPL35A/RPL18/RPL23/RPL29/RPL39/RPL41/RPL14/RPLP1/RPL15/RPLP2/RPL37/RPL31/RPL7/RPL13/RPL35/RPL7A",NA
"GO:0000768","syncytium formation by plasma membrane fusion",58,0.661424712512958,2.7249617337165,1e-10,5.08875e-08,3.6883779359017e-08,1734,"tags=66%, list=20%, signal=53%","RPL36/RPL27/RPL17/RPL32/RPL10A/RPL24/RPL11/RPL30/RPL4/RPL12/RPL34/RPL9/RPL36A/RPL18A/RPL21/RPL19/RPL5/RPL10/RPL38/UBA52/RPL28/RPL35A/CD81/RPL18/RPL23/RPL29/RPL39/RPL41/RPL14/RPLP1/RPL15/RPLP2/RPL37/RPL31/RPL7/RPL13/RPL35/RPL7A",NA
"GO:0006949","syncytium formation",58,0.661424712512958,2.7249617337165,1e-10,5.08875e-08,3.6883779359017e-08,1734,"tags=66%, list=20%, signal=53%","RPL36/RPL27/RPL17/RPL32/RPL10A/RPL24/RPL11/RPL30/RPL4/RPL12/RPL34/RPL9/RPL36A/RPL18A/RPL21/RPL19/RPL5/RPL10/RPL38/UBA52/RPL28/RPL35A/CD81/RPL18/RPL23/RPL29/RPL39/RPL41/RPL14/RPLP1/RPL15/RPLP2/RPL37/RPL31/RPL7/RPL13/RPL35/RPL7A",NA
"GO:0140253","cell-cell fusion",58,0.661424712512958,2.7249617337165,1e-10,5.08875e-08,3.6883779359017e-08,1734,"tags=66%, list=20%, signal=53%","RPL36/RPL27/RPL17/RPL32/RPL10A/RPL24/RPL11/RPL30/RPL4/RPL12/RPL34/RPL9/RPL36A/RPL18A/RPL21/RPL19/RPL5/RPL10/RPL38/UBA52/RPL28/RPL35A/CD81/RPL18/RPL23/RPL29/RPL39/RPL41/RPL14/RPLP1/RPL15/RPLP2/RPL37/RPL31/RPL7/RPL13/RPL35/RPL7A",NA
"GO:0007520","myoblast fusion",55,0.681596598858288,2.72482582467955,1e-10,5.08875e-08,3.6883779359017e-08,1734,"tags=69%, list=20%, signal=56%","RPL36/RPL27/RPL17/RPL32/RPL10A/RPL24/RPL11/RPL30/RPL4/RPL12/RPL34/RPL9/RPL36A/RPL18A/RPL21/RPL19/RPL5/RPL10/RPL38/UBA52/RPL28/RPL35A/CD81/RPL18/RPL23/RPL29/RPL39/RPL41/RPL14/RPLP1/RPL15/RPLP2/RPL37/RPL31/RPL7/RPL13/RPL35/RPL7A",NA
"GO:0014902","myotube differentiation",73,0.582769282310299,2.46530559334125,2.46444349743903e-09,1.00327494780743e-06,7.27183921618444e-07,1734,"tags=59%, list=20%, signal=48%","RPL36/NACA/RPL27/RPL17/RPL32/RPL10A/RPL24/RPL11/RPL30/RPL4/RPL12/RPL34/RPL9/RPL36A/RBM38/RPL18A/RPL21/HDAC5/SKI/RPL19/RPL5/RPL10/RPL38/UBA52/RPL28/RPL35A/CD81/RPL18/RPL23/RPL29/RPL39/RPL41/RPL14/RPLP1/RPL15/RPLP2/RPL37/RPL31/RPL7/RPL13/RPL35/MAML1/RPL7A",0.774939030136436
"GO:0006941","striated muscle contraction",94,0.5223604660348,2.328846586256,8.430296907362e-09,3.11997624635188e-06,2.2613906259065e-06,1510,"tags=50%, list=17%, signal=42%","TPM1/RPL36/GSTM2/RPL27/RPL17/AKAP9/RPL32/RPL10A/GNAS/RPL24/RPL11/RPL30/RPL4/RPL12/GAA/RPL34/RPL9/GSN/RPL36A/RPL18A/VPS54/RPL21/ARHGEF11/PRKACA/RPL19/RPL5/RPL10/RPL38/UBA52/RPL28/RPL35A/RPL18/RPL23/RPL29/RPL39/TNNI2/RPL41/RPL14/RPLP1/RPL15/PIK3CA/RPLP2/GRK2/RPL37/RPL31/RPL7/RPL13",0.747739663149885
"GO:0051146","striated muscle cell differentiation",109,0.476882556525161,2.20220933718853,7.05084365383189e-08,2.39199870956247e-05,1.73374507748574e-05,1734,"tags=43%, list=20%, signal=35%","TPM1/RPL36/NACA/RPL27/RPL17/RPL32/RPL10A/RPL24/RPL11/RPL30/RPL4/RPL12/RPL34/RPL9/YY1/RPL36A/RBM38/RPL18A/RPL21/HDAC5/SKI/OBSCN/RPL19/RPL5/RPL10/RPL38/UBA52/RPL28/RPL35A/CD81/RPL18/RPL23/RPL29/RPL39/RPL41/RPL14/RPLP1/RPL15/RPLP2/RPL37/RPL31/MTLN/RPL7/RPL13/RPL35/MAML1/RPL7A",0.704975715167238
"GO:0002181","cytoplasmic translation",187,0.432125644716942,2.18250466574116,7.35677931365371e-10,3.32771650954269e-07,2.41196288886919e-07,1778,"tags=42%, list=20%, signal=34%","RPS10/FMR1/RPL36/RPS28/RPS15A/RPS25/ZNF598/RPL27/RPS21/EIF2D/RPL17/RPL32/RPL10A/RPL24/RPL11/RPL30/RPS27A/RPL4/RPL12/NPLOC4/RPL34/RPL9/RPL26/RPL36A/RPL18A/RPL22/RPS13/RPS12/FAU/RPL36AL/RPL21/RPS15/EIF3B/RPS23/DDRGK1/TCF25/RPS8/EIF2B1/RPS24/RPL19/RPS2/RPL5/RPL10/RPL38/UBA52/RPL28/RPL35A/RPL18/RPL23/RPS14/NEMF/RPS11/EIF4E2/RPL29/RPL39/RPL41/RPL14/RPLP1/FTSJ1/RPL15/EEF1D/RPLP2/MTRES1/RPS6/RPS3/RPL37/RPS26/RPL31/KLHDC10/RPL7/RPL13/RPS7/HNRNPD/RPL35/PABPC1/RPSA/RPL7A/RPS9/EIF4G1",0.801215574617779
"GO:0002396","MHC protein complex assembly",16,-0.741413991977949,-2.14970378436593,3.18416988059974e-05,0.00495898225302565,0.00359432094848202,1109,"tags=56%, list=13%, signal=49%","HLA-DMB/TAPBPL/CALR/TAPBP/HLA-DRA/HLA-DRB1/HLA-A/HLA-DPA1/HLA-DPB1",0.557332238758646
"GO:0002501","peptide antigen assembly with MHC protein complex",16,-0.741413991977949,-2.14970378436593,3.18416988059974e-05,0.00495898225302565,0.00359432094848202,1109,"tags=56%, list=13%, signal=49%","HLA-DMB/TAPBPL/CALR/TAPBP/HLA-DRA/HLA-DRB1/HLA-A/HLA-DPA1/HLA-DPB1",0.557332238758646
"GO:0033273","response to vitamin",37,-0.592092304071385,-2.08856532696486,3.88604244170864e-05,0.00545519957937789,0.00395398433102778,1489,"tags=46%, list=17%, signal=38%","PPARD/TSPO/AQP3/PIM1/TPCN2/ALAD/BECN1/CD40/NFKBIZ/KYNU/ABCA1/MDM2/TRIM25/SNW1/BABAM2/CXCL10/SOD2",0.557332238758646
"GO:1902041","regulation of extrinsic apoptotic signaling pathway via death domain receptors",22,-0.64959421021929,-2.08460309515921,0.000191715582463653,0.0181505613071984,0.0131557120805113,1633,"tags=59%, list=19%, signal=48%","SP100/TMBIM1/DDX3X/RFFL/CFLAR/ICAM1/PARK7/BCL2L1/PMAIP1/FEM1B/HMOX1/ATF3/TNFAIP3",0.518848077743792
"GO:0030323","respiratory tube development",18,0.661747829790803,2.06163802203145,0.000527233996023431,0.035186386849367,0.0255034523015096,1727,"tags=61%, list=20%, signal=49%","HECA/CEBPA/NPHP3/SREBF1/CDC42/CRISPLD2/SRSF6/PKD1/PHF14/BAG6/CTSZ",0.477270815362862
"GO:0007584","response to nutrient",75,-0.501019271183264,-2.03580501947569,5.42118634315421e-06,0.00116156050542004,0.000841910909242173,1489,"tags=37%, list=17%, signal=31%","PPARD/SLC27A4/TSPO/AQP3/ARSB/PIM1/NFE2L2/TPCN2/ALAD/BECN1/CD40/NFKBIZ/OXCT1/KYNU/ABCA1/CSNK1A1/MDM2/TFRC/TRIM25/BCKDHB/GCLM/SNW1/BABAM2/CXCL10/XBP1/SOD2/CPT1A/ACSL1",0.610526878385931
"GO:0090208","positive regulation of triglyceride metabolic process",11,0.756531129563924,2.00412961072511,0.000811284573789999,0.0440365266653212,0.0319181239648474,822,"tags=45%, list=9%, signal=41%","CTDNEP1/SREBF1/DAGLB/ABHD5/PRKACA",0.477270815362862
"GO:0006953","acute-phase response",13,-0.734842773568528,-1.99711554362052,0.00028766215895811,0.0243973468566347,0.0176834460015823,763,"tags=54%, list=9%, signal=49%","CD163/TFRC/PLSCR1/STAT3/IL10RB/APOL2/IL1B",0.49849310876659
"GO:2001236","regulation of extrinsic apoptotic signaling pathway",73,-0.489575443635433,-1.99412470631687,2.79172056337087e-05,0.00473545600561783,0.00343230684304672,1633,"tags=42%, list=19%, signal=35%","SP100/TMBIM1/RIPK1/PSME3/TRAF1/BCL10/DDX3X/RFFL/CFLAR/ICAM1/PARK7/CYLD/G0S2/BCL2L1/BCL2/LTBR/HTT/MCL1/ACSL5/PMAIP1/TLR6/FADD/MAP2K5/FEM1B/HMOX1/KLF4/EYA3/SIAH2/ATF3/IL1B/TNFAIP3",0.575610261071129
"GO:0009595","detection of biotic stimulus",23,-0.640781776816981,-1.98682113367511,0.000172891643621544,0.0170782583074747,0.012378495922362,1395,"tags=48%, list=16%, signal=40%","TSPO/HLA-B/TLR1/ATF2/TLR6/HLA-DRB1/HLA-A/CLEC7A/NLRP3/NAIP/NR4A1",0.518848077743792
"GO:0098581","detection of external biotic stimulus",15,-0.707071321726342,-1.97843727662916,0.000675834914007218,0.0393046276417627,0.0284883952587,1229,"tags=53%, list=14%, signal=46%","HLA-B/TLR1/TLR6/HLA-DRB1/HLA-A/CLEC7A/NAIP/NR4A1",0.477270815362862
"GO:0060541","respiratory system development",20,0.615939808232147,1.9617291288345,0.000809398844429143,0.0440365266653212,0.0319181239648474,1727,"tags=55%, list=20%, signal=44%","CEBPA/NPHP3/SREBF1/CDC42/SKI/CRISPLD2/SRSF6/PKD1/PHF14/BAG6/CTSZ",0.477270815362862
"GO:0006936","muscle contraction",134,0.41568805612344,1.95308241934112,1.58310539738716e-06,0.000379107180750772,0.000274780753784926,1510,"tags=40%, list=17%, signal=34%","TPM1/RPL36/GSTM2/PABPN1/RPL27/RPL17/AKAP9/RPL32/RPL10A/GNAS/RPL24/RPL11/RPL30/RPL4/RPL12/GAA/RPL34/RPL9/GSN/RPL36A/RPL18A/VPS54/RPL21/CACNA2D4/ARHGEF11/LTB4R/GAMT/PRKACA/RPL19/RPL5/RPL10/RPL38/UBA52/RPL28/RPL35A/RPL18/RPL23/RPL29/RPL39/TNNI2/RPL41/RPL14/RPLP1/RPL15/PIK3CA/RPLP2/SNTB1/GRK2/RPL37/RPL31/RPL7/MAP2K1/SRF/RPL13",0.643551836150722
"GO:2001237","negative regulation of extrinsic apoptotic signaling pathway",41,-0.538423112233432,-1.94801096780343,0.000131254675503223,0.0140615206308848,0.0101919336654742,1630,"tags=46%, list=18%, signal=38%","TMBIM1/RIPK1/PSME3/DDX3X/RFFL/CFLAR/ICAM1/PARK7/BCL2L1/BCL2/HTT/MCL1/MAP2K5/HMOX1/KLF4/EYA3/SIAH2/IL1B/TNFAIP3",0.518848077743792
"GO:0042542","response to hydrogen peroxide",58,-0.501200738367991,-1.94600417717662,5.16460436804302e-05,0.00657034511946973,0.00476225319968785,1346,"tags=34%, list=15%, signal=29%","ERN1/NFE2L2/CFL1/BECN1/ABL1/PARK7/KLF2/OSER1/MDM2/MYB/PRKAA1/HMOX1/BAK1/RHOB/KLF4/SOD2/AIFM1/AREG/TNFAIP3/DUSP1",0.557332238758646
"GO:1905268","negative regulation of chromatin organization",10,0.758650432473637,1.94435052037704,0.00100546340982977,0.0505338461903333,0.0366274474683715,1749,"tags=90%, list=20%, signal=72%","SAMD1/KMT2A/DYRK1A/L3MBTL3/ERI3/PHF2/KDM1A/PHF8/ERI1",0.45505986738723
"GO:0018022","peptidyl-lysine methylation",12,0.709928718421402,1.91614724199164,0.00202065463269642,0.0760789245723146,0.0551427809932999,1747,"tags=67%, list=20%, signal=54%","EHMT2/EHMT1/SETD7/VCPKMT/EEF2KMT/ANTKMT/KMT5A/EEF1AKMT2",0.431707695803346
"GO:0002526","acute inflammatory response",35,-0.547277243641755,-1.906250768763,0.000452446769706219,0.0323142245521758,0.0234216797551497,969,"tags=37%, list=11%, signal=33%","PARK7/OSM/CD163/HLA-E/TFRC/PLSCR1/FFAR2/STAT3/FCGR1A/IL10RB/APOL2/IL1B/NLRP3",0.49849310876659
"GO:0030324","lung development",16,0.638352303761489,1.88177893341856,0.00201621227501959,0.0760789245723146,0.0551427809932999,1727,"tags=62%, list=20%, signal=50%","CEBPA/NPHP3/SREBF1/CDC42/CRISPLD2/SRSF6/PKD1/PHF14/BAG6/CTSZ",0.431707695803346
"GO:0033617","mitochondrial respiratory chain complex IV assembly",25,0.550985669186385,1.87826755063774,0.00181485167730794,0.0738826117832063,0.0535508710681344,2068,"tags=44%, list=23%, signal=34%","COA5/CEP89/TMEM223/BCS1L/COX20/COX16/CMC1/SURF1/SCO1/COX19/COA6",0.45505986738723
"GO:0097191","extrinsic apoptotic signaling pathway",117,-0.424804044244635,-1.87364358853039,2.09581811947848e-05,0.00370959807147691,0.00268875454245128,1769,"tags=38%, list=20%, signal=31%","ACVR1B/BCL2A1/SP100/TMBIM1/RIPK1/PSME3/TRAF1/SMAD3/JAK2/BCL10/IFNG/DDX3X/TNFRSF1B/RFFL/CFLAR/ICAM1/PARK7/NFKBIZ/CYLD/CASP8/G0S2/BCL2L1/BCL2/BIRC3/LTBR/HTT/MCL1/ACSL5/TRADD/PMAIP1/TLR6/IFI27/FADD/MAP2K5/FEM1B/HMOX1/BAK1/KLF4/FAS/EYA3/DEDD/SIAH2/ATF3/IL1B/TNFAIP3",0.575610261071129
"GO:0042632","cholesterol homeostasis",39,-0.527447505881761,-1.87331109772941,0.000176194264041743,0.0170782583074747,0.012378495922362,1991,"tags=44%, list=23%, signal=34%","LIMA1/VAPA/INSIG1/LAMTOR1/MED13/GRAMD1B/IL18/TSPO/SOAT1/ABCA1/RAB7A/LDAH/RALY/XBP1/ACOX1/CES1/RORA",0.518848077743792
"GO:2000630","positive regulation of miRNA metabolic process",32,-0.54682148540339,-1.86946438825649,0.000505996599374426,0.0349137653568354,0.0253058534613414,547,"tags=28%, list=6%, signal=26%","MYB/EGR1/STAT3/KLF4/NEAT1/POU2F1/FOS/PNPT1/JUN",0.477270815362862
"GO:0098543","detection of other organism",13,-0.686176862129306,-1.86485398825711,0.00177803443710952,0.0731149312472004,0.0529944483806718,1229,"tags=54%, list=14%, signal=46%","HLA-B/TLR1/TLR6/HLA-DRB1/HLA-A/CLEC7A/NAIP",0.45505986738723
"GO:0035567","non-canonical Wnt signaling pathway",17,0.621356346873507,1.86222947310585,0.00378066466542926,0.0950067027960649,0.068861827827222,1550,"tags=47%, list=18%, signal=39%","SFRP5/NPHP3/DVL3/CDC42/RYK/RNF213/DAAM1/SMURF2",0.431707695803346
"GO:0006687","glycosphingolipid metabolic process",38,-0.533356815566105,-1.86045180374665,0.00054913343396569,0.0360568098334569,0.0261343437639353,1863,"tags=42%, list=21%, signal=33%","ST3GAL5/SPTLC1/SUMF2/GLB1/DEGS1/ST8SIA4/CLN6/M6PR/GM2A/SPTLC2/UGCG/B4GALT4/ST3GAL2/PRKAA1/ST6GALNAC6/GLA",0.477270815362862
"GO:0070373","negative regulation of ERK1 and ERK2 cascade",28,-0.567394816915212,-1.85335009912152,0.000675394614386976,0.0393046276417627,0.0284883952587,1978,"tags=46%, list=22%, signal=36%","EIF3A/PTPN1/ITGB1BP1/DUSP7/TNIP1/PTPRC/PIN1/GBP1/KLF4/PTPN2/XBP1/ATF3/DUSP1",0.477270815362862
"GO:0008625","extrinsic apoptotic signaling pathway via death domain receptors",51,-0.483835388485165,-1.85093462864138,0.000418563627739947,0.0309813187005332,0.0224555759902108,1633,"tags=41%, list=19%, signal=34%","SP100/TMBIM1/RIPK1/DDX3X/RFFL/CFLAR/ICAM1/PARK7/CASP8/BCL2L1/BCL2/BIRC3/TRADD/PMAIP1/FADD/FEM1B/HMOX1/FAS/DEDD/ATF3/TNFAIP3",0.49849310876659
"GO:1990868","response to chemokine",41,-0.511312549002906,-1.8499251440034,0.000594015662122331,0.0364414351769536,0.026413124138397,1770,"tags=37%, list=20%, signal=29%","RNF113A/GPR35/CCL4/RIPOR1/JAK2/CCR2/CX3CR1/SH2B3/CXCR4/CCR1/CXCL10/CCL3L1/CCL3/DUSP1/PADI2",0.477270815362862
"GO:1990869","cellular response to chemokine",41,-0.511312549002906,-1.8499251440034,0.000594015662122331,0.0364414351769536,0.026413124138397,1770,"tags=37%, list=20%, signal=29%","RNF113A/GPR35/CCL4/RIPOR1/JAK2/CCR2/CX3CR1/SH2B3/CXCR4/CCR1/CXCL10/CCL3L1/CCL3/DUSP1/PADI2",0.477270815362862
"GO:0034134","toll-like receptor 2 signaling pathway",13,-0.679986468469781,-1.84803007456667,0.00212554115199344,0.0760789245723146,0.0551427809932999,1761,"tags=62%, list=20%, signal=49%","PIK3AP1/PJA2/HMGB1/MFHAS1/TLR1/RIPK2/TLR6/TNFAIP3",0.431707695803346
"GO:0042274","ribosomal small subunit biogenesis",99,0.400555936666658,1.83257781998745,8.78429314325865e-05,0.00993357149616832,0.00719995400268617,1996,"tags=41%, list=23%, signal=32%","SURF6/RPS28/RPS15A/RPS25/RPS21/UTP4/RPS27A/UTP14A/TSR3/UTP20/RPS13/RPS12/FAU/RPS15/RPS23/NOL10/RPS8/RPS24/KRI1/AK6/DHX37/RPS14/RPS11/TSR1/NOP56/RIOK2/AATF/SRFBP1/TRMT112/RPS6/EMG1/RPS7/NOA1/WDR46/RPSA/RPS9/DCAF13/DIMT1/FBL/RPS5/RPS27",0.538434096309916
"GO:0032691","negative regulation of interleukin-1 beta production",19,-0.602419283717014,-1.83200334723912,0.00225316506436522,0.0770809661935363,0.0558690709872216,61,"tags=21%, list=1%, signal=21%","IL1B/NLRP3/IL1R2/TNFAIP3",0.431707695803346
"GO:0090279","regulation of calcium ion import",16,-0.631615151127919,-1.83134590840434,0.00363611237688062,0.093938353642151,0.0680874774568687,1400,"tags=50%, list=16%, signal=42%","PRNP/MS4A1/PPP3CB/PPP3CA/PPP3CC/TRPV2/FCRL3/CCL3",0.431707695803346
"GO:0042692","muscle cell differentiation",146,0.380565576194755,1.82329595891398,1.27686540940364e-05,0.00236278140076464,0.00171256807387653,1510,"tags=34%, list=17%, signal=29%","TPM1/RPL36/NACA/RPL27/RPL17/RPL32/RPL10A/RPL24/RPL11/RPL30/RPL4/RPL12/RPL34/RPL9/YY1/RPL36A/RBM38/ACTN1/RPL18A/RPL21/HDAC5/SKI/OBSCN/EHMT1/SMARCD3/RPL19/RPL5/RPL10/RPL38/UBA52/RPL28/RPL35A/CD81/RPL18/RPL23/RPL29/RPL39/RPL41/RPL14/RPLP1/RPL15/RPLP2/KDM1A/HDGFL2/RPL37/RPL31/MTLN/RPL7/SRF/RPL13",0.593325476396405
"GO:0042304","regulation of fatty acid biosynthetic process",26,-0.55515010594254,-1.81855358752634,0.00240134222524839,0.078899458429363,0.0571871327193232,1254,"tags=38%, list=14%, signal=33%","PLAA/NME1/FABP5/CD74/ERLIN2/LPGAT1/ERLIN1/ABCD2/IL1B/PDK4",0.431707695803346
"GO:0002399","MHC class II protein complex assembly",11,-0.708010647559473,-1.81800299533925,0.00297119153084887,0.0859401378076417,0.0622902889900382,2513,"tags=73%, list=28%, signal=52%","HLA-DQA1/B2M/HLA-DMA/HLA-DMB/HLA-DRA/HLA-DRB1/HLA-DPA1/HLA-DPB1",0.431707695803346
"GO:0002503","peptide antigen assembly with MHC class II protein complex",11,-0.708010647559473,-1.81800299533925,0.00297119153084887,0.0859401378076417,0.0622902889900382,2513,"tags=73%, list=28%, signal=52%","HLA-DQA1/B2M/HLA-DMA/HLA-DMB/HLA-DRA/HLA-DRB1/HLA-DPA1/HLA-DPB1",0.431707695803346
"GO:1900744","regulation of p38MAPK cascade",22,-0.565189128319237,-1.81374000523632,0.0046785015522398,0.104192323597917,0.0755196595330655,1196,"tags=41%, list=14%, signal=35%","ULK4/RELL1/MFHAS1/CYLD/PER1/GADD45A/PTPN22/IL1B/DUSP1",0.407017918923954
"GO:0007019","microtubule depolymerization",21,0.554338547706034,1.81027014861792,0.0102267029877933,0.150299306365727,0.108938471212121,2235,"tags=52%, list=25%, signal=39%","STMN3/SPAST/KIF21A/ATXN7/ARHGEF2/CIB1/KATNB1/CKAP5/CKAP2/STMN1/MID1IP1",0.380730400722792
"GO:0002752","cell surface pattern recognition receptor signaling pathway",52,-0.478276400027814,-1.80915557541693,0.00103175459635189,0.0512228409969335,0.0371268379360924,1761,"tags=37%, list=20%, signal=29%","PIK3AP1/APPL1/PJA2/HMGB1/TLR5/MFHAS1/TLR1/RIPK2/TAX1BP1/WDFY1/NMI/TLR6/FFAR2/CLEC7A/FCN1/TBK1/PTPN22/NFKBIA/TNFAIP3",0.45505986738723
"GO:1903428","positive regulation of reactive oxygen species biosynthetic process",10,-0.731715399393401,-1.80717331947179,0.00328504188985939,0.0910897653581529,0.0660227915958681,662,"tags=50%, list=7%, signal=46%","PLCG2/RAB27A/TLR6/FAS/SOD2",0.431707695803346
"GO:0006688","glycosphingolipid biosynthetic process",21,-0.585224770391011,-1.80315270199962,0.00420377176226928,0.0994974118848735,0.0721167396070726,1863,"tags=48%, list=21%, signal=38%","ST3GAL5/SPTLC1/DEGS1/ST8SIA4/SPTLC2/UGCG/B4GALT4/ST3GAL2/PRKAA1/ST6GALNAC6",0.407017918923954
"GO:0032814","regulation of natural killer cell activation",26,-0.55013269972473,-1.80211763267412,0.00298702381254079,0.0859401378076417,0.0622902889900382,2014,"tags=54%, list=23%, signal=42%","HAVCR2/RBX1/FCGR3A/PIBF1/ZNF683/DCAF15/IL18/IL12RB1/KLRC1/HLA-E/ZBTB1/PRDM1/PTPN22/CLEC12A",0.431707695803346
"GO:1902042","negative regulation of extrinsic apoptotic signaling pathway via death domain receptors",14,-0.650324360597555,-1.79950554447727,0.00466158111262953,0.104192323597917,0.0755196595330655,1630,"tags=64%, list=18%, signal=52%","TMBIM1/DDX3X/RFFL/CFLAR/ICAM1/PARK7/BCL2L1/HMOX1/TNFAIP3",0.407017918923954
"GO:2000369","regulation of clathrin-dependent endocytosis",11,0.678231124806492,1.79670475810241,0.00730365918466921,0.132147540181282,0.0957818858242834,1509,"tags=64%, list=17%, signal=53%","AAK1/TNK2/SMAP1/HIP1R/CCDC32/UNC119/BMP2K",0.407017918923954
"GO:0031348","negative regulation of defense response",158,-0.387940950912628,-1.7884030442071,3.28893443457854e-05,0.00495898225302565,0.00359432094848202,2220,"tags=37%, list=25%, signal=28%","DDX39A/MUL1/LPCAT3/ARNT/NR1D2/IFI16/TMSB4X/HAVCR2/VPS35/ZDHHC18/YTHDF3/IL1RN/RB1/PSMA1/PPARD/YWHAZ/IL10RA/KLRC1/SMAD3/PTPRC/ITCH/SLC39A8/TIGIT/IRAK3/PIM1/HLA-B/TNFRSF1B/AOAH/GRN/TTLL12/MFHAS1/GIGYF2/CYLD/PRKAR1A/MKRN2/MICB/SAMHD1/ILRUN/METTL3/HLA-E/NMI/FAM76B/SERPING1/PPM1B/HLA-DRB1/HLA-A/STAT3/ATG5/KLF4/PTPN2/IL10RB/IL1B/NLRP3/CD69/RORA/IL1R2/CLEC12A/TNFAIP3",0.557332238758646
"GO:0003231","cardiac ventricle development",26,0.523369274216789,1.7860642021851,0.00646423739591979,0.126171988998273,0.0914507453402233,779,"tags=27%, list=9%, signal=25%","TPM1/NACA/SOX4/NOG/TGFBR2/ZFPM1/MED1",0.407017918923954
"GO:0150077","regulation of neuroinflammatory response",19,-0.58724889155478,-1.78586901858905,0.00393810729625369,0.0969768600165703,0.0702898178881151,1582,"tags=47%, list=18%, signal=39%","IL18/PTPRC/TNFRSF1B/GRN/LRRK2/PLCG2/CCR1/IL1B/CCL3",0.407017918923954
"GO:0003205","cardiac chamber development",30,0.503051380470459,1.78214837616539,0.00260775096293876,0.0822203041094899,0.0595941155609079,1393,"tags=33%, list=16%, signal=28%","TPM1/NPHP3/NACA/SOX4/NOG/TGFBR2/ZFPM1/MED1/GATA3/CRELD1",0.431707695803346
"GO:0090025","regulation of monocyte chemotaxis",17,-0.607078989318422,-1.77756292892249,0.00581002540098433,0.120064027448767,0.0870236324711432,1534,"tags=41%, list=17%, signal=34%","HMGB1/CCR2/CX3CR1/PLA2G7/CCR1/CXCL10/DUSP1",0.407017918923954
"GO:0070098","chemokine-mediated signaling pathway",34,-0.515698327707153,-1.77753010610755,0.00146712473391426,0.0663629421307216,0.0481005377580889,1770,"tags=38%, list=20%, signal=31%","RNF113A/GPR35/CCL4/JAK2/CCR2/CX3CR1/SH2B3/CXCR4/CCR1/CXCL10/CCL3L1/CCL3/PADI2",0.45505986738723
"GO:0055092","sterol homeostasis",40,-0.493290601982606,-1.77391744241082,0.00195532088986177,0.0760789245723146,0.0551427809932999,1991,"tags=42%, list=23%, signal=33%","LIMA1/VAPA/INSIG1/LAMTOR1/MED13/GRAMD1B/IL18/TSPO/SOAT1/ABCA1/RAB7A/LDAH/RALY/XBP1/ACOX1/CES1/RORA",0.431707695803346
"GO:0006954","inflammatory response",416,-0.341588341293163,-1.75521625884112,1.91977669282998e-07,5.58243636893632e-05,4.04620685468138e-05,2184,"tags=33%, list=25%, signal=26%","MAPK13/LPCAT3/ARNT/NFX1/NR1D2/CCL2/IL18RAP/IFI16/EIF2AK2/TMSB4X/NFAM1/CD47/RPS6KA5/CLU/HAVCR2/RBX1/F2R/FCGR3A/TXNIP/VPS35/MAP3K20/ZBP1/TLR7/CASP4/LIAS/IFNGR1/PIK3AP1/GBP3/IL1RN/APPL1/RB1/PSMA1/IL18/PJA2/CCL4/HMGB1/RIPK1/TLR5/PPARD/TRAF1/TNIP1/IL10RA/SMAD3/JAK2/PTPRC/CCR2/FUT7/ITCH/SLC39A8/IFNG/DDX3X/HDAC4/CXCL2/ITGB1/RELB/PRDX5/TNFRSF1B/ABCC1/CHID1/AOAH/ADGRE2/GRN/CX3CR1/LRRK2/AIMP1/MFHAS1/PARK7/CD40/NFKBIZ/USP14/CYLD/PRKAR1A/TLR1/CASP8/VAMP7/MKRN2/OSM/RIPK2/CD68/GBP1/CD163/CSNK1A1/PLA2G7/GBP5/HLA-E/PLCG2/HNRNPA0/NMI/CLOCK/TFRC/CXCR4/BIRC3/FAM76B/TRADD/TLR6/IFI27/PLSCR1/FFAR2/CCR1/HLA-DRB1/REL/PLD3/C3AR1/STAT3/HMOX1/KLF4/PTPN2/TNFRSF4/CLEC7A/ZEB2/FCGR1A/NEAT1/CXCL10/XBP1/TBK1/PER1/IL10RB/KLRG1/ABCD2/APOL2/CXCL8/ZFP36/PTPN22/IL15/IL1B/NLRP3/FOS/NAIP/NR4A1/CD69/RORA/CCL3L1/IL1R2/CLEC12A/NFKBIA/TNFAIP3/CCL3/NAMPT",0.690132458796796
"GO:0070301","cellular response to hydrogen peroxide",44,-0.481481272723653,-1.7544012688459,0.00129767497024126,0.0614283116726998,0.0445238672391606,1526,"tags=36%, list=17%, signal=30%","RIPK1/ERN1/NFE2L2/CFL1/BECN1/ABL1/PARK7/KLF2/OSER1/MDM2/MYB/PRKAA1/RHOB/KLF4/AIFM1/TNFAIP3",0.45505986738723
"GO:0010039","response to iron ion",13,-0.645133801988779,-1.75330940169699,0.00554772718556756,0.116948004328486,0.0847651071113583,2320,"tags=69%, list=26%, signal=51%","B2M/SLC25A39/G6PD/ALAD/BECN1/BCL2/MDM2/TFRC/ATG5",0.407017918923954
"GO:0045744","negative regulation of G protein-coupled receptor signaling pathway",29,-0.51561174111321,-1.75268210084446,0.00402581413480727,0.0969768600165703,0.0702898178881151,734,"tags=31%, list=8%, signal=29%","SH2B3/PDE4B/PPP3CA/ATP2B4/PLEK/ADRB2/RGS1/CXCL8/PADI2",0.407017918923954
"GO:0002711","positive regulation of T cell mediated immunity",36,-0.500026317221831,-1.75193394637687,0.00314869517840347,0.0890162366061147,0.0645198767939079,1582,"tags=44%, list=18%, signal=37%","IL18/IL12RB1/KLHL22/HLA-B/CD55/HLA-E/ZBTB1/HLA-DRA/HLA-C/FADD/HLA-DRB1/HLA-A/PRKAA1/MALT1/IL1B/NLRP3",0.431707695803346
"GO:0043409","negative regulation of MAPK cascade",77,-0.428883393340149,-1.75151983150271,0.000370608666118111,0.028466941127676,0.0206331294636075,1801,"tags=35%, list=20%, signal=28%","PTPN1/ITGB1BP1/NF1/MEN1/DUSP7/TNIP1/TRIB1/PTPRC/ITCH/HIPK3/IRAK3/PIN1/NCOR1/CYLD/GBP1/SH2B3/KLF4/PTPN2/DUSP16/XBP1/PER1/DUSP2/ATF3/PTPN22/IL1B/DUSP5/DUSP1",0.49849310876659
"GO:0006956","complement activation",14,-0.632076317726906,-1.7490115812934,0.00795204753119551,0.136020107140743,0.0985887618800104,1221,"tags=43%, list=14%, signal=37%","CD55/CFD/SERPING1/FCN1/IL1B/IGHA1",0.380730400722792
"GO:0038066","p38MAPK cascade",34,-0.506574535489425,-1.74608184560807,0.00212554115199344,0.0760789245723146,0.0551427809932999,1890,"tags=47%, list=21%, signal=37%","MAP3K20/GADD45B/MAP2K3/PJA2/ULK4/RELL1/BECN1/MFHAS1/CYLD/ATF2/PER1/GADD45A/ZFP36/PTPN22/IL1B/DUSP1",0.431707695803346
"GO:0060761","negative regulation of response to cytokine stimulus",53,-0.456655746458333,-1.74250025334287,0.00190274083231927,0.0759417443958015,0.0550433514012991,1790,"tags=42%, list=20%, signal=33%","YTHDF3/RNF113A/IL1RN/TANK/PTPRC/IRAK3/RFFL/TTLL12/ANXA4/GIGYF2/CYLD/SAMHD1/TAX1BP1/SH2B3/METTL3/MAP2K5/KLF4/PTPN2/IL1B/NAIP/IL1R2/PADI2",0.45505986738723
"GO:0019886","antigen processing and presentation of exogenous peptide antigen via MHC class II",20,-0.570396179246701,-1.74166119874701,0.00829084034667367,0.139471120046729,0.101090091255388,2629,"tags=55%, list=30%, signal=39%","IFI30/HLA-DQA1/CTSS/B2M/HLA-DMA/HLA-DMB/HLA-DRA/HLA-DRB1/CTSL/HLA-DPA1/HLA-DPB1",0.380730400722792
"GO:0050729","positive regulation of inflammatory response",91,-0.416495433654941,-1.74102834873267,0.000601564751993945,0.0364414351769536,0.026413124138397,1880,"tags=40%, list=21%, signal=31%","ZBP1/TLR7/CASP4/GBP3/IL18/RIPK1/TRAF1/TNIP1/CCR2/IFNG/ABCC1/GRN/LRRK2/PARK7/NFKBIZ/VAMP7/OSM/GBP1/PLA2G7/GBP5/HLA-E/PLCG2/NMI/CLOCK/TRADD/TLR6/FFAR2/CCR1/STAT3/NEAT1/IL15/IL1B/NLRP3/NAIP/NFKBIA/CCL3",0.477270815362862
"GO:0032102","negative regulation of response to external stimulus",187,-0.367328959316522,-1.73821455394228,6.01755362799506e-05,0.00742347297562663,0.00538060897687326,2294,"tags=36%, list=26%, signal=27%","PLAUR/TRIM65/DDX39A/MUL1/LPCAT3/ARNT/NR1D2/CCL2/IFI16/TMSB4X/HAVCR2/VPS35/ZDHHC18/DPP4/YTHDF3/IL1RN/RB1/PSMA1/TMX1/PPARD/YWHAZ/IL10RA/KLRC1/SMAD3/TRIB1/PTPRC/ITCH/SLC39A8/TIGIT/IRAK3/PIM1/HLA-B/TNFRSF1B/AOAH/GRN/TTLL12/MFHAS1/GIGYF2/CYLD/PRKAR1A/MKRN2/MICB/SAMHD1/ILRUN/SH2B3/METTL3/HLA-E/NMI/FAM76B/SERPING1/PPM1B/HLA-DRB1/HLA-A/STAT3/ATG5/KLF4/PTPN2/IL10RB/IL1B/NLRP3/CD69/RORA/IL1R2/CLEC12A/TNFAIP3/DUSP1/PADI2",0.557332238758646
"GO:0002495","antigen processing and presentation of peptide antigen via MHC class II",22,-0.541186412738651,-1.7367132485252,0.00937559344313276,0.14567954544654,0.105590021348505,2629,"tags=55%, list=30%, signal=38%","IFI30/HLA-DQA1/CTSS/B2M/AP3B1/HLA-DMA/HLA-DMB/HLA-DRA/HLA-DRB1/CTSL/HLA-DPA1/HLA-DPB1",0.380730400722792
"GO:0003229","ventricular cardiac muscle tissue development",17,0.578976473898831,1.73521532266378,0.0133235499625546,0.167748496428306,0.12158582225632,779,"tags=29%, list=9%, signal=27%","MBD2/TPM1/NOG/MBD3/MED1",0.380730400722792
"GO:0002220","innate immune response activating cell surface receptor signaling pathway",65,-0.441601527115021,-1.73239516590968,0.00100313359499032,0.0505338461903333,0.0366274474683715,1761,"tags=34%, list=20%, signal=27%","PIK3AP1/APPL1/PJA2/HMGB1/TLR5/KLRC1/MFHAS1/TLR1/RIPK2/TAX1BP1/WDFY1/EP300/PLCG2/NMI/TLR6/FFAR2/CLEC7A/FCN1/TBK1/PTPN22/NFKBIA/TNFAIP3",0.45505986738723
"GO:0071676","negative regulation of mononuclear cell migration",15,-0.618471013560984,-1.73052713374966,0.00703472540950302,0.131974042129432,0.0956561326655778,36,"tags=20%, list=0%, signal=20%","CD69/DUSP1/PADI2",0.407017918923954
"GO:0002709","regulation of T cell mediated immunity",57,-0.446692639260579,-1.72276737567589,0.00213043414425052,0.0760789245723146,0.0551427809932999,1582,"tags=40%, list=18%, signal=33%","IL18/HMGB1/IL12RB1/KLRC1/PTPRC/CCR2/FUT7/KLHL22/HLA-B/CD55/TNFRSF1B/WAS/HLA-E/ZBTB1/HLA-DRA/HLA-C/FADD/HLA-DRB1/HLA-A/PRKAA1/MALT1/IL1B/NLRP3",0.431707695803346
"GO:0046632","alpha-beta T cell differentiation",91,-0.411868451185244,-1.72168670174716,0.000784436990263258,0.0440365266653212,0.0319181239648474,2538,"tags=53%, list=29%, signal=38%","ZC3H12A/NKAP/SMAD7/PSMA6/EOMES/PSMB2/PIK3R1/RHOA/PSMA2/PSMA5/IL18RAP/PSMB10/AP3B1/RUNX1/ZNF683/RC3H1/PSMA1/IL18/HMGB1/MEN1/STAT4/IL12RB1/ZBTB16/CD86/SEMA4A/NFKBIZ/PSMA4/CBFB/CRACR2A/TNFSF8/BRD2/EP300/ATF2/HLA-DRA/MYB/SOCS3/SOCS1/HLA-DRB1/CTSL/STAT3/JUNB/PRDM1/MALT1/SLAMF6/TBK1/NLRP3/CD69/RORA",0.477270815362862
"GO:0090280","positive regulation of calcium ion import",11,-0.67043582588911,-1.72151978766218,0.0076163128894562,0.134808738143375,0.0977107492674572,1207,"tags=55%, list=14%, signal=47%","MS4A1/PPP3CB/PPP3CA/PPP3CC/TRPV2/CCL3",0.407017918923954
"GO:0032496","response to lipopolysaccharide",162,-0.368654434782979,-1.72046312316892,0.000169718385772988,0.0170782583074747,0.012378495922362,2320,"tags=39%, list=26%, signal=29%","B2M/GBP2/PDCD4/CAPN2/RHOA/CCL2/IL18RAP/TRAF6/HAVCR2/F2R/CTR9/LIAS/MAP2K3/PELI1/GBP3/NFKB2/IL18/HMGB1/PPARD/TNIP1/IL10RA/SMAD3/JAK2/TRIB1/TSPO/BCL10/CD86/IRAK3/PLAA/CD55/TNFRSF1B/ALAD/CSF2RB/PLSCR3/CX3CR1/GCH1/CD40/NFKBIZ/TLR1/CASP8/CD68/ABCA1/GBP5/PDE4B/PLCG2/HNRNPA0/TLR6/AKAP8/NFKBIB/PAF1/CXCL10/MALT1/XBP1/ERBIN/SOD2/CXCL8/ZFP36/PTPN22/IL1B/NLRP3/FOS/NR4A1/TNFAIP3",0.518848077743792
"GO:0043162","ubiquitin-dependent protein catabolic process via the multivesicular body sorting pathway",30,-0.519360552167218,-1.72041244528317,0.00400957929800058,0.0969768600165703,0.0702898178881151,2293,"tags=57%, list=26%, signal=42%","TSG101/HGS/VPS37B/VPS25/CHMP2A/SNF8/MVB12B/VPS4B/PLAA/VPS36/RNF126/CHMP1B/CHMP2B/CHMP4A/CHMP6/PTPN23/UBAP1",0.407017918923954
"GO:0032637","interleukin-8 production",51,-0.449107074272785,-1.71807985840374,0.00200023108697874,0.0760789245723146,0.0551427809932999,1613,"tags=41%, list=18%, signal=34%","RAB1A/BCL3/HMGB1/RIPK1/TLR5/PTPRC/BCL10/ANXA4/PARK7/TLR1/TLR6/CD74/FFAR2/FADD/MAP2K5/STAT3/KLF4/CLEC7A/FCN1/PTPN22/IL1B",0.431707695803346
"GO:0032677","regulation of interleukin-8 production",51,-0.449107074272785,-1.71807985840374,0.00200023108697874,0.0760789245723146,0.0551427809932999,1613,"tags=41%, list=18%, signal=34%","RAB1A/BCL3/HMGB1/RIPK1/TLR5/PTPRC/BCL10/ANXA4/PARK7/TLR1/TLR6/CD74/FFAR2/FADD/MAP2K5/STAT3/KLF4/CLEC7A/FCN1/PTPN22/IL1B",0.431707695803346
"GO:0071347","cellular response to interleukin-1",52,-0.453729977922789,-1.7163048798667,0.00269291094065505,0.0836858048809672,0.0606563254770099,2184,"tags=48%, list=25%, signal=36%","MAPK13/CCL2/TRAF6/CD47/RPS6KA5/ZBP1/RC3H1/GBP3/IL1RN/RBMX/TANK/IRAK3/CFL1/USP10/CD40/VRK2/GBP1/KLF2/TAX1BP1/EGR1/CXCL8/IL1B/IL1R2/NFKBIA/CCL3",0.431707695803346
"GO:0070873","regulation of glycogen metabolic process",15,0.569664863085451,1.71183393728017,0.0238405670587268,0.226900133017909,0.164459532159453,743,"tags=40%, list=8%, signal=37%","AKT1/PASK/PPP1R3D/EPM2AIP1/DYRK2/PHKG2",0.352487857583619
"GO:0001573","ganglioside metabolic process",14,-0.618556433951078,-1.71160085629313,0.0101137085345516,0.149177200884637,0.108125157707191,1190,"tags=43%, list=13%, signal=37%","GLB1/ST8SIA4/CLN6/GM2A/ST3GAL2/ST6GALNAC6",0.380730400722792
"GO:0070198","protein localization to chromosome, telomeric region",14,-0.617887766493062,-1.70975059376105,0.0104225181532609,0.150996695380517,0.109443945887609,2175,"tags=43%, list=25%, signal=32%","TNKS/ACD/ATR/XRCC5/TNKS2/GNL3L",0.380730400722792
"GO:0060071","Wnt signaling pathway, planar cell polarity pathway",12,0.63306407869595,1.70868420578132,0.0156454657986803,0.178676465218602,0.129506525566632,1550,"tags=50%, list=18%, signal=41%","NPHP3/DVL3/CDC42/RYK/DAAM1/SMURF2",0.352487857583619
"GO:0015718","monocarboxylic acid transport",56,-0.449399900491113,-1.70808059460577,0.00162257949569196,0.0690391759041713,0.0500402993107898,1641,"tags=34%, list=19%, signal=28%","SLC16A5/PNPLA8/LYPLA1/PPARD/SLC27A4/CPT1B/SLC16A6/FABP5/ACSL5/ABCD3/EMB/PLA2G12A/ABCD2/CPT1A/SLC25A20/IL1B/CES1/ACSL1/GOT2",0.45505986738723
"GO:1902001","fatty acid transmembrane transport",16,-0.5889638710698,-1.70768002248764,0.0120252443026783,0.159863963333391,0.115871032199396,551,"tags=38%, list=6%, signal=35%","ACSL5/ABCD3/ABCD2/CPT1A/SLC25A20/ACSL1",0.380730400722792
"GO:0042254","ribosome biogenesis",285,0.321638424382621,1.70755927198939,6.06498612610279e-06,0.00123452792596822,0.000894798440362697,2215,"tags=38%, list=25%, signal=29%","NOL9/NGRN/SURF6/RPS28/NOLC1/TCOF1/RPS15A/RNASEL/YBEY/NSUN5/NOP2/RPS25/RPL27/RPS21/C1D/UTP4/RPL11/RPS27A/DDX18/UTP14A/RPL26/DDX17/TSR3/MTERF3/PES1/UTP20/RPS13/RPS12/FAU/RPS15/GEMIN4/RPS23/NOL10/RPS8/RPS24/DDX56/CUL4A/KRI1/RPL5/AK6/DDX51/RPL35A/ERI3/DHX37/RPS14/RPF1/RBM10/NSUN6/RPS11/TSR1/DROSHA/DDX27/NOP56/RIOX2/RPL14/RIOK2/MTG2/POP5/AATF/NUP88/SRFBP1/TRMT112/SIRT7/RPS6/RPL37/PA2G4/RPL7/LTO1/MYBBP1A/EMG1/COPRS/LAS1L/WDR18/RPS7/NOA1/XRN2/WDR46/RPL35/ZNF574/EBNA1BP2/RPSA/REXO4/RPL7A/RPS9/DCAF13/ERI1/POP4/RAN/RPP38/DIMT1/RPLP0/FBL/NOP10/BOP1/MTERF4/FTSJ3/RPS5/RPS27/NHP2/KAT2B/PPAN/NOP16/PIN4/KRR1/RBIS/NOP53/RRP36/NSA2",0.610526878385931
"GO:1901623","regulation of lymphocyte chemotaxis",17,-0.582588843260366,-1.70585434318215,0.0134223090244451,0.168129907810819,0.121862273119059,1554,"tags=35%, list=18%, signal=29%","CCL4/NEDD9/CCR2/CXCL10/CCL3/PADI2",0.380730400722792
"GO:0043372","positive regulation of CD4-positive, alpha-beta T cell differentiation",20,-0.558533070856685,-1.70543810271101,0.0120100043198438,0.159863963333391,0.115871032199396,1582,"tags=55%, list=18%, signal=45%","IL18/IL12RB1/CD86/NFKBIZ/BRD2/EP300/HLA-DRA/SOCS1/HLA-DRB1/MALT1/NLRP3",0.380730400722792
"GO:1902275","regulation of chromatin organization",24,0.507108709488151,1.7051176648374,0.0139114207303767,0.171097866445207,0.124013479828319,1749,"tags=54%, list=20%, signal=44%","TLK2/CABIN1/SAMD1/KMT2A/DYRK1A/L3MBTL3/UBN1/SETD1A/ERI3/PHF2/KDM1A/PHF8/ERI1",0.380730400722792
"GO:0016045","detection of bacterium",11,-0.662896342273288,-1.70216018644132,0.00882540754239641,0.142008830454924,0.102929449659179,1229,"tags=55%, list=14%, signal=47%","HLA-B/TLR1/TLR6/HLA-DRB1/HLA-A/NAIP",0.380730400722792
"GO:0034097","response to cytokine",471,-0.328975708527441,-1.7013369447732,1.16257580575426e-07,3.64065085017354e-05,2.63878089277363e-05,1820,"tags=29%, list=21%, signal=25%","RC3H1/IFNGR1/IKBKE/PTPN1/NSMAF/YTHDF3/RNF113A/IFNAR2/GBP3/IL1RN/PSMC2/CALM1/APPL1/CD38/GPR35/PSMC5/SIN3A/PSMA1/SP100/NFKB2/IL18/PSME1/ETV3/CCL4/YBX3/RIPK1/PDE12/RBMX/GAPDH/RIPOR1/TANK/STAT4/TRAF1/IL12RB1/IL10RA/JAK2/PTPRC/CCR2/RO60/CISH/IFNG/HDAC4/RELB/TIFA/IRAK3/PIM1/NFE2L2/PSMB7/TNFRSF1B/RFFL/IFIH1/LIMS1/PSMC4/CSF2RB/CFL1/CX3CR1/TTLL12/USP10/CALCOCO2/GCH1/ANXA4/GIGYF2/DDOST/CD40/STAT1/NFKBIZ/CYLD/VRK2/CASP8/PSMA4/SAMHD1/OSM/BCL2L1/GBP1/KYNU/KLF2/TAX1BP1/BCL2/ABCA1/UGCG/SH2B3/PSMD1/GBP5/METTL3/CXCR4/BIRC3/TPR/MCL1/TRADD/PSMD12/IFI27/CD74/SOCS3/PLSCR1/SOCS1/FADD/CREB1/CCR1/MAP2K5/ZFP36L2/REL/EGR1/ADRM1/SOS1/STAT3/IRF1/IFIT5/KLF4/PTPN2/TNFRSF4/PARP9/FAS/NUB1/CXCL10/XBP1/TBK1/ERBIN/EIF5A/TAF9/IL10RB/ITGA4/GBP4/CXCL8/ZFP36/IL15/IL1B/FOS/PNPT1/HLA-DPA1/ADIPOR2/NAIP/CCL3L1/IL1R2/NFKBIA/TNFAIP3/CCL3/DUSP1/PADI2",0.704975715167238
"GO:0002504","antigen processing and presentation of peptide or polysaccharide antigen via MHC class II",23,-0.548308103809723,-1.70009536448729,0.00733856090440072,0.132191510804493,0.095813756180752,2629,"tags=57%, list=30%, signal=40%","IFI30/HLA-DQA1/CTSS/B2M/AP3B1/ARL8B/HLA-DMA/HLA-DMB/HLA-DRA/HLA-DRB1/CTSL/HLA-DPA1/HLA-DPB1",0.407017918923954
"GO:0003208","cardiac ventricle morphogenesis",18,0.544948453153615,1.69775615497505,0.0211815868331766,0.213131882139046,0.154480163403362,1285,"tags=33%, list=15%, signal=29%","TPM1/SOX4/NOG/TGFBR2/MED1/GATA3",0.352487857583619
"GO:0002237","response to molecule of bacterial origin",165,-0.371200809285536,-1.69579027887129,8.18168439457214e-05,0.00951646776294376,0.00689763295987454,2333,"tags=39%, list=26%, signal=30%","AHR/B2M/GBP2/PDCD4/CAPN2/RHOA/CCL2/IL18RAP/TRAF6/HAVCR2/F2R/CTR9/LIAS/MAP2K3/PELI1/GBP3/NFKB2/IL18/HMGB1/PPARD/TNIP1/IL10RA/SMAD3/JAK2/TRIB1/TSPO/BCL10/CD86/CXCL2/IRAK3/PLAA/CD55/TNFRSF1B/ALAD/CSF2RB/PLSCR3/CX3CR1/GCH1/CD40/NFKBIZ/TLR1/CASP8/CD68/ABCA1/GBP5/PDE4B/PLCG2/HNRNPA0/TLR6/AKAP8/NFKBIB/PAF1/CXCL10/MALT1/XBP1/ERBIN/SOD2/CXCL8/ZFP36/PTPN22/IL1B/NLRP3/FOS/NR4A1/TNFAIP3",0.538434096309916
"GO:0090207","regulation of triglyceride metabolic process",18,0.543243492908033,1.69244444753892,0.0227361565904761,0.220970816851314,0.160161903287165,822,"tags=28%, list=9%, signal=25%","CTDNEP1/SREBF1/DAGLB/ABHD5/PRKACA",0.352487857583619
"GO:0050728","negative regulation of inflammatory response",91,-0.404576999952841,-1.69120707994767,0.0011286870857664,0.0547010134066075,0.0396478527969333,1723,"tags=31%, list=20%, signal=25%","IL1RN/RB1/PSMA1/PPARD/IL10RA/SMAD3/PTPRC/SLC39A8/TNFRSF1B/AOAH/GRN/MFHAS1/CYLD/PRKAR1A/MKRN2/FAM76B/HLA-DRB1/STAT3/KLF4/PTPN2/IL10RB/IL1B/NLRP3/CD69/RORA/IL1R2/CLEC12A/TNFAIP3",0.45505986738723
"GO:1903426","regulation of reactive oxygen species biosynthetic process",27,-0.522335200913019,-1.68939537737048,0.00593852101969065,0.121486025483219,0.0880543111594591,1128,"tags=37%, list=13%, signal=32%","CFLAR/PARK7/SLC25A33/PLCG2/RAB27A/TLR6/STAT3/FAS/ABCD2/SOD2",0.407017918923954
"GO:0002686","negative regulation of leukocyte migration",21,-0.548198694640406,-1.68907060583418,0.0124647361309577,0.160075522994098,0.116024372800659,360,"tags=19%, list=4%, signal=18%","HMOX1/CD69/DUSP1/PADI2",0.380730400722792
"GO:0140894","endolysosomal toll-like receptor signaling pathway",38,-0.483554150076806,-1.68673046722896,0.00359335565930589,0.0937727621091942,0.0679674550237506,2109,"tags=37%, list=24%, signal=28%","TRAF6/ZDHHC3/HAVCR2/TLR7/PIK3AP1/SLC15A4/HMGB1/DDX3X/WDFY1/PLD3/IRF1/PTPN22/FCRL3/TNFAIP3",0.431707695803346
"GO:1901099","negative regulation of signal transduction in absence of ligand",16,-0.581469986479321,-1.68595176777697,0.0144464011262863,0.174257166929206,0.126303373063016,810,"tags=44%, list=9%, signal=40%","BCL2L1/BCL2/MCL1/MAP2K5/KLF4/EYA3/IL1B",0.380730400722792
"GO:2001240","negative regulation of extrinsic apoptotic signaling pathway in absence of ligand",16,-0.581469986479321,-1.68595176777697,0.0144464011262863,0.174257166929206,0.126303373063016,810,"tags=44%, list=9%, signal=40%","BCL2L1/BCL2/MCL1/MAP2K5/KLF4/EYA3/IL1B",0.380730400722792
"GO:0033145","positive regulation of intracellular steroid hormone receptor signaling pathway",10,0.657587812797177,1.68533642278023,0.0169865769192457,0.187914007169155,0.136201990250963,665,"tags=30%, list=8%, signal=28%","HDAC1/TAF1/PAGR1",0.352487857583619
"GO:0070555","response to interleukin-1",66,-0.422283533066168,-1.68468091949614,0.00289154398562505,0.0859401378076417,0.0622902889900382,2184,"tags=42%, list=25%, signal=32%","MAPK13/CCL2/TRAF6/CD47/RPS6KA5/ZBP1/RC3H1/GBP3/IL1RN/CD38/RBMX/TANK/HDAC4/IRAK3/CFL1/USP10/CD40/VRK2/GBP1/KLF2/TAX1BP1/EGR1/TAF9/CXCL8/IL1B/IL1R2/NFKBIA/CCL3",0.431707695803346
"GO:1901652","response to peptide",475,-0.328742430258359,-1.6846482990126,3.16371503360768e-07,8.58632260121123e-05,6.22345425356749e-05,1820,"tags=29%, list=21%, signal=25%","RC3H1/IFNGR1/IKBKE/PTPN1/NSMAF/YTHDF3/RNF113A/IFNAR2/GBP3/IL1RN/PSMC2/CALM1/APPL1/CD38/GPR35/PSMC5/SIN3A/PSMA1/SP100/NFKB2/IL18/PSME1/ETV3/CCL4/YBX3/RIPK1/PDE12/RBMX/GAPDH/RIPOR1/TANK/STAT4/TRAF1/IL12RB1/IL10RA/JAK2/PTPRC/CCR2/RO60/CISH/IFNG/HDAC4/RELB/TIFA/IRAK3/PIM1/NFE2L2/PSMB7/TNFRSF1B/RFFL/IFIH1/LIMS1/PSMC4/CSF2RB/CFL1/CX3CR1/TTLL12/USP10/CALCOCO2/GCH1/ANXA4/GIGYF2/DDOST/CD40/STAT1/NFKBIZ/CYLD/VRK2/CASP8/PSMA4/SAMHD1/OSM/BCL2L1/GBP1/KYNU/KLF2/TAX1BP1/BCL2/ABCA1/UGCG/SH2B3/PSMD1/CALR/GBP5/METTL3/CXCR4/BIRC3/TPR/MCL1/TRADD/PSMD12/IFI27/CD74/SOCS3/PLSCR1/SOCS1/FADD/CREB1/CCR1/MAP2K5/ZFP36L2/REL/EGR1/ADRM1/SOS1/STAT3/IRF1/IFIT5/KLF4/PTPN2/TNFRSF4/PARP9/FAS/NUB1/CXCL10/XBP1/TBK1/ERBIN/EIF5A/TAF9/IL10RB/ITGA4/GBP4/CXCL8/ZFP36/IL15/IL1B/FOS/PNPT1/HLA-DPA1/ADIPOR2/NAIP/CCL3L1/IL1R2/NFKBIA/TNFAIP3/CCL3/DUSP1/PADI2",0.674962860011025
"GO:0043370","regulation of CD4-positive, alpha-beta T cell differentiation",36,-0.480416198626439,-1.68322629784625,0.00590104258447627,0.121329011926277,0.0879405061309035,1983,"tags=50%, list=22%, signal=39%","AP3B1/RUNX1/RC3H1/IL18/HMGB1/IL12RB1/CD86/NFKBIZ/CBFB/BRD2/EP300/HLA-DRA/SOCS1/HLA-DRB1/JUNB/MALT1/NLRP3/CD69",0.407017918923954
"GO:0043367","CD4-positive, alpha-beta T cell differentiation",78,-0.409384259260107,-1.68296571097508,0.00199347445442,0.0760789245723146,0.0551427809932999,2156,"tags=45%, list=24%, signal=34%","PSMA2/PSMA5/IL18RAP/PSMB10/AP3B1/RUNX1/RC3H1/PSMA1/IL18/HMGB1/MEN1/STAT4/IL12RB1/CD86/SEMA4A/NFKBIZ/PSMA4/CBFB/CRACR2A/BRD2/EP300/HLA-DRA/MYB/SOCS3/SOCS1/HLA-DRB1/CTSL/STAT3/JUNB/MALT1/SLAMF6/TBK1/NLRP3/CD69/RORA",0.431707695803346
"GO:0002286","T cell activation involved in immune response",78,-0.408250830397811,-1.67830622085565,0.0021032039951895,0.0760789245723146,0.0551427809932999,2156,"tags=45%, list=24%, signal=34%","PSMA2/PSMA5/IL18RAP/PSMB10/HAVCR2/RC3H1/PSMA1/IL18/HMGB1/MEN1/STAT4/IL12RB1/CD86/EIF2AK4/HLA-DMB/ICAM1/SEMA4A/NFKBIZ/PSMA4/CRACR2A/BRD2/EP300/HLA-DRA/MYB/CD74/SOCS3/HLA-DRB1/STAT3/JUNB/MALT1/SLAMF6/NLRP3/LCP1/CD69/RORA",0.431707695803346
"GO:0071219","cellular response to molecule of bacterial origin",124,-0.377856126854443,-1.67708187579252,0.000608699973478959,0.0364414351769536,0.026413124138397,2333,"tags=40%, list=26%, signal=30%","AHR/B2M/GBP2/PDCD4/CAPN2/RHOA/CCL2/IL18RAP/TRAF6/HAVCR2/CTR9/MAP2K3/GBP3/IL18/HMGB1/PPARD/TNIP1/SMAD3/JAK2/TRIB1/TSPO/BCL10/CD86/IRAK3/PLAA/CD55/TNFRSF1B/PLSCR3/CX3CR1/CD40/NFKBIZ/TLR1/CD68/ABCA1/GBP5/PDE4B/PLCG2/TLR6/AKAP8/NFKBIB/PAF1/CXCL10/MALT1/XBP1/CXCL8/ZFP36/PTPN22/IL1B/NLRP3/TNFAIP3",0.477270815362862
"GO:0006364","rRNA processing",207,0.328731817866411,1.67672523785182,7.6876638192925e-05,0.00920484688480581,0.00667176696699017,2215,"tags=39%, list=25%, signal=30%","NOL9/RPS28/NOLC1/RNASEL/YBEY/NSUN5/NOP2/RPS25/RPL27/RPS21/C1D/UTP4/RPL11/DDX18/UTP14A/RPL26/DDX17/TSR3/PES1/UTP20/RPS13/RPS15/GEMIN4/NOL10/RPS24/DDX56/KRI1/RPL5/AK6/DDX51/RPL35A/ERI3/DHX37/RPS14/RPF1/NSUN6/TSR1/DROSHA/DDX27/NOP56/RPL14/RIOK2/POP5/AATF/SRFBP1/TRMT112/SIRT7/RPS6/RPL37/PA2G4/RPL7/EMG1/COPRS/LAS1L/WDR18/RPS7/XRN2/WDR46/RPL35/EBNA1BP2/REXO4/RPL7A/DCAF13/ERI1/POP4/RPP38/DIMT1/FBL/NOP10/BOP1/MTERF4/FTSJ3/RPS27/NHP2/KAT2B/PPAN/PIN4/KRR1/NOP53/RRP36/NSA2",0.538434096309916
"GO:0150076","neuroinflammatory response",43,-0.455494801140408,-1.67534074586723,0.00601936804880026,0.121569173676448,0.0881145778185237,1582,"tags=37%, list=18%, signal=31%","IL18/JAK2/PTPRC/IFNG/ITGB1/TNFRSF1B/GRN/CX3CR1/LRRK2/TLR1/PLCG2/TLR6/CCR1/ZEB2/IL1B/CCL3",0.407017918923954
"GO:2001251","negative regulation of chromosome organization",61,-0.428454712991627,-1.67319061630038,0.00220597836144658,0.0770809661935363,0.0558690709872216,2175,"tags=38%, list=25%, signal=29%","TNKS/NAA10/DCP2/MAD2L1BP/POT1/ANAPC15/SMG6/ACD/ZNF207/BAZ1B/MAD1L1/TENT4B/DYNLRB1/KLHL22/BUB3/EP300/NBN/TPR/XRCC1/TNKS2/SMARCA5/GNL3L/DUSP1",0.431707695803346
"GO:0032692","negative regulation of interleukin-1 production",21,-0.543035434628783,-1.67316193840907,0.0141067786951012,0.172978000204087,0.125376219965444,61,"tags=19%, list=1%, signal=19%","IL1B/NLRP3/IL1R2/TNFAIP3",0.380730400722792
"GO:0015908","fatty acid transport",40,-0.46493931708778,-1.67196366792666,0.00490120935545559,0.107273243473439,0.0777527417027844,1608,"tags=38%, list=18%, signal=31%","PNPLA8/LYPLA1/PPARD/SLC27A4/CPT1B/FABP5/ACSL5/ABCD3/PLA2G12A/ABCD2/CPT1A/SLC25A20/IL1B/ACSL1/GOT2",0.407017918923954
"GO:2001234","negative regulation of apoptotic signaling pathway",112,-0.382952525130412,-1.66943367587513,0.000566889531855089,0.0364414351769536,0.026413124138397,1681,"tags=35%, list=19%, signal=29%","RB1/TMBIM1/NOC2L/YBX3/RIPK1/PSME3/DDX3X/NFE2L2/RFFL/CFLAR/ICAM1/CX3CR1/LRRK2/PTTG1IP/CSNK2A1/PARK7/ATF4/BCL2L1/HERPUD1/BCL2/MDM2/HTT/MCL1/CD74/MAP2K5/ACAA2/STAT3/HMOX1/BAK1/KLF4/EYA3/SLC35F6/XBP1/SIAH2/TAF9/SOD2/IL1B/NR4A2/TNFAIP3",0.477270815362862
"GO:0008535","respiratory chain complex IV assembly",28,0.473517851940213,1.66900848075973,0.015461477523911,0.177876007050847,0.128926345317148,2068,"tags=39%, list=23%, signal=30%","COA5/CEP89/TMEM223/BCS1L/COX20/COX16/CMC1/SURF1/SCO1/COX19/COA6",0.380730400722792
"GO:1902895","positive regulation of miRNA transcription",26,-0.509268668925938,-1.66825576538012,0.0108440430676745,0.154207212075595,0.11177096115481,547,"tags=27%, list=6%, signal=25%","MYB/EGR1/STAT3/KLF4/POU2F1/FOS/JUN",0.380730400722792
"GO:0002688","regulation of leukocyte chemotaxis",62,-0.419140081733459,-1.66804850097709,0.00466063204709427,0.104192323597917,0.0755196595330655,1838,"tags=29%, list=21%, signal=23%","SWAP70/DPP4/CCL4/HMGB1/NEDD9/CCR2/CX3CR1/PLA2G7/CALR/CD74/CCR1/AKIRIN1/C3AR1/CXCL10/CXCL8/CCL3/DUSP1/PADI2",0.407017918923954
"GO:0046653","tetrahydrofolate metabolic process",12,-0.647951462732435,-1.66754337554361,0.0115988637546259,0.158094816594646,0.114588736587201,1024,"tags=42%, list=12%, signal=37%","GCH1/MTHFD2/MTHFD1/MTHFD2L/AASDHPPT",0.380730400722792
"GO:0032365","intracellular lipid transport",41,-0.460523390064372,-1.6661703303451,0.00454735791398118,0.104192323597917,0.0755196595330655,1877,"tags=41%, list=21%, signal=33%","VPS52/ARL8B/GRAMD1B/RELCH/CPT1B/TPCN2/SCP2/OSBP/ABCA1/RAB7A/ANXA2/ABCD3/TMEM41B/ABCD2/CPT1A/SLC25A20/CES1",0.407017918923954
"GO:0015813","L-glutamate transmembrane transport",10,-0.674526528795,-1.66592960476819,0.0122784329249768,0.160075522994098,0.116024372800659,2053,"tags=70%, list=23%, signal=54%","TTYH3/ARL6IP1/ITGB1/TTYH2/ARL6IP5/SLC25A12/SLC38A6",0.380730400722792
"GO:0071222","cellular response to lipopolysaccharide",122,-0.378008101056094,-1.66567650102276,0.000824772640816428,0.0441795976416274,0.0320218232686599,2320,"tags=40%, list=26%, signal=30%","B2M/GBP2/PDCD4/CAPN2/RHOA/CCL2/IL18RAP/TRAF6/HAVCR2/CTR9/MAP2K3/GBP3/IL18/HMGB1/PPARD/TNIP1/SMAD3/JAK2/TRIB1/TSPO/BCL10/CD86/IRAK3/PLAA/CD55/TNFRSF1B/PLSCR3/CX3CR1/CD40/NFKBIZ/TLR1/CD68/ABCA1/GBP5/PDE4B/PLCG2/TLR6/AKAP8/NFKBIB/PAF1/CXCL10/MALT1/XBP1/CXCL8/ZFP36/PTPN22/IL1B/NLRP3/TNFAIP3",0.477270815362862
"GO:0043328","protein transport to vacuole involved in ubiquitin-dependent protein catabolic process via the multivesicular body sorting pathway",15,-0.595060020805618,-1.66502146363278,0.0123972770221499,0.160075522994098,0.116024372800659,2293,"tags=60%, list=26%, signal=44%","TSG101/HGS/VPS37B/VPS25/SNF8/MVB12B/VPS36/PTPN23/UBAP1",0.380730400722792
"GO:0002292","T cell differentiation involved in immune response",63,-0.420305632722954,-1.66363511223893,0.00288270224854375,0.0859401378076417,0.0622902889900382,2538,"tags=54%, list=29%, signal=39%","ZC3H12A/SMAD7/PSMA6/EOMES/PSMB2/PSMA2/PSMA5/IL18RAP/PSMB10/RC3H1/PSMA1/IL18/HMGB1/MEN1/STAT4/IL12RB1/CD86/SEMA4A/NFKBIZ/PSMA4/CRACR2A/BRD2/EP300/HLA-DRA/MYB/SOCS3/HLA-DRB1/STAT3/JUNB/MALT1/SLAMF6/NLRP3/CD69/RORA",0.431707695803346
"GO:0036257","multivesicular body organization",31,-0.492318329844402,-1.66167822915696,0.00898413789387836,0.14336953629304,0.103915703138041,2293,"tags=52%, list=26%, signal=38%","TSG101/HGS/VPS37B/VPS25/CHMP2A/SNF8/MVB12B/VTA1/VPS4B/VPS36/CHMP1B/CHMP2B/CHMP4A/RAB27A/CHMP6/UBAP1",0.380730400722792
"GO:0090317","negative regulation of intracellular protein transport",23,-0.535388098072312,-1.66003532942543,0.00982266159749712,0.148103908753373,0.107347224616407,1713,"tags=43%, list=19%, signal=35%","DERL2/SUFU/SP100/SUMO1/MDFIC/PARK7/FAM76B/UBE2J1/BARD1/NFKBIA",0.380730400722792
"GO:0001706","endoderm formation",14,-0.59938010343956,-1.65853823836121,0.0155178935825857,0.177953083872413,0.128982211384067,295,"tags=36%, list=3%, signal=35%","PAF1/ITGA4/DUSP2/DUSP5/DUSP1",0.380730400722792
"GO:0035050","embryonic heart tube development",15,0.551874690707789,1.65837474960761,0.0346587607471373,0.2713381057723,0.196668628346826,465,"tags=27%, list=5%, signal=25%","NPHP3/TGFBR2/MICAL2/CDC42",0.321775918075361
"GO:0070886","positive regulation of calcineurin-NFAT signaling cascade",11,-0.645225097325938,-1.65678463120582,0.0132003070247091,0.166889595955251,0.120963282427491,623,"tags=45%, list=7%, signal=42%","PPP3CB/SLC9A1/PPP3CA/PPP3CC/CLEC7A",0.380730400722792
"GO:0106058","positive regulation of calcineurin-mediated signaling",11,-0.645225097325938,-1.65678463120582,0.0132003070247091,0.166889595955251,0.120963282427491,623,"tags=45%, list=7%, signal=42%","PPP3CB/SLC9A1/PPP3CA/PPP3CC/CLEC7A",0.380730400722792
"GO:0001816","cytokine production",448,-0.323000566668809,-1.6559845928099,1.05127224020939e-06,0.000267483080618277,0.000193874466770714,2200,"tags=33%, list=25%, signal=26%","MUL1/ARRB1/MAPK13/PSMA2/ARNT/PSMA5/MORC3/IL18RAP/IFI16/EIF2AK2/TRAF6/ZC3HAV1/SULF2/NFAM1/CD47/RPS6KA5/LAMTOR5/CLU/ZBTB17/PSMB10/HAVCR2/RBX1/F2R/RUNX1/FCGR3A/PIBF1/ZNF683/TLR7/IFNGR1/IKBKE/APPL1/UBA5/PSMA1/RAB1A/IL18/CARD11/BCL3/BTN3A1/HMGB1/BSG/RIPK1/TLR5/FOSL2/GAPDH/TANK/IL12RB1/SMAD3/JAK2/PTPRC/CCR2/PRNP/TSPO/BCL10/ITCH/IFNG/DDX3X/TIGIT/ZBTB45/CD86/RELB/IRAK3/ZBTB20/PPHLN1/KLHL22/HLA-B/CD55/TNFRSF1B/CHID1/IFIH1/CX3CR1/LRRK2/ANXA4/PARK7/STAT1/ARFGEF2/CYLD/TLR1/ATF4/CASP8/PSMA4/RNF135/ILRUN/OSM/RIPK2/GBP1/KLF2/BTN2A1/GBP5/PDE4B/HLA-E/ZBTB1/PLCG2/LTBR/IL32/MYB/TRADD/PLAGL1/TLR6/GPATCH3/PPM1B/CD74/FFAR2/FADD/CREB1/AKAP8/MAP2K5/HLA-DRB1/ZBTB25/HLA-A/REL/EGR1/C3AR1/STAT3/HMOX1/ATG5/GPR174/IRF1/KLF4/LITAF/CLEC7A/FCN1/AKIRIN2/FCGR1A/MALT1/SLAMF6/XBP1/TBK1/PER1/ERBIN/G3BP1/ABCD2/CXCL8/ZFP36/PTPN22/TRIB2/IL15/IL1B/NLRP3/HLA-DPA1/NAIP/RORA/JUN/IL1R2/CLEC12A/NFKBIA/HLA-DPB1/TNFAIP3/CCL3",0.643551836150722
"GO:0140895","cell surface toll-like receptor signaling pathway",48,-0.441898476617296,-1.65577829331806,0.00685053171717026,0.129714021491163,0.094018046641137,1761,"tags=33%, list=20%, signal=27%","PIK3AP1/APPL1/PJA2/HMGB1/TLR5/MFHAS1/TLR1/RIPK2/TAX1BP1/WDFY1/NMI/TLR6/TBK1/PTPN22/NFKBIA/TNFAIP3",0.407017918923954
"GO:0001960","negative regulation of cytokine-mediated signaling pathway",49,-0.447241149772983,-1.65332913434655,0.00240322595068558,0.078899458429363,0.0571871327193232,1790,"tags=41%, list=20%, signal=33%","YTHDF3/RNF113A/IL1RN/TANK/PTPRC/IRAK3/RFFL/TTLL12/ANXA4/GIGYF2/CYLD/SAMHD1/TAX1BP1/SH2B3/METTL3/PTPN2/IL1B/NAIP/IL1R2/PADI2",0.431707695803346
"GO:0010565","regulation of ketone metabolic process",61,-0.423351367002839,-1.65326115733714,0.00255125381793936,0.0813353077986631,0.0589526612025276,1490,"tags=31%, list=17%, signal=26%","GGCX/PPARD/TPK1/PDK3/PLAA/NCOR1/NME1/FABP5/CD74/CREB1/EGR1/ERLIN2/LPGAT1/ERLIN1/ABCD2/CPT1A/IL1B/CES1/PDK4",0.431707695803346
"GO:0036230","granulocyte activation",29,-0.48579187491734,-1.65131756322118,0.0109567826991462,0.154878688778557,0.112257654322223,1408,"tags=28%, list=16%, signal=23%","CCR2/STXBP3/GRN/VAMP7/CXCL8/IL15/CLEC12A/CCL3",0.380730400722792
"GO:0030032","lamellipodium assembly",34,-0.478988990551665,-1.65099886009935,0.00622703081178492,0.12426589428812,0.0900691884406569,1596,"tags=38%, list=18%, signal=31%","ARHGEF6/SRGAP2/SPATA13/ITGB1/WHAMM/CFL1/WAS/AKIRIN1/AUTS2/CCDC88A/ACTR3/ARFIP2/ACTR2",0.407017918923954
"GO:0000075","cell cycle checkpoint signaling",104,-0.380825287828061,-1.65082261188738,0.00120323237188448,0.0576277527757848,0.0417691833620835,2149,"tags=38%, list=24%, signal=29%","RAD17/RINT1/CHFR/DTX3L/WAC/MAD2L1BP/RBX1/ANAPC15/ZNF830/MAP3K20/ZNF207/ATR/MAD1L1/DYNLRB1/CDC5L/KLHL22/BUB3/EIF2AK4/PLK3/NSUN2/HINFP/TOPBP1/CLOCK/NBN/ATF2/USP28/TPR/TIPRL/NABP1/BARD1/NABP2/FEM1B/PARP9/BABAM2/DBF4/MRE11/FBXO6/CDKN1A/DUSP1",0.45505986738723
"GO:0001916","positive regulation of T cell mediated cytotoxicity",14,-0.593913369007634,-1.6434112963051,0.0171938359775133,0.188668750038967,0.136749035585926,1457,"tags=57%, list=17%, signal=48%","IL12RB1/HLA-B/HLA-E/HLA-DRA/HLA-C/FADD/HLA-DRB1/HLA-A",0.352487857583619
"GO:0016072","rRNA metabolic process",244,0.314931653649861,1.64338351967441,5.01344355340485e-05,0.00657034511946973,0.00476225319968785,2215,"tags=38%, list=25%, signal=29%","NOL9/RPS28/NOLC1/TCOF1/RNASEL/YBEY/NSUN5/NOP2/RPS25/RPL27/RPS21/NCL/C1D/UTP4/RPL11/DDX18/UTP14A/RPL26/DDX17/TSR3/PES1/UTP20/RPS13/RPS15/GEMIN4/SLFN5/NOL10/RPS24/DDX56/KRI1/RPL5/AK6/POLR2L/DDX51/RPL35A/ERI3/DHX37/RPS14/RPF1/NSUN6/TSR1/DROSHA/DDX27/DIS3L/NOP56/RPL14/RIOK2/POP5/AATF/SRFBP1/TRMT112/SIRT7/RPS6/RPL37/PA2G4/RPL7/EMG1/COPRS/LAS1L/WDR18/RPS7/SMARCB1/XRN2/WDR46/RPL35/BRF1/EBNA1BP2/REXO4/RPL7A/DCAF13/ERI1/POLR1C/POP4/RPP38/DIMT1/FBL/NOP10/BOP1/MTERF4/FTSJ3/RPS27/MTOR/NHP2/KAT2B/PPAN/RNF10/PIN4/TAF1B/KRR1/NOP53/RRP36/NSA2",0.557332238758646
"GO:0010665","regulation of cardiac muscle cell apoptotic process",16,-0.566671099977819,-1.64304291703919,0.0227456160504604,0.220970816851314,0.160161903287165,2385,"tags=56%, list=27%, signal=41%","PDPK1/CAPN2/PTPN1/GPR35/CAMK2D/JAK2/NFE2L2/CFLAR/ADRB2",0.352487857583619
"GO:0001914","regulation of T cell mediated cytotoxicity",22,-0.511095450604712,-1.6401487905699,0.0215320288682619,0.214785515046656,0.155678733411814,1457,"tags=45%, list=17%, signal=38%","IL12RB1/KLRC1/PTPRC/HLA-B/HLA-E/HLA-DRA/HLA-C/FADD/HLA-DRB1/HLA-A",0.352487857583619
"GO:0061061","muscle structure development",243,0.318896568014709,1.63904116426565,3.43174064118624e-05,0.00498950576795328,0.00361644470362528,2234,"tags=40%, list=25%, signal=31%","TPM1/RPL36/SVIL/LRRC8A/NACA/SOX4/NOG/RPL27/RPL17/RPL32/RPL10A/RPL24/RPL11/RPL30/RPL4/RPL12/ZFPM1/RPL34/RPL9/YY1/DDX17/PDLIM2/ARID1A/PAXBP1/SFMBT1/RPL36A/TCF12/RBM38/VRK3/ACTN1/RPL18A/VPS54/RPL21/HDAC5/SKI/OBSCN/MED1/EHMT1/SMARCD3/RPL19/RPL5/EID2/RPL10/RPL38/UBA52/RPL28/RPL35A/CD81/RPL18/RPL23/ID3/RPL29/RPL39/RPL41/XKR8/RPL14/SMARCA2/RPLP1/UNC45A/RPL15/RPLP2/KDM1A/FHL3/HDGFL2/RPL37/RPL31/MTLN/RPL7/SRF/FLNB/RPL13/COPRS/SMARCB1/LEMD2/CHD2/RPL35/MAML1/RPL7A/ACTL6A/SMARCC2/BTG1/SMARCD1/RPLP0/CCNT2/TTN/BTBD1/FLII/TMOD2/S100B/GLMN/SRA1/QKI/CASP3/CASP7/PLEC/IGSF8/SIRT2",0.557332238758646
"GO:0071345","cellular response to cytokine stimulus",414,-0.318564347529172,-1.63841630197817,6.44923521652935e-06,0.00125023031269005,0.000906179690517603,1880,"tags=30%, list=21%, signal=25%","ZBP1/ZFAND6/CASP4/RC3H1/IFNGR1/IKBKE/PTPN1/NSMAF/YTHDF3/RNF113A/IFNAR2/GBP3/IL1RN/PSMC2/CALM1/APPL1/GPR35/PSMC5/SIN3A/PSMA1/SP100/IL18/PSME1/ETV3/CCL4/YBX3/RIPK1/PDE12/RBMX/GAPDH/RIPOR1/TANK/STAT4/TRAF1/IL12RB1/IL10RA/JAK2/PTPRC/CCR2/RO60/CISH/IFNG/HDAC4/TIFA/IRAK3/PIM1/NFE2L2/PSMB7/TNFRSF1B/RFFL/LIMS1/PSMC4/CSF2RB/CFL1/CX3CR1/TTLL12/USP10/ANXA4/GIGYF2/CD40/STAT1/NFKBIZ/CYLD/VRK2/CASP8/PSMA4/SAMHD1/OSM/GBP1/KLF2/TAX1BP1/ABCA1/UGCG/SH2B3/PSMD1/GBP5/METTL3/CXCR4/BIRC3/TPR/TRADD/PSMD12/IFI27/CD74/SOCS3/SOCS1/FADD/CCR1/ZFP36L2/EGR1/ADRM1/SOS1/STAT3/IRF1/IFIT5/PTPN2/TNFRSF4/PARP9/FAS/CXCL10/XBP1/TBK1/ERBIN/EIF5A/IL10RB/ITGA4/GBP4/CXCL8/ZFP36/IL15/IL1B/FOS/PNPT1/HLA-DPA1/ADIPOR2/NAIP/CCL3L1/IL1R2/NFKBIA/TNFAIP3/CCL3/DUSP1/PADI2",0.610526878385931
"GO:0031114","regulation of microtubule depolymerization",15,0.545229173095362,1.63840507389665,0.0382648363132606,0.291715634140981,0.211438468881979,2235,"tags=53%, list=25%, signal=40%","SPAST/KIF21A/ATXN7/ARHGEF2/CIB1/KATNB1/CKAP2/MID1IP1",0.321775918075361
"GO:0001817","regulation of cytokine production",445,-0.318642373764386,-1.63820381117976,2.66993258150703e-06,0.000603849752184174,0.000437676463287804,2200,"tags=33%, list=25%, signal=26%","MUL1/ARRB1/MAPK13/PSMA2/ARNT/PSMA5/MORC3/IL18RAP/IFI16/EIF2AK2/TRAF6/ZC3HAV1/SULF2/NFAM1/CD47/RPS6KA5/LAMTOR5/CLU/ZBTB17/PSMB10/HAVCR2/RBX1/F2R/RUNX1/FCGR3A/PIBF1/ZNF683/TLR7/IFNGR1/IKBKE/APPL1/UBA5/PSMA1/RAB1A/IL18/CARD11/BCL3/BTN3A1/HMGB1/BSG/RIPK1/TLR5/GAPDH/TANK/IL12RB1/SMAD3/JAK2/PTPRC/CCR2/PRNP/TSPO/BCL10/ITCH/IFNG/DDX3X/TIGIT/ZBTB45/CD86/RELB/IRAK3/ZBTB20/PPHLN1/KLHL22/HLA-B/CD55/TNFRSF1B/CHID1/IFIH1/CX3CR1/LRRK2/ANXA4/PARK7/STAT1/ARFGEF2/CYLD/TLR1/ATF4/CASP8/PSMA4/RNF135/ILRUN/OSM/RIPK2/GBP1/KLF2/BTN2A1/GBP5/PDE4B/HLA-E/ZBTB1/PLCG2/LTBR/IL32/MYB/TRADD/PLAGL1/TLR6/GPATCH3/PPM1B/CD74/FFAR2/FADD/CREB1/AKAP8/MAP2K5/HLA-DRB1/ZBTB25/HLA-A/REL/EGR1/C3AR1/STAT3/HMOX1/ATG5/GPR174/IRF1/KLF4/LITAF/CLEC7A/FCN1/AKIRIN2/FCGR1A/MALT1/SLAMF6/XBP1/TBK1/PER1/ERBIN/G3BP1/ABCD2/CXCL8/ZFP36/PTPN22/TRIB2/IL15/IL1B/NLRP3/HLA-DPA1/NAIP/RORA/IL1R2/CLEC12A/NFKBIA/HLA-DPB1/TNFAIP3/CCL3",0.627256739718528
"GO:0034138","toll-like receptor 3 signaling pathway",17,-0.558400244246473,-1.63502870489422,0.0261544635215271,0.232091916841904,0.168222590062552,701,"tags=24%, list=8%, signal=22%","WDFY1/IRF1/PTPN22/TNFAIP3",0.352487857583619
"GO:0008333","endosome to lysosome transport",55,-0.420891706899788,-1.63476047626526,0.004189124473899,0.0994974118848735,0.0721167396070726,1830,"tags=35%, list=21%, signal=28%","VPS18/VPS33A/ARL8B/CHMP2A/HOOK2/PLEKHF2/VPS4B/TPCN2/M6PR/SCYL2/VAMP7/CHMP1B/DENND3/CHMP2B/RAB7A/CHMP4A/CHMP6/ADRB2/RHOB",0.407017918923954
"GO:0042093","T-helper cell differentiation",68,-0.406616347893448,-1.63367356390664,0.00338616052244312,0.0931422938301752,0.0675104851805435,2538,"tags=51%, list=29%, signal=37%","ZC3H12A/SMAD7/PSMA6/PSMB2/PIK3R1/PSMA2/PSMA5/IL18RAP/PSMB10/RC3H1/PSMA1/IL18/HMGB1/MEN1/STAT4/IL12RB1/CD86/SEMA4A/NFKBIZ/PSMA4/CRACR2A/BRD2/EP300/HLA-DRA/MYB/SOCS3/HLA-DRB1/STAT3/JUNB/MALT1/SLAMF6/TBK1/NLRP3/CD69/RORA",0.431707695803346
"GO:2001239","regulation of extrinsic apoptotic signaling pathway in absence of ligand",17,-0.556475213343127,-1.62939210136976,0.0270511783870545,0.234265725580659,0.169798188822344,810,"tags=41%, list=9%, signal=37%","BCL2L1/BCL2/MCL1/MAP2K5/KLF4/EYA3/IL1B",0.352487857583619
"GO:0003012","muscle system process",173,0.325261334658535,1.62922603347067,0.000404275390774308,0.0304778725155964,0.0220906730571851,1510,"tags=33%, list=17%, signal=28%","TPM1/RPL36/GSTM2/PABPN1/RPL27/RPL17/AKAP9/RPL32/RPL10A/GNAS/RPL24/RPL11/RPL30/RPL4/RPL12/GAA/RPL34/RPL9/YY1/FOXO1/GSN/RPL36A/RPL18A/VPS54/RPL21/CACNA2D4/ARHGEF11/LTB4R/GAMT/PRKACA/IL6ST/RPL19/RPL5/RPL10/RPL38/UBA52/RPL28/RPL35A/RPL18/RPL23/RPL29/RPL39/TNNI2/RPL41/RPL14/RPLP1/RPL15/PIK3CA/RPLP2/SNTB1/GRK2/RPL37/RPL31/RPL7/MAP2K1/SRF/RPL13",0.49849310876659
"GO:0032611","interleukin-1 beta production",61,-0.41681485244817,-1.62773492437819,0.00354872035970865,0.0937727621091942,0.0679674550237506,1534,"tags=31%, list=17%, signal=26%","HMGB1/SMAD3/JAK2/IFNG/CX3CR1/CASP8/RIPK2/GBP5/TLR6/EGR1/STAT3/CLEC7A/MALT1/IL1B/NLRP3/NAIP/IL1R2/TNFAIP3/CCL3",0.431707695803346
"GO:0032651","regulation of interleukin-1 beta production",61,-0.41681485244817,-1.62773492437819,0.00354872035970865,0.0937727621091942,0.0679674550237506,1534,"tags=31%, list=17%, signal=26%","HMGB1/SMAD3/JAK2/IFNG/CX3CR1/CASP8/RIPK2/GBP5/TLR6/EGR1/STAT3/CLEC7A/MALT1/IL1B/NLRP3/NAIP/IL1R2/TNFAIP3/CCL3",0.431707695803346
"GO:0062098","regulation of programmed necrotic cell death",26,-0.496392495274888,-1.62607616109639,0.0135739719286065,0.168989723918523,0.122485476609226,1880,"tags=50%, list=21%, signal=39%","ZBP1/PELI1/YBX3/RIPK1/TSPO/ITCH/CFLAR/CYLD/CASP8/BIRC3/LTBR/FADD/AIFM1",0.380730400722792
"GO:0007204","positive regulation of cytosolic calcium ion concentration",45,-0.445966217523255,-1.62493558169953,0.0101019662064965,0.149177200884637,0.108125157707191,2252,"tags=44%, list=26%, signal=33%","CYSLTR1/CCL2/F2R/SWAP70/CD38/GPR35/ITPR3/HMGB1/JAK2/CCR2/CD55/CX3CR1/ABL1/ASPH/CXCR4/CCR1/C3AR1/SELENOT/CD52/CXCL8",0.380730400722792
"GO:0150078","positive regulation of neuroinflammatory response",10,-0.656818876645215,-1.62219566594155,0.0175562202183236,0.190083437523392,0.13777441551297,1582,"tags=60%, list=18%, signal=49%","IL18/LRRK2/PLCG2/CCR1/IL1B/CCL3",0.352487857583619
"GO:0016525","negative regulation of angiogenesis",41,-0.448312793692984,-1.6219924800366,0.00726856575991921,0.132147540181282,0.0957818858242834,1043,"tags=32%, list=12%, signal=28%","SEMA4A/ROCK1/STAT1/KLF2/NAXE/ATF2/EPN1/ATP2B4/MECP2/CTNND1/KLF4/CXCL10/GADD45A",0.407017918923954
"GO:1901343","negative regulation of vasculature development",41,-0.448312793692984,-1.6219924800366,0.00726856575991921,0.132147540181282,0.0957818858242834,1043,"tags=32%, list=12%, signal=28%","SEMA4A/ROCK1/STAT1/KLF2/NAXE/ATF2/EPN1/ATP2B4/MECP2/CTNND1/KLF4/CXCL10/GADD45A",0.407017918923954
"GO:2000181","negative regulation of blood vessel morphogenesis",41,-0.448312793692984,-1.6219924800366,0.00726856575991921,0.132147540181282,0.0957818858242834,1043,"tags=32%, list=12%, signal=28%","SEMA4A/ROCK1/STAT1/KLF2/NAXE/ATF2/EPN1/ATP2B4/MECP2/CTNND1/KLF4/CXCL10/GADD45A",0.407017918923954
"GO:0036465","synaptic vesicle recycling",50,-0.427188883894371,-1.6198839039902,0.00646472816482524,0.126171988998273,0.0914507453402233,1870,"tags=40%, list=21%, signal=32%","AP2B1/EPS15L1/AP3S1/ITSN1/PLAA/AP3S2/RAB5A/LRRK2/ROCK1/PARK7/SYNJ2/PIK3C3/ACTG1/RAB7A/PPP3CB/CLTA/PPP3CC/ACTB/GIT2/ARF6",0.407017918923954
"GO:0002548","monocyte chemotaxis",26,-0.494321440975523,-1.61929182802006,0.0144839497044085,0.174257166929206,0.126303373063016,1668,"tags=35%, list=19%, signal=28%","GPR35/HMGB1/CCR2/CX3CR1/PLA2G7/CCR1/CXCL10/CCL3/DUSP1",0.380730400722792
"GO:1900153","positive regulation of nuclear-transcribed mRNA catabolic process, deadenylation-dependent decay",12,-0.629146398987584,-1.61914737479663,0.0189687009704743,0.196770009644208,0.142620911229449,437,"tags=33%, list=5%, signal=32%","ZFP36L2/CNOT1/TOB1/ZFP36",0.352487857583619
"GO:0045622","regulation of T-helper cell differentiation",28,-0.495648818847723,-1.61899749549204,0.008999916353948,0.14336953629304,0.103915703138041,1820,"tags=46%, list=21%, signal=37%","RC3H1/IL18/IL12RB1/CD86/NFKBIZ/BRD2/EP300/HLA-DRA/HLA-DRB1/JUNB/MALT1/NLRP3/CD69",0.380730400722792
"GO:0001774","microglial cell activation",26,-0.493643360680194,-1.61707058129687,0.0146356127206674,0.174257166929206,0.126303373063016,1428,"tags=38%, list=16%, signal=32%","JAK2/PTPRC/IFNG/GRN/CX3CR1/LRRK2/TLR1/TLR6/IL1B/CCL3",0.380730400722792
"GO:0002269","leukocyte activation involved in inflammatory response",26,-0.493643360680194,-1.61707058129687,0.0146356127206674,0.174257166929206,0.126303373063016,1428,"tags=38%, list=16%, signal=32%","JAK2/PTPRC/IFNG/GRN/CX3CR1/LRRK2/TLR1/TLR6/IL1B/CCL3",0.380730400722792
"GO:0006677","glycosylceramide metabolic process",11,-0.629680891765428,-1.61687080735785,0.0191774750995341,0.198151018096962,0.14362188025061,738,"tags=36%, list=8%, signal=33%","UGCG/PRKAA1/ST6GALNAC6/GLA",0.352487857583619
"GO:0061900","glial cell activation",31,-0.478946573017971,-1.61654572878655,0.0120555727691847,0.159863963333391,0.115871032199396,1428,"tags=35%, list=16%, signal=30%","JAK2/PTPRC/IFNG/GRN/CX3CR1/LRRK2/TLR1/TLR6/ZEB2/IL1B/CCL3",0.380730400722792
"GO:0140719","constitutive heterochromatin formation",32,0.454533592829775,1.6163951979296,0.00806843269969422,0.137433428955879,0.0996131519560166,981,"tags=31%, list=11%, signal=28%","MBD2/EHMT2/HDAC1/MPHOSPH8/MBD3/KMT2A/RIF1/EHMT1/DOT1L/TRIM28",0.380730400722792
"GO:0009593","detection of chemical stimulus",20,-0.529327442827711,-1.61626094659773,0.0251969980817927,0.230848963804626,0.167321685015525,914,"tags=35%, list=10%, signal=31%","ASPH/TLR1/OR4D1/TLR6/CYB5R4/CLEC7A/NR4A1",0.352487857583619
"GO:0060544","regulation of necroptotic process",23,-0.520772565639583,-1.61471810947965,0.0147725791369239,0.175332856170312,0.127083043603479,1880,"tags=52%, list=21%, signal=41%","ZBP1/PELI1/YBX3/RIPK1/ITCH/CFLAR/CYLD/CASP8/BIRC3/LTBR/FADD/AIFM1",0.380730400722792
"GO:1900242","regulation of synaptic vesicle endocytosis",14,-0.583131576650672,-1.61357711462394,0.0208455371784255,0.211482382313585,0.153284589095034,1084,"tags=50%, list=12%, signal=44%","LRRK2/ROCK1/PARK7/ACTG1/PPP3CB/PPP3CC/ACTB",0.352487857583619
"GO:0034341","response to type II interferon",81,-0.395754791114067,-1.61335089387457,0.00364585111163347,0.093938353642151,0.0680874774568687,2156,"tags=40%, list=24%, signal=30%","PSMA2/PSMA5/CCL2/CD47/PSMB10/IFNGR1/GBP3/CALM1/PSMA1/SP100/PDE12/GAPDH/IL12RB1/JAK2/IFNG/PIM1/CALCOCO2/GCH1/CD40/STAT1/PSMA4/GBP1/KYNU/GBP5/CD74/IRF1/PTPN2/PARP9/NUB1/GBP4/HLA-DPA1/CCL3",0.431707695803346
"GO:1903421","regulation of synaptic vesicle recycling",17,-0.550889696317934,-1.61303737953365,0.0321064095546571,0.260368910950217,0.188718043987921,1254,"tags=47%, list=14%, signal=40%","PLAA/LRRK2/ROCK1/PARK7/ACTG1/PPP3CB/PPP3CC/ACTB",0.321775918075361
"GO:1903670","regulation of sprouting angiogenesis",16,-0.555878672366393,-1.61175065289284,0.0275173525780674,0.234849355021619,0.170221209397688,2385,"tags=56%, list=27%, signal=41%","PDPK1/CLIC3/PPP1R16B/HMGB1/CEMIP2/KLF2/EPN1/KLF4/GLUL",0.352487857583619
"GO:0071320","cellular response to cAMP",21,0.493474488701584,1.61151004146783,0.0451221972650395,0.315239275205204,0.228488644008158,1350,"tags=33%, list=15%, signal=28%","FBP1/CRTC1/AQP9/AKAP9/SLC26A6/ITPR2/AKAP7",0.321775918075361
"GO:0050850","positive regulation of calcium-mediated signaling",25,-0.505323238423827,-1.61098953997359,0.0122716507175694,0.160075522994098,0.116024372800659,1554,"tags=44%, list=18%, signal=36%","CCL4/PTPRC/PRNP/PLCG2/PPP3CB/HTT/SLC9A1/PPP3CA/PPP3CC/CLEC7A/CCL3",0.380730400722792
"GO:0007093","mitotic cell cycle checkpoint signaling",74,-0.392450743399449,-1.6105797907657,0.0124429826647606,0.160075522994098,0.116024372800659,2149,"tags=36%, list=24%, signal=28%","RAD17/RINT1/CHFR/WAC/MAD2L1BP/ANAPC15/ZNF830/MAP3K20/ZNF207/ATR/MAD1L1/DYNLRB1/KLHL22/BUB3/PLK3/TOPBP1/NBN/ATF2/TPR/NABP1/BARD1/NABP2/BABAM2/DBF4/MRE11/CDKN1A/DUSP1",0.380730400722792
"GO:0098703","calcium ion import across plasma membrane",13,-0.59251750679129,-1.61031170917517,0.0212555991521623,0.213131882139046,0.154480163403362,1400,"tags=54%, list=16%, signal=45%","PRNP/MS4A1/PPP3CB/PPP3CA/ATP2B4/PPP3CC/TRPV2",0.352487857583619
"GO:1902656","calcium ion import into cytosol",13,-0.59251750679129,-1.61031170917517,0.0212555991521623,0.213131882139046,0.154480163403362,1400,"tags=54%, list=16%, signal=45%","PRNP/MS4A1/PPP3CB/PPP3CA/ATP2B4/PPP3CC/TRPV2",0.352487857583619
"GO:0006084","acetyl-CoA metabolic process",28,-0.492979142554237,-1.61027720994192,0.0097436948076778,0.147459411011362,0.106880086075238,2441,"tags=46%, list=28%, signal=34%","PPCS/DLST/HMGCS1/DIP2A/PDHB/ACLY/TPK1/PDK3/PDHX/MVD/NME1/DLD/PDK4",0.380730400722792
"GO:0044818","mitotic G2/M transition checkpoint",34,-0.467135622079417,-1.61014218443029,0.00944618327842929,0.146182870825529,0.105954836720147,687,"tags=26%, list=8%, signal=25%","TOPBP1/NBN/NABP1/BARD1/NABP2/BABAM2/DBF4/MRE11/CDKN1A",0.380730400722792
"GO:0003206","cardiac chamber morphogenesis",23,0.484406030507289,1.60921645875624,0.0263647731253607,0.232357599503893,0.168415159567525,779,"tags=26%, list=9%, signal=24%","TPM1/SOX4/NOG/TGFBR2/ZFPM1/MED1",0.352487857583619
"GO:1902750","negative regulation of cell cycle G2/M phase transition",42,-0.4478530101274,-1.60839452319106,0.00841153362779961,0.140919149789186,0.102139637991346,743,"tags=24%, list=8%, signal=22%","ATF5/TOPBP1/NBN/NABP1/BARD1/NABP2/BABAM2/DBF4/MRE11/CDKN1A",0.380730400722792
"GO:0002287","alpha-beta T cell activation involved in immune response",60,-0.406378704055759,-1.6076019533504,0.00936830958058134,0.14567954544654,0.105590021348505,2538,"tags=53%, list=29%, signal=38%","ZC3H12A/SMAD7/PSMA6/EOMES/PSMB2/PSMA2/PSMA5/IL18RAP/PSMB10/RC3H1/PSMA1/IL18/HMGB1/MEN1/STAT4/IL12RB1/CD86/SEMA4A/NFKBIZ/PSMA4/CRACR2A/BRD2/EP300/MYB/SOCS3/STAT3/JUNB/MALT1/SLAMF6/NLRP3/CD69/RORA",0.380730400722792
"GO:0050922","negative regulation of chemotaxis",14,-0.580630122888143,-1.60665536881883,0.021758464540133,0.214996866851654,0.155831923357138,286,"tags=21%, list=3%, signal=21%","PTPN2/DUSP1/PADI2",0.352487857583619
"GO:0001708","cell fate specification",18,0.515627615667802,1.60640874032971,0.0402138370608622,0.300938475505092,0.218123278431221,1190,"tags=33%, list=13%, signal=29%","CHD3/HDAC1/MBD3/MTA2/CHD4/MTA1",0.321775918075361
"GO:0045624","positive regulation of T-helper cell differentiation",14,-0.580491883567223,-1.60627284828057,0.021758464540133,0.214996866851654,0.155831923357138,1582,"tags=57%, list=18%, signal=47%","IL18/IL12RB1/CD86/NFKBIZ/BRD2/EP300/MALT1/NLRP3",0.352487857583619
"GO:0032495","response to muramyl dipeptide",15,-0.57392973925805,-1.605897390297,0.0192285504940944,0.198175769775844,0.14363982052008,793,"tags=27%, list=9%, signal=24%","RIPK2/ERBIN/PTPN22/TNFAIP3",0.352487857583619
"GO:0046634","regulation of alpha-beta T cell activation",66,-0.402427327727414,-1.6054654927782,0.00676067771521329,0.129714021491163,0.094018046641137,1983,"tags=41%, list=22%, signal=32%","AP3B1/RUNX1/ZNF683/RC3H1/IL18/HMGB1/IL12RB1/JAK2/CCR2/ZBTB16/CD86/CD55/NFKBIZ/CBFB/HLA-E/BRD2/EP300/HLA-DRA/SOCS1/HLA-DRB1/HLA-A/IRF1/JUNB/PRDM1/MALT1/NLRP3/CD69",0.407017918923954
"GO:0019217","regulation of fatty acid metabolic process",48,-0.428389078697945,-1.60515904701088,0.00999835629668631,0.149056147647021,0.108037417085095,1489,"tags=31%, list=17%, signal=26%","PPARD/TPK1/PDK3/PLAA/NCOR1/NME1/FABP5/CD74/ERLIN2/LPGAT1/ERLIN1/ABCD2/CPT1A/IL1B/PDK4",0.380730400722792
"GO:1900016","negative regulation of cytokine production involved in inflammatory response",22,-0.498601453963401,-1.60005449222233,0.0294728037494359,0.245365611582727,0.17784349948234,365,"tags=23%, list=4%, signal=22%","STAT3/HMOX1/ABCD2/ZFP36/NFKBIA",0.352487857583619
"GO:0061180","mammary gland epithelium development",13,0.571859509210827,1.59993655416551,0.0336177478659896,0.267823584270927,0.194121267293342,2233,"tags=62%, list=25%, signal=46%","AKT1/DEAF1/LBH/SCRIB/GATA3/ZNF703/LATS1/AKT2",0.321775918075361
"GO:0032729","positive regulation of type II interferon production",52,-0.422834201370978,-1.59943675423413,0.00875222949212393,0.142008830454924,0.102929449659179,2501,"tags=46%, list=28%, signal=33%","CD2/PSMA6/PSMB2/PSMA2/PSMA5/IL18RAP/PSMB10/HAVCR2/TLR7/PSMA1/IL18/BTN3A1/IL12RB1/CCR2/PSMA4/PDE4B/FADD/HLA-A/CLEC7A/SLAMF6/PTPN22/IL1B/HLA-DPA1/HLA-DPB1",0.380730400722792
"GO:0032612","interleukin-1 production",67,-0.398770051118504,-1.59926802480584,0.00879621054484817,0.142008830454924,0.102929449659179,1534,"tags=28%, list=17%, signal=24%","HMGB1/SMAD3/JAK2/IFNG/CX3CR1/CASP8/RIPK2/GBP5/TLR6/EGR1/STAT3/CLEC7A/MALT1/IL1B/NLRP3/NAIP/IL1R2/TNFAIP3/CCL3",0.380730400722792
"GO:0032652","regulation of interleukin-1 production",67,-0.398770051118504,-1.59926802480584,0.00879621054484817,0.142008830454924,0.102929449659179,1534,"tags=28%, list=17%, signal=24%","HMGB1/SMAD3/JAK2/IFNG/CX3CR1/CASP8/RIPK2/GBP5/TLR6/EGR1/STAT3/CLEC7A/MALT1/IL1B/NLRP3/NAIP/IL1R2/TNFAIP3/CCL3",0.380730400722792
"GO:0002478","antigen processing and presentation of exogenous peptide antigen",32,-0.467343944434785,-1.59774786563779,0.00969965867946048,0.147340710761506,0.106794050922685,2629,"tags=53%, list=30%, signal=37%","IFI30/HLA-DQA1/CTSS/B2M/PSMB10/MFSD6/HLA-DMA/HLA-B/HLA-DMB/HLA-E/HLA-DRA/HLA-C/HLA-DRB1/CTSL/HLA-A/HLA-DPA1/HLA-DPB1",0.380730400722792
"GO:0030217","T cell differentiation",184,-0.339817168033845,-1.59742311060104,0.000809096907964348,0.0440365266653212,0.0319181239648474,1582,"tags=29%, list=18%, signal=25%","IL18/HMGB1/MEN1/STAT4/IL12RB1/KLRC1/CD3G/PTPRC/CCR2/ZBTB16/TMEM131L/SMARCA4/PHF10/CD86/NFE2L2/SMARCE1/ABL1/SEMA4A/NFKBIZ/PSMA4/CBFB/CLPTM1/METTL3/ZBTB1/CRACR2A/TNFSF8/BRD2/EP300/ATF2/HLA-DRA/MYB/CD74/SOCS3/SOCS1/FADD/ZFP36L2/HLA-DRB1/CTSL/LIG4/STAT3/ACTB/IRF1/PTPN2/JUNB/PRDM1/MALT1/SLAMF6/XBP1/TBK1/PTPN22/IL1B/NLRP3/CD69/RORA",0.477270815362862
"GO:0002534","cytokine production involved in inflammatory response",40,-0.443793926940809,-1.59592294009293,0.00877472592606384,0.142008830454924,0.102929449659179,716,"tags=25%, list=8%, signal=23%","GBP5/TLR6/STAT3/HMOX1/CLEC7A/XBP1/PER1/ABCD2/ZFP36/NFKBIA",0.380730400722792
"GO:1900015","regulation of cytokine production involved in inflammatory response",40,-0.443793926940809,-1.59592294009293,0.00877472592606384,0.142008830454924,0.102929449659179,716,"tags=25%, list=8%, signal=23%","GBP5/TLR6/STAT3/HMOX1/CLEC7A/XBP1/PER1/ABCD2/ZFP36/NFKBIA",0.380730400722792
"GO:0006536","glutamate metabolic process",10,-0.64579413465082,-1.59496701993677,0.0229336727694382,0.22176480248072,0.160737392174794,350,"tags=30%, list=4%, signal=29%","GCLM/GOT2/GLUL",0.352487857583619
"GO:0046635","positive regulation of alpha-beta T cell activation",40,-0.442718479454642,-1.59205553405187,0.00906966786748594,0.143667773885351,0.104131868788768,1582,"tags=42%, list=18%, signal=35%","IL18/IL12RB1/CCR2/ZBTB16/CD86/CD55/NFKBIZ/CBFB/HLA-E/BRD2/EP300/HLA-DRA/SOCS1/HLA-DRB1/HLA-A/MALT1/NLRP3",0.380730400722792
"GO:0042659","regulation of cell fate specification",11,0.600960548185407,1.5920069676316,0.0376325653576023,0.288220017809152,0.208904810488326,1190,"tags=55%, list=13%, signal=47%","CHD3/HDAC1/MBD3/MTA2/CHD4/MTA1",0.321775918075361
"GO:0048662","negative regulation of smooth muscle cell proliferation",20,-0.520912173872558,-1.59056556512521,0.0316017993599879,0.257301850389022,0.186495007190675,1489,"tags=40%, list=17%, signal=33%","PPARD/TRIB1/IFNG/HMOX1/KLF4/SOD2/CDKN1A/TNFAIP3",0.321775918075361
"GO:0019395","fatty acid oxidation",59,-0.404264838860118,-1.59056523518129,0.011313807589682,0.156661601012229,0.113549927305633,2162,"tags=39%, list=24%, signal=30%","ETFDH/LONP2/ECI2/ACADVL/CYP4V2/PHYH/ECHS1/CRAT/PPARD/CPT1B/SCP2/ETFA/ABCD3/ECH1/ACAA2/DECR1/ACADM/ACOX1/ABCD2/CPT1A/ETFB/ADIPOR2/PDK4",0.380730400722792
"GO:0050687","negative regulation of defense response to virus",11,-0.619161797667609,-1.58986027489763,0.0260158356230031,0.232091916841904,0.168222590062552,1380,"tags=45%, list=16%, signal=38%","ITCH/MICB/ILRUN/PPM1B/ATG5",0.352487857583619
"GO:1905089","regulation of type 2 mitophagy",11,0.600109515282788,1.5897524929997,0.0380185370206893,0.290381733979786,0.210471644431328,2357,"tags=64%, list=27%, signal=47%","TOMM7/PINK1/CDC37/ATP5IF1/HTRA2/HK2/HDAC6",0.321775918075361
"GO:0007064","mitotic sister chromatid cohesion",24,-0.507017631698968,-1.58970760590705,0.0170703613923965,0.18832910902018,0.136502860309124,2175,"tags=50%, list=25%, signal=38%","TNKS/NAA10/PDS5B/NIPBL/RB1/PDS5A/HDAC8/NSMCE2/NAA50/SMC3/STAG1/SLF1",0.352487857583619
"GO:2000059","negative regulation of ubiquitin-dependent protein catabolic process",45,0.410598906908113,1.58959314766259,0.012616367456202,0.161513307906284,0.117066493979078,2259,"tags=53%, list=26%, signal=40%","TLK2/USP7/CBX4/TAF1/RPL11/RYBP/CSNK2A2/DDRGK1/RPL5/RPL23/OGT/CSNK2B/HSP90AB1/FHIT/RPS7/PHF20L1/UBXN1/BAG6/HIPK2/USP5/SGTA/KAT2B/NOP53/FBXO32",0.380730400722792
"GO:0071706","tumor necrosis factor superfamily cytokine production",118,-0.360595831156849,-1.58943632421233,0.00223869592293913,0.0770809661935363,0.0558690709872216,2156,"tags=34%, list=24%, signal=26%","PSMA2/PSMA5/CD47/CLU/PSMB10/HAVCR2/FCGR3A/IFNGR1/PSMA1/HMGB1/RIPK1/JAK2/PTPRC/CCR2/TSPO/BCL10/IFNG/CD86/IRAK3/ZBTB20/IFIH1/CX3CR1/LRRK2/ARFGEF2/TLR1/PSMA4/ILRUN/RIPK2/HLA-E/PLCG2/TLR6/FADD/AKAP8/STAT3/CLEC7A/FCGR1A/ZFP36/PTPN22/TNFAIP3/CCL3",0.431707695803346
"GO:1903555","regulation of tumor necrosis factor superfamily cytokine production",118,-0.360595831156849,-1.58943632421233,0.00223869592293913,0.0770809661935363,0.0558690709872216,2156,"tags=34%, list=24%, signal=26%","PSMA2/PSMA5/CD47/CLU/PSMB10/HAVCR2/FCGR3A/IFNGR1/PSMA1/HMGB1/RIPK1/JAK2/PTPRC/CCR2/TSPO/BCL10/IFNG/CD86/IRAK3/ZBTB20/IFIH1/CX3CR1/LRRK2/ARFGEF2/TLR1/PSMA4/ILRUN/RIPK2/HLA-E/PLCG2/TLR6/FADD/AKAP8/STAT3/CLEC7A/FCGR1A/ZFP36/PTPN22/TNFAIP3/CCL3",0.431707695803346
"GO:0050766","positive regulation of phagocytosis",42,-0.442557667924391,-1.58937712416695,0.0103906758635876,0.150996695380517,0.109443945887609,2128,"tags=40%, list=24%, signal=31%","CCL2/ARAP1/CD47/RAB31/RAP1A/LMAN2/PTPRC/IFNG/CALR/PLCG2/RAB27A/SIRPB1/STAT3/CLEC7A/FCN1/FCGR1A/IL15",0.380730400722792
"GO:0046637","regulation of alpha-beta T cell differentiation",45,-0.43545464447482,-1.58663530603987,0.0161311038966289,0.182371654339138,0.132184836354383,1983,"tags=47%, list=22%, signal=36%","AP3B1/RUNX1/ZNF683/RC3H1/IL18/HMGB1/IL12RB1/ZBTB16/CD86/NFKBIZ/CBFB/BRD2/EP300/HLA-DRA/SOCS1/HLA-DRB1/JUNB/PRDM1/MALT1/NLRP3/CD69",0.352487857583619
"GO:2000402","negative regulation of lymphocyte migration",11,-0.617862290220431,-1.58652344876432,0.0263131562409458,0.232357599503893,0.168415159567525,36,"tags=18%, list=0%, signal=18%","CD69/PADI2",0.352487857583619
"GO:0000302","response to reactive oxygen species",103,-0.366449011951814,-1.58620294279813,0.00271679225599429,0.0837883429860056,0.060730646142048,1526,"tags=27%, list=17%, signal=23%","RIPK1/PRDX1/ERN1/PXN/PRDX5/NFE2L2/CFL1/LRRK2/PLK3/BECN1/ABL1/GCH1/PARK7/KLF2/OSER1/MDM2/MYB/PRKAA1/HMOX1/BAK1/RHOB/KLF4/SOD2/AIFM1/FOS/AREG/TNFAIP3/DUSP1",0.431707695803346
"GO:1901988","negative regulation of cell cycle phase transition",131,-0.349100282108645,-1.58620140609132,0.00231674871264541,0.0781562848611871,0.0566484729322624,2149,"tags=35%, list=24%, signal=27%","RAD17/CCL2/RINT1/TMSB4X/CHFR/DTX3L/WAC/MAD2L1BP/RBX1/ANAPC15/ZNF830/MAP3K20/ZNF207/RB1/ATR/MAD1L1/DYNLRB1/CDC5L/KLHL22/BUB3/EIF2AK4/PLK3/NSUN2/HINFP/ATF5/TOPBP1/CLOCK/NBN/ATF2/SLFN11/USP28/TPR/TIPRL/NABP1/ZFP36L2/BARD1/NABP2/FEM1B/KLF4/PARP9/BABAM2/DBF4/MRE11/FBXO6/CDKN1A/DUSP1",0.431707695803346
"GO:0070266","necroptotic process",29,-0.466590632808036,-1.58604815471954,0.0183178815630547,0.194198166258322,0.140756812895065,1880,"tags=48%, list=21%, signal=38%","ZBP1/PELI1/YBX3/RIPK1/ITCH/CFLAR/CYLD/CASP8/BIRC3/LTBR/IPMK/FADD/FAS/AIFM1",0.352487857583619
"GO:0002456","T cell mediated immunity",71,-0.39658238253189,-1.58577267165664,0.00293721392505075,0.0859401378076417,0.0622902889900382,1582,"tags=35%, list=18%, signal=29%","IL18/HMGB1/IL12RB1/KLRC1/PTPRC/CCR2/FUT7/KLHL22/HLA-B/CD55/TNFRSF1B/WAS/NFKBIZ/HLA-E/ZBTB1/HLA-DRA/HLA-C/FADD/HLA-DRB1/HLA-A/PRKAA1/MALT1/CTSC/IL1B/NLRP3",0.431707695803346
"GO:0042110","T cell activation",336,-0.315737446832695,-1.58560794307908,4.66890631738812e-05,0.00633570587269568,0.00459218427889237,1582,"tags=28%, list=18%, signal=24%","IL18/CARD11/BTN3A1/HMGB1/MEN1/STAT4/IL12RB1/KLRC1/SMAD3/JAK2/CD3G/SIT1/PTPRC/CCR2/PRNP/ZBTB16/TMEM131L/SMARCA4/PHF10/TIGIT/CD86/CBLB/NFE2L2/KLHL22/CD55/SMARCE1/TNFRSF1B/EIF2AK4/HLA-DMB/ICAM1/ABL1/SEMA4A/DDOST/NFKBIZ/CLEC2B/PRKAR1A/CASP8/PSMA4/MICB/MOV10/CBFB/HSH2D/FLOT2/CLPTM1/METTL3/HLA-E/ZBTB1/CRACR2A/TNFSF8/BRD2/EP300/TFRC/LTBR/ATF2/PPP3CB/HLA-DRA/MYB/PPP3CA/SIRPB1/CD74/SOCS3/SOCS1/FADD/SLAMF7/ZFP36L2/SLC7A1/HLA-DRB1/CTSL/HLA-A/PRKAA1/SOS1/LIG4/STAT3/ACTB/PAG1/IRF1/PTPN2/TNFRSF4/CLEC7A/JUNB/PRDM1/MALT1/SLAMF6/XBP1/TBK1/PTPN22/IL15/IL1B/NLRP3/HLA-DPA1/LCP1/CD69/RORA/HLA-DPB1",0.557332238758646
"GO:0006346","DNA methylation-dependent constitutive heterochromatin formation",16,0.537777274426914,1.58529692761307,0.0250827651298358,0.230848963804626,0.167321685015525,981,"tags=44%, list=11%, signal=39%","MBD2/EHMT2/HDAC1/MBD3/KMT2A/EHMT1/TRIM28",0.352487857583619
"GO:0060612","adipose tissue development",28,-0.485280971157804,-1.58513174457056,0.0119750359967131,0.159863963333391,0.115871032199396,1091,"tags=29%, list=12%, signal=25%","DYRK1B/OXCT1/SPTLC2/ZNF516/ARID5B/PRKAA1/XBP1/PUM2",0.380730400722792
"GO:0071624","positive regulation of granulocyte chemotaxis",14,-0.572847027697596,-1.5851188498182,0.0241929403698581,0.228510997241518,0.165627102989242,485,"tags=21%, list=5%, signal=20%","CD74/C3AR1/CXCL8",0.352487857583619
"GO:0090023","positive regulation of neutrophil chemotaxis",14,-0.572847027697596,-1.5851188498182,0.0241929403698581,0.228510997241518,0.165627102989242,485,"tags=21%, list=5%, signal=20%","CD74/C3AR1/CXCL8",0.352487857583619
"GO:0048002","antigen processing and presentation of peptide antigen",46,-0.429498332923712,-1.58378944832106,0.00862152412596679,0.142008830454924,0.102929449659179,2629,"tags=52%, list=30%, signal=37%","IFI30/TAP1/HLA-DQA1/CTSS/B2M/PSMB10/AP3B1/TAP2/MFSD6/HLA-DMA/IDE/HLA-B/HLA-DMB/TAPBPL/CALR/HLA-E/TAPBP/HLA-DRA/HLA-C/HLA-DRB1/CTSL/HLA-A/HLA-DPA1/HLA-DPB1",0.380730400722792
"GO:0032609","type II interferon production",74,-0.385618075884439,-1.58253918592094,0.015712644202471,0.178676465218602,0.129506525566632,2156,"tags=36%, list=24%, signal=28%","PSMA2/PSMA5/IL18RAP/CD47/PSMB10/HAVCR2/ZNF683/TLR7/UBA5/PSMA1/IL18/BTN3A1/HMGB1/IL12RB1/CCR2/PRNP/PSMA4/PDE4B/FADD/HLA-DRB1/HLA-A/CLEC7A/SLAMF6/PTPN22/IL1B/HLA-DPA1/HLA-DPB1",0.352487857583619
"GO:0032649","regulation of type II interferon production",74,-0.385618075884439,-1.58253918592094,0.015712644202471,0.178676465218602,0.129506525566632,2156,"tags=36%, list=24%, signal=28%","PSMA2/PSMA5/IL18RAP/CD47/PSMB10/HAVCR2/ZNF683/TLR7/UBA5/PSMA1/IL18/BTN3A1/HMGB1/IL12RB1/CCR2/PRNP/PSMA4/PDE4B/FADD/HLA-DRB1/HLA-A/CLEC7A/SLAMF6/PTPN22/IL1B/HLA-DPA1/HLA-DPB1",0.352487857583619
"GO:0032881","regulation of polysaccharide metabolic process",19,0.501388307875526,1.58173451017285,0.0314819635897229,0.257301850389022,0.186495007190675,743,"tags=32%, list=8%, signal=29%","AKT1/PASK/PPP1R3D/EPM2AIP1/DYRK2/PHKG2",0.321775918075361
"GO:1905710","positive regulation of membrane permeability",26,-0.482465676038261,-1.58045486549634,0.0171873419409173,0.188668750038967,0.136749035585926,1084,"tags=31%, list=12%, signal=27%","LRRK2/BCL2L1/ATF2/SLC9A1/ACAA2/BAK1/SLC35F6/RHOT1",0.352487857583619
"GO:0014015","positive regulation of gliogenesis",21,-0.512747122423896,-1.57983975733536,0.0327608853056728,0.263922722047982,0.191293882541861,1573,"tags=33%, list=18%, signal=27%","PPP1CC/TSPO/TNFRSF1B/CXCR4/MYB/EGR2/IL1B",0.321775918075361
"GO:0071346","cellular response to type II interferon",51,-0.412962628661179,-1.57980761208248,0.0100322732633957,0.149056147647021,0.108037417085095,1807,"tags=37%, list=20%, signal=30%","IFNGR1/GBP3/CALM1/SP100/PDE12/GAPDH/IL12RB1/JAK2/IFNG/PIM1/STAT1/GBP1/GBP5/IRF1/PTPN2/PARP9/GBP4/HLA-DPA1/CCL3",0.380730400722792
"GO:1903034","regulation of response to wounding",47,-0.422686682095034,-1.57967606000605,0.0106547927523573,0.153211746100286,0.111049437256156,1627,"tags=32%, list=18%, signal=26%","EMILIN2/TMX1/HMGB1/SMAD3/ITGB1/NFE2L2/GRN/ACTG1/SH2B3/SERPING1/STAT3/CLEC7A/XBP1/PUM2/TNFAIP3",0.380730400722792
"GO:0019722","calcium-mediated signaling",94,-0.364378491711824,-1.57961637139002,0.00814193319101116,0.138107541752527,0.100101755791038,2313,"tags=40%, list=26%, signal=30%","CALM3/LAT2/TRAT1/ITPR1/NFAM1/MCTP1/SLA2/HINT1/FCGR3A/CALM1/ITPR3/CCL4/CAMK2D/PTPRC/CCR2/PRNP/TPCN2/CX3CR1/LRRK2/ASPH/GBP1/PLCG2/CXCR4/NCALD/PPP3CB/HTT/SLC9A1/PPP3CA/ATP2B4/CCR1/PRKAA1/PPP3CC/C3AR1/PLEK/CLEC7A/CXCL8/MCOLN2/CCL3",0.380730400722792
"GO:0070424","regulation of nucleotide-binding domain, leucine rich repeat containing receptor signaling pathway",12,-0.613072226753255,-1.57777949314441,0.0264263248760261,0.232357599503893,0.168415159567525,641,"tags=42%, list=7%, signal=39%","BIRC3/SLC46A2/ERBIN/PTPN22/TNFAIP3",0.352487857583619
"GO:0001818","negative regulation of cytokine production",163,-0.342431890851006,-1.57589725810072,0.0014947780659628,0.0668707857860939,0.048468628022567,1431,"tags=25%, list=16%, signal=21%","SMAD3/JAK2/PTPRC/PRNP/TSPO/ITCH/IFNG/TIGIT/RELB/IRAK3/PPHLN1/KLHL22/CHID1/CX3CR1/ANXA4/CYLD/ILRUN/GBP1/KLF2/TLR6/GPATCH3/PPM1B/AKAP8/MAP2K5/HLA-DRB1/REL/STAT3/HMOX1/ATG5/GPR174/KLF4/ERBIN/ABCD2/ZFP36/PTPN22/TRIB2/IL1B/NLRP3/IL1R2/NFKBIA/TNFAIP3",0.45505986738723
"GO:0071605","monocyte chemotactic protein-1 production",10,-0.637531147379159,-1.57455929017072,0.0260968908704282,0.232091916841904,0.168222590062552,272,"tags=30%, list=3%, signal=29%","CLEC7A/ERBIN/IL1B",0.352487857583619
"GO:0071637","regulation of monocyte chemotactic protein-1 production",10,-0.637531147379159,-1.57455929017072,0.0260968908704282,0.232091916841904,0.168222590062552,272,"tags=30%, list=3%, signal=29%","CLEC7A/ERBIN/IL1B",0.352487857583619
"GO:0036258","multivesicular body assembly",30,-0.47532090362996,-1.57452851337261,0.0143344916500876,0.17419616569405,0.126259158745195,2293,"tags=50%, list=26%, signal=37%","TSG101/HGS/VPS37B/VPS25/CHMP2A/SNF8/MVB12B/VTA1/VPS4B/VPS36/CHMP1B/CHMP2B/CHMP4A/CHMP6/UBAP1",0.380730400722792
"GO:0002699","positive regulation of immune effector process",132,-0.352419607262883,-1.57437352323533,0.0027929131621137,0.0854883419771795,0.0619628227610804,1457,"tags=29%, list=17%, signal=24%","IL12RB1/KLRC1/PTPRC/CCR2/BCL10/SASH3/CD86/KLHL22/HLA-B/CD55/HLA-DMB/NFKBIZ/VAMP7/DDX60/PIK3C3/HLA-E/ZBTB1/BRD2/EP300/PLCG2/TFRC/HLA-DRA/HLA-C/CD74/FFAR2/FADD/HLA-DRB1/HLA-A/PRKAA1/TNFRSF4/CLEC7A/FCN1/MALT1/SLAMF6/XBP1/DNAJB9/IL1B/NLRP3",0.431707695803346
"GO:0097581","lamellipodium organization",43,-0.428008311354024,-1.57424357377064,0.0186206595466938,0.195336674460101,0.141582015259356,1596,"tags=33%, list=18%, signal=27%","ARHGEF6/SRGAP2/SPATA13/ITGB1/WHAMM/CFL1/WAS/AKIRIN1/AUTS2/PHPT1/CCDC88A/ACTR3/ARFIP2/ACTR2",0.352487857583619
"GO:0051385","response to mineralocorticoid",14,-0.568913014254005,-1.57423308352569,0.0257144894790717,0.232091916841904,0.168222590062552,83,"tags=21%, list=1%, signal=21%","AIFM1/FOS/FOSB",0.352487857583619
"GO:0071479","cellular response to ionizing radiation",41,-0.434992979680999,-1.57380148824055,0.0112203050476185,0.156661601012229,0.113549927305633,1890,"tags=39%, list=21%, signal=31%","MAP3K20/NIPBL/TMEM109/TANK/ATR/XRCC5/MDM2/CLOCK/WRN/EGR1/BARD1/LIG4/RHOB/BABAM2/GADD45A/CDKN1A",0.380730400722792
"GO:0006959","humoral immune response",73,-0.386304792273913,-1.57348564037795,0.00920302539235326,0.144614721348675,0.104818225974753,1554,"tags=30%, list=18%, signal=25%","CCL4/GAPDH/TFE3/IFNG/CXCL2/CD55/MS4A1/CFD/BCL2/HLA-E/SERPING1/CD83/HLA-DRB1/HLA-A/FCN1/CXCL10/CXCL8/HMGN2/IL1B/IGHA1/CCL3L1/CCL3",0.380730400722792
"GO:0072330","monocarboxylic acid biosynthetic process",95,-0.365872796679662,-1.57319500475302,0.00538921749858268,0.115478323406592,0.0836998673795713,1632,"tags=28%, list=18%, signal=23%","ACLY/PNPLA8/HACD2/GSTM1/PLAA/SCP2/DEGS1/NME1/PRKAG1/PARK7/MTHFD2/OSBP/PTGDS/FABP5/ABCD3/CD74/PRKAA1/ERLIN2/LPGAT1/XBP1/ERLIN1/ACOX1/ABCD2/IL1B/CES1/ACSL1/PDK4",0.407017918923954
"GO:0070509","calcium ion import",23,-0.507013124811192,-1.57205530473949,0.0208833008327342,0.211482382313585,0.153284589095034,623,"tags=30%, list=7%, signal=28%","PPP3CB/PPP3CA/ATP2B4/PPP3CC/TRPV2/FCRL3/CCL3",0.352487857583619
"GO:0010972","negative regulation of G2/M transition of mitotic cell cycle",41,-0.434355446683502,-1.57149489841696,0.0113614391109311,0.15678785973085,0.113641440913489,687,"tags=22%, list=8%, signal=20%","TOPBP1/NBN/NABP1/BARD1/NABP2/BABAM2/DBF4/MRE11/CDKN1A",0.380730400722792
"GO:0001913","T cell mediated cytotoxicity",26,-0.479674995355233,-1.57131318955422,0.0183829539664758,0.194381832720839,0.140889936221602,1457,"tags=42%, list=17%, signal=35%","IL12RB1/KLRC1/PTPRC/HLA-B/HLA-E/HLA-DRA/HLA-C/FADD/HLA-DRB1/HLA-A/CTSC",0.352487857583619
"GO:0050727","regulation of inflammatory response",208,-0.330961024387848,-1.57116042831556,0.000597254966566722,0.0364414351769536,0.026413124138397,2609,"tags=42%, list=30%, signal=31%","TNFRSF1A/CUL1/NLRC3/NKG7/MAP3K8/VAMP8/S100A9/BIRC2/PSMA6/BCL6/ZDHHC5/AHR/GBP2/PDCD4/TRIM65/MAPK13/LPCAT3/ARNT/NR1D2/IFI16/TMSB4X/CD47/RBX1/VPS35/ZBP1/TLR7/CASP4/PIK3AP1/GBP3/IL1RN/RB1/PSMA1/IL18/RIPK1/PPARD/TRAF1/TNIP1/IL10RA/SMAD3/JAK2/PTPRC/CCR2/FUT7/SLC39A8/IFNG/TNFRSF1B/ABCC1/AOAH/GRN/LRRK2/MFHAS1/PARK7/NFKBIZ/CYLD/PRKAR1A/VAMP7/MKRN2/OSM/GBP1/PLA2G7/GBP5/HLA-E/PLCG2/NMI/CLOCK/BIRC3/FAM76B/TRADD/TLR6/FFAR2/CCR1/HLA-DRB1/STAT3/KLF4/PTPN2/NEAT1/IL10RB/IL15/IL1B/NLRP3/NAIP/CD69/RORA/IL1R2/CLEC12A/NFKBIA/TNFAIP3/CCL3",0.477270815362862
"GO:0043124","negative regulation of canonical NF-kappaB signal transduction",66,-0.393360678092568,-1.56929450705996,0.00969677181455552,0.147340710761506,0.106794050922685,1526,"tags=33%, list=17%, signal=28%","RIPK1/TANK/TNIP1/ITCH/SLC39A8/IRAK3/TGFBR3/USP10/ANXA4/STAT1/CYLD/CASP8/PPM1A/TAX1BP1/PPM1B/MAP2K5/STAT3/KLF4/PER1/RORA/NFKBIA/TNFAIP3",0.380730400722792
"GO:0015909","long-chain fatty acid transport",26,-0.478912224009645,-1.56881451297624,0.0186818572545487,0.195336674460101,0.141582015259356,685,"tags=31%, list=8%, signal=28%","FABP5/ACSL5/ABCD3/PLA2G12A/ABCD2/CPT1A/SLC25A20/ACSL1",0.352487857583619
"GO:1902774","late endosome to lysosome transport",20,-0.513656014561097,-1.56840943648251,0.0370190988877267,0.284348587871576,0.206098758557667,1892,"tags=50%, list=21%, signal=39%","VPS35/ARL8B/CHMP2A/VPS4B/LRRK2/C9orf72/CHMP1B/CHMP2B/CHMP4A/CHMP6",0.321775918075361
"GO:1905709","negative regulation of membrane permeability",10,-0.634226749306358,-1.56639816627059,0.027045857305721,0.234265725580659,0.169798188822344,810,"tags=40%, list=9%, signal=36%","BCL2L1/ACAA2/BAK1/SLC35F6",0.352487857583619
"GO:0021915","neural tube development",25,0.459259777697977,1.56558107770206,0.0245833802449546,0.229873965759283,0.166614996481407,1164,"tags=28%, list=13%, signal=24%","SSBP3/ZNF358/DEAF1/PLXNB2/SKI/SCRIB/PKD1",0.352487857583619
"GO:0019884","antigen processing and presentation of exogenous antigen",34,-0.453671301151128,-1.56373281189124,0.0150989224156761,0.17612525259088,0.127657380616324,2629,"tags=50%, list=30%, signal=35%","IFI30/HLA-DQA1/CTSS/B2M/PSMB10/MFSD6/HLA-DMA/HLA-B/HLA-DMB/HLA-E/HLA-DRA/HLA-C/HLA-DRB1/CTSL/HLA-A/HLA-DPA1/HLA-DPB1",0.380730400722792
"GO:0048146","positive regulation of fibroblast proliferation",14,-0.564976727972029,-1.56334102808653,0.02875759069313,0.242385407270667,0.175683416980924,1049,"tags=36%, list=12%, signal=32%","ABL1/MYB/CD74/LIG4/CDKN1A",0.352487857583619
"GO:0035162","embryonic hemopoiesis",10,0.60996666387442,1.56328784582626,0.0352682598745117,0.274002072422018,0.198599498563048,466,"tags=40%, list=5%, signal=38%","LMO2/TGFBR2/ZFPM1/KMT2A",0.321775918075361
"GO:2001185","regulation of CD8-positive, alpha-beta T cell activation",15,-0.558422596010709,-1.56250726922737,0.0238548899365426,0.226900133017909,0.164459532159453,804,"tags=33%, list=9%, signal=30%","CBFB/HLA-E/SOCS1/HLA-A/IRF1",0.352487857583619
"GO:0010212","response to ionizing radiation",81,-0.383280647889478,-1.56249826852781,0.0064775106118003,0.126171988998273,0.0914507453402233,1782,"tags=35%, list=20%, signal=28%","NIPBL/TMEM109/TOP1/MEN1/TANK/SMAD3/PTPRC/ATR/ALAD/XRCC5/XRCC4/MDM2/TOPBP1/CLOCK/USP28/NABP1/PRKAA1/WRN/EGR1/BARD1/NABP2/LIG4/RHOB/EYA3/BABAM2/CXCL10/GADD45A/CDKN1A",0.407017918923954
"GO:0002690","positive regulation of leukocyte chemotaxis",50,-0.411978805592589,-1.5622078689893,0.0115488872255391,0.158094816594646,0.114588736587201,1554,"tags=28%, list=18%, signal=23%","CCL4/HMGB1/NEDD9/CCR2/CX3CR1/PLA2G7/CALR/CD74/CCR1/AKIRIN1/C3AR1/CXCL10/CXCL8/CCL3",0.380730400722792
"GO:0009617","response to bacterium",267,-0.317268291558391,-1.56174338213948,0.000303727556213213,0.0252341812519182,0.0182899921120352,1627,"tags=26%, list=18%, signal=22%","EMILIN2/RAB1A/NFKB2/IL18/HMGB1/PPARD/TNIP1/IL10RA/SMAD3/JAK2/TRIB1/TRAV5/TSPO/BCL10/CD86/CXCL2/IRAK3/PLAA/HLA-B/CD55/TNFRSF1B/TRAV13-1/ALAD/CSF2RB/PLSCR3/GRN/CX3CR1/OPTN/GCH1/CD40/NFKBIZ/TLR1/CASP8/RIPK2/CD68/GBP1/ABCA1/GBP5/PDE4B/RAB7A/HLA-E/PLCG2/HNRNPA0/SLC9A9/TLR6/TRAV17/AKAP8/HLA-DRB1/HLA-A/NFKBIB/PAF1/AKIRIN2/CXCL10/MALT1/XBP1/ERBIN/TRAV10/RAB14/GBP4/SOD2/CXCL8/ZFP36/PTPN22/IL1B/NLRP3/FOS/IGHA1/NAIP/NR4A1/TNFAIP3",0.49849310876659
"GO:0000096","sulfur amino acid metabolic process",17,0.520427170718372,1.55974075229674,0.0434416527032184,0.312488394835487,0.226494777840639,1017,"tags=35%, list=12%, signal=31%","MTRR/TST/ADI1/TXN2/APIP/MTAP",0.321775918075361
"GO:0030101","natural killer cell activation",55,-0.401573039965526,-1.55972598962525,0.0103387183806759,0.150996695380517,0.109443945887609,2755,"tags=51%, list=31%, signal=35%","DDB1/IL2RG/AP1G1/NKG7/CD2/VAV1/CORO1A/HAVCR2/RBX1/FCGR3A/PIBF1/ZNF683/DCAF15/IL18/PRDX1/IL12RB1/KLRC1/PTPRC/NFIL3/NFKBIZ/CASP8/VAMP7/HLA-E/ZBTB1/SLAMF7/PRDM1/PTPN22/CLEC12A",0.380730400722792
"GO:0032640","tumor necrosis factor production",115,-0.353229091453365,-1.55907469833126,0.00255733711575261,0.0813353077986631,0.0589526612025276,2156,"tags=33%, list=24%, signal=25%","PSMA2/PSMA5/CD47/CLU/PSMB10/HAVCR2/FCGR3A/IFNGR1/PSMA1/HMGB1/RIPK1/JAK2/PTPRC/CCR2/TSPO/IFNG/IRAK3/ZBTB20/IFIH1/CX3CR1/LRRK2/ARFGEF2/TLR1/PSMA4/ILRUN/RIPK2/HLA-E/PLCG2/TLR6/FADD/AKAP8/STAT3/CLEC7A/FCGR1A/ZFP36/PTPN22/TNFAIP3/CCL3",0.431707695803346
"GO:0032680","regulation of tumor necrosis factor production",115,-0.353229091453365,-1.55907469833126,0.00255733711575261,0.0813353077986631,0.0589526612025276,2156,"tags=33%, list=24%, signal=25%","PSMA2/PSMA5/CD47/CLU/PSMB10/HAVCR2/FCGR3A/IFNGR1/PSMA1/HMGB1/RIPK1/JAK2/PTPRC/CCR2/TSPO/IFNG/IRAK3/ZBTB20/IFIH1/CX3CR1/LRRK2/ARFGEF2/TLR1/PSMA4/ILRUN/RIPK2/HLA-E/PLCG2/TLR6/FADD/AKAP8/STAT3/CLEC7A/FCGR1A/ZFP36/PTPN22/TNFAIP3/CCL3",0.431707695803346
"GO:0002673","regulation of acute inflammatory response",16,-0.536943568063846,-1.55684898416663,0.0491493383742911,0.327474560592044,0.23735690373015,1402,"tags=44%, list=16%, signal=37%","FUT7/PARK7/OSM/HLA-E/FFAR2/IL1B/NLRP3",0.282013350011725
"GO:1903509","liposaccharide metabolic process",66,-0.390166713786776,-1.55655233195204,0.0103943696668575,0.150996695380517,0.109443945887609,1190,"tags=26%, list=13%, signal=22%","GLB1/AOAH/DEGS1/ST8SIA4/CLN6/M6PR/NAGA/PGAP3/GM2A/SPTLC2/UGCG/B4GALT4/ST3GAL2/PRKAA1/PIGQ/ST6GALNAC6/GLA",0.380730400722792
"GO:0001704","formation of primary germ layer",22,-0.484985656499482,-1.55636023957995,0.0412325667734104,0.306896274650683,0.222441552057383,296,"tags=27%, list=3%, signal=26%","KLF4/PAF1/ITGA4/DUSP2/DUSP5/DUSP1",0.321775918075361
"GO:0006633","fatty acid biosynthetic process",75,-0.382987563578859,-1.55620362164754,0.00561071063594198,0.117134374353435,0.084900190007538,1632,"tags=31%, list=18%, signal=25%","ACLY/PNPLA8/HACD2/GSTM1/PLAA/SCP2/DEGS1/NME1/PRKAG1/PTGDS/FABP5/ABCD3/CD74/PRKAA1/ERLIN2/LPGAT1/XBP1/ERLIN1/ACOX1/ABCD2/IL1B/ACSL1/PDK4",0.407017918923954
"GO:0017121","plasma membrane phospholipid scrambling",15,-0.55564274022877,-1.5547290294181,0.0261680643159995,0.232091916841904,0.168222590062552,1142,"tags=47%, list=13%, signal=41%","PLSCR3/ANO9/XRCC4/SERINC5/PLSCR1/VMP1/TMEM41B",0.352487857583619
"GO:0000077","DNA damage checkpoint signaling",69,-0.390113650478858,-1.55381502195255,0.00882042762359542,0.142008830454924,0.102929449659179,765,"tags=22%, list=9%, signal=20%","HINFP/TOPBP1/CLOCK/NBN/ATF2/USP28/TIPRL/BARD1/FEM1B/PARP9/BABAM2/DBF4/MRE11/FBXO6/CDKN1A",0.380730400722792
"GO:1903409","reactive oxygen species biosynthetic process",32,-0.453576724181044,-1.55068071725999,0.0150458363891894,0.17612525259088,0.127657380616324,1128,"tags=34%, list=13%, signal=30%","CFLAR/PARK7/SLC25A33/PLCG2/RAB27A/TLR6/STAT3/FAS/ACOX1/ABCD2/SOD2",0.380730400722792
"GO:0098586","cellular response to virus",39,-0.436329385988827,-1.54969105346678,0.00783576849231079,0.135665276885517,0.0983315772896166,2993,"tags=62%, list=34%, signal=41%","CCL5/LGALS9/IFNAR1/CHUK/HIF1A/BAX/ZC3H12A/ADAR/LGALS8/TLR7/IFNGR1/IKBKE/IFNAR2/SMAD3/IFNG/DDX3X/IFIH1/CALR/ATF2/ARF1/CXCL10/EIF5A/IL10RB/NLRP3",0.380730400722792
"GO:0048771","tissue remodeling",48,-0.413572741181523,-1.54964274327985,0.016540980363652,0.18545368208367,0.134418721518867,2407,"tags=40%, list=27%, signal=29%","NOTCH2/RBPJ/TRAF6/ARAP1/F2R/RUNX1/CD38/TMBIM1/NF1/IL18/CCR2/UBASH3B/ROCK1/RAB7A/PPP3CA/ACP5/IL15/PDK4/TNFAIP3",0.352487857583619
"GO:0032387","negative regulation of intracellular transport",36,-0.441931399818731,-1.54838774409709,0.0211466272244175,0.213131882139046,0.154480163403362,2263,"tags=47%, list=26%, signal=35%","SNX12/DDX39A/ARFIP1/INSIG1/VPS35/DERL2/SUFU/SP100/SUMO1/MDFIC/LRRK2/PARK7/FAM76B/TPR/UBE2J1/BARD1/NFKBIA",0.352487857583619
"GO:0061158","3'-UTR-mediated mRNA destabilization",14,-0.559537228606087,-1.54828944788861,0.0338864853432999,0.268912050355894,0.194910198620637,812,"tags=36%, list=9%, signal=32%","MOV10/PUM1/ZFP36L2/PUM2/ZFP36",0.321775918075361
"GO:0051382","kinetochore assembly",15,-0.553143992956852,-1.54773735178144,0.0270355052777491,0.234265725580659,0.169798188822344,1957,"tags=40%, list=22%, signal=31%","CENPK/SENP6/CENPC/MIS18A/RNF4/ITGB3BP",0.352487857583619
"GO:0051383","kinetochore organization",15,-0.553143992956852,-1.54773735178144,0.0270355052777491,0.234265725580659,0.169798188822344,1957,"tags=40%, list=22%, signal=31%","CENPK/SENP6/CENPC/MIS18A/RNF4/ITGB3BP",0.352487857583619
"GO:0019882","antigen processing and presentation",71,-0.386886963792268,-1.54700461045482,0.00425971445452381,0.100238714129286,0.0726540430395707,2080,"tags=39%, list=24%, signal=30%","CTSH/PSMB10/AP3B1/TAP2/CD8A/MFSD6/ARL8B/HLA-DMA/IDE/HLA-B/HLA-DMB/WAS/TAPBPL/CD68/CALR/HLA-E/RAB33A/TAPBP/HLA-DRA/RAB27A/HLA-C/CD74/RAB8B/HLA-DRB1/CTSL/HLA-A/HLA-DPA1/HLA-DPB1",0.407017918923954
"GO:0002250","adaptive immune response",366,-0.307470488887919,-1.54386820702064,0.000125826007939608,0.0138442615762742,0.0100344620853415,2156,"tags=34%, list=24%, signal=27%","PSMA2/IGKV1-9/PSMA5/TRBV11-2/IL18RAP/PRR7/TRAF6/OTUB1/CTSH/SHLD2/SLA2/LAIR1/CLU/PSMB10/HAVCR2/FCGR3A/TRDV1/TRAV12-1/TRGC2/TRBV13/SUPT6H/ZNF683/TAP2/RC3H1/CD8A/SLC15A4/HLA-DMA/PSMA1/IL18/BTN3A1/HMGB1/STAT4/TRBV11-1/IL12RB1/TRBV30/KLRC1/JAK2/CD3G/SIT1/PTPRC/TRAV5/CCR2/FUT7/TRGV10/TFE3/BCL10/ZBTB16/TRBV29-1/SASH3/IFNG/TRAV3/CD86/KLHL22/HLA-B/CD55/TNFRSF1B/TRAV13-1/EIF2AK4/CSF2RB/TRAV19/HLA-DMB/CX3CR1/TRAV14DV4/WAS/SEMA4A/TRAV29DV5/TRBV20-1/CD40/TRBV24-1/NFKBIZ/RNF19B/PSMA4/MICB/TRGV3/RIPK2/HLA-E/ZBTB1/CRACR2A/BRD2/EP300/TFRC/NBN/HLA-DRA/CTNNBL1/ADGRE1/TRAV17/HLA-C/CD74/SOCS3/FADD/SLAMF7/TRAV22/HLA-DRB1/CTSL/HLA-A/PRKAA1/LIG4/STAT3/PAG1/IRF1/IGKV1-5/CLEC7A/JUNB/TRBV6-6/AKIRIN2/FCGR1A/PRDM1/RTKN2/IGLV3-25/MALT1/SAMSN1/SLAMF6/TRAV10/CTSC/IL1B/NLRP3/HLA-DPA1/IGHA1/MCOLN2/CD69/RORA/HLA-DPB1/TRGV8/TNFAIP3/TRGV4",0.518848077743792
"GO:0007631","feeding behavior",15,-0.551520729322531,-1.54319534139967,0.0290595351800983,0.244424313467314,0.177161237001378,1152,"tags=33%, list=13%, signal=29%","EIF2AK4/OPN3/STAT3/CPT1A/FOS",0.352487857583619
"GO:0031667","response to nutrient levels",263,-0.316404930359229,-1.54314821126852,0.000315125101277754,0.0256574857460347,0.0185968075296265,1489,"tags=25%, list=17%, signal=22%","PPARD/RIPOR1/YWHAZ/SLC27A4/MIOS/YME1L1/TSPO/BCL10/AQP3/EIF2S1/PRR5/PTER/ARSB/PIM1/DEPDC5/WDR45B/NFE2L2/TPCN2/ALAD/EIF2AK4/LRRK2/BECN1/PRKAG1/CD40/NFKBIZ/OXCT1/ATF4/VAMP7/CD68/KYNU/PIK3C3/ABCA1/CSNK1A1/MDM2/EP300/TFRC/ATF2/TBC1D5/UPP1/ITFG2/PMAIP1/PRKAA1/WRN/DRAM1/TRIM25/PLIN2/BCKDHB/GCLM/ATG5/SNW1/FAS/ZEB2/BABAM2/CXCL10/XBP1/CPEB4/ATF3/SOD2/KLF10/ZFP36/CPT1A/FOS/GABARAPL1/ACSL1/PDK4/CDKN1A",0.49849310876659
"GO:0060688","regulation of morphogenesis of a branching structure",11,-0.600251858996226,-1.54130404870984,0.0336941440577966,0.267907930584551,0.194182402362298,1315,"tags=55%, list=15%, signal=46%","MAP3K13/LRRK2/ABL1/BTBD7/MAGED1/CTNND1",0.321775918075361
"GO:0071216","cellular response to biotic stimulus",142,-0.340475927422672,-1.54105395494561,0.00347379277615001,0.0937727621091942,0.0679674550237506,2333,"tags=37%, list=26%, signal=27%","AHR/B2M/GBP2/PDCD4/CAPN2/RHOA/CCL2/IL18RAP/TRAF6/HAVCR2/TXNIP/CTR9/MAP2K3/GBP3/IL18/HMGB1/PPARD/TNIP1/SMAD3/JAK2/TRIB1/TSPO/BCL10/CD86/IRAK3/PLAA/CD55/TNFRSF1B/PLSCR3/CX3CR1/CD40/NFKBIZ/TLR1/CD68/ABCA1/GBP5/PDE4B/PLCG2/TLR6/AKAP8/NFKBIB/PAF1/CLEC7A/CXCL10/MALT1/XBP1/CXCL8/ZFP36/PTPN22/IL1B/NLRP3/TNFAIP3",0.431707695803346
"GO:0006086","pyruvate decarboxylation to acetyl-CoA",13,-0.566849561118448,-1.54055276873257,0.0343801467757456,0.270196095606294,0.195840887723123,1300,"tags=38%, list=15%, signal=33%","TPK1/PDK3/PDHX/DLD/PDK4",0.321775918075361
"GO:0043243","positive regulation of protein-containing complex disassembly",22,-0.479987592996045,-1.54032102850763,0.0454460423852092,0.315239275205204,0.228488644008158,1674,"tags=41%, list=19%, signal=33%","INSR/PPP1CA/WASHC2C/CFL1/CALCOCO2/UVRAG/PLEK/ADRB2/JMJD4",0.321775918075361
"GO:0035794","positive regulation of mitochondrial membrane permeability",25,-0.482737359151011,-1.53898490513213,0.0215787952969988,0.214785515046656,0.155678733411814,1084,"tags=32%, list=12%, signal=28%","LRRK2/BCL2L1/ATF2/SLC9A1/ACAA2/BAK1/SLC35F6/RHOT1",0.352487857583619
"GO:0032682","negative regulation of chemokine production",12,-0.597349914697947,-1.5373171455397,0.0341893062101443,0.270043040671865,0.195729951944566,440,"tags=25%, list=5%, signal=24%","MAP2K5/KLF4/ERBIN",0.321775918075361
"GO:0032602","chemokine production",45,-0.421838306415601,-1.53702241758444,0.0233972008707305,0.223591560433671,0.162061444983028,485,"tags=22%, list=5%, signal=21%","CD74/FFAR2/MAP2K5/EGR1/HMOX1/KLF4/CLEC7A/ERBIN/CXCL8/IL1B",0.352487857583619
"GO:0032642","regulation of chemokine production",45,-0.421838306415601,-1.53702241758444,0.0233972008707305,0.223591560433671,0.162061444983028,485,"tags=22%, list=5%, signal=21%","CD74/FFAR2/MAP2K5/EGR1/HMOX1/KLF4/CLEC7A/ERBIN/CXCL8/IL1B",0.352487857583619
"GO:0036462","TRAIL-activated apoptotic signaling pathway",10,-0.621610537237657,-1.53523894526437,0.0339772717655487,0.269107924820134,0.195052170431417,969,"tags=50%, list=11%, signal=45%","PARK7/CASP8/TRADD/FADD/ATF3",0.321775918075361
"GO:0031960","response to corticosteroid",57,-0.398020061353181,-1.53505098651016,0.0148658344195507,0.175739276375423,0.127377621116078,1537,"tags=26%, list=17%, signal=22%","MT-ND3/UBE2L3/USP8/PTPRC/GLB1/ALAD/CFLAR/PTGDS/ZFP36L2/AIFM1/ZFP36/FOS/FOSB/AREG/DUSP1",0.380730400722792
"GO:0051058","negative regulation of small GTPase mediated signal transduction",37,0.415100672416452,1.53469034486307,0.0176698267507886,0.190536038309616,0.13810246518208,2440,"tags=57%, list=28%, signal=41%","FBP1/PPP2CB/KCTD13/SH3BP1/SYNGAP1/STMN3/ARHGAP45/KCTD10/LZTR1/ARHGAP30/RASA4/MAPKAP1/GIT1/CHORDC1/HEG1/ARHGAP17/NUP62/FLCN/CSNK1E/RASAL3/MFN2",0.352487857583619
"GO:0034764","positive regulation of transmembrane transport",70,-0.38369817045934,-1.53439399941325,0.00791902429410401,0.136020107140743,0.0985887618800104,2385,"tags=43%, list=27%, signal=32%","PDPK1/CTSS/PIK3R1/BRAF/G6PD/F2R/KCNQ1/ARL6IP1/RAP1A/APPL1/INSR/IFNG/ITGB1/PIM1/NFE2L2/ARPP19/MS4A1/OPN3/ATP1B3/ASPH/CRACR2A/PPP3CB/ACSL5/PPP3CA/PPP3CC/FXYD1/STAC3/VMP1/CXCL10/ACSL1",0.380730400722792
"GO:2001034","positive regulation of double-strand break repair via nonhomologous end joining",13,0.547941158855784,1.53301829464198,0.0476577651568631,0.322283657730215,0.23359448435742,1436,"tags=46%, list=16%, signal=39%","KMT5C/RIF1/SHLD1/TOP2B/MAD2L2/CYREN",0.321775918075361
"GO:0010876","lipid localization",191,-0.321083554423054,-1.5327860892072,0.00210772288755604,0.0760789245723146,0.0551427809932999,1657,"tags=26%, list=19%, signal=21%","SERINC3/GRAMD1B/PNPLA8/RELCH/LYPLA1/PPARD/SLC27A4/TSPO/CPT1B/SPART/TPCN2/SOAT1/ABCC1/SCP2/PLSCR3/ANO9/XRCC4/OSBP/GM2A/CLN8/ABCA1/ATP9B/PDZD8/RAB7A/FABP5/NAXE/ANXA2/APOL6/ACSL5/MYB/ABCD3/SERINC5/PLSCR1/ATP11B/PLIN2/PLA2G12A/STARD7/PTPN2/VMP1/TMEM41B/ABCD2/APOL2/CPT1A/SLC25A20/IL1B/CES1/ACSL1/GOT2/NFKBIA",0.431707695803346
"GO:0034440","lipid oxidation",62,-0.385087611728401,-1.53253015276379,0.0253441703315314,0.230848963804626,0.167321685015525,2162,"tags=39%, list=24%, signal=29%","ETFDH/LONP2/ECI2/ACADVL/CYP4V2/PHYH/ECHS1/CRAT/PPARD/CPT1B/SCP2/ETFA/PLA2G7/ABCD3/ECH1/ACAA2/DECR1/ACADM/ACOX1/ABCD2/CPT1A/ETFB/ADIPOR2/PDK4",0.352487857583619
"GO:1905954","positive regulation of lipid localization",35,-0.439894960436322,-1.53222176922017,0.0246757364374371,0.229873965759283,0.166614996481407,1151,"tags=29%, list=13%, signal=25%","SCP2/XRCC4/ABCA1/ANXA2/ACSL5/MYB/PLIN2/IL1B/CES1/ACSL1",0.352487857583619
"GO:1903036","positive regulation of response to wounding",24,-0.488680592153074,-1.53221348851661,0.0466786355475763,0.318306072553071,0.230711490025698,1627,"tags=38%, list=18%, signal=31%","EMILIN2/HMGB1/ITGB1/NFE2L2/GRN/ACTG1/CLEC7A/XBP1/PUM2",0.282013350011725
"GO:0001906","cell killing",109,-0.352964365744611,-1.53124413935865,0.00603217221386453,0.121569173676448,0.0881145778185237,1457,"tags=28%, list=17%, signal=24%","IL12RB1/KIR3DL1/KLRC1/PTPRC/TIGIT/CXCL2/HLA-B/CD55/ICAM1/CX3CR1/NFKBIZ/VAMP7/MICB/GBP1/PIK3C3/GBP5/HLA-E/TUBB4B/HLA-DRA/RAB27A/HLA-C/FADD/SLAMF7/HLA-DRB1/HLA-A/FCGR1A/CXCL10/SLAMF6/CTSC/CXCL8/HMGN2",0.407017918923954
"GO:0035710","CD4-positive, alpha-beta T cell activation",90,-0.362617431271864,-1.53108935580674,0.00712534395939208,0.132147540181282,0.0957818858242834,2538,"tags=47%, list=29%, signal=34%","ZC3H12A/NKG7/SMAD7/PSMA6/PSMB2/PIK3R1/PSMA2/PSMA5/IL18RAP/PSMB10/AP3B1/RUNX1/RC3H1/PSMA1/IL18/HMGB1/MEN1/STAT4/IL12RB1/CD86/CD55/SEMA4A/NFKBIZ/PSMA4/CBFB/CRACR2A/BRD2/EP300/HLA-DRA/MYB/SOCS3/SOCS1/HLA-DRB1/CTSL/STAT3/JUNB/MALT1/SLAMF6/TBK1/NLRP3/CD69/RORA",0.407017918923954
"GO:0035825","homologous recombination",23,-0.493741029329339,-1.53090357298693,0.0263707962206479,0.232357599503893,0.168415159567525,906,"tags=30%, list=10%, signal=27%","RAD51B/TOPBP1/NBN/BARD1/REC8/MRE11/CCNB1IP1",0.352487857583619
"GO:0007095","mitotic G2 DNA damage checkpoint signaling",20,-0.500869615357935,-1.52936714241727,0.0490575975500815,0.327399146928495,0.237302243137136,687,"tags=25%, list=8%, signal=23%","TOPBP1/NBN/BABAM2/MRE11/CDKN1A",0.321775918075361
"GO:0034103","regulation of tissue remodeling",31,-0.452864570594609,-1.52851346800638,0.0246677385083769,0.229873965759283,0.166614996481407,2094,"tags=39%, list=24%, signal=30%","ARAP1/RUNX1/CD38/TMBIM1/NF1/IL18/UBASH3B/ROCK1/PPP3CA/IL15/PDK4/TNFAIP3",0.352487857583619
"GO:0046631","alpha-beta T cell activation",132,-0.341966385626881,-1.52767556705732,0.00522032033527177,0.11304214938772,0.081934103587044,2538,"tags=43%, list=29%, signal=31%","ZC3H12A/NKG7/NKAP/SMAD7/PSMA6/EOMES/PSMB2/PIK3R1/RHOA/PSMA2/PSMA5/IL18RAP/PSMB10/AP3B1/RUNX1/ZNF683/RC3H1/PSMA1/IL18/HMGB1/MEN1/STAT4/IL12RB1/JAK2/CD3G/CCR2/ZBTB16/CD86/CD55/SEMA4A/NFKBIZ/CLEC2B/PSMA4/CBFB/HLA-E/CRACR2A/TNFSF8/BRD2/EP300/ATF2/HLA-DRA/MYB/SOCS3/SOCS1/HLA-DRB1/CTSL/HLA-A/STAT3/IRF1/JUNB/PRDM1/MALT1/SLAMF6/TBK1/NLRP3/CD69/RORA",0.407017918923954
"GO:0032261","purine nucleotide salvage",13,-0.56191253797955,-1.52713519696817,0.041313808385438,0.306896274650683,0.222441552057383,721,"tags=38%, list=8%, signal=35%","ADK/DGUOK/HPRT1/NMRK1/NAMPT",0.321775918075361
"GO:0015849","organic acid transport",119,-0.344573922665303,-1.52674887262584,0.0039923170891561,0.0969768600165703,0.0702898178881151,732,"tags=19%, list=8%, signal=18%","SLC16A6/FABP5/BEST1/SLC25A12/ACSL5/ABCD3/FOLR3/EMB/SLC7A1/SLC6A6/SLC38A1/PLA2G12A/SLC36A1/SLC38A6/ABCD2/CPT1A/SLC25A20/IL1B/CES1/SLC23A2/LRRC8C/ACSL1/GOT2",0.407017918923954
"GO:0046942","carboxylic acid transport",119,-0.344573922665303,-1.52674887262584,0.0039923170891561,0.0969768600165703,0.0702898178881151,732,"tags=19%, list=8%, signal=18%","SLC16A6/FABP5/BEST1/SLC25A12/ACSL5/ABCD3/FOLR3/EMB/SLC7A1/SLC6A6/SLC38A1/PLA2G12A/SLC36A1/SLC38A6/ABCD2/CPT1A/SLC25A20/IL1B/CES1/SLC23A2/LRRC8C/ACSL1/GOT2",0.407017918923954
"GO:0034612","response to tumor necrosis factor",126,-0.343709106667896,-1.52663773438601,0.00418930595114325,0.0994974118848735,0.0721167396070726,1530,"tags=29%, list=17%, signal=24%","YBX3/RIPK1/TANK/TRAF1/JAK2/TIFA/NFE2L2/TNFRSF1B/RFFL/LIMS1/CFL1/GCH1/ANXA4/CD40/STAT1/CYLD/CASP8/GBP1/KLF2/TAX1BP1/BIRC3/TRADD/ZFP36L2/PTPN2/TNFRSF4/FAS/NUB1/ERBIN/EIF5A/CXCL8/ZFP36/FOS/NAIP/NFKBIA/TNFAIP3/CCL3",0.407017918923954
"GO:0060759","regulation of response to cytokine stimulus",114,-0.348677780020202,-1.52619327812134,0.005996182028434,0.121569173676448,0.0881145778185237,1880,"tags=33%, list=21%, signal=27%","ZBP1/CASP4/IKBKE/PTPN1/YTHDF3/RNF113A/IL1RN/RIPK1/TANK/PTPRC/IRAK3/RFFL/IFIH1/TTLL12/ANXA4/GIGYF2/CD40/CYLD/VRK2/CASP8/SAMHD1/TAX1BP1/SH2B3/METTL3/CXCR4/CD74/FADD/MAP2K5/KLF4/PTPN2/PARP9/TBK1/TAF9/IL1B/NAIP/IL1R2/TNFAIP3/PADI2",0.407017918923954
"GO:0045428","regulation of nitric oxide biosynthetic process",35,-0.438080563570861,-1.52590194602304,0.0252887904245315,0.230848963804626,0.167321685015525,2079,"tags=43%, list=24%, signal=33%","CD47/CLU/INSR/SMAD3/JAK2/TSPO/IFNG/CX3CR1/KLF2/TLR6/ATP2B4/KLF4/CLEC7A/GLA/IL1B",0.352487857583619
"GO:0007283","spermatogenesis",204,0.300527724932199,1.52557537010728,0.00164500124360221,0.0690391759041713,0.0500402993107898,1886,"tags=35%, list=21%, signal=28%","RPL36/PSMB4/LRRC8A/CDYL/TESK1/RPL27/RPL17/DNHD1/ZNF296/RPL32/RPL10A/AGFG1/PSMB5/RPL24/RPL11/RPL30/RPL4/RPL12/RPL34/STRBP/RPL9/YY1/SFMBT1/SUN1/SPATC1L/IGF2R/CNBD2/RPL18A/VPS54/RPL21/SLC26A6/CSNK2A2/CCNY/PRKACA/CUL4A/RPL19/CEP57/FAM50A/RPL5/RPL38/UBA52/RPL28/RPL35A/RPL18/RPL23/RPL29/RPL41/BBS2/RPL14/RPLP1/RPL15/LARP7/RPLP2/RPL37/RPL31/CIB1/RPL7/RPL13/RNF8/HERC4/XRN2/RPL35/BAG6/RPL7A/RAN/BTG1/CCNI/CDK16/RPLP0/GPX4/TMEM203",0.45505986738723
"GO:0048232","male gamete generation",204,0.300527724932199,1.52557537010728,0.00164500124360221,0.0690391759041713,0.0500402993107898,1886,"tags=35%, list=21%, signal=28%","RPL36/PSMB4/LRRC8A/CDYL/TESK1/RPL27/RPL17/DNHD1/ZNF296/RPL32/RPL10A/AGFG1/PSMB5/RPL24/RPL11/RPL30/RPL4/RPL12/RPL34/STRBP/RPL9/YY1/SFMBT1/SUN1/SPATC1L/IGF2R/CNBD2/RPL18A/VPS54/RPL21/SLC26A6/CSNK2A2/CCNY/PRKACA/CUL4A/RPL19/CEP57/FAM50A/RPL5/RPL38/UBA52/RPL28/RPL35A/RPL18/RPL23/RPL29/RPL41/BBS2/RPL14/RPLP1/RPL15/LARP7/RPLP2/RPL37/RPL31/CIB1/RPL7/RPL13/RNF8/HERC4/XRN2/RPL35/BAG6/RPL7A/RAN/BTG1/CCNI/CDK16/RPLP0/GPX4/TMEM203",0.45505986738723
"GO:1901342","regulation of vasculature development",120,-0.342287652342162,-1.52526132806637,0.00774383546247545,0.135338303109804,0.0980945833598773,1639,"tags=31%, list=19%, signal=25%","PPP1R16B/SP100/EMILIN2/NF1/HMGB1/CCR2/CEMIP2/ITGB1/NFE2L2/GRN/ABL1/SEMA4A/ROCK1/CD40/STAT1/AGGF1/PLXND1/KLF2/NAXE/CXCR4/ATF2/EPN1/ATP2B4/C3AR1/STAT3/HMOX1/MECP2/RHOB/CTNND1/KLF4/CXCL10/XBP1/GADD45A/CXCL8/IL1B/GLUL/TNFAIP3",0.407017918923954
"GO:0080164","regulation of nitric oxide metabolic process",37,-0.43222160027817,-1.52463229415226,0.0243495080169977,0.228510997241518,0.165627102989242,2079,"tags=41%, list=24%, signal=31%","CD47/CLU/INSR/SMAD3/JAK2/TSPO/IFNG/CX3CR1/KLF2/TLR6/ATP2B4/KLF4/CLEC7A/GLA/IL1B",0.352487857583619
"GO:0030098","lymphocyte differentiation",245,-0.311217991323968,-1.52360198895549,0.00152327129388188,0.0674047547542734,0.0488556541804033,1534,"tags=27%, list=17%, signal=23%","HMGB1/MEN1/STAT4/IL12RB1/KLRC1/CD3G/PTPRC/CCR2/ZBTB16/TMEM131L/SMARCA4/PHF10/HDAC4/CD86/IKZF1/ITGB1/RELB/NFE2L2/SMARCE1/MS4A1/NFIL3/ABL1/SEMA4A/NFKBIZ/TPD52/PSMA4/CBFB/CLPTM1/METTL3/ZBTB1/CRACR2A/TNFSF8/BRD2/EP300/PLCG2/ATF2/HLA-DRA/MYB/CD74/SOCS3/SOCS1/FADD/ZFP36L2/HLA-DRB1/CTSL/LIG4/STAT3/ACTB/IRF1/PTPN2/JUNB/PRDM1/MALT1/SLAMF6/XBP1/TBK1/ITGA4/DNAJB9/KLF6/PTPN22/FCRL3/IL1B/NLRP3/CD69/RORA",0.45505986738723
"GO:0032370","positive regulation of lipid transport",28,-0.466415500018036,-1.52350918164875,0.0452961672473868,0.315239275205204,0.228488644008158,1151,"tags=32%, list=13%, signal=28%","SCP2/XRCC4/ABCA1/ANXA2/ACSL5/MYB/IL1B/CES1/ACSL1",0.282013350011725
"GO:0010866","regulation of triglyceride biosynthetic process",10,0.593964023572063,1.52227456663015,0.0469272841892902,0.31893317852187,0.231166022832142,205,"tags=20%, list=2%, signal=20%","CTDNEP1/SREBF1",0.321775918075361
"GO:0010948","negative regulation of cell cycle process",152,-0.331407356575843,-1.52162191987567,0.00470925756374766,0.104192323597917,0.0755196595330655,2175,"tags=34%, list=25%, signal=26%","TNKS/RAD17/CCL2/RINT1/TMSB4X/CHFR/NAA10/DTX3L/WAC/MAD2L1BP/RBX1/ANAPC15/ZNF830/MAP3K20/ZNF207/RB1/BAZ1B/CHMP2A/ATR/MAD1L1/DYNLRB1/CDC5L/KLHL22/BUB3/EIF2AK4/PLK3/NSUN2/HINFP/ATF5/TOPBP1/CLOCK/NBN/ATF2/SLFN11/USP28/TPR/TIPRL/NABP1/ZFP36L2/BARD1/NABP2/FEM1B/KLF4/PARP9/BABAM2/DBF4/MRE11/SMARCA5/FBXO6/CDKN1A/DUSP1",0.407017918923954
"GO:0035902","response to immobilization stress",10,-0.616053044327948,-1.52151318123384,0.0358475292043475,0.277075239777959,0.200826961627452,720,"tags=30%, list=8%, signal=28%","MDM2/SOD2/FOS",0.321775918075361
"GO:0045332","phospholipid translocation",27,-0.470075375612143,-1.52037076035986,0.0271287311580172,0.234265725580659,0.169798188822344,1189,"tags=41%, list=13%, signal=35%","ABCC1/PLSCR3/ANO9/XRCC4/ABCA1/ATP9B/SERINC5/PLSCR1/ATP11B/VMP1/TMEM41B",0.352487857583619
"GO:0097306","cellular response to alcohol",49,-0.411072528822532,-1.5196235600789,0.00846640791355317,0.141257158262602,0.1023846299826,860,"tags=27%, list=10%, signal=24%","NEDD8/ABCA1/MDM2/MAP4K1/BTG2/CREB1/AKAP8/PRKAA1/SOD2/AIFM1/FOS/CES1/SLC23A2",0.380730400722792
"GO:0031570","DNA integrity checkpoint signaling",73,-0.37293100665583,-1.51901191898382,0.017865046388974,0.191008166582172,0.138444668572581,765,"tags=21%, list=9%, signal=19%","HINFP/TOPBP1/CLOCK/NBN/ATF2/USP28/TIPRL/BARD1/FEM1B/PARP9/BABAM2/DBF4/MRE11/FBXO6/CDKN1A",0.352487857583619
"GO:0062208","positive regulation of pattern recognition receptor signaling pathway",61,-0.388724626774987,-1.51803767848269,0.00901562301425157,0.14336953629304,0.103915703138041,2590,"tags=39%, list=29%, signal=28%","PPP2CA/LATS2/HSPA1A/ZDHHC5/GBP2/ZDHHC3/ZC3HAV1/NAGK/SLC15A4/PJA2/HMGB1/LRCH4/DDX3X/MFHAS1/TLR1/DDX60/GBP5/WDFY1/PUM1/PLCG2/TLR6/SLC46A2/PUM2/PTPN22",0.380730400722792
"GO:0070663","regulation of leukocyte proliferation",119,-0.342514399479266,-1.51762347312344,0.00447832671579519,0.103586750340922,0.0750807338559005,1582,"tags=29%, list=18%, signal=24%","IL18/HMGB1/IL12RB1/JAK2/PTPRC/CCR2/PRNP/TMEM131L/SASH3/CD86/CD55/TNFRSF1B/CSF2RB/HLA-DMB/PRKAR1A/BCL2/HLA-E/TNFSF8/TFRC/PPP3CA/CD74/FADD/SLC7A1/HLA-DRB1/HLA-A/IRF1/TNFRSF4/PTPN22/IL15/FCRL3/IL1B/HLA-DPA1/HLA-DPB1/TNFAIP3",0.407017918923954
"GO:2000516","positive regulation of CD4-positive, alpha-beta T cell activation",27,-0.469185535256432,-1.51749273839062,0.0277090193992577,0.235990414172339,0.171048260715806,1582,"tags=44%, list=18%, signal=37%","IL18/IL12RB1/CD86/CD55/NFKBIZ/BRD2/EP300/HLA-DRA/SOCS1/HLA-DRB1/MALT1/NLRP3",0.352487857583619
"GO:1903131","mononuclear cell differentiation",290,-0.304050676497729,-1.51666056598096,0.000922582351432391,0.0481517019574521,0.0349008450161594,1534,"tags=26%, list=17%, signal=22%","HMGB1/RIPK1/MEN1/STAT4/IL12RB1/KLRC1/TRIB1/CD3G/PTPRC/CCR2/ZBTB16/TMEM131L/SMARCA4/IFNG/PHF10/HDAC4/CD86/IKZF1/ITGB1/RELB/NFE2L2/HLA-B/SMARCE1/MS4A1/CFLAR/NFIL3/ABL1/SEMA4A/NFKBIZ/TPD52/CASP8/PSMA4/CBFB/CLPTM1/METTL3/ZBTB1/CRACR2A/TNFSF8/BRD2/EP300/PLCG2/ATF2/HLA-DRA/MYB/CD74/SOCS3/SOCS1/FADD/ZFP36L2/HLA-DRB1/CTSL/LIG4/STAT3/ACTB/IRF1/PTPN2/JUNB/PRDM1/MALT1/SLAMF6/XBP1/TBK1/ITGA4/DNAJB9/KLF6/PTPN22/IL15/FCRL3/IL1B/NLRP3/FOS/CD69/RORA/IL1R2/CLEC12A",0.477270815362862
"GO:0046638","positive regulation of alpha-beta T cell differentiation",29,-0.446143938255667,-1.51654516883718,0.0302317401108835,0.2486331595786,0.18021185161842,1983,"tags=52%, list=22%, signal=40%","AP3B1/RUNX1/IL18/IL12RB1/ZBTB16/CD86/NFKBIZ/CBFB/BRD2/EP300/HLA-DRA/SOCS1/HLA-DRB1/MALT1/NLRP3",0.352487857583619
"GO:0002521","leukocyte differentiation",338,-0.303749267763323,-1.51508220074401,0.000226488344458371,0.0204896455620006,0.0148511042211406,1534,"tags=26%, list=17%, signal=22%","HMGB1/RIPK1/MEN1/LBR/PPARGC1B/STAT4/IL12RB1/NEDD9/KLRC1/TRIB1/CD3G/PTPRC/CCR2/TFE3/ZBTB16/TMEM131L/SMARCA4/IFNG/PHF10/HDAC4/CD86/IKZF1/ITGB1/RELB/NFE2L2/HLA-B/SMARCE1/MS4A1/UBASH3B/CFLAR/NFIL3/ABL1/SEMA4A/NFKBIZ/TPD52/MAFB/CASP8/PSMA4/CBFB/CLPTM1/METTL3/ZBTB1/CRACR2A/TNFSF8/BRD2/EP300/PLCG2/TFRC/ANXA2/ATF2/HLA-DRA/MYB/PPP3CA/CD74/SOCS3/SOCS1/FADD/CCR1/ZFP36L2/HLA-DRB1/CTSL/LIG4/STAT3/TET2/ACTB/IRF1/PTPN2/JUNB/PRDM1/MALT1/SLAMF6/XBP1/TBK1/ITGA4/DNAJB9/KLF6/PTPN22/IL15/FCRL3/IL1B/NLRP3/FOS/CD69/RORA/IL1R2/CLEC12A/CCL3",0.518848077743792
"GO:0032731","positive regulation of interleukin-1 beta production",41,-0.418603283894636,-1.51450368614888,0.0173849349327454,0.189426347348792,0.137298149848143,1534,"tags=37%, list=17%, signal=30%","HMGB1/SMAD3/JAK2/IFNG/CASP8/RIPK2/GBP5/TLR6/EGR1/STAT3/CLEC7A/MALT1/NLRP3/NAIP/CCL3",0.352487857583619
"GO:0042180","ketone metabolic process",96,-0.356603575552009,-1.51398217334147,0.00666809476926833,0.128653145998537,0.0932491132567615,1504,"tags=27%, list=17%, signal=23%","COQ8B/GGCX/PPARD/TPK1/PDK3/PLAA/NCOR1/SCP2/NME1/PARK7/COQ8A/KYNU/FABP5/CD74/CREB1/EGR1/STARD7/ERLIN2/PNKD/LPGAT1/ERLIN1/ABCD2/CPT1A/IL1B/CES1/PDK4",0.407017918923954
"GO:0006869","lipid transport",182,-0.325335181573595,-1.51380997732156,0.00318568252776304,0.0894407832449885,0.0648275925306965,1657,"tags=26%, list=19%, signal=21%","SERINC3/GRAMD1B/PNPLA8/RELCH/LYPLA1/PPARD/SLC27A4/TSPO/CPT1B/SPART/TPCN2/SOAT1/ABCC1/SCP2/PLSCR3/ANO9/XRCC4/OSBP/GM2A/CLN8/ABCA1/ATP9B/PDZD8/RAB7A/FABP5/NAXE/ANXA2/APOL6/ACSL5/MYB/ABCD3/SERINC5/PLSCR1/ATP11B/PLA2G12A/STARD7/VMP1/TMEM41B/ABCD2/APOL2/CPT1A/SLC25A20/IL1B/CES1/ACSL1/GOT2/NFKBIA",0.431707695803346
"GO:1905523","positive regulation of macrophage migration",13,-0.557001910158085,-1.51378936095545,0.0436250337182061,0.312703553037472,0.226650726701347,398,"tags=23%, list=5%, signal=22%","AKIRIN1/C3AR1/CCL3",0.321775918075361
"GO:1902110","positive regulation of mitochondrial membrane permeability involved in apoptotic process",21,-0.491035657170085,-1.51294394359422,0.0454545454545455,0.315239275205204,0.228488644008158,1084,"tags=33%, list=12%, signal=29%","LRRK2/BCL2L1/ATF2/ACAA2/BAK1/SLC35F6/RHOT1",0.282013350011725
"GO:0003007","heart morphogenesis",47,0.383162432438742,1.51253539147955,0.0233404153022501,0.223591560433671,0.162061444983028,465,"tags=19%, list=5%, signal=18%","TPM1/NPHP3/NACA/SOX4/NOG/TGFBR2/ZFPM1/MICAL2/CDC42",0.352487857583619
"GO:0050920","regulation of chemotaxis",85,-0.360433739043692,-1.51250372080029,0.0106192355695548,0.153211746100286,0.111049437256156,1554,"tags=24%, list=18%, signal=20%","CCL4/HMGB1/NEDD9/SMAD3/CCR2/CX3CR1/USP14/PLA2G7/CALR/STX3/CD74/CCR1/AKIRIN1/C3AR1/PTPN2/CXCL10/CXCL8/CCL3/DUSP1/PADI2",0.380730400722792
"GO:0032943","mononuclear cell proliferation",129,-0.333115695103552,-1.51180856787144,0.00460834368028674,0.104192323597917,0.0755196595330655,1582,"tags=29%, list=18%, signal=24%","IL18/BTN3A1/HMGB1/IL12RB1/JAK2/PTPRC/CCR2/PRNP/TMEM131L/SASH3/CD86/CD55/TNFRSF1B/MS4A1/HLA-DMB/CD40/NFKBIZ/PRKAR1A/BCL2/HLA-E/TNFSF8/TFRC/PPP3CB/PPP3CA/CD74/FADD/SLC7A1/HLA-DRB1/HLA-A/IRF1/TNFRSF4/PTPN22/IL15/FCRL3/IL1B/HLA-DPA1/HLA-DPB1",0.407017918923954
"GO:0046651","lymphocyte proliferation",129,-0.333115695103552,-1.51180856787144,0.00460834368028674,0.104192323597917,0.0755196595330655,1582,"tags=29%, list=18%, signal=24%","IL18/BTN3A1/HMGB1/IL12RB1/JAK2/PTPRC/CCR2/PRNP/TMEM131L/SASH3/CD86/CD55/TNFRSF1B/MS4A1/HLA-DMB/CD40/NFKBIZ/PRKAR1A/BCL2/HLA-E/TNFSF8/TFRC/PPP3CB/PPP3CA/CD74/FADD/SLC7A1/HLA-DRB1/HLA-A/IRF1/TNFRSF4/PTPN22/IL15/FCRL3/IL1B/HLA-DPA1/HLA-DPB1",0.407017918923954
"GO:0071300","cellular response to retinoic acid",18,-0.515765700952902,-1.51066794750566,0.0456942003514939,0.316084516957224,0.22910128385658,751,"tags=28%, list=9%, signal=25%","ABCA1/MYB/CREB1/KLF4/SNW1",0.282013350011725
"GO:0045948","positive regulation of translational initiation",26,-0.461102765955531,-1.5104745190007,0.0321064095546571,0.260368910950217,0.188718043987921,1944,"tags=46%, list=22%, signal=36%","DNAJC3/DHX29/YTHDF3/DDX3X/EIF2B5/POLR2G/EIF2AK4/EIF2B2/METTL3/EIF2B3/EIF2B4/PPP1R15A",0.321775918075361
"GO:1905039","carboxylic acid transmembrane transport",67,-0.376629751156848,-1.51047431101271,0.017899779301404,0.191008166582172,0.138444668572581,620,"tags=21%, list=7%, signal=20%","SLC25A12/ACSL5/ABCD3/EMB/SLC7A1/SLC38A1/SLC36A1/SLC38A6/ABCD2/CPT1A/SLC25A20/SLC23A2/LRRC8C/ACSL1",0.352487857583619
"GO:0032103","positive regulation of response to external stimulus",394,-0.294483452591602,-1.50866383554543,0.000234377468410469,0.0207424059543265,0.0150343075331769,1854,"tags=26%, list=21%, signal=21%","ZDHHC18/TLR7/CASP4/SWAP70/IKBKE/PIK3AP1/SLC15A4/GBP3/APPL1/SIN3A/EMILIN2/IL18/PJA2/CCL4/HMGB1/RIPK1/TLR5/TRAF1/TNIP1/NEDD9/KLRC1/SMAD3/CCR2/BCL10/ITCH/LRCH4/IFNG/DDX3X/TIFA/IRAK3/ABCC1/IFIH1/GRN/CX3CR1/LRRK2/BECN1/OPTN/XRCC5/MFHAS1/PARK7/NFKBIZ/CYLD/TLR1/VAMP7/DDX60/RNF135/OSM/RIPK2/GBP1/TAX1BP1/PIK3C3/CSNK1A1/PLA2G7/CALR/GBP5/HLA-E/WDFY1/PUM1/EP300/PLCG2/NMI/CLOCK/BIRC3/STX3/TRADD/TLR6/GPATCH3/HLA-C/CD74/PLSCR1/FFAR2/FADD/CCR1/PLD3/AKIRIN1/SLC46A2/RALB/TRIM25/C3AR1/STAT3/IRF1/CLEC7A/PARP9/FCN1/AKIRIN2/NEAT1/CXCL10/SLAMF6/TBK1/PUM2/ERBIN/CXCL8/CPT1A/PTPN22/IL15/FCRL3/IL1B/NLRP3/NAIP/NFKBIA/TNFAIP3/CCL3",0.518848077743792
"GO:0045824","negative regulation of innate immune response",65,-0.384536859139839,-1.50853145875656,0.0121880983198509,0.160075522994098,0.116024372800659,2220,"tags=37%, list=25%, signal=28%","DDX39A/MUL1/IFI16/HAVCR2/ZDHHC18/YTHDF3/YWHAZ/KLRC1/TIGIT/IRAK3/PIM1/HLA-B/GRN/TTLL12/GIGYF2/SAMHD1/METTL3/HLA-E/NMI/SERPING1/HLA-A/ATG5/PTPN2/TNFAIP3",0.380730400722792
"GO:0016053","organic acid biosynthetic process",141,-0.329864107706338,-1.50782998619799,0.00485426128737161,0.106819987572377,0.0774242171997545,1301,"tags=23%, list=15%, signal=20%","SEPHS2/PLAA/SCP2/DEGS1/NME1/LRRC58/PRKAG1/PARK7/MTHFD2/OSBP/MTHFD1/KYNU/PTGDS/FABP5/ABCD3/UROS/CD74/ATP2B4/PRKAA1/SLC38A1/ERLIN2/LPGAT1/XBP1/ERLIN1/ACOX1/ABCD2/IL1B/CES1/NAIP/ACSL1/PDK4/GLUL",0.407017918923954
"GO:0008347","glial cell migration",23,-0.48610216039139,-1.50721833911732,0.0315445497234662,0.257301850389022,0.186495007190675,1491,"tags=39%, list=17%, signal=33%","SRGAP2/ADGRG1/CCR2/TSPO/CX3CR1/CRKL/SRGAP2C/IDH2/CCL3",0.321775918075361
"GO:0097190","apoptotic signaling pathway",336,-0.300079104850855,-1.5069730150054,0.00034924852085849,0.0273421293925945,0.0198178544381655,1699,"tags=28%, list=19%, signal=23%","BCL2A1/CD38/RB1/SP100/TMBIM1/NOC2L/BCL3/YBX3/RIPK1/PPARD/PSME3/TRAF1/SMAD3/JAK2/TIMM50/BCL10/IFNG/ERN1/DDX3X/TM2D1/NFE2L2/TNFRSF1B/RFFL/PLSCR3/CFLAR/ANXA6/ARL6IP5/CUL5/ICAM1/CX3CR1/LRRK2/BECN1/PTTG1IP/CSNK2A1/ABL1/PARK7/NFKBIZ/CYLD/ATF4/CASP8/G0S2/BCL2L1/HERPUD1/BCL2/DDIT4/MDM2/ERO1A/DPF2/EP300/BIRC3/LTBR/ATF2/USP28/HTT/MCL1/ACSL5/TRADD/PMAIP1/TLR6/FNIP2/IFI27/CD74/FADD/MAP2K5/ACAA2/FEM1B/TP53BP2/DNAJC10/STAT3/HMOX1/BAK1/KLF4/PTPN2/CLEC7A/SNW1/FAS/EYA3/TAF6/SLC35F6/XBP1/DEDD/EIF5A/SIAH2/TAF9/PPP1R15A/ATF3/SOD2/RHOT1/AIFM1/IL1B/CUL2/NR4A2/CDKN1A/TNFAIP3",0.49849310876659
"GO:0090594","inflammatory response to wounding",15,-0.538527523047482,-1.50683939985939,0.0429553264604811,0.311676976786917,0.225906653757683,1993,"tags=40%, list=23%, signal=31%","F2R/CCR2/GRN/NFKBIZ/STAT3/HMOX1",0.287857117255149
"GO:0090026","positive regulation of monocyte chemotaxis",14,-0.544466479153963,-1.50658733915381,0.0398839485876426,0.299571134133382,0.217132215449888,1534,"tags=43%, list=17%, signal=35%","HMGB1/CCR2/CX3CR1/PLA2G7/CCR1/CXCL10",0.321775918075361
"GO:0071604","transforming growth factor beta production",15,-0.538258041138637,-1.5060853697673,0.0429553264604811,0.311676976786917,0.225906653757683,1501,"tags=33%, list=17%, signal=28%","FOSL2/SMAD3/MYB/CREB1/JUN",0.287857117255149
"GO:1902749","regulation of cell cycle G2/M phase transition",60,-0.38060999682496,-1.50566298935916,0.0255105752628336,0.230848963804626,0.167321685015525,2149,"tags=37%, list=24%, signal=28%","RAD17/RINT1/CHFR/ZNF830/RRM1/CDK4/ATR/VPS4B/RCC2/PIM1/RAD51B/ATF5/TOPBP1/NBN/NABP1/BARD1/NABP2/CDC25B/BABAM2/DBF4/MRE11/CDKN1A",0.352487857583619
"GO:0032944","regulation of mononuclear cell proliferation",108,-0.347281381528505,-1.50510438990341,0.0123511498023907,0.160075522994098,0.116024372800659,1582,"tags=30%, list=18%, signal=25%","IL18/HMGB1/IL12RB1/JAK2/PTPRC/CCR2/PRNP/TMEM131L/SASH3/CD86/CD55/TNFRSF1B/HLA-DMB/PRKAR1A/BCL2/HLA-E/TNFSF8/TFRC/PPP3CA/CD74/FADD/SLC7A1/HLA-DRB1/HLA-A/IRF1/TNFRSF4/PTPN22/IL15/FCRL3/IL1B/HLA-DPA1/HLA-DPB1",0.380730400722792
"GO:0050670","regulation of lymphocyte proliferation",108,-0.347281381528505,-1.50510438990341,0.0123511498023907,0.160075522994098,0.116024372800659,1582,"tags=30%, list=18%, signal=25%","IL18/HMGB1/IL12RB1/JAK2/PTPRC/CCR2/PRNP/TMEM131L/SASH3/CD86/CD55/TNFRSF1B/HLA-DMB/PRKAR1A/BCL2/HLA-E/TNFSF8/TFRC/PPP3CA/CD74/FADD/SLC7A1/HLA-DRB1/HLA-A/IRF1/TNFRSF4/PTPN22/IL15/FCRL3/IL1B/HLA-DPA1/HLA-DPB1",0.380730400722792
"GO:2001233","regulation of apoptotic signaling pathway",188,-0.319974587948574,-1.50458114675539,0.00430661371570922,0.100759910555473,0.0730318115286139,1633,"tags=29%, list=19%, signal=24%","SP100/TMBIM1/NOC2L/YBX3/RIPK1/PSME3/TRAF1/BCL10/DDX3X/NFE2L2/RFFL/CFLAR/ICAM1/CX3CR1/LRRK2/BECN1/PTTG1IP/CSNK2A1/PARK7/CYLD/ATF4/G0S2/BCL2L1/HERPUD1/BCL2/MDM2/LTBR/HTT/MCL1/ACSL5/PMAIP1/TLR6/CD74/FADD/MAP2K5/ACAA2/FEM1B/STAT3/HMOX1/BAK1/KLF4/PTPN2/FAS/EYA3/TAF6/SLC35F6/XBP1/EIF5A/SIAH2/TAF9/ATF3/SOD2/IL1B/NR4A2/TNFAIP3",0.407017918923954
"GO:0031349","positive regulation of defense response",341,-0.299607589807405,-1.50416577954298,0.000444906974827726,0.0323142245521758,0.0234216797551497,1880,"tags=27%, list=21%, signal=22%","ZBP1/ZDHHC18/TLR7/CASP4/IKBKE/PIK3AP1/SLC15A4/GBP3/APPL1/SIN3A/EMILIN2/IL18/PJA2/HMGB1/RIPK1/TLR5/TRAF1/TNIP1/KLRC1/CCR2/BCL10/ITCH/LRCH4/IFNG/DDX3X/TIFA/IRAK3/ABCC1/IFIH1/GRN/LRRK2/BECN1/OPTN/XRCC5/MFHAS1/PARK7/NFKBIZ/CYLD/TLR1/VAMP7/DDX60/RNF135/OSM/RIPK2/GBP1/TAX1BP1/PIK3C3/CSNK1A1/PLA2G7/GBP5/HLA-E/WDFY1/PUM1/EP300/PLCG2/NMI/CLOCK/BIRC3/TRADD/TLR6/GPATCH3/HLA-C/PLSCR1/FFAR2/FADD/CCR1/PLD3/SLC46A2/RALB/TRIM25/STAT3/IRF1/CLEC7A/PARP9/FCN1/AKIRIN2/NEAT1/SLAMF6/TBK1/PUM2/ERBIN/CPT1A/PTPN22/IL15/FCRL3/IL1B/NLRP3/NAIP/NFKBIA/TNFAIP3/CCL3",0.49849310876659
"GO:0007249","canonical NF-kappaB signal transduction",244,-0.307754259905659,-1.50378108021086,0.0014247827556093,0.0661810095563898,0.047968671171405,2668,"tags=41%, list=30%, signal=30%","ATP2C1/TNFSF10/DNAJA3/LTB/TNFRSF1A/CUL1/NLRC3/PRDX4/ZC3H12A/TFG/BIRC2/PSMA6/GOLT1B/PDPK1/SLCO3A1/HSPA1A/MIER1/NR2C2/RHOA/MUL1/ARRB1/EDA/SLC44A2/CC2D1A/ALPK1/EIF2AK2/TRAF6/TMSB4X/ZC3HAV1/PIM2/LAMTOR5/SLC20A1/RBX1/F2R/VAPA/ZFAND6/TLR7/IKBKE/PELI1/INSR/NFKB2/CARD11/BCL3/RIPK1/GAPDH/TANK/TRAF1/TNIP1/TMEM101/TMED4/BCL10/ITCH/SLC39A8/MAP3K13/RELB/TIFA/IRAK3/TGFBR3/LIMS1/TRIM22/CFLAR/CX3CR1/OPTN/USP10/ANXA4/CD40/STAT1/CYLD/UBE2V1/CASP8/RIPK2/FLOT2/PPM1A/TAX1BP1/EP300/PLCG2/TFRC/BIRC3/LTBR/TRADD/TLR6/PPM1B/CD74/FADD/MAP2K5/REL/TRIM25/STAT3/HMOX1/IFIT5/KLF4/LITAF/CLEC7A/MALT1/TBK1/PER1/IL1B/RORA/NFKBIA/TNFAIP3/NAMPT",0.45505986738723
"GO:0071478","cellular response to radiation",93,-0.353754866797537,-1.50239081053052,0.00538955574729855,0.115478323406592,0.0836998673795713,1477,"tags=29%, list=17%, signal=24%","TANK/ATR/EIF2S1/XPC/EIF2AK4/OPN3/XRCC5/ATF4/MDM2/METTL3/ZBTB1/POLD3/EP300/CLOCK/USP28/WRN/EGR1/BARD1/LIG4/BAK1/RHOB/NSMCE3/BABAM2/RUVBL2/DDB2/GADD45A/CDKN1A",0.407017918923954
"GO:0001819","positive regulation of cytokine production",295,-0.302678340555998,-1.50135702345429,0.000787443614304567,0.0440365266653212,0.0319181239648474,2156,"tags=32%, list=24%, signal=25%","PSMA2/ARNT/PSMA5/IL18RAP/IFI16/EIF2AK2/TRAF6/ZC3HAV1/SULF2/NFAM1/LAMTOR5/CLU/PSMB10/HAVCR2/F2R/RUNX1/FCGR3A/PIBF1/TLR7/IFNGR1/IKBKE/APPL1/PSMA1/RAB1A/IL18/CARD11/BTN3A1/HMGB1/BSG/RIPK1/TLR5/GAPDH/TANK/IL12RB1/SMAD3/JAK2/PTPRC/CCR2/BCL10/IFNG/DDX3X/TIGIT/CD86/IRAK3/ZBTB20/CD55/IFIH1/LRRK2/PARK7/STAT1/ARFGEF2/TLR1/ATF4/CASP8/PSMA4/RNF135/OSM/RIPK2/GBP5/PDE4B/HLA-E/PLCG2/IL32/MYB/TRADD/TLR6/CD74/FFAR2/FADD/CREB1/HLA-A/EGR1/C3AR1/STAT3/HMOX1/IRF1/CLEC7A/FCN1/AKIRIN2/FCGR1A/MALT1/SLAMF6/XBP1/TBK1/G3BP1/PTPN22/IL15/IL1B/NLRP3/HLA-DPA1/NAIP/RORA/CLEC12A/HLA-DPB1/CCL3",0.477270815362862
"GO:0002819","regulation of adaptive immune response",118,-0.340548845983955,-1.50107311068731,0.00725731081677235,0.132147540181282,0.0957818858242834,1582,"tags=31%, list=18%, signal=25%","IL18/HMGB1/IL12RB1/KLRC1/PTPRC/CCR2/FUT7/SASH3/KLHL22/HLA-B/CD55/TNFRSF1B/EIF2AK4/WAS/NFKBIZ/HLA-E/ZBTB1/BRD2/EP300/TFRC/HLA-DRA/HLA-C/FADD/HLA-DRB1/HLA-A/PRKAA1/IRF1/CLEC7A/JUNB/AKIRIN2/MALT1/SAMSN1/IL1B/NLRP3/CD69/TNFAIP3",0.407017918923954
"GO:0071356","cellular response to tumor necrosis factor",117,-0.339781224097762,-1.4986413633745,0.00505342013812219,0.110013226643291,0.0797387094686254,2609,"tags=46%, list=30%, signal=33%","TNFRSF1A/ZFP36L1/COMMD7/TRIM27/IL18BP/ZC3H12A/SPPL2A/BIRC2/RRAGA/HSPA1A/NR2C2/GBP2/CCL2/TRAF6/TMSB4X/TNFSF13B/ZFAND6/CASP4/NSMAF/GBP3/YBX3/RIPK1/TANK/TRAF1/JAK2/TIFA/NFE2L2/TNFRSF1B/RFFL/LIMS1/CFL1/ANXA4/CD40/STAT1/CYLD/CASP8/GBP1/KLF2/TAX1BP1/BIRC3/TRADD/ZFP36L2/PTPN2/TNFRSF4/FAS/ERBIN/EIF5A/CXCL8/ZFP36/FOS/NAIP/NFKBIA/TNFAIP3/CCL3",0.407017918923954
"GO:0045923","positive regulation of fatty acid metabolic process",18,-0.511468587631051,-1.49808178415644,0.0474516695957821,0.321423871754457,0.232971302707195,485,"tags=28%, list=5%, signal=26%","CD74/LPGAT1/ABCD2/CPT1A/IL1B",0.276500599254472
"GO:0051384","response to glucocorticoid",48,-0.399810664477852,-1.49807671831559,0.025170876859179,0.230848963804626,0.167321685015525,1537,"tags=27%, list=17%, signal=22%","MT-ND3/UBE2L3/USP8/GLB1/ALAD/CFLAR/PTGDS/ZFP36L2/ZFP36/FOS/FOSB/AREG/DUSP1",0.352487857583619
"GO:2000379","positive regulation of reactive oxygen species metabolic process",45,-0.411124450295363,-1.49798509739532,0.0300735603581232,0.247832923518056,0.17963183235451,1526,"tags=27%, list=17%, signal=22%","RIPK1/TSPO/NFE2L2/PARK7/PLCG2/RAB27A/TLR6/CLEC7A/FAS/GADD45A/SOD2/CDKN1A",0.352487857583619
"GO:1901532","regulation of hematopoietic progenitor cell differentiation",26,-0.456970745801128,-1.49693890044442,0.0344627794386625,0.270323651435058,0.195933341489648,2394,"tags=50%, list=27%, signal=37%","PDCD2/NUDT21/EIF2AK2/TMSB4X/METTL14/ITCH/NFE2L2/ABL1/OSM/METTL3/ZBTB1/DPF2/MYB",0.321775918075361
"GO:0048247","lymphocyte chemotaxis",25,-0.469499258871915,-1.49678134222996,0.0328242436088002,0.263922722047982,0.191293882541861,1554,"tags=24%, list=18%, signal=20%","CCL4/NEDD9/CCR2/CXCL10/CCL3/PADI2",0.321775918075361
"GO:0048268","clathrin coat assembly",15,-0.534599530885051,-1.49584859047755,0.0446735395189003,0.314303606354871,0.227810461675979,1067,"tags=40%, list=12%, signal=35%","CLTC/SYNJ2/NSG1/CLTA/PICALM/CLINT1",0.282013350011725
"GO:0033993","response to lipid",418,-0.291343186800784,-1.49382568444396,0.000207709025477681,0.0192178055163554,0.0139292615756276,1537,"tags=24%, list=17%, signal=21%","MT-ND3/UBE2L3/HMGB1/USP8/PPARD/PPARGC1B/TNIP1/IL10RA/SMAD3/JAK2/TRIB1/PTPRC/TSPO/BCL10/AQP3/TRIP4/SMARCA4/VPS4B/CD86/PDK3/IRAK3/PIM1/PLAA/TPCN2/CD55/ANKRD13C/TNFRSF1B/NCOR1/GLB1/TGFBR3/ALAD/CSF2RB/PLSCR3/CFLAR/ASXL1/CX3CR1/GCH1/PARK7/CD40/NFKBIZ/TLR1/CASP8/MICB/CNOT9/CD68/ABCA1/CALR/MDM2/GBP5/PDE4B/PTGDS/MAP4K1/EP300/PLCG2/HNRNPA0/CLOCK/TFRC/BTG2/MYB/TLR6/FFAR2/CREB1/AKAP8/ZFP36L2/TRIM25/STAT3/NFKBIB/KLF4/PAF1/SNW1/JUNB/RUVBL2/CXCL10/MALT1/CNOT1/XBP1/PER1/ERBIN/UBE3A/SOD2/AIFM1/CXCL8/ZFP36/CPT1A/PTPN22/IL1B/NLRP3/FOS/CES1/NR4A1/RORA/JUN/ACSL1/FOSB/PDK4/AREG/TNFAIP3/CCL3/DUSP1/PADI2",0.518848077743792
"GO:0002244","hematopoietic progenitor cell differentiation",43,-0.406009036115627,-1.49332874863068,0.0355948472911464,0.276012615851918,0.200056760960693,1414,"tags=30%, list=16%, signal=26%","PTPRC/ITCH/NFE2L2/ABL1/OSM/METTL3/ZBTB1/DPF2/ATF2/MYB/LIG4/PLEK/PRRC2C",0.321775918075361
"GO:0019076","viral release from host cell",22,-0.465202863421796,-1.4928755732577,0.0490018148820327,0.327399146928495,0.237302243137136,2293,"tags=55%, list=26%, signal=40%","TSG101/VPS37B/VAPA/ARL8B/CHMP2A/VPS4B/CHMP1B/CHMP2B/RAB7A/CHMP4A/CHMP6/TRIM25",0.276500599254472
"GO:0035891","exit from host cell",22,-0.465202863421796,-1.4928755732577,0.0490018148820327,0.327399146928495,0.237302243137136,2293,"tags=55%, list=26%, signal=40%","TSG101/VPS37B/VAPA/ARL8B/CHMP2A/VPS4B/CHMP1B/CHMP2B/RAB7A/CHMP4A/CHMP6/TRIM25",0.276500599254472
"GO:0051928","positive regulation of calcium ion transport",36,-0.42581745066815,-1.49192956668766,0.0329336140506939,0.263922722047982,0.191293882541861,2134,"tags=42%, list=24%, signal=32%","G6PD/CCL2/F2R/CCL4/TSPO/MS4A1/ASPH/CRACR2A/PPP3CB/PPP3CA/CCR1/PPP3CC/TRPV2/CXCL10/CCL3",0.321775918075361
"GO:0034502","protein localization to chromosome",68,-0.371324012144869,-1.49187858635675,0.0164959442580976,0.18545368208367,0.134418721518867,1727,"tags=31%, list=20%, signal=25%","ACD/RB1/HTATSF1/SPIN1/JAK2/ATR/RCC2/PPHLN1/BUB3/MSL2/XRCC5/XRCC4/RNF4/TOPBP1/BRD2/NBN/G2E3/VRK1/TNKS2/SLF1/GNL3L",0.352487857583619
"GO:0045765","regulation of angiogenesis",116,-0.339289938934155,-1.49157690088112,0.00637337056980994,0.125951415483962,0.0912908714058727,1639,"tags=31%, list=19%, signal=26%","PPP1R16B/SP100/EMILIN2/NF1/HMGB1/CCR2/CEMIP2/ITGB1/NFE2L2/GRN/ABL1/SEMA4A/ROCK1/CD40/STAT1/AGGF1/PLXND1/KLF2/NAXE/ATF2/EPN1/ATP2B4/C3AR1/STAT3/HMOX1/MECP2/RHOB/CTNND1/KLF4/CXCL10/XBP1/GADD45A/CXCL8/IL1B/GLUL/TNFAIP3",0.407017918923954
"GO:0071675","regulation of mononuclear cell migration",78,-0.362742478781079,-1.49122283012544,0.0194606738138992,0.199557690419102,0.144641450706228,1554,"tags=23%, list=18%, signal=19%","CCL4/HMGB1/NEDD9/CCR2/CX3CR1/ABL1/PLA2G7/CALR/FADD/CCR1/AKIRIN1/C3AR1/CXCL10/ITGA4/CD69/CCL3/DUSP1/PADI2",0.352487857583619
"GO:0031343","positive regulation of cell killing",35,-0.427987937663795,-1.49074777851891,0.032925152239111,0.263922722047982,0.191293882541861,1457,"tags=31%, list=17%, signal=26%","IL12RB1/KLRC1/HLA-B/PIK3C3/HLA-E/HLA-DRA/HLA-C/FADD/HLA-DRB1/HLA-A/SLAMF6",0.321775918075361
"GO:0010659","cardiac muscle cell apoptotic process",18,-0.508793613881065,-1.49024683682074,0.0474516695957821,0.321423871754457,0.232971302707195,2385,"tags=50%, list=27%, signal=37%","PDPK1/CAPN2/PTPN1/GPR35/CAMK2D/JAK2/NFE2L2/CFLAR/ADRB2",0.276500599254472
"GO:0009314","response to radiation",197,-0.314037021726627,-1.49009215631161,0.00372935009525959,0.0948886514862611,0.0687762630330418,1782,"tags=30%, list=20%, signal=24%","NIPBL/UVSSA/TMEM109/PPP1CA/NF1/NOC2L/GNGT2/TOP1/PPP1CC/BCL3/MT-ND3/MEN1/TANK/SMAD3/PTPRC/ATR/CPT1B/EIF2S1/DYNLRB1/UBE2B/XPC/ALAD/EIF2AK4/OPN3/PLK3/XRCC5/XRCC4/ATF4/BCL2/MDM2/METTL3/ZBTB1/POLD3/TOPBP1/EP300/CLOCK/USP28/BHLHE40/CREB1/NABP1/PRKAA1/WRN/EGR1/BARD1/NABP2/LIG4/BAK1/RHOB/EYA3/NSMCE3/BABAM2/RUVBL2/CXCL10/DDB2/PER1/GADD45A/FOS/CDKN1A/DUSP1",0.431707695803346
"GO:0042098","T cell proliferation",90,-0.352765821937403,-1.48949264012582,0.0116437073043748,0.158094816594646,0.114588736587201,1582,"tags=32%, list=18%, signal=27%","IL18/BTN3A1/HMGB1/IL12RB1/JAK2/PTPRC/CCR2/PRNP/TMEM131L/CD86/CD55/TNFRSF1B/HLA-DMB/PRKAR1A/HLA-E/TNFSF8/TFRC/PPP3CB/PPP3CA/FADD/SLC7A1/HLA-DRB1/HLA-A/IRF1/TNFRSF4/IL15/IL1B/HLA-DPA1/HLA-DPB1",0.380730400722792
"GO:0002687","positive regulation of leukocyte migration",74,-0.36276497633569,-1.48875228168234,0.0384918386892956,0.292351259895751,0.211899176916247,1554,"tags=26%, list=18%, signal=21%","CCL4/HMGB1/NEDD9/CCR2/FUT7/ICAM1/CX3CR1/ABL1/PLA2G7/CALR/CD74/FADD/CCR1/AKIRIN1/C3AR1/CXCL10/ITGA4/CXCL8/CCL3",0.321775918075361
"GO:0010332","response to gamma radiation",29,-0.437950477338811,-1.48869372336401,0.0442477876106195,0.314303606354871,0.227810461675979,1890,"tags=48%, list=21%, signal=38%","MAP3K20/TMEM109/TOP1/MEN1/SMAD3/PTPRC/ATR/XRCC5/MDM2/PRKAA1/WRN/EGR1/LIG4/CXCL10",0.287857117255149
"GO:0042129","regulation of T cell proliferation",77,-0.364519934073477,-1.48866545877515,0.0123337012425491,0.160075522994098,0.116024372800659,1582,"tags=34%, list=18%, signal=28%","IL18/HMGB1/IL12RB1/JAK2/PTPRC/CCR2/PRNP/TMEM131L/CD86/CD55/TNFRSF1B/HLA-DMB/PRKAR1A/HLA-E/TNFSF8/TFRC/PPP3CA/FADD/SLC7A1/HLA-DRB1/HLA-A/IRF1/IL15/IL1B/HLA-DPA1/HLA-DPB1",0.380730400722792
"GO:0010389","regulation of G2/M transition of mitotic cell cycle",54,-0.390557494703458,-1.4882347529636,0.0216533334500109,0.214996866851654,0.155831923357138,2149,"tags=39%, list=24%, signal=30%","RAD17/RINT1/CHFR/ZNF830/RRM1/CDK4/ATR/VPS4B/RCC2/PIM1/RAD51B/TOPBP1/NBN/NABP1/BARD1/NABP2/CDC25B/BABAM2/DBF4/MRE11/CDKN1A",0.352487857583619
"GO:2000628","regulation of miRNA metabolic process",46,-0.403471650355469,-1.48781518703398,0.0251476260212531,0.230848963804626,0.167321685015525,547,"tags=20%, list=6%, signal=18%","MYB/EGR1/STAT3/KLF4/NEAT1/POU2F1/FOS/PNPT1/JUN",0.352487857583619
"GO:0006635","fatty acid beta-oxidation",48,-0.396434832467411,-1.48542759264409,0.0297651135852194,0.246288165458187,0.17851217594688,2162,"tags=40%, list=24%, signal=30%","ETFDH/LONP2/ECI2/ACADVL/ECHS1/CRAT/PPARD/CPT1B/SCP2/ETFA/ABCD3/ECH1/ACAA2/DECR1/ACADM/ACOX1/ABCD2/CPT1A/ETFB",0.352487857583619
"GO:0006664","glycolipid metabolic process",65,-0.378196740816472,-1.48365928404636,0.0154123913467791,0.177876007050847,0.128926345317148,1190,"tags=25%, list=13%, signal=21%","GLB1/DEGS1/ST8SIA4/CLN6/M6PR/NAGA/PGAP3/GM2A/SPTLC2/UGCG/B4GALT4/ST3GAL2/PRKAA1/PIGQ/ST6GALNAC6/GLA",0.380730400722792
"GO:0007009","plasma membrane organization",79,-0.357873804888062,-1.48265550774074,0.024345847862341,0.228510997241518,0.165627102989242,1777,"tags=35%, list=20%, signal=29%","BIN2/ARL8B/SERINC3/CHMP2A/PTPRC/SNX18/VPS4B/ASAP1/WHAMM/DEGS1/PLSCR3/ANO9/XRCC4/MAFB/CHMP1B/CHMP2B/UGCG/NSF/ANXA2/CXCR4/CHMP4A/SERINC5/PLSCR1/CHMP6/WDR54/VMP1/TMEM41B/ABCD2",0.352487857583619
"GO:0046394","carboxylic acid biosynthetic process",139,-0.325484752449321,-1.48063783980548,0.0076067800374837,0.134808738143375,0.0977107492674572,1301,"tags=22%, list=15%, signal=19%","SEPHS2/PLAA/SCP2/DEGS1/NME1/PRKAG1/PARK7/MTHFD2/OSBP/MTHFD1/KYNU/PTGDS/FABP5/ABCD3/UROS/CD74/ATP2B4/PRKAA1/SLC38A1/ERLIN2/LPGAT1/XBP1/ERLIN1/ACOX1/ABCD2/IL1B/CES1/NAIP/ACSL1/PDK4/GLUL",0.407017918923954
"GO:0034204","lipid translocation",29,-0.435387095013148,-1.47998020122793,0.0460176991150442,0.316984861416828,0.229753862709837,1189,"tags=38%, list=13%, signal=33%","ABCC1/PLSCR3/ANO9/XRCC4/ABCA1/ATP9B/SERINC5/PLSCR1/ATP11B/VMP1/TMEM41B",0.282013350011725
"GO:0032946","positive regulation of mononuclear cell proliferation",68,-0.368047692806547,-1.47871522901103,0.0198227856518839,0.201746400972049,0.146227850453035,1690,"tags=37%, list=19%, signal=30%","CD38/IL18/HMGB1/IL12RB1/JAK2/PTPRC/CCR2/SASH3/CD86/CD55/HLA-DMB/BCL2/HLA-E/TFRC/PPP3CA/CD74/FADD/SLC7A1/HLA-A/TNFRSF4/IL15/FCRL3/IL1B/HLA-DPA1/HLA-DPB1",0.352487857583619
"GO:0050671","positive regulation of lymphocyte proliferation",68,-0.368047692806547,-1.47871522901103,0.0198227856518839,0.201746400972049,0.146227850453035,1690,"tags=37%, list=19%, signal=30%","CD38/IL18/HMGB1/IL12RB1/JAK2/PTPRC/CCR2/SASH3/CD86/CD55/HLA-DMB/BCL2/HLA-E/TFRC/PPP3CA/CD74/FADD/SLC7A1/HLA-A/TNFRSF4/IL15/FCRL3/IL1B/HLA-DPA1/HLA-DPB1",0.352487857583619
"GO:1905168","positive regulation of double-strand break repair via homologous recombination",37,-0.419008457053645,-1.47802383021985,0.0343593558318515,0.270196095606294,0.195840887723123,1755,"tags=38%, list=20%, signal=30%","PELI1/TRRAP/EPC1/MEAF6/RNF126/WAS/VPS72/ING3/NBN/RUVBL1/ACTB/MBTD1/RUVBL2/ACTR2",0.321775918075361
"GO:0019221","cytokine-mediated signaling pathway",279,-0.299025969808218,-1.47787691032446,0.00208657811300993,0.0760789245723146,0.0551427809932999,1807,"tags=28%, list=20%, signal=23%","IFNGR1/IKBKE/PTPN1/NSMAF/YTHDF3/RNF113A/IFNAR2/IL1RN/APPL1/GPR35/SIN3A/SP100/IL18/CCL4/RIPK1/TANK/STAT4/TRAF1/IL12RB1/IL10RA/JAK2/PTPRC/CCR2/CISH/IFNG/HDAC4/TIFA/IRAK3/TNFRSF1B/RFFL/LIMS1/CSF2RB/CX3CR1/TTLL12/ANXA4/GIGYF2/CD40/STAT1/NFKBIZ/CYLD/VRK2/CASP8/SAMHD1/OSM/TAX1BP1/UGCG/SH2B3/METTL3/CXCR4/BIRC3/TRADD/IFI27/CD74/SOCS3/SOCS1/FADD/CCR1/EGR1/SOS1/STAT3/IRF1/PTPN2/TNFRSF4/PARP9/FAS/CXCL10/TBK1/EIF5A/IL10RB/IL15/IL1B/ADIPOR2/NAIP/CCL3L1/IL1R2/NFKBIA/TNFAIP3/CCL3/PADI2",0.431707695803346
"GO:0002931","response to ischemia",30,-0.445919065165477,-1.47713319022489,0.0294728037494359,0.245365611582727,0.17784349948234,1789,"tags=33%, list=20%, signal=27%","MAP2K3/GPR35/NFE2L2/CX3CR1/MYB/EGR1/SOS1/STAT3/CPEB4/AIFM1",0.352487857583619
"GO:0032757","positive regulation of interleukin-8 production",38,-0.423206442723728,-1.47622598370073,0.0437062937062937,0.312703553037472,0.226650726701347,2042,"tags=45%, list=23%, signal=35%","LAMTOR5/F2R/TLR7/RAB1A/HMGB1/RIPK1/TLR5/BCL10/PARK7/TLR1/CD74/FFAR2/FADD/STAT3/CLEC7A/FCN1/IL1B",0.287857117255149
"GO:0050866","negative regulation of cell activation",104,-0.340465263562022,-1.47586773676685,0.0100178806867981,0.149056147647021,0.108037417085095,2156,"tags=33%, list=24%, signal=25%","PSMA2/PSMA5/PSMB10/ID2/HAVCR2/RUNX1/PIBF1/RC3H1/PSMA1/TMX1/HMGB1/PTPRC/PRNP/TMEM131L/TIGIT/CD86/CBLB/GRN/PRKAR1A/PSMA4/CBFB/SH2B3/HLA-E/FAM76B/SOCS1/HLA-DRB1/PAG1/IRF1/PTPN2/SAMSN1/PTPN22/CD69/CLEC12A/TNFAIP3",0.380730400722792
"GO:0002694","regulation of leukocyte activation",330,-0.294844272817104,-1.47434552775125,0.000868427083663051,0.0459138526960036,0.0332788290319195,2156,"tags=32%, list=24%, signal=25%","PSMA2/PSMA5/CCL2/TRAF6/NFAM1/CD47/SHLD2/PSMB10/ID2/TNFSF13B/HAVCR2/RBX1/AP3B1/RUNX1/FCGR3A/SUPT6H/PIBF1/ZNF683/METTL14/RC3H1/DPP4/SLC15A4/HLA-DMA/CD38/PSMA1/DCAF15/IL18/CARD11/PJA2/HMGB1/IL12RB1/NEDD9/KLRC1/JAK2/SIT1/PTPRC/CCR2/PRNP/ZBTB16/TMEM131L/SMARCA4/SASH3/PHF10/TIGIT/CD86/CBLB/KLHL22/CD55/SMARCE1/TNFRSF1B/HLA-DMB/GRN/LRRK2/ABL1/MFHAS1/NFKBIZ/PRKAR1A/PSMA4/CBFB/FLOT2/CLPTM1/BCL2/METTL3/HLA-E/ZBTB1/TNFSF8/BRD2/EP300/TFRC/FAM76B/HLA-DRA/TLR6/PPP3CA/SIRPB1/CD74/PLSCR1/SOCS1/FADD/ZFP36L2/SLC7A1/HLA-DRB1/HLA-A/PRKAA1/ACTB/PAG1/IRF1/PTPN2/TNFRSF4/CLEC7A/JUNB/AKIRIN2/PRDM1/MALT1/SAMSN1/XBP1/PTPN22/IL15/FCRL3/IL1B/NLRP3/HLA-DPA1/CD69/CLEC12A/HLA-DPB1/TNFAIP3/CCL3",0.477270815362862
"GO:0002221","pattern recognition receptor signaling pathway",205,-0.31048008149783,-1.47430531983602,0.0034908269833789,0.0937727621091942,0.0679674550237506,2385,"tags=33%, list=27%, signal=24%","PDPK1/CTSS/HSPA1A/ZDHHC5/PIK3R1/GBP2/TRIM65/LYPLAL1/ALPK1/IFI16/EIF2AK2/TRAF6/ZDHHC3/ZC3HAV1/HAVCR2/AP3B1/NAGK/ZDHHC18/TLR7/PIK3AP1/SLC15A4/APPL1/PJA2/HMGB1/TLR5/TNIP1/BCL10/ITCH/LRCH4/DDX3X/TIFA/IRAK3/IFIH1/BECN1/MFHAS1/NFKBIZ/CYLD/TLR1/DDX60/RNF135/RIPK2/TAX1BP1/CSNK1A1/GBP5/WDFY1/PUM1/PLCG2/NMI/BIRC3/TLR6/GPATCH3/FFAR2/PLD3/SLC46A2/TRIM25/IRF1/CLEC7A/FCN1/TBK1/PUM2/ERBIN/PTPN22/FCRL3/NLRP3/NAIP/NFKBIA/TNFAIP3",0.431707695803346
"GO:0042116","macrophage activation",57,-0.382156919568928,-1.47387132797164,0.0249685754953647,0.230848963804626,0.167321685015525,2092,"tags=42%, list=24%, signal=32%","CRTC3/CLU/HAVCR2/FCGR3A/IFNGR1/PJA2/HMGB1/CD93/JAK2/PTPRC/IFNG/GRN/CX3CR1/LRRK2/MFHAS1/TLR1/PLCG2/NMI/FAM76B/TLR6/CD74/TMEM106A/IL1B/CCL3",0.352487857583619
"GO:0070585","protein localization to mitochondrion",105,0.323975759110922,1.47333307007498,0.00718256556859887,0.132147540181282,0.0957818858242834,2487,"tags=39%, list=28%, signal=28%","DNLZ/TOMM7/SREBF1/AKT1/PINK1/BCS1L/PAM16/GFER/LEPROT/PMPCA/NMT1/SARM1/CSNK2A2/MOAP1/UBL5/TOMM22/DNAJC19/ROMO1/TRABD/EIF2AK1/TIMM9/TIMM10/UBE2J2/TIMM13/PARL/HSPD1/ATP5IF1/FBXO7/HTRA2/HSP90AA1/FBXW7/FKBP8/BCAP31/HAX1/HK2/TIMM22/SAMM50/BNIP3L/SAE1/TOMM34/TIMM29",0.407017918923954
"GO:0046649","lymphocyte activation",468,-0.285396779374369,-1.47327685224859,0.00025361248698791,0.0219671581814422,0.0159220204472402,1582,"tags=25%, list=18%, signal=22%","IL18/CARD11/BTN3A1/HMGB1/MEN1/PRDX1/STAT4/IL12RB1/NEDD9/KLRC1/SMAD3/JAK2/CD3G/SIT1/PTPRC/CCR2/PRNP/ZBTB16/TMEM131L/SMARCA4/SASH3/PHF10/TIGIT/HDAC4/CD86/IKZF1/ITGB1/RELB/CBLB/NFE2L2/KLHL22/CD55/SMARCE1/TNFRSF1B/MS4A1/EIF2AK4/HLA-DMB/ICAM1/NFIL3/ABL1/SEMA4A/DDOST/CD40/NFKBIZ/CLEC2B/PRKAR1A/TPD52/CASP8/PSMA4/VAMP7/MICB/MOV10/CBFB/HSH2D/FLOT2/CLPTM1/BCL2/METTL3/HLA-E/ZBTB1/CRACR2A/TNFSF8/BRD2/EP300/PLCG2/TFRC/NBN/LTBR/ATF2/PPP3CB/HLA-DRA/MYB/PPP3CA/SIRPB1/CD74/SOCS3/SOCS1/FADD/SLAMF7/ZFP36L2/SLC7A1/HLA-DRB1/CTSL/HLA-A/PRKAA1/SOS1/LIG4/STAT3/ACTB/PAG1/IRF1/PTPN2/TNFRSF4/CLEC7A/JUNB/AKIRIN2/PRDM1/MALT1/SAMSN1/SLAMF6/XBP1/TBK1/ITGA4/DNAJB9/SKAP2/KLF6/PTPN22/IL15/FCRL3/IL1B/NLRP3/HLA-DPA1/LCP1/CD69/RORA/CLEC12A/HLA-DPB1/TNFAIP3",0.49849310876659
"GO:0034142","toll-like receptor 4 signaling pathway",40,-0.40952839734292,-1.47270100887665,0.021362689072175,0.213679378901288,0.1548769946444,2109,"tags=32%, list=24%, signal=25%","TRAF6/AP3B1/PIK3AP1/APPL1/HMGB1/MFHAS1/TAX1BP1/WDFY1/NMI/TBK1/PTPN22/NFKBIA/TNFAIP3",0.352487857583619
"GO:0032623","interleukin-2 production",51,-0.384878330862052,-1.47236983354331,0.0260158356230031,0.232091916841904,0.168222590062552,2156,"tags=43%, list=24%, signal=33%","PSMA2/PSMA5/TRAF6/PSMB10/HAVCR2/RUNX1/PSMA1/CARD11/PTPRC/CCR2/PRNP/CD86/PSMA4/GBP1/PDE4B/PLCG2/GPR174/CLEC7A/MALT1/ZFP36/IL1B/TNFAIP3",0.352487857583619
"GO:0032663","regulation of interleukin-2 production",51,-0.384878330862052,-1.47236983354331,0.0260158356230031,0.232091916841904,0.168222590062552,2156,"tags=43%, list=24%, signal=33%","PSMA2/PSMA5/TRAF6/PSMB10/HAVCR2/RUNX1/PSMA1/CARD11/PTPRC/CCR2/PRNP/CD86/PSMA4/GBP1/PDE4B/PLCG2/GPR174/CLEC7A/MALT1/ZFP36/IL1B/TNFAIP3",0.352487857583619
"GO:0034614","cellular response to reactive oxygen species",82,-0.354498209296693,-1.47183172701402,0.0174410342120205,0.189426347348792,0.137298149848143,1526,"tags=28%, list=17%, signal=23%","RIPK1/PRDX1/ERN1/PXN/PRDX5/NFE2L2/CFL1/LRRK2/BECN1/ABL1/GCH1/PARK7/KLF2/OSER1/MDM2/MYB/PRKAA1/RHOB/KLF4/SOD2/AIFM1/FOS/TNFAIP3",0.352487857583619
"GO:0045444","fat cell differentiation",87,-0.354744992440977,-1.47159061226689,0.0108714001143935,0.154207212075595,0.11177096115481,1489,"tags=30%, list=17%, signal=25%","PPARD/SMAD3/TFE3/ZBTB16/PIM1/PIN1/ASXL1/MAFB/FAM120B/ZNF516/ATF5/EP300/ATF2/FFAR2/CREB1/ZFP36L2/KLF4/XBP1/EGR2/ZFP36/TRIB2/CUL2/NR4A1/RORA/NR4A2/SYAP1",0.380730400722792
"GO:0002697","regulation of immune effector process",196,-0.308051217971751,-1.4711289972101,0.00556199585352081,0.116948004328486,0.0847651071113583,1457,"tags=26%, list=17%, signal=22%","IL12RB1/KLRC1/PTPRC/CCR2/FUT7/BCL10/SASH3/TIGIT/CD86/IRAK3/KLHL22/HLA-B/CD55/TNFRSF1B/ADGRE2/HLA-DMB/GRN/ICAM1/CX3CR1/WAS/NFKBIZ/VAMP7/DDX60/PIK3C3/HLA-E/ZBTB1/BRD2/EP300/PLCG2/TFRC/HLA-DRA/SERPING1/HLA-C/CD74/FFAR2/FADD/HLA-DRB1/HLA-A/PRKAA1/TNFRSF4/CLEC7A/FCN1/JUNB/MALT1/SLAMF6/XBP1/DNAJB9/FCRL3/IL1B/NLRP3/CD69",0.407017918923954
"GO:0002429","immune response-activating cell surface receptor signaling pathway",231,-0.303895054214361,-1.47110709130663,0.00328916617726565,0.0910897653581529,0.0660227915958681,1581,"tags=24%, list=18%, signal=20%","CARD11/PJA2/BTN3A1/UBR2/HMGB1/TLR5/KLRC1/CD3G/PTPRC/PRNP/BCL10/IFNG/LPXN/CD86/CBLB/EIF2B5/MS4A1/ABL1/MFHAS1/NFKBIZ/CLEC2B/TLR1/MICB/RIPK2/GBP1/TAX1BP1/BCL2/EIF2B2/BTN2A1/PDE4B/WDFY1/EP300/PLCG2/EIF2B3/NMI/TLR6/PLSCR1/FFAR2/HLA-DRB1/HLA-A/SOS1/EIF2B4/C3AR1/PTPN2/PHPT1/CLEC7A/FCN1/MALT1/TBK1/LCP2/PTPN22/FCRL3/IGHA1/NFKBIA/HLA-DPB1/TNFAIP3",0.431707695803346
"GO:0045670","regulation of osteoclast differentiation",27,-0.454602926573646,-1.47032802183382,0.0431034482758621,0.311676976786917,0.225906653757683,1474,"tags=33%, list=17%, signal=28%","PPARGC1B/NEDD9/TFE3/IFNG/UBASH3B/MAFB/PPP3CA/CCR1/CCL3",0.287857117255149
"GO:0015711","organic anion transport",163,-0.319463829021127,-1.47019651401511,0.0076956035459945,0.135338303109804,0.0980945833598773,732,"tags=17%, list=8%, signal=15%","SLC16A6/FABP5/BEST1/SLC25A12/ACSL5/ABCD3/FOLR3/EMB/SLC7A1/SLC6A6/SLC46A2/SLC38A1/PLA2G12A/CYB5R4/SLC36A1/SLC2A3/SLC38A6/ABCD2/SLC25A25/CPT1A/SLC25A20/IL1B/CES1/SLC23A2/LRRC8C/ACSL1/GOT2",0.407017918923954
"GO:0070661","leukocyte proliferation",142,-0.324470044418255,-1.46860851220001,0.00947980297173661,0.146182870825529,0.105954836720147,1582,"tags=27%, list=18%, signal=23%","IL18/BTN3A1/HMGB1/IL12RB1/JAK2/PTPRC/CCR2/PRNP/TMEM131L/SASH3/CD86/CD55/TNFRSF1B/MS4A1/CSF2RB/HLA-DMB/CD40/NFKBIZ/PRKAR1A/BCL2/HLA-E/TNFSF8/TFRC/PPP3CB/PPP3CA/CD74/FADD/SLC7A1/HLA-DRB1/HLA-A/IRF1/TNFRSF4/PTPN22/IL15/FCRL3/IL1B/HLA-DPA1/HLA-DPB1/TNFAIP3",0.380730400722792
"GO:0046902","regulation of mitochondrial membrane permeability",35,-0.421530096989158,-1.46825412672981,0.0395704250387883,0.298317037653532,0.216223233521954,1084,"tags=31%, list=12%, signal=28%","LRRK2/BCL2L1/BCL2/ATF2/SLC9A1/PMAIP1/ACAA2/STAT3/BAK1/SLC35F6/RHOT1",0.321775918075361
"GO:0001912","positive regulation of leukocyte mediated cytotoxicity",33,-0.430578432401352,-1.46778403587679,0.0426866755271591,0.311676976786917,0.225906653757683,1457,"tags=33%, list=17%, signal=28%","IL12RB1/KLRC1/HLA-B/PIK3C3/HLA-E/HLA-DRA/HLA-C/FADD/HLA-DRB1/HLA-A/SLAMF6",0.321775918075361
"GO:0032720","negative regulation of tumor necrosis factor production",33,-0.4304031287096,-1.46718644914039,0.0426866755271591,0.311676976786917,0.225906653757683,1395,"tags=21%, list=16%, signal=18%","TSPO/IRAK3/ILRUN/TLR6/AKAP8/PTPN22/TNFAIP3",0.321775918075361
"GO:1903556","negative regulation of tumor necrosis factor superfamily cytokine production",33,-0.4304031287096,-1.46718644914039,0.0426866755271591,0.311676976786917,0.225906653757683,1395,"tags=21%, list=16%, signal=18%","TSPO/IRAK3/ILRUN/TLR6/AKAP8/PTPN22/TNFAIP3",0.321775918075361
"GO:0034767","positive regulation of monoatomic ion transmembrane transport",43,-0.39875516026731,-1.46664850169105,0.042768870916922,0.311676976786917,0.225906653757683,1357,"tags=28%, list=15%, signal=24%","IFNG/MS4A1/ATP1B3/ASPH/CRACR2A/PPP3CB/PPP3CA/PPP3CC/FXYD1/STAC3/VMP1/CXCL10",0.321775918075361
"GO:0055088","lipid homeostasis",76,-0.355371863436527,-1.46661158472192,0.0227972839787649,0.220970816851314,0.160161903287165,1991,"tags=36%, list=23%, signal=28%","LIMA1/ORMDL2/VAPA/INSIG1/LAMTOR1/MED13/HPS6/GRAMD1B/PNPLA8/IL18/TSPO/DDX3X/ZBTB20/SOAT1/THADA/CLN8/ABCA1/SLC25A46/RAB7A/MTCH2/PRKAA1/LDAH/RALY/XBP1/ACOX1/CES1/RORA",0.352487857583619
"GO:0006805","xenobiotic metabolic process",32,0.412406285471905,1.46658365838853,0.0271612435455836,0.234265725580659,0.169798188822344,488,"tags=25%, list=6%, signal=24%","SULT1A1/EPHX1/GSTM2/CYP1B1/CES2/ABCC5/VKORC1/ALDH2",0.352487857583619
"GO:0007032","endosome organization",80,-0.357360356956678,-1.46638507910924,0.0254352622665943,0.230848963804626,0.167321685015525,2877,"tags=50%, list=33%, signal=34%","ATP6V1H/TOM1/WASHC4/RAB22A/ATP6AP1/PI4K2B/DNAJC13/SNX10/TSG101/HGS/ATP6V1A/VPS37B/ATP6V1D/LAMTOR1/VPS18/VPS25/PLEKHJ1/CHMP2A/SNF8/USP8/HOOK2/PLEKHF2/MVB12B/VTA1/VPS4B/VPS36/TMEM9/ARFGEF2/EXOC8/CHMP1B/CHMP2B/PIK3C3/RAB7A/CHMP4A/RAB27A/PI4K2A/WASHC5/CHMP6/PLD3/UBAP1",0.352487857583619
"GO:0007276","gamete generation",244,0.280916063163135,1.4658825915523,0.00159786870106351,0.0690391759041713,0.0500402993107898,1886,"tags=34%, list=21%, signal=27%","RPL36/PABPC1L/PSMB4/LRRC8A/CDYL/TESK1/RPL27/RPL17/DNHD1/ZNF296/RPL32/RPL10A/AGFG1/PSMB5/RPL24/RPL11/RPL30/RPL4/RPL12/RPL34/STRBP/RPL9/YY1/SFMBT1/SUN1/SPATC1L/DEAF1/IGF2R/CNBD2/RPL18A/VPS54/RPL21/SLC26A6/CSNK2A2/ORC4/CCNY/PRKACA/CUL4A/RPL19/CEP57/FAM50A/RPL5/RPL38/UBA52/RPL28/RPL35A/RPL18/RPL23/RPL29/STAU1/RPL41/BBS2/RPL14/RPLP1/RAB24/RPL15/LARP7/RPLP2/MARF1/HPGD/RPL37/RPL31/CIB1/RPL7/RPL13/RNF8/HERC4/TUT4/PTEN/XRN2/RPL35/BAG6/NCAPH2/RPL7A/DCAF13/RAN/BTG1/CCNI/CDK16/RPLP0/GPX4/TMEM203",0.45505986738723
"GO:0002768","immune response-regulating cell surface receptor signaling pathway",256,-0.296022756303477,-1.46574029774569,0.00177077013242995,0.0731149312472004,0.0529944483806718,2109,"tags=30%, list=24%, signal=23%","TRAF6/NFAM1/CD47/SLA2/LAIR1/AP3B1/FCGR3A/TRGC2/ZNF683/RAP1A/RC3H1/CD8A/PIK3AP1/APPL1/CD38/CARD11/PJA2/BTN3A1/UBR2/HMGB1/TLR5/KIR3DL1/KLRC1/CD3G/PTPRC/PRNP/BCL10/IFNG/MAP3K1/LPXN/CD86/CBLB/EIF2B5/MS4A1/ABL1/MFHAS1/CD40/NFKBIZ/CLEC2B/TLR1/MICB/RIPK2/GBP1/TAX1BP1/BCL2/EIF2B2/BTN2A1/PDE4B/WDFY1/EP300/PLCG2/EIF2B3/NMI/TLR6/LAIR2/PLSCR1/FFAR2/HLA-DRB1/HLA-A/SOS1/EIF2B4/C3AR1/PTPN2/PHPT1/CLEC7A/FCN1/FCGR1A/MALT1/TBK1/LCP2/PTPN22/FCRL3/IGHA1/NFKBIA/HLA-DPB1/TNFAIP3",0.45505986738723
"GO:0002685","regulation of leukocyte migration",106,-0.342134729879438,-1.46434352396044,0.0167749372158069,0.186638614729893,0.1352775727943,1554,"tags=22%, list=18%, signal=18%","CCL4/HMGB1/NEDD9/CCR2/FUT7/ICAM1/CX3CR1/ABL1/PLA2G7/CALR/CD74/FADD/CCR1/AKIRIN1/C3AR1/HMOX1/CXCL10/ITGA4/CXCL8/CD69/CCL3/DUSP1/PADI2",0.352487857583619
"GO:0050863","regulation of T cell activation",227,-0.304699171934457,-1.46400912648406,0.00436584648739813,0.101562063143987,0.0736132199115575,2538,"tags=40%, list=29%, signal=29%","ZC3H12A/MAP3K8/HLA-DQA1/NKAP/SMAD7/CD2/PSMA6/VAV1/BCL6/NCK1/PDPK1/PSMB2/YWHAG/PRELID1/B2M/RHOA/PSMA2/PSMA5/CCL2/TRAF6/CD47/PSMB10/HAVCR2/AP3B1/RUNX1/ZNF683/METTL14/RC3H1/DPP4/HLA-DMA/PSMA1/IL18/CARD11/HMGB1/IL12RB1/JAK2/SIT1/PTPRC/CCR2/PRNP/ZBTB16/TMEM131L/SMARCA4/PHF10/TIGIT/CD86/CBLB/KLHL22/CD55/SMARCE1/TNFRSF1B/HLA-DMB/ABL1/NFKBIZ/PRKAR1A/PSMA4/CBFB/FLOT2/CLPTM1/METTL3/HLA-E/ZBTB1/TNFSF8/BRD2/EP300/TFRC/HLA-DRA/PPP3CA/SIRPB1/SOCS1/FADD/SLC7A1/HLA-DRB1/HLA-A/PRKAA1/ACTB/PAG1/IRF1/PTPN2/JUNB/PRDM1/MALT1/XBP1/PTPN22/IL15/IL1B/NLRP3/HLA-DPA1/CD69/HLA-DPB1",0.407017918923954
"GO:0006099","tricarboxylic acid cycle",25,-0.458141805481864,-1.46057335252979,0.041386896286717,0.306896274650683,0.222441552057383,2989,"tags=68%, list=34%, signal=45%","SUCLA2/SUCLG2/OGDH/SDHD/FH/DLST/PDHB/IDH3A/SUCLG1/MDH1/ACO2/DLD/MDH2/IDH3B/SDHC/CS/IDH2",0.321775918075361
"GO:1902893","regulation of miRNA transcription",36,-0.416866206292634,-1.46056723965873,0.0439367311072056,0.31365402224257,0.227339636481713,1489,"tags=31%, list=17%, signal=26%","PPARD/SMAD3/SMARCA4/NCOR1/MYB/EGR1/STAT3/KLF4/POU2F1/FOS/JUN",0.287857117255149
"GO:0098739","import across plasma membrane",96,-0.343983163752874,-1.46040144730825,0.0110558380355199,0.155738119870593,0.112880578749105,1456,"tags=29%, list=16%, signal=25%","SLC27A4/PRNP/SLC39A8/IFNG/ITGB1/NFE2L2/ARPP19/MS4A1/OPN3/ARL6IP5/ATP1B3/PPP3CB/SLC9A1/ACSL5/SLC9A9/PPP3CA/ATP2B4/SLC7A1/SLC6A6/PPP3CC/SLC46A2/SLC38A1/TRPV2/FXYD1/SLC36A1/SLC2A3/LRRC8C/ACSL1",0.380730400722792
"GO:0002460","adaptive immune response based on somatic recombination of immune receptors built from immunoglobulin superfamily domains",181,-0.313268069704281,-1.45869556408668,0.00636735643597318,0.125951415483962,0.0912908714058727,2156,"tags=35%, list=24%, signal=27%","PSMA2/PSMA5/IL18RAP/TRAF6/CTSH/SHLD2/SLA2/CLU/PSMB10/HAVCR2/FCGR3A/SUPT6H/RC3H1/CD8A/SLC15A4/PSMA1/IL18/HMGB1/STAT4/IL12RB1/KLRC1/PTPRC/CCR2/FUT7/ZBTB16/KLHL22/HLA-B/CD55/TNFRSF1B/CSF2RB/WAS/SEMA4A/CD40/NFKBIZ/PSMA4/HLA-E/ZBTB1/CRACR2A/BRD2/EP300/TFRC/NBN/HLA-DRA/HLA-C/CD74/SOCS3/FADD/HLA-DRB1/HLA-A/PRKAA1/LIG4/STAT3/CLEC7A/JUNB/FCGR1A/MALT1/SLAMF6/CTSC/IL1B/NLRP3/IGHA1/CD69/RORA/TNFAIP3",0.407017918923954
"GO:0032732","positive regulation of interleukin-1 production",45,-0.400316074848971,-1.45860338381902,0.0466321243523316,0.318306072553071,0.230711490025698,1534,"tags=33%, list=17%, signal=28%","HMGB1/SMAD3/JAK2/IFNG/CASP8/RIPK2/GBP5/TLR6/EGR1/STAT3/CLEC7A/MALT1/NLRP3/NAIP/CCL3",0.276500599254472
"GO:0042102","positive regulation of T cell proliferation",48,-0.389269314420402,-1.45857864459286,0.0444444444444444,0.314303606354871,0.227810461675979,1582,"tags=40%, list=18%, signal=33%","IL18/HMGB1/IL12RB1/JAK2/PTPRC/CCR2/CD86/CD55/HLA-DMB/HLA-E/TFRC/PPP3CA/FADD/SLC7A1/HLA-A/IL15/IL1B/HLA-DPA1/HLA-DPB1",0.282013350011725
"GO:0001837","epithelial to mesenchymal transition",60,0.352147112277039,1.45854963277361,0.0284631655794304,0.24056013745828,0.174360442792159,2226,"tags=38%, list=25%, signal=29%","NOLC1/TCOF1/NOG/SLC39A10/TGFBR2/LDLRAD4/DDX17/BCL9L/HNRNPAB/TRIM28/MAD2L2/GATA3/KDM1A/ZNF703/KLHL12/PDCD6/PTEN/GSK3B/ROCK2/RGCC/MTOR/QKI/LEF1",0.352487857583619
"GO:0061756","leukocyte adhesion to vascular endothelial cell",27,-0.450960432599422,-1.4585470572896,0.046551724137931,0.318306072553071,0.230711490025698,3098,"tags=63%, list=35%, signal=41%","GOLPH3/ST3GAL4/ALOX5/CHST2/ITGB2/RHOA/TRAF6/GPR35/FUT7/SLC39A8/ITGB1/ICAM1/CX3CR1/ROCK1/ITGB7/KLF4/ITGA4",0.276500599254472
"GO:0043122","regulation of canonical NF-kappaB signal transduction",232,-0.302538974982837,-1.45845917005436,0.00233548493183877,0.0781562848611871,0.0566484729322624,2668,"tags=41%, list=30%, signal=30%","ATP2C1/TNFSF10/DNAJA3/LTB/TNFRSF1A/CUL1/NLRC3/ZC3H12A/TFG/BIRC2/PSMA6/GOLT1B/PDPK1/SLCO3A1/HSPA1A/MIER1/NR2C2/RHOA/MUL1/ARRB1/EDA/SLC44A2/CC2D1A/ALPK1/EIF2AK2/TRAF6/TMSB4X/ZC3HAV1/PIM2/LAMTOR5/SLC20A1/RBX1/F2R/VAPA/ZFAND6/TLR7/IKBKE/PELI1/INSR/CARD11/RIPK1/GAPDH/TANK/TRAF1/TNIP1/TMEM101/TMED4/BCL10/ITCH/SLC39A8/MAP3K13/TIFA/IRAK3/TGFBR3/LIMS1/TRIM22/CFLAR/CX3CR1/OPTN/USP10/ANXA4/CD40/STAT1/CYLD/UBE2V1/CASP8/RIPK2/FLOT2/PPM1A/TAX1BP1/PLCG2/TFRC/BIRC3/LTBR/TRADD/TLR6/PPM1B/CD74/FADD/MAP2K5/REL/TRIM25/STAT3/HMOX1/IFIT5/KLF4/LITAF/CLEC7A/MALT1/TBK1/PER1/IL1B/RORA/NFKBIA/TNFAIP3/NAMPT",0.431707695803346
"GO:0022613","ribonucleoprotein complex biogenesis",431,0.263477753776224,1.4574425557323,0.000143130004174688,0.0149405704357732,0.0108290779356602,2215,"tags=33%, list=25%, signal=26%","NOL9/NGRN/SURF6/RPS28/NOLC1/TCOF1/RPS15A/RNASEL/YBEY/NSUN5/NOP2/RPS25/SCNM1/AGO3/DDX1/RPL27/RPS21/EIF2D/C1D/UTP4/LUC7L3/RPL11/RPS27A/DDX18/CLNS1A/UTP14A/RPL26/DDX17/CD2BP2/TSR3/MTERF3/PES1/DDX39B/UTP20/SART3/RPS13/RPS12/FAU/RPS15/GEMIN4/EIF3B/RPS23/USP4/YTHDC1/NOL10/RPS8/RPS24/LSM8/DDX56/CUL4A/KRI1/GCFC2/RPL5/LSM5/AK6/DDX51/RPL35A/ERI3/DHX37/PRPF6/RPS14/RPF1/RBM10/NSUN6/SRSF6/RPS11/TSR1/DROSHA/DDX27/NOP56/RIOX2/RPL14/RIOK2/MTG2/LSM3/POP5/SNRNP70/AATF/HSP90AB1/NUP88/SRFBP1/TRMT112/SIRT7/SRSF9/RPS6/PSIP1/TSSC4/RPL37/ISY1/PA2G4/RPL7/LTO1/MYBBP1A/EMG1/COPRS/LAS1L/WDR18/RPS7/NOA1/XRN2/WDR46/RPL35/ZNF574/LSM2/EBNA1BP2/RPSA/REXO4/RPL7A/RPS9/DCAF13/ERI1/POP4/PDCD7/RAN/RPP38/DIMT1/RPLP0/FBL/HSP90AA1/NOP10/BOP1/MTERF4/FTSJ3/GEMIN6/LSM7/RPS5/RPS27/DHX9/NHP2/KAT2B/PPAN/NOP16/PIN4/RSRP1/KRR1/RBIS/SRSF1/NOP53/SF3B4/RRP36/NSA2",0.518848077743792
"GO:0008544","epidermis development",68,-0.362748839210463,-1.45742588074999,0.0225951608083321,0.22066908821019,0.159943207288629,1624,"tags=32%, list=18%, signal=27%","PIP5K1A/IL18/PPARD/AQP3/PPHLN1/OPN3/WAS/ROCK1/NFKBIZ/MAFB/FLOT2/NSUN2/BCL2/UGCG/FABP5/TRADD/PPP3CA/HLA-DRB1/KLF4/ST14/PUM2/ZFP36",0.352487857583619
"GO:0002683","negative regulation of immune system process",290,-0.292153975205279,-1.45731763695561,0.00299766631507863,0.0859401378076417,0.0622902889900382,1469,"tags=21%, list=17%, signal=18%","YWHAZ/KLRC1/TRIB1/PTPRC/CCR2/PRNP/ITCH/TMEM131L/TIGIT/LPXN/CD86/IRAK3/CBLB/PIM1/HLA-B/CD55/GRN/CX3CR1/TTLL12/MFHAS1/GIGYF2/PRKAR1A/C9orf72/MAFB/PSMA4/MKRN2/SAMHD1/TAPBPL/CBFB/CD68/GBP1/TAX1BP1/CSNK1A1/METTL3/HLA-E/NMI/FAM76B/SERPING1/TLR6/GPATCH3/SOCS1/FADD/HLA-DRB1/HLA-A/PLD3/HMOX1/ATG5/PAG1/IRF1/PTPN2/PHPT1/SAMSN1/ERBIN/PTPN22/FCRL3/CD69/CLEC12A/TNFAIP3/CCL3/DUSP1/PADI2",0.431707695803346
"GO:0051249","regulation of lymphocyte activation",302,-0.293243042222789,-1.45582343637988,0.0015592506868053,0.0682549413546707,0.0494718781053956,2156,"tags=32%, list=24%, signal=25%","PSMA2/PSMA5/CCL2/TRAF6/NFAM1/CD47/SHLD2/PSMB10/ID2/TNFSF13B/HAVCR2/RBX1/AP3B1/RUNX1/FCGR3A/SUPT6H/PIBF1/ZNF683/METTL14/RC3H1/DPP4/SLC15A4/HLA-DMA/CD38/PSMA1/DCAF15/IL18/CARD11/HMGB1/IL12RB1/NEDD9/KLRC1/JAK2/SIT1/PTPRC/CCR2/PRNP/ZBTB16/TMEM131L/SMARCA4/SASH3/PHF10/TIGIT/CD86/CBLB/KLHL22/CD55/SMARCE1/TNFRSF1B/HLA-DMB/ABL1/NFKBIZ/PRKAR1A/PSMA4/CBFB/FLOT2/CLPTM1/BCL2/METTL3/HLA-E/ZBTB1/TNFSF8/BRD2/EP300/TFRC/HLA-DRA/PPP3CA/SIRPB1/CD74/SOCS1/FADD/ZFP36L2/SLC7A1/HLA-DRB1/HLA-A/PRKAA1/ACTB/PAG1/IRF1/PTPN2/TNFRSF4/CLEC7A/JUNB/AKIRIN2/PRDM1/MALT1/SAMSN1/XBP1/PTPN22/IL15/FCRL3/IL1B/NLRP3/HLA-DPA1/CD69/CLEC12A/HLA-DPB1/TNFAIP3",0.45505986738723
"GO:0051606","detection of stimulus",58,-0.374882482392727,-1.45555028322995,0.0188339210340634,0.196094354295837,0.142131189337196,2036,"tags=40%, list=23%, signal=31%","NMT2/KCNQ1/MKKS/JUP/CALM1/GNGT2/TMEM120A/TSPO/HLA-B/OPN3/TMEM87A/ASPH/TLR1/OR4D1/ATF2/TLR6/HLA-DRB1/HLA-A/CYB5R4/CLEC7A/NLRP3/NAIP/NR4A1",0.352487857583619
"GO:0016050","vesicle organization",254,-0.299169153776042,-1.4544458720044,0.00290615770647172,0.0859401378076417,0.0622902889900382,2545,"tags=35%, list=29%, signal=26%","TRAPPC5/VAMP2/SRGN/TFG/VAMP8/HPS3/SAMD9/RAB8A/VPS16/SURF4/RAB29/SNX10/SLC9A8/TRAPPC3/HPS5/RAB4B/TSG101/HGS/STX17/ATP6V1A/VPS37B/CORO1A/SAR1A/ATP6V1D/F2R/AP3B1/VAPA/INSIG1/LAMTOR1/ARFGAP2/VPS18/VPS25/VPS33A/ARL8B/ATP6V1B2/HPS6/AP3S1/AGFG2/RAB1A/TRAPPC9/PLEKHJ1/CHMP2A/ANKFY1/SNF8/ATP6V0D1/USP8/YKT6/HOOK2/PLEKHF2/MVB12B/YIPF5/SNX19/ATP6V1C1/VTA1/VPS4B/TRAPPC6B/AP3M1/VPS36/AP3S2/LRRK2/TMEM9/SEC23B/ARFGEF2/UVRAG/OSBP/C9orf72/EXOC8/VAMP7/CHMP1B/AP1S1/CHMP2B/SEC24B/PIK3C3/ABCA1/RAB7A/ANXA2/STX3/PICALM/CHMP4A/RAB27A/SEC31A/PI4K2A/WASHC5/CHMP6/PLD3/TRAPPC11/AP1B1/ZEB2/UBAP1/RAB14",0.431707695803346
"GO:0009410","response to xenobiotic stimulus",131,-0.319906592665854,-1.45355450313425,0.0112992536718032,0.156661601012229,0.113549927305633,2049,"tags=34%, list=23%, signal=27%","DPYD/CBR3/KCNQ1/TXNIP/PMS1/CDK4/PPOX/XPO1/CD38/SUFU/CRYZ/TOP1/GSTM1/TSPO/ATR/PIM1/NFE2L2/UBE2B/XPC/ABCC1/ALAD/TPMT/BECN1/ABL1/NFKBIZ/OXCT1/BCL2/ABCA1/CALR/MDM2/PDE4B/TFRC/ABCD3/CREB1/PRKAA1/GCLM/BAK1/SOD2/CPT1A/IL1B/FOS/CD69/RORA/ACSL1/FOSB",0.380730400722792
"GO:0019730","antimicrobial humoral response",38,-0.416514257601006,-1.45288234672224,0.0454545454545455,0.315239275205204,0.228488644008158,706,"tags=21%, list=8%, signal=19%","HLA-E/HLA-A/CXCL10/CXCL8/HMGN2/IGHA1/CCL3L1/CCL3",0.282013350011725
"GO:0071357","cellular response to type I interferon",91,-0.347500832623555,-1.45261808874249,0.0193185360558103,0.198600404755565,0.143947600287217,2570,"tags=44%, list=29%, signal=31%","PSMD8/CNOT7/PSME2/PSMA6/PSMB2/TRIM65/PSMC6/MUL1/PSMA2/PSMA5/PSMD4/PSMC3/ZBP1/IKBKE/PTPN1/YTHDF3/IFNAR2/PSMC2/PSMC5/SIN3A/PSMA1/SP100/PSME1/TANK/HDAC4/PSMB7/PSMC4/TTLL12/GIGYF2/STAT1/PSMA4/SAMHD1/PSMD1/METTL3/PSMD12/IFI27/FADD/ADRM1/PTPN2/TBK1",0.352487857583619
"GO:0002832","negative regulation of response to biotic stimulus",87,-0.350147239305611,-1.45251772753082,0.0141831746063354,0.173113680589257,0.125474562493372,1469,"tags=28%, list=17%, signal=23%","YWHAZ/KLRC1/SMAD3/TRIB1/ITCH/TIGIT/IRAK3/PIM1/HLA-B/GRN/TTLL12/GIGYF2/MICB/SAMHD1/ILRUN/METTL3/HLA-E/NMI/SERPING1/PPM1B/HLA-A/ATG5/PTPN2/TNFAIP3",0.380730400722792
"GO:0032435","negative regulation of proteasomal ubiquitin-dependent protein catabolic process",32,0.408245988871796,1.45178896872761,0.0294404730250568,0.245365611582727,0.17784349948234,1697,"tags=44%, list=19%, signal=35%","TLK2/USP7/CBX4/RPL11/RYBP/CSNK2A2/DDRGK1/OGT/CSNK2B/HSP90AB1/FHIT/PHF20L1/UBXN1/BAG6",0.352487857583619
"GO:1902686","mitochondrial outer membrane permeabilization involved in programmed cell death",23,-0.46809597185153,-1.45138798122912,0.0489130434782609,0.327399146928495,0.237302243137136,1084,"tags=30%, list=12%, signal=27%","LRRK2/BCL2L1/ATF2/ACAA2/BAK1/SLC35F6/RHOT1",0.276500599254472
"GO:2000401","regulation of lymphocyte migration",44,-0.397979278299476,-1.4501402035292,0.024361034832429,0.228510997241518,0.165627102989242,458,"tags=14%, list=5%, signal=13%","FADD/CXCL10/ITGA4/CD69/CCL3/PADI2",0.352487857583619
"GO:0000165","MAPK cascade",330,-0.289962874270527,-1.44993647938292,0.0014579882384298,0.0663629421307216,0.0481005377580889,2195,"tags=32%, list=25%, signal=25%","ARRB1/MAPK13/RGS2/SLA/BRAF/EIF2AK2/TRAF6/CTSH/SPAG9/HAVCR2/RBX1/F2R/PIK3R5/EIF3A/LAMTOR1/MAP3K20/RAP1A/GADD45B/TLR7/PTPN1/ITGB1BP1/MAP2K3/INSR/STYX/BRAP/NF1/ARHGEF6/PJA2/PPP1CC/HMGB1/RIPK1/MEN1/DUSP7/MAPK6/YWHAZ/TNIP1/MARCO/SMAD3/JAK2/TRIB1/PTPRC/ITCH/HIPK3/COPS5/ERN1/MAP3K1/MAP3K13/MDFIC/IRAK3/PIN1/NCOR1/ULK4/NRAS/CFLAR/RELL1/ARL6IP5/ICAM1/LRRK2/BECN1/MFHAS1/ROCK1/CD40/CYLD/VRK2/OSM/RIPK2/STK4/GBP1/PDE8A/SH2B3/CRACR2A/MAP4K1/PLCG2/LTBR/ATF2/RNF13/CRKL/TLR6/CD74/CCR1/MAP2K5/ZFP36L2/ADRB2/KLF4/PTPN2/CLEC7A/FAS/MAP4K5/DUSP16/XBP1/PER1/DUSP2/ATF3/GADD45A/ZFP36/PTPN22/IL15/FCRL3/IL1B/DUSP5/NAIP/JUN/CCL3/DUSP1/NAMPT",0.45505986738723
"GO:2000514","regulation of CD4-positive, alpha-beta T cell activation",45,-0.397910408390225,-1.44983802699843,0.0483592400690846,0.326485018774865,0.236639673721771,1983,"tags=42%, list=22%, signal=33%","AP3B1/RUNX1/RC3H1/IL18/HMGB1/IL12RB1/CD86/CD55/NFKBIZ/CBFB/BRD2/EP300/HLA-DRA/SOCS1/HLA-DRB1/JUNB/MALT1/NLRP3/CD69",0.271288554688953
"GO:0002831","regulation of response to biotic stimulus",391,-0.285760647176575,-1.449550215749,0.000973901771732084,0.050186760920523,0.0363758765224526,1469,"tags=22%, list=17%, signal=19%","YWHAZ/IL12RB1/TNIP1/KLRC1/SMAD3/TRIB1/BCL10/ITCH/LRCH4/DDX3X/TIGIT/TIFA/IRAK3/PIM1/NFE2L2/KLHL22/HLA-B/CD55/CD300C/IFIH1/TRIM22/EIF2AK4/GRN/TTLL12/BECN1/OPTN/CD300E/XRCC5/MFHAS1/GIGYF2/STAT1/NFKBIZ/CYLD/TLR1/CASP8/MICB/SAMHD1/DDX60/RNF135/ILRUN/RIPK2/TAX1BP1/PIK3C3/CSNK1A1/GBP5/METTL3/HLA-E/WDFY1/PUM1/EP300/PLCG2/NMI/BIRC3/SERPING1/TLR6/GPATCH3/PPM1B/HLA-C/PLSCR1/FFAR2/FADD/HLA-DRB1/HLA-A/PRKAA1/PLD3/SLC46A2/RALB/TRIM25/ATG5/IRF1/PTPN2/CLEC7A/PARP9/FCN1/AKIRIN2/SLAMF6/TBK1/PUM2/ERBIN/CPT1A/PTPN22/FCRL3/IL1B/NLRP3/NAIP/NFKBIA/TNFAIP3",0.477270815362862
"GO:0009615","response to virus",273,-0.295630677968713,-1.44951864106059,0.00469977629418704,0.104192323597917,0.0755196595330655,2200,"tags=33%, list=25%, signal=26%","MUL1/RNASE6/POLR3H/PSMA2/MORC3/IFI16/EIF2AK2/TRAF6/ZC3HAV1/PIM2/LGALS8/DTX3L/LAMTOR5/APOBEC3C/CLU/DNAJC3/ZBP1/TLR7/IFNGR1/IKBKE/ZMPSTE24/IFNAR2/GBP3/SERINC3/SIN3A/TMEM120A/BCL3/CCL4/PDE12/TANK/IL12RB1/SMAD3/IRF9/PTPRC/ITCH/IFNG/DDX3X/IRAK3/IFIH1/TRIM22/EIF2AK4/CFL1/BECN1/AIMP1/TRIM35/STAT1/NFKBIZ/HNRNPUL1/SLFN13/MICB/SAMHD1/DDX60/RNF135/AP1S1/ILRUN/MOV10/BCL2L1/GBP1/BCL2/DDIT4/CALR/GBP5/NMI/CXCR4/ATF2/SLFN11/ARF1/PMAIP1/ODC1/PPM1B/SERINC5/IFI27/PLSCR1/FADD/TRIM25/ATG5/APOBEC3H/IRF1/IFIT5/PARP9/CXCL10/TBK1/EIF5A/IL10RB/SMARCA5/G3BP1/IL1B/NLRP3/TNFAIP3/RNASE2",0.407017918923954
"GO:1903146","regulation of autophagy of mitochondrion",44,0.37263358573052,1.44931623538026,0.0327753897190058,0.263922722047982,0.191293882541861,2553,"tags=45%, list=29%, signal=32%","TOMM7/SREBF1/ATP13A2/PINK1/CSNK2A2/EIF2AK1/CDC37/PPTC7/PARL/NOD2/ATP5IF1/FBXO7/HTRA2/FBXW7/FKBP8/HAX1/HK2/HDAC6/BNIP3L/CAMKK2",0.321775918075361
"GO:0070371","ERK1 and ERK2 cascade",110,-0.330099472100901,-1.44898118440184,0.0133506541004105,0.167748496428306,0.12158582225632,2195,"tags=33%, list=25%, signal=25%","ARRB1/BRAF/CTSH/HAVCR2/F2R/EIF3A/RAP1A/PTPN1/ITGB1BP1/STYX/HMGB1/DUSP7/YWHAZ/TNIP1/MARCO/PTPRC/PIN1/CFLAR/ICAM1/MFHAS1/GBP1/PDE8A/CRKL/CD74/CCR1/ZFP36L2/KLF4/PTPN2/XBP1/ATF3/PTPN22/IL1B/DUSP5/CCL3/DUSP1/NAMPT",0.380730400722792
"GO:0042789","mRNA transcription by RNA polymerase II",34,-0.419689525494467,-1.44660303651021,0.0384247797368752,0.292351259895751,0.211899176916247,1344,"tags=32%, list=15%, signal=28%","TFCP2/TAF2/TAF3/NFKBIZ/ATF4/ZBTB1/ANXA2/ATF2/CREB1/TAF6/TAF9",0.321775918075361
"GO:0030097","hemopoiesis",465,-0.279692833934094,-1.44604559523675,0.000499811010010837,0.0349137653568354,0.0253058534613414,1534,"tags=24%, list=17%, signal=21%","HMGB1/RIPK1/MEN1/LBR/PPARGC1B/STAT4/MEAF6/IL12RB1/NEDD9/KLRC1/JAK2/TRIB1/CD3G/PTPRC/CCR2/TFE3/MXRA7/ITCH/ZBTB16/TMEM131L/SMARCA4/IFNG/PHF10/HDAC4/CD86/IKZF1/ITGB1/RELB/PIM1/NFE2L2/HLA-B/SMARCE1/MS4A1/TGFBR3/UBASH3B/CFLAR/KLF3/NFIL3/ABL1/SEMA4A/MFHAS1/STAT1/NFKBIZ/WDR1/TPD52/ATF4/MAFB/CASP8/PSMA4/OSM/CBFB/CLPTM1/SH2B3/METTL3/ZBTB1/CRACR2A/TNFSF8/BRD2/DPF2/EP300/PLCG2/TFRC/ANXA2/ATF2/PICALM/HLA-DRA/MYB/PPP3CA/CD74/SOCS3/SOCS1/FADD/CCR1/PTBP3/ZFP36L2/HLA-DRB1/CTSL/LIG4/STAT3/TET2/PLEK/ACTB/IRF1/KLF4/PAF1/PTPN2/JUNB/TPM4/PRDM1/RTKN2/MALT1/PRRC2C/SLAMF6/XBP1/TBK1/MAF/ITGA4/DNAJB9/KLF6/ZFP36/PTPN22/IL15/FCRL3/IL1B/NLRP3/FOS/CD69/RORA/IL1R2/CLEC12A/GLUL/CCL3",0.477270815362862
"GO:0044272","sulfur compound biosynthetic process",71,-0.361630751211305,-1.44601522347109,0.0135614746447023,0.168989723918523,0.122485476609226,2505,"tags=42%, list=28%, signal=31%","ACSL3/PPCS/DLST/PANK3/DIP2A/ACSF3/PDHB/MTR/HAGH/SLC25A19/LIAS/MAT2A/ACLY/HACD2/GSTM1/TPK1/PDK3/PDHX/NFE2L2/MAT2B/LRRC58/METTL16/DLD/MTHFD1/ACSL5/GCLM/PAPSS1/PAPSS2/ACSL1/PDK4",0.380730400722792
"GO:0061614","miRNA transcription",37,-0.40990938883907,-1.44592748603505,0.0434459423917676,0.312488394835487,0.226494777840639,1489,"tags=30%, list=17%, signal=25%","PPARD/SMAD3/SMARCA4/NCOR1/MYB/EGR1/STAT3/KLF4/POU2F1/FOS/JUN",0.321775918075361
"GO:0006672","ceramide metabolic process",57,-0.374737376147616,-1.44525624407457,0.0332805228541457,0.266004879219122,0.192803051310048,1990,"tags=33%, list=23%, signal=26%","ORMDL2/ST3GAL5/NSMAF/SPTLC1/FUT7/SGMS2/GLB1/DEGS1/ST8SIA4/CLN6/GM2A/SPTLC2/CLN8/UGCG/B4GALT4/ST3GAL2/PRKAA1/ST6GALNAC6/GLA",0.321775918075361
"GO:0140888","interferon-mediated signaling pathway",70,-0.361406102464646,-1.44524889005653,0.0218499666196016,0.215378242393215,0.156108348241989,1880,"tags=34%, list=21%, signal=27%","ZBP1/IFNGR1/IKBKE/PTPN1/YTHDF3/IFNAR2/SIN3A/SP100/TANK/JAK2/IFNG/HDAC4/TTLL12/GIGYF2/STAT1/SAMHD1/METTL3/IFI27/FADD/IRF1/PTPN2/PARP9/TBK1/IL10RB",0.352487857583619
"GO:2000279","negative regulation of DNA biosynthetic process",23,-0.466080860858912,-1.44513988671132,0.0489130434782609,0.327399146928495,0.237302243137136,91,"tags=13%, list=1%, signal=13%","GNL3L/CDKN1A/DUSP1",0.276500599254472
"GO:0044839","cell cycle G2/M phase transition",77,-0.353858601469022,-1.44512556943246,0.0176916292019246,0.190536038309616,0.13810246518208,1385,"tags=26%, list=16%, signal=22%","ATR/VPS4B/RCC2/TAF2/PIM1/ARPP19/PLK3/RAD51B/ATF5/TOPBP1/NBN/NABP1/AKAP8/BARD1/NABP2/CDC25B/BABAM2/DBF4/MRE11/CDKN1A",0.352487857583619
"GO:0002695","negative regulation of leukocyte activation",100,-0.334568913526161,-1.44504282408313,0.0179231441008081,0.191008166582172,0.138444668572581,2156,"tags=32%, list=24%, signal=24%","PSMA2/PSMA5/PSMB10/ID2/HAVCR2/RUNX1/PIBF1/RC3H1/PSMA1/HMGB1/PTPRC/PRNP/TMEM131L/TIGIT/CD86/CBLB/GRN/PRKAR1A/PSMA4/CBFB/HLA-E/FAM76B/SOCS1/HLA-DRB1/PAG1/IRF1/PTPN2/SAMSN1/PTPN22/CD69/CLEC12A/TNFAIP3",0.352487857583619
"GO:0050778","positive regulation of immune response",498,-0.275748678781491,-1.44363078674056,0.000334128781042087,0.0266713385808301,0.019331658411692,1582,"tags=22%, list=18%, signal=20%","IL18/CARD11/PJA2/BTN3A1/UBR2/HMGB1/TLR5/IL12RB1/TNIP1/KLRC1/CD3G/PTPRC/CCR2/PRNP/BCL10/ITCH/LRCH4/SASH3/IFNG/DDX3X/LPXN/CD86/TIFA/IRAK3/CBLB/EIF2B5/KLHL22/HLA-B/CD55/MS4A1/IFIH1/EIF2AK4/CFD/HLA-DMB/BECN1/ABL1/XRCC5/MFHAS1/PARK7/NFKBIZ/CLEC2B/CYLD/TLR1/MICB/DDX60/RNF135/RIPK2/GBP1/TAX1BP1/PIK3C3/BCL2/EIF2B2/CSNK1A1/BTN2A1/GBP5/PDE4B/HLA-E/ZBTB1/WDFY1/PUM1/BRD2/EP300/PLCG2/EIF2B3/NMI/TFRC/BIRC3/HLA-DRA/SERPING1/TLR6/GPATCH3/HLA-C/CD74/PLSCR1/FFAR2/FADD/HLA-DRB1/HLA-A/PRKAA1/PLD3/SLC46A2/RALB/SOS1/EIF2B4/TRIM25/C3AR1/IRF1/PTPN2/PHPT1/CLEC7A/PARP9/FCN1/AKIRIN2/MALT1/SLAMF6/XBP1/TBK1/PUM2/ERBIN/LCP2/CPT1A/PTPN22/IL15/FCRL3/IL1B/NLRP3/HLA-DPA1/IGHA1/NAIP/NFKBIA/HLA-DPB1/TNFAIP3",0.49849310876659
"GO:0008033","tRNA processing",95,0.323731452568125,1.44040896674705,0.0148931590148664,0.175739276375423,0.127377621116078,2443,"tags=44%, list=28%, signal=32%","CTU1/DUS1L/TRMT1/RPP25L/DDX1/ELP1/AKT1/WDR6/THG1L/PUSL1/TP53RK/TRPT1/YRDC/TYW3/NSUN6/TRMT1L/GRSF1/TPRKB/DUS2/POP5/FTSJ1/TRMT112/TSEN34/BCDIN3D/PUS3/TSEN54/LAGE3/METTL2B/POP4/RPP38/TRMT2A/ELP3/RPP21/GON7/TRMT61A/C2orf49/CDK5RAP1/RTRAF/TRUB2/HSD17B10/QTRT1/RPUSD4",0.380730400722792
"GO:0070498","interleukin-1-mediated signaling pathway",25,-0.451697451735829,-1.44002850976907,0.0464716006884682,0.318306072553071,0.230711490025698,2109,"tags=44%, list=24%, signal=34%","TRAF6/RPS6KA5/ZBP1/IL1RN/IRAK3/VRK2/TAX1BP1/EGR1/IL1B/IL1R2/NFKBIA",0.276500599254472
"GO:0090148","membrane fission",41,-0.397873849270101,-1.43950473999025,0.0446280991735537,0.314303606354871,0.227810461675979,2293,"tags=44%, list=26%, signal=33%","TSG101/HGS/VPS37B/EXOC2/VPS25/CHMP2A/SNF8/MVB12B/VPS4B/VPS36/EXOC5/EXOC8/CHMP1B/CHMP2B/SLC25A46/CHMP4A/CHMP6/UBAP1",0.276500599254472
"GO:0008277","regulation of G protein-coupled receptor signaling pathway",62,-0.361576428384153,-1.43896288052542,0.0493787322279356,0.327929557748656,0.237686690312973,1196,"tags=24%, list=14%, signal=21%","ULK4/RGS18/LRRK2/ROCK1/SH2B3/PDE4B/PPP3CA/ATP2B4/PLEK/ADRB2/GIT2/RIC8B/RGS1/CXCL8/PADI2",0.321775918075361
"GO:0050865","regulation of cell activation",351,-0.28375100359102,-1.43760873061527,0.00186589246726606,0.0752083983588133,0.0545118147091432,2156,"tags=32%, list=24%, signal=25%","PSMA2/PSMA5/CCL2/TRAF6/NFAM1/CD47/SHLD2/PSMB10/ID2/TNFSF13B/HAVCR2/RBX1/AP3B1/RUNX1/FCGR3A/SUPT6H/PIBF1/ZNF683/METTL14/RC3H1/DPP4/SLC15A4/HLA-DMA/CD38/PSMA1/DCAF15/EMILIN2/IL18/CARD11/PJA2/TMX1/HMGB1/IL12RB1/NEDD9/KLRC1/JAK2/ADGRG1/SIT1/PTPRC/CCR2/PRNP/ZBTB16/TMEM131L/SMARCA4/SASH3/PHF10/TIGIT/CD86/CBLB/KLHL22/CD55/SMARCE1/TNFRSF1B/HLA-DMB/GRN/LRRK2/ABL1/MFHAS1/NFKBIZ/PRKAR1A/PSMA4/CBFB/FLOT2/CLPTM1/BCL2/SH2B3/METTL3/HLA-E/ZBTB1/TNFSF8/BRD2/EP300/TFRC/FAM76B/HLA-DRA/MYB/TLR6/PPP3CA/SIRPB1/CD74/PLSCR1/SOCS1/FADD/ZFP36L2/SLC7A1/HLA-DRB1/HLA-A/PRKAA1/PLEK/ACTB/PAG1/IRF1/PTPN2/TNFRSF4/CLEC7A/JUNB/AKIRIN2/PRDM1/MALT1/SAMSN1/XBP1/PTPN22/IL15/FCRL3/IL1B/NLRP3/HLA-DPA1/CD69/CLEC12A/HLA-DPB1/TNFAIP3/CCL3",0.45505986738723
"GO:0044773","mitotic DNA damage checkpoint signaling",39,-0.404710730857412,-1.43739252727707,0.0463121783876501,0.318306072553071,0.230711490025698,687,"tags=18%, list=8%, signal=17%","TOPBP1/NBN/ATF2/BABAM2/DBF4/MRE11/CDKN1A",0.276500599254472
"GO:0002753","cytoplasmic pattern recognition receptor signaling pathway",143,-0.315609347583089,-1.4349006640668,0.0120179353355732,0.159863963333391,0.115871032199396,2362,"tags=33%, list=27%, signal=24%","HSPA1A/ZDHHC5/GBP2/TRIM65/LYPLAL1/ALPK1/IFI16/EIF2AK2/TRAF6/ZDHHC3/ZC3HAV1/HAVCR2/NAGK/ZDHHC18/TLR7/PIK3AP1/SLC15A4/HMGB1/ITCH/DDX3X/TIFA/IFIH1/BECN1/CYLD/DDX60/RNF135/RIPK2/TAX1BP1/CSNK1A1/GBP5/WDFY1/PUM1/PLCG2/BIRC3/TLR6/GPATCH3/PLD3/SLC46A2/TRIM25/IRF1/TBK1/PUM2/ERBIN/PTPN22/FCRL3/NLRP3/TNFAIP3",0.380730400722792
"GO:0060485","mesenchyme development",85,0.329261593656803,1.43406829442758,0.0150622438564906,0.17612525259088,0.127657380616324,1918,"tags=32%, list=22%, signal=25%","NOLC1/TCOF1/FBXL17/SOX4/NOG/SLC39A10/TGFBR2/LDLRAD4/DDX17/OTUD5/CDC42/BCL9L/HNRNPAB/TRIM28/NCLN/MAD2L2/GATA3/KDM1A/CRELD1/ZNF703/KLHL12/PDCD6/PTEN/GSK3B/TAF10/ROCK2/RGCC",0.380730400722792
"GO:1901524","regulation of mitophagy",39,0.384654572928112,1.43405315478376,0.025503981486726,0.230848963804626,0.167321685015525,2438,"tags=44%, list=28%, signal=32%","TOMM7/SREBF1/PINK1/CSNK2A2/EIF2AK1/CDC37/PPTC7/PARL/NOD2/ATP5IF1/FBXO7/HTRA2/FBXW7/FKBP8/HK2/HDAC6/BNIP3L",0.352487857583619
"GO:0001525","angiogenesis",196,-0.300272401322703,-1.43398049050482,0.00955158293711232,0.146733940139563,0.106354257383186,1639,"tags=28%, list=19%, signal=23%","PPP1R16B/SP100/EMILIN2/NF1/IL18/HMGB1/BSG/YWHAZ/TYMP/CD93/ADGRG1/CCR2/CEMIP2/ITGB1/NFE2L2/TGFBR3/ATP5F1B/GRN/AIMP1/ABL1/SEMA4A/ROCK1/CD40/STAT1/AGGF1/CASP8/RASA1/PLXND1/SAT1/KLF2/ACTG1/NAXE/ANXA2/ATF2/EPN1/ARHGAP24/ATP2B4/MAP2K5/C3AR1/STAT3/HMOX1/MECP2/RHOB/CTNND1/KLF4/CXCL10/XBP1/GADD45A/CXCL8/IL1B/ADIPOR2/NR4A1/RORA/GLUL/TNFAIP3",0.380730400722792
"GO:0045324","late endosome to vacuole transport",34,-0.415856787376537,-1.43339219787178,0.0424694208091501,0.311676976786917,0.225906653757683,2293,"tags=50%, list=26%, signal=37%","TSG101/HGS/VPS37B/VPS25/CHMP2A/SNF8/MVB12B/VTA1/VPS4B/VPS36/BECN1/CHMP1B/CHMP2B/CHMP4A/CHMP6/PTPN23/UBAP1",0.321775918075361
"GO:0043123","positive regulation of canonical NF-kappaB signal transduction",166,-0.31038693069223,-1.43126387066557,0.013152031987058,0.166889595955251,0.120963282427491,2668,"tags=43%, list=30%, signal=30%","ATP2C1/TNFSF10/LTB/TNFRSF1A/CUL1/TFG/BIRC2/PSMA6/GOLT1B/SLCO3A1/HSPA1A/MIER1/NR2C2/RHOA/MUL1/EDA/SLC44A2/CC2D1A/ALPK1/EIF2AK2/TRAF6/ZC3HAV1/PIM2/LAMTOR5/SLC20A1/RBX1/F2R/VAPA/TLR7/IKBKE/PELI1/INSR/CARD11/RIPK1/GAPDH/TRAF1/TMEM101/TMED4/BCL10/MAP3K13/TIFA/IRAK3/LIMS1/TRIM22/CFLAR/CX3CR1/CD40/UBE2V1/CASP8/RIPK2/FLOT2/PPM1A/PLCG2/TFRC/BIRC3/LTBR/TRADD/TLR6/CD74/FADD/REL/TRIM25/STAT3/HMOX1/IFIT5/LITAF/CLEC7A/MALT1/TBK1/IL1B/NAMPT",0.380730400722792
"GO:0040017","positive regulation of locomotion",257,-0.29194458920353,-1.43121801371228,0.00358305503996809,0.0937727621091942,0.0679674550237506,1796,"tags=27%, list=20%, signal=22%","ITGB1BP1/GPI/MAP2K3/NIPBL/CCAR1/ACVR1B/INSR/CCL4/HMGB1/BSG/RIPOR1/NEDD9/SMAD3/JAK2/PTPRC/CCR2/FUT7/IFNG/ITGB1/CBLL1/PLAA/NFE2L2/TGFBR3/UBE2I/CFL1/ATP5F1B/GRN/CUL5/ICAM1/CX3CR1/ABL1/SEMA4A/CCDC25/CD40/CASP8/STK4/ACTG1/PLA2G7/CALR/MDM2/PLCG2/CXCR4/STX3/PFN1/TRADD/CRKL/SRGAP2C/PPP3CA/CD74/FADD/CCR1/SPOCK2/RIN2/AKIRIN1/C3AR1/STAT3/HMOX1/CAPN7/RHOB/PHPT1/CLEC7A/ARF6/CXCL10/XBP1/ITGA4/SOD2/CXCL8/IL1B/CCL3L1/CCL3",0.431707695803346
"GO:0006886","intracellular protein transport",451,-0.276734294284719,-1.43089204258484,0.000516292874441067,0.0350304715308264,0.025390443287356,2300,"tags=32%, list=26%, signal=25%","GGA3/TSG101/TLK1/HGS/STX17/TRIM37/BCAP29/TRAM1/TNPO3/VPS37B/ARL1/NDEL1/ARFIP1/TOMM20/SAR1A/GRPEL1/LONP2/FAM53C/RAB31/CLU/AP3B1/SRP54/POM121/TMED7/VPS35/AP2B1/NUP107/IPO7/VPS18/JUP/NAPA/VPS25/PTPN1/VPS33A/XPO1/ACD/APPL1/DERL2/SUFU/AP3S1/SP100/RAB1A/USP9X/CHM/SNF8/BCL3/RAB28/DESI1/SNX13/RIPOR1/HOOK2/RAB18/SMAD3/MVB12B/JAK2/TMED4/TIMM50/SUMO1/MON2/STXBP3/MDFIC/CBLB/COPA/PEX16/KPNB1/AP3M1/VPS36/AP3S2/CFL1/ZFAND2B/RAB5A/AP4B1/PLK3/BECN1/PTTG1IP/CLTC/KPNA1/TIMM17A/RILPL2/TIMM23/SEC23B/PARK7/M6PR/PEX26/ASPH/RAB1B/SYTL2/MON1B/NAPG/AP1S1/NUP58/SEC24B/HERPUD1/STK4/NSG1/PIK3C3/FAM53B/CALR/NSF/MDM2/NUP98/RAB7A/EP300/NUP133/NUP155/IFT27/FAM76B/KPNA6/ATF2/STX3/ARF1/CLTA/TPR/ARL5B/RABL2B/FAF2/AP4E1/SEC31A/COPB2/EMD/IFI27/CD74/RAB8B/UBE2J1/BARD1/STAT3/WDR11/AP1B1/MECP2/TRAM2/ARF6/PTPN23/AKIRIN2/RAB3GAP2/UBAP1/ARF4/ARL4A/XBP1/EGR2/RAB14/ARFIP2/PEX6/TRIM23/IL1B/LCP1/NFKBIA",0.477270815362862
"GO:0048488","synaptic vesicle endocytosis",44,-0.392678392252332,-1.43082505726295,0.0300402299730323,0.247832923518056,0.17963183235451,1870,"tags=36%, list=21%, signal=29%","AP2B1/EPS15L1/AP3S1/ITSN1/AP3S2/LRRK2/ROCK1/PARK7/SYNJ2/PIK3C3/ACTG1/PPP3CB/CLTA/PPP3CC/ACTB/ARF6",0.352487857583619
"GO:0032271","regulation of protein polymerization",106,0.314255770679752,1.43056589334567,0.0137758719657764,0.169944165977805,0.123177265954852,2268,"tags=43%, list=26%, signal=33%","TPPP3/PPP2CB/SVIL/AKAP9/NCK2/PINK1/HAUS4/DYRK1A/GSN/FES/CDC42EP2/HIP1R/SPTBN1/RDX/NUMA1/CAMSAP1/CDK5RAP2/SPTAN1/CDC42EP3/KIF21A/FKBP4/EVL/CCR7/ABITRAM/RPS3/TRIOBP/ARL2/ARHGEF7/TWF2/PYCARD/VILL/CKAP5/CYFIP2/GIT1/HCK/HSP90AA1/FLII/TMOD2/LATS1/CAPG/CYFIP1/HAX1/PTK2B/SNX9/DCTN1/DRG1",0.380730400722792
"GO:0036293","response to decreased oxygen levels",154,-0.316083581720951,-1.42999896144835,0.00964265144083741,0.147340710761506,0.106794050922685,1819,"tags=27%, list=21%, signal=22%","DPP4/PTPN1/HP1BP3/CD38/MT-ND5/NF1/PDLIM1/SMAD3/AQP3/FUNDC1/PDK3/NFE2L2/PIN1/TGFBR3/ALAD/CFLAR/ADO/BECN1/ATF4/DDIT4/MDM2/ERO1A/EP300/TFRC/CXCR4/ATF2/SLC9A1/MYB/PMAIP1/CREB1/PRKAA1/ACAA2/DRAM1/EGR1/STAT3/ZEB2/CPEB4/SOD2/AIFM1/CPT1A/FOS/RORA",0.380730400722792
"GO:0002821","positive regulation of adaptive immune response",71,-0.357612668937598,-1.42994853633932,0.0154144993256562,0.177876007050847,0.128926345317148,1457,"tags=34%, list=17%, signal=28%","IL12RB1/CCR2/SASH3/KLHL22/HLA-B/CD55/EIF2AK4/NFKBIZ/HLA-E/ZBTB1/BRD2/EP300/TFRC/HLA-DRA/HLA-C/FADD/HLA-DRB1/HLA-A/PRKAA1/CLEC7A/AKIRIN2/MALT1/IL1B/NLRP3",0.380730400722792
"GO:0002758","innate immune response-activating signaling pathway",217,-0.298188866987708,-1.42906928656301,0.00400791839031606,0.0969768600165703,0.0702898178881151,2385,"tags=32%, list=27%, signal=24%","PDPK1/CTSS/HSPA1A/ZDHHC5/PIK3R1/GBP2/TRIM65/LYPLAL1/ALPK1/IFI16/EIF2AK2/TRAF6/ZDHHC3/ZC3HAV1/HAVCR2/AP3B1/NAGK/ZDHHC18/TLR7/PIK3AP1/SLC15A4/APPL1/PJA2/HMGB1/TLR5/TNIP1/KLRC1/BCL10/ITCH/LRCH4/DDX3X/TIFA/IRAK3/IFIH1/BECN1/MFHAS1/NFKBIZ/CYLD/TLR1/DDX60/RNF135/RIPK2/TAX1BP1/CSNK1A1/GBP5/WDFY1/PUM1/EP300/PLCG2/NMI/BIRC3/TLR6/GPATCH3/FFAR2/PLD3/SLC46A2/TRIM25/IRF1/CLEC7A/FCN1/TBK1/PUM2/ERBIN/PTPN22/FCRL3/NLRP3/NAIP/NFKBIA/TNFAIP3",0.407017918923954
"GO:0061041","regulation of wound healing",37,-0.404962456444098,-1.4284775185149,0.0496929880029077,0.328943340097296,0.238421490105954,1627,"tags=32%, list=18%, signal=27%","EMILIN2/TMX1/HMGB1/SMAD3/ITGB1/NFE2L2/ACTG1/SH2B3/SERPING1/CLEC7A/XBP1/TNFAIP3",0.321775918075361
"GO:0007623","circadian rhythm",102,-0.330180317312955,-1.42741357357061,0.0186218019685516,0.195336674460101,0.141582015259356,1652,"tags=28%, list=19%, signal=23%","PPP1CA/SIN3A/USP9X/GFPT1/TOP1/PPP1CC/RELB/NCOR1/OPN3/NFIL3/BECN1/ATF4/MAGED1/KDM2A/ATF5/METTL3/PTGDS/EP300/CLOCK/BHLHE40/CREB1/PRKAA1/EGR1/PER1/SIAH2/UBE3A/KLF10/RORA/NAMPT",0.352487857583619
"GO:2000147","positive regulation of cell motility",253,-0.291646218069463,-1.42686635404063,0.00684830052507564,0.129714021491163,0.094018046641137,1796,"tags=27%, list=20%, signal=22%","ITGB1BP1/GPI/MAP2K3/NIPBL/CCAR1/ACVR1B/INSR/CCL4/HMGB1/BSG/RIPOR1/NEDD9/SMAD3/JAK2/PTPRC/CCR2/FUT7/IFNG/ITGB1/CBLL1/PLAA/NFE2L2/TGFBR3/UBE2I/CFL1/ATP5F1B/GRN/CUL5/ICAM1/CX3CR1/ABL1/SEMA4A/CCDC25/CD40/CASP8/STK4/ACTG1/PLA2G7/CALR/MDM2/PLCG2/CXCR4/PFN1/TRADD/CRKL/SRGAP2C/PPP3CA/CD74/FADD/CCR1/SPOCK2/RIN2/AKIRIN1/C3AR1/STAT3/HMOX1/CAPN7/RHOB/PHPT1/CLEC7A/ARF6/CXCL10/XBP1/ITGA4/SOD2/CXCL8/IL1B/CCL3L1/CCL3",0.407017918923954
"GO:0001959","regulation of cytokine-mediated signaling pathway",105,-0.332321075187022,-1.42567989602871,0.0179056262201007,0.191008166582172,0.138444668572581,1880,"tags=32%, list=21%, signal=26%","ZBP1/CASP4/IKBKE/PTPN1/YTHDF3/RNF113A/IL1RN/RIPK1/TANK/PTPRC/IRAK3/RFFL/TTLL12/ANXA4/GIGYF2/CD40/CYLD/VRK2/CASP8/SAMHD1/TAX1BP1/SH2B3/METTL3/CXCR4/CD74/FADD/PTPN2/PARP9/TBK1/IL1B/NAIP/IL1R2/TNFAIP3/PADI2",0.352487857583619
"GO:0050921","positive regulation of chemotaxis",63,-0.360115985630211,-1.42539512090681,0.0439932318104907,0.31365402224257,0.227339636481713,1554,"tags=25%, list=18%, signal=21%","CCL4/HMGB1/NEDD9/SMAD3/CCR2/CX3CR1/PLA2G7/CALR/STX3/CD74/CCR1/AKIRIN1/C3AR1/CXCL10/CXCL8/CCL3",0.282013350011725
"GO:0051250","negative regulation of lymphocyte activation",89,-0.339463180228399,-1.42307354216082,0.0272226022000865,0.234298548745353,0.169821979387109,2156,"tags=33%, list=24%, signal=25%","PSMA2/PSMA5/PSMB10/ID2/HAVCR2/RUNX1/PIBF1/RC3H1/PSMA1/HMGB1/PRNP/TMEM131L/TIGIT/CD86/CBLB/PRKAR1A/PSMA4/CBFB/HLA-E/SOCS1/HLA-DRB1/PAG1/IRF1/PTPN2/SAMSN1/PTPN22/CD69/CLEC12A/TNFAIP3",0.352487857583619
"GO:0001667","ameboidal-type cell migration",78,-0.346153096040498,-1.42302440361754,0.0350430003338852,0.272772570476571,0.197708343004663,1796,"tags=32%, list=20%, signal=26%","ITGB1BP1/YTHDF3/ACVR1B/APPL1/PDLIM1/SRGAP2/SMAD3/IFNG/ITGB1/RCC2/ARSB/RFFL/SEMA4A/ROCK1/PHACTR4/CALR/PLCG2/PFN1/ITGB7/CAPN7/MACF1/ARF6/PTPN23/ZEB2/ITGA4",0.321775918075361
"GO:0002274","myeloid leukocyte activation",120,-0.319210909610695,-1.42242950510929,0.0284819420915969,0.24056013745828,0.174360442792159,1574,"tags=25%, list=18%, signal=21%","PJA2/HMGB1/CD93/JAK2/PTPRC/CCR2/IFNG/STXBP3/ADGRE2/GRN/CX3CR1/LRRK2/MFHAS1/NFKBIZ/TLR1/VAMP7/PTGDS/PLCG2/NMI/FAM76B/TLR6/CD74/PLSCR1/TMEM106A/LCP2/CXCL8/IL15/IL1B/CLEC12A/CCL3",0.352487857583619
"GO:0072539","T-helper 17 cell differentiation",42,-0.395849399462085,-1.42163163293727,0.0447019867549669,0.314303606354871,0.227810461675979,2538,"tags=50%, list=29%, signal=36%","ZC3H12A/SMAD7/PSMA6/PSMB2/PSMA2/PSMA5/PSMB10/RC3H1/PSMA1/IL12RB1/NFKBIZ/PSMA4/BRD2/EP300/SOCS3/STAT3/JUNB/MALT1/SLAMF6/CD69/RORA",0.276500599254472
"GO:0030522","intracellular receptor signaling pathway",255,-0.293253016177567,-1.42151530212982,0.00352362922720425,0.0937727621091942,0.0679674550237506,2181,"tags=29%, list=25%, signal=23%","LYPLAL1/ALPK1/ARNT/NR1D2/IFI16/EIF2AK2/TRAF6/ZDHHC3/ZC3HAV1/HAVCR2/NAGK/RNF14/ZDHHC18/TLR7/VPS18/PIK3AP1/SLC15A4/UBA5/SP100/HMGB1/PPARD/PPARGC1B/JAK2/ITCH/TRIP4/SMARCA4/DDX3X/PDK3/TIFA/PIM1/NCOR1/IFIH1/ASXL1/BECN1/PARK7/CYLD/FAM120B/DDX60/RNF135/CNOT9/RIPK2/KLF2/TAX1BP1/CSNK1A1/CALR/GBP5/WDFY1/FABP5/PUM1/EP300/PLCG2/CLOCK/BIRC3/TLR6/GPATCH3/PLD3/SLC46A2/TRIM25/STAT3/IRF1/SNW1/CNOT1/TBK1/PUM2/PER1/ERBIN/UBE3A/PTPN22/FCRL3/NLRP3/NR4A1/RORA/NR4A2/TNFAIP3/PADI2",0.431707695803346
"GO:0045471","response to ethanol",56,-0.373852330264912,-1.42093914545999,0.0487804878048781,0.327399146928495,0.237302243137136,454,"tags=18%, list=5%, signal=17%","CREB1/PRKAA1/STAT3/BAK1/SOD2/CPT1A/FOS/SLC23A2/FOSB/GOT2",0.271288554688953
"GO:0045598","regulation of fat cell differentiation",51,-0.371144583732696,-1.41983074949177,0.0459363957597173,0.31696113074205,0.229736662474562,1489,"tags=31%, list=17%, signal=26%","PPARD/SMAD3/TFE3/ZBTB16/PIM1/PIN1/ASXL1/EP300/CREB1/ZFP36L2/XBP1/ZFP36/TRIB2/CUL2/RORA/SYAP1",0.282013350011725
"GO:0033044","regulation of chromosome organization",174,-0.303713598888095,-1.4198075128921,0.00871439081875607,0.142008830454924,0.102929449659179,2078,"tags=31%, list=24%, signal=24%","CHFR/NAA10/NVL/DCP2/TFPT/MAD2L1BP/POT1/ANAPC15/SENP6/SMG6/MAP3K20/SMC6/BCL7B/ACD/ZNF207/RB1/ACTR8/BAZ1B/ATR/SMARCA4/MAD1L1/HNRNPA2B1/TENT4B/PHF10/UCHL5/DYNLRB1/KLHL22/SMARCE1/BUB3/HDAC8/BECN1/XRCC5/SMG5/NSMCE2/RNF4/DPF2/EP300/NBN/TPR/RUVBL1/XRCC1/NABP2/LIG4/CCT2/ACTB/KLF4/TNKS2/NSMCE3/SLF1/RUVBL2/MRE11/SMARCA5/GNL3L/DUSP1",0.380730400722792
"GO:1903557","positive regulation of tumor necrosis factor superfamily cytokine production",83,-0.337727100436176,-1.41845199710645,0.0365885790232792,0.281572977700888,0.20408696797801,2156,"tags=36%, list=24%, signal=28%","PSMA2/PSMA5/CLU/PSMB10/HAVCR2/FCGR3A/IFNGR1/PSMA1/HMGB1/RIPK1/JAK2/PTPRC/CCR2/BCL10/IFNG/CD86/ZBTB20/IFIH1/LRRK2/ARFGEF2/TLR1/PSMA4/RIPK2/HLA-E/PLCG2/FADD/STAT3/CLEC7A/FCGR1A/CCL3",0.321775918075361
"GO:0071677","positive regulation of mononuclear cell migration",57,-0.367703905496739,-1.41813013383652,0.0412449172256991,0.306896274650683,0.222441552057383,1554,"tags=26%, list=18%, signal=22%","CCL4/HMGB1/NEDD9/CCR2/CX3CR1/ABL1/PLA2G7/CALR/FADD/CCR1/AKIRIN1/C3AR1/CXCL10/ITGA4/CCL3",0.321775918075361
"GO:0071396","cellular response to lipid",303,-0.285536880241952,-1.41792119518135,0.00262555625994441,0.0822203041094899,0.0595941155609079,1537,"tags=23%, list=17%, signal=20%","MT-ND3/UBE2L3/HMGB1/USP8/PPARD/PPARGC1B/TNIP1/SMAD3/JAK2/TRIB1/TSPO/BCL10/TRIP4/SMARCA4/CD86/PDK3/IRAK3/PIM1/PLAA/CD55/ANKRD13C/TNFRSF1B/NCOR1/PLSCR3/CFLAR/CX3CR1/PARK7/CD40/NFKBIZ/TLR1/CNOT9/CD68/ABCA1/CALR/GBP5/PDE4B/MAP4K1/EP300/PLCG2/CLOCK/BTG2/MYB/TLR6/FFAR2/CREB1/AKAP8/ZFP36L2/NFKBIB/KLF4/PAF1/SNW1/RUVBL2/CXCL10/MALT1/CNOT1/XBP1/PER1/UBE3A/AIFM1/CXCL8/ZFP36/CPT1A/PTPN22/IL1B/NLRP3/FOS/CES1/RORA/PDK4/TNFAIP3/PADI2",0.431707695803346
"GO:0034340","response to type I interferon",96,-0.333848384410438,-1.41737362507892,0.0165819553619396,0.18545368208367,0.134418721518867,2570,"tags=42%, list=29%, signal=30%","PSMD8/CNOT7/PSME2/PSMA6/PSMB2/TRIM65/PSMC6/MUL1/PSMA2/PSMA5/PSMD4/PSMC3/ZBP1/IKBKE/PTPN1/YTHDF3/IFNAR2/PSMC2/PSMC5/SIN3A/PSMA1/SP100/PSME1/TANK/HDAC4/PSMB7/PSMC4/TTLL12/GIGYF2/STAT1/PSMA4/SAMHD1/PSMD1/METTL3/PSMD12/IFI27/FADD/ADRM1/PTPN2/TBK1",0.352487857583619
"GO:0048609","multicellular organismal reproductive process",267,0.270419965518255,1.41650666537383,0.0035402246424161,0.0937727621091942,0.0679674550237506,1886,"tags=31%, list=21%, signal=26%","TPPP3/MBD2/RPL36/PABPC1L/PSMB4/LRRC8A/CDYL/TESK1/RPL27/RPL17/DNHD1/ZNF296/RPL32/RPL10A/AGFG1/PSMB5/RPL24/RPL11/RPL30/RPL4/RPL12/RPL34/STRBP/RPL9/YY1/SFMBT1/SUN1/SPATC1L/DEAF1/IGF2R/CNBD2/RPL18A/VPS54/RPL21/SLC26A6/CSNK2A2/ORC4/CCNY/PRKACA/CUL4A/RPL19/CEP57/FAM50A/RPL5/RPL38/UBA52/RPL28/RPL35A/RPL18/RPL23/RPL29/STAU1/RPL41/BBS2/RPL14/RPLP1/RAB24/RPL15/LARP7/RPLP2/MARF1/HPGD/RPL37/RPL31/CIB1/RPL7/RPL13/RNF8/HERC4/TUT4/PTEN/XRN2/RPL35/BAG6/NCAPH2/RPL7A/DCAF13/RAN/BTG1/CCNI/CDK16/RPLP0/GPX4/TMEM203",0.431707695803346
"GO:0006289","nucleotide-excision repair",70,-0.354214314524202,-1.41648921093776,0.0296896248487419,0.246163875273377,0.178422089152421,1366,"tags=26%, list=15%, signal=22%","SMARCA4/PHF10/XPC/SMARCE1/RNF111/SLC30A9/POLD3/DPF2/EP300/GTF2H3/RAD23A/LIG4/CCNH/ACTB/CDK7/NTHL1/DDB2/RPA3",0.352487857583619
"GO:0031669","cellular response to nutrient levels",158,-0.307219601228863,-1.41627860834298,0.011668226827535,0.158094816594646,0.114588736587201,1489,"tags=26%, list=17%, signal=22%","PPARD/RIPOR1/YWHAZ/MIOS/YME1L1/EIF2S1/PRR5/PIM1/DEPDC5/WDR45B/NFE2L2/EIF2AK4/LRRK2/BECN1/PRKAG1/ATF4/VAMP7/CD68/PIK3C3/CSNK1A1/MDM2/EP300/ATF2/UPP1/ITFG2/PMAIP1/PRKAA1/WRN/DRAM1/PLIN2/ATG5/SNW1/FAS/XBP1/CPEB4/ATF3/KLF10/FOS/GABARAPL1/PDK4/CDKN1A",0.380730400722792
"GO:0034762","regulation of transmembrane transport",151,-0.310353187694178,-1.41574356591883,0.0168817823743099,0.187263585955901,0.135730558317382,2421,"tags=36%, list=27%, signal=26%","KCNAB2/PDPK1/PEA15/CTSS/PIK3R1/MCUB/SESTD1/CALM3/RGS2/BRAF/G6PD/UCP2/F2R/TMEM38B/KCNQ1/ARL6IP1/RAP1A/CALM1/APPL1/INSR/GPR35/SLMAP/CAMK2D/PRNP/SUMO1/IFNG/ITGB1/PIM1/NFE2L2/ARPP19/MS4A1/OPN3/UBASH3B/ARL6IP5/CAB39/YWHAQ/ATP1B3/ASPH/PDE4B/CRACR2A/PPP3CB/ACSL5/PPP3CA/ATP2B4/PPP3CC/FXYD1/CTNND1/STAC3/VMP1/STOM/CXCL10/SLC31A2/IL1B/ACSL1",0.352487857583619
"GO:0036294","cellular response to decreased oxygen levels",82,-0.340505219696131,-1.41373460406735,0.0270267929788753,0.234265725580659,0.169798188822344,1386,"tags=26%, list=16%, signal=22%","AQP3/PDK3/NFE2L2/PIN1/CFLAR/ADO/BECN1/ATF4/MDM2/ERO1A/ATF2/SLC9A1/PMAIP1/PRKAA1/ACAA2/DRAM1/STAT3/CPEB4/AIFM1/FOS/RORA",0.352487857583619
"GO:0045088","regulation of innate immune response",336,-0.281333876971472,-1.4128359954072,0.00254851715008759,0.0813353077986631,0.0589526612025276,1534,"tags=22%, list=17%, signal=19%","HMGB1/TLR5/YWHAZ/TNIP1/KLRC1/BCL10/ITCH/LRCH4/DDX3X/TIGIT/TIFA/IRAK3/PIM1/NFE2L2/HLA-B/CD300C/IFIH1/GRN/TTLL12/BECN1/CD300E/XRCC5/MFHAS1/GIGYF2/NFKBIZ/CYLD/TLR1/CASP8/SAMHD1/DDX60/RNF135/RIPK2/TAX1BP1/PIK3C3/CSNK1A1/GBP5/METTL3/HLA-E/WDFY1/PUM1/EP300/PLCG2/NMI/BIRC3/SERPING1/TLR6/GPATCH3/HLA-C/PLSCR1/FFAR2/FADD/HLA-A/PLD3/SLC46A2/RALB/TRIM25/ATG5/IRF1/PTPN2/CLEC7A/PARP9/FCN1/AKIRIN2/SLAMF6/TBK1/PUM2/ERBIN/CPT1A/PTPN22/FCRL3/NLRP3/NAIP/NFKBIA/TNFAIP3",0.431707695803346
"GO:2001057","reactive nitrogen species metabolic process",47,-0.377762366800042,-1.41178369814615,0.0437011681575049,0.312703553037472,0.226650726701347,1431,"tags=30%, list=16%, signal=25%","SMAD3/JAK2/TSPO/IFNG/PRDX5/CX3CR1/GCH1/KLF2/TLR6/ATP2B4/KLF4/CLEC7A/GLA/IL1B",0.321775918075361
"GO:0016032","viral process",254,-0.289982984427131,-1.40978623406907,0.00617556770935826,0.123845990861071,0.0897648381511882,1633,"tags=26%, list=19%, signal=22%","SP100/RAB1A/CSDE1/CHMP2A/HMGB1/BSG/ZBED1/PDE12/CTSB/IDE/TNIP1/MVB12B/SPCS3/ITCH/DDX3X/GTF2B/VPS4B/CD86/DDX6/ITGB1/MDFIC/TPCN2/CD55/IFIH1/EIF2AK4/SSB/ICAM1/CALCOCO2/FAM111A/STAT1/RAB1B/MON1B/CHMP1B/CHMP2B/BCL2/CSNK1A1/RAB7A/TFRC/CXCR4/KPNA6/IL32/DENR/CHMP4A/USP6NL/NFIA/PLSCR1/ITGB7/ST3GAL2/SLC7A1/CTSL/CHMP6/RAD23A/LIG4/TRIM25/ATG5/APOBEC3H/IFIT5/CCNK/TNFRSF4/PARP9/HCFC1/STOM/TMEM41B/CXCL8/ZFP36/JUN",0.407017918923954
"GO:0002253","activation of immune response",402,-0.274450011928592,-1.40812810888732,0.00143058925103471,0.0661810095563898,0.047968671171405,2122,"tags=28%, list=24%, signal=22%","IFI16/EIF2AK2/TRAF6/ZDHHC3/ZC3HAV1/NFAM1/CD47/SLA2/CLU/HAVCR2/AP3B1/NAGK/TRGC2/ZNF683/ZBP1/RAP1A/ZDHHC18/TLR7/RC3H1/IKBKE/CD8A/PIK3AP1/SLC15A4/APPL1/CD38/SIN3A/CARD11/PJA2/BTN3A1/UBR2/HMGB1/TLR5/TNIP1/KLRC1/CD3G/PTPRC/PRNP/BCL10/ITCH/LRCH4/IFNG/DDX3X/LPXN/CD86/TIFA/IRAK3/CBLB/EIF2B5/CD55/MS4A1/IFIH1/CFD/BECN1/ABL1/XRCC5/MFHAS1/NFKBIZ/CLEC2B/CYLD/TLR1/MICB/DDX60/RNF135/RIPK2/GBP1/TAX1BP1/BCL2/EIF2B2/CSNK1A1/BTN2A1/GBP5/PDE4B/WDFY1/PUM1/EP300/PLCG2/EIF2B3/NMI/BIRC3/SERPING1/TLR6/GPATCH3/PLSCR1/FFAR2/HLA-DRB1/HLA-A/PLD3/SLC46A2/SOS1/EIF2B4/TRIM25/C3AR1/IRF1/PTPN2/PHPT1/CLEC7A/FCN1/MALT1/TBK1/PUM2/ERBIN/LCP2/PTPN22/FCRL3/IL1B/NLRP3/IGHA1/NAIP/NFKBIA/HLA-DPB1/TNFAIP3",0.45505986738723
"GO:0051047","positive regulation of secretion",110,-0.32064680555663,-1.40748843108751,0.0189954836134055,0.196770009644208,0.142620911229449,1597,"tags=28%, list=18%, signal=23%","CHMP2A/SNF8/BSG/PPARD/JAK2/CD2AP/ITSN1/IFNG/VPS4B/ALDOA/RAB5A/RAB9A/AIMP1/OSBP/OXCT1/VAMP7/RAB7A/ANXA2/PPP3CB/MYB/RAB27A/PPP3CA/RAB8B/HLA-DRB1/PHPT1/PRKACB/ARF6/PTPN23/SELENOT/XBP1/IL1B",0.352487857583619
"GO:0008284","positive regulation of cell population proliferation",339,-0.278491270041462,-1.4073183710413,0.00288019371970688,0.0859401378076417,0.0622902889900382,1585,"tags=25%, list=18%, signal=22%","EAPP/IL18/PPP1CC/HMGB1/PPARD/IL12RB1/IL10RA/JAK2/PTPRC/CCR2/TSPO/SMARCA4/SASH3/IFNG/ERN1/HDAC4/CD86/RNF187/PIM1/MVD/CD55/TGFBR3/NRAS/CSF2RB/CFLAR/HLA-DMB/GRN/CX3CR1/NME1/CSNK2A1/ABL1/CCND2/SS18/STAT1/AGGF1/SLC25A33/TPD52/NACC1/OSM/BCL2/CALR/MDM2/HLA-E/CACUL1/TFRC/ATF2/STX3/CCDC117/MYB/CRKL/PPP3CA/CD74/FADD/MAP2K5/SLC7A1/HLA-A/PRKAA1/EGR1/LIG4/STAT3/HMOX1/ACTB/CDC25B/TNFRSF4/CLEC7A/SERTAD1/NEAT1/RTKN2/CXCL10/SLC35F6/XBP1/FAM98B/IL10RB/ITGA4/ATF3/IL15/FCRL3/IL1B/HLA-DPA1/NR4A1/JUN/AREG/CDKN1A/HLA-DPB1/TNFAIP3/NAMPT",0.431707695803346
"GO:0040012","regulation of locomotion",435,-0.27238461530332,-1.40724083136025,0.0010786834971698,0.0529074761081718,0.0383478786581434,1838,"tags=27%, list=21%, signal=23%","SWAP70/JUP/DPP4/PTPN1/ITGB1BP1/GPI/YTHDF3/MAP2K3/NIPBL/CCAR1/ACVR1B/PRCP/APPL1/PLXNC1/INSR/SIN3A/SP100/EMILIN2/NF1/CCL4/HMGB1/BSG/SRGAP2/PPARD/RIPOR1/NEDD9/SMAD3/JAK2/ADGRG1/TRIB1/PTPRC/CCR2/FUT7/IFNG/SPATA13/SAP30/ITGB1/RCC2/ARSB/CBLL1/PLAA/NFE2L2/PIN1/ULK4/RFFL/TGFBR3/UBE2I/CFL1/ATP5F1B/GRN/CUL5/ICAM1/CX3CR1/LRRK2/ABL1/WAS/SEMA4A/CCDC25/ROCK1/CD40/USP14/ARHGAP18/SRGAP2B/CASP8/PLXND1/STK4/ACTG1/PLA2G7/CALR/MDM2/PLCG2/CXCR4/STX3/PFN1/TRADD/CRKL/SRGAP2C/PPP3CA/CD74/IDH2/ATP2B4/FADD/CCR1/SPOCK2/MAP2K5/VRK1/ARID4B/RIN2/AKIRIN1/C3AR1/STAT3/HMOX1/MECP2/CAPN7/RHOB/MACF1/KLF4/PTPN2/PHPT1/CLEC7A/ARF6/PTPN23/ZEB2/CXCL10/XBP1/NEXN/ITGA4/KIF9/GADD45A/SOD2/CXCL8/IL1B/CD69/CCL3L1/GLUL/CCL3/DUSP1/PADI2",0.45505986738723
"GO:0070665","positive regulation of leukocyte proliferation",77,-0.344431985836183,-1.40662814919829,0.0260338691143789,0.232091916841904,0.168222590062552,1582,"tags=32%, list=18%, signal=27%","IL18/HMGB1/IL12RB1/JAK2/PTPRC/CCR2/SASH3/CD86/CD55/CSF2RB/HLA-DMB/BCL2/HLA-E/TFRC/PPP3CA/CD74/FADD/SLC7A1/HLA-A/TNFRSF4/IL15/FCRL3/IL1B/HLA-DPA1/HLA-DPB1",0.352487857583619
"GO:0006400","tRNA modification",63,0.335898330646166,1.40477265980859,0.0284570923653367,0.24056013745828,0.174360442792159,1392,"tags=29%, list=16%, signal=24%","CTU1/DUS1L/TRMT1/ELP1/AKT1/WDR6/THG1L/PUSL1/YRDC/TYW3/NSUN6/TRMT1L/TPRKB/DUS2/FTSJ1/TRMT112/BCDIN3D/PUS3",0.352487857583619
"GO:0042273","ribosomal large subunit biogenesis",71,0.329996270330606,1.40436645284202,0.0274963547605969,0.234849355021619,0.170221209397688,2215,"tags=39%, list=25%, signal=30%","NOL9/SURF6/NOP2/RPL11/DDX18/RPL26/PES1/RPL5/RPL35A/RPF1/RPL14/MTG2/TRMT112/RPL37/RPL7/LTO1/LAS1L/WDR18/RPL35/EBNA1BP2/RPL7A/BOP1/MTERF4/FTSJ3/PPAN/NOP16/NOP53/NSA2",0.352487857583619
"GO:0000281","mitotic cytokinesis",69,-0.352374269180318,-1.40349980609459,0.0293622386715576,0.245365611582727,0.17784349948234,1597,"tags=29%, list=18%, signal=24%","CHMP2A/MITD1/USP8/SNX18/VPS4B/SPART/CFL1/EXOC5/ROCK1/EXOC8/RASA1/CHMP1B/CHMP2B/TTC19/ARF1/CHMP4A/CHMP6/RHOB/ARF6/DCAF11",0.352487857583619
"GO:0000086","G2/M transition of mitotic cell cycle",70,-0.350557621807374,-1.40186623956502,0.0328992314308668,0.263922722047982,0.191293882541861,1385,"tags=26%, list=16%, signal=22%","ATR/VPS4B/RCC2/TAF2/PIM1/ARPP19/PLK3/RAD51B/TOPBP1/NBN/NABP1/BARD1/NABP2/CDC25B/BABAM2/DBF4/MRE11/CDKN1A",0.321775918075361
"GO:0002252","immune effector process",335,-0.278335489060724,-1.40103520215661,0.00375527023963711,0.0949546903451097,0.0688241286719294,1534,"tags=24%, list=17%, signal=21%","HMGB1/MEN1/CYBC1/STAT4/IL12RB1/KIR3DL1/KLRC1/PTPRC/CCR2/FUT7/BCL10/SASH3/IFNG/TIGIT/STXBP3/CD86/IRAK3/KLHL22/HLA-B/CD55/TNFRSF1B/EIF2AK4/ADGRE2/CSF2RB/CFD/HLA-DMB/GRN/ICAM1/CX3CR1/ABL1/WAS/SEMA4A/CD40/NFKBIZ/WDR1/PSMA4/VAMP7/DDX60/PIK3C3/PTGDS/HLA-E/ZBTB1/CRACR2A/BRD2/EP300/PLCG2/NMI/TFRC/NBN/TUBB4B/HLA-DRA/MYB/SERPING1/HLA-C/CD74/SOCS3/FFAR2/FADD/SLAMF7/HLA-DRB1/HLA-A/PRKAA1/LIG4/STAT3/TNFRSF4/CLEC7A/FCN1/JUNB/FCGR1A/MALT1/SLAMF6/XBP1/CTSC/DNAJB9/FCRL3/IL1B/NLRP3/IGHA1/LCP1/CD69/RORA/CCL3",0.431707695803346
"GO:0070482","response to oxygen levels",170,-0.303660945528779,-1.40091244446086,0.00786465373249375,0.135665276885517,0.0983315772896166,1819,"tags=27%, list=21%, signal=22%","DPP4/NAPA/PTPN1/HP1BP3/CD38/MT-ND5/NF1/ATP6V0D1/PDLIM1/SMAD3/AQP3/FUNDC1/PDK3/NFE2L2/PIN1/TGFBR3/ALAD/CFLAR/ADO/BECN1/ATF4/DDIT4/MDM2/ERO1A/EP300/TFRC/CXCR4/ATF2/SLC9A1/MYB/PMAIP1/CREB1/PRKAA1/ACAA2/DRAM1/EGR1/STAT3/CYB5R4/FAS/ZEB2/CPEB4/SOD2/AIFM1/CPT1A/FOS/RORA",0.380730400722792
"GO:0039531","regulation of cytoplasmic pattern recognition receptor signaling pathway",97,-0.330039116747352,-1.40027770930899,0.0172564755800523,0.188847075501057,0.136878287700842,850,"tags=18%, list=10%, signal=16%","DDX60/TAX1BP1/CSNK1A1/GBP5/WDFY1/PUM1/PLCG2/BIRC3/TLR6/GPATCH3/PLD3/SLC46A2/PUM2/ERBIN/PTPN22/FCRL3/TNFAIP3",0.352487857583619
"GO:0071214","cellular response to abiotic stimulus",179,-0.29751314131827,-1.40005261597427,0.0146391429844727,0.174257166929206,0.126303373063016,1530,"tags=26%, list=17%, signal=22%","YBX3/TLR5/TANK/TSPO/BCL10/ATR/EIF2S1/MAP3K1/DDX3X/RELB/XPC/EIF2AK4/OPN3/CAB39/XRCC5/TMEM87A/CD40/ATF4/CASP8/CALR/MDM2/METTL3/ZBTB1/POLD3/EP300/CLOCK/LTBR/USP28/SLC9A1/FADD/WRN/EGR1/BARD1/LIG4/BAK1/RHOB/IRF1/FAS/NSMCE3/BABAM2/RUVBL2/DDB2/GADD45A/IL1B/NLRP3/LRRC8C/CDKN1A",0.380730400722792
"GO:0104004","cellular response to environmental stimulus",179,-0.29751314131827,-1.40005261597427,0.0146391429844727,0.174257166929206,0.126303373063016,1530,"tags=26%, list=17%, signal=22%","YBX3/TLR5/TANK/TSPO/BCL10/ATR/EIF2S1/MAP3K1/DDX3X/RELB/XPC/EIF2AK4/OPN3/CAB39/XRCC5/TMEM87A/CD40/ATF4/CASP8/CALR/MDM2/METTL3/ZBTB1/POLD3/EP300/CLOCK/LTBR/USP28/SLC9A1/FADD/WRN/EGR1/BARD1/LIG4/BAK1/RHOB/IRF1/FAS/NSMCE3/BABAM2/RUVBL2/DDB2/GADD45A/IL1B/NLRP3/LRRC8C/CDKN1A",0.380730400722792
"GO:0070372","regulation of ERK1 and ERK2 cascade",102,-0.323789097035482,-1.399783475417,0.0222081627936934,0.217854049959339,0.157902838834066,2014,"tags=30%, list=23%, signal=24%","HAVCR2/F2R/EIF3A/RAP1A/PTPN1/ITGB1BP1/STYX/HMGB1/DUSP7/YWHAZ/TNIP1/MARCO/PTPRC/PIN1/CFLAR/ICAM1/MFHAS1/GBP1/PDE8A/CRKL/CD74/CCR1/KLF4/PTPN2/XBP1/ATF3/PTPN22/IL1B/CCL3/DUSP1/NAMPT",0.352487857583619
"GO:0045786","negative regulation of cell cycle",191,-0.293192956425172,-1.39964217684569,0.0150684489628603,0.17612525259088,0.127657380616324,2175,"tags=33%, list=25%, signal=25%","TNKS/RAD17/CCL2/RINT1/TMSB4X/CHFR/NAA10/RRP8/DTX3L/WAC/ZBTB17/MAD2L1BP/RBX1/ANAPC15/ZNF830/MAP3K20/IPO7/ZNF207/RB1/BAZ1B/CHMP2A/MEN1/TSC22D2/ATR/MAD1L1/DYNLRB1/CDC5L/KLHL22/BUB3/EIF2AK4/TSPYL2/PLK3/TRIM35/NSUN2/HINFP/ATF5/ANGEL2/TOPBP1/CLOCK/NBN/ATF2/SLFN11/USP28/TPR/TIPRL/NABP1/ZFP36L2/BARD1/NABP2/FEM1B/TP53BP2/RHOB/KLF4/PARP9/BABAM2/DBF4/TAF6/MRE11/SMARCA5/FBXO6/NR4A1/CDKN1A/DUSP1",0.380730400722792
"GO:0051607","defense response to virus",211,-0.292614651694897,-1.39590025637692,0.0161317264329922,0.182371654339138,0.132184836354383,2582,"tags=38%, list=29%, signal=28%","ELMOD2/TRIM27/CNOT7/ZC3H12A/UAP1/VAMP8/ADAR/NCK1/IFI44L/SENP7/GBP2/NT5C3A/TRIM65/MUL1/RNASE6/POLR3H/MORC3/IFI16/EIF2AK2/TRAF6/ZC3HAV1/DTX3L/APOBEC3C/DNAJC3/ZBP1/TLR7/IKBKE/ZMPSTE24/IFNAR2/GBP3/SERINC3/SIN3A/TMEM120A/PDE12/TANK/IL12RB1/IRF9/PTPRC/ITCH/IFNG/IFIH1/TRIM22/EIF2AK4/BECN1/AIMP1/TRIM35/STAT1/NFKBIZ/SLFN13/MICB/SAMHD1/DDX60/RNF135/ILRUN/MOV10/BCL2L1/GBP1/BCL2/DDIT4/GBP5/SLFN11/PMAIP1/PPM1B/SERINC5/IFI27/PLSCR1/FADD/TRIM25/ATG5/APOBEC3H/IRF1/IFIT5/PARP9/CXCL10/TBK1/IL10RB/SMARCA5/G3BP1/IL1B/TNFAIP3/RNASE2",0.352487857583619
"GO:1901991","negative regulation of mitotic cell cycle phase transition",92,-0.327035154484003,-1.39458336875638,0.0429515769369645,0.311676976786917,0.225906653757683,2149,"tags=33%, list=24%, signal=25%","RAD17/CCL2/RINT1/CHFR/WAC/MAD2L1BP/ANAPC15/ZNF830/ZNF207/RB1/ATR/MAD1L1/DYNLRB1/KLHL22/BUB3/PLK3/TOPBP1/NBN/SLFN11/TPR/NABP1/ZFP36L2/BARD1/NABP2/KLF4/BABAM2/DBF4/MRE11/CDKN1A/DUSP1",0.321775918075361
"GO:0048762","mesenchymal cell differentiation",75,0.31839922981017,1.39320629135028,0.0275121290206904,0.234849355021619,0.170221209397688,1662,"tags=28%, list=19%, signal=23%","NOLC1/TCOF1/FBXL17/NOG/SLC39A10/TGFBR2/LDLRAD4/DDX17/OTUD5/CDC42/BCL9L/HNRNPAB/TRIM28/MAD2L2/GATA3/KDM1A/ZNF703/KLHL12/PDCD6/PTEN/GSK3B",0.352487857583619
"GO:0009611","response to wounding",199,-0.295283928224922,-1.39314511956501,0.0112144414726086,0.156661601012229,0.113549927305633,1627,"tags=27%, list=18%, signal=23%","EMILIN2/NF1/ITPR3/CHMP2A/TMX1/HMGB1/GGCX/RIPOR1/SMAD3/METAP1/JAK2/ADGRG1/CCR2/TSPO/VPS4B/STXBP3/ITGB1/NFE2L2/UBASH3B/GRN/CX3CR1/WAS/CD40/NFKBIZ/FGFR1OP2/CHMP1B/CHMP2B/ACTG1/SH2B3/PLCG2/ANXA2/CHMP4A/ANKRD22/SERPING1/PPP3CA/PLSCR1/ARHGAP24/CCR1/ZFP36L2/CHMP6/STAT3/HMOX1/PLEK/ACTB/MACF1/F13A1/CLEC7A/ARF4/XBP1/PUM2/ZFP36/ADIPOR2/CDKN1A/TNFAIP3",0.380730400722792
"GO:0033002","muscle cell proliferation",78,-0.338527753139877,-1.39167686070183,0.0488392123198376,0.327399146928495,0.237302243137136,1582,"tags=29%, list=18%, signal=24%","IL18/PPARD/JAK2/TRIB1/IFNG/ERN1/PIM1/TGFBR3/CFLAR/ABL1/XRCC5/MDM2/MYB/AKIRIN1/STAT3/HMOX1/KLF4/XBP1/SOD2/FOS/JUN/CDKN1A/TNFAIP3",0.321775918075361
"GO:0002824","positive regulation of adaptive immune response based on somatic recombination of immune receptors built from immunoglobulin superfamily domains",64,-0.352412574433339,-1.39132854383012,0.0447019867549669,0.314303606354871,0.227810461675979,1582,"tags=34%, list=18%, signal=28%","IL18/IL12RB1/CCR2/KLHL22/HLA-B/CD55/NFKBIZ/HLA-E/ZBTB1/BRD2/EP300/TFRC/HLA-DRA/HLA-C/FADD/HLA-DRB1/HLA-A/PRKAA1/CLEC7A/MALT1/IL1B/NLRP3",0.276500599254472
"GO:0061640","cytoskeleton-dependent cytokinesis",81,-0.340594729169116,-1.38848302810712,0.0376647137004345,0.288220017809152,0.208904810488326,1597,"tags=28%, list=18%, signal=23%","CHMP2A/MITD1/USP8/SNX18/VPS4B/SPART/CFL1/EXOC5/ROCK1/SEPTIN7/EXOC8/RASA1/CHMP1B/CHMP2B/TTC19/ARF1/CHMP4A/WASHC5/CHMP6/RHOB/ARF6/DCAF11/SEPTIN2",0.321775918075361
"GO:0002218","activation of innate immune response",235,-0.284656602009956,-1.38814882784477,0.0116322605290107,0.158094816594646,0.114588736587201,2385,"tags=31%, list=27%, signal=23%","PDPK1/CTSS/HSPA1A/ZDHHC5/PIK3R1/GBP2/TRIM65/LYPLAL1/ALPK1/IFI16/EIF2AK2/TRAF6/ZDHHC3/ZC3HAV1/HAVCR2/AP3B1/NAGK/ZBP1/ZDHHC18/TLR7/IKBKE/PIK3AP1/SLC15A4/APPL1/SIN3A/PJA2/HMGB1/TLR5/TNIP1/KLRC1/BCL10/ITCH/LRCH4/DDX3X/TIFA/IRAK3/IFIH1/BECN1/XRCC5/MFHAS1/NFKBIZ/CYLD/TLR1/DDX60/RNF135/RIPK2/TAX1BP1/CSNK1A1/GBP5/WDFY1/PUM1/EP300/PLCG2/NMI/BIRC3/TLR6/GPATCH3/FFAR2/PLD3/SLC46A2/TRIM25/IRF1/CLEC7A/FCN1/TBK1/PUM2/ERBIN/PTPN22/FCRL3/NLRP3/NAIP/NFKBIA/TNFAIP3",0.380730400722792
"GO:0002764","immune response-regulating signaling pathway",400,-0.269643261885301,-1.38703896640808,0.00302066875654078,0.085994003551591,0.0623293314310077,2181,"tags=28%, list=25%, signal=22%","LYPLAL1/KIR2DL3/ALPK1/IFI16/EIF2AK2/TRAF6/ZDHHC3/ZC3HAV1/NFAM1/CTSH/CD47/SLA2/LAIR1/HAVCR2/AP3B1/NAGK/FCGR3A/TRGC2/ZNF683/RAP1A/ZDHHC18/TLR7/RC3H1/CD8A/PIK3AP1/SLC15A4/APPL1/CD38/CARD11/PJA2/BTN3A1/UBR2/HMGB1/TLR5/TNIP1/KIR3DL1/KLRC1/CD3G/PTPRC/PRNP/BCL10/ITCH/LRCH4/IFNG/MAP3K1/DDX3X/LPXN/CD86/TIFA/IRAK3/CBLB/EIF2B5/MS4A1/IFIH1/BECN1/ABL1/MFHAS1/CD40/NFKBIZ/CLEC2B/CYLD/TLR1/MICB/DDX60/RNF135/RIPK2/GBP1/TAX1BP1/BCL2/EIF2B2/CSNK1A1/BTN2A1/GBP5/PDE4B/WDFY1/PUM1/EP300/PLCG2/EIF2B3/NMI/BIRC3/TLR6/LAIR2/GPATCH3/PLSCR1/FFAR2/HLA-DRB1/HLA-A/PLD3/SLC46A2/SOS1/EIF2B4/TRIM25/C3AR1/IRF1/PTPN2/PHPT1/CLEC7A/FCN1/FCGR1A/MALT1/TBK1/PUM2/ERBIN/LCP2/PTPN22/FCRL3/NLRP3/IGHA1/NAIP/NFKBIA/HLA-DPB1/TNFAIP3",0.431707695803346
"GO:0043408","regulation of MAPK cascade",269,-0.284591903061938,-1.38637382938678,0.00557305645780553,0.116948004328486,0.0847651071113583,1674,"tags=25%, list=19%, signal=21%","INSR/STYX/NF1/PJA2/HMGB1/RIPK1/MEN1/DUSP7/YWHAZ/TNIP1/MARCO/JAK2/TRIB1/PTPRC/ITCH/HIPK3/COPS5/ERN1/MDFIC/IRAK3/PIN1/NCOR1/ULK4/CFLAR/RELL1/ARL6IP5/ICAM1/LRRK2/MFHAS1/ROCK1/CD40/CYLD/VRK2/OSM/STK4/GBP1/PDE8A/SH2B3/CRACR2A/MAP4K1/PLCG2/LTBR/RNF13/CRKL/TLR6/CD74/CCR1/ADRB2/KLF4/PTPN2/CLEC7A/FAS/DUSP16/XBP1/PER1/DUSP2/ATF3/GADD45A/PTPN22/IL15/FCRL3/IL1B/DUSP5/NAIP/CCL3/DUSP1/NAMPT",0.407017918923954
"GO:0006631","fatty acid metabolic process",177,-0.296955966856881,-1.38562671484272,0.0137567959787271,0.169944165977805,0.123177265954852,1632,"tags=26%, list=18%, signal=22%","ACLY/PHYH/PNPLA8/ECHS1/HACD2/CRAT/ACOT9/LYPLA1/PPARD/SLC27A4/GSTM1/CPT1B/TPK1/PDK3/PLAA/NCOR1/AOAH/SCP2/DEGS1/NME1/ETFA/PRKAG1/PTGDS/FABP5/ACSL5/ABCD3/NAAA/CD74/ECH1/PRKAA1/ACAA2/ERLIN2/DECR1/LPGAT1/ACADM/XBP1/ERLIN1/ACOX1/ABCD2/CPT1A/ETFB/IL1B/CES1/ADIPOR2/ACSL1/PDK4",0.380730400722792
"GO:2000145","regulation of cell motility",425,-0.268972306391994,-1.38487788825389,0.00219518238514176,0.0770809661935363,0.0558690709872216,1838,"tags=27%, list=21%, signal=22%","SWAP70/JUP/DPP4/PTPN1/ITGB1BP1/GPI/YTHDF3/MAP2K3/NIPBL/CCAR1/ACVR1B/PRCP/APPL1/PLXNC1/INSR/SIN3A/SP100/EMILIN2/NF1/CCL4/HMGB1/BSG/SRGAP2/PPARD/RIPOR1/NEDD9/SMAD3/JAK2/ADGRG1/TRIB1/PTPRC/CCR2/FUT7/IFNG/SPATA13/SAP30/ITGB1/RCC2/ARSB/CBLL1/PLAA/NFE2L2/PIN1/ULK4/RFFL/TGFBR3/UBE2I/CFL1/ATP5F1B/GRN/CUL5/ICAM1/CX3CR1/ABL1/WAS/SEMA4A/CCDC25/ROCK1/CD40/ARHGAP18/SRGAP2B/CASP8/PLXND1/STK4/ACTG1/PLA2G7/CALR/MDM2/PLCG2/CXCR4/PFN1/TRADD/CRKL/SRGAP2C/PPP3CA/CD74/IDH2/ATP2B4/FADD/CCR1/SPOCK2/MAP2K5/VRK1/ARID4B/RIN2/AKIRIN1/C3AR1/STAT3/HMOX1/MECP2/CAPN7/RHOB/MACF1/KLF4/PHPT1/CLEC7A/ARF6/PTPN23/ZEB2/CXCL10/XBP1/NEXN/ITGA4/KIF9/GADD45A/SOD2/CXCL8/IL1B/CD69/CCL3L1/GLUL/CCL3/DUSP1/PADI2",0.431707695803346
"GO:0097305","response to alcohol",118,-0.314179755386717,-1.38484328546378,0.0266655305472486,0.233955549262606,0.169573369861353,1431,"tags=24%, list=16%, signal=20%","SMAD3/PTPRC/TSPO/ANKRD13C/GLB1/TGFBR3/ALAD/OXCT1/CASP8/NEDD8/ABCA1/MDM2/MAP4K1/BTG2/CREB1/AKAP8/PRKAA1/STAT3/BAK1/SOD2/AIFM1/CPT1A/FOS/CES1/SLC23A2/FOSB/GOT2/CCL3",0.352487857583619
"GO:0003006","developmental process involved in reproduction",278,0.263451483574661,1.38336013677021,0.00663569703679429,0.128637726841855,0.0932379372946299,1886,"tags=31%, list=21%, signal=25%","TPPP3/RPL36/PABPC1L/PSMB4/LRRC8A/CDYL/TESK1/RPL27/RPL17/DNHD1/ZNF296/IDH1/RPL32/RPL10A/AGFG1/PSMB5/RPL24/RPL11/RPL30/RPL4/RPL12/RPL34/STRBP/RPL9/YY1/SFMBT1/SUN1/SPATC1L/DEAF1/IGF2R/CNBD2/RPL18A/CRIP1/VPS54/RPL21/SLC26A6/CSNK2A2/CCNY/PRKACA/CUL4A/RPL19/CEP57/FAM50A/RPL5/RPL38/UBA52/RPL28/RPL35A/RPL18/DHX37/RPL23/RPL29/STAU1/RPL41/BBS2/RPL14/PKD1/RPLP1/RAB24/RPL15/LARP7/RPLP2/MARF1/GATA3/RPL37/RPL31/CIB1/RPL7/CTNNA1/RPL13/RNF8/HERC4/TUT4/XRN2/RPL35/MSH2/BAG6/RPL7A/DCAF13/RAN/BTG1/CCNI/CDK16/RPLP0/GPX4/TMEM203",0.407017918923954
"GO:0006979","response to oxidative stress",254,-0.284103060831674,-1.3812002970058,0.00775677650705223,0.135338303109804,0.0980945833598773,2184,"tags=31%, list=25%, signal=24%","MAPK13/ETFDH/PSMA2/ARNT/PSMA5/PSMD4/G6PD/IL18RAP/ERCC2/UCP2/MCTP1/RBX1/TXNIP/PSMC3/TXN/LIAS/PSMC2/CD38/MT-ND5/PSMC5/SIN3A/PSMA1/PNPLA8/PSME1/PDLIM1/MT-ND3/RIPK1/PRDX1/PSME3/JAK2/PRNP/EIF2S1/ERN1/PXN/PRDX5/NFE2L2/PSMB7/ABCC1/ALAD/PSMC4/CFL1/LRRK2/PLK3/BECN1/ABL1/GCH1/PARK7/VRK2/ATF4/PSMA4/MICB/KLF2/PSMD1/OSER1/MDM2/ATF2/MYB/PSMD12/XRCC1/NCOA7/PRKAA1/ADRM1/TRIM25/HMOX1/GCLM/BAK1/RHOB/KLF4/ATE1/XBP1/KEAP1/SOD2/AIFM1/FOS/PNPT1/SLC23A2/AREG/TNFAIP3/DUSP1",0.407017918923954
"GO:1901987","regulation of cell cycle phase transition",246,-0.283250309592597,-1.38020153296292,0.00993892321201933,0.149056147647021,0.108037417085095,2176,"tags=33%, list=25%, signal=26%","CDC14A/MNAT1/PSMA2/RAD17/PSMA5/RASSF1/CCL2/ERCC2/RINT1/TMSB4X/CHFR/DTX3L/WAC/ID2/MAD2L1BP/RBX1/ANAPC15/ZNF830/MAP3K20/RRM1/BCL7B/CDK4/APPL1/ZNF207/RB1/PSMA1/PSME1/PSME3/ATR/SMARCA4/MAD1L1/PHF10/DDX3X/VPS4B/DYNLRB1/RCC2/CDC5L/PIM1/PSMB7/KLHL22/XPC/SMARCE1/BUB3/EIF2AK4/PLK3/CCND2/NSMCE2/RAD51B/PSMA4/NSUN2/HINFP/ATF5/TOPBP1/DPF2/PLCG2/CLOCK/NBN/ATF2/SLFN11/USP28/TPR/TIPRL/ATP2B4/NABP1/ZFP36L2/BARD1/NABP2/FEM1B/CCNH/ACTB/CDK7/KLF4/PAF1/CDC25B/PARP9/BABAM2/DBF4/MRE11/FBXO6/CDKN1A/DUSP1",0.380730400722792
"GO:1903037","regulation of leukocyte cell-cell adhesion",225,-0.284121169266197,-1.37967142089985,0.0167795954289218,0.186638614729893,0.1352775727943,1582,"tags=24%, list=18%, signal=21%","IL18/CARD11/HMGB1/IL12RB1/JAK2/PTPRC/CCR2/FUT7/PRNP/ZBTB16/TMEM131L/SMARCA4/PHF10/TIGIT/CD86/CBLB/KLHL22/CD55/SMARCE1/HLA-DMB/ABL1/NFKBIZ/PRKAR1A/PSMA4/CBFB/FLOT2/HLA-E/ZBTB1/BRD2/EP300/TFRC/HLA-DRA/PPP3CA/SIRPB1/SOCS1/FADD/SLC7A1/HLA-DRB1/HLA-A/PRKAA1/ACTB/PAG1/IRF1/KLF4/PTPN2/MALT1/XBP1/ITGA4/PTPN22/IL15/IL1B/NLRP3/HLA-DPA1/CD69/HLA-DPB1",0.352487857583619
"GO:0051170","import into nucleus",104,-0.317569684427411,-1.37661870852286,0.0279437006662439,0.237492286873234,0.172136833377563,1932,"tags=31%, list=22%, signal=24%","POM121/NUP107/IPO7/JUP/APPL1/SUFU/BCL3/SMAD3/JAK2/SUMO1/MDFIC/CBLB/KPNB1/UBE2I/CFL1/PTTG1IP/KPNA1/NUP58/STK4/FAM53B/NUP98/EP300/NUP133/NUP155/KPNA6/ATF2/TPR/STAT3/AKIRIN2/XBP1/CDKN1A/NFKBIA",0.352487857583619
"GO:0050777","negative regulation of immune response",125,-0.313193298046572,-1.37538424529402,0.0226035396176982,0.22066908821019,0.159943207288629,1854,"tags=26%, list=21%, signal=21%","ZDHHC18/RC3H1/YTHDF3/PSMA1/IL18/YWHAZ/KLRC1/PTPRC/CCR2/TIGIT/IRAK3/PIM1/HLA-B/CD55/GRN/TTLL12/GIGYF2/PRKAR1A/C9orf72/MKRN2/SAMHD1/METTL3/HLA-E/NMI/SERPING1/HLA-DRB1/HLA-A/ATG5/PTPN2/SAMSN1/CD69/CLEC12A/TNFAIP3",0.352487857583619
"GO:0043009","chordate embryonic development",73,0.325110846114998,1.37532572788634,0.0347498598039779,0.271529134859874,0.196807088179147,1586,"tags=27%, list=18%, signal=23%","SSBP3/LFNG/ZNF358/NOLC1/TCOF1/NOG/TGFBR2/MT-ND4/DEAF1/PLXNB2/VPS54/SKI/SCRIB/CUL4A/PKD1/GATA3/KLHL12/SRF/PDCD6/FURIN",0.321775918075361
"GO:2001252","positive regulation of chromosome organization",77,-0.33663395294825,-1.37478170920547,0.0348675615164742,0.271926902171583,0.197095393986297,2314,"tags=32%, list=26%, signal=24%","CCT8/INO80/TNKS/NVL/TFPT/MAD2L1BP/POT1/ACD/ACTR8/ATR/MAD1L1/HNRNPA2B1/UCHL5/NSMCE2/NBN/TPR/RUVBL1/NABP2/LIG4/CCT2/KLF4/TNKS2/SLF1/RUVBL2/MRE11",0.321775918075361
"GO:1903532","positive regulation of secretion by cell",107,-0.318654294517929,-1.37365807360492,0.0466730004003472,0.318306072553071,0.230711490025698,1690,"tags=29%, list=19%, signal=24%","CD38/CHMP2A/SNF8/BSG/PPARD/JAK2/CD2AP/ITSN1/IFNG/VPS4B/ALDOA/RAB5A/RAB9A/AIMP1/OSBP/OXCT1/VAMP7/RAB7A/ANXA2/PPP3CB/MYB/RAB27A/PPP3CA/RAB8B/HLA-DRB1/PHPT1/PRKACB/ARF6/PTPN23/SELENOT/IL1B",0.321775918075361
"GO:0007159","leukocyte cell-cell adhesion",253,-0.280746644261769,-1.37354066635461,0.0137401608317411,0.169944165977805,0.123177265954852,1457,"tags=24%, list=17%, signal=20%","IL12RB1/TNIP1/JAK2/PTPRC/CCR2/FUT7/PRNP/ZBTB16/TMEM131L/SMARCA4/SLC39A8/PHF10/TIGIT/CD86/ITGB1/CBLB/KLHL22/CD55/SMARCE1/HLA-DMB/ICAM1/CX3CR1/ABL1/ROCK1/NFKBIZ/PRKAR1A/PSMA4/CBFB/FLOT2/HLA-E/ZBTB1/BRD2/EP300/TFRC/HLA-DRA/PPP3CA/SIRPB1/SOCS1/ITGB7/FADD/SLC7A1/HLA-DRB1/HLA-A/PRKAA1/ACTB/PAG1/IRF1/KLF4/PTPN2/ICAM2/MALT1/XBP1/ITGA4/PTPN22/IL15/IL1B/NLRP3/HLA-DPA1/CD69/HLA-DPB1",0.380730400722792
"GO:0006575","modified amino acid metabolic process",77,-0.336202844483403,-1.37302110238918,0.0360014413686582,0.27757929509812,0.201192306067905,2177,"tags=38%, list=25%, signal=29%","LPCAT3/G6PD/MTR/CPQ/GLO1/HAGH/GGACT/PTDSS1/CNDP2/CRAT/CTSB/GSTM1/CPT1B/SEPHS2/NFE2L2/ABHD16A/GCH1/PARK7/MTHFD2/MTHFD1/SERINC5/PLSCR1/GCLM/ACADM/GSTK1/MTHFD2L/AASDHPPT/CPT1A/GOT2",0.321775918075361
"GO:0009267","cellular response to starvation",127,-0.308932420947507,-1.37276819766669,0.027340908972365,0.234820338452527,0.170200177892266,1482,"tags=25%, list=17%, signal=21%","RIPOR1/YWHAZ/MIOS/YME1L1/EIF2S1/DEPDC5/WDR45B/NFE2L2/EIF2AK4/LRRK2/BECN1/PRKAG1/ATF4/VAMP7/PIK3C3/ATF2/UPP1/ITFG2/PMAIP1/PRKAA1/WRN/PLIN2/ATG5/FAS/XBP1/CPEB4/ATF3/KLF10/FOS/GABARAPL1/PDK4/CDKN1A",0.352487857583619
"GO:0099504","synaptic vesicle cycle",99,-0.321537457258245,-1.37161967271868,0.0292327016854446,0.245365611582727,0.17784349948234,2319,"tags=37%, list=26%, signal=28%","EFR3A/CALM3/CAPN2/PREPL/ATP6V1A/ATP6V1D/AP2B1/EPS15L1/RAP1A/VPS18/NAPA/ATP6V1B2/AP3S1/ATP6V0D1/ITSN1/ATP6V1C1/STXBP3/PLAA/AP3S2/RAB5A/LRRK2/ARHGDIA/ROCK1/PARK7/C9orf72/SYNJ2/PIK3C3/ACTG1/RAB7A/FBXL20/PPP3CB/CLTA/PPP3CA/PPP3CC/ACTB/GIT2/ARF6",0.352487857583619
"GO:0043269","regulation of monoatomic ion transport",142,-0.302945869131509,-1.37118630762987,0.0249563970184449,0.230848963804626,0.167321685015525,2516,"tags=37%, list=29%, signal=27%","SLC8B1/CD63/CTNNB1/KCNAB2/PDPK1/CTSS/MCUB/B2M/SESTD1/CALM3/G6PD/CCL2/UCP2/F2R/TMEM38B/KCNQ1/CALM1/GPR35/SLMAP/TMX1/CCL4/CAMK2D/PRNP/TSPO/SUMO1/IFNG/MS4A1/UBASH3B/CAB39/YWHAQ/ATP1B3/ASPH/SLC30A6/ATF4/BCL2/PDE4B/CRACR2A/PPP3CB/PPP3CA/ATP2B4/CCR1/PPP3CC/TRPV2/FXYD1/STAC3/VMP1/STOM/CXCL10/PER1/SLC31A2/FCRL3/CCL3",0.352487857583619
"GO:0002833","positive regulation of response to biotic stimulus",291,-0.275423467642684,-1.37109095525945,0.00777920975870647,0.135338303109804,0.0980945833598773,2393,"tags=31%, list=27%, signal=23%","SH2D1B/PDPK1/CTSS/HSPA1A/ZDHHC5/PIK3R1/YWHAG/GBP2/TRIM65/LYPLAL1/ALPK1/IFI16/EIF2AK2/TRAF6/ZDHHC3/ZC3HAV1/HAVCR2/AP3B1/NAGK/ZBP1/ZDHHC18/TLR7/IKBKE/PIK3AP1/SLC15A4/APPL1/SIN3A/EMILIN2/PJA2/HMGB1/TLR5/TNIP1/KLRC1/BCL10/ITCH/LRCH4/DDX3X/TIFA/IRAK3/KLHL22/IFIH1/GRN/BECN1/XRCC5/MFHAS1/NFKBIZ/CYLD/TLR1/DDX60/RNF135/RIPK2/TAX1BP1/PIK3C3/CSNK1A1/GBP5/HLA-E/WDFY1/PUM1/EP300/PLCG2/NMI/BIRC3/TLR6/GPATCH3/HLA-C/PLSCR1/FFAR2/FADD/HLA-DRB1/PRKAA1/PLD3/SLC46A2/RALB/TRIM25/IRF1/CLEC7A/PARP9/FCN1/AKIRIN2/SLAMF6/TBK1/PUM2/ERBIN/CPT1A/PTPN22/FCRL3/NLRP3/NAIP/NFKBIA/TNFAIP3",0.407017918923954
"GO:0003018","vascular process in circulatory system",71,-0.342460496288016,-1.36936112156177,0.0270104726917134,0.234265725580659,0.169798188822344,1796,"tags=34%, list=20%, signal=27%","ITGB1BP1/CD38/INSR/PPARD/SLC27A4/ITGB1/UTS2/ABCC1/ABL1/ROCK1/KLF2/FABP5/TFRC/ATP2B4/SLC7A1/PRKAA1/SLC6A6/SLC38A1/GCLM/ADRB2/ZEB2/SLC2A3/ITGA4/SOD2",0.352487857583619
"GO:0009749","response to glucose",74,-0.333655643368325,-1.3692904022276,0.0453752181500873,0.315239275205204,0.228488644008158,1489,"tags=31%, list=17%, signal=26%","PPARD/PTPRN2/SMAD3/SMARCA4/ERN1/TRA2B/ZBTB20/EIF2B5/ALDOA/ZNF236/OSBP/OXCT1/EIF2B2/EIF2B3/PPP3CB/HLA-DRB1/PRKAA1/EGR1/EIF2B4/GCLM/PHPT1/SELENOT/XBP1",0.282013350011725
"GO:0002757","immune response-activating signaling pathway",375,-0.270033584230756,-1.36792882392366,0.00754118108736914,0.134649772836315,0.0975955295904965,2122,"tags=27%, list=24%, signal=22%","IFI16/EIF2AK2/TRAF6/ZDHHC3/ZC3HAV1/NFAM1/CD47/SLA2/HAVCR2/AP3B1/NAGK/TRGC2/ZNF683/RAP1A/ZDHHC18/TLR7/RC3H1/CD8A/PIK3AP1/SLC15A4/APPL1/CD38/CARD11/PJA2/BTN3A1/UBR2/HMGB1/TLR5/TNIP1/KLRC1/CD3G/PTPRC/PRNP/BCL10/ITCH/LRCH4/IFNG/DDX3X/LPXN/CD86/TIFA/IRAK3/CBLB/EIF2B5/MS4A1/IFIH1/BECN1/ABL1/MFHAS1/NFKBIZ/CLEC2B/CYLD/TLR1/MICB/DDX60/RNF135/RIPK2/GBP1/TAX1BP1/BCL2/EIF2B2/CSNK1A1/BTN2A1/GBP5/PDE4B/WDFY1/PUM1/EP300/PLCG2/EIF2B3/NMI/BIRC3/TLR6/GPATCH3/PLSCR1/FFAR2/HLA-DRB1/HLA-A/PLD3/SLC46A2/SOS1/EIF2B4/TRIM25/C3AR1/IRF1/PTPN2/PHPT1/CLEC7A/FCN1/MALT1/TBK1/PUM2/ERBIN/LCP2/PTPN22/FCRL3/NLRP3/IGHA1/NAIP/NFKBIA/HLA-DPB1/TNFAIP3",0.407017918923954
"GO:0072329","monocarboxylic acid catabolic process",67,-0.340832010103353,-1.36690740455483,0.0469011725293132,0.31893317852187,0.231166022832142,2162,"tags=36%, list=24%, signal=27%","ETFDH/CRYL1/LONP2/ECI2/ACADVL/ACBD5/PHYH/ECHS1/CRAT/PPARD/LDHA/CPT1B/SCP2/ETFA/ABCD3/ECH1/ACAA2/DECR1/ACADM/ACOX1/ABCD2/CPT1A/ETFB/CES1",0.271288554688953
"GO:0002822","regulation of adaptive immune response based on somatic recombination of immune receptors built from immunoglobulin superfamily domains",107,-0.316987092378798,-1.36647108219087,0.0492804041830546,0.327811316060809,0.237600987530845,1582,"tags=29%, list=18%, signal=24%","IL18/HMGB1/IL12RB1/KLRC1/PTPRC/CCR2/FUT7/KLHL22/HLA-B/CD55/TNFRSF1B/WAS/NFKBIZ/HLA-E/ZBTB1/BRD2/EP300/TFRC/HLA-DRA/HLA-C/FADD/HLA-DRB1/HLA-A/PRKAA1/CLEC7A/JUNB/MALT1/IL1B/NLRP3/CD69/TNFAIP3",0.321775918075361
"GO:0051261","protein depolymerization",63,0.326664633122473,1.36615607661428,0.03951220162029,0.298317037653532,0.216223233521954,2235,"tags=44%, list=25%, signal=33%","MICAL1/SVIL/SH3BP1/MICAL2/STMN3/GSN/SPTBN1/RDX/SPAST/SPTAN1/HSPA8/KIF21A/ATXN7/PIK3CA/ARHGEF2/CIB1/TRIOBP/KATNB1/TWF2/VILL/DSTN/CKAP5/CKAP2/FLII/TMOD2/CAPG/STMN1/MID1IP1",0.321775918075361
"GO:0030334","regulation of cell migration",402,-0.266252237319347,-1.36606756468664,0.00371444063012589,0.0948886514862611,0.0687762630330418,1838,"tags=26%, list=21%, signal=22%","SWAP70/JUP/DPP4/PTPN1/ITGB1BP1/GPI/YTHDF3/MAP2K3/NIPBL/CCAR1/ACVR1B/PRCP/APPL1/PLXNC1/INSR/SIN3A/SP100/EMILIN2/NF1/CCL4/HMGB1/BSG/SRGAP2/PPARD/RIPOR1/NEDD9/SMAD3/JAK2/ADGRG1/TRIB1/PTPRC/CCR2/FUT7/IFNG/SPATA13/SAP30/ITGB1/RCC2/ARSB/CBLL1/PLAA/NFE2L2/ULK4/RFFL/TGFBR3/UBE2I/ATP5F1B/GRN/CUL5/ICAM1/CX3CR1/ABL1/SEMA4A/ROCK1/CD40/SRGAP2B/CASP8/PLXND1/STK4/ACTG1/PLA2G7/CALR/MDM2/PLCG2/CXCR4/PFN1/TRADD/CRKL/SRGAP2C/PPP3CA/CD74/IDH2/ATP2B4/FADD/CCR1/MAP2K5/VRK1/ARID4B/RIN2/AKIRIN1/C3AR1/STAT3/HMOX1/MECP2/CAPN7/RHOB/MACF1/KLF4/CLEC7A/ARF6/PTPN23/ZEB2/CXCL10/XBP1/NEXN/ITGA4/GADD45A/SOD2/CXCL8/IL1B/CD69/CCL3L1/GLUL/CCL3/DUSP1/PADI2",0.431707695803346
"GO:0062012","regulation of small molecule metabolic process",161,-0.292684401894188,-1.36561093966631,0.0342280051551664,0.270043040671865,0.195729951944566,1490,"tags=24%, list=17%, signal=21%","GGCX/PPARD/TSPO/IFNG/HDAC4/TPK1/PDK3/ZBTB20/PLAA/TOX4/ARPP19/NCOR1/KPNB1/NME1/LRRC58/PRKAG1/PARK7/DNAJC30/FABP5/EP300/PMAIP1/CD74/ATP2B4/CREB1/PRKAA1/EGR1/STAT3/PLEK/ERLIN2/PTPN2/LPGAT1/ACADM/ERLIN1/ABCD2/CPT1A/IL1B/CES1/RORA/PDK4",0.321775918075361
"GO:0030335","positive regulation of cell migration",246,-0.28018997078813,-1.36528933634295,0.0116891524920139,0.158094816594646,0.114588736587201,1796,"tags=26%, list=20%, signal=22%","ITGB1BP1/GPI/MAP2K3/NIPBL/CCAR1/ACVR1B/INSR/CCL4/HMGB1/BSG/RIPOR1/NEDD9/SMAD3/JAK2/PTPRC/CCR2/FUT7/IFNG/ITGB1/CBLL1/PLAA/NFE2L2/TGFBR3/UBE2I/ATP5F1B/GRN/CUL5/ICAM1/CX3CR1/ABL1/SEMA4A/CD40/CASP8/STK4/ACTG1/PLA2G7/CALR/MDM2/PLCG2/CXCR4/PFN1/TRADD/CRKL/SRGAP2C/PPP3CA/CD74/FADD/CCR1/RIN2/AKIRIN1/C3AR1/STAT3/HMOX1/CAPN7/RHOB/CLEC7A/ARF6/CXCL10/XBP1/ITGA4/SOD2/CXCL8/IL1B/CCL3L1/CCL3",0.380730400722792
"GO:0043066","negative regulation of apoptotic process",392,-0.266096734209829,-1.36196371477534,0.0038210438027203,0.0954323271219285,0.0691703246825398,1699,"tags=25%, list=19%, signal=21%","BCL2A1/CD38/RB1/GPR35/RNF144B/TMBIM1/NOC2L/BCL3/YBX3/RIPK1/PPARD/PSME3/YWHAZ/SMAD3/JAK2/YME1L1/PRNP/BCL10/ITCH/HIPK3/COPS5/DDX3X/PRR5/HNRNPK/ITGB1/PRDX5/PIM1/NFE2L2/RFFL/OPN3/CFLAR/CFL1/GRN/ICAM1/CX3CR1/LRRK2/PLK3/BECN1/PTTG1IP/CSNK2A1/ARHGDIA/CCND2/ANXA4/PARK7/ATF4/RASA1/PLXND1/BCL2L1/HERPUD1/TAX1BP1/BCL2/ATF5/MDM2/TFRC/BIRC3/BTG2/HTT/SLC9A1/MCL1/TXNDC5/CD74/SOCS3/FADD/CREB1/MAP2K5/PRKAA1/CAAP1/ACAA2/BARD1/LIG4/STAT3/HMOX1/GCLM/ATG5/ADRB2/SMAD5/BAK1/KLF4/FAS/EYA3/BABAM2/SLC35F6/ARF4/MALT1/XBP1/MRE11/CPEB4/HIGD1A/SIAH2/TAF9/USP40/SOD2/IL15/IL1B/NAIP/NR4A2/TNFAIP3/DUSP1",0.431707695803346
"GO:0048514","blood vessel morphogenesis",210,-0.286810829303551,-1.36167120299936,0.0196291423073113,0.200779493299156,0.14552702590344,1639,"tags=27%, list=19%, signal=23%","PPP1R16B/SP100/EMILIN2/NF1/IL18/HMGB1/BSG/YWHAZ/TYMP/CD93/ADGRG1/CCR2/CEMIP2/HIF1AN/ITGB1/NFE2L2/TGFBR3/ATP5F1B/GRN/AIMP1/ABL1/SEMA4A/ROCK1/CD40/STAT1/AGGF1/CASP8/RASA1/PLXND1/SAT1/KLF2/ACTG1/NAXE/ANXA2/ATF2/EPN1/ARHGAP24/ATP2B4/MAP2K5/RIN2/C3AR1/STAT3/HMOX1/MECP2/RHOB/CTNND1/KLF4/CXCL10/XBP1/GADD45A/CXCL8/IL1B/ADIPOR2/NR4A1/RORA/GLUL/TNFAIP3",0.352487857583619
"GO:0016042","lipid catabolic process",145,-0.302946297500272,-1.36131509944826,0.0255175715333042,0.230848963804626,0.167321685015525,1618,"tags=26%, list=18%, signal=22%","PHYH/PNPLA8/ECHS1/CRAT/PPARD/SUMF2/CPT1B/PLCD1/SPART/ABHD16A/GLB1/AOAH/SCP2/ETFA/M6PR/NAGA/OXCT1/GM2A/PLA2G7/RAB7A/FABP5/PLCG2/ABCD3/NAAA/ECH1/PRKAA1/ACAA2/PLA2G12A/LDAH/DECR1/ACADM/ACOX1/GLA/ABCD2/CPT1A/ETFB/IL1B/CES1",0.352487857583619
"GO:0040013","negative regulation of locomotion",139,-0.299014066404491,-1.36022206269565,0.0311437316596581,0.25510288045567,0.184901171340243,2229,"tags=35%, list=25%, signal=26%","RHOA/KRIT1/RAP2B/CCL2/MCTP1/SIN3B/RBBP7/LIMA1/BRMS1/JUP/DPP4/PTPN1/ITGB1BP1/SIN3A/SP100/EMILIN2/NF1/HMGB1/SRGAP2/PPARD/NEDD9/ADGRG1/TRIB1/SAP30/NFE2L2/PIN1/TGFBR3/CFL1/WAS/SRGAP2B/CALR/SRGAP2C/CD74/IDH2/ATP2B4/MAP2K5/ARID4B/HMOX1/MECP2/RHOB/KLF4/PTPN2/PTPN23/ZEB2/GADD45A/CD69/DUSP1/PADI2",0.352487857583619
"GO:0051241","negative regulation of multicellular organismal process",451,-0.262904010692432,-1.35938069344018,0.00234219276665803,0.0781562848611871,0.0566484729322624,1431,"tags=20%, list=16%, signal=18%","SMAD3/JAK2/TRIB1/PTPRC/CCR2/PRNP/TSPO/TFE3/ITCH/TMEM131L/IFNG/TIGIT/SAP30/CD86/ITGB1/RELB/IRAK3/CBLB/PPHLN1/KLHL22/TNFRSF1B/CHID1/UBASH3B/GRN/CX3CR1/SEMA4A/ANXA4/ROCK1/STAT1/CYLD/PRKAR1A/ATF4/MAFB/PSMA4/ILRUN/CBFB/GBP1/KLF2/SH2B3/CALR/PDE4B/HLA-E/NAXE/DIP2B/FAM76B/ATF2/EPN1/SERPING1/TLR6/GPATCH3/PPM1B/IDH2/ATP2B4/SOCS1/ARRDC3/AKAP8/CCR1/MAP2K5/HLA-DRB1/REL/ARID4B/STAT3/HMOX1/MECP2/ATG5/GPR174/PAG1/CTNND1/IRF1/KLF4/PTPN2/PTPN23/CXCL10/SAMSN1/ERBIN/ITGA4/GADD45A/ABCD2/ZFP36/PTPN22/TRIB2/IL15/IL1B/NLRP3/CD69/IL1R2/CLEC12A/NFKBIA/TNFAIP3/CCL3",0.431707695803346
"GO:0002700","regulation of production of molecular mediator of immune response",86,-0.322449468100987,-1.35553865953515,0.0495049504950495,0.328232334634115,0.237906146089702,1414,"tags=26%, list=16%, signal=22%","PTPRC/CCR2/BCL10/SASH3/CD86/IRAK3/CD55/TNFRSF1B/HLA-E/PLCG2/TFRC/CD74/FFAR2/HLA-A/TNFRSF4/CLEC7A/MALT1/XBP1/DNAJB9/FCRL3/IL1B/NLRP3",0.261663521711573
"GO:0001568","blood vessel development",224,-0.282146074973676,-1.35527881544399,0.0174490003084738,0.189426347348792,0.137298149848143,1639,"tags=27%, list=19%, signal=22%","PPP1R16B/SP100/EMILIN2/NF1/IL18/HMGB1/BSG/YWHAZ/TYMP/CD93/ADGRG1/CCR2/CEMIP2/HIF1AN/ITGB1/NFE2L2/TGFBR3/CFLAR/ATP5F1B/GRN/AIMP1/ABL1/SEMA4A/ROCK1/CD40/STAT1/AGGF1/CASP8/RASA1/PLXND1/SAT1/KLF2/ACTG1/NAXE/ANXA2/ATF2/EPN1/ARHGAP24/ATP2B4/MAP2K5/RIN2/EGR1/C3AR1/STAT3/HMOX1/MECP2/RHOB/CTNND1/KLF4/CXCL10/XBP1/EGR2/GADD45A/CXCL8/IL1B/ADIPOR2/NR4A1/RORA/GLUL/TNFAIP3",0.352487857583619
"GO:0051051","negative regulation of transport",190,-0.287295089111107,-1.35390281885472,0.0187131670448144,0.195336674460101,0.141582015259356,2384,"tags=35%, list=27%, signal=26%","PEA15/MCUB/B2M/SESTD1/CALM3/SNX12/DDX39A/ARFIP1/TRAT1/MIDN/LYPLAL1/RGS2/UCP2/MCTP1/CD47/ATXN2/F2R/KCNQ1/INSIG1/VPS35/RAP1A/CALM1/APPL1/DERL2/SUFU/GPR35/DPH3/SP100/HMGB1/CAMK2D/LYPLA1/GGCX/CCR2/TSPO/SUMO1/VPS4B/STXBP3/MDFIC/TNFRSF1B/ARL6IP5/LRRK2/CAB39/YWHAQ/PARK7/C9orf72/ATF4/OSM/RAB7A/ANXA2/FAM76B/PPP3CB/PICALM/TPR/PPP3CA/CD74/IDH2/PLSCR1/UBE2J1/BARD1/PPP3CC/WDR54/CTNND1/PNKD/ARF6/IL1B/NFKBIA",0.352487857583619
"GO:0043069","negative regulation of programmed cell death",413,-0.262858555787102,-1.35385344736056,0.00681470759753938,0.129714021491163,0.094018046641137,1699,"tags=25%, list=19%, signal=21%","BCL2A1/CD38/RB1/GPR35/PSMC5/RNF144B/ACLY/TMBIM1/NOC2L/BCL3/YBX3/RIPK1/PPARD/PSME3/YWHAZ/SMAD3/JAK2/ADGRG1/YME1L1/PRNP/BCL10/ITCH/HIPK3/COPS5/DDX3X/PRR5/HNRNPK/ITGB1/PRDX5/PIM1/NFE2L2/RFFL/OPN3/CFLAR/CFL1/GRN/ICAM1/CX3CR1/LRRK2/PLK3/BECN1/PTTG1IP/CSNK2A1/ARHGDIA/CCND2/ANXA4/PARK7/ATF4/CASP8/RASA1/PLXND1/BCL2L1/HERPUD1/TAX1BP1/BCL2/ATF5/MDM2/TFRC/BIRC3/BTG2/HTT/SLC9A1/MCL1/TXNDC5/CD74/SOCS3/FADD/CREB1/MAP2K5/PRKAA1/CAAP1/ACAA2/BARD1/LIG4/STAT3/HMOX1/GCLM/ATG5/ADRB2/SMAD5/BAK1/KLF4/FAS/EYA3/BABAM2/SLC35F6/ARF4/MALT1/XBP1/MRE11/CPEB4/HIGD1A/SIAH2/TAF9/USP40/SOD2/IL15/IL1B/NAIP/NR4A2/TNFAIP3/DUSP1",0.407017918923954
"GO:0002440","production of molecular mediator of immune response",112,-0.309395510814939,-1.34877106435883,0.043046357615894,0.311676976786917,0.225906653757683,1582,"tags=27%, list=18%, signal=22%","IL18/REV1/PTPRC/CCR2/BCL10/SASH3/CD86/IRAK3/CD55/TNFRSF1B/XRCC4/NFKBIZ/SAMHD1/HLA-E/PLCG2/TFRC/NBN/CTNNBL1/CD74/FFAR2/HLA-A/LIG4/TNFRSF4/CLEC7A/MALT1/XBP1/DNAJB9/FCRL3/IL1B/NLRP3",0.282013350011725
"GO:0001944","vasculature development",234,-0.276162285918645,-1.34614080422473,0.0154674788739867,0.177876007050847,0.128926345317148,1639,"tags=26%, list=19%, signal=22%","PPP1R16B/SP100/EMILIN2/NF1/IL18/HMGB1/BSG/YWHAZ/TYMP/CD93/ADGRG1/CCR2/CEMIP2/HIF1AN/ITGB1/NFE2L2/TGFBR3/CFLAR/ATP5F1B/GRN/AIMP1/ABL1/SEMA4A/ROCK1/CD40/STAT1/AGGF1/CASP8/RASA1/PLXND1/SAT1/KLF2/ACTG1/NAXE/ANXA2/CXCR4/ATF2/EPN1/ARHGAP24/ATP2B4/MAP2K5/RIN2/EGR1/C3AR1/STAT3/HMOX1/MECP2/RHOB/CTNND1/KLF4/CXCL10/XBP1/EGR2/GADD45A/CXCL8/IL1B/ADIPOR2/NR4A1/RORA/GLUL/TNFAIP3",0.380730400722792
"GO:0048878","chemical homeostasis",394,-0.262453826187588,-1.34457332860349,0.00579449097500445,0.120064027448767,0.0870236324711432,1785,"tags=25%, list=20%, signal=21%","VPS33A/TMC6/CREG1/MLX/SLC30A7/ATP6V1B2/HPS6/INSR/GRAMD1B/PNPLA8/ITPR3/IL18/ATP6V0D1/CAMK2D/CISD1/MAIP1/PPARD/PTPRN2/SMAD3/CCR2/PRNP/TSPO/AQP3/SMARCA4/SLC39A8/IFNG/ERN1/TENT4B/DDX3X/TRA2B/ZBTB20/TPCN2/SOAT1/ANXA6/ALDOA/CLN6/ATP5F1B/GRN/LRRK2/TMEM9/SLC30A9/BOLA2/ZNF236/TMEM87A/PARK7/CD40/THADA/OSBP/OXCT1/PRKAR1A/ATP1B3/ASPH/CYB561A3/HERPUD1/CLN8/BCL2/ABCA1/CALR/PDZD8/SLC25A46/RAB7A/TFRC/PPP3CB/ARF1/PICALM/SLC9A1/MTCH2/SLC9A9/ATP2B4/FFAR2/CCR1/HLA-DRB1/PRKAA1/BOLA3/STAT3/HMOX1/GCLM/SMAD5/FXYD1/BAK1/LDAH/CYB5R4/HECTD4/PTPN2/PHPT1/RALY/PRKACB/SELENOT/XBP1/ACOX1/UBE3A/SOD2/CES1/ADIPOR2/RORA/PDK4/GLUL/CCL3",0.407017918923954
"GO:0042594","response to starvation",147,-0.296058391990247,-1.34265585972163,0.0220466863285685,0.216792415564257,0.157133355389445,1482,"tags=24%, list=17%, signal=20%","RIPOR1/YWHAZ/MIOS/YME1L1/EIF2S1/DEPDC5/WDR45B/NFE2L2/EIF2AK4/LRRK2/BECN1/PRKAG1/OXCT1/ATF4/VAMP7/PIK3C3/ATF2/TBC1D5/UPP1/ITFG2/PMAIP1/PRKAA1/WRN/PLIN2/ATG5/FAS/XBP1/CPEB4/ATF3/KLF10/ZFP36/FOS/GABARAPL1/PDK4/CDKN1A",0.352487857583619
"GO:0001666","response to hypoxia",147,-0.295354063935962,-1.33946165812209,0.0387596899224806,0.293641458136825,0.212834325769171,1819,"tags=27%, list=21%, signal=21%","DPP4/PTPN1/HP1BP3/CD38/MT-ND5/NF1/PDLIM1/SMAD3/AQP3/FUNDC1/PDK3/NFE2L2/PIN1/TGFBR3/ALAD/CFLAR/ADO/BECN1/ATF4/DDIT4/MDM2/ERO1A/EP300/TFRC/CXCR4/ATF2/SLC9A1/MYB/PMAIP1/CREB1/PRKAA1/ACAA2/EGR1/STAT3/SOD2/AIFM1/CPT1A/FOS/RORA",0.287857117255149
"GO:0006082","organic acid metabolic process",425,-0.259829222860563,-1.3378022082964,0.00695438394099786,0.13107081955464,0.0950014677250578,1701,"tags=24%, list=19%, signal=21%","NADSYN1/CD38/INSR/SERINC3/ACLY/DGLUCY/PHYH/PNPLA8/ECHS1/HACD2/CRAT/MDH1/ACOT9/LYPLA1/PPARD/GAPDH/SLC27A4/CARNMT1/GSTM1/LDHA/SLC25A51/CPT1B/SLC39A8/IFNG/HDAC4/PTER/SEPHS2/TPK1/PDK3/PDHX/ZBTB20/PLAA/NCOR1/ABCC1/AOAH/SCP2/DEGS1/ALDOA/PPA2/ACO2/NME1/LRRC58/DLD/ETFA/MDH2/PRKAG1/PARK7/MTHFD2/PFKFB3/OSBP/ATF4/MTHFD1/IDH3B/MCCC2/KYNU/ABHD14B/PTGDS/FABP5/EP300/CS/ACSL5/ABCD3/ODC1/NAAA/SERINC5/UROS/CD74/IDH2/ATP2B4/ECH1/PRKAA1/ACAA2/SLC38A1/NMRK1/BCKDHB/GCLM/ERLIN2/PARP9/DECR1/PAPSS1/SLC2A3/LPGAT1/ACADM/XBP1/ERLIN1/ACOX1/PAPSS2/MTHFD2L/AASDHPPT/ABCD2/BPGM/CPT1A/ETFB/IL1B/CES1/ADIPOR2/SLC23A2/NAIP/ACSL1/GOT2/PDK4/GLUL/NAMPT",0.407017918923954
"GO:0033157","regulation of intracellular protein transport",98,-0.315152229018383,-1.33404431754538,0.0422297297297297,0.311676976786917,0.225906653757683,1827,"tags=29%, list=21%, signal=23%","JUP/PTPN1/DERL2/SUFU/SP100/RIPOR1/SMAD3/JAK2/SUMO1/MDFIC/PLK3/PARK7/ASPH/NUP58/SEC24B/MDM2/EP300/FAM76B/TPR/SEC31A/EMD/IFI27/UBE2J1/BARD1/XBP1/IL1B/LCP1/NFKBIA",0.287857117255149
"GO:0045089","positive regulation of innate immune response",278,-0.270648790633087,-1.33384040106622,0.0187121696557275,0.195336674460101,0.141582015259356,2393,"tags=30%, list=27%, signal=23%","SH2D1B/PDPK1/CTSS/HSPA1A/ZDHHC5/PIK3R1/GBP2/TRIM65/LYPLAL1/ALPK1/IFI16/EIF2AK2/TRAF6/ZDHHC3/ZC3HAV1/HAVCR2/AP3B1/NAGK/ZBP1/ZDHHC18/TLR7/IKBKE/PIK3AP1/SLC15A4/APPL1/SIN3A/PJA2/HMGB1/TLR5/TNIP1/KLRC1/BCL10/ITCH/LRCH4/DDX3X/TIFA/IRAK3/IFIH1/BECN1/XRCC5/MFHAS1/NFKBIZ/CYLD/TLR1/DDX60/RNF135/RIPK2/TAX1BP1/PIK3C3/CSNK1A1/GBP5/HLA-E/WDFY1/PUM1/EP300/PLCG2/NMI/BIRC3/TLR6/GPATCH3/HLA-C/PLSCR1/FFAR2/FADD/PLD3/SLC46A2/RALB/TRIM25/IRF1/CLEC7A/PARP9/FCN1/AKIRIN2/SLAMF6/TBK1/PUM2/ERBIN/CPT1A/PTPN22/FCRL3/NLRP3/NAIP/NFKBIA/TNFAIP3",0.352487857583619
"GO:0009416","response to light stimulus",131,-0.293098486839163,-1.33174693855684,0.0443740095087163,0.314303606354871,0.227810461675979,1652,"tags=27%, list=19%, signal=23%","PPP1CA/NF1/NOC2L/GNGT2/PPP1CC/BCL3/MT-ND3/MEN1/ATR/CPT1B/EIF2S1/DYNLRB1/UBE2B/XPC/EIF2AK4/OPN3/ATF4/MDM2/METTL3/ZBTB1/POLD3/EP300/CLOCK/USP28/BHLHE40/CREB1/PRKAA1/WRN/BAK1/NSMCE3/RUVBL2/DDB2/PER1/FOS/CDKN1A/DUSP1",0.271288554688953
"GO:0051050","positive regulation of transport",379,-0.261845614930876,-1.33171049230818,0.00727874829683519,0.132147540181282,0.0957818858242834,1597,"tags=23%, list=18%, signal=19%","CHMP2A/ANKFY1/SNF8/CCL4/BSG/LMAN2/PPARD/RIPOR1/SMAD3/JAK2/CD2AP/PTPRC/TSPO/ITSN1/IFNG/VPS4B/BORCS5/ITGB1/DYNLRB1/PIM1/CBLL1/PLAA/NFE2L2/ARPP19/MS4A1/SCP2/OPN3/ALDOA/RAB5A/LRRK2/RAB9A/PLK3/AIMP1/XRCC4/OSBP/OXCT1/ATP1B3/ASPH/VAMP7/NRDE2/SEC24B/ABCA1/CALR/MDM2/RAB7A/CRACR2A/EP300/PLCG2/ANXA2/PPP3CB/TPR/TBC1D5/ACSL5/MYB/RAB27A/SEC31A/PPP3CA/EMD/SIRPB1/RAB8B/CCR1/HLA-DRB1/PLD3/PPP3CC/STAT3/TRPV2/ACTB/FXYD1/BAK1/PHPT1/CLEC7A/PRKACB/ARF6/STAC3/FCN1/PTPN23/FCGR1A/VMP1/CXCL10/SELENOT/XBP1/IL15/IL1B/CES1/ACSL1/CCL3",0.407017918923954
"GO:0043436","oxoacid metabolic process",420,-0.257213757179534,-1.32802708313039,0.0108077376514316,0.154207212075595,0.11177096115481,1701,"tags=24%, list=19%, signal=20%","NADSYN1/CD38/INSR/SERINC3/ACLY/DGLUCY/PHYH/PNPLA8/ECHS1/HACD2/CRAT/MDH1/ACOT9/LYPLA1/PPARD/GAPDH/SLC27A4/CARNMT1/GSTM1/LDHA/SLC25A51/CPT1B/SLC39A8/IFNG/HDAC4/SEPHS2/TPK1/PDK3/PDHX/ZBTB20/PLAA/NCOR1/ABCC1/AOAH/SCP2/DEGS1/ALDOA/PPA2/ACO2/NME1/DLD/ETFA/MDH2/PRKAG1/PARK7/MTHFD2/PFKFB3/OSBP/ATF4/MTHFD1/IDH3B/MCCC2/KYNU/ABHD14B/PTGDS/FABP5/EP300/CS/ACSL5/ABCD3/ODC1/NAAA/SERINC5/UROS/CD74/IDH2/ATP2B4/ECH1/PRKAA1/ACAA2/SLC38A1/NMRK1/BCKDHB/GCLM/ERLIN2/PARP9/DECR1/PAPSS1/SLC2A3/LPGAT1/ACADM/XBP1/ERLIN1/ACOX1/PAPSS2/MTHFD2L/AASDHPPT/ABCD2/BPGM/CPT1A/ETFB/IL1B/CES1/ADIPOR2/SLC23A2/NAIP/ACSL1/GOT2/PDK4/GLUL/NAMPT",0.380730400722792
"GO:0030336","negative regulation of cell migration",131,-0.292106005090455,-1.32723741500157,0.0443740095087163,0.314303606354871,0.227810461675979,2229,"tags=34%, list=25%, signal=25%","RHOA/KRIT1/RAP2B/CCL2/MCTP1/SIN3B/RBBP7/LIMA1/BRMS1/JUP/DPP4/PTPN1/ITGB1BP1/SIN3A/SP100/EMILIN2/NF1/HMGB1/SRGAP2/PPARD/NEDD9/ADGRG1/TRIB1/SAP30/NFE2L2/TGFBR3/SRGAP2B/CALR/SRGAP2C/CD74/IDH2/ATP2B4/MAP2K5/ARID4B/HMOX1/MECP2/RHOB/KLF4/PTPN23/ZEB2/GADD45A/CD69/DUSP1/PADI2",0.271288554688953
"GO:0007267","cell-cell signaling",368,-0.260300483628267,-1.32649079093224,0.0124613021845541,0.160075522994098,0.116024372800659,1523,"tags=23%, list=17%, signal=19%","CAMK2D/USP8/GGCX/PPARD/CLSTN1/PTPRN2/JAK2/ADGRG1/CCR2/PRNP/DLGAP4/TSPO/ITSN1/IFNG/SNX19/STXBP3/ITGB1/KIF1B/UTS2/TNFRSF1B/USP46/UBE2I/EIF2AK4/ALDOA/CFL1/RAB5A/CX3CR1/LRRK2/AIMP1/APBA3/ABL1/KPNA1/PARK7/OSBP/OXCT1/PRKAR1A/ATF4/VAMP7/OSM/CD68/NSG1/ABCA1/MDM2/FABP5/TNFSF8/FBXL20/CLOCK/BEST1/PPP3CB/STX3/PFN1/ARF1/MYB/PPP3CA/RAB8B/FFAR2/CREB1/CCR1/HLA-DRB1/SLC6A6/SLC38A1/STAT3/ATG5/ADRB2/CYB5R4/PHPT1/PNKD/PRKACB/STAC3/PTPN23/SPG11/RAB3GAP2/CXCL10/SELENOT/UBE3A/KLF10/CPT1A/IL15/IL1B/AREG/SYAP1/CCL3/NAMPT",0.380730400722792
"GO:0098657","import into cell",473,-0.255873614155906,-1.3249181327512,0.00554629324626077,0.116948004328486,0.0847651071113583,1870,"tags=26%, list=21%, signal=22%","AP2B1/EPS15L1/RAP1A/DPP4/PTPN1/EHBP1/BIN2/CREG1/ARL8B/SLC15A4/LRP10/CALM1/APPL1/INSR/AP3S1/PIP5K1A/RAB1A/ANKFY1/NECAP1/NECAP2/HMGB1/LMAN2/HOOK2/CD93/SLC27A4/IL10RA/MARCO/PTPRC/PRNP/SNX18/ITCH/ITSN1/SLC39A8/IFNG/RABEPK/LMBRD1/ITGB1/CBLB/CBLL1/NFE2L2/TPCN2/ARPP19/MS4A1/USP46/AP3M1/OPN3/SCAMP1/AP3S2/ARL6IP5/RAB5A/AP4B1/LRRK2/NME1/RAB9A/BECN1/CLTC/ABL1/ASGR2/DENND1A/ROCK1/PARK7/M6PR/ATP1B3/C9orf72/SCYL2/MYO1E/VAMP7/SYNJ2/AP1S1/BCL2L1/RABEP2/PIK3C3/ACTG1/ATP9B/CALR/MDM2/RAB7A/PLCG2/TFRC/ANXA2/PPP3CB/ARF1/CLTA/PICALM/EPN1/SLC9A1/TBC1D5/ACSL5/RAB27A/SLC9A9/PPP3CA/SIRPB1/PLSCR1/FNBP1/ATP2B4/SLC7A1/CTSL/SLC6A6/RIN2/PPP3CC/SLC46A2/SLC38A1/RALB/STAT3/CLINT1/AP1B1/WDR54/TRPV2/ADRB2/ACTB/FXYD1/CLEC7A/ARF6/FCN1/SLC36A1/SLC2A3/FCGR1A/RAB14/ITGA4/CXCL8/IL15/LRRC8C/ACSL1",0.407017918923954
"GO:0051276","chromosome organization",342,-0.265667543199931,-1.32468308478203,0.0092360175756953,0.144614721348675,0.104818225974753,2078,"tags=30%, list=24%, signal=23%","CHFR/SHLD2/NAA10/NVL/DCP2/TFPT/MAD2L1BP/POT1/PDS5B/ANAPC15/CENPK/SENP6/SMG6/MAP3K20/PIBF1/SMC6/NUP107/BCL7B/TDRD3/NIPBL/ACD/ZNF207/RB1/ACTR8/PPP1CA/BAZ1B/SP100/PDS5A/CHMP2A/TOP1/PPP1CC/PTTG1/TEP1/HMGB1/KIF3B/ATR/SMARCA4/MAPRE1/MAD1L1/HNRNPA2B1/TENT4B/PHF10/GTF2B/VPS4B/UCHL5/DYNLRB1/KLHL22/NSL1/CEP192/SMARCE1/BUB3/KPNB1/CENPC/HDAC8/GAR1/BECN1/MIS18A/ABL1/XRCC5/SMG5/NSMCE2/RNF4/CHMP1B/CHMP2B/NAA50/SMC3/NUP98/TOPBP1/BCCIP/DPF2/EP300/NUP133/NUP155/NBN/TPR/PPP2R1A/CHMP4A/RUVBL1/XRCC1/AKAP8/CHMP6/WRN/NABP2/LIG4/STAG1/CCT2/ACTB/KLF4/TNKS2/NSMCE3/SLF1/RUVBL2/REC8/MRE11/RPA3/PUM2/ITGB3BP/SMARCA5/GNL3L/CCNB1IP1/DUSP1",0.380730400722792
"GO:1902105","regulation of leukocyte differentiation",193,-0.282348127915321,-1.32232326042751,0.0404191616766467,0.30192001318464,0.218834706958954,1582,"tags=25%, list=18%, signal=21%","IL18/HMGB1/RIPK1/PPARGC1B/IL12RB1/NEDD9/TRIB1/CCR2/TFE3/ZBTB16/TMEM131L/SMARCA4/IFNG/PHF10/CD86/HLA-B/SMARCE1/UBASH3B/ABL1/NFKBIZ/MAFB/CASP8/PSMA4/CBFB/CLPTM1/METTL3/ZBTB1/BRD2/EP300/HLA-DRA/PPP3CA/CD74/SOCS1/FADD/CCR1/ZFP36L2/HLA-DRB1/ACTB/IRF1/PTPN2/JUNB/PRDM1/MALT1/XBP1/FCRL3/NLRP3/CD69/CLEC12A/CCL3",0.276500599254472
"GO:0006508","proteolysis",326,-0.264481334757363,-1.32174303050291,0.0161719889993684,0.182371654339138,0.132184836354383,2379,"tags=36%, list=27%, signal=27%","AMZ2/OMA1/CTSS/USP19/PRELID1/AGA/PLAUR/CAPN2/SNX12/AGTPBP1/PREPL/GZMH/USP1/OTUB1/LONP2/TMEM208/CTSH/USP32/PSMB10/USP36/RBX1/RUNX1/HINT1/NCSTN/CPQ/FBXW2/SENP6/RNF139/CASP4/DPP8/DPP4/CTSO/PTPN1/ZMPSTE24/PRCP/METAP2/TASP1/FBXL6/SUFU/SCRN2/USP11/CNDP2/USP9X/DESI1/UCHL3/USP8/CTSB/RBMX/DDI2/TANK/IDE/METAP1/STAMBPL1/YME1L1/PRNP/SPCS3/YIPF5/TBL1X/IFNG/COPS5/UCHL5/LACTB/APH1A/PSMB7/DNPEP/SENP1/TNFRSF1B/THOP1/USP46/DNAJC1/GSAP/PSMC4/CFLAR/CFD/CLN6/CFL1/GRN/LRRK2/USP10/OTUD1/SENP5/ROCK1/FAM111A/PARK7/USP14/CYLD/NAALADL1/ASPH/MAFB/CASP8/NEDD8/LAP3/CLN8/PIK3C3/PLA2G7/MDM2/NUP98/ANXA2/PITRM1/USP28/TSPAN5/FADD/CTSL/CAPN7/BAK1/ADAMTS2/FCN1/SPOPL/MALT1/ST14/USP40/CTSC/UBE3A/IL1B/FBXO6/TNFAIP3",0.352487857583619
"GO:2000146","negative regulation of cell motility",138,-0.291754537553341,-1.31677918194167,0.0457317073170732,0.316084516957224,0.22910128385658,2229,"tags=34%, list=25%, signal=26%","RHOA/KRIT1/RAP2B/CCL2/MCTP1/SIN3B/RBBP7/LIMA1/BRMS1/JUP/DPP4/PTPN1/ITGB1BP1/SIN3A/SP100/EMILIN2/NF1/HMGB1/SRGAP2/PPARD/NEDD9/ADGRG1/TRIB1/SAP30/NFE2L2/PIN1/TGFBR3/CFL1/WAS/SRGAP2B/CALR/SRGAP2C/CD74/IDH2/ATP2B4/MAP2K5/ARID4B/HMOX1/MECP2/RHOB/KLF4/PTPN23/ZEB2/GADD45A/CD69/DUSP1/PADI2",0.261663521711573
"GO:0007034","vacuolar transport",140,-0.291938109077946,-1.31444356506461,0.0401284109149278,0.300852229898105,0.218060766735052,1892,"tags=31%, list=21%, signal=25%","VPS35/VPS52/VPS18/VPS25/VPS33A/ARL8B/AP3S1/GRAMD1B/CHMP2A/ANKFY1/SNF8/ATP6V0D1/MFSD1/HOOK2/PLEKHF2/MVB12B/MON2/VTA1/VPS4B/ARSB/TPCN2/AP3M1/VPS36/AP3S2/GRN/LRRK2/BECN1/M6PR/C9orf72/SCYL2/MON1B/VAMP7/CHMP1B/DENND3/CHMP2B/PIK3C3/RAB7A/CHMP4A/CHMP6/ADRB2/RHOB/PTPN23/UBAP1",0.287857117255149
"GO:0048646","anatomical structure formation involved in morphogenesis",359,0.242378986400863,1.31419826140821,0.00819475613037304,0.138426772642111,0.100333137597886,1785,"tags=30%, list=20%, signal=25%","TMIGD2/SSBP3/TNFSF12/TPM1/KIF16B/HDAC1/LFNG/RPL36/TNFAIP2/NOLC1/TCOF1/NOG/RPL27/RPL17/CYP1B1/NCL/AKT1/TGFBR2/RPL32/RPL10A/AGFG1/GNAS/RPL24/RPL11/RPL30/RPL4/RPL12/ZFPM1/RPL34/RPL9/FMNL3/RTF1/LEO1/RRAS/MYH9/DEAF1/RPL36A/PLXNB2/HLA-G/ACTN1/RPL18A/PRKD2/RPL21/HSPB1/CCM2/HDAC5/SKI/SCRIB/OBSCN/HIPK1/MED1/SPTBN1/VEGFB/RECK/RELT/RPL19/RPL5/RPL10/RPL38/UBA52/RPL28/RPL35A/PF4/CD81/RPL18/EIF2AK3/RPL23/RNF213/PKNOX1/RPL29/RPL39/ITGA5/SASH1/RPL41/RPL14/RPLP1/RPL15/PDE3B/PIK3CA/RPLP2/AKT3/GATA3/RELA/STIM1/RPL37/RPL31/KLHL12/PRKCB/CIB1/VAV3/RPL7/SRF/RPL13/SP1/HPSE/PDCD6/FURIN/LEMD2/AHDC1/RPL35/ERAP1/HIPK2/TGFBI/RPL7A/PRKCA/BRD3/TAF10/BTG1",0.380730400722792
"GO:0044283","small molecule biosynthetic process",282,-0.26420071957824,-1.31264724672054,0.0179781932744031,0.191094581775705,0.138507303186809,1942,"tags=27%, list=22%, signal=22%","INSIG1/OAT/PIBF1/PPIP5K2/SLC25A19/PDXK/LIAS/GPI/SPTLC1/CTDSPL2/ACLY/PNPLA8/CHST15/HACD2/COQ8B/GGCX/LBR/GSTM1/IFNG/SEPHS2/TPK1/PLAA/MVD/TOX4/ARPP19/KPNB1/SCP2/DEGS1/PRPS1/DNPH1/NME1/LRRC58/GCH1/MDH2/PRKAG1/PARK7/MTHFD2/COQ8A/PFKFB3/OSBP/ATF4/MTHFD1/SPTLC2/KYNU/ADK/PTGDS/FABP5/EP300/HPRT1/IPMK/ABCD3/UROS/CD74/ATP2B4/CREB1/IDI1/PRKAA1/ACAA2/EGR1/SLC38A1/PLEK/STARD7/ERLIN2/PTPN2/LPGAT1/ACADM/XBP1/ERLIN1/ACOX1/ABCD2/IL1B/CES1/NAIP/ACSL1/PDK4/GLUL",0.352487857583619
"GO:1902532","negative regulation of intracellular signal transduction",437,-0.256201847958609,-1.31255778647212,0.00911958974104311,0.143898642774366,0.10429920491578,1559,"tags=24%, list=18%, signal=21%","BCL3/UBR2/YBX3/RIPK1/MEN1/DUSP7/RIPOR1/TANK/GMIP/TRAF1/YWHAZ/TNIP1/CD2AP/TRIB1/PTPRC/MIOS/PRNP/RASA2/ITCH/HIPK3/SMARCA4/SLC39A8/MAD1L1/DDX3X/IRAK3/DEPDC5/NFE2L2/MOB4/PIN1/NCOR1/RFFL/TGFBR3/ASXL1/LRRK2/PLK3/PTTG1IP/USP10/CSNK2A1/ANXA4/TAF3/PARK7/STAT1/CYLD/PRKAR1A/ATF4/CASP8/MKRN2/CNOT9/BCL2L1/HERPUD1/PPM1A/GBP1/TAX1BP1/PDE8A/BCL2/DDIT4/TNFAIP1/CSNK1A1/SH2B3/CALR/MDM2/PDE4B/PPP1R15B/NMI/CLOCK/PPP2R1A/ATF6B/ITFG2/CRKL/GPATCH3/FNIP2/PPM1B/CD74/ARHGAP24/ATP2B4/MAP2K5/PRKAA1/PLD3/STAT3/PLEK/CTNND1/KLF4/PTPN2/PRKACB/DUSP16/CNOT1/XBP1/TBK1/PER1/ERBIN/TAF9/PPP1R15A/DNAJB9/DUSP2/ATF3/UBE3A/SOD2/PTPN22/IL1B/NLRP3/DUSP5/RORA/NFKBIA/TNFAIP3/DUSP1",0.380730400722792
"GO:0019058","viral life cycle",185,-0.278698908209072,-1.31080554840128,0.0427537462342688,0.311676976786917,0.225906653757683,2128,"tags=32%, list=24%, signal=25%","CCL2/IFI16/EIF2AK2/ZC3HAV1/LAMTOR5/APOBEC3C/NMT2/VAPA/SMC6/DPP4/ARL8B/INSR/RAB1A/CHMP2A/HMGB1/BSG/ZBED1/PDE12/CTSB/IDE/TNIP1/MVB12B/ITCH/DDX3X/VPS4B/CD86/DDX6/ITGB1/TPCN2/CD55/IFIH1/EIF2AK4/ICAM1/FAM111A/RAB1B/CHMP1B/CHMP2B/BCL2/RAB7A/TFRC/CXCR4/KPNA6/IL32/CHMP4A/USP6NL/NFIA/PLSCR1/ITGB7/SLC7A1/CTSL/CHMP6/RAD23A/TRIM25/APOBEC3H/IFIT5/CCNK/TNFRSF4/TMEM41B/CXCL8",0.321775918075361
"GO:0019953","sexual reproduction",325,0.244310900607769,1.3065467688173,0.0112592378068233,0.156661601012229,0.113549927305633,1886,"tags=31%, list=21%, signal=26%","RPL36/PABPC1L/SFR1/PSMB4/LRRC8A/CDYL/TESK1/RPL27/RPL17/DNHD1/ZNF296/RPL32/RPL10A/AGFG1/PSMB5/RPL24/RPL11/RPL30/RPL4/RPL12/RPL34/STRBP/RPL9/YY1/SFMBT1/SUN1/MYH9/SPATC1L/DEAF1/IGF2R/CNBD2/RPL18A/TUBGCP6/VPS54/RPL21/SLC26A6/CSNK2A2/CDC27/ORC4/CCNY/PRKACA/STAG2/CUL4A/NUMA1/RPL19/CEP57/FAM50A/RPL5/TUBGCP2/RPL38/UBA52/RPL28/RPL35A/RPL18/MLH1/RPL23/TOP2B/RPL29/STAU1/RPL41/BBS2/UBAP2L/RPL14/C9orf78/RPLP1/RAB24/RPL15/MLH3/LARP7/RPLP2/MARF1/CDC16/RPA1/SIRT7/HPGD/RPL37/RPL31/CIB1/RPL7/MEI1/RPL13/RNF8/HERC4/TUT4/PTEN/XRN2/ANAPC13/ANAPC16/RPL35/ANAPC2/BAG6/NCAPH2/RPL7A/DCAF13/RAD50/RAN/BTG1/CCNI/CDK16/RPLP0/GPX4/TMEM203",0.380730400722792
"GO:0050900","leukocyte migration",172,-0.279797594373314,-1.30344239869793,0.033324118988394,0.266004879219122,0.192803051310048,1554,"tags=22%, list=18%, signal=18%","CCL4/HMGB1/BSG/NEDD9/CCR2/FUT7/ITGB1/ADGRE2/ICAM1/CX3CR1/AIMP1/ABL1/ROCK1/EPS8/WDR1/PLA2G7/CALR/PDE4B/CXCR4/ANKRD22/CD74/FFAR2/ITGB7/FADD/CCR1/AKIRIN1/SOS1/C3AR1/HMOX1/CXCL10/ICAM2/ITGA4/CXCL8/CD69/CCL3/DUSP1/PADI2",0.321775918075361
"GO:0098609","cell-cell adhesion",365,-0.256001416561189,-1.302683998442,0.0142028910137096,0.173113680589257,0.125474562493372,1668,"tags=24%, list=19%, signal=21%","GPR35/PPP1CA/PSMA1/EMILIN2/IL18/CARD11/PDLIM1/TMX1/HMGB1/BSG/CD93/IL12RB1/TNIP1/CLSTN1/METAP1/JAK2/ADGRG1/PTPRC/CCR2/FUT7/PRNP/ZBTB16/TMEM131L/SMARCA4/SLC39A8/PHF10/TIGIT/STXBP3/CD86/ITGB1/CBLB/CBLL1/KLHL22/CD55/SMARCE1/LIMS1/UBASH3B/HLA-DMB/ICAM1/CX3CR1/ABL1/ROCK1/NFKBIZ/PRKAR1A/PSMA4/CBFB/FLOT2/ACTG1/SH2B3/METTL3/HLA-E/ZBTB1/BRD2/EP300/TFRC/ANXA2/HLA-DRA/PPP3CA/SIRPB1/EMB/SOCS1/ITGB7/FADD/MAP2K5/SLC7A1/HLA-DRB1/HLA-A/PRKAA1/PLEK/ACTB/PAG1/CTNND1/IRF1/KLF4/PTPN2/PTPN23/VMP1/ICAM2/MALT1/XBP1/NEXN/ITGA4/PTPN22/IL15/IL1B/NLRP3/HLA-DPA1/CD69/HLA-DPB1",0.380730400722792
"GO:0009725","response to hormone",416,-0.25288031750674,-1.29939928028106,0.0154647876164084,0.177876007050847,0.128926345317148,1723,"tags=23%, list=20%, signal=20%","IL1RN/APPL1/CD38/UBA5/RB1/INSR/AP3S1/SP100/TOP1/MT-ND3/UBE2L3/BSG/USP8/CTSB/PPARD/PPARGC1B/STAT4/SLC27A4/IDE/SMAD3/JAK2/PTPRC/FUT7/TSPO/TRIP4/SMARCA4/KBTBD2/PXN/ARSB/PIM1/NFE2L2/EIF2B5/ANKRD13C/NCOR1/GLB1/TGFBR3/ALAD/CFLAR/CFL1/ASXL1/KLF3/CAB39/ROCK1/PARK7/STAT1/SLC25A33/OXCT1/PRKAR1A/RBBP5/CNOT9/KLF2/EIF2B2/UGCG/CALR/MDM2/PTGDS/EP300/EIF2B3/CLOCK/BTG2/SLC9A1/PPP3CA/SOCS1/CREB1/AKAP8/ZFP36L2/CTSL/PRKAA1/EGR1/SOS1/EIF2B4/TRIM25/STAT3/GCLM/KLF4/PTPN2/SNW1/JUNB/CNOT1/XBP1/PER1/UBE3A/AIFM1/ZFP36/IL1B/FOS/PNPT1/ADIPOR2/NR4A1/JUN/FOSB/NR4A2/PDK4/AREG/SYAP1/DUSP1/PADI2",0.380730400722792
"GO:0051247","positive regulation of protein metabolic process",469,-0.249968841573666,-1.2991756312174,0.0106883163577699,0.153211746100286,0.111049437256156,1892,"tags=26%, list=21%, signal=22%","VPS35/PIBF1/DHX29/BRMS1/RAP1A/RNF139/METTL14/IFNGR1/ITGB1BP1/YTHDF3/MAP2K3/UBE2S/PSMC2/SUFU/PSMC5/EIF3C/RAB1A/CSDE1/IL18/SNF8/TMX1/BCL3/NIBAN1/UBE2L3/YBX3/RIPK1/USP8/TANK/IDE/TNIP1/IL10RA/NEDD9/JAK2/TRIB1/PTPRC/BCL10/SUMO1/IFNG/DDX3X/HDAC4/CD86/NFE2L2/EIF2B5/SOAT1/TNFRSF1B/PIN1/GSAP/POLR2G/EIF2AK4/SSB/CLN6/CFL1/GRN/LRRK2/PLK3/PTTG1IP/CSNK2A1/MTPN/PRKAR1A/ASPH/UBE2V1/RAB1B/LARP4/CASP8/SUMO2/OSM/CNOT9/HERPUD1/RIPK2/STK4/KLF2/PIK3C3/EIF2B2/CSNK1A1/NSF/MDM2/METTL3/RAB7A/CACUL1/EIF2B3/DIP2B/ANXA2/BIRC3/LTBR/RCHY1/PICALM/RBM3/TLR6/FADD/ARRDC3/MAP2K5/RAD23A/EGR1/BARD1/EIF2B4/EIF4G3/BAK1/KLF4/TIPARP/PARP9/NSMCE3/METTL5/NUB1/RAB3GAP2/CCDC88A/MALT1/XBP1/EIF5A/CTSC/PPP1R15A/IL10RB/KEAP1/LCP2/JMJD4/UBE3A/PTPN22/TRIB2/IL15/IL1B/CDKN1A/SYAP1/TNFAIP3",0.380730400722792
"GO:1903706","regulation of hemopoiesis",239,-0.266336302065408,-1.29911565067095,0.0295956693300904,0.245885652740404,0.178220430620976,1534,"tags=23%, list=17%, signal=20%","HMGB1/RIPK1/PPARGC1B/MEAF6/IL12RB1/NEDD9/TRIB1/CCR2/TFE3/ZBTB16/TMEM131L/SMARCA4/IFNG/PHF10/CD86/HLA-B/SMARCE1/UBASH3B/ABL1/STAT1/NFKBIZ/MAFB/CASP8/PSMA4/CBFB/CLPTM1/METTL3/ZBTB1/BRD2/EP300/HLA-DRA/MYB/PPP3CA/CD74/SOCS1/FADD/CCR1/ZFP36L2/HLA-DRB1/STAT3/ACTB/IRF1/PAF1/PTPN2/JUNB/PRDM1/MALT1/XBP1/ZFP36/FCRL3/NLRP3/CD69/CLEC12A/GLUL/CCL3",0.352487857583619
"GO:0031401","positive regulation of protein modification process",204,-0.272218827386016,-1.29638978333756,0.0388059701492537,0.293641458136825,0.212834325769171,2229,"tags=30%, list=25%, signal=23%","RHOA/ABI1/MUL1/ARRB1/ARNT/BRAF/RASSF1/TRAF6/RBX1/PIK3R5/PIBF1/BRMS1/RAP1A/ITGB1BP1/MAP2K3/UBE2S/IL18/NIBAN1/UBE2L3/RIPK1/TANK/TNIP1/IL10RA/NEDD9/JAK2/PTPRC/BCL10/IFNG/DDX3X/HDAC4/TNFRSF1B/PIN1/LRRK2/PTTG1IP/PRKAR1A/UBE2V1/OSM/CNOT9/RIPK2/STK4/PIK3C3/CACUL1/DIP2B/BIRC3/LTBR/TLR6/ARRDC3/EGR1/PARP9/NSMCE3/RAB3GAP2/CCDC88A/MALT1/XBP1/IL10RB/LCP2/UBE3A/PTPN22/IL15/CDKN1A/SYAP1",0.282013350011725
"GO:0022407","regulation of cell-cell adhesion",268,-0.263288686823025,-1.29632690739309,0.0425148154390817,0.311676976786917,0.225906653757683,2538,"tags=35%, list=29%, signal=26%","ZC3H12A/MAP3K8/HLA-DQA1/NKAP/SMAD7/CTNNB1/PSMA6/VAV1/BCL6/NCK1/PDPK1/PSMB2/ADA/YWHAG/B2M/PLAUR/RHOA/PSMA2/PSMA5/CCL2/TRAF6/CD47/PSMB10/HAVCR2/AP3B1/RUNX1/SWAP70/RC3H1/DPP4/IL1RN/HLA-DMA/PSMA1/EMILIN2/IL18/CARD11/TMX1/HMGB1/IL12RB1/JAK2/ADGRG1/PTPRC/CCR2/FUT7/PRNP/ZBTB16/TMEM131L/SMARCA4/PHF10/TIGIT/CD86/CBLB/KLHL22/CD55/SMARCE1/HLA-DMB/ABL1/NFKBIZ/PRKAR1A/PSMA4/CBFB/FLOT2/SH2B3/METTL3/HLA-E/ZBTB1/BRD2/EP300/TFRC/HLA-DRA/PPP3CA/SIRPB1/SOCS1/FADD/MAP2K5/SLC7A1/HLA-DRB1/HLA-A/PRKAA1/ACTB/PAG1/IRF1/KLF4/PTPN2/PTPN23/MALT1/XBP1/ITGA4/PTPN22/IL15/IL1B/NLRP3/HLA-DPA1/CD69/HLA-DPB1",0.321775918075361
"GO:0032787","monocarboxylic acid metabolic process",286,-0.263534266184062,-1.29355373114309,0.023950222369429,0.227275886400806,0.164731882046324,1690,"tags=24%, list=19%, signal=20%","CD38/INSR/ACLY/PHYH/PNPLA8/ECHS1/HACD2/CRAT/ACOT9/LYPLA1/PPARD/GAPDH/SLC27A4/GSTM1/LDHA/SLC25A51/CPT1B/IFNG/HDAC4/TPK1/PDK3/PDHX/ZBTB20/PLAA/NCOR1/AOAH/SCP2/DEGS1/ALDOA/NME1/DLD/ETFA/PRKAG1/PARK7/MTHFD2/PFKFB3/OSBP/KYNU/PTGDS/FABP5/EP300/ACSL5/ABCD3/NAAA/CD74/IDH2/ECH1/PRKAA1/ACAA2/SLC38A1/NMRK1/ERLIN2/PARP9/DECR1/LPGAT1/ACADM/XBP1/ERLIN1/ACOX1/AASDHPPT/ABCD2/BPGM/CPT1A/ETFB/IL1B/CES1/ADIPOR2/ACSL1/PDK4/NAMPT",0.352487857583619
"GO:0019752","carboxylic acid metabolic process",412,-0.251042696019343,-1.29268659661353,0.0120532922903805,0.159863963333391,0.115871032199396,1701,"tags=24%, list=19%, signal=20%","NADSYN1/CD38/INSR/SERINC3/ACLY/DGLUCY/PHYH/PNPLA8/ECHS1/HACD2/CRAT/MDH1/ACOT9/LYPLA1/PPARD/GAPDH/SLC27A4/CARNMT1/GSTM1/LDHA/SLC25A51/CPT1B/SLC39A8/IFNG/HDAC4/SEPHS2/TPK1/PDK3/PDHX/ZBTB20/PLAA/NCOR1/ABCC1/AOAH/SCP2/DEGS1/ALDOA/ACO2/NME1/DLD/ETFA/MDH2/PRKAG1/PARK7/MTHFD2/PFKFB3/OSBP/ATF4/MTHFD1/IDH3B/MCCC2/KYNU/PTGDS/FABP5/EP300/CS/ACSL5/ABCD3/ODC1/NAAA/SERINC5/UROS/CD74/IDH2/ATP2B4/ECH1/PRKAA1/ACAA2/SLC38A1/NMRK1/BCKDHB/GCLM/ERLIN2/PARP9/DECR1/SLC2A3/LPGAT1/ACADM/XBP1/ERLIN1/ACOX1/MTHFD2L/AASDHPPT/ABCD2/BPGM/CPT1A/ETFB/IL1B/CES1/ADIPOR2/SLC23A2/NAIP/ACSL1/GOT2/PDK4/GLUL/NAMPT",0.380730400722792
"GO:0000122","negative regulation of transcription by RNA polymerase II",498,-0.246661624496148,-1.29135093812091,0.00743734151543492,0.133380692992668,0.0966756875675625,2142,"tags=31%, list=24%, signal=25%","NFX1/NR1D2/MORC3/IFI16/TRAF6/SLA2/LIN37/SIN3B/ZBTB17/RBBP7/ID2/RBX1/RUNX1/ZNF148/CTR9/PCGF1/MTF2/KDM2B/LRRFIP1/SMYD2/ZNF683/MAGEH1/BRMS1/MED13/EZH1/NIPBL/BACH1/MLX/XPO1/YEATS2/SUFU/RB1/SIN3A/SP100/NOC2L/USP9X/NFKB2/ZNF33B/EPC1/ETV3/HMGB1/YBX3/WDR5/MEN1/SP2/PPARD/YWHAZ/SMAD3/TRIB1/TBL1XR1/PTPRC/PRNP/SUMO1/ZBTB16/TBL1X/SMARCA4/IFNG/NIF3L1/HIF1AN/ZBTB45/ZNF217/DR1/HDAC4/SAP30/ZBTB20/EID1/NCOR1/UBE2I/HDAC8/ATF7/KLF3/NFIL3/PLK3/JARID2/ZNF140/ANXA4/PHF6/TAF3/VPS72/STAT1/PHF19/IKZF5/MBD1/DNAJB1/ATF4/ETS2/MAFB/NACC1/NFE2L3/CBFB/ZFP90/PPM1A/KLF2/HINFP/MAGED1/MCPH1/CALR/MDM2/ZNF226/ZBTB1/DPF2/EP300/ZBTB10/ATF2/ELK3/TPR/ORC2/ZHX1/ARID5B/MYB/ZNF136/PLAGL1/FNIP2/ETV7/IFI27/TFEC/BHLHE40/MAP2K5/ZBTB25/ARID4B/PARP15/GATAD2A/STAT3/MECP2/SMAD5/SNAI3/CTNND1/KLF4/PAF1/RALY/TNFRSF4/PARP9/SNW1/NSMCE3/ZEB2/HCFC1/PRDM1/CNOT1/MXD1/XBP1/PER1/MAF/FLYWCH1/KEAP1/ATXN1/ATF3/GADD45A/KLF10/ZFP36/CUL2/MEF2A/JUN/FOSB/NR4A2/NFKBIA",0.407017918923954
"GO:0044770","cell cycle phase transition",301,-0.257662492878248,-1.28702628231866,0.0230038948415935,0.221916720142482,0.160847503646515,2176,"tags=31%, list=25%, signal=24%","CDC14A/MNAT1/PSMA2/RAD17/PSMA5/RASSF1/CCL2/ERCC2/RINT1/TMSB4X/CHFR/PIM2/DTX3L/WAC/ID2/MAD2L1BP/RBX1/ANAPC15/ZNF830/MAP3K20/RRM1/BCL7B/CDK4/ACVR1B/UBE2S/APPL1/ZNF207/RB1/PSMA1/CHMP2A/PSME1/UBE2L3/PSME3/PTPRC/ATR/SMARCA4/MAD1L1/PHF10/DDX3X/VPS4B/DYNLRB1/RCC2/TAF2/CDC5L/PIM1/PSMB7/KLHL22/XPC/SMARCE1/ARPP19/BUB3/EIF2AK4/CUL5/PLK3/CCND2/EPS8/NSMCE2/RAD51B/PSMA4/NSUN2/HINFP/ATF5/TOPBP1/DPF2/CACUL1/PLCG2/CLOCK/NBN/ATF2/SLFN11/USP28/TPR/TIPRL/ATP2B4/NABP1/AKAP8/ZFP36L2/BARD1/NABP2/FEM1B/CCNH/ACTB/CDK7/KLF4/PAF1/CDC25B/PARP9/BABAM2/DBF4/MRE11/CUL2/FBXO6/CDKN1A/DUSP1",0.352487857583619
"GO:0051301","cell division",347,-0.252572371297853,-1.27431388735957,0.0309219390685401,0.25379680231457,0.18395451257371,2007,"tags=27%, list=23%, signal=22%","NEK1/RBX1/MAPRE2/PDS5B/ANAPC15/TXNIP/TXNL4A/ZNF830/CETN3/CDK4/ITGB1BP1/ARL8B/UBE2S/CALM1/ZNF207/YEATS2/ACTR8/PPP1CA/PDS5A/USP9X/CHMP2A/PPP1CC/PTTG1/MITD1/WDR5/USP8/NEDD9/CD2AP/YME1L1/SNX18/MAPRE1/MAD1L1/TENT4B/DR1/VPS4B/RCC2/SPECC1L/SPART/KLHL22/NSL1/ARPP19/PIN1/BUB3/CCNT1/CENPC/UBE2I/CFL1/PLK3/EXOC5/BECN1/MIS18A/CLTC/SENP5/CCND2/ROCK1/NSMCE2/UVRAG/SEPTIN7/EXOC8/RASA1/CHMP1B/NRDE2/OSM/BCL2L1/CHMP2B/NSUN2/PIK3C3/CSNK1A1/SMC3/MPLKIP/TTC19/ARF1/CLTA/TPR/CHMP4A/RUVBL1/USP39/ZFP36L2/WASHC5/VRK1/CHMP6/RALB/LIG4/STAG1/RHOB/CDK7/CCNK/CDC25B/ARF6/BABAM2/DCAF11/ITGB3BP/CNTRL/SEPTIN2/IL1B",0.352487857583619
"GO:1901698","response to nitrogen compound",429,-0.246800494277232,-1.27222218122354,0.0232657806102281,0.223591560433671,0.162061444983028,1542,"tags=21%, list=17%, signal=18%","UBR2/BSG/PDE12/DDI2/STAT4/SLC27A4/IDE/GSTM1/SMAD3/JAK2/STAMBPL1/FUT7/PRNP/TSPO/EIF2S1/KBTBD2/PXN/IRAK3/NFE2L2/EIF2B5/KLHL22/ABCC1/TGFBR3/IFIH1/ALAD/CFLAR/CFL1/KLF3/ICAM1/LRRK2/ABL1/ROCK1/CD40/STAT1/NFKBIZ/SLC25A33/PRKAR1A/ASPH/NEDD8/RIPK2/KYNU/KLF2/PIK3C3/EIF2B2/MDM2/CRACR2A/EP300/EIF2B3/TPR/BTG2/SLC9A1/PMAIP1/TLR6/PPP3CA/UROS/ATP2B4/SOCS1/FADD/CREB1/PRKAA1/EGR1/SOS1/EIF2B4/STAT3/GCLM/ADRB2/ACTB/KLF4/PTPN2/NSMCE3/BABAM2/XBP1/PER1/ERBIN/ITGA4/AIFM1/CPT1A/PTPN22/IL1B/FOS/PNPT1/NR4A1/FOSB/NR4A2/PDK4/AREG/SYAP1/TNFAIP3/DUSP1",0.352487857583619
"GO:0030155","regulation of cell adhesion",386,-0.249692995242874,-1.27217046228953,0.0251334984745962,0.230848963804626,0.167321685015525,1838,"tags=26%, list=21%, signal=21%","SWAP70/JUP/RC3H1/DPP4/PTPN1/ITGB1BP1/IL1RN/CYTIP/HLA-DMA/PLXNC1/PSMA1/EMILIN2/NF1/IL18/CARD11/TMX1/HMGB1/IL12RB1/NEDD9/SMAD3/JAK2/ADGRG1/PTPRC/CCR2/FUT7/PRNP/TFE3/ZBTB16/TMEM131L/SMARCA4/IFNG/PHF10/TIGIT/LPXN/CD86/RCC2/CBLB/WASHC2C/CBLL1/KLHL22/CD55/SMARCE1/CFL1/HLA-DMB/CUL5/ABL1/ROCK1/NFKBIZ/PRKAR1A/PSMA4/RASA1/PLXND1/CBFB/FLOT2/STK4/GBP1/ACTG1/SH2B3/CALR/METTL3/HLA-E/ZBTB1/BRD2/EP300/TFRC/CXCR4/STX3/HLA-DRA/SLC9A1/CRKL/PPP3CA/SIRPB1/SOCS1/FADD/SPOCK2/MAP2K5/SLC7A1/HLA-DRB1/HLA-A/PRKAA1/RIN2/ACTB/MACF1/PAG1/IRF1/KLF4/PTPN2/PTPN23/MALT1/XBP1/ITGA4/CXCL8/PTPN22/IL15/IL1B/NLRP3/HLA-DPA1/CD69/HLA-DPB1/DUSP1",0.352487857583619
"GO:0009887","animal organ morphogenesis",149,0.265503765678428,1.26699823739643,0.0425164847925118,0.311676976786917,0.225906653757683,2001,"tags=31%, list=23%, signal=24%","ROGDI/TPM1/HDAC1/LFNG/RFLNB/NPHP3/NACA/SOX4/NOG/TGFBR2/ZFPM1/VPS51/MICAL2/CDC42/PPP1R35/CRIP1/SKI/SCRIB/HIPK1/MED1/HCCS/RELT/ID3/SRSF6/BBS2/RFNG/PKD1/EVL/GATA3/STIM1/MSN/CTNNA1/SRF/LEMD2/PTEN/AHDC1/PBX4/HIPK2/CTSZ/TAF10/TTN/ILK/POR/C12orf57/ABLIM1/TLE3",0.321775918075361
"GO:0006897","endocytosis",387,-0.244773012433434,-1.25240107657077,0.0358680057388809,0.277075239777959,0.200826961627452,1870,"tags=26%, list=21%, signal=21%","AP2B1/EPS15L1/RAP1A/DPP4/PTPN1/EHBP1/BIN2/CREG1/ARL8B/LRP10/CALM1/APPL1/INSR/AP3S1/PIP5K1A/RAB1A/ANKFY1/NECAP1/NECAP2/HMGB1/LMAN2/HOOK2/CD93/IL10RA/MARCO/PTPRC/SNX18/ITCH/ITSN1/IFNG/RABEPK/LMBRD1/ITGB1/CBLB/CBLL1/TPCN2/USP46/AP3M1/SCAMP1/AP3S2/RAB5A/AP4B1/LRRK2/NME1/RAB9A/BECN1/CLTC/ABL1/ASGR2/DENND1A/ROCK1/PARK7/M6PR/C9orf72/SCYL2/MYO1E/VAMP7/SYNJ2/AP1S1/BCL2L1/RABEP2/PIK3C3/ACTG1/ATP9B/CALR/MDM2/RAB7A/PLCG2/TFRC/ANXA2/PPP3CB/ARF1/CLTA/PICALM/EPN1/TBC1D5/RAB27A/PPP3CA/SIRPB1/PLSCR1/FNBP1/CTSL/RIN2/PPP3CC/RALB/STAT3/CLINT1/AP1B1/WDR54/ADRB2/ACTB/CLEC7A/ARF6/FCN1/FCGR1A/RAB14/ITGA4/CXCL8/IL15",0.287857117255149
"GO:0060284","regulation of cell development",368,-0.245380943990422,-1.25046084408507,0.0451419757683555,0.315239275205204,0.228488644008158,1679,"tags=23%, list=19%, signal=19%","PLXNC1/BRPF1/PSMA1/NF1/IL18/PPP1CC/HMGB1/RIPK1/PPARGC1B/MEAF6/IL12RB1/NEDD9/TRIB1/CCR2/TSPO/TFE3/ZBTB16/TMEM131L/SMARCA4/IFNG/PHF10/MAP3K13/CD86/HLA-B/SMARCE1/TNFRSF1B/UBASH3B/CFL1/GRN/CX3CR1/LRRK2/ABL1/ROCK1/STAT1/NFKBIZ/MAFB/CASP8/PSMA4/PLXND1/CBFB/CLPTM1/METTL3/ZBTB1/BRD2/EP300/DIP2B/CLOCK/ANXA2/CXCR4/HLA-DRA/MYB/PPP3CA/CD74/IDH2/BHLHE40/SOCS1/FADD/CCR1/ZFP36L2/RLIM/HLA-DRB1/LIG4/STAT3/TRPV2/ACTB/MACF1/IRF1/PAF1/PTPN2/CLEC7A/SNW1/JUNB/PRDM1/MALT1/XBP1/EGR2/ZFP36/FCRL3/IL1B/NLRP3/CD69/CLEC12A/GLUL/CCL3",0.321775918075361
"GO:0043065","positive regulation of apoptotic process",279,-0.252147513188644,-1.24618937939144,0.0433482810164425,0.312488394835487,0.226494777840639,2128,"tags=29%, list=24%, signal=23%","CCL2/PRR7/ADAMTSL4/CTSH/TFPT/CLU/F2R/TXNIP/RBM5/BCLAF1/MAP3K20/ZBP1/BRMS1/GADD45B/CASP4/PTPN1/CCAR1/BCL2A1/EEF1E1/EMILIN2/NF1/HMGB1/RIPK1/CAMK2D/SLC27A4/JAK2/PRNP/TSPO/BCL10/EIF2S1/IFNG/DDX3X/ITGB1/EIF2B5/TNFRSF1B/TCTN3/CFLAR/ARL6IP5/GRN/BECN1/ABL1/CD40/TRIM35/CYLD/ATF4/CASP8/G0S2/BCL2L1/RIPK2/STK4/BCL2/LTBR/STK17B/HTT/SLC9A1/CTNNBL1/MCL1/MTCH2/MYB/TRADD/PMAIP1/TLR6/FADD/CREB1/BARD1/TP53BP2/ADRB2/BAK1/RHOB/PTPN2/FAS/TAF6/XBP1/EIF5A/ITGA4/ATF3/GADD45A/SOD2/AIFM1/CCL3/DUSP1",0.266350657088526
"GO:0051129","negative regulation of cellular component organization",404,0.227638710528658,1.24356005230749,0.0131958231259551,0.166889595955251,0.120963282427491,1764,"tags=26%, list=20%, signal=22%","DYSF/RPL36/CLSTN3/PRAG1/SAMD1/SVIL/DUSP22/TESK1/RPL27/RPL17/F11R/ZNF296/AKT1/RPL32/RPL10A/PINK1/RPL24/RPL11/RPL30/RPL4/RPL12/RPL34/RPL9/ABCA7/TCHP/CDC42/KMT2A/ULK1/DYRK1A/STMN3/CTC1/GSN/L3MBTL3/DYNC1I2/RPL36A/RPL18A/THRA/RPL21/HIP1R/SPTBN1/RECK/DENND5A/RDX/RPL19/RPL5/RPL10/RPL38/DYNC1LI1/STYXL1/UBA52/RPL28/RPL35A/GMFG/RPL18/ERI3/RPL23/CDK5RAP2/SPTAN1/OGT/RTEL1/HSPA8/CARD8/PHF2/RPL29/RPL39/RPL41/RPL14/FKBP4/EVL/RPLP1/ATXN7/HSF1/RPL15/MAD2L2/PIK3CA/RPLP2/TRIAP1/KDM1A/RPS6/RPL37/UNC119/ANKRD13D/PGRMC1/RPL31/ARHGEF2/CIB1/RPL7/TRIOBP/GDI2/PHF8/RPL13/CSK/ARHGEF7/PARL/KATNB1/CORO1B/PTEN/RPL35/SORL1/GSK3B/PSMD10/TWF2/RPL7A/RAD50/ERI1/VILL",0.380730400722792
"GO:0010564","regulation of cell cycle process",395,-0.237693285135311,-1.22462391550985,0.0448179271708683,0.31457548536656,0.228007522358455,2176,"tags=29%, list=25%, signal=23%","CDC14A/TNKS/MNAT1/PSMA2/RAD17/PSMA5/RASSF1/CCL2/ERCC2/RINT1/TMSB4X/CHFR/NAA10/RRP8/DTX3L/WAC/ID2/MAD2L1BP/RBX1/ANAPC15/FBXW2/SENP6/ZNF830/MAP3K20/SMC6/RRM1/BCL7B/CDK4/CALM1/APPL1/ZNF207/RB1/INSR/PSMA1/BAZ1B/CHMP2A/PSME1/PSME3/NSFL1C/ATR/SMARCA4/MAD1L1/PHF10/DDX3X/VPS4B/DYNLRB1/RCC2/CDC5L/PIM1/PSMB7/KLHL22/XPC/SMARCE1/PIN1/BUB3/EIF2AK4/PLK3/BECN1/CLTC/CSNK2A1/CCND2/NSMCE2/UVRAG/RAD51B/POC1B/PSMA4/RNF4/CHMP1B/BCL2L1/CHMP2B/NSUN2/HINFP/PIK3C3/ATF5/TOPBP1/PUM1/DPF2/PLCG2/CLOCK/NBN/ATF2/SLFN11/USP28/TPR/CHMP4A/TIPRL/PLSCR1/ATP2B4/NABP1/ZFP36L2/CHMP6/BARD1/NABP2/FEM1B/CCNH/ACTB/CDK7/KLF4/PAF1/CDC25B/CCNL1/PARP9/ARF6/SLF1/BABAM2/DBF4/MRE11/DCAF11/PUM2/SMARCA5/IL1B/FBXO6/CDKN1A/DUSP1",0.252961123069611
"GO:1903047","mitotic cell cycle process",435,-0.235686785091414,-1.21764611053135,0.0397805212620027,0.299346584210006,0.216969459373663,2187,"tags=29%, list=25%, signal=23%","EXOC2/CDC14A/TNKS/MCM3/MNAT1/PSMA2/RAD17/PSMA5/CCL2/ERCC2/RINT1/REEP4/CHFR/PIM2/WAC/ID2/MAD2L1BP/RBX1/ANAPC15/CENPK/ZNF830/MAP3K20/PIBF1/RRM1/BCL7B/CDK4/NIPBL/ACVR1B/MCM6/UBE2S/APPL1/ZNF207/RB1/INSR/PSMA1/BAZ1B/CHMP2A/PSME1/PPP1CC/MITD1/KIF3B/USP8/PSME3/NSFL1C/SNX18/ATR/SMARCA4/MAPRE1/MAD1L1/PHF10/DDX3X/VPS4B/ITGB1/DYNLRB1/RCC2/TAF2/PIM1/SPART/PSMB7/KLHL22/NSL1/XPC/CEP192/SMARCE1/ARPP19/PIN1/BUB3/KPNB1/CENPC/UBE2I/CFL1/CUL5/PLK3/EXOC5/BECN1/CLTC/CCND2/ROCK1/EPS8/NSMCE2/RAD51B/EXOC8/PSMA4/RASA1/CHMP1B/CHMP2B/HINFP/NAA50/SMC3/TTC19/TOPBP1/BCCIP/DPF2/CACUL1/NBN/ATF2/SLFN11/ARF1/TPR/HTT/CHMP4A/NABP1/AKAP8/ZFP36L2/VRK1/CHMP6/BARD1/NABP2/STAG1/CCNH/ACTB/RHOB/CDK7/KLF4/CDC25B/ARF6/BABAM2/DBF4/MRE11/DCAF11/SMARCA5/IL1B/CUL2/CDKN1A/DUSP1",0.266350657088526
