"ID","Description","setSize","enrichmentScore","NES","pvalue","p.adjust","qvalue","rank","leading_edge","core_enrichment","log2err"
"GO:1990868","response to chemokine",31,-0.676981747112224,-2.2382223265854,2.53082057996427e-06,0.000720115794252912,0.000507009045396024,511,"tags=39%, list=7%, signal=36%","JAK2/CCL3/HIF1A/CCL3L1/DOCK8/GPR35/CCR1/WBP1L/RIPOR2/OXSR1/CXCR4/DUSP1",0.627256739718528
"GO:1990869","cellular response to chemokine",31,-0.676981747112224,-2.2382223265854,2.53082057996427e-06,0.000720115794252912,0.000507009045396024,511,"tags=39%, list=7%, signal=36%","JAK2/CCL3/HIF1A/CCL3L1/DOCK8/GPR35/CCR1/WBP1L/RIPOR2/OXSR1/CXCR4/DUSP1",0.627256739718528
"GO:2000630","positive regulation of miRNA metabolic process",28,-0.668645514334804,-2.17442477574753,5.14747823788095e-06,0.0011900326251201,0.000837861507923493,580,"tags=39%, list=8%, signal=36%","PNPT1/HIF1A/FOXO3/NR3C1/SMAD3/NEAT1/KLF4/EGR1/JUN/FOS/STAT3",0.610526878385931
"GO:0002526","acute inflammatory response",32,-0.640516195221756,-2.12953783576242,1.0245025847824e-05,0.00179228986293187,0.00126189035114943,521,"tags=41%, list=8%, signal=38%","FCGR2B/FCGR1A/OSM/CD163/FUT7/FCGR2A/IL1B/CEBPB/PLSCR1/IL1RN/HLA-E/PTGS2/STAT3",0.593325476396405
"GO:1902895","positive regulation of miRNA transcription",23,-0.67911334554431,-2.11727057101644,5.38886514986342e-05,0.00538740869982291,0.00379309128317235,372,"tags=39%, list=5%, signal=37%","HIF1A/FOXO3/NR3C1/SMAD3/KLF4/EGR1/JUN/FOS/STAT3",0.557332238758646
"GO:0034242","negative regulation of syncytium formation by plasma membrane fusion",45,0.534018874704159,2.1024956966755,4.70791054134055e-05,0.00483737808122741,0.00340583342672996,1925,"tags=53%, list=28%, signal=39%","RPL27/RPL23A/RPL36/RPLP2/RPL12/RPLP0/UBA52/RPL21/RPL31/RPL24/RPL5/RPL9/RPL23/RPLP1/RPL36A/RPL41/RPL7/RPL32/RPL17/RPL14/RPL34/RPL10A/RPL30/RPL18A",0.557332238758646
"GO:1901740","negative regulation of myoblast fusion",45,0.534018874704159,2.1024956966755,4.70791054134055e-05,0.00483737808122741,0.00340583342672996,1925,"tags=53%, list=28%, signal=39%","RPL27/RPL23A/RPL36/RPLP2/RPL12/RPLP0/UBA52/RPL21/RPL31/RPL24/RPL5/RPL9/RPL23/RPLP1/RPL36A/RPL41/RPL7/RPL32/RPL17/RPL14/RPL34/RPL10A/RPL30/RPL18A",0.557332238758646
"GO:0000027","ribosomal large subunit assembly",22,0.622812048202507,2.07470011724402,0.000305684601210263,0.0190713210097365,0.0134274686609521,1193,"tags=59%, list=17%, signal=49%","TUFM/MRM2/MRTO4/GTPBP10/EIF6/GTPBP6/MTG1/DHX30/BOP1/NDUFAB1/RPL5/NOP2/RRS1",0.49849310876659
"GO:2000628","regulation of miRNA metabolic process",40,-0.592979491847358,-2.06888270076511,2.39752074296517e-05,0.00316729615293863,0.00222998552705528,580,"tags=30%, list=8%, signal=28%","PNPT1/RC3H1/HIF1A/FOXO3/NR3C1/SMAD3/NEAT1/KLF4/EGR1/JUN/FOS/STAT3",0.575610261071129
"GO:0042130","negative regulation of T cell proliferation",23,-0.656228400460825,-2.04592221501299,0.000197623578740134,0.0142639373548085,0.0100427532899108,856,"tags=43%, list=13%, signal=38%","TNFRSF14/PRKAR1A/RC3H1/HAVCR2/VSIR/PRNP/CEBPB/LAPTM5/RIPOR2/HLA-E",0.518848077743792
"GO:0032945","negative regulation of mononuclear cell proliferation",30,-0.621894900608129,-2.0170313537794,0.000149887041101059,0.0120528731528873,0.00848601816582091,962,"tags=43%, list=14%, signal=37%","MNDA/CD300A/TNFRSF14/PRKAR1A/RC3H1/HAVCR2/FCGR2B/VSIR/PRNP/CEBPB/LAPTM5/RIPOR2/HLA-E",0.518848077743792
"GO:0050672","negative regulation of lymphocyte proliferation",30,-0.621894900608129,-2.0170313537794,0.000149887041101059,0.0120528731528873,0.00848601816582091,962,"tags=43%, list=14%, signal=37%","MNDA/CD300A/TNFRSF14/PRKAR1A/RC3H1/HAVCR2/FCGR2B/VSIR/PRNP/CEBPB/LAPTM5/RIPOR2/HLA-E",0.518848077743792
"GO:0045912","negative regulation of carbohydrate metabolic process",22,0.603118595194919,2.00909764635139,0.000645748688324543,0.0294891901001541,0.020762336059706,1439,"tags=45%, list=21%, signal=36%","USP7/GIT1/PGP/KAT2A/CLTC/PRKACA/GSK3B/INPP5K/AP2A1/TIGAR",0.477270815362862
"GO:0048525","negative regulation of viral process",48,-0.545814814213206,-2.00812230226748,4.23807107986638e-05,0.00475049240134113,0.00334466017380412,1072,"tags=40%, list=16%, signal=34%","ISG20/SP100/ZC3HAV1/IFITM3/HEXIM1/OASL/OAS1/FAM111A/IFI16/IFIT5/OAS2/OAS3/IFITM1/PLSCR1/TRIM14/ZNFX1/EIF2AK2/RSAD2/ZFP36",0.557332238758646
"GO:0070098","chemokine-mediated signaling pathway",26,-0.630471145166289,-2.00130710457857,0.000210758405850653,0.0144458792600755,0.0101708523990307,1594,"tags=54%, list=23%, signal=41%","CCR5/STAT5A/CCL5/CCR7/MAPK1/JAK2/CCL3/HIF1A/CCL3L1/GPR35/CCR1/WBP1L/OXSR1/CXCR4",0.518848077743792
"GO:0070664","negative regulation of leukocyte proliferation",33,-0.592675970010433,-1.99153190071833,9.99523574120878e-05,0.00859822721086774,0.00605371942272539,962,"tags=42%, list=14%, signal=37%","MNDA/CD300A/TNFRSF14/PRKAR1A/RC3H1/HAVCR2/FCGR2B/VSIR/PRNP/CEBPB/LAPTM5/RIPOR2/TNFAIP3/HLA-E",0.538434096309916
"GO:0050729","positive regulation of inflammatory response",81,-0.493564098479696,-1.9865185438068,1.06597396551774e-05,0.00179228986293187,0.00126189035114943,1201,"tags=37%, list=18%, signal=31%","CCR7/MAPK1/VAMP8/IL18/CASP4/NLRC4/CD47/NINJ1/IL15/LDLR/CASP1/OSM/CCL3/PTGER4/MAP3K8/GBP1/IL1B/GRN/CEBPB/TNFRSF1A/NEAT1/CCR1/NFKBIA/ZBP1/HLA-E/PTGS2/NAIP/GBP5/STAT3/NFKBIZ",0.593325476396405
"GO:1902893","regulation of miRNA transcription",31,-0.59589130643566,-1.97012287550102,0.000200520341294957,0.0142639373548085,0.0100427532899108,372,"tags=29%, list=5%, signal=28%","HIF1A/FOXO3/NR3C1/SMAD3/KLF4/EGR1/JUN/FOS/STAT3",0.518848077743792
"GO:0006007","glucose catabolic process",14,0.668231946869635,1.95332830029851,0.00159523271611257,0.0487666596438049,0.0343349468939361,1508,"tags=79%, list=22%, signal=61%","PKM/ENO1/HK2/GAPDH/PGK1/TPI1/HK1/FOXK1/PFKL/FOXK2/PFKP",0.45505986738723
"GO:0061621","canonical glycolysis",14,0.668231946869635,1.95332830029851,0.00159523271611257,0.0487666596438049,0.0343349468939361,1508,"tags=79%, list=22%, signal=61%","PKM/ENO1/HK2/GAPDH/PGK1/TPI1/HK1/FOXK1/PFKL/FOXK2/PFKP",0.45505986738723
"GO:0061718","glucose catabolic process to pyruvate",14,0.668231946869635,1.95332830029851,0.00159523271611257,0.0487666596438049,0.0343349468939361,1508,"tags=79%, list=22%, signal=61%","PKM/ENO1/HK2/GAPDH/PGK1/TPI1/HK1/FOXK1/PFKL/FOXK2/PFKP",0.45505986738723
"GO:0071260","cellular response to mechanical stimulus",39,-0.555751450241651,-1.9431334052712,0.00024491932084622,0.0158939748738626,0.0111904072826311,662,"tags=31%, list=10%, signal=28%","TMEM87A/CASP1/BAK1/PTGER4/MAP3K1/TLR8/IL1B/TNFRSF1A/BCL10/LTBR/IRF1/TLR5",0.49849310876659
"GO:0032620","interleukin-17 production",19,-0.653124000050849,-1.93913547815514,0.000692901963520756,0.0298028414309683,0.020983167296977,1167,"tags=42%, list=17%, signal=35%","NOD2/IL27RA/IL18/IL15/OSM/VSIR/PRNP/DDIT3",0.477270815362862
"GO:0032660","regulation of interleukin-17 production",19,-0.653124000050849,-1.93913547815514,0.000692901963520756,0.0298028414309683,0.020983167296977,1167,"tags=42%, list=17%, signal=35%","NOD2/IL27RA/IL18/IL15/OSM/VSIR/PRNP/DDIT3",0.477270815362862
"GO:0045069","regulation of viral genome replication",53,-0.519938823274753,-1.93742210565063,9.69836217331945e-05,0.00854148611407349,0.0060137699457802,1072,"tags=40%, list=16%, signal=34%","ISG20/ZC3HAV1/ADAR/DDX5/IFITM3/OASL/TOP2B/BCL2/OAS1/FAM111A/CXCL8/IFI16/IFIT5/DDX3X/OAS2/OAS3/IFITM1/PLSCR1/ZNFX1/EIF2AK2/RSAD2",0.538434096309916
"GO:0019221","cytokine-mediated signaling pathway",233,-0.419260789924825,-1.93705643689298,1.74576305377088e-08,1.61439438397462e-05,1.13664019320788e-05,1702,"tags=40%, list=25%, signal=31%","ISG15/YTHDF3/YTHDF2/IL6R/IRF3/AXL/PTPN1/CCR5/RBM47/SOCS3/IRAK4/STAT5A/ANXA4/SMIM30/MX1/CD4/JAK1/NR1H2/CCL5/HIPK1/CD40/AZI2/GPS2/IRAK3/OTUD4/CCR7/MAPK1/TTLL12/DICER1/IFNGR1/IL27RA/RRAGA/IL18/CASP4/SP100/RELA/IL10RA/CTR9/CPNE1/CSF3R/CSF2RA/SORL1/TNFRSF14/SPPL2A/IFITM3/ADIPOR2/OASL/IL15/OAS1/CASP1/CD300LF/JAK2/OSM/CCL3/HIF1A/NLRC5/PTPN2/PTPRC/CCL3L1/LILRA4/FOXO3/OAS2/ADAM10/OAS3/UGCG/JAK3/CARD16/IL1B/CIITA/IL4R/LAPTM5/TNFRSF1A/IFI27/IFITM1/GPR35/CCR1/NFKBIA/ZBP1/VRK2/IRF1/TNFSF13B/IL1RN/WBP1L/PARP9/OXSR1/TNFAIP3/TOLLIP/EGR1/CXCR4/NAIP/STAT3/NFKBIZ/EREG",0.73376198835648
"GO:0010586","miRNA metabolic process",51,-0.528683446008168,-1.93626374479575,0.000173511566716965,0.0133712351101261,0.00941423199304234,1278,"tags=37%, list=19%, signal=31%","GNL3/DICER1/MRTFA/RELA/DDX5/PNPT1/RC3H1/KHSRP/HIF1A/TENT4B/FOXO3/NR3C1/SMAD3/NEAT1/KLF4/EGR1/JUN/FOS/STAT3",0.518848077743792
"GO:2000316","regulation of T-helper 17 type immune response",21,-0.638425592928416,-1.93614628524802,0.000530869654334452,0.026397807892497,0.0185857989603016,692,"tags=38%, list=10%, signal=34%","BRD2/RC3H1/MALT1/JAK3/CLEC7A/JUNB/CD69/NFKBIZ",0.477270815362862
"GO:0050869","negative regulation of B cell activation",13,-0.727288827834904,-1.93610050964721,0.000618709964131429,0.0293411302220789,0.020658092133877,962,"tags=54%, list=14%, signal=46%","MNDA/CD300A/SAMSN1/RC3H1/FCGR2B/LAPTM5/TNFAIP3",0.477270815362862
"GO:0034097","response to cytokine",412,-0.389020208939519,-1.93289903866726,1e-10,3.699e-07,2.60434012680636e-07,1465,"tags=34%, list=21%, signal=28%","STAT5A/ANXA4/KLF2/SMIM30/MX1/CD4/BCL2L1/NUB1/JAK1/NR1H2/CCL5/HIPK1/HLA-DPA1/SETD2/CD40/AZI2/GPS2/IRAK3/OTUD4/CCR7/XAF1/PSMB3/MAPK1/TTLL12/DICER1/IFNGR1/MAP2K5/IL27RA/RRAGA/IL18/TRAF3IP3/CASP4/SP100/ADAR/RELA/MNDA/IL10RA/CD47/CTR9/CPNE1/CSF3R/CSF2RA/SORL1/TNFRSF14/ETV3/SPPL2A/IFITM3/ZFAND6/ZFP36L1/ADIPOR2/NFKB2/GCH1/CREB1/PSMD13/KYNU/OASL/IL15/IFIT2/BCL2/MTHFR/RELB/OAS1/CASP1/PIM1/PNPT1/RC3H1/CD300LF/JAK2/OSM/KHSRP/NFE2L2/ZFP36L2/CCL3/CXCL8/PSMD1/MX2/GBP4/PSMA4/ST3GAL6/GBP1/SKIL/HIF1A/NLRC5/PTPN2/PML/IFI16/TUBA1A/IFIT5/PSMD2/PTPRC/CCL3L1/LILRA4/FOXO3/OAS2/DOCK8/ADAM10/OAS3/UGCG/JAK3/CARD16/IL1B/RO60/CIITA/CEBPB/IL4R/YTHDC2/LAPTM5/TNFRSF1A/IFI27/IFITM1/PLSCR1/GPR35/CCR1/MCL1/NFKBIA/ZBP1/VRK2/IRF1/TNFSF13B/IL1RN/WBP1L/PARP9/RIPOR2/MEFV/KLF4/OXSR1/IFIT3/TNFAIP3/TOLLIP/EGR1/CXCR4/NAIP/GBP5/EIF2AK2/FOS/ZFP36/STAT3/NFKBIZ/EREG/DUSP1",NA
"GO:0043616","keratinocyte proliferation",11,-0.755099172374,-1.93218207831139,0.000662074694681771,0.0295814061270439,0.0208272622287148,333,"tags=45%, list=5%, signal=43%","KLF9/ZFP36/AREG/NFKBIZ/EREG",0.477270815362862
"GO:0070498","interleukin-1-mediated signaling pathway",21,-0.633434611600745,-1.92101019098058,0.000669354261062542,0.0295814061270439,0.0208272622287148,258,"tags=33%, list=4%, signal=32%","IL1B/NFKBIA/ZBP1/VRK2/IL1RN/TOLLIP/EGR1",0.477270815362862
"GO:0006953","acute-phase response",12,-0.738466966815244,-1.91785843210331,0.000375097006365216,0.0218446503852631,0.0153800755756682,342,"tags=58%, list=5%, signal=56%","CD163/IL1B/CEBPB/PLSCR1/IL1RN/PTGS2/STAT3",0.49849310876659
"GO:0061615","glycolytic process through fructose-6-phosphate",17,0.617469878202676,1.91556416110362,0.00323280204887184,0.0703061281881822,0.0495001543122127,1508,"tags=71%, list=22%, signal=55%","PKM/ENO1/HK2/GAPDH/PRKACA/PGK1/TPI1/HK1/FOXK1/PFKL/FOXK2/PFKP",0.431707695803346
"GO:0010575","positive regulation of vascular endothelial growth factor production",12,-0.737571758782261,-1.91553350444683,0.000399937515857895,0.0220801324053486,0.0155458704591638,1067,"tags=58%, list=16%, signal=49%","ATF4/RELA/C3AR1/HIF1A/IL1B/PTGS2/STAT3",0.49849310876659
"GO:0061614","miRNA transcription",32,-0.574917949551966,-1.91144195129366,0.00053523535872865,0.026397807892497,0.0185857989603016,372,"tags=28%, list=5%, signal=27%","HIF1A/FOXO3/NR3C1/SMAD3/KLF4/EGR1/JUN/FOS/STAT3",0.477270815362862
"GO:0034138","toll-like receptor 3 signaling pathway",15,-0.683268627312639,-1.91078274350873,0.000872465812312164,0.0336171983306531,0.0236687262944925,613,"tags=33%, list=9%, signal=30%","OAS1/HAVCR2/WDFY1/IRF1/TNFAIP3",0.477270815362862
"GO:2000319","regulation of T-helper 17 cell differentiation",17,-0.670094042637113,-1.91060427623378,0.000976669664581365,0.0358283726147339,0.0252255389236879,692,"tags=41%, list=10%, signal=37%","BRD2/RC3H1/MALT1/JAK3/JUNB/CD69/NFKBIZ",0.45505986738723
"GO:0051591","response to cAMP",29,-0.579847696562277,-1.9067071178961,0.000965760932622675,0.0358283726147339,0.0252255389236879,790,"tags=31%, list=12%, signal=28%","ZFP36L1/SRD5A1/PNPT1/PER1/GUCD1/FOS/FOSB/AREG/DUSP1",0.477270815362862
"GO:0051607","defense response to virus",174,-0.420052133893826,-1.90206874362549,3.2758188556096e-06,0.000807816929793328,0.000568756432920866,1283,"tags=33%, list=19%, signal=27%","MORC3/SETD2/AZI2/TRIM22/OTUD4/ABCF3/VAMP8/ISG20/AIMP1/TRAF3IP3/ZC3HAV1/ADAR/RELA/IFITM3/TRIM5/OASL/IFIT2/ILRUN/MLKL/BCL2/OAS1/CASP1/BNIP3L/MX2/GBP1/NLRC5/PML/IFI16/IFIT5/PTPRC/TLR8/OAS2/RNASE2/OAS3/RNF135/IL1B/IFI44L/DHX58/IFI27/IFITM1/PLSCR1/PMAIP1/DDX60L/ZBP1/IRF1/PARP9/ZNFX1/DTX3L/DDX60/IFIT3/TNFAIP3/GBP5/UBE2W/EIF2AK2/RSAD2/HERC5/NFKBIZ",0.627256739718528
"GO:0045071","negative regulation of viral genome replication",34,-0.557398929382115,-1.90018274002554,0.000847577722579012,0.0333530850619124,0.0234827731223369,1072,"tags=44%, list=16%, signal=37%","ISG20/ZC3HAV1/IFITM3/OASL/OAS1/FAM111A/IFI16/IFIT5/OAS2/OAS3/IFITM1/PLSCR1/ZNFX1/EIF2AK2/RSAD2",0.477270815362862
"GO:0002822","regulation of adaptive immune response based on somatic recombination of immune receptors built from immunoglobulin superfamily domains",89,-0.465677544386246,-1.89054478483387,6.44487744815807e-05,0.00611271837967608,0.0043037571668173,1228,"tags=36%, list=18%, signal=30%","CD1E/SLC15A4/IL27RA/HLA-A/IL18/ZBTB1/MEF2C/HLA-B/TNFRSF14/BCL6/BRD2/RC3H1/HAVCR2/FCGR2B/MLH1/HLA-C/WAS/PTPRC/MALT1/FUT7/TNFSF13/JAK3/IL1B/CLEC7A/CD1D/TNFAIP3/JUNB/HLA-E/RSAD2/CD69/CD55/NFKBIZ",0.538434096309916
"GO:0061620","glycolytic process through glucose-6-phosphate",15,0.639537633290844,1.88779898886704,0.00270964900843286,0.0639583468273508,0.0450308972929625,1508,"tags=73%, list=22%, signal=57%","PKM/ENO1/HK2/GAPDH/PGK1/TPI1/HK1/FOXK1/PFKL/FOXK2/PFKP",0.431707695803346
"GO:0000768","syncytium formation by plasma membrane fusion",59,0.45059891359054,1.88648569028313,0.000389766673540785,0.0218446503852631,0.0153800755756682,1270,"tags=39%, list=19%, signal=32%","CAPN2/CD81/CD9/RPL27/RPL23A/RPL36/RPLP2/RPL12/RPLP0/UBA52/RPL21/RPL31/RPL24/RPL5/RPL9/RPL23/RPLP1/RPL36A/CAMK1/PLEKHO1/RPL41/RPL7/RPL32",0.49849310876659
"GO:0006949","syncytium formation",59,0.45059891359054,1.88648569028313,0.000389766673540785,0.0218446503852631,0.0153800755756682,1270,"tags=39%, list=19%, signal=32%","CAPN2/CD81/CD9/RPL27/RPL23A/RPL36/RPLP2/RPL12/RPLP0/UBA52/RPL21/RPL31/RPL24/RPL5/RPL9/RPL23/RPLP1/RPL36A/CAMK1/PLEKHO1/RPL41/RPL7/RPL32",0.49849310876659
"GO:0140253","cell-cell fusion",59,0.45059891359054,1.88648569028313,0.000389766673540785,0.0218446503852631,0.0153800755756682,1270,"tags=39%, list=19%, signal=32%","CAPN2/CD81/CD9/RPL27/RPL23A/RPL36/RPLP2/RPL12/RPLP0/UBA52/RPL21/RPL31/RPL24/RPL5/RPL9/RPL23/RPLP1/RPL36A/CAMK1/PLEKHO1/RPL41/RPL7/RPL32",0.49849310876659
"GO:1901652","response to peptide",417,-0.383150401175531,-1.88580092150296,4.19108299213957e-10,7.75140799396214e-07,5.45750280560239e-07,1465,"tags=34%, list=21%, signal=28%","STAT5A/ANXA4/KLF2/SMIM30/MX1/CD4/BCL2L1/NUB1/JAK1/NR1H2/CCL5/HIPK1/HLA-DPA1/SETD2/CD40/AZI2/GPS2/IRAK3/OTUD4/CCR7/XAF1/PSMB3/MAPK1/TTLL12/DICER1/IFNGR1/MAP2K5/IL27RA/RRAGA/IL18/TRAF3IP3/CASP4/SP100/ADAR/RELA/MNDA/IL10RA/CD47/CTR9/CPNE1/CSF3R/CSF2RA/SORL1/TNFRSF14/ETV3/SPPL2A/IFITM3/ZFAND6/ZFP36L1/ADIPOR2/NFKB2/GCH1/CREB1/PSMD13/KYNU/OASL/IL15/IFIT2/BCL2/MTHFR/RELB/OAS1/CASP1/PIM1/PNPT1/RC3H1/CD300LF/JAK2/OSM/KHSRP/NFE2L2/ZFP36L2/CCL3/CXCL8/PSMD1/MX2/GBP4/PSMA4/ST3GAL6/GBP1/SKIL/HIF1A/NLRC5/PTPN2/PML/IFI16/TUBA1A/IFIT5/PSMD2/PTPRC/CCL3L1/LILRA4/FOXO3/OAS2/DOCK8/ADAM10/OAS3/UGCG/JAK3/CARD16/IL1B/RO60/CIITA/CEBPB/IL4R/YTHDC2/LAPTM5/TNFRSF1A/IFI27/IFITM1/PLSCR1/GPR35/CCR1/MCL1/NFKBIA/ZBP1/VRK2/IRF1/TNFSF13B/IL1RN/WBP1L/PARP9/RIPOR2/MEFV/KLF4/OXSR1/IFIT3/TNFAIP3/TOLLIP/EGR1/CXCR4/NAIP/GBP5/EIF2AK2/FOS/ZFP36/STAT3/NFKBIZ/EREG/DUSP1",0.814035837847908
"GO:0032731","positive regulation of interleukin-1 beta production",37,-0.549878431986355,-1.88517294909597,0.000601210368271821,0.0288815214576294,0.0203344972304199,609,"tags=38%, list=9%, signal=35%","CASP1/JAK2/CCL3/RIPK2/IFI16/MALT1/TLR8/SMAD3/CLEC7A/MEFV/EGR1/NAIP/GBP5/STAT3",0.477270815362862
"GO:0032611","interleukin-1 beta production",54,-0.506806171069503,-1.88057891867037,0.000200397573234423,0.0142639373548085,0.0100427532899108,609,"tags=33%, list=9%, signal=31%","CASP1/JAK2/CCL3/RIPK2/PML/IFI16/MALT1/TLR8/CARD16/IL1B/SMAD3/CLEC7A/MEFV/TNFAIP3/EGR1/NAIP/GBP5/STAT3",0.518848077743792
"GO:0032651","regulation of interleukin-1 beta production",54,-0.506806171069503,-1.88057891867037,0.000200397573234423,0.0142639373548085,0.0100427532899108,609,"tags=33%, list=9%, signal=31%","CASP1/JAK2/CCL3/RIPK2/PML/IFI16/MALT1/TLR8/CARD16/IL1B/SMAD3/CLEC7A/MEFV/TNFAIP3/EGR1/NAIP/GBP5/STAT3",0.518848077743792
"GO:0002695","negative regulation of leukocyte activation",84,-0.462159822680141,-1.88003239277683,9.15790625803162e-05,0.0083127331567764,0.00585271276659273,962,"tags=31%, list=14%, signal=27%","MNDA/CD300A/TNFRSF14/SAMSN1/PRKAR1A/MILR1/LDLR/RC3H1/HAVCR2/FCGR2B/CD300LF/PSMA4/VSIR/PTPN2/PTPRC/JAK3/GRN/PRNP/CEBPB/LAPTM5/IRF1/RIPOR2/TNFAIP3/HLA-E/CD69/CLEC12A",0.538434096309916
"GO:0032732","positive regulation of interleukin-1 production",41,-0.535160478064169,-1.87924096026259,0.000447842742045457,0.0236652900403735,0.0166619260515425,609,"tags=37%, list=9%, signal=34%","CASP1/HAVCR2/JAK2/CCL3/RIPK2/IFI16/MALT1/TLR8/SMAD3/CLEC7A/MEFV/EGR1/NAIP/GBP5/STAT3",0.49849310876659
"GO:0031349","positive regulation of defense response",282,-0.393185738140757,-1.87774194446957,7.22266683978642e-08,4.54290924627966e-05,3.19850793255631e-05,1237,"tags=32%, list=18%, signal=27%","GPS2/IRAK3/SLC15A3/HMGB2/SLC15A4/BRCC3/OTUD4/CCR7/PAK1/MAPK1/NOD2/VAMP8/NPLOC4/EMILIN2/CSNK1A1/IL18/TRAF3IP3/CASP4/NLRC4/ZC3HAV1/RELA/MNDA/LYPLAL1/MEF2C/CD47/PDPK1/CD300A/TRIM5/NINJ1/HEXIM1/OASL/IL15/USP15/LDLR/OAS1/PUM2/CASP1/PJA2/HAVCR2/CD300LF/NAGK/OSM/RNF125/CCL3/HLA-C/SLC46A2/PTGER4/MAP3K8/GBP1/RIPK2/NLRC5/IFI16/DDX3X/LILRA4/TLR8/OAS3/CTSS/RNF135/IL1B/GRN/CEBPB/PSPC1/CLEC7A/DHX58/TNFRSF1A/CD1D/PLSCR1/NEAT1/WDFY1/CCR1/BCL10/NFKBIA/ZBP1/IRF1/TLR5/PARP9/ZNFX1/MEFV/DDX60/TNFAIP3/HLA-E/PTGS2/NAIP/GBP5/EIF2AK2/RSAD2/STAT3/NFKBIZ/EREG",0.704975715167238
"GO:0007520","myoblast fusion",56,0.450277587132705,1.87188599931166,0.000927131333638231,0.0353552453930703,0.0248924261341603,1270,"tags=39%, list=19%, signal=32%","CAPN2/CD81/CD9/RPL27/RPL23A/RPL36/RPLP2/RPL12/RPLP0/UBA52/RPL21/RPL31/RPL24/RPL5/RPL9/RPL23/RPLP1/RPL36A/PLEKHO1/RPL41/RPL7/RPL32",0.477270815362862
"GO:1901739","regulation of myoblast fusion",51,0.452165800275952,1.87143213980865,0.000868923124620208,0.0336171983306531,0.0236687262944925,1391,"tags=41%, list=20%, signal=33%","CAPN2/RPL27/RPL23A/RPL36/RPLP2/RPL12/RPLP0/UBA52/RPL21/RPL31/RPL24/RPL5/RPL9/RPL23/RPLP1/RPL36A/PLEKHO1/RPL41/RPL7/RPL32/RPL17",0.477270815362862
"GO:0071496","cellular response to external stimulus",40,-0.536242564339135,-1.8709297370789,0.000441613090301394,0.0236652900403735,0.0166619260515425,662,"tags=30%, list=10%, signal=27%","TMEM87A/CASP1/BAK1/PTGER4/MAP3K1/TLR8/IL1B/TNFRSF1A/BCL10/LTBR/IRF1/TLR5",0.49849310876659
"GO:0010574","regulation of vascular endothelial growth factor production",13,-0.702472311360956,-1.87003697566455,0.0016920067366993,0.0500698633524056,0.0352524883137014,1067,"tags=54%, list=16%, signal=46%","ATF4/RELA/C3AR1/HIF1A/IL1B/PTGS2/STAT3",0.45505986738723
"GO:0050792","regulation of viral process",92,-0.455176200395758,-1.86994470704519,4.61205157627594e-05,0.00483737808122741,0.00340583342672996,1091,"tags=33%, list=16%, signal=28%","VPS4A/ISG20/SP100/ZC3HAV1/ADAR/DDX5/IFITM3/TRIM5/HEXIM1/OASL/RSF1/TOP2B/BCL2/OAS1/DYNLT1/FAM111A/CXCL8/IFI16/IFIT5/DDX3X/OAS2/OAS3/STOM/IFITM1/PLSCR1/TRIM14/ZNFX1/EIF2AK2/RSAD2/ZFP36",0.557332238758646
"GO:0032703","negative regulation of interleukin-2 production",12,-0.718950746000325,-1.86717322838444,0.000768634391656299,0.0312739393264418,0.0220189173049905,530,"tags=58%, list=8%, signal=54%","HAVCR2/GBP1/PTPRC/PRNP/LAPTM5/TNFAIP3/ZFP36",0.477270815362862
"GO:0032612","interleukin-1 production",61,-0.484169856503716,-1.86604278480923,0.000216556010928201,0.0144458792600755,0.0101708523990307,609,"tags=31%, list=9%, signal=29%","CASP1/HAVCR2/JAK2/CCL3/RIPK2/PML/IFI16/MALT1/TLR8/CARD16/IL1B/SMAD3/CLEC7A/MEFV/TNFAIP3/EGR1/NAIP/GBP5/STAT3",0.518848077743792
"GO:0032652","regulation of interleukin-1 production",61,-0.484169856503716,-1.86604278480923,0.000216556010928201,0.0144458792600755,0.0101708523990307,609,"tags=31%, list=9%, signal=29%","CASP1/HAVCR2/JAK2/CCL3/RIPK2/PML/IFI16/MALT1/TLR8/CARD16/IL1B/SMAD3/CLEC7A/MEFV/TNFAIP3/EGR1/NAIP/GBP5/STAT3",0.518848077743792
"GO:0071345","cellular response to cytokine stimulus",357,-0.380654937032384,-1.86186175078038,1.49670653657309e-08,1.61439438397462e-05,1.13664019320788e-05,1243,"tags=29%, list=18%, signal=25%","AZI2/GPS2/IRAK3/OTUD4/CCR7/PSMB3/MAPK1/TTLL12/DICER1/IFNGR1/IL27RA/RRAGA/IL18/TRAF3IP3/CASP4/SP100/RELA/MNDA/IL10RA/CD47/CTR9/CPNE1/CSF3R/CSF2RA/SORL1/TNFRSF14/ETV3/SPPL2A/IFITM3/ZFAND6/ZFP36L1/ADIPOR2/PSMD13/OASL/IL15/IFIT2/OAS1/CASP1/PIM1/PNPT1/RC3H1/CD300LF/JAK2/OSM/KHSRP/NFE2L2/ZFP36L2/CCL3/CXCL8/PSMD1/GBP4/PSMA4/ST3GAL6/GBP1/HIF1A/NLRC5/PTPN2/IFI16/IFIT5/PSMD2/PTPRC/CCL3L1/LILRA4/FOXO3/OAS2/DOCK8/ADAM10/OAS3/UGCG/JAK3/CARD16/IL1B/RO60/CIITA/CEBPB/IL4R/LAPTM5/TNFRSF1A/IFI27/IFITM1/GPR35/CCR1/NFKBIA/ZBP1/VRK2/IRF1/TNFSF13B/IL1RN/WBP1L/PARP9/RIPOR2/OXSR1/IFIT3/TNFAIP3/TOLLIP/EGR1/CXCR4/NAIP/GBP5/FOS/ZFP36/STAT3/NFKBIZ/EREG/DUSP1",0.73376198835648
"GO:0062208","positive regulation of pattern recognition receptor signaling pathway",52,-0.495426343173053,-1.84983735493215,0.00040929001691082,0.0222641731257812,0.015675447272678,1701,"tags=44%, list=25%, signal=33%","TLR4/LRCH4/ADCY7/ANKRD17/ZDHHC5/ZDHHC3/SLC15A3/SLC15A4/BRCC3/ZC3HAV1/NINJ1/OASL/USP15/PUM2/PJA2/NAGK/SLC46A2/DDX3X/DHX58/WDFY1/DDX60/GBP5/RSAD2",0.49849310876659
"GO:0007193","adenylate cyclase-inhibiting G protein-coupled receptor signaling pathway",16,-0.661373073755665,-1.84940473579122,0.00166062357335669,0.0495374725632774,0.0348776500613984,1188,"tags=56%, list=17%, signal=47%","GNAI3/OPN3/C3AR1/PTGER4/GPR35/HCAR3/RGS2/CXCR4/RGS1",0.45505986738723
"GO:0045622","regulation of T-helper cell differentiation",26,-0.581938629919062,-1.84725014525218,0.00189319530974911,0.0529362129114227,0.037270587576746,1558,"tags=50%, list=23%, signal=39%","ASCL2/NLRP3/STAT5A/IL18/GPR65/BRD2/RC3H1/IRF4/MALT1/JAK3/JUNB/CD69/NFKBIZ",0.45505986738723
"GO:0060142","regulation of syncytium formation by plasma membrane fusion",53,0.453020015755089,1.83899480952327,0.000638610472737244,0.0294891901001541,0.020762336059706,1391,"tags=42%, list=20%, signal=33%","CAPN2/RPL27/RPL23A/RPL36/RPLP2/RPL12/RPLP0/UBA52/RPL21/RPL31/RPL24/RPL5/RPL9/RPL23/RPLP1/RPL36A/CAMK1/PLEKHO1/RPL41/RPL7/RPL32/RPL17",0.477270815362862
"GO:0046365","monosaccharide catabolic process",22,0.550083456611527,1.83242796156514,0.00350733858694383,0.0724784661067332,0.0510296235769506,1508,"tags=64%, list=22%, signal=50%","PKM/ENO1/HK2/GAPDH/PGK1/TPI1/GALK1/GLB1/HK1/NUDT5/FOXK1/PFKL/FOXK2/PFKP",0.431707695803346
"GO:0150077","regulation of neuroinflammatory response",20,-0.615392973331923,-1.8290449048039,0.00277471828809342,0.0648203794006478,0.0456378251170369,1553,"tags=55%, list=23%, signal=43%","CD200R1/CCL5/MAPK1/IL18/LDLR/CCL3/PTPRC/IL1B/GRN/CCR1/PTGS2",0.431707695803346
"GO:0002819","regulation of adaptive immune response",98,-0.442829863071675,-1.82756691531276,9.21389725406414e-05,0.0083127331567764,0.00585271276659273,1026,"tags=33%, list=15%, signal=28%","HLA-A/IL18/ZBTB1/MEF2C/HLA-B/TNFRSF14/BCL6/SAMSN1/BRD2/RC3H1/HAVCR2/FCGR2B/MLH1/HLA-C/WAS/PTPRC/MALT1/SASH3/FUT7/TNFSF13/JAK3/IL1B/CLEC7A/CD1D/IRF1/TNFAIP3/JUNB/HLA-E/RSAD2/CD69/CD55/NFKBIZ",0.538434096309916
"GO:0097696","cell surface receptor signaling pathway via STAT",63,-0.469266487637569,-1.82124055327936,0.000709561265195184,0.0301685875857125,0.0212406767284518,2227,"tags=57%, list=33%, signal=39%","LEPROT/WDR48/IFNAR1/CCR2/HGS/CSF2RB/PIAS1/SH2B3/CISH/IL10RB/STAT2/IL6R/SOCS3/ARL2BP/STAT5A/STAMBP/JAK1/CCL5/CD40/IL27RA/NF2/IL18/IL10RA/CTR9/CSF2RA/IL15/JAK2/OSM/PTPN2/PTPRC/JAK3/IL4R/TNFRSF1A/BCL3/PARP9/STAT3",0.477270815362862
"GO:0050864","regulation of B cell activation",58,-0.476145437953379,-1.81581782822307,0.0008204063702522,0.0329856865604662,0.0232241003297322,1223,"tags=43%, list=18%, signal=36%","SLC15A4/NOD2/IL27RA/MNDA/MEF2C/CD300A/CD22/PCID2/TNFRSF14/SAMSN1/ZFP36L1/GPR183/BCL2/RC3H1/FCGR2B/MLH1/ZFP36L2/PTPRC/SASH3/TNFSF13/LAPTM5/PPP2R3C/SH3KBP1/TNFSF13B/TNFAIP3",0.477270815362862
"GO:1901623","regulation of lymphocyte chemotaxis",13,-0.681904891238413,-1.81528487298215,0.00303662297713826,0.0680147721836187,0.0478868884599598,435,"tags=31%, list=6%, signal=29%","CCL3/ADAM10/SLC8B1/OXSR1",0.431707695803346
"GO:0098543","detection of other organism",11,-0.709033566206704,-1.81430731176494,0.0031431372568538,0.0696195491802527,0.0490167573777511,1167,"tags=64%, list=17%, signal=53%","NOD2/HLA-A/NLRC4/HLA-B/CLEC7A/CD1D/NAIP",0.431707695803346
"GO:0050727","regulation of inflammatory response",181,-0.398740073959112,-1.81233165788146,1.24878521130169e-05,0.00200837238982824,0.00141402671111102,1237,"tags=31%, list=18%, signal=26%","GPS2/CCR7/MAPK1/NOD2/VAMP8/NR4A3/ALOX5/IL18/CASP4/NLRC4/RELA/IL10RA/CD47/BCL6/NINJ1/IL15/PRKAR1A/PRKCD/LDLR/CASP1/FCGR2B/JAK2/OSM/C15orf39/CCL3/PTGER4/MAP3K8/NR1D2/GBP1/PTPN2/IFI16/PTPRC/FUT7/IL1B/GRN/CEBPB/CUL1/SMAD3/AOAH/TNFRSF1A/NEAT1/CCR1/NFKBIA/ZBP1/IL1RN/MEFV/KLF4/TNFAIP3/HLA-E/PTGS2/NAIP/GBP5/CD69/STAT3/CLEC12A/NFKBIZ",0.593325476396405
"GO:0032623","interleukin-2 production",41,-0.514885965828616,-1.80804606563918,0.00107519695641673,0.0375528887215843,0.0264397120776199,565,"tags=32%, list=8%, signal=29%","IRF4/HAVCR2/PSMA4/GBP1/PTPRC/MALT1/IL1B/PRNP/PDE4B/LAPTM5/CLEC7A/TNFAIP3/ZFP36",0.45505986738723
"GO:0032663","regulation of interleukin-2 production",41,-0.514885965828616,-1.80804606563918,0.00107519695641673,0.0375528887215843,0.0264397120776199,565,"tags=32%, list=8%, signal=29%","IRF4/HAVCR2/PSMA4/GBP1/PTPRC/MALT1/IL1B/PRNP/PDE4B/LAPTM5/CLEC7A/TNFAIP3/ZFP36",0.45505986738723
"GO:0031167","rRNA methylation",15,0.612441942818274,1.80781742966846,0.00595863526211719,0.0983972849757656,0.0692781826523891,313,"tags=27%, list=5%, signal=26%","TRMT112/MRM2/FBL/NOP56",0.407017918923954
"GO:0006270","DNA replication initiation",14,0.616660515519092,1.80257834466436,0.00707448416634051,0.107147838186803,0.0754391496324539,727,"tags=50%, list=11%, signal=45%","MCM3/MCM7/PURA/MCM5/NOC3L/WRNIP1/CDC34",0.407017918923954
"GO:0051384","response to glucocorticoid",42,-0.5130068673628,-1.80168817563937,0.00134898656982729,0.0449540659620825,0.0316506293182351,906,"tags=36%, list=13%, signal=31%","IGFBP7/ZFP36L1/SRD5A1/CALM3/MT-ND3/ZFP36L2/KLF9/FOXO3/NR3C1/IL1RN/FOS/ZFP36/FOSB/AREG/DUSP1",0.45505986738723
"GO:0007260","tyrosine phosphorylation of STAT protein",18,-0.616601615120216,-1.80106948194554,0.00612201457340288,0.0988879122577173,0.0696236166393296,1018,"tags=50%, list=15%, signal=43%","IL18/IL10RA/IL15/JAK2/OSM/PTPN2/JAK3/IL4R/PARP9",0.407017918923954
"GO:0006954","inflammatory response",359,-0.367076704980821,-1.79931239216249,9.58921299342969e-08,4.88548970285351e-05,3.43970718362819e-05,1237,"tags=29%, list=18%, signal=25%","GPS2/HMGB2/BRCC3/CCR7/MAPK1/KDM6B/NOD2/IFNGR1/VAMP8/HDAC9/NR4A3/ALOX5/ADGRE2/SERPINA1/AIMP1/CSNK1A1/IL18/NFX1/CASP4/NLRC4/RELA/ABCF1/IL10RA/CD47/C3AR1/ACER3/ITGAL/BCL6/NINJ1/CD68/IL15/PRKAR1A/BLNK/APIP/PRKCD/LDLR/RELB/CASP1/CERS6/PJA2/HAVCR2/FCGR2B/JAK2/FCGR1A/OSM/C15orf39/CCL3/TXNIP/CXCL8/PTGER4/MAP3K8/NR1D2/GBP1/HIF1A/RIPK2/PTPN2/IFI16/CD163/PTPRC/CCL3L1/DDX3X/FUT7/TLR8/FCGR2A/IL1B/GRN/CEBPB/IL4R/NR3C1/CUL1/ZEB2/NR4A1/SMAD3/CLEC7A/AOAH/TNFRSF1A/IFI27/PER1/PLSCR1/NEAT1/CCR1/NFKBIA/ZBP1/TRIM14/TLR5/IL1RN/MEFV/KLF4/TNFAIP3/TOLLIP/HLA-E/CXCR4/PTGS2/NAIP/GBP5/EIF2AK2/FOS/ZFP36/CD69/STAT3/CLEC12A/NFKBIZ/NAMPT",0.704975715167238
"GO:0001819","positive regulation of cytokine production",249,-0.379673756591242,-1.79879633283859,3.0752863113513e-06,0.000807816929793328,0.000568756432920866,1303,"tags=30%, list=19%, signal=25%","FCN1/HLA-DPA1/SETD2/IRAK3/HMGB2/CCR7/PSMB3/NOD2/IFNGR1/IL27RA/NR4A3/ATF4/HLA-A/IL18/TRAF3IP3/NLRC4/ZC3HAV1/RELA/C3AR1/SORL1/TNFRSF14/GPR65/PNP/CREB1/IL15/CD2/OAS1/CASP1/IRF4/HAVCR2/FCGR2B/JAK2/FCGR1A/POU2F2/OSM/CCL3/PSMA4/PTGER4/HIF1A/RIPK2/IFI16/PTPRC/DDX3X/MALT1/TLR8/OAS2/ADAM10/OAS3/RNF135/FCGR2A/IL1B/CEBPB/IL4R/PDE4B/LAPTM5/SMAD3/CLEC7A/DHX58/BCL10/IRF1/DDIT3/TLR5/MEFV/EGR1/HLA-E/PTGS2/NAIP/GBP5/EIF2AK2/RSAD2/STAT3/CD55/CLEC12A/EREG",0.627256739718528
"GO:0007259","cell surface receptor signaling pathway via JAK-STAT",61,-0.466024820344151,-1.79610986075204,0.000634106064945382,0.0294891901001541,0.020762336059706,2227,"tags=57%, list=33%, signal=39%","LEPROT/WDR48/IFNAR1/CCR2/HGS/CSF2RB/PIAS1/SH2B3/CISH/IL10RB/STAT2/IL6R/SOCS3/ARL2BP/STAT5A/STAMBP/JAK1/CD40/IL27RA/NF2/IL18/IL10RA/CTR9/CSF2RA/IL15/JAK2/OSM/PTPN2/PTPRC/JAK3/IL4R/TNFRSF1A/BCL3/PARP9/STAT3",0.477270815362862
"GO:0046634","regulation of alpha-beta T cell activation",56,-0.48183572987324,-1.79567801476459,0.000769377799055476,0.0312739393264418,0.0220189173049905,1026,"tags=34%, list=15%, signal=29%","HLA-A/IL18/CD300A/TNFRSF14/GPR65/PNP/BRD2/RC3H1/IRF4/JAK2/VSIR/MALT1/JAK3/IRF1/JUNB/HLA-E/CD69/CD55/NFKBIZ",0.477270815362862
"GO:0002438","acute inflammatory response to antigenic stimulus",12,-0.68658854719496,-1.78312598097953,0.00237705572916513,0.0600934760732526,0.0423097732081238,521,"tags=42%, list=8%, signal=39%","FCGR2B/FCGR1A/FUT7/FCGR2A/HLA-E",0.431707695803346
"GO:0097396","response to interleukin-17",10,-0.727456551186389,-1.78303394619128,0.00335033536256811,0.071017686088527,0.0500011380354931,258,"tags=30%, list=4%, signal=29%","IL1B/STAT3/NFKBIZ",0.431707695803346
"GO:0097398","cellular response to interleukin-17",10,-0.727456551186389,-1.78303394619128,0.00335033536256811,0.071017686088527,0.0500011380354931,258,"tags=30%, list=4%, signal=29%","IL1B/STAT3/NFKBIZ",0.431707695803346
"GO:0007369","gastrulation",32,-0.53582175931287,-1.78145801494761,0.00240438887776193,0.0600934760732526,0.0423097732081238,1440,"tags=44%, list=21%, signal=35%","BMPR2/SETD2/PAF1/KDM6B/MAP2K5/NR4A3/DUSP2/CTR9/CDC73/POGLUT1/IL1RN/KLF4/DUSP5/DUSP1",0.431707695803346
"GO:0098581","detection of external biotic stimulus",14,-0.665083973191559,-1.7784079299938,0.00325016164373592,0.0703061281881822,0.0495001543122127,1167,"tags=57%, list=17%, signal=47%","NOD2/HLA-A/NLRC4/HLA-B/NR4A1/CLEC7A/CD1D/NAIP",0.431707695803346
"GO:2000318","positive regulation of T-helper 17 type immune response",11,-0.692872766176061,-1.77295432220701,0.0052936258741075,0.0913757889299666,0.0643345860310627,692,"tags=36%, list=10%, signal=33%","BRD2/MALT1/CLEC7A/NFKBIZ",0.407017918923954
"GO:0006123","mitochondrial electron transport, cytochrome c to oxygen",15,0.600533912170056,1.77266708503365,0.008408854243584,0.116061014354542,0.081714613906835,270,"tags=20%, list=4%, signal=19%","COX5A/COX6A1/COX7C",0.380730400722792
"GO:0031347","regulation of defense response",423,-0.358220553598145,-1.76979045578479,7.3688714457091e-08,4.54290924627966e-05,3.19850793255631e-05,1237,"tags=29%, list=18%, signal=25%","GPS2/IRAK3/SLC15A3/HMGB2/SLC15A4/BRCC3/TRIM22/OTUD4/CCR7/PAK1/MAPK1/NOD2/TTLL12/VAMP8/NPLOC4/NR4A3/ALOX5/EMILIN2/CSNK1A1/HLA-A/IL18/TRAF3IP3/CASP4/NLRC4/ZC3HAV1/RELA/MNDA/LYPLAL1/MEF2C/IL10RA/CD47/PDPK1/HLA-B/CD300A/BCL6/TRIM5/NINJ1/HEXIM1/OASL/IL15/USP15/PRKAR1A/ILRUN/PRKCD/LDLR/OAS1/PUM2/CASP1/PIM1/PJA2/HAVCR2/FCGR2B/CD300LF/JAK2/NAGK/OSM/C15orf39/NFE2L2/RNF125/CCL3/HLA-C/SLC46A2/PTGER4/MAP3K8/NR1D2/GBP1/RIPK2/NLRC5/PTPN2/PML/IFI16/PTPRC/DDX3X/LILRA4/FUT7/TLR8/OAS3/CTSS/RNF135/IL1B/GRN/CEBPB/PSPC1/CUL1/SMAD3/CLEC7A/DHX58/AOAH/TNFRSF1A/CD1D/PLSCR1/NEAT1/WDFY1/CCR1/BCL10/NFKBIA/ZBP1/CD300C/IRF1/TLR5/IL1RN/PARP9/ZNFX1/MEFV/CD300E/KLF4/DTX3L/DDX60/TNFAIP3/HLA-E/PTGS2/NAIP/GBP5/EIF2AK2/RSAD2/CD69/STAT3/HERC5/CLEC12A/NFKBIZ/EREG",0.704975715167238
"GO:0035771","interleukin-4-mediated signaling pathway",12,-0.681030599069191,-1.76869154022971,0.00294753811226532,0.0670278706552823,0.0471920446504295,1465,"tags=67%, list=21%, signal=52%","STAT5A/JAK1/CD40/CD300LF/PTPN2/PTPRC/JAK3/IL4R",0.431707695803346
"GO:1902275","regulation of chromatin organization",17,0.570075976815412,1.76853503117006,0.0121202658909267,0.14356381403012,0.101078400009734,420,"tags=24%, list=6%, signal=22%","SAMD1/CABIN1/TLK1/SSRP1",0.380730400722792
"GO:0010573","vascular endothelial growth factor production",14,-0.660764388242305,-1.76685753269408,0.00340774335388897,0.0712160602600865,0.0501408065445805,1067,"tags=50%, list=16%, signal=42%","ATF4/RELA/C3AR1/HIF1A/IL1B/PTGS2/STAT3",0.431707695803346
"GO:0072538","T-helper 17 type immune response",43,-0.488816457875104,-1.75891075831014,0.00361045033794951,0.0733794274729409,0.0516639598404589,1661,"tags=42%, list=24%, signal=32%","IL6R/ASCL2/SOCS3/STAT5A/JAK1/PSMB3/IL27RA/BRD2/RC3H1/IRF4/PSMA4/MALT1/JAK3/CLEC7A/JUNB/CD69/STAT3/NFKBIZ",0.431707695803346
"GO:0071347","cellular response to interleukin-1",43,-0.488566250156591,-1.75801043459801,0.00367793344445322,0.0738510521642919,0.0519960147494824,1530,"tags=49%, list=22%, signal=38%","IRAK4/KLF2/CCL5/CD40/IRAK3/OTUD4/RELA/CD47/RC3H1/CCL3/CXCL8/GBP1/HIF1A/IL1B/CEBPB/NFKBIA/ZBP1/VRK2/IL1RN/TOLLIP/EGR1",0.431707695803346
"GO:0042742","defense response to bacterium",90,-0.429948541744256,-1.75638293431148,0.000309348272664014,0.0190713210097365,0.0134274686609521,1225,"tags=32%, list=18%, signal=27%","HMGB2/NOD2/EMILIN2/RBCK1/HLA-A/IL18/CASP4/NLRC4/TNFRSF14/SLC30A1/PRKCD/OAS1/CASP1/RNF213/HAVCR2/NAGK/GBP4/GBP1/RIPK2/OAS2/OAS3/IL1B/GRN/CEBPB/ZNFX1/HLA-E/NAIP/GBP5/NFKBIZ",0.49849310876659
"GO:0007204","positive regulation of cytosolic calcium ion concentration",33,-0.522410359221071,-1.75542277449881,0.00165079306378459,0.0495374725632774,0.0348776500613984,1857,"tags=55%, list=27%, signal=40%","CX3CR1/FPR1/P2RX4/CCR5/TMBIM6/CD4/CCR7/SELENOT/CD52/C3AR1/JAK2/CXCL8/PTGER4/PML/GPR35/CCR1/CXCR4/CD55",0.45505986738723
"GO:0014074","response to purine-containing compound",48,-0.476906669603718,-1.75460045127548,0.00237796636306976,0.0600934760732526,0.0423097732081238,1220,"tags=31%, list=18%, signal=26%","P2RY6/CRTC2/TOP1/ZFP36L1/CREB1/SRD5A1/TAF1/TOP2B/PNPT1/PER1/GUCD1/FOS/FOSB/AREG/DUSP1",0.431707695803346
"GO:0006826","iron ion transport",21,0.547477533185815,1.75412096084635,0.00718374259808792,0.107147838186803,0.0754391496324539,2099,"tags=67%, list=31%, signal=46%","FLVCR1/MCOLN1/ABCB7/CLTC/ARHGAP1/SLC40A1/MCOLN2/SLC25A37/SLC11A1/FXN/SLC25A28/FTH1/CYBRD1/RAB11B",0.407017918923954
"GO:1904738","vascular associated smooth muscle cell migration",11,-0.684371266115736,-1.75120029749569,0.00679534131544531,0.106080559879055,0.0746877152655063,1627,"tags=73%, list=24%, signal=55%","PTPN1/TPM1/PAK1/NR4A3/MEF2C/NFE2L2/DOCK5/DDIT3",0.407017918923954
"GO:0060993","kidney morphogenesis",10,0.679385198031941,1.750719940325,0.0103588504104698,0.130776067127399,0.0920749822237923,758,"tags=30%, list=11%, signal=27%","BASP1/MYC/ASXL1",0.380730400722792
"GO:0001816","cytokine production",381,-0.357450982386967,-1.74938693040678,1.52806091721245e-07,6.28033036974317e-05,4.42176706988991e-05,1303,"tags=29%, list=19%, signal=25%","FCN1/HLA-DPA1/BTN2A1/MORC3/SETD2/IRAK3/HMGB2/CCR7/XAF1/PSMB3/NOD2/DICER1/IFNGR1/CLEC4A/HDAC9/MAP2K5/NPLOC4/IL27RA/NR4A3/ALOX5/ATF4/HLA-A/IL18/TRAF3IP3/NLRC4/ZC3HAV1/RELA/ZBTB1/CD47/C3AR1/HLA-B/SORL1/TNFRSF14/SRGN/BCL6/GPR65/PNP/CREB1/IL15/ZNF131/ILRUN/CD2/RELB/OAS1/CASP1/IRF4/HAVCR2/FCGR2B/JAK2/FCGR1A/POU2F2/OSM/RNF125/CCL3/CXCL8/PSMA4/PTGER4/VSIR/GBP1/HIF1A/RIPK2/PLAGL1/PML/IFI16/PTPRC/DDX3X/MALT1/LILRA4/TLR8/OAS2/ADAM10/OAS3/RNF135/JAK3/FCGR2A/CARD16/IL1B/PRNP/CEBPB/FOSL2/IL4R/PDE4B/LAPTM5/SMAD3/CLEC7A/LITAF/DHX58/PER1/BCL3/BCL10/NFKBIA/LTBR/IRF1/DDIT3/TLR5/MEFV/KLF4/TNFAIP3/EGR1/HLA-E/PTGS2/JUN/NAIP/GBP5/EIF2AK2/RSAD2/ZFP36/STAT3/CD55/CLEC12A/EREG",0.690132458796796
"GO:0031960","response to corticosteroid",50,-0.470898580194202,-1.74937419199581,0.00234127783907698,0.0600934760732526,0.0423097732081238,906,"tags=32%, list=13%, signal=28%","IGFBP7/ZFP36L1/SRD5A1/CALM3/MT-ND3/ZFP36L2/KLF9/PTPRC/FOXO3/NR3C1/IL1RN/FOS/ZFP36/FOSB/AREG/DUSP1",0.431707695803346
"GO:0001510","RNA methylation",46,0.442056515963107,1.74707010568067,0.00349074315498126,0.0724784661067332,0.0510296235769506,676,"tags=24%, list=10%, signal=22%","TRMT112/LSM10/AKT1/MRM2/FBL/WDR6/SNRPG/NOP56/RBM15B/TARBP1/SNRPF",0.431707695803346
"GO:0002507","tolerance induction",12,-0.672182824632739,-1.74571315450519,0.00386031294172956,0.0755879910398335,0.0532189343524515,1235,"tags=50%, list=18%, signal=41%","IRAK3/HLA-B/TNFRSF14/HAVCR2/TNFAIP3/HLA-E",0.431707695803346
"GO:0046683","response to organophosphorus",40,-0.500083421325423,-1.74477187414422,0.00219150434452008,0.058741844712897,0.0413581355253923,1220,"tags=35%, list=18%, signal=29%","P2RY6/CRTC2/TOP1/ZFP36L1/SRD5A1/TAF1/TOP2B/PNPT1/PER1/GUCD1/FOS/FOSB/AREG/DUSP1",0.431707695803346
"GO:0002460","adaptive immune response based on somatic recombination of immune receptors built from immunoglobulin superfamily domains",148,-0.391432204920098,-1.74188579326667,0.000104931505286682,0.00882140086489631,0.00621084840418865,1558,"tags=34%, list=23%, signal=27%","ASCL2/SOCS3/NLRP3/STAT5A/CD4/GNL1/JAK1/CD40/MYO1G/CD1E/SLC15A4/PSMB3/IL27RA/HLA-A/IL18/C1QC/ZBTB1/MEF2C/HLA-B/TNFRSF14/BCL6/BRD2/RC3H1/IRF4/HAVCR2/FCGR2B/FCGR1A/MLH1/HLA-C/PSMA4/WAS/PTPRC/MALT1/FUT7/TLR8/TNFSF13/JAK3/FCGR2A/IL1B/CTSH/CLEC7A/CD1D/TNFAIP3/JUNB/HLA-E/RSAD2/CD69/STAT3/CD55/NFKBIZ",0.538434096309916
"GO:0051250","negative regulation of lymphocyte activation",73,-0.438023780440625,-1.74172580125845,0.000978282139520984,0.0358283726147339,0.0252255389236879,962,"tags=29%, list=14%, signal=25%","MNDA/CD300A/TNFRSF14/SAMSN1/PRKAR1A/RC3H1/HAVCR2/FCGR2B/PSMA4/VSIR/PTPN2/JAK3/PRNP/CEBPB/LAPTM5/IRF1/RIPOR2/TNFAIP3/HLA-E/CD69/CLEC12A",0.45505986738723
"GO:0045740","positive regulation of DNA replication",17,-0.610275426517502,-1.74004656868166,0.00684265030971448,0.106348586116109,0.0748764234256025,828,"tags=41%, list=12%, signal=36%","BAZ1A/ATRX/CDKN1B/FAF1/KAT7/EREG/CDKN1A",0.407017918923954
"GO:0051100","negative regulation of binding",20,-0.584946764416827,-1.73855397348039,0.00757921575766475,0.109513746435945,0.077104905185193,1180,"tags=45%, list=17%, signal=37%","SYMPK/GOLGA2/CPNE1/ITGB1BP1/RSF1/ILRUN/BTAF1/IFI16/JUN",0.407017918923954
"GO:0030042","actin filament depolymerization",30,0.491097101762226,1.73766520836689,0.0112644904554087,0.136167811093322,0.0958711258204184,875,"tags=37%, list=13%, signal=32%","TWF2/PDXP/MICAL1/GSN/SH3BP1/DSTN/PPP1R9B/LIMA1/CAPG/SVIL/TRIOBP",0.380730400722792
"GO:0038066","p38MAPK cascade",26,-0.546955864998241,-1.73620421315742,0.00662915801742773,0.104345768112618,0.0734663073690518,790,"tags=35%, list=12%, signal=31%","ZFP36L1/RELL1/PJA2/MAP3K4/IL1B/GADD45B/PER1/ZFP36/DUSP1",0.407017918923954
"GO:0050728","negative regulation of inflammatory response",77,-0.437580804599948,-1.73165574420268,0.00107218653557066,0.0375528887215843,0.0264397120776199,680,"tags=27%, list=10%, signal=25%","PRKAR1A/PRKCD/LDLR/FCGR2B/C15orf39/PTGER4/NR1D2/PTPN2/PTPRC/IL1B/GRN/SMAD3/AOAH/TNFRSF1A/IL1RN/MEFV/KLF4/TNFAIP3/CD69/STAT3/CLEC12A",0.45505986738723
"GO:0032103","positive regulation of response to external stimulus",329,-0.358009411565092,-1.73092686728928,1.14612899237484e-06,0.000385411922072229,0.000271355429576176,1569,"tags=35%, list=23%, signal=28%","ADCY7/ANKRD17/NKG7/RBM47/LY86/IRAK4/KAT5/CPT1A/PRKCA/NLRP3/ZDHHC5/BMPR2/CD4/LAMP2/ZDHHC3/RASGRP4/CCL5/FCN1/GPS2/IRAK3/SLC15A3/HMGB2/SLC15A4/BRCC3/OTUD4/CCR7/PAK1/MAPK1/NOD2/VAMP8/NPLOC4/EMILIN2/CSNK1A1/IL18/TRAF3IP3/CASP4/NLRC4/ZC3HAV1/RELA/MNDA/LYPLAL1/CD47/C3AR1/PDPK1/CD300A/USF1/TRIM5/NINJ1/HEXIM1/OASL/IL15/USP15/DNM1L/LDLR/OAS1/PUM2/CASP1/PJA2/HAVCR2/CD300LF/AKIRIN1/NAGK/OSM/RNF125/CCL3/HLA-C/CXCL8/SLC46A2/PTGER4/MAP3K8/GBP1/RIPK2/NLRC5/IFI16/DDX3X/LILRA4/TLR8/ADAM10/OAS3/CTSS/RNF135/IL1B/GRN/CEBPB/PSPC1/SMAD3/CLEC7A/DHX58/TNFRSF1A/CD1D/PLSCR1/NEAT1/WDFY1/CCR1/BCL10/NFKBIA/ZBP1/IRF1/TLR5/PARP9/RIPOR2/ZNFX1/MEFV/OXSR1/DDX60/TNFAIP3/HLA-E/PTGS2/NAIP/GBP5/EIF2AK2/RSAD2/STAT3/NFKBIZ/EREG",0.643551836150722
"GO:0009595","detection of biotic stimulus",22,-0.575622656389715,-1.72982082778987,0.00484180289252864,0.0856929612414518,0.0603335002827725,1750,"tags=59%, list=26%, signal=44%","PTPRJ/TLR4/NLRP3/PAK1/NOD2/NF2/HLA-A/NLRC4/HLA-B/NR4A1/CLEC7A/CD1D/NAIP",0.407017918923954
"GO:0140888","interferon-mediated signaling pathway",62,-0.440033857887184,-1.72865044183003,0.0032065513839672,0.0701836305875423,0.0494139079167589,1996,"tags=52%, list=29%, signal=37%","HCK/UBE2K/USP18/IL10RB/STAT2/ISG15/YTHDF3/YTHDF2/IRF3/PTPN1/RBM47/SMIM30/JAK1/NR1H2/AZI2/TTLL12/IFNGR1/SP100/IFITM3/OASL/OAS1/JAK2/NLRC5/PTPN2/OAS2/OAS3/CIITA/IFI27/IFITM1/ZBP1/IRF1/PARP9",0.431707695803346
"GO:0019320","hexose catabolic process",21,0.539161708686182,1.72747701442421,0.00918847220042299,0.122259563558866,0.0860788016388718,1508,"tags=62%, list=22%, signal=48%","PKM/ENO1/HK2/GAPDH/PGK1/TPI1/GALK1/GLB1/HK1/FOXK1/PFKL/FOXK2/PFKP",0.380730400722792
"GO:0045860","positive regulation of protein kinase activity",56,-0.462952890111965,-1.72530652067766,0.00173906420158213,0.0505536691181415,0.0355931195030191,872,"tags=25%, list=13%, signal=22%","ITGB1BP1/STRADA/ABI1/PRKAR1A/PSMD10/JAK2/MAP3K4/PTPRC/LCP2/TNFRSF1A/SYAP1/LTBR/EREG/CDKN1A",0.45505986738723
"GO:0032944","regulation of mononuclear cell proliferation",91,-0.418186473460178,-1.72522679672346,0.00107613036076992,0.0375528887215843,0.0264397120776199,1026,"tags=34%, list=15%, signal=29%","HLA-A/IL18/MNDA/MEF2C/CD300A/SLC7A1/CD22/TNFRSF14/PNP/GPR183/IL15/PRKAR1A/BCL2/RC3H1/HAVCR2/FCGR2B/JAK2/VSIR/PTPRC/SASH3/TNFSF13/IL1B/PRNP/CEBPB/LAPTM5/CD1D/IRF1/TNFSF13B/RIPOR2/HLA-E/CD55",0.45505986738723
"GO:0050670","regulation of lymphocyte proliferation",91,-0.418186473460178,-1.72522679672346,0.00107613036076992,0.0375528887215843,0.0264397120776199,1026,"tags=34%, list=15%, signal=29%","HLA-A/IL18/MNDA/MEF2C/CD300A/SLC7A1/CD22/TNFRSF14/PNP/GPR183/IL15/PRKAR1A/BCL2/RC3H1/HAVCR2/FCGR2B/JAK2/VSIR/PTPRC/SASH3/TNFSF13/IL1B/PRNP/CEBPB/LAPTM5/CD1D/IRF1/TNFSF13B/RIPOR2/HLA-E/CD55",0.45505986738723
"GO:0002673","regulation of acute inflammatory response",15,-0.616493734167546,-1.72404460213801,0.005477476721969,0.0933695225555914,0.0657383060860445,521,"tags=40%, list=8%, signal=37%","FCGR2B/OSM/FUT7/IL1B/HLA-E/PTGS2",0.407017918923954
"GO:0001706","endoderm formation",13,-0.646963640495568,-1.72226849381911,0.00693933930225552,0.107072889644673,0.0753863809123362,1270,"tags=54%, list=19%, signal=44%","SETD2/PAF1/DUSP2/CTR9/CDC73/DUSP5/DUSP1",0.407017918923954
"GO:0035264","multicellular organism growth",13,0.60934716915701,1.7212074897385,0.010568343903673,0.132516285083682,0.0933002105160167,1198,"tags=46%, list=18%, signal=38%","GNAS/PPIB/EZR/MBD5/PLEC/WDR11",0.380730400722792
"GO:0032943","mononuclear cell proliferation",109,-0.40093484764137,-1.71869972242388,0.00148026637713826,0.0476130898176907,0.0335227576029866,1109,"tags=33%, list=16%, signal=28%","IL27RA/VAV1/HLA-A/IL18/MNDA/MEF2C/CD300A/SLC7A1/CD22/TNFRSF14/PNP/GPR183/IL15/PRKAR1A/BCL2/RC3H1/HAVCR2/FCGR2B/JAK2/PPP3CB/VSIR/PTPRC/SASH3/TNFSF13/DOCK8/IL1B/PRNP/CEBPB/LAPTM5/CD1D/IRF1/TNFSF13B/RIPOR2/HLA-E/CD55/NFKBIZ",0.45505986738723
"GO:0046651","lymphocyte proliferation",109,-0.40093484764137,-1.71869972242388,0.00148026637713826,0.0476130898176907,0.0335227576029866,1109,"tags=33%, list=16%, signal=28%","IL27RA/VAV1/HLA-A/IL18/MNDA/MEF2C/CD300A/SLC7A1/CD22/TNFRSF14/PNP/GPR183/IL15/PRKAR1A/BCL2/RC3H1/HAVCR2/FCGR2B/JAK2/PPP3CB/VSIR/PTPRC/SASH3/TNFSF13/DOCK8/IL1B/PRNP/CEBPB/LAPTM5/CD1D/IRF1/TNFSF13B/RIPOR2/HLA-E/CD55/NFKBIZ",0.45505986738723
"GO:0001817","regulation of cytokine production",379,-0.350752943229374,-1.71859938748743,8.13155011576529e-07,0.000300786038782158,0.000211773222596245,1303,"tags=29%, list=19%, signal=25%","FCN1/HLA-DPA1/BTN2A1/MORC3/SETD2/IRAK3/HMGB2/CCR7/XAF1/PSMB3/NOD2/DICER1/IFNGR1/CLEC4A/HDAC9/MAP2K5/NPLOC4/IL27RA/NR4A3/ALOX5/ATF4/HLA-A/IL18/TRAF3IP3/NLRC4/ZC3HAV1/RELA/ZBTB1/CD47/C3AR1/HLA-B/SORL1/TNFRSF14/SRGN/BCL6/GPR65/PNP/CREB1/IL15/ZNF131/ILRUN/CD2/RELB/OAS1/CASP1/IRF4/HAVCR2/FCGR2B/JAK2/FCGR1A/POU2F2/OSM/RNF125/CCL3/CXCL8/PSMA4/PTGER4/VSIR/GBP1/HIF1A/RIPK2/PLAGL1/PML/IFI16/PTPRC/DDX3X/MALT1/LILRA4/TLR8/OAS2/ADAM10/OAS3/RNF135/JAK3/FCGR2A/CARD16/IL1B/PRNP/CEBPB/IL4R/PDE4B/LAPTM5/SMAD3/CLEC7A/LITAF/DHX58/PER1/BCL3/BCL10/NFKBIA/LTBR/IRF1/DDIT3/TLR5/MEFV/KLF4/TNFAIP3/EGR1/HLA-E/PTGS2/NAIP/GBP5/EIF2AK2/RSAD2/ZFP36/STAT3/CD55/CLEC12A/EREG",0.659444398037935
"GO:0008285","negative regulation of cell population proliferation",218,-0.370732682489726,-1.71714778360911,2.16725028767475e-05,0.00296913289411441,0.00209046551445333,1102,"tags=29%, list=16%, signal=25%","ALOX5/TINF2/B4GALT7/NF2/AIMP1/KDM2B/PDS5B/CHERP/MNDA/MEF2C/PARP10/PPP2R5C/IGFBP7/CD300A/ITGB1BP1/TNFRSF14/ETV3/CDC73/ABI1/BTG1/CDKN1B/PRKAR1A/TRIB1/TOB1/RBM5/RC3H1/HAVCR2/FCGR2B/AKIRIN1/JAK2/OSM/PPM1D/KLF11/CXCL8/BAK1/VSIR/PTPN2/PML/STRN/KLF9/CCL3L1/IL1B/PLAAT4/PRNP/NUP62/CEBPB/BTG2/KLF10/LAPTM5/SMAD3/RNF139/IFITM1/IRF1/RIPOR2/MDM4/KLF4/IFIT3/TNFAIP3/HLA-E/EIF2AK2/EREG/CDKN1A/DUSP1",0.575610261071129
"GO:0002824","positive regulation of adaptive immune response based on somatic recombination of immune receptors built from immunoglobulin superfamily domains",52,-0.459669998735819,-1.71632927138498,0.00222845798426715,0.0588790434557443,0.041454732495207,1026,"tags=31%, list=15%, signal=26%","HLA-A/IL18/ZBTB1/HLA-B/BRD2/MLH1/HLA-C/MALT1/TNFSF13/IL1B/CLEC7A/CD1D/HLA-E/RSAD2/CD55/NFKBIZ",0.431707695803346
"GO:0051346","negative regulation of hydrolase activity",16,0.566024413997363,1.71553290067118,0.0142988367901445,0.156972914915775,0.110519292007817,219,"tags=25%, list=3%, signal=24%","ARL2/TIMP2/RASA4/RRP1B",0.380730400722792
"GO:0060211","regulation of nuclear-transcribed mRNA poly(A) tail shortening",11,-0.670160225554322,-1.71483644107589,0.0111728600829035,0.135666951959694,0.0955184879346151,608,"tags=36%, list=9%, signal=33%","TOB1/TENT4B/BTG2/ZFP36",0.380730400722792
"GO:0050866","negative regulation of cell activation",90,-0.41917779482222,-1.71238335239197,0.000584451589824964,0.0284458740889808,0.0200277727310122,962,"tags=30%, list=14%, signal=26%","MNDA/CD300A/TNFRSF14/SAMSN1/PRKAR1A/MILR1/PRKCD/LDLR/RC3H1/HAVCR2/FCGR2B/CD300LF/PSMA4/VSIR/PTPN2/PTPRC/JAK3/GRN/PRNP/CEBPB/LAPTM5/IRF1/RIPOR2/TNFAIP3/HLA-E/CD69/CLEC12A",0.477270815362862
"GO:0060761","negative regulation of response to cytokine stimulus",47,-0.464018042209616,-1.71208434235658,0.00504158142727778,0.0883829843578223,0.0622274540929915,1962,"tags=57%, list=29%, signal=41%","SH2B3/USP18/STAT2/ISG15/YTHDF3/YTHDF2/ANXA4/SMIM30/NR1H2/CCL5/GPS2/IRAK3/OTUD4/TTLL12/DICER1/MAP2K5/SORL1/OAS1/NLRC5/PTPN2/PTPRC/OAS3/CARD16/IL1B/IL1RN/KLF4/NAIP",0.407017918923954
"GO:0051261","protein depolymerization",55,0.419977749543825,1.71149080335413,0.0024240551067446,0.0601783881869011,0.0423695569401667,893,"tags=31%, list=13%, signal=27%","HSPA8/TWF2/PDXP/MID1IP1/MICAL1/GSN/SH3BP1/DSTN/PPP1R9B/MAP1S/LIMA1/CLTC/NCKAP5L/CAPG/SVIL/TRIOBP/TAOK1",0.431707695803346
"GO:0060333","type II interferon-mediated signaling pathway",19,-0.576353970820176,-1.71120404809191,0.00855339155650063,0.117617083150542,0.0828101890367336,1380,"tags=53%, list=20%, signal=42%","JAK1/NR1H2/IFNGR1/SP100/JAK2/NLRC5/PTPN2/CIITA/IRF1/PARP9",0.380730400722792
"GO:1903900","regulation of viral life cycle",73,-0.430200571629437,-1.71061816454208,0.00132945292213264,0.0447058759906241,0.0314758871982729,1091,"tags=32%, list=16%, signal=27%","VPS4A/ISG20/ZC3HAV1/ADAR/DDX5/IFITM3/TRIM5/OASL/TOP2B/BCL2/OAS1/FAM111A/CXCL8/IFI16/IFIT5/DDX3X/OAS2/OAS3/IFITM1/PLSCR1/ZNFX1/EIF2AK2/RSAD2",0.45505986738723
"GO:2000279","negative regulation of DNA biosynthetic process",19,-0.57480712799597,-1.70661144730047,0.00884580819720232,0.119418410662231,0.0840784424890754,1258,"tags=42%, list=18%, signal=34%","EXOSC10/DCP2/TINF2/GNL3L/PML/TENT4B/CDKN1A/DUSP1",0.380730400722792
"GO:0045089","positive regulation of innate immune response",228,-0.366199575100537,-1.70574609324532,3.12186230034482e-05,0.00398198918930189,0.00280358319281105,1569,"tags=35%, list=23%, signal=28%","ADCY7/ANKRD17/RBM47/IRAK4/KAT5/CPT1A/NLRP3/ZDHHC5/LAMP2/ZDHHC3/RASGRP4/CCL5/FCN1/GPS2/IRAK3/SLC15A3/HMGB2/SLC15A4/BRCC3/OTUD4/PAK1/NOD2/NPLOC4/CSNK1A1/TRAF3IP3/NLRC4/ZC3HAV1/RELA/MNDA/LYPLAL1/PDPK1/CD300A/TRIM5/NINJ1/HEXIM1/OASL/USP15/OAS1/PUM2/CASP1/PJA2/HAVCR2/CD300LF/NAGK/RNF125/HLA-C/SLC46A2/RIPK2/NLRC5/IFI16/DDX3X/LILRA4/TLR8/OAS3/CTSS/RNF135/PSPC1/CLEC7A/DHX58/CD1D/PLSCR1/WDFY1/BCL10/NFKBIA/ZBP1/IRF1/TLR5/PARP9/ZNFX1/MEFV/DDX60/TNFAIP3/HLA-E/NAIP/GBP5/EIF2AK2/RSAD2/NFKBIZ/EREG",0.557332238758646
"GO:0032101","regulation of response to external stimulus",495,-0.339337335712408,-1.70512304786951,1.05660766755415e-07,4.88548970285351e-05,3.43970718362819e-05,1237,"tags=27%, list=18%, signal=24%","GPS2/IRAK3/SLC15A3/HMGB2/SLC15A4/BRCC3/TRIM22/OTUD4/CCR7/PAK1/MAPK1/NOD2/TTLL12/VAMP8/NPLOC4/NR4A3/ALOX5/EMILIN2/CSNK1A1/HLA-A/IL18/TRAF3IP3/CASP4/NLRC4/ZC3HAV1/RELA/MNDA/LYPLAL1/IL10RA/CD47/C3AR1/PDPK1/HLA-B/CD300A/BCL6/USF1/TRIM5/NINJ1/HEXIM1/GPR183/ST3GAL4/OASL/IL15/USP15/PRKAR1A/TRIB1/ILRUN/DNM1L/PRKCD/LDLR/OAS1/PUM2/CASP1/PIM1/PJA2/HAVCR2/FCGR2B/CD300LF/AKIRIN1/JAK2/NAGK/OSM/C15orf39/NFE2L2/RNF125/CCL3/HLA-C/CXCL8/SLC46A2/PTGER4/MAP3K8/NR1D2/GBP1/RIPK2/NLRC5/PTPN2/PML/IFI16/PTPRC/DDX3X/LILRA4/FUT7/TLR8/ADAM10/OAS3/CTSS/RNF135/CARD16/IL1B/GRN/CEBPB/PSPC1/CUL1/SMAD3/CLEC7A/DHX58/SLC8B1/AOAH/TNFRSF1A/CD1D/PLSCR1/NEAT1/WDFY1/CCR1/BCL10/NFKBIA/ZBP1/CD300C/IRF1/TLR5/IL1RN/PARP9/RIPOR2/ZNFX1/MEFV/CD300E/KLF4/OXSR1/DTX3L/DDX60/TNFAIP3/HLA-E/PTGS2/PLAUR/NAIP/GBP5/EIF2AK2/RSAD2/CD69/STAT3/CD55/HERC5/CLEC12A/NFKBIZ/EREG/DUSP1",0.704975715167238
"GO:1902775","mitochondrial large ribosomal subunit assembly",11,0.64538900882994,1.70360857548561,0.0127579040042786,0.148869043885888,0.104813631963049,987,"tags=64%, list=14%, signal=55%","TUFM/MRM2/GTPBP10/GTPBP6/MTG1/DHX30/NDUFAB1",0.380730400722792
"GO:0070269","pyroptotic inflammatory response",28,-0.5234439636774,-1.70223159945662,0.00568023889701096,0.0942771578788668,0.0663773412557966,991,"tags=43%, list=15%, signal=37%","CASP4/NLRC4/NINJ1/APIP/CASP1/GBP1/ZEB2/IFI27/ZBP1/MEFV/NAIP/GBP5",0.407017918923954
"GO:1900026","positive regulation of substrate adhesion-dependent cell spreading",22,0.510773447129785,1.70147917610729,0.00985153753520589,0.128154201900726,0.0902290160662083,1812,"tags=55%, list=27%, signal=40%","TESK1/S100A10/CRKL/C1QBP/RAC1/P4HB/TRIOBP/FLNA/UNC13D/CIB1/DAB2/CALR",0.380730400722792
"GO:0002694","regulation of leukocyte activation",272,-0.357733621681035,-1.70087998903032,8.56899128477563e-06,0.00159126917260316,0.00112035851818339,1223,"tags=29%, list=18%, signal=25%","SLC15A4/CCR7/PSMB3/NOD2/SMARCD3/IL27RA/NR4A3/VAV1/SMARCD2/HLA-A/IL18/ZBTB1/SART1/MNDA/MEF2C/CD47/PDPK1/CD300A/SLC7A1/CD22/PCID2/TNFRSF14/BCL6/SAMSN1/GPR65/ZFP36L1/PNP/GPR183/IL15/BRD2/PRKAR1A/MILR1/BCL2/CD2/LDLR/RC3H1/PJA2/IRF4/HAVCR2/FCGR2B/CD300LF/JAK2/MLH1/ZFP36L2/SIRPB1/CCL3/PSMA4/MAP3K8/VSIR/PTPN2/PTPRC/MALT1/SASH3/FOXO3/TNFSF13/DOCK8/JAK3/IL1B/GRN/PRNP/CEBPB/IL4R/LAPTM5/CLEC7A/CD1D/PPP2R3C/PLSCR1/SH3KBP1/IRF1/TNFSF13B/RIPOR2/TNFAIP3/JUNB/HLA-E/CD69/CD55/CLEC12A/NFKBIZ",0.593325476396405
"GO:0009410","response to xenobiotic stimulus",103,-0.403772169724845,-1.69523809128069,0.000766639684597025,0.0312739393264418,0.0220189173049905,1214,"tags=31%, list=18%, signal=26%","SUFU/TOP1/ALAD/UBE2B/VAV1/ACAA1/ATR/MEF2C/CYP2S1/PNP/XPO1/CREB1/SRD5A1/BCL2/MTHFR/PIM1/ALDH2/NFE2L2/TXNIP/SRP68/BAK1/FOXO3/IL1B/DPYD/PDE4B/ACSL1/OXSR1/SULT1B1/FOS/FOSB/CD69/NFKBIZ",0.477270815362862
"GO:0033674","positive regulation of kinase activity",59,-0.445260767315768,-1.69488274131171,0.00267544132597483,0.0639583468273508,0.0450308972929625,872,"tags=24%, list=13%, signal=21%","ITGB1BP1/STRADA/ABI1/PRKAR1A/PSMD10/JAK2/MAP3K4/PTPRC/LCP2/TNFRSF1A/SYAP1/LTBR/EREG/CDKN1A",0.431707695803346
"GO:0072539","T-helper 17 cell differentiation",37,-0.49407020648754,-1.69384310066499,0.00654027186634306,0.103830324607738,0.0731034011233475,692,"tags=27%, list=10%, signal=24%","BRD2/RC3H1/IRF4/PSMA4/MALT1/JAK3/JUNB/CD69/STAT3/NFKBIZ",0.407017918923954
"GO:0002253","activation of immune response",324,-0.348710870960357,-1.69346724894977,6.28767580844565e-06,0.0013681242832612,0.000963249788957921,1240,"tags=28%, list=18%, signal=24%","MYO1G/GPS2/IRAK3/SLC15A3/SLC15A4/BRCC3/OTUD4/CCR7/PAK1/NOD2/NPLOC4/NR4A3/VAV1/CSNK1A1/RBCK1/KCNN4/HLA-A/TRAF3IP3/C1QC/NLRC4/ZC3HAV1/RELA/MNDA/LYPLAL1/MEF2C/CD47/C3AR1/PDPK1/CD300A/CD22/TRIM5/NINJ1/HEXIM1/SH2B2/OASL/USP15/BLNK/BCL2/PRKCD/OAS1/PUM2/CASP1/FYB1/RC3H1/PJA2/SPG21/HAVCR2/FCGR2B/CD300LF/NAGK/RNF125/SLC46A2/GBP1/RIPK2/PTPN2/IFI16/PTPRC/DDX3X/MALT1/LILRA4/TLR8/OAS3/CTSS/RNF135/IL1B/PRNP/LCP2/PSPC1/PDE4B/LAPTM5/CLEC7A/DHX58/EIF2B2/PLSCR1/WDFY1/CD300LB/BCL10/NFKBIA/ZBP1/IRF1/TLR5/ZNFX1/MEFV/DDX60/TNFAIP3/NAIP/GBP5/EIF2AK2/RSAD2/CD55/NFKBIZ",0.610526878385931
"GO:0001960","negative regulation of cytokine-mediated signaling pathway",44,-0.474493497662608,-1.69323139690123,0.00451160606805848,0.0830264390924088,0.0584560927045701,1962,"tags=57%, list=29%, signal=41%","SH2B3/USP18/STAT2/ISG15/YTHDF3/YTHDF2/ANXA4/SMIM30/NR1H2/CCL5/GPS2/IRAK3/OTUD4/TTLL12/DICER1/SORL1/OAS1/NLRC5/PTPN2/PTPRC/OAS3/CARD16/IL1B/IL1RN/NAIP",0.407017918923954
"GO:0009615","response to virus",230,-0.364299290037407,-1.69108438394979,3.84067301121887e-05,0.00443957795890581,0.0031257558865811,1283,"tags=29%, list=19%, signal=24%","MORC3/SETD2/AZI2/IRAK3/TRIM22/OTUD4/IFNGR1/ABCF3/VAMP8/ISG20/AIMP1/TRAF3IP3/ZC3HAV1/ADAR/RELA/IFITM3/TRIM5/IFI44/OASL/IFIT2/ILRUN/MLKL/BCL2/OAS1/CASP1/POU2F2/BNIP3L/MX2/GBP1/HIF1A/NLRC5/PML/IFI16/IFIT5/PTPRC/DDX3X/TLR8/OAS2/RNASE2/OAS3/RNF135/IL1B/IFI44L/SMAD3/DHX58/IFI27/IFITM1/PLSCR1/BCL3/PMAIP1/DDX60L/ZBP1/IRF1/PARP9/ZNFX1/DTX3L/DDX60/IFIT3/TNFAIP3/CXCR4/GBP5/UBE2W/EIF2AK2/RSAD2/HERC5/NFKBIZ",0.557332238758646
"GO:0070670","response to interleukin-4",15,-0.603525688417999,-1.68777904413526,0.00745228879448155,0.108527623034596,0.0764106092284163,1465,"tags=53%, list=21%, signal=42%","STAT5A/JAK1/CD40/CD300LF/PTPN2/PTPRC/JAK3/IL4R",0.407017918923954
"GO:0071353","cellular response to interleukin-4",15,-0.603525688417999,-1.68777904413526,0.00745228879448155,0.108527623034596,0.0764106092284163,1465,"tags=53%, list=21%, signal=42%","STAT5A/JAK1/CD40/CD300LF/PTPN2/PTPRC/JAK3/IL4R",0.407017918923954
"GO:0035455","response to interferon-alpha",14,-0.630965792147645,-1.68717727917193,0.00741493684894361,0.108527623034596,0.0764106092284163,975,"tags=50%, list=14%, signal=43%","ADAR/IFITM3/OAS1/MX2/RO60/IFITM1/EIF2AK2",0.407017918923954
"GO:0007423","sensory organ development",59,-0.443179320760411,-1.68695972607526,0.00291401261767552,0.0669498923775263,0.0471371427964745,1746,"tags=41%, list=26%, signal=31%","PHACTR4/ATG4B/SMG9/ASCL2/PLAAT3/BMPR2/RAB18/HIPK1/SMARCD3/ATF4/NF2/KDM2B/SCO2/SMCHD1/TDRD7/DTNBP1/MPV17/NIPBL/AGTPBP1/ADAM10/ZEB2/BLOC1S5/FOS/STAT3",0.431707695803346
"GO:0009185","ribonucleoside diphosphate metabolic process",61,0.395979357089167,1.68670443269979,0.00447918717893088,0.0830264390924088,0.0584560927045701,1508,"tags=41%, list=22%, signal=32%","PKM/ARL2/GIT1/ENO1/MTOR/BAD/EIF6/HK2/GAPDH/NUDT18/PRKACA/UCP2/PGK1/TPI1/HK1/PRXL2C/NUDT5/FOXK1/RRM2B/PFKL/ARNT/TIGAR/FOXK2/ZBTB20/PFKP",0.407017918923954
"GO:0002764","immune response-regulating signaling pathway",319,-0.345342789757399,-1.68342789219743,1.67519960738545e-05,0.00238329359527645,0.00167799598381699,1303,"tags=29%, list=19%, signal=24%","FCN1/BTN2A1/CD40/MYO1G/GPS2/IRAK3/SLC15A3/SLC15A4/BRCC3/OTUD4/CCR7/PAK1/NOD2/NPLOC4/NR4A3/VAV1/CSNK1A1/RBCK1/KCNN4/HLA-A/TRAF3IP3/NLRC4/ZC3HAV1/RELA/MNDA/LYPLAL1/MEF2C/CD47/C3AR1/PDPK1/CD300A/CD22/TNFRSF14/NINJ1/SH2B2/OASL/USP15/BLNK/BCL2/PRKCD/OAS1/PUM2/CASP1/FYB1/RC3H1/PJA2/SPG21/HAVCR2/FCGR2B/CD300LF/FCGR1A/NAGK/RNF125/SLC46A2/GBP1/RIPK2/MAP3K1/PTPN2/IFI16/PTPRC/DDX3X/MALT1/LILRA4/TLR8/OAS3/CTSS/RNF135/FCGR2A/PRNP/LCP2/CTSH/PDE4B/LAPTM5/CLEC7A/DHX58/EIF2B2/PLSCR1/WDFY1/CD300LB/BCL10/NFKBIA/IRF1/TLR5/MEFV/DDX60/TNFAIP3/NAIP/GBP5/EIF2AK2/RSAD2/NFKBIZ",0.575610261071129
"GO:0045088","regulation of innate immune response",280,-0.355627625922532,-1.68282674074964,1.41559301448933e-05,0.00218178273358167,0.00153611903785889,1702,"tags=36%, list=25%, signal=28%","ISG15/TLR4/YTHDF3/YWHAZ/YTHDF2/LRCH4/CEP63/IRF3/PTPN1/AP1G1/ADCY7/ANKRD17/RBM47/IRAK4/KAT5/CPT1A/NLRP3/ZDHHC5/SMIM30/LAMP2/ZDHHC3/RASGRP4/NR1H2/CCL5/FCN1/GPS2/IRAK3/SLC15A3/HMGB2/SLC15A4/BRCC3/OTUD4/PAK1/NOD2/TTLL12/NPLOC4/CSNK1A1/HLA-A/TRAF3IP3/NLRC4/ZC3HAV1/RELA/MNDA/LYPLAL1/PDPK1/HLA-B/CD300A/TRIM5/NINJ1/HEXIM1/OASL/USP15/OAS1/PUM2/CASP1/PIM1/PJA2/HAVCR2/FCGR2B/CD300LF/NAGK/NFE2L2/RNF125/HLA-C/SLC46A2/RIPK2/NLRC5/PTPN2/IFI16/DDX3X/LILRA4/TLR8/OAS3/CTSS/RNF135/GRN/PSPC1/CLEC7A/DHX58/CD1D/PLSCR1/WDFY1/BCL10/NFKBIA/ZBP1/CD300C/IRF1/TLR5/PARP9/ZNFX1/MEFV/CD300E/DDX60/TNFAIP3/HLA-E/NAIP/GBP5/EIF2AK2/RSAD2/NFKBIZ/EREG",0.593325476396405
"GO:0140894","endolysosomal toll-like receptor signaling pathway",35,-0.497569038999029,-1.67730985747876,0.0038825948357849,0.0755879910398335,0.0532189343524515,613,"tags=26%, list=9%, signal=24%","OAS1/HAVCR2/DDX3X/LILRA4/TLR8/WDFY1/IRF1/TNFAIP3/RSAD2",0.431707695803346
"GO:0033002","muscle cell proliferation",65,-0.432003581991269,-1.67576647149367,0.00366893352523329,0.0738510521642919,0.0519960147494824,1661,"tags=46%, list=24%, signal=35%","IL6R/TPM1/DIPK2A/RBPJ/IRAK4/PRKCA/CFLAR/BMPR2/CCL5/CTNNB1/P2RY6/PAK1/HBEGF/NR4A3/IL18/MEF2C/CDKN1B/TRIB1/PIM1/AKIRIN1/JAK2/MNAT1/DDIT3/KLF4/TNFAIP3/JUN/FOS/STAT3/EREG/CDKN1A",0.431707695803346
"GO:0021762","substantia nigra development",30,0.473591250826472,1.67572367378083,0.0158251316013546,0.165673369458262,0.116644986218807,1692,"tags=47%, list=25%, signal=35%","BASP1/G6PD/YWHAH/ATP5PB/ATP5PF/HSPA5/YWHAE/GLUD1/SIRT2/YWHAQ/SUDS3/NDRG2/MAPKAP1/CNP",0.352487857583619
"GO:0048857","neural nucleus development",31,0.460214222726189,1.67567603814729,0.0133143092452736,0.15247563435996,0.107352909684752,1692,"tags=45%, list=25%, signal=34%","BASP1/G6PD/YWHAH/ATP5PB/ATP5PF/HSPA5/YWHAE/GLUD1/SIRT2/YWHAQ/SUDS3/NDRG2/MAPKAP1/CNP",0.380730400722792
"GO:0071604","transforming growth factor beta production",15,-0.598845869080604,-1.67469177849012,0.00870591098527479,0.117960310382899,0.0830518436606427,751,"tags=40%, list=11%, signal=36%","CREB1/HIF1A/FOSL2/SMAD3/PTGS2/JUN",0.380730400722792
"GO:0042255","ribosome assembly",51,0.404472471130194,1.67403811097371,0.00700503900892427,0.107072889644673,0.0753863809123362,1193,"tags=43%, list=17%, signal=36%","TUFM/NPM1/MRM2/MRTO4/RBFA/PRKDC/C1QBP/GTPBP10/EIF6/GTPBP6/MTG1/XRCC5/DHX30/METTL17/BOP1/RPS28/NDUFAB1/RPL5/RPS19/EIF1AX/NOP2/RRS1",0.407017918923954
"GO:0032728","positive regulation of interferon-beta production",31,-0.506334868936564,-1.67403332987446,0.00716202326506697,0.107147838186803,0.0754391496324539,1702,"tags=45%, list=25%, signal=34%","ISG15/TLR4/IRF3/HMGB2/TRAF3IP3/ZC3HAV1/OAS1/RIPK2/DDX3X/TLR8/OAS2/OAS3/RNF135/IRF1",0.407017918923954
"GO:0006936","muscle contraction",118,0.35148303006203,1.67371385858986,0.000958871991119152,0.0358283726147339,0.0252255389236879,1840,"tags=44%, list=27%, signal=33%","GNAS/GSN/MYL6/RPL27/ENO1/RPL23A/RPL36/FKBP1A/GAA/MYL6B/RPLP2/SRI/RPL12/TNNI2/RPLP0/BIN1/CAMK2D/PABPN1/LTB4R/PRKACA/ADRB2/UBA52/RPL21/RPL31/RPL24/SLMAP/RPL5/RPL9/RPL23/RPLP1/ATP2B4/RPL36A/RANGRF/FLNA/RPL41/ARHGEF11/RPL7/RPL32/EMD/RPL17/RAP1GDS1/C12orf57/RYR1/ATP1A1/RPL14/RPL34/RPL10A/HSP90AA1/HSBP1/KCNE3/CD38/EEF2",0.477270815362862
"GO:0097700","vascular endothelial cell response to laminar fluid shear stress",12,0.614124022032926,1.67180194779531,0.0141976657751199,0.156972914915775,0.110519292007817,787,"tags=50%, list=12%, signal=44%","CAPN2/GNAS/AKT1/MTOR/PRKACB/PRKACA",0.380730400722792
"GO:0150076","neuroinflammatory response",39,-0.478138262412596,-1.6717660918892,0.00600041133485165,0.0986467623449611,0.069453831185324,1173,"tags=36%, list=17%, signal=30%","MAPK1/IFNGR1/IL18/LDLR/JAK2/CCL3/PTPRC/IL1B/GRN/NR3C1/ZEB2/TNFRSF1A/CCR1/PTGS2",0.407017918923954
"GO:0006760","folic acid-containing compound metabolic process",12,-0.643632687188141,-1.67156613873281,0.00967626439378384,0.126923765931228,0.0893627079373011,765,"tags=50%, list=11%, signal=44%","GCH1/MTHFR/MTR/MTHFD2L/MTHFD2/ATIC",0.380730400722792
"GO:1902017","regulation of cilium assembly",34,0.458144465014003,1.6712955592654,0.00870005349937788,0.117960310382899,0.0830518436606427,1176,"tags=35%, list=17%, signal=29%","TESK1/HTT/RAB11A/AKT1/LIMA1/ATG5/MAP4/KCTD17/CYLD/CDK10/TMEM216/GSK3B",0.380730400722792
"GO:0001578","microtubule bundle formation",14,0.571344826998002,1.67011473341319,0.0158658624305107,0.165673369458262,0.116644986218807,936,"tags=36%, list=14%, signal=31%","TPPP3/NAV1/MAP1S/NCKAP5L/NUMA1",0.352487857583619
"GO:0045648","positive regulation of erythrocyte differentiation",17,-0.585412892863529,-1.66915732016612,0.0119486111271165,0.142177253861619,0.100102170140835,372,"tags=29%, list=5%, signal=28%","HIF1A/FOXO3/GLUL/KAT7/STAT3",0.380730400722792
"GO:0002831","regulation of response to biotic stimulus",327,-0.344986448149942,-1.66830003402825,8.60378033308009e-06,0.00159126917260316,0.00112035851818339,1702,"tags=35%, list=25%, signal=28%","ISG15/TLR4/YTHDF3/YWHAZ/YTHDF2/LRCH4/CEP63/IRF3/PTPN1/AP1G1/ADCY7/ANKRD17/RBM47/LY86/IRAK4/KAT5/CPT1A/PRKCA/NLRP3/ZDHHC5/SMIM30/LAMP2/ZDHHC3/RASGRP4/NR1H2/CCL5/FCN1/GPS2/IRAK3/SLC15A3/HMGB2/SLC15A4/BRCC3/TRIM22/OTUD4/PAK1/NOD2/TTLL12/NPLOC4/EMILIN2/CSNK1A1/HLA-A/TRAF3IP3/NLRC4/ZC3HAV1/RELA/MNDA/LYPLAL1/PDPK1/HLA-B/CD300A/TNFRSF14/TRIM5/NINJ1/HEXIM1/OASL/USP15/TRIB1/ILRUN/OAS1/PUM2/CASP1/PIM1/PJA2/HAVCR2/FCGR2B/CD300LF/NAGK/NFE2L2/RNF125/HLA-C/SLC46A2/RIPK2/NLRC5/PTPN2/PML/IFI16/DDX3X/LILRA4/TLR8/OAS3/CTSS/RNF135/CARD16/IL1B/GRN/PSPC1/CUL1/SMAD3/CLEC7A/DHX58/CD1D/PLSCR1/WDFY1/BCL10/NFKBIA/ZBP1/CD300C/IRF1/TLR5/PARP9/ZNFX1/MEFV/CD300E/DTX3L/DDX60/TNFAIP3/HLA-E/NAIP/GBP5/EIF2AK2/RSAD2/CD55/HERC5/NFKBIZ/EREG",0.593325476396405
"GO:0030278","regulation of ossification",28,-0.512821322735279,-1.66768693692135,0.00730108735064617,0.107888752437255,0.0759608021636714,1774,"tags=54%, list=26%, signal=40%","SGMS2/ISG15/RBPJ/VDR/BMPR2/SETD2/ALOX5/RXRA/MEF2C/SRGN/TENT5A/CCL3/HIF1A/SMAD3/CCR1",0.407017918923954
"GO:0032602","chemokine production",43,-0.463294119763425,-1.66707359865925,0.00990865145812587,0.128154201900726,0.0902290160662083,613,"tags=30%, list=9%, signal=28%","OAS1/HAVCR2/CXCL8/HIF1A/DDX3X/OAS3/IL1B/IL4R/CLEC7A/MEFV/KLF4/EGR1/EIF2AK2",0.380730400722792
"GO:0032642","regulation of chemokine production",43,-0.463294119763425,-1.66707359865925,0.00990865145812587,0.128154201900726,0.0902290160662083,613,"tags=30%, list=9%, signal=28%","OAS1/HAVCR2/CXCL8/HIF1A/DDX3X/OAS3/IL1B/IL4R/CLEC7A/MEFV/KLF4/EGR1/EIF2AK2",0.380730400722792
"GO:0072526","pyridine-containing compound catabolic process",52,0.406604704689436,1.66306953552861,0.00378031970969223,0.0751795839040406,0.0529313887747766,1508,"tags=42%, list=22%, signal=33%","PDXP/PKM/ARL2/GIT1/ENO1/MTOR/EIF6/HK2/GAPDH/PRKACA/UCP2/PGK1/TPI1/HK1/PRXL2C/FOXK1/PFKL/ARNT/TIGAR/FOXK2/ZBTB20/PFKP",0.431707695803346
"GO:0000289","nuclear-transcribed mRNA poly(A) tail shortening",26,-0.523253220903176,-1.66096481419613,0.0158999854440884,0.165673369458262,0.116644986218807,2089,"tags=50%, list=31%, signal=35%","TNRC6B/CNOT11/CNOT10/PAN2/CNOT1/CNOT4/ZFP36L1/TOB1/ZFP36L2/SAMD4A/TENT4B/BTG2/ZFP36",0.352487857583619
"GO:0042129","regulation of T cell proliferation",65,-0.427669905396886,-1.65895589343854,0.00443460636871117,0.0830264390924088,0.0584560927045701,1026,"tags=32%, list=15%, signal=28%","HLA-A/IL18/SLC7A1/TNFRSF14/PNP/IL15/PRKAR1A/RC3H1/HAVCR2/JAK2/VSIR/PTPRC/IL1B/PRNP/CEBPB/LAPTM5/CD1D/IRF1/RIPOR2/HLA-E/CD55",0.407017918923954
"GO:0071356","cellular response to tumor necrosis factor",94,-0.398301107386632,-1.6585172885045,0.00228535581950924,0.0595319096927089,0.041914393413932,1458,"tags=36%, list=21%, signal=29%","ANXA4/KLF2/CCL5/HIPK1/CD40/GPS2/DICER1/RRAGA/CASP4/RELA/CPNE1/TNFRSF14/SPPL2A/ZFAND6/ZFP36L1/CASP1/JAK2/NFE2L2/ZFP36L2/CCL3/CXCL8/GBP1/PTPN2/FOXO3/ADAM10/CARD16/LAPTM5/TNFRSF1A/NFKBIA/TNFSF13B/TNFAIP3/NAIP/FOS/ZFP36",0.431707695803346
"GO:1904752","regulation of vascular associated smooth muscle cell migration",10,-0.676223458081807,-1.65745896301893,0.0140789748648811,0.156972914915775,0.110519292007817,2014,"tags=80%, list=29%, signal=56%","XBP1/PTPN1/TPM1/PAK1/NR4A3/MEF2C/NFE2L2/DOCK5",0.380730400722792
"GO:0002833","positive regulation of response to biotic stimulus",240,-0.355274228363147,-1.65561582328402,5.55898333599136e-05,0.00541123141048212,0.003809864043729,1569,"tags=35%, list=23%, signal=28%","ADCY7/ANKRD17/RBM47/LY86/IRAK4/KAT5/CPT1A/PRKCA/NLRP3/ZDHHC5/LAMP2/ZDHHC3/RASGRP4/CCL5/FCN1/GPS2/IRAK3/SLC15A3/HMGB2/SLC15A4/BRCC3/OTUD4/PAK1/NOD2/NPLOC4/EMILIN2/CSNK1A1/TRAF3IP3/NLRC4/ZC3HAV1/RELA/MNDA/LYPLAL1/PDPK1/CD300A/TRIM5/NINJ1/HEXIM1/OASL/USP15/OAS1/PUM2/CASP1/PJA2/HAVCR2/CD300LF/NAGK/RNF125/HLA-C/SLC46A2/RIPK2/NLRC5/IFI16/DDX3X/LILRA4/TLR8/OAS3/CTSS/RNF135/GRN/PSPC1/CLEC7A/DHX58/CD1D/PLSCR1/WDFY1/BCL10/NFKBIA/ZBP1/IRF1/TLR5/PARP9/ZNFX1/MEFV/DDX60/TNFAIP3/HLA-E/NAIP/GBP5/EIF2AK2/RSAD2/NFKBIZ/EREG",0.557332238758646
"GO:0001906","cell killing",86,-0.409188713895075,-1.65536257686467,0.00295364772014356,0.0670278706552823,0.0471920446504295,635,"tags=20%, list=9%, signal=18%","CD2/HAVCR2/FCGR2B/FCGR1A/ICAM1/HLA-C/CXCL8/GBP1/PTPRC/FCGR2A/CTSH/CD1D/HMGN2/HLA-E/GBP5/CD55/NFKBIZ",0.431707695803346
"GO:0150078","positive regulation of neuroinflammatory response",10,-0.674811926222368,-1.65399922481545,0.0142311785241452,0.156972914915775,0.110519292007817,1352,"tags=60%, list=20%, signal=48%","CCL5/MAPK1/IL18/CCL3/IL1B/CCR1",0.380730400722792
"GO:0072540","T-helper 17 cell lineage commitment",16,-0.590619373411177,-1.65155539222966,0.0140352214863717,0.156972914915775,0.110519292007817,1904,"tags=62%, list=28%, signal=45%","BATF/IL6R/SOCS3/STAT5A/JAK1/BRD2/IRF4/JAK3/CD69/STAT3",0.380730400722792
"GO:0007492","endoderm development",15,-0.590472713800685,-1.65127597981586,0.0100988290783322,0.129039850786475,0.0908525713328801,1270,"tags=53%, list=19%, signal=44%","SETD2/PAF1/DUSP2/CTR9/CDC73/ZFP36L1/DUSP5/DUSP1",0.380730400722792
"GO:0071346","cellular response to type II interferon",45,-0.460216876586317,-1.6511624214414,0.00732091831893781,0.107888752437255,0.0759608021636714,1380,"tags=42%, list=20%, signal=34%","JAK1/NR1H2/CCL5/HLA-DPA1/IFNGR1/SP100/CD47/CASP1/PIM1/JAK2/CCL3/GBP4/GBP1/NLRC5/PTPN2/CIITA/IRF1/PARP9/GBP5",0.407017918923954
"GO:0071867","response to monoamine",17,0.532186334662257,1.65099077006879,0.0268999632591073,0.22665823256364,0.159582354727358,277,"tags=24%, list=4%, signal=23%","MBD2/GNAS/AKT1/GNB1",0.352487857583619
"GO:0071868","cellular response to monoamine stimulus",17,0.532186334662257,1.65099077006879,0.0268999632591073,0.22665823256364,0.159582354727358,277,"tags=24%, list=4%, signal=23%","MBD2/GNAS/AKT1/GNB1",0.352487857583619
"GO:1990173","protein localization to nucleoplasm",13,0.584475985969592,1.65095448956445,0.0166836666556149,0.17094981429119,0.120359951616286,1451,"tags=62%, list=21%, signal=49%","CCT6A/CCT5/CCT2/CCT8/CCT7/CCT4/TBRG1/CCT3",0.352487857583619
"GO:0042274","ribosomal small subunit biogenesis",89,0.363010846499544,1.65061758626602,0.00316875385581939,0.069769169718309,0.0491221001112073,1415,"tags=37%, list=21%, signal=30%","TRMT112/NPM1/TBL3/FBL/NOP56/RBFA/PRKDC/RRP36/RPS17/RIOK1/RPS23/XRCC5/UTP14A/METTL17/IMP3/RPS28/RPS12/PNO1/RPS8/RPS21/RPS27A/RPS19/TSR3/RPS11/RPS4X/HEATR1/NOL7/RPS5/RRS1/RPS15A/PDCD2/NOC4L/RPSA",0.431707695803346
"GO:0002697","regulation of immune effector process",163,-0.369653008133918,-1.64993437100234,0.000523749560522238,0.026397807892497,0.0185857989603016,1235,"tags=28%, list=18%, signal=24%","IRAK3/CD1E/SLC15A4/NOD2/VAMP8/NR4A3/ADGRE2/HLA-A/IL18/ZBTB1/PDPK1/HLA-B/CD300A/GALNT2/CD22/TNFRSF14/BRD2/RC3H1/HAVCR2/FCGR2B/MLH1/DNAJB9/ICAM1/HLA-C/WAS/PTPRC/MALT1/SASH3/FUT7/TNFSF13/JAK3/IL1B/GRN/LAPTM5/CLEC7A/DHX58/CD1D/GAB2/BCL10/DDX60/JUNB/HLA-E/RSAD2/CD69/CD55/NFKBIZ",0.477270815362862
"GO:0050778","positive regulation of immune response",408,-0.33531238915863,-1.6485266436507,7.2198960671228e-06,0.00148368864179374,0.00104461472438774,1240,"tags=26%, list=18%, signal=23%","MYO1G/GPS2/IRAK3/SLC15A3/CD1E/HMGB2/SLC15A4/BRCC3/OTUD4/CCR7/PAK1/NOD2/NPLOC4/NR4A3/VAV1/CSNK1A1/RBCK1/KCNN4/HLA-A/IL18/TRAF3IP3/C1QC/NLRC4/ZC3HAV1/RELA/ZBTB1/MNDA/LYPLAL1/MEF2C/CD47/C3AR1/PDPK1/HLA-B/CD300A/CD22/TRIM5/GPR65/NINJ1/HEXIM1/SH2B2/OASL/IL15/USP15/BRD2/BLNK/BCL2/PRKCD/OAS1/PUM2/CASP1/FYB1/RC3H1/PJA2/SPG21/HAVCR2/FCGR2B/CD300LF/NAGK/MLH1/RNF125/HLA-C/SLC46A2/GBP1/RIPK2/NLRC5/PTPN2/IFI16/PTPRC/DDX3X/MALT1/LILRA4/SASH3/TLR8/TNFSF13/OAS3/CTSS/RNF135/IL1B/PRNP/LCP2/PSPC1/PDE4B/LAPTM5/CLEC7A/DHX58/CD1D/EIF2B2/PLSCR1/WDFY1/CD300LB/BCL10/NFKBIA/ZBP1/IRF1/TLR5/PARP9/ZNFX1/MEFV/DDX60/TNFAIP3/HLA-E/NAIP/GBP5/EIF2AK2/RSAD2/CD55/NFKBIZ/EREG",0.610526878385931
"GO:0042273","ribosomal large subunit biogenesis",60,0.402019573443058,1.64816466855807,0.0023158809576508,0.0599052004360162,0.0421772147336835,1710,"tags=40%, list=25%, signal=30%","TRMT112/TUFM/NPM1/MRM2/MRTO4/GTF3A/GTPBP10/EIF6/GTPBP6/HEATR3/MTG1/DHX30/BOP1/NDUFAB1/RPF1/RPL5/NOP2/RRS1/RPL7/DDX55/PES1/RRP15/DDX18/RPL14",0.431707695803346
"GO:0070555","response to interleukin-1",56,-0.442177608632122,-1.64788238234381,0.00475844323297834,0.0850313116849608,0.0598676553274188,1530,"tags=43%, list=22%, signal=34%","IRAK4/PRKCA/KLF2/CCL5/CD40/IRAK3/OTUD4/RELA/CD47/MTHFR/RC3H1/CCL3/CXCL8/GBP1/HIF1A/IL1B/CEBPB/YTHDC2/NFKBIA/ZBP1/VRK2/IL1RN/TOLLIP/EGR1",0.407017918923954
"GO:0032637","interleukin-8 production",42,-0.469084668921527,-1.64743272485656,0.00810905952759151,0.114050993127608,0.0802994263055818,327,"tags=24%, list=5%, signal=23%","PTPRC/TLR8/IL1B/CLEC7A/BCL3/BCL10/DDIT3/TLR5/KLF4/STAT3",0.380730400722792
"GO:0032677","regulation of interleukin-8 production",42,-0.469084668921527,-1.64743272485656,0.00810905952759151,0.114050993127608,0.0802994263055818,327,"tags=24%, list=5%, signal=23%","PTPRC/TLR8/IL1B/CLEC7A/BCL3/BCL10/DDIT3/TLR5/KLF4/STAT3",0.380730400722792
"GO:1900744","regulation of p38MAPK cascade",16,-0.588825385577451,-1.64653884449389,0.0152066493095506,0.163041726945007,0.114792136206188,656,"tags=44%, list=10%, signal=40%","RELL1/PJA2/MAP3K4/IL1B/GADD45B/PER1/DUSP1",0.380730400722792
"GO:0030183","B cell differentiation",67,-0.422487210802086,-1.64596674891892,0.00541563149497628,0.0927426893514689,0.0652969741405698,867,"tags=28%, list=13%, signal=25%","SPIB/PCID2/ZFP36L1/GPR183/BLNK/TOP2B/FCGR2B/ZFP36L2/DNAJB9/PTPN2/PTPRC/JAK3/LAPTM5/PPP2R3C/KLF6/TNFSF13B/FNIP1/STAT3/NFKBIZ",0.407017918923954
"GO:0002757","immune response-activating signaling pathway",298,-0.345135357833652,-1.64504622951102,1.62269708269721e-05,0.00238329359527645,0.00167799598381699,1240,"tags=28%, list=18%, signal=24%","MYO1G/GPS2/IRAK3/SLC15A3/SLC15A4/BRCC3/OTUD4/CCR7/PAK1/NOD2/NPLOC4/NR4A3/VAV1/CSNK1A1/RBCK1/KCNN4/HLA-A/TRAF3IP3/NLRC4/ZC3HAV1/RELA/MNDA/LYPLAL1/MEF2C/CD47/C3AR1/PDPK1/CD300A/CD22/NINJ1/SH2B2/OASL/USP15/BLNK/BCL2/PRKCD/OAS1/PUM2/CASP1/FYB1/RC3H1/PJA2/SPG21/HAVCR2/FCGR2B/CD300LF/NAGK/RNF125/SLC46A2/GBP1/RIPK2/PTPN2/IFI16/PTPRC/DDX3X/MALT1/LILRA4/TLR8/OAS3/CTSS/RNF135/PRNP/LCP2/PDE4B/LAPTM5/CLEC7A/DHX58/EIF2B2/PLSCR1/WDFY1/CD300LB/BCL10/NFKBIA/IRF1/TLR5/MEFV/DDX60/TNFAIP3/NAIP/GBP5/EIF2AK2/RSAD2/NFKBIZ",0.575610261071129
"GO:0002456","T cell mediated immunity",60,-0.433777297663622,-1.64300463686498,0.00357702024222776,0.0731016457237596,0.05146838315598,1240,"tags=33%, list=18%, signal=28%","MYO1G/CD1E/HLA-A/IL18/ZBTB1/HLA-B/TNFRSF14/FCGR2B/HLA-C/WAS/PTPRC/MALT1/FUT7/IL1B/CTSH/CD1D/HLA-E/RSAD2/CD55/NFKBIZ",0.431707695803346
"GO:1902905","positive regulation of supramolecular fiber organization",74,0.374967857465836,1.64262525491992,0.00181297640131398,0.0519860442516312,0.036601606130969,990,"tags=26%, list=14%, signal=22%","TESK1/PYCARD/PDXP/S100A10/PDE4DIP/ARL2/SNX9/GIT1/GSN/RGCC/SERPINF2/BIN1/SORBS3/LIMA1/NCK2/RAC1/NUMA1/FHOD1/TGFBR1",0.45505986738723
"GO:0046031","ADP metabolic process",53,0.404519460356655,1.64211108135499,0.00442940600165829,0.0830264390924088,0.0584560927045701,1508,"tags=42%, list=22%, signal=33%","PKM/ARL2/GIT1/ENO1/MTOR/BAD/EIF6/HK2/GAPDH/PRKACA/UCP2/PGK1/TPI1/HK1/PRXL2C/FOXK1/PFKL/ARNT/TIGAR/FOXK2/ZBTB20/PFKP",0.407017918923954
"GO:0002700","regulation of production of molecular mediator of immune response",68,-0.417765909213813,-1.64017282966837,0.00470782149645729,0.0850313116849608,0.0598676553274188,1485,"tags=40%, list=22%, signal=31%","NLRP3/DDX21/TMBIM6/IRAK3/SLC15A4/NOD2/NR4A3/HLA-A/IL18/GALNT2/CD22/TNFRSF14/FCGR2B/MLH1/DNAJB9/PTPRC/MALT1/SASH3/TNFSF13/JAK3/IL1B/LAPTM5/CLEC7A/BCL10/HLA-E/RSAD2/CD55",0.407017918923954
"GO:0070661","leukocyte proliferation",121,-0.37776253708563,-1.63959487167008,0.00174935648746205,0.0505536691181415,0.0355931195030191,1109,"tags=31%, list=16%, signal=27%","IL27RA/VAV1/HLA-A/IL18/MNDA/MEF2C/CD300A/CSF2RA/SLC7A1/CD22/TNFRSF14/PNP/GPR183/IL15/PRKAR1A/BCL2/RC3H1/HAVCR2/FCGR2B/JAK2/PPP3CB/VSIR/PTPRC/SASH3/TNFSF13/DOCK8/IL1B/PRNP/CEBPB/LAPTM5/CD1D/IRF1/TNFSF13B/RIPOR2/TNFAIP3/HLA-E/CD55/NFKBIZ",0.45505986738723
"GO:0032212","positive regulation of telomere maintenance via telomerase",18,0.52840018191131,1.63880328995358,0.0347817556941907,0.261121129494874,0.183846508651122,1898,"tags=72%, list=28%, signal=52%","CCT6A/HNRNPA1/PTGES3/CCT5/CCT2/CCT8/CCT7/CCT4/HNRNPD/CCT3/PARN/HSP90AA1/DKC1",0.321775918075361
"GO:0006096","glycolytic process",49,0.40907110883074,1.6379327651129,0.00755969019144907,0.109513746435945,0.077104905185193,1706,"tags=47%, list=25%, signal=35%","PKM/ARL2/GIT1/ENO1/MTOR/EIF6/HK2/GAPDH/PRKACA/UCP2/PGK1/TPI1/HK1/PRXL2C/FOXK1/PFKL/ARNT/TIGAR/FOXK2/ZBTB20/PFKP/ZBTB7A/OGT",0.407017918923954
"GO:0051249","regulation of lymphocyte activation",248,-0.345472890175521,-1.63771460897077,0.000218699442704576,0.0144458792600755,0.0101708523990307,1223,"tags=28%, list=18%, signal=24%","SLC15A4/CCR7/PSMB3/NOD2/SMARCD3/IL27RA/VAV1/SMARCD2/HLA-A/IL18/ZBTB1/SART1/MNDA/MEF2C/CD47/PDPK1/CD300A/SLC7A1/CD22/PCID2/TNFRSF14/BCL6/SAMSN1/GPR65/ZFP36L1/PNP/GPR183/IL15/BRD2/PRKAR1A/BCL2/CD2/RC3H1/IRF4/HAVCR2/FCGR2B/JAK2/MLH1/ZFP36L2/SIRPB1/PSMA4/MAP3K8/VSIR/PTPN2/PTPRC/MALT1/SASH3/FOXO3/TNFSF13/DOCK8/JAK3/IL1B/PRNP/CEBPB/LAPTM5/CLEC7A/CD1D/PPP2R3C/SH3KBP1/IRF1/TNFSF13B/RIPOR2/TNFAIP3/JUNB/HLA-E/CD69/CD55/CLEC12A/NFKBIZ",0.518848077743792
"GO:0046653","tetrahydrofolate metabolic process",10,-0.668148873662678,-1.63766773549171,0.0157487758446504,0.165673369458262,0.116644986218807,765,"tags=60%, list=11%, signal=53%","GCH1/MTHFR/MTR/MTHFD2L/MTHFD2/ATIC",0.352487857583619
"GO:0032897","negative regulation of viral transcription",11,-0.639820484084092,-1.63720173178985,0.024061604754017,0.209420884670844,0.147446124179391,977,"tags=45%, list=14%, signal=39%","SP100/IFITM3/HEXIM1/TRIM14/ZFP36",0.352487857583619
"GO:0031348","negative regulation of defense response",132,-0.372990250424443,-1.63667370985624,0.00162196389001428,0.0491774133537936,0.0346241446147142,701,"tags=23%, list=10%, signal=21%","USP15/PRKAR1A/ILRUN/PRKCD/LDLR/OAS1/PIM1/HAVCR2/FCGR2B/C15orf39/PTGER4/NR1D2/NLRC5/PTPN2/IFI16/PTPRC/OAS3/IL1B/GRN/SMAD3/DHX58/AOAH/TNFRSF1A/IL1RN/MEFV/KLF4/TNFAIP3/HLA-E/CD69/STAT3/CLEC12A",0.45505986738723
"GO:0002218","activation of innate immune response",196,-0.354888592768347,-1.63318922490941,0.000352752566194883,0.0213906843008996,0.0150604534913976,1237,"tags=30%, list=18%, signal=25%","GPS2/IRAK3/SLC15A3/SLC15A4/BRCC3/OTUD4/PAK1/NOD2/NPLOC4/CSNK1A1/TRAF3IP3/NLRC4/ZC3HAV1/RELA/MNDA/LYPLAL1/PDPK1/CD300A/TRIM5/NINJ1/HEXIM1/OASL/USP15/OAS1/PUM2/CASP1/PJA2/HAVCR2/CD300LF/NAGK/RNF125/SLC46A2/RIPK2/IFI16/DDX3X/LILRA4/TLR8/OAS3/CTSS/RNF135/PSPC1/CLEC7A/DHX58/WDFY1/BCL10/NFKBIA/ZBP1/IRF1/TLR5/ZNFX1/MEFV/DDX60/TNFAIP3/NAIP/GBP5/EIF2AK2/RSAD2/NFKBIZ",0.49849310876659
"GO:0070663","regulation of leukocyte proliferation",102,-0.391520748301143,-1.63241526690437,0.00305229850837543,0.0680147721836187,0.0478868884599598,1026,"tags=32%, list=15%, signal=28%","HLA-A/IL18/MNDA/MEF2C/CD300A/CSF2RA/SLC7A1/CD22/TNFRSF14/PNP/GPR183/IL15/PRKAR1A/BCL2/RC3H1/HAVCR2/FCGR2B/JAK2/VSIR/PTPRC/SASH3/TNFSF13/IL1B/PRNP/CEBPB/LAPTM5/CD1D/IRF1/TNFSF13B/RIPOR2/TNFAIP3/HLA-E/CD55",0.431707695803346
"GO:0009134","nucleoside diphosphate catabolic process",53,0.4020444003622,1.63206379354261,0.00475750435628852,0.0850313116849608,0.0598676553274188,1508,"tags=43%, list=22%, signal=34%","PKM/ARL2/GIT1/ENO1/MTOR/EIF6/HK2/GAPDH/NUDT18/PRKACA/UCP2/PGK1/TPI1/HK1/PRXL2C/NUDT5/FOXK1/PFKL/ARNT/TIGAR/FOXK2/ZBTB20/PFKP",0.407017918923954
"GO:0009191","ribonucleoside diphosphate catabolic process",53,0.4020444003622,1.63206379354261,0.00475750435628852,0.0850313116849608,0.0598676553274188,1508,"tags=43%, list=22%, signal=34%","PKM/ARL2/GIT1/ENO1/MTOR/EIF6/HK2/GAPDH/NUDT18/PRKACA/UCP2/PGK1/TPI1/HK1/PRXL2C/NUDT5/FOXK1/PFKL/ARNT/TIGAR/FOXK2/ZBTB20/PFKP",0.407017918923954
"GO:0060760","positive regulation of response to cytokine stimulus",38,-0.467602261761879,-1.6315729535368,0.0153106622141153,0.16306650014073,0.11480957817096,1992,"tags=50%, list=29%, signal=36%","IFIH1/NRDC/UBE2K/AGPAT2/TLR4/AXL/RBM47/CD40/CASP4/CPNE1/CASP1/CD300LF/HIF1A/NLRC5/ADAM10/LAPTM5/ZBP1/PARP9/CXCR4",0.380730400722792
"GO:0039529","RIG-I signaling pathway",21,-0.537896266965365,-1.63127210229265,0.0188051909619401,0.182521997791834,0.128507532542346,1111,"tags=48%, list=16%, signal=40%","NPLOC4/ZC3HAV1/OASL/USP15/PUM2/RNF125/OAS3/RNF135/DHX58/DDX60",0.352487857583619
"GO:0016064","immunoglobulin mediated immune response",40,-0.467428591305696,-1.63084042482248,0.00679672686978535,0.106080559879055,0.0746877152655063,521,"tags=22%, list=8%, signal=21%","FCGR2B/FCGR1A/MLH1/TLR8/TNFSF13/FCGR2A/HLA-E/CD55/NFKBIZ",0.407017918923954
"GO:0034612","response to tumor necrosis factor",103,-0.388379190328762,-1.63061064301371,0.00191766762101396,0.0529362129114227,0.037270587576746,1458,"tags=37%, list=21%, signal=29%","ANXA4/KLF2/NUB1/CCL5/HIPK1/CD40/GPS2/DICER1/RRAGA/CASP4/RELA/CPNE1/TNFRSF14/SPPL2A/ZFAND6/ZFP36L1/GCH1/CASP1/JAK2/NFE2L2/ZFP36L2/CCL3/CXCL8/GBP1/PTPN2/TUBA1A/FOXO3/ADAM10/CARD16/YTHDC2/LAPTM5/TNFRSF1A/NFKBIA/TNFSF13B/TNFAIP3/NAIP/FOS/ZFP36",0.45505986738723
"GO:0002637","regulation of immunoglobulin production",24,-0.526732617384043,-1.62934216880321,0.0166329537619024,0.170903599903548,0.120327413637326,888,"tags=38%, list=13%, signal=33%","GALNT2/CD22/FCGR2B/MLH1/DNAJB9/PTPRC/SASH3/TNFSF13/HLA-E",0.352487857583619
"GO:0006941","striated muscle contraction",88,0.362111840910703,1.62839535381017,0.0027146419172463,0.0639583468273508,0.0450308972929625,1925,"tags=49%, list=28%, signal=36%","GNAS/GSN/RPL27/RPL23A/RPL36/FKBP1A/GAA/RPLP2/SRI/RPL12/TNNI2/RPLP0/BIN1/CAMK2D/PRKACA/ADRB2/UBA52/RPL21/RPL31/RPL24/RPL5/RPL9/RPL23/RPLP1/RPL36A/RANGRF/FLNA/RPL41/ARHGEF11/RPL7/RPL32/RPL17/C12orf57/RYR1/ATP1A1/RPL14/RPL34/RPL10A/HSP90AA1/KCNE3/EEF2/RPL30/RPL18A",0.431707695803346
"GO:0002532","production of molecular mediator involved in inflammatory response",50,-0.437883916127666,-1.62672569887105,0.0107601827320877,0.134013184936001,0.0943541268045281,511,"tags=22%, list=7%, signal=21%","JAK2/HIF1A/GRN/IL4R/CLEC7A/PER1/NFKBIA/MEFV/GBP5/ZFP36/STAT3",0.380730400722792
"GO:0140467","integrated stress response signaling",44,-0.455637383596516,-1.62594330018855,0.00943469690064861,0.124639085126783,0.0877541418664815,480,"tags=25%, list=7%, signal=23%","NFE2L2/PTPN2/CEBPB/UBR4/PPP1R15A/PPP1R15B/DDIT3/JUNB/JUN/FOS/HERC5",0.380730400722792
"GO:0097699","vascular endothelial cell response to fluid shear stress",15,0.550459171096708,1.62485554018425,0.0279034727669313,0.228779064382484,0.1610755602986,929,"tags=47%, list=14%, signal=40%","CAPN2/GNAS/AKT1/MTOR/PRKACB/PRKACA/PTK2",0.352487857583619
"GO:1901526","positive regulation of mitophagy",15,0.550385761419081,1.62463884814303,0.0279034727669313,0.228779064382484,0.1610755602986,1539,"tags=47%, list=23%, signal=36%","HTT/HK2/TOMM7/UBE2A/SLC25A5/CDC37/HUWE1",0.352487857583619
"GO:0032273","positive regulation of protein polymerization",38,0.428678374661119,1.62437958499593,0.015341211692072,0.16306650014073,0.11480957817096,163,"tags=16%, list=2%, signal=15%","TPPP3/PYCARD/PDE4DIP/ARL2/SNX9/GIT1",0.380730400722792
"GO:0009132","nucleoside diphosphate metabolic process",64,0.376758807072244,1.62403020623582,0.00640890472302393,0.102625708097253,0.0722552715976193,1508,"tags=41%, list=22%, signal=32%","DTYMK/PKM/ARL2/GIT1/ENO1/MTOR/BAD/EIF6/HK2/GAPDH/NUDT18/PRKACA/UCP2/PGK1/TPI1/HK1/PRXL2C/NUDT5/FOXK1/RRM2B/PFKL/ARNT/TIGAR/FOXK2/ZBTB20/PFKP",0.407017918923954
"GO:0030282","bone mineralization",25,-0.510462765144836,-1.62380087670468,0.022020040201454,0.202114463288284,0.142301921316466,1774,"tags=52%, list=26%, signal=39%","SGMS2/ISG15/VDR/BMPR2/ALOX5/ATF4/RXRA/MEF2C/SRGN/TENT5A/CCL3/SMAD3/CCR1",0.352487857583619
"GO:0002534","cytokine production involved in inflammatory response",34,-0.474600230576218,-1.61792052157825,0.0228025294558535,0.205222765102681,0.144490370935677,511,"tags=26%, list=7%, signal=25%","JAK2/HIF1A/CLEC7A/PER1/NFKBIA/MEFV/GBP5/ZFP36/STAT3",0.352487857583619
"GO:1900015","regulation of cytokine production involved in inflammatory response",34,-0.474600230576218,-1.61792052157825,0.0228025294558535,0.205222765102681,0.144490370935677,511,"tags=26%, list=7%, signal=25%","JAK2/HIF1A/CLEC7A/PER1/NFKBIA/MEFV/GBP5/ZFP36/STAT3",0.352487857583619
"GO:1902018","negative regulation of cilium assembly",13,0.57272822609655,1.61777089028868,0.0210358773461118,0.195506809807205,0.137649697173507,1081,"tags=38%, list=16%, signal=32%","TESK1/AKT1/LIMA1/MAP4/CDK10",0.352487857583619
"GO:0051101","regulation of DNA binding",19,-0.544830725820484,-1.6176110354929,0.0234850387168794,0.207381698024274,0.146010402197853,905,"tags=32%, list=13%, signal=27%","CPNE1/RSF1/ILRUN/IFI16/PLAUR/JUN",0.352487857583619
"GO:0002639","positive regulation of immunoglobulin production",19,-0.544672727894643,-1.61714193715407,0.0234850387168794,0.207381698024274,0.146010402197853,888,"tags=37%, list=13%, signal=32%","GALNT2/MLH1/DNAJB9/PTPRC/SASH3/TNFSF13/HLA-E",0.352487857583619
"GO:0061001","regulation of dendritic spine morphogenesis",13,-0.60746335760341,-1.61711560969413,0.0183973744175191,0.181707155577168,0.127933829845219,767,"tags=38%, list=11%, signal=34%","DTNBP1/SLC30A1/SIPA1L1/ABI3/SMAD3",0.352487857583619
"GO:1904869","regulation of protein localization to Cajal body",10,0.627137327607078,1.6160814629821,0.0307187739323197,0.242796463195834,0.170944734184259,1451,"tags=70%, list=21%, signal=55%","CCT6A/CCT5/CCT2/CCT8/CCT7/CCT4/CCT3",0.352487857583619
"GO:1904871","positive regulation of protein localization to Cajal body",10,0.627137327607078,1.6160814629821,0.0307187739323197,0.242796463195834,0.170944734184259,1451,"tags=70%, list=21%, signal=55%","CCT6A/CCT5/CCT2/CCT8/CCT7/CCT4/CCT3",0.352487857583619
"GO:0045039","protein insertion into mitochondrial inner membrane",14,0.552426118514884,1.614812904672,0.0252049918638805,0.217834731085266,0.153370027352645,331,"tags=21%, list=5%, signal=20%","ROMO1/TIMM10/TIMM9",0.352487857583619
"GO:0046032","ADP catabolic process",50,0.404077752172641,1.61420142115814,0.00508389862346603,0.0887044387179286,0.062453779177869,1706,"tags=46%, list=25%, signal=35%","PKM/ARL2/GIT1/ENO1/MTOR/EIF6/HK2/GAPDH/PRKACA/UCP2/PGK1/TPI1/HK1/PRXL2C/FOXK1/PFKL/ARNT/TIGAR/FOXK2/ZBTB20/PFKP/ZBTB7A/OGT",0.407017918923954
"GO:0032689","negative regulation of type II interferon production",15,-0.577203489565556,-1.61416816646879,0.0134418433307271,0.153461044692468,0.108046703594004,530,"tags=33%, list=8%, signal=31%","HAVCR2/VSIR/PRNP/LAPTM5/DDIT3",0.380730400722792
"GO:0006261","DNA-templated DNA replication",69,0.373735354709702,1.61255069781023,0.00662260184793641,0.104345768112618,0.0734663073690518,1273,"tags=35%, list=19%, signal=29%","MCM3/MCM7/PURA/CDK2AP1/PARP1/MCM5/BARD1/PHIP/UPF1/POLD4/MRE11/NOC3L/SAMHD1/WRNIP1/TERF1/ENDOG/CDC34/AGER/ELOC/ELOB/RAD51C/RRM2B/NUCKS1/LIG3",0.407017918923954
"GO:0060759","regulation of response to cytokine stimulus",101,-0.387490727176268,-1.61254964806002,0.00155278041641092,0.0487666596438049,0.0343349468939361,1992,"tags=50%, list=29%, signal=36%","IFIH1/NRDC/SH2B3/UBE2K/USP18/STAT2/AGPAT2/ISG15/TLR4/YTHDF3/YTHDF2/AXL/PTPN1/RBM47/ANXA4/SMIM30/NR1H2/CCL5/HIPK1/CD40/GPS2/IRAK3/OTUD4/TTLL12/DICER1/MAP2K5/CASP4/CPNE1/SORL1/SPPL2A/OAS1/CASP1/CD300LF/HIF1A/NLRC5/PTPN2/PTPRC/ADAM10/OAS3/CARD16/IL1B/LAPTM5/ZBP1/VRK2/IL1RN/PARP9/KLF4/TNFAIP3/CXCR4/NAIP",0.45505986738723
"GO:0030279","negative regulation of ossification",11,-0.629806593162302,-1.61157773261049,0.0290196980949753,0.234530141803408,0.165124698362856,953,"tags=55%, list=14%, signal=47%","MEF2C/SRGN/CCL3/HIF1A/SMAD3/CCR1",0.352487857583619
"GO:1900153","positive regulation of nuclear-transcribed mRNA catabolic process, deadenylation-dependent decay",11,-0.629682550042246,-1.61126032543766,0.0293113509095619,0.235701493509716,0.165949407271031,1268,"tags=55%, list=19%, signal=44%","CNOT1/ZFP36L1/TOB1/ZFP36L2/HELZ/ZFP36",0.352487857583619
"GO:0009137","purine nucleoside diphosphate catabolic process",52,0.393923807710153,1.61120291124661,0.00555925851840996,0.0934713511799929,0.0658100001581143,1508,"tags=42%, list=22%, signal=33%","PKM/ARL2/GIT1/ENO1/MTOR/EIF6/HK2/GAPDH/NUDT18/PRKACA/UCP2/PGK1/TPI1/HK1/PRXL2C/FOXK1/PFKL/ARNT/TIGAR/FOXK2/ZBTB20/PFKP",0.407017918923954
"GO:0009181","purine ribonucleoside diphosphate catabolic process",52,0.393923807710153,1.61120291124661,0.00555925851840996,0.0934713511799929,0.0658100001581143,1508,"tags=42%, list=22%, signal=33%","PKM/ARL2/GIT1/ENO1/MTOR/EIF6/HK2/GAPDH/NUDT18/PRKACA/UCP2/PGK1/TPI1/HK1/PRXL2C/FOXK1/PFKL/ARNT/TIGAR/FOXK2/ZBTB20/PFKP",0.407017918923954
"GO:0019364","pyridine nucleotide catabolic process",50,0.403194479599253,1.61067294220683,0.00531110965664851,0.0913757889299666,0.0643345860310627,1706,"tags=46%, list=25%, signal=35%","PKM/ARL2/GIT1/ENO1/MTOR/EIF6/HK2/GAPDH/PRKACA/UCP2/PGK1/TPI1/HK1/PRXL2C/FOXK1/PFKL/ARNT/TIGAR/FOXK2/ZBTB20/PFKP/ZBTB7A/OGT",0.407017918923954
"GO:0009135","purine nucleoside diphosphate metabolic process",58,0.381428884993782,1.60950460378033,0.0119538053395414,0.142177253861619,0.100102170140835,1508,"tags=40%, list=22%, signal=31%","PKM/ARL2/GIT1/ENO1/MTOR/BAD/EIF6/HK2/GAPDH/NUDT18/PRKACA/UCP2/PGK1/TPI1/HK1/PRXL2C/FOXK1/PFKL/ARNT/TIGAR/FOXK2/ZBTB20/PFKP",0.380730400722792
"GO:0009179","purine ribonucleoside diphosphate metabolic process",58,0.381428884993782,1.60950460378033,0.0119538053395414,0.142177253861619,0.100102170140835,1508,"tags=40%, list=22%, signal=31%","PKM/ARL2/GIT1/ENO1/MTOR/BAD/EIF6/HK2/GAPDH/NUDT18/PRKACA/UCP2/PGK1/TPI1/HK1/PRXL2C/FOXK1/PFKL/ARNT/TIGAR/FOXK2/ZBTB20/PFKP",0.380730400722792
"GO:2000514","regulation of CD4-positive, alpha-beta T cell activation",39,-0.460084691273188,-1.608643454692,0.0116922907292415,0.140878773314216,0.0991879541382729,800,"tags=28%, list=12%, signal=25%","GPR65/BRD2/RC3H1/IRF4/VSIR/MALT1/JAK3/JUNB/CD69/CD55/NFKBIZ",0.380730400722792
"GO:0046631","alpha-beta T cell activation",104,-0.381140430735031,-1.60840553898023,0.00356906284188167,0.0731016457237596,0.05146838315598,1026,"tags=24%, list=15%, signal=21%","HLA-A/IL18/CD300A/TNFRSF14/GPR65/PNP/GPR183/BRD2/RC3H1/IRF4/JAK2/PSMA4/PTGER4/VSIR/MALT1/JAK3/CEBPB/IRF1/JUNB/HLA-E/RSAD2/CD69/STAT3/CD55/NFKBIZ",0.431707695803346
"GO:0060996","dendritic spine development",32,-0.483764828569362,-1.60838322861284,0.0121480058911672,0.14356381403012,0.101078400009734,953,"tags=38%, list=14%, signal=32%","MEF2C/DTNBP1/SLC30A1/SRGAP2/SIPA1L1/IQSEC1/C21orf91/SRGAP2C/WASL/ABI3/SMAD3/ARF4",0.380730400722792
"GO:0002768","immune response-regulating cell surface receptor signaling pathway",197,-0.350859063129535,-1.60629897212292,0.000374297682944837,0.0218446503852631,0.0153800755756682,1303,"tags=27%, list=19%, signal=22%","FCN1/BTN2A1/CD40/MYO1G/GPS2/CCR7/PAK1/NR4A3/VAV1/RBCK1/KCNN4/HLA-A/RELA/MNDA/MEF2C/CD47/C3AR1/CD300A/CD22/TNFRSF14/NINJ1/SH2B2/BLNK/BCL2/PRKCD/OAS1/FYB1/RC3H1/PJA2/SPG21/FCGR2B/FCGR1A/GBP1/RIPK2/MAP3K1/PTPN2/PTPRC/MALT1/LILRA4/FCGR2A/PRNP/LCP2/PDE4B/LAPTM5/CLEC7A/EIF2B2/PLSCR1/WDFY1/BCL10/NFKBIA/TLR5/TNFAIP3/NFKBIZ",0.49849310876659
"GO:0006505","GPI anchor metabolic process",14,0.549155465012153,1.60525236199325,0.027479085390408,0.227262278636157,0.160007643028276,1803,"tags=50%, list=26%, signal=37%","PIGP/PIGM/GPAA1/DPM2/PIGK/PIGG/SLC30A5",0.352487857583619
"GO:0006506","GPI anchor biosynthetic process",14,0.549155465012153,1.60525236199325,0.027479085390408,0.227262278636157,0.160007643028276,1803,"tags=50%, list=26%, signal=37%","PIGP/PIGM/GPAA1/DPM2/PIGK/PIGG/SLC30A5",0.352487857583619
"GO:0180046","GPI anchored protein biosynthesis",14,0.549155465012153,1.60525236199325,0.027479085390408,0.227262278636157,0.160007643028276,1803,"tags=50%, list=26%, signal=37%","PIGP/PIGM/GPAA1/DPM2/PIGK/PIGG/SLC30A5",0.352487857583619
"GO:0044273","sulfur compound catabolic process",10,0.622242948075624,1.60346904830769,0.0352979149822125,0.261407882145048,0.184048401441962,430,"tags=40%, list=6%, signal=38%","ACAT1/TST/ABCD1/TXN2",0.321775918075361
"GO:0001704","formation of primary germ layer",20,-0.53913883376107,-1.60240558408315,0.0267227988532811,0.22665823256364,0.159582354727358,1440,"tags=50%, list=21%, signal=40%","BMPR2/SETD2/PAF1/KDM6B/DUSP2/CTR9/CDC73/KLF4/DUSP5/DUSP1",0.352487857583619
"GO:0009994","oocyte differentiation",10,-0.653752733148977,-1.60238204428691,0.0217481531432106,0.200115468847602,0.140894497300481,1684,"tags=70%, list=25%, signal=53%","YTHDF2/KMT2D/TDRD7/WASHC5/RAB24/YTHDC2/EREG",0.352487857583619
"GO:0048599","oocyte development",10,-0.653752733148977,-1.60238204428691,0.0217481531432106,0.200115468847602,0.140894497300481,1684,"tags=70%, list=25%, signal=53%","YTHDF2/KMT2D/TDRD7/WASHC5/RAB24/YTHDC2/EREG",0.352487857583619
"GO:0035710","CD4-positive, alpha-beta T cell activation",73,-0.402700433182419,-1.60126862049867,0.00483916019230763,0.0856929612414518,0.0603335002827725,800,"tags=23%, list=12%, signal=21%","GPR65/GPR183/BRD2/RC3H1/IRF4/PSMA4/PTGER4/VSIR/MALT1/JAK3/CEBPB/JUNB/RSAD2/CD69/STAT3/CD55/NFKBIZ",0.407017918923954
"GO:0010656","negative regulation of muscle cell apoptotic process",14,-0.598658359920661,-1.60078849822673,0.0188492574091594,0.182521997791834,0.128507532542346,1567,"tags=50%, list=23%, signal=39%","DIPK2A/CFLAR/MAP2K5/PDPK1/JAK2/NFE2L2/GPR35",0.352487857583619
"GO:0002758","innate immune response-activating signaling pathway",180,-0.353521411623082,-1.60057685834378,0.000722072655524088,0.0303516676452682,0.021369577173307,1237,"tags=29%, list=18%, signal=24%","GPS2/IRAK3/SLC15A3/SLC15A4/BRCC3/OTUD4/PAK1/NOD2/NPLOC4/CSNK1A1/TRAF3IP3/NLRC4/ZC3HAV1/RELA/LYPLAL1/PDPK1/CD300A/NINJ1/OASL/USP15/OAS1/PUM2/CASP1/PJA2/HAVCR2/CD300LF/NAGK/RNF125/SLC46A2/RIPK2/IFI16/DDX3X/LILRA4/TLR8/OAS3/CTSS/RNF135/CLEC7A/DHX58/WDFY1/BCL10/NFKBIA/IRF1/TLR5/MEFV/DDX60/TNFAIP3/NAIP/GBP5/EIF2AK2/RSAD2/NFKBIZ",0.477270815362862
"GO:0001961","positive regulation of cytokine-mediated signaling pathway",33,-0.47625786448796,-1.60033944024939,0.0109978730593813,0.135654739131635,0.0955098892976386,991,"tags=33%, list=15%, signal=29%","CASP4/CPNE1/CASP1/CD300LF/HIF1A/NLRC5/ADAM10/LAPTM5/ZBP1/PARP9/CXCR4",0.380730400722792
"GO:0042113","B cell activation",124,-0.369361327448125,-1.60010967392491,0.00453402019374603,0.0830264390924088,0.0584560927045701,1269,"tags=32%, list=19%, signal=27%","CD40/GPS2/SLC15A4/NOD2/HDAC9/IL27RA/VAV1/MNDA/MEF2C/CD300A/SPIB/CD22/PCID2/TNFRSF14/SAMSN1/ZFP36L1/GPR183/BLNK/TOP2B/BCL2/RC3H1/FCGR2B/MLH1/ZFP36L2/DNAJB9/PTPN2/PTPRC/MALT1/SASH3/TNFSF13/JAK3/LAPTM5/PPP2R3C/SH3KBP1/KLF6/TNFSF13B/TNFAIP3/FNIP1/STAT3/NFKBIZ",0.407017918923954
"GO:0032147","activation of protein kinase activity",19,-0.538837713833342,-1.59981768818921,0.0280955453697168,0.229415943316959,0.161523965101241,1819,"tags=47%, list=27%, signal=35%","CCDC88A/ZFP91/TNFRSF10A/ITGB1BP1/STRADA/PRKAR1A/JAK2/TNFRSF1A/LTBR",0.352487857583619
"GO:0019079","viral genome replication",70,-0.414882424538686,-1.59943738709029,0.00440322452537783,0.0830264390924088,0.0584560927045701,1072,"tags=30%, list=16%, signal=26%","ISG20/ZC3HAV1/ADAR/DDX5/IFITM3/OASL/TOP2B/BCL2/OAS1/FAM111A/CXCL8/IFI16/IFIT5/DDX3X/OAS2/OAS3/IFITM1/PLSCR1/ZNFX1/EIF2AK2/RSAD2",0.407017918923954
"GO:0072091","regulation of stem cell proliferation",14,-0.597689840887719,-1.59819871708937,0.0194524209790973,0.184603761886775,0.129973231857566,790,"tags=43%, list=12%, signal=38%","ZFP36L1/N4BP2L2/PIM1/PTPRC/KAT7/EIF2AK2",0.352487857583619
"GO:1904358","positive regulation of telomere maintenance via telomere lengthening",20,0.512350319661601,1.59812537604915,0.0203564559257687,0.190153871720903,0.133880875477248,1898,"tags=70%, list=28%, signal=51%","CCT6A/HNRNPA1/DHX36/PTGES3/CCT5/CCT2/CCT8/CCT7/CCT4/HNRNPD/CCT3/PARN/HSP90AA1/DKC1",0.352487857583619
"GO:0001959","regulation of cytokine-mediated signaling pathway",93,-0.388003471367543,-1.59782089185971,0.00716758403261969,0.107147838186803,0.0754391496324539,1988,"tags=49%, list=29%, signal=36%","NRDC/SH2B3/UBE2K/USP18/STAT2/AGPAT2/ISG15/YTHDF3/YTHDF2/AXL/PTPN1/RBM47/ANXA4/SMIM30/NR1H2/CCL5/HIPK1/CD40/GPS2/IRAK3/OTUD4/TTLL12/DICER1/CASP4/CPNE1/SORL1/SPPL2A/OAS1/CASP1/CD300LF/HIF1A/NLRC5/PTPN2/PTPRC/ADAM10/OAS3/CARD16/IL1B/LAPTM5/ZBP1/VRK2/IL1RN/PARP9/TNFAIP3/CXCR4/NAIP",0.407017918923954
"GO:0031122","cytoplasmic microtubule organization",32,0.443214147380544,1.59592614316736,0.0172291486137289,0.17605143845907,0.123951831727747,1818,"tags=50%, list=27%, signal=37%","RAB11A/EZR/PDE4DIP/PCM1/TBCB/CLIP2/SLK/CCDC88C/NUMA1/PPFIA1/CCDC88B/TLN1/CIB1/TACC1/SLAIN2/CHP1",0.352487857583619
"GO:0030330","DNA damage response, signal transduction by p53 class mediator",41,-0.454234271264201,-1.59506481346024,0.0101046085702748,0.129039850786475,0.0908525713328801,978,"tags=32%, list=14%, signal=27%","ATR/SP100/DDX5/PPP2R5C/ATRX/CDKN1B/PSMD10/PML/ZNF385A/BCL3/PMAIP1/MDM4/CDKN1A",0.380730400722792
"GO:0045747","positive regulation of Notch signaling pathway",15,-0.570125119287926,-1.59437327579474,0.0160599605280198,0.166222921352071,0.117031907021405,1167,"tags=33%, list=17%, signal=28%","NOD2/NOTCH2NLA/ITGB1BP1/POGLUT1/STAT3",0.352487857583619
"GO:0032885","regulation of polysaccharide biosynthetic process",14,0.545178666568002,1.59362766643367,0.0289951494538453,0.234530141803408,0.165124698362856,1242,"tags=43%, list=18%, signal=35%","AKT1/PPP1CA/CLTC/GSK3B/INPP5K/AP2A1",0.352487857583619
"GO:1903350","response to dopamine",13,0.564120524100882,1.59345693283668,0.0238950383584373,0.209364336512137,0.147406310543593,1218,"tags=38%, list=18%, signal=32%","GNAS/AKT1/GNB1/GSK3B/FLNA",0.352487857583619
"GO:1903351","cellular response to dopamine",13,0.564120524100882,1.59345693283668,0.0238950383584373,0.209364336512137,0.147406310543593,1218,"tags=38%, list=18%, signal=32%","GNAS/AKT1/GNB1/GSK3B/FLNA",0.352487857583619
"GO:0030500","regulation of bone mineralization",22,-0.530176854163602,-1.5932502909048,0.0174137179376009,0.177447224934396,0.12493455752557,1774,"tags=55%, list=26%, signal=41%","SGMS2/ISG15/VDR/BMPR2/ALOX5/RXRA/MEF2C/SRGN/TENT5A/CCL3/SMAD3/CCR1",0.352487857583619
"GO:0019724","B cell mediated immunity",41,-0.453664802354001,-1.59306509684156,0.0102384425017048,0.129698626074679,0.091316392613663,521,"tags=22%, list=8%, signal=20%","FCGR2B/FCGR1A/MLH1/TLR8/TNFSF13/FCGR2A/HLA-E/CD55/NFKBIZ",0.380730400722792
"GO:0042026","protein refolding",15,0.539642808315729,1.59292760090712,0.0330947207133865,0.254333929883229,0.179067872182549,753,"tags=40%, list=11%, signal=36%","HSPA8/HSPB1/FKBP1A/SDF2/SDF2L1/HSPA5",0.321775918075361
"GO:0050865","regulation of cell activation",292,-0.330730964015901,-1.59234420480978,0.000169278226829757,0.0133225566179419,0.00937995912185884,1223,"tags=27%, list=18%, signal=23%","SLC15A4/CCR7/PSMB3/NOD2/SMARCD3/IL27RA/NR4A3/VAV1/EMILIN2/SMARCD2/HLA-A/IL18/ZBTB1/SART1/MNDA/MEF2C/CD47/PDPK1/CD300A/SLC7A1/CD22/PCID2/TNFRSF14/BCL6/SAMSN1/GPR65/ZFP36L1/PNP/GPR183/IL15/BRD2/PRKAR1A/MILR1/BCL2/CD2/PRKCD/LDLR/RC3H1/PJA2/IRF4/HAVCR2/FCGR2B/CD300LF/JAK2/MLH1/ZFP36L2/SIRPB1/CCL3/PSMA4/MAP3K8/VSIR/PTPN2/PTPRC/MALT1/SASH3/FOXO3/TNFSF13/DOCK8/JAK3/IL1B/GRN/PRNP/CEBPB/IL4R/LAPTM5/CLEC7A/CD1D/PPP2R3C/PLSCR1/SH3KBP1/IRF1/TNFSF13B/RIPOR2/TNFAIP3/JUNB/HLA-E/CD69/CD55/CLEC12A/NFKBIZ",0.518848077743792
"GO:2001198","regulation of dendritic cell differentiation",11,-0.622282898046418,-1.59232575962808,0.0382249975198724,0.2719120496654,0.191444028630918,902,"tags=36%, list=13%, signal=32%","HLA-B/FCGR2B/CEBPB/CLEC12A",0.321775918075361
"GO:0070167","regulation of biomineral tissue development",29,-0.484100992328533,-1.59186423146245,0.0271647292470411,0.226822423216264,0.159697955783069,1774,"tags=45%, list=26%, signal=33%","SGMS2/ISG15/VDR/BMPR2/ALOX5/RXRA/MEF2C/SRGN/TENT5A/CCL3/CEBPB/SMAD3/CCR1",0.352487857583619
"GO:0042509","regulation of tyrosine phosphorylation of STAT protein",16,-0.569121415894019,-1.59144041927453,0.0227373713817909,0.205222765102681,0.144490370935677,1018,"tags=44%, list=15%, signal=37%","IL18/IL10RA/JAK2/OSM/PTPN2/IL4R/PARP9",0.352487857583619
"GO:0001654","eye development",41,-0.452973202532578,-1.59063651183613,0.010506110438349,0.1321840221478,0.0930662754804477,1746,"tags=44%, list=26%, signal=33%","PHACTR4/SMG9/PLAAT3/BMPR2/RAB18/HIPK1/SMARCD3/ATF4/NF2/KDM2B/SCO2/TDRD7/DTNBP1/NIPBL/AGTPBP1/ZEB2/FOS/STAT3",0.380730400722792
"GO:0030101","natural killer cell activation",43,-0.441878358027273,-1.59001315376574,0.0192663504249055,0.183675851086921,0.12931992141416,1637,"tags=33%, list=24%, signal=25%","AXL/AP1G1/NKG7/DDB1/VAV1/IL18/ZBTB1/CD2/HAVCR2/PTPRC/KAT7/HLA-E/CLEC12A/NFKBIZ",0.352487857583619
"GO:0030166","proteoglycan biosynthetic process",18,-0.543938744974623,-1.58882404716139,0.038546496295428,0.273584182066215,0.192621320198578,2026,"tags=61%, list=30%, signal=43%","ST3GAL1/DSE/CSGALNACT2/BMPR2/CTNNB1/B4GALT7/CHST11/NDST2/ST3GAL4/ST3GAL6/CHST12",0.321775918075361
"GO:0002221","pattern recognition receptor signaling pathway",173,-0.35630281417922,-1.58856994999393,0.00143558944158745,0.0469933216321415,0.033086399896865,1237,"tags=29%, list=18%, signal=25%","GPS2/IRAK3/SLC15A3/SLC15A4/BRCC3/OTUD4/NOD2/NPLOC4/CSNK1A1/TRAF3IP3/NLRC4/ZC3HAV1/RELA/LYPLAL1/PDPK1/CD300A/NINJ1/OASL/USP15/OAS1/PUM2/CASP1/PJA2/HAVCR2/CD300LF/NAGK/RNF125/SLC46A2/RIPK2/IFI16/DDX3X/LILRA4/TLR8/OAS3/CTSS/RNF135/CLEC7A/DHX58/WDFY1/BCL10/NFKBIA/IRF1/TLR5/MEFV/DDX60/TNFAIP3/NAIP/GBP5/EIF2AK2/RSAD2/NFKBIZ",0.45505986738723
"GO:0045576","mast cell activation",32,-0.477600761758892,-1.58788942440775,0.0138332607591396,0.156276344216328,0.110028860263094,1141,"tags=31%, list=17%, signal=26%","VAMP8/NR4A3/ADGRE2/PDPK1/CD300A/MILR1/CD300LF/LCP2/GAB2/PLSCR1",0.380730400722792
"GO:0140058","neuron projection arborization",12,-0.611127019569701,-1.58714629121813,0.0240199756800481,0.209420884670844,0.147446124179391,337,"tags=17%, list=5%, signal=16%","TUBA1A/PHACTR1",0.352487857583619
"GO:0048659","smooth muscle cell proliferation",52,-0.425063848869493,-1.58711581793172,0.00800508795011335,0.113451418879193,0.0798772864639628,1661,"tags=44%, list=24%, signal=34%","IL6R/TPM1/IRAK4/PRKCA/BMPR2/CCL5/CTNNB1/P2RY6/PAK1/HBEGF/NR4A3/IL18/MEF2C/CDKN1B/TRIB1/JAK2/MNAT1/DDIT3/KLF4/TNFAIP3/JUN/EREG/CDKN1A",0.380730400722792
"GO:0042098","T cell proliferation",75,-0.404854706951083,-1.58703240681699,0.00564968450473333,0.0942771578788668,0.0663773412557966,1026,"tags=31%, list=15%, signal=26%","HLA-A/IL18/SLC7A1/TNFRSF14/PNP/IL15/PRKAR1A/RC3H1/HAVCR2/JAK2/PPP3CB/VSIR/PTPRC/DOCK8/IL1B/PRNP/CEBPB/LAPTM5/CD1D/IRF1/RIPOR2/HLA-E/CD55",0.407017918923954
"GO:0032755","positive regulation of interleukin-6 production",48,-0.431063573144062,-1.58593785361709,0.0144284377051537,0.156972914915775,0.110519292007817,504,"tags=19%, list=7%, signal=17%","POU2F2/RIPK2/TLR8/IL1B/LAPTM5/CLEC7A/BCL10/STAT3/EREG",0.380730400722792
"GO:0043588","skin development",45,-0.441191699403107,-1.58290404321939,0.0132048877591919,0.152164734645641,0.107134015767095,1018,"tags=29%, list=15%, signal=25%","IL18/NCOA3/OPN3/ZFP36L1/BCL2/PUM2/TXNIP/UGCG/TNFSF13B/KLF4/ZFP36/NFKBIZ/EREG",0.380730400722792
"GO:0002429","immune response-activating cell surface receptor signaling pathway",176,-0.348847931179798,-1.58270532237195,0.00131710686584666,0.0446970485941906,0.0314696721285928,1303,"tags=27%, list=19%, signal=22%","FCN1/BTN2A1/MYO1G/GPS2/CCR7/PAK1/NR4A3/VAV1/RBCK1/KCNN4/HLA-A/RELA/MNDA/MEF2C/CD47/C3AR1/CD300A/CD22/NINJ1/SH2B2/BLNK/BCL2/PRKCD/OAS1/FYB1/RC3H1/PJA2/SPG21/FCGR2B/GBP1/RIPK2/PTPN2/PTPRC/MALT1/PRNP/LCP2/PDE4B/LAPTM5/CLEC7A/EIF2B2/PLSCR1/WDFY1/BCL10/NFKBIA/TLR5/TNFAIP3/NFKBIZ",0.45505986738723
"GO:0007613","memory",31,-0.478666492294631,-1.58255674486385,0.0187745636150966,0.182521997791834,0.128507532542346,767,"tags=35%, list=11%, signal=32%","DTNBP1/CREB1/LDLR/EIF4EBP2/PJA2/PPP3CB/TUBA1A/PRNP/CEBPB/EGR1/FOS",0.352487857583619
"GO:0002699","positive regulation of immune effector process",105,-0.376478514520229,-1.58243605778309,0.00386159842833827,0.0755879910398335,0.0532189343524515,1228,"tags=29%, list=18%, signal=24%","CD1E/NOD2/VAMP8/NR4A3/HLA-A/IL18/ZBTB1/HLA-B/GALNT2/TNFRSF14/BRD2/MLH1/DNAJB9/HLA-C/PTPRC/MALT1/SASH3/TNFSF13/IL1B/LAPTM5/CLEC7A/DHX58/CD1D/GAB2/BCL10/DDX60/HLA-E/RSAD2/CD55/NFKBIZ",0.431707695803346
"GO:0002443","leukocyte mediated immunity",177,-0.351517810801962,-1.58235680904854,0.00159146912623191,0.0487666596438049,0.0343349468939361,1273,"tags=27%, list=19%, signal=22%","ARL8B/CD40/MYO1G/CD1E/SLC15A4/NOD2/KMT2E/VAMP8/NR4A3/VAV1/STXBP3/ADGRE2/HLA-A/IL18/C1QC/ZBTB1/PDPK1/HLA-B/CD300A/TNFRSF14/MILR1/CD2/HAVCR2/FCGR2B/FCGR1A/MLH1/CCL3/ICAM1/HLA-C/WAS/PTPRC/MALT1/FUT7/TLR8/TNFSF13/JAK3/FCGR2A/IL1B/CTSH/CLEC7A/CD1D/GAB2/WDR1/HLA-E/RSAD2/CD55/NFKBIZ",0.45505986738723
"GO:0090279","regulation of calcium ion import",13,-0.594275190216647,-1.58200766272506,0.0232462078146738,0.207381698024274,0.146010402197853,1349,"tags=54%, list=20%, signal=43%","CTNNB1/KCNN4/SLC30A1/PPP3CC/PPP3CB/CCL3/PRNP",0.352487857583619
"GO:0002702","positive regulation of production of molecular mediator of immune response",55,-0.420209667062717,-1.5818968709594,0.0141280702757279,0.156972914915775,0.110519292007817,1167,"tags=35%, list=17%, signal=29%","NOD2/NR4A3/HLA-A/IL18/GALNT2/TNFRSF14/MLH1/DNAJB9/PTPRC/MALT1/SASH3/TNFSF13/IL1B/LAPTM5/CLEC7A/BCL10/HLA-E/RSAD2/CD55",0.380730400722792
"GO:0002821","positive regulation of adaptive immune response",58,-0.414788180442154,-1.58182713294592,0.0111863801967306,0.135666951959694,0.0955184879346151,1026,"tags=29%, list=15%, signal=25%","HLA-A/IL18/ZBTB1/HLA-B/BRD2/MLH1/HLA-C/MALT1/SASH3/TNFSF13/IL1B/CLEC7A/CD1D/HLA-E/RSAD2/CD55/NFKBIZ",0.380730400722792
"GO:0002709","regulation of T cell mediated immunity",49,-0.430626734090089,-1.58121918168916,0.0100113651743327,0.12903149749079,0.0908466900614162,1026,"tags=33%, list=15%, signal=28%","HLA-A/IL18/ZBTB1/HLA-B/TNFRSF14/FCGR2B/HLA-C/WAS/PTPRC/MALT1/FUT7/IL1B/CD1D/HLA-E/RSAD2/CD55",0.380730400722792
"GO:0014902","myotube differentiation",74,0.360941963931912,1.58118188988765,0.00336692003585645,0.071017686088527,0.0500011380354931,1270,"tags=34%, list=19%, signal=28%","CAPN2/CD81/CD9/RPL27/RPL23A/RPL36/MAML1/RPLP2/RPL12/RPLP0/RBM38/UBA52/RPL21/RPL31/RPL24/RPL5/RPL9/RPL23/RPLP1/RPL36A/PLEKHO1/PLEC/RPL41/RPL7/RPL32",0.431707695803346
"GO:0002287","alpha-beta T cell activation involved in immune response",48,-0.429686845054742,-1.58087269541997,0.0146981203505857,0.158971775370808,0.111926621689063,1661,"tags=38%, list=24%, signal=29%","IL6R/ASCL2/SOCS3/NLRP3/STAT5A/JAK1/PSMB3/IL18/BRD2/RC3H1/IRF4/PSMA4/MALT1/JAK3/JUNB/CD69/STAT3/NFKBIZ",0.380730400722792
"GO:0006921","cellular component disassembly involved in execution phase of apoptosis",13,0.55930569208424,1.57985659899031,0.0259373015605296,0.221575238966279,0.156003591767124,703,"tags=38%, list=10%, signal=35%","EXOG/DFFA/CASP3/BAX/ENDOG",0.352487857583619
"GO:1900017","positive regulation of cytokine production involved in inflammatory response",16,-0.564936250957649,-1.57973739694035,0.0253441703315314,0.218018804782173,0.153499627383773,2052,"tags=62%, list=30%, signal=44%","APPL1/XBP1/TLR4/IRF3/NOD2/RELA/HIF1A/CLEC7A/GBP5/STAT3",0.352487857583619
"GO:2000573","positive regulation of DNA biosynthetic process",21,0.492912030596165,1.57929279707741,0.0317969073850625,0.247094034490223,0.173970508006857,1898,"tags=67%, list=28%, signal=48%","CCT6A/HNRNPA1/USP1/PTGES3/CCT5/CCT2/CCT8/CCT7/CCT4/HNRNPD/CCT3/PARN/HSP90AA1/DKC1",0.321775918075361
"GO:0043370","regulation of CD4-positive, alpha-beta T cell differentiation",33,-0.469921126177561,-1.57904649582406,0.0135936141484027,0.154647148114643,0.108881798683734,1018,"tags=30%, list=15%, signal=26%","IL18/GPR65/BRD2/RC3H1/IRF4/MALT1/JAK3/JUNB/CD69/NFKBIZ",0.380730400722792
"GO:0042100","B cell proliferation",34,-0.462777320225295,-1.57761601254269,0.0333769305874248,0.255613387666427,0.179968694903646,1269,"tags=50%, list=19%, signal=41%","CD40/IL27RA/VAV1/MNDA/MEF2C/CD300A/CD22/TNFRSF14/GPR183/BCL2/RC3H1/FCGR2B/PTPRC/SASH3/TNFSF13/TNFSF13B/NFKBIZ",0.321775918075361
"GO:0009612","response to mechanical stimulus",67,-0.404901547945311,-1.5774548139304,0.0110711631473724,0.135654739131635,0.0955098892976386,662,"tags=27%, list=10%, signal=25%","TMEM87A/CASP1/TXNIP/BAK1/PTGER4/MAP3K1/TUBA1A/TLR8/IL1B/BTG2/JUP/TNFRSF1A/BCL10/LTBR/IRF1/TLR5/FOS/FOSB",0.380730400722792
"GO:0046039","GTP metabolic process",16,0.520421312473933,1.57731691722341,0.0413600746968013,0.283743978398944,0.19977448734362,1396,"tags=38%, list=20%, signal=30%","RHOQ/IMPDH2/NME2/MFN1/RAN/NME4",0.321775918075361
"GO:2000401","regulation of lymphocyte migration",36,-0.45084762762366,-1.57584240493062,0.0222289507466087,0.203526952504222,0.143296406946028,435,"tags=22%, list=6%, signal=21%","CCL3/WASL/DOCK8/ADAM10/SLC8B1/RIPOR2/OXSR1/CD69",0.352487857583619
"GO:0051131","chaperone-mediated protein complex assembly",15,0.533603065556631,1.57509937676498,0.0374207699583487,0.268894057515081,0.189319162975481,1105,"tags=33%, list=16%, signal=28%","DNLZ/HSP90AB1/PTGES3/CCT2/HSPD1",0.321775918075361
"GO:0097435","supramolecular fiber organization",322,0.285698989130429,1.57315183496519,3.65342629976648e-05,0.00436351789509372,0.0030722045818411,1164,"tags=23%, list=17%, signal=20%","HSPA8/TWF2/TPPP3/VIM/WASHC1/BASP1/TESK1/PYCARD/PDXP/CSRP1/MARCKSL1/RAB11A/S100A10/EZR/TAGLN2/PDE4DIP/ACTN1/PDLIM1/ARL2/MID1IP1/SNX9/GIT1/HSP90AB1/MICAL1/GSN/BID/RHOQ/SH3BP1/RGCC/PCM1/ARPIN/FKBP1A/CORO1B/SERPINF2/DSTN/BAX/PPP1R9B/KRT10/ARRB1/BIN1/MAP1S/TBCB/SORBS3/LIMA1/FKBP4/CLIP2/MSRB1/NCK2/MAP4/SLK/RAC1/NCKAP5L/CCDC88C/CAPG/SVIL/VHL/TRIOBP/SHTN1/TAOK1/NUMA1/FHOD1/TMSB10/PPFIA1/TGFBR1/CAMSAP1/MSRB2/RHOF/EFHD2/CCDC88B/NIN/PLEC/RAD51C/CKAP2/CCDC57/NCK1",0.557332238758646
"GO:0009060","aerobic respiration",186,0.310118506479924,1.57271959479445,0.000463337601409227,0.0241392364452498,0.0169956156001164,1736,"tags=37%, list=25%, signal=28%","COX5A/COX6A1/NDUFV2/PKM/ARL2/GIT1/NDUFB11/ENO1/SDHA/MTOR/COX7C/ATP5F1E/NDUFA8/IDH2/CHCHD2/ATP5F1A/ABCD1/NDUFC2/ATP5MF/EIF6/NDUFS8/ATP5PB/HK2/NDUFB6/NDUFS1/GAPDH/UQCRB/SURF1/MT-ATP6/ATP5PF/NDUFA1/PRKACA/UCP2/PGK1/NDUFA2/UQCRQ/SHMT2/TPI1/IDH1/UQCC2/NDUFAB1/HK1/PPIF/MDH1/PRXL2C/FOXK1/MT-ND4/PFKL/MT-ND5/ARNT/ATP5F1D/MT-ND2/TIGAR/PDP1/NDUFB4/FOXK2/ZBTB20/PFKP/ATP5F1B/ATP5ME/ADSL/TEFM/VCP/ZBTB7A/UQCR10/COX7A2/OGT/NDUFA10/ATP5PD",0.49849310876659
"GO:0032722","positive regulation of chemokine production",33,-0.467601493813524,-1.57125198063418,0.0144053522048255,0.156972914915775,0.110519292007817,613,"tags=30%, list=9%, signal=28%","OAS1/HAVCR2/HIF1A/DDX3X/OAS3/IL1B/IL4R/CLEC7A/EGR1/EIF2AK2",0.380730400722792
"GO:2000767","positive regulation of cytoplasmic translation",14,0.537250450814463,1.57045246765006,0.032785314220265,0.252857961362179,0.178028692932678,1290,"tags=50%, list=19%, signal=41%","PKM/NPM1/CSDE1/DHX36/YBX3/YBX1/HNRNPD",0.321775918075361
"GO:0031146","SCF-dependent proteasomal ubiquitin-dependent protein catabolic process",32,-0.47196136617542,-1.56914000580534,0.016468812770831,0.169688407908925,0.119471838272803,745,"tags=31%, list=11%, signal=28%","FBXL12/CUL2/FBXW11/CUL5/DMAC2/FBXL5/FBXO9/CUL1/FBXO6/FBXW2",0.352487857583619
"GO:0051099","positive regulation of binding",20,-0.527659581319489,-1.56828743665687,0.0343010475580864,0.258937907994615,0.182309376626567,88,"tags=20%, list=1%, signal=20%","PARP9/RIPOR2/DTX3L/PLAUR",0.321775918075361
"GO:0120163","negative regulation of cold-induced thermogenesis",20,-0.527494742998676,-1.56779751118833,0.0343010475580864,0.258937907994615,0.182309376626567,1988,"tags=65%, list=29%, signal=46%","NRDC/RB1/TLR4/RBPJ/IP6K1/ACOT13/NR1H2/LNPEP/ATF4/IL15/ARRDC3/RHEB/DDIT3",0.321775918075361
"GO:0007188","adenylate cyclase-modulating G protein-coupled receptor signaling pathway",49,-0.426928827058032,-1.56764082932897,0.0118198466797907,0.141953288534239,0.0999444837690839,1751,"tags=43%, list=26%, signal=32%","FPR1/CRTC3/ADCY7/RAP1B/PRKCA/WASF2/GNAI3/OPN3/C3AR1/GPR65/PRKAR1A/GNA13/GPBAR1/PTGER4/PDE4B/GPR35/CALCRL/HCAR3/RGS2/CXCR4/RGS1",0.380730400722792
"GO:0061909","autophagosome-lysosome fusion",16,-0.560388922770143,-1.56702165355906,0.0279509722305322,0.228779064382484,0.1610755602986,2023,"tags=62%, list=30%, signal=44%","VPS18/VPS33A/VPS11/CLN3/C9orf72/ARL8B/RAB2A/STX17/VPS41/TOM1",0.352487857583619
"GO:0030217","T cell differentiation",141,-0.357638983722369,-1.56658827099651,0.00221294905083126,0.0588790434557443,0.041454732495207,1558,"tags=30%, list=23%, signal=24%","ASCL2/SOCS3/KAT5/NLRP3/STAT5A/PRELID1/CD4/JAK1/CCR7/PSMB3/SMARCD3/SMARCD2/IL18/ZBTB1/SART1/BCL6/GPR65/ZFP36L1/PNP/GPR183/BRD2/CD2/RC3H1/IRF4/NFE2L2/ZFP36L2/PSMA4/PTGER4/VSIR/PTPN2/PTPRC/MALT1/FOXO3/JAK3/IL1B/CD1D/IRF1/KAT7/JUNB/RSAD2/CD69/STAT3/NFKBIZ",0.431707695803346
"GO:0032881","regulation of polysaccharide metabolic process",15,0.530568361270019,1.56614148064509,0.0391511913416753,0.275848108138775,0.194215273568379,1242,"tags=40%, list=18%, signal=33%","AKT1/PPP1CA/CLTC/GSK3B/INPP5K/AP2A1",0.321775918075361
"GO:0045744","negative regulation of G protein-coupled receptor signaling pathway",27,-0.492049495269397,-1.56581155101173,0.0279557007572,0.228779064382484,0.1610755602986,548,"tags=22%, list=8%, signal=21%","RGS19/CXCL8/RGS18/PDE4B/RGS2/RGS1",0.352487857583619
"GO:0002703","regulation of leukocyte mediated immunity",108,-0.369671522591224,-1.56579930607722,0.00611236745502273,0.0988879122577173,0.0696236166393296,1228,"tags=28%, list=18%, signal=23%","CD1E/SLC15A4/NOD2/VAMP8/ADGRE2/HLA-A/IL18/ZBTB1/PDPK1/HLA-B/CD300A/TNFRSF14/HAVCR2/FCGR2B/MLH1/ICAM1/HLA-C/WAS/PTPRC/MALT1/FUT7/TNFSF13/JAK3/IL1B/CLEC7A/CD1D/GAB2/HLA-E/RSAD2/CD55",0.407017918923954
"GO:0048477","oogenesis",14,-0.585283909639635,-1.56502575337371,0.0242777406884462,0.210806015977846,0.148421348035493,1298,"tags=57%, list=19%, signal=46%","KMT2D/DIAPH2/TDRD7/WASHC5/MARF1/RAB24/YTHDC2/EREG",0.352487857583619
"GO:0048534","hematopoietic or lymphoid organ development",13,-0.587147660346756,-1.56303361323402,0.0275246014676935,0.227262278636157,0.160007643028276,965,"tags=38%, list=14%, signal=33%","ZBTB1/PCID2/PTPRC/LTBR/NFKBIZ",0.352487857583619
"GO:0002082","regulation of oxidative phosphorylation",10,0.606217255654161,1.56217215317214,0.0455008249564655,0.293774031351671,0.206836306586328,1624,"tags=60%, list=24%, signal=46%","ABCD1/SHMT2/UQCC2/PPIF/TEFM/VCP",0.321775918075361
"GO:0048598","embryonic morphogenesis",78,-0.394030118664648,-1.56198970164189,0.00769888522677519,0.110214015456713,0.0775979407922073,1440,"tags=29%, list=21%, signal=24%","BMPR2/CTNNB1/HIPK1/SETD2/PAF1/KDM6B/MAP2K5/NR4A3/KDM2B/MBNL1/MEF2C/DUSP2/CTR9/CDC73/POGLUT1/MICAL2/MTHFR/NIPBL/BCL10/IL1RN/KLF4/DUSP5/DUSP1",0.407017918923954
"GO:0033280","response to vitamin D",10,-0.637137576215486,-1.56165742810827,0.0301473252670538,0.240044321280387,0.169007044639771,2234,"tags=80%, list=33%, signal=54%","SNW1/FES/TRIM25/VDR/CD4/NCOA3/RXRA/PIM1",0.352487857583619
"GO:0042093","T-helper cell differentiation",57,-0.413328807842324,-1.55962300159905,0.0158163693749037,0.165673369458262,0.116644986218807,1558,"tags=35%, list=23%, signal=27%","ASCL2/SOCS3/NLRP3/STAT5A/JAK1/PSMB3/IL18/GPR65/GPR183/BRD2/RC3H1/IRF4/PSMA4/PTGER4/MALT1/JAK3/JUNB/CD69/STAT3/NFKBIZ",0.352487857583619
"GO:0030834","regulation of actin filament depolymerization",26,0.451981557581597,1.5593948842325,0.0339486698283603,0.258387098138075,0.181921570135184,875,"tags=31%, list=13%, signal=27%","TWF2/PDXP/GSN/SH3BP1/LIMA1/CAPG/SVIL/TRIOBP",0.321775918075361
"GO:0050730","regulation of peptidyl-tyrosine phosphorylation",35,-0.462251870691544,-1.55825535469147,0.0110846103521506,0.135654739131635,0.0955098892976386,1477,"tags=40%, list=22%, signal=32%","ARL2BP/CHMP6/RAP2B/IL18/IL10RA/SAMSN1/ABI1/IL15/JAK2/OSM/PTPN2/SNX6/IL4R/PARP9",0.380730400722792
"GO:0046782","regulation of viral transcription",15,-0.556245176508668,-1.55555756835064,0.0234720980206257,0.207381698024274,0.146010402197853,977,"tags=40%, list=14%, signal=34%","SP100/IFITM3/HEXIM1/RSF1/TRIM14/ZFP36",0.352487857583619
"GO:0061900","glial cell activation",26,-0.490044463174085,-1.55555012030093,0.0291180458985842,0.234657193418002,0.165214151084689,621,"tags=31%, list=9%, signal=28%","LDLR/JAK2/CCL3/PTPRC/IL1B/GRN/ZEB2/TNFRSF1A",0.352487857583619
"GO:0060213","positive regulation of nuclear-transcribed mRNA poly(A) tail shortening",10,-0.633917573316868,-1.55376503307009,0.0310384874284373,0.243760859867919,0.171623733089712,1268,"tags=40%, list=19%, signal=33%","CNOT1/TOB1/BTG2/ZFP36",0.352487857583619
"GO:0035973","aggrephagy",12,0.570735919879596,1.55368848685144,0.0331411068406911,0.254333929883229,0.179067872182549,806,"tags=42%, list=12%, signal=37%","HTT/ATG4D/WDR81/ATG5/WDFY3",0.321775918075361
"GO:0032757","positive regulation of interleukin-8 production",32,-0.46715589592487,-1.55316315651797,0.0195134011618624,0.184603761886775,0.129973231857566,296,"tags=22%, list=4%, signal=21%","TLR8/IL1B/CLEC7A/BCL10/DDIT3/TLR5/STAT3",0.352487857583619
"GO:0032986","protein-DNA complex disassembly",15,0.52608066995965,1.55289463061304,0.0417468248481727,0.283743978398944,0.19977448734362,1345,"tags=60%, list=20%, signal=48%","HMGA1/MYC/SSRP1/SMARCC1/SMARCE1/SUPT16H/RPL23/ATAD2B/SET",0.321775918075361
"GO:1903037","regulation of leukocyte cell-cell adhesion",188,-0.341304342917478,-1.55247217272026,0.00128756752980524,0.0440991878958295,0.0310487387393031,1201,"tags=27%, list=18%, signal=23%","CCR7/PSMB3/NOD2/SMARCD3/NR4A3/ALOX5/VAV1/SMARCD2/HLA-A/IL18/RELA/ZBTB1/SART1/CD47/PDPK1/CD300A/SLC7A1/TNFRSF14/BCL6/GPR65/PNP/ST3GAL4/IL15/BRD2/PRKAR1A/RC3H1/HAVCR2/JAK2/SIRPB1/PSMA4/MAP3K8/VSIR/PTPN2/PTPRC/MALT1/FOXO3/FUT7/DOCK8/JAK3/IL1B/PRNP/CEBPB/LAPTM5/CD1D/IRF1/RIPOR2/KLF4/HLA-E/CD69/CD55/NFKBIZ",0.45505986738723
"GO:0033209","tumor necrosis factor-mediated signaling pathway",61,-0.402532303726356,-1.55140286189097,0.0130813950475151,0.151686772039995,0.106797498548118,1309,"tags=34%, list=19%, signal=28%","HIPK1/GPS2/DICER1/RRAGA/CASP4/RELA/CPNE1/TNFRSF14/SPPL2A/CASP1/JAK2/PTPN2/FOXO3/ADAM10/CARD16/LAPTM5/TNFRSF1A/NFKBIA/TNFSF13B/TNFAIP3/NAIP",0.380730400722792
"GO:0001913","T cell mediated cytotoxicity",22,-0.515906167681094,-1.55036502495796,0.0238218478255688,0.209364336512137,0.147406310543593,1228,"tags=41%, list=18%, signal=34%","CD1E/HLA-A/HLA-B/FCGR2B/HLA-C/PTPRC/CTSH/CD1D/HLA-E",0.352487857583619
"GO:1900745","positive regulation of p38MAPK cascade",10,-0.632415265391237,-1.55008279799411,0.0328120631126915,0.252857961362179,0.178028692932678,656,"tags=50%, list=10%, signal=45%","RELL1/PJA2/MAP3K4/IL1B/GADD45B",0.321775918075361
"GO:1902774","late endosome to lysosome transport",20,-0.5214276179345,-1.5497650592977,0.0364617001394512,0.264974123410275,0.18655927065767,1816,"tags=50%, list=27%, signal=37%","VPS4B/C9orf72/CHMP6/CHMP2A/ARL8B/VPS4A/CHMP4A/VPS41/CHMP5/CHMP1B",0.321775918075361
"GO:0007249","canonical NF-kappaB signal transduction",190,-0.337456959718636,-1.54946840911112,0.00190960431956723,0.0529362129114227,0.037270587576746,1707,"tags=34%, list=25%, signal=26%","REL/TLR4/SLC44A2/CARD19/IRF3/TRIM38/ANKRD17/PLK2/IRAK4/CFLAR/DDX21/ANXA4/VAPA/APOL3/CD40/AZI2/IRAK3/TRIM22/CCR7/NOD2/PPP5C/MAP2K5/AKAP13/RBCK1/ZC3HAV1/RELA/PARP10/PDPK1/CPNE1/TRIM5/ZFAND6/NFKB2/FBXW11/TNFSF10/RELB/CASP1/PPM1A/TFG/C15orf39/FAF1/RIPK2/NLRC5/PELI1/IFIT5/MALT1/TLR8/CARD16/IL1B/NUP62/CUL1/CLEC7A/LITAF/TNFRSF1A/PER1/BCL3/BCL10/NFKBIA/LTBR/KLF4/TNFAIP3/EIF2AK2/SLC20A1/STAT3/NAMPT",0.45505986738723
"GO:0046637","regulation of alpha-beta T cell differentiation",39,-0.443144845675865,-1.54941485556557,0.0198835104792472,0.187625268527386,0.132100571946118,800,"tags=26%, list=12%, signal=23%","GPR65/PNP/BRD2/RC3H1/IRF4/MALT1/JAK3/JUNB/CD69/NFKBIZ",0.352487857583619
"GO:0032814","regulation of natural killer cell activation",18,-0.530438241115213,-1.54938959727379,0.0418060200668896,0.283743978398944,0.19977448734362,1637,"tags=39%, list=24%, signal=30%","AXL/DDB1/IL18/ZBTB1/HAVCR2/HLA-E/CLEC12A",0.287857117255149
"GO:0048592","eye morphogenesis",14,-0.578657329835581,-1.54730654415008,0.0288014896981532,0.234345310195993,0.164994564712708,1309,"tags=50%, list=19%, signal=41%","HIPK1/ATF4/KDM2B/TDRD7/NIPBL/AGTPBP1/STAT3",0.352487857583619
"GO:1903038","negative regulation of leukocyte cell-cell adhesion",64,-0.401874383263958,-1.54713624008908,0.0131670093127405,0.152164734645641,0.107134015767095,899,"tags=27%, list=13%, signal=23%","CD300A/TNFRSF14/PRKAR1A/RC3H1/HAVCR2/PSMA4/VSIR/PTPN2/JAK3/PRNP/CEBPB/LAPTM5/IRF1/RIPOR2/KLF4/HLA-E/CD69",0.380730400722792
"GO:0033233","regulation of protein sumoylation",13,-0.580304804305955,-1.54481738804123,0.0423728813559322,0.286081175143413,0.201420028102165,1998,"tags=62%, list=29%, signal=44%","PARK7/PIAS1/CTNNB1/GNL3/RELA/GNL3L/TOLLIP/EGR1",0.287857117255149
"GO:0001818","negative regulation of cytokine production",143,-0.35042121866384,-1.5403102817146,0.00603346922381796,0.0987513391986843,0.069527460192214,1730,"tags=38%, list=25%, signal=29%","CUEDC2/REL/RAD21/TLR4/IL6R/AXL/ADCY7/CD200R1/KAT5/NLRP3/ANXA4/KLF2/CUL3/MORC3/IRAK3/CCR7/XAF1/DICER1/CLEC4A/HDAC9/MAP2K5/NPLOC4/IL27RA/RELA/TNFRSF14/SRGN/ILRUN/RELB/OAS1/HAVCR2/FCGR2B/JAK2/RNF125/PTGER4/VSIR/GBP1/PML/PTPRC/LILRA4/OAS3/JAK3/CARD16/IL1B/PRNP/LAPTM5/SMAD3/DHX58/BCL3/NFKBIA/DDIT3/MEFV/KLF4/TNFAIP3/ZFP36/STAT3",0.407017918923954
"GO:1901879","regulation of protein depolymerization",39,0.400776652120437,1.53933843003274,0.0229345351179277,0.205909818934986,0.144974102177837,893,"tags=28%, list=13%, signal=25%","TWF2/PDXP/MID1IP1/GSN/SH3BP1/MAP1S/LIMA1/CAPG/SVIL/TRIOBP/TAOK1",0.352487857583619
"GO:0046640","regulation of alpha-beta T cell proliferation",15,-0.550415975780969,-1.53925602059373,0.0456769983686786,0.293774031351671,0.206836306586328,1026,"tags=47%, list=15%, signal=40%","HLA-A/IL18/TNFRSF14/VSIR/IRF1/HLA-E/CD55",0.271288554688953
"GO:0045598","regulation of fat cell differentiation",40,-0.440922873724018,-1.53836299292132,0.0178169738171086,0.179674121947468,0.126502439993644,1237,"tags=38%, list=18%, signal=31%","GPS2/ALOX5/APPBP2/ZFP36L1/CREB1/CUL2/PIM1/ZFP36L2/CCDC85B/ZNF385A/CEBPB/SMAD3/SYAP1/PTGS2/ZFP36",0.352487857583619
"GO:0009205","purine ribonucleoside triphosphate metabolic process",161,0.30316892683762,1.5374645291028,0.00281938212600238,0.0651805905255174,0.0458914375221789,1513,"tags=35%, list=22%, signal=28%","HSPA8/PARP1/NDUFV2/PKM/ARL2/GIT1/RHOQ/NDUFB11/ENO1/SDHA/MTOR/ATP5F1E/NDUFA8/BAD/ATP5MC3/ATP5F1A/NDUFC2/ATP5MF/EIF6/NDUFS8/ATP5PB/HK2/NDUFB6/NDUFS1/GAPDH/MT-ATP6/ATP5PF/IMPDH2/NDUFA1/NME2/PRKACA/DMAC2L/UCP2/PGK1/NDUFA2/TPI1/NDUFAB1/HK1/PRXL2C/NUDT5/FOXK1/MT-ND4/PFKL/MT-ND5/MFN1/RAN/NME4/ARNT/ATP5F1D/MT-ND2/TIGAR/NDUFB4/FOXK2/ZBTB20/PFKP/ATP5F1B",0.431707695803346
"GO:1903405","protein localization to nuclear body",11,0.582318583337322,1.53712399601694,0.0378146617683988,0.270105972233632,0.190172430921355,1451,"tags=64%, list=21%, signal=50%","CCT6A/CCT5/CCT2/CCT8/CCT7/CCT4/CCT3",0.321775918075361
"GO:1904867","protein localization to Cajal body",11,0.582318583337322,1.53712399601694,0.0378146617683988,0.270105972233632,0.190172430921355,1451,"tags=64%, list=21%, signal=50%","CCT6A/CCT5/CCT2/CCT8/CCT7/CCT4/CCT3",0.321775918075361
"GO:0060397","growth hormone receptor signaling pathway via JAK-STAT",10,-0.626957015121011,-1.53670434191622,0.0393151935275693,0.276230415689627,0.194484443315734,1627,"tags=60%, list=24%, signal=46%","PTPN1/STAT5A/JAK1/JAK2/JAK3/STAT3",0.321775918075361
"GO:1903557","positive regulation of tumor necrosis factor superfamily cytokine production",77,-0.388135363206741,-1.53598335246817,0.0101166684855577,0.129039850786475,0.0908525713328801,635,"tags=23%, list=9%, signal=21%","CD2/OAS1/HAVCR2/FCGR2B/JAK2/FCGR1A/CCL3/PSMA4/RIPK2/PTPRC/OAS2/ADAM10/OAS3/FCGR2A/CLEC7A/BCL10/HLA-E/STAT3",0.380730400722792
"GO:0060997","dendritic spine morphogenesis",18,-0.525793141382471,-1.53582144051896,0.048494983277592,0.297953091684435,0.209778640870449,767,"tags=33%, list=11%, signal=30%","DTNBP1/SLC30A1/SIPA1L1/WASL/ABI3/SMAD3",0.266350657088526
"GO:0001911","negative regulation of leukocyte mediated cytotoxicity",17,-0.538487198691358,-1.53536053009506,0.0393548064526719,0.276230415689627,0.194484443315734,1026,"tags=35%, list=15%, signal=30%","HLA-A/HLA-B/HAVCR2/FCGR2B/PTPRC/HLA-E",0.321775918075361
"GO:0032102","negative regulation of response to external stimulus",160,-0.344342425018798,-1.53526875089794,0.00267834100854562,0.0639583468273508,0.0450308972929625,701,"tags=22%, list=10%, signal=20%","USP15/PRKAR1A/TRIB1/ILRUN/PRKCD/LDLR/OAS1/PIM1/HAVCR2/FCGR2B/C15orf39/PTGER4/NR1D2/NLRC5/PTPN2/IFI16/PTPRC/OAS3/CARD16/IL1B/GRN/SMAD3/DHX58/AOAH/TNFRSF1A/IL1RN/MEFV/KLF4/TNFAIP3/HLA-E/PLAUR/CD69/STAT3/CLEC12A/DUSP1",0.431707695803346
"GO:0045321","leukocyte activation",443,-0.310407587400151,-1.53396081817371,3.65690875230887e-05,0.00436351789509372,0.0030722045818411,1182,"tags=24%, list=17%, signal=22%","PSMB3/NOD2/KMT2E/IFNGR1/VAMP8/SMARCD3/CLEC4A/HDAC9/IL27RA/NR4A3/VAV1/STXBP3/KIF13B/ADGRE2/SMARCD2/HLA-A/IL18/ZBTB1/SART1/MNDA/MEF2C/CD47/PDPK1/CD300A/SLC7A1/SPIB/CD22/PCID2/TNFRSF14/ITGAL/BCL6/SAMSN1/GPR65/ZFP36L1/PNP/GPR183/IL15/BRD2/PRKAR1A/MILR1/BLNK/TOP2B/BCL2/CD2/PRKCD/LDLR/RELB/JAML/RC3H1/PJA2/IRF4/HAVCR2/FCGR2B/CD300LF/JAK2/PPP3CB/NFE2L2/MLH1/ZFP36L2/SIRPB1/DNAJB9/CCL3/ICAM1/CXCL8/PSMA4/PTGER4/MAP3K8/VSIR/PTPN2/PTPRC/MALT1/SASH3/FOXO3/TNFSF13/DOCK8/ADAM10/JAK3/IL1B/GRN/PRNP/CEBPB/LCP2/IL4R/LAPTM5/SMAD3/CLEC7A/CD1D/PPP2R3C/GAB2/PLSCR1/SH3KBP1/LTBR/KLF6/IRF1/TNFSF13B/RIPOR2/KAT7/TNFAIP3/TOLLIP/JUNB/HLA-E/FNIP1/RSAD2/CD69/STAT3/CD55/CLEC12A/NFKBIZ",0.557332238758646
"GO:0022617","extracellular matrix disassembly",15,-0.548348516030024,-1.5334743027494,0.0456769983686786,0.293774031351671,0.206836306586328,290,"tags=27%, list=4%, signal=26%","ADAM10/CTSS/PLAUR/STAT3",0.271288554688953
"GO:0006457","protein folding",145,0.313028271417574,1.53339434780987,0.00439598779574966,0.0830264390924088,0.0584560927045701,1485,"tags=36%, list=22%, signal=29%","HSPA8/PPIB/HSPE1/TRAP1/DNLZ/ARL2/CANX/HSP90AB1/HSPB1/AHSA1/TAPBP/ATPAF2/DNAJC21/FKBP1A/CCT6A/TBCA/FKBP8/PDIA6/SDF2/P3H1/SDF2L1/DNAJB1/TBCB/FKBP4/PDIA4/METTL21A/CDC123/PTGES3/CCT5/HSPA5/P4HB/TBCC/CCT2/LYRM7/CCT8/CCT7/PPIF/GAK/PDCD5/HSPD1/CCT4/TXNDC5/CDC37/PDIA3/ST13/NUDCD3/MOGS/LMAN1/PPIA/CCT3/ERO1A/PFDN4",0.407017918923954
"GO:0034341","response to type II interferon",76,-0.391164059639387,-1.53260700138957,0.0111120264819911,0.135654739131635,0.0955098892976386,1416,"tags=37%, list=21%, signal=30%","NUB1/JAK1/NR1H2/CCL5/HLA-DPA1/CD40/PSMB3/IFNGR1/SP100/CD47/IFITM3/GCH1/KYNU/CASP1/PIM1/JAK2/CCL3/GBP4/PSMA4/GBP1/NLRC5/PTPN2/CIITA/IFITM1/IRF1/PARP9/MEFV/GBP5",0.380730400722792
"GO:0051495","positive regulation of cytoskeleton organization",80,0.346804343669021,1.53238268142414,0.00517424927092567,0.0898570331133993,0.063265281701269,990,"tags=24%, list=14%, signal=21%","TESK1/PYCARD/PDXP/S100A10/PDE4DIP/ARL2/SNX9/GIT1/GSN/RGCC/SERPINF2/BIN1/SORBS3/LIMA1/NCK2/RAC1/NUMA1/FHOD1/TGFBR1",0.407017918923954
"GO:0032691","negative regulation of interleukin-1 beta production",17,-0.537410152229407,-1.53228960356091,0.0409832558989366,0.283347607383374,0.199495415988942,347,"tags=29%, list=5%, signal=28%","PML/CARD16/IL1B/MEFV/TNFAIP3",0.321775918075361
"GO:0002711","positive regulation of T cell mediated immunity",32,-0.460771295639856,-1.53193613997322,0.0239419070950619,0.209364336512137,0.147406310543593,1026,"tags=34%, list=15%, signal=29%","HLA-A/IL18/ZBTB1/HLA-B/HLA-C/MALT1/IL1B/CD1D/HLA-E/RSAD2/CD55",0.352487857583619
"GO:0030262","apoptotic nuclear changes",12,0.562457029350187,1.53115123897302,0.0367131615734804,0.265757308532885,0.187110684672682,703,"tags=42%, list=10%, signal=37%","EXOG/DFFA/CASP3/BAX/ENDOG",0.321775918075361
"GO:0042110","T cell activation",262,-0.321749583353293,-1.53057480704259,0.000839024028357327,0.0333530850619124,0.0234827731223369,1201,"tags=25%, list=18%, signal=22%","CCR7/PSMB3/NOD2/SMARCD3/CLEC4A/VAV1/KIF13B/SMARCD2/HLA-A/IL18/ZBTB1/SART1/CD47/PDPK1/CD300A/SLC7A1/TNFRSF14/ITGAL/BCL6/GPR65/ZFP36L1/PNP/GPR183/IL15/BRD2/PRKAR1A/CD2/JAML/RC3H1/IRF4/HAVCR2/FCGR2B/JAK2/PPP3CB/NFE2L2/ZFP36L2/SIRPB1/ICAM1/PSMA4/PTGER4/MAP3K8/VSIR/PTPN2/PTPRC/MALT1/FOXO3/DOCK8/JAK3/IL1B/PRNP/CEBPB/LAPTM5/SMAD3/CLEC7A/CD1D/LTBR/IRF1/RIPOR2/KAT7/JUNB/HLA-E/RSAD2/CD69/STAT3/CD55/NFKBIZ",0.477270815362862
"GO:0140131","positive regulation of lymphocyte chemotaxis",10,-0.62431239458438,-1.53022223905534,0.0410887785822922,0.283347607383374,0.199495415988942,435,"tags=30%, list=6%, signal=28%","CCL3/ADAM10/OXSR1",0.321775918075361
"GO:0097061","dendritic spine organization",29,-0.465233942664313,-1.52982390931967,0.0411348108042367,0.283347607383374,0.199495415988942,767,"tags=28%, list=11%, signal=25%","DTNBP1/SLC30A1/SIPA1L1/FCGR2B/WASL/ABI3/PRNP/SMAD3",0.321775918075361
"GO:0001659","temperature homeostasis",74,-0.383316529782369,-1.52898339026324,0.0122610254017787,0.144438003061081,0.101693886782307,1565,"tags=36%, list=23%, signal=28%","RBPJ/IP6K1/ACOT13/DECR1/NR1H2/KDM6B/NOD2/LNPEP/ATF4/IL18/ACADVL/SORL1/ADIPOR2/IL15/ARRDC3/IRF4/JAK2/RHEB/IL1B/CEBPB/IL4R/ACSL1/DDIT3/EGR1/CXCR4/PTGS2/STAT3",0.380730400722792
"GO:0050673","epithelial cell proliferation",103,-0.364127067914295,-1.52878806881444,0.00829650841639928,0.115806734461362,0.081535584080058,1516,"tags=35%, list=22%, signal=28%","VDR/PRKCA/CFLAR/STAT5A/BMPR2/NRAS/HMGB2/NOD2/MAP2K5/NR4A3/ALOX5/TINF2/AIMP1/MEF2C/RICTOR/PDPK1/ITGB1BP1/CDC73/NUS1/ZFP36L1/CDKN1B/GPBAR1/JAML/HIF1A/KLF9/GRN/CEBPB/ZEB2/NR4A1/NEAT1/TNFAIP3/ZFP36/STAT3/AREG/NFKBIZ/EREG",0.380730400722792
"GO:0060390","regulation of SMAD protein signal transduction",20,0.489876204040693,1.52802401551569,0.037083495068669,0.267913766130872,0.188628973143673,990,"tags=35%, list=14%, signal=30%","FAM89B/PARP1/CRKL/EID2/PIN1/LRP1/TGFBR1",0.321775918075361
"GO:0002712","regulation of B cell mediated immunity",14,-0.571309249192878,-1.52765807055582,0.033582843001514,0.256129765489898,0.180332258971302,521,"tags=29%, list=8%, signal=26%","FCGR2B/MLH1/TNFSF13/HLA-E",0.321775918075361
"GO:0002889","regulation of immunoglobulin mediated immune response",14,-0.571309249192878,-1.52765807055582,0.033582843001514,0.256129765489898,0.180332258971302,521,"tags=29%, list=8%, signal=26%","FCGR2B/MLH1/TNFSF13/HLA-E",0.321775918075361
"GO:1903053","regulation of extracellular matrix organization",20,-0.513728356739146,-1.5268816415949,0.0488599348534202,0.29922665401126,0.210675312801171,188,"tags=20%, list=3%, signal=20%","SMAD3/TNFRSF1A/PLAUR/STAT3",0.261663521711573
"GO:0001934","positive regulation of protein phosphorylation",97,-0.365754701274481,-1.52639953477739,0.00917944334215989,0.122259563558866,0.0860788016388718,1173,"tags=26%, list=17%, signal=22%","MAPK1/TNFRSF10A/IL18/IL10RA/ITGB1BP1/STRADA/ABI1/IL15/ARAF/PRKAR1A/PSMD10/JAK2/OSM/MAP3K4/PTPRC/LCP2/IL4R/TNFRSF1A/NIBAN1/SYAP1/LTBR/PARP9/PLAUR/EREG/CDKN1A",0.380730400722792
"GO:0070373","negative regulation of ERK1 and ERK2 cascade",26,-0.480712472628023,-1.52592754498899,0.037437264022781,0.268894057515081,0.189319162975481,456,"tags=27%, list=7%, signal=25%","EIF3A/GBP1/PTPN2/PTPRC/KLF4/ATF3/DUSP1",0.321775918075361
"GO:0030514","negative regulation of BMP signaling pathway",10,-0.622497000683411,-1.52577261392535,0.0446359525031199,0.293774031351671,0.206836306586328,881,"tags=50%, list=13%, signal=44%","MTMR4/SORL1/UBE2D1/SKIL/UBE2D3",0.321775918075361
"GO:0043122","regulation of canonical NF-kappaB signal transduction",180,-0.336954313767357,-1.52556891662946,0.00268342911172988,0.0639583468273508,0.0450308972929625,1857,"tags=37%, list=27%, signal=27%","CX3CR1/TAB2/MIER1/TRIM25/CXXC5/REL/TLR4/SLC44A2/CARD19/IRF3/TRIM38/ANKRD17/PLK2/IRAK4/CFLAR/DDX21/ANXA4/VAPA/APOL3/CD40/AZI2/IRAK3/TRIM22/CCR7/NOD2/PPP5C/MAP2K5/AKAP13/RBCK1/ZC3HAV1/RELA/PARP10/PDPK1/CPNE1/TRIM5/ZFAND6/FBXW11/TNFSF10/CASP1/PPM1A/TFG/C15orf39/FAF1/RIPK2/NLRC5/PELI1/IFIT5/MALT1/TLR8/CARD16/IL1B/NUP62/CUL1/CLEC7A/LITAF/TNFRSF1A/PER1/BCL10/NFKBIA/LTBR/KLF4/TNFAIP3/EIF2AK2/SLC20A1/STAT3/NAMPT",0.431707695803346
"GO:0090594","inflammatory response to wounding",13,-0.57296776512798,-1.52528560816491,0.0474576271186441,0.296029953982908,0.208424625005225,372,"tags=31%, list=5%, signal=29%","HIF1A/GRN/STAT3/NFKBIZ",0.271288554688953
"GO:0043123","positive regulation of canonical NF-kappaB signal transduction",135,-0.350312937012298,-1.52513060153466,0.00911844450896085,0.122259563558866,0.0860788016388718,1857,"tags=38%, list=27%, signal=28%","CX3CR1/TAB2/MIER1/TRIM25/CXXC5/REL/TLR4/SLC44A2/IRF3/TRIM38/ANKRD17/PLK2/IRAK4/CFLAR/DDX21/VAPA/APOL3/CD40/IRAK3/TRIM22/CCR7/NOD2/PPP5C/AKAP13/RBCK1/ZC3HAV1/RELA/TRIM5/FBXW11/TNFSF10/CASP1/PPM1A/TFG/RIPK2/PELI1/IFIT5/MALT1/TLR8/CARD16/IL1B/NUP62/CUL1/CLEC7A/LITAF/TNFRSF1A/BCL10/LTBR/EIF2AK2/SLC20A1/STAT3/NAMPT",0.380730400722792
"GO:0002708","positive regulation of lymphocyte mediated immunity",46,-0.420434832993899,-1.52503471377066,0.0269635520141719,0.22667767931914,0.159596046526678,1026,"tags=28%, list=15%, signal=24%","HLA-A/IL18/ZBTB1/HLA-B/MLH1/HLA-C/MALT1/TNFSF13/IL1B/CD1D/HLA-E/RSAD2/CD55",0.352487857583619
"GO:0032570","response to progesterone",13,-0.572832135761686,-1.52492455204091,0.0474576271186441,0.296029953982908,0.208424625005225,426,"tags=23%, list=6%, signal=22%","TXNIP/FOS/FOSB",0.271288554688953
"GO:0032740","positive regulation of interleukin-17 production",13,-0.572811852285166,-1.52487055581861,0.0474576271186441,0.296029953982908,0.208424625005225,1167,"tags=31%, list=17%, signal=26%","NOD2/IL18/IL15/OSM",0.271288554688953
"GO:0002714","positive regulation of B cell mediated immunity",10,-0.622084340783588,-1.52476116298932,0.0452271485860825,0.293774031351671,0.206836306586328,478,"tags=30%, list=7%, signal=28%","MLH1/TNFSF13/HLA-E",0.321775918075361
"GO:0002891","positive regulation of immunoglobulin mediated immune response",10,-0.622084340783588,-1.52476116298932,0.0452271485860825,0.293774031351671,0.206836306586328,478,"tags=30%, list=7%, signal=28%","MLH1/TNFSF13/HLA-E",0.321775918075361
"GO:0006940","regulation of smooth muscle contraction",10,-0.621787993324819,-1.5240347999124,0.0452271485860825,0.293774031351671,0.206836306586328,275,"tags=20%, list=4%, signal=19%","DOCK5/RGS2",0.321775918075361
"GO:0006090","pyruvate metabolic process",61,0.357784448346073,1.52401029036591,0.0186321973058824,0.182329359350421,0.128371902365828,1508,"tags=38%, list=22%, signal=30%","LDHB/PKM/ARL2/GIT1/ENO1/MTOR/EIF6/HK2/GAPDH/PRKACA/UCP2/PGK1/TPI1/HK1/PRXL2C/FOXK1/PFKL/ARNT/TIGAR/PDP1/FOXK2/ZBTB20/PFKP",0.352487857583619
"GO:0002706","regulation of lymphocyte mediated immunity",74,-0.382061696641031,-1.52397807773016,0.012512531432624,0.146488054279288,0.103137258139318,1228,"tags=28%, list=18%, signal=24%","CD1E/SLC15A4/HLA-A/IL18/ZBTB1/HLA-B/TNFRSF14/HAVCR2/FCGR2B/MLH1/HLA-C/WAS/PTPRC/MALT1/FUT7/TNFSF13/IL1B/CD1D/HLA-E/RSAD2/CD55",0.380730400722792
"GO:0001914","regulation of T cell mediated cytotoxicity",19,-0.513230015205192,-1.52378802625689,0.0479452054794521,0.296762422360248,0.208940331084361,1228,"tags=42%, list=18%, signal=35%","CD1E/HLA-A/HLA-B/FCGR2B/HLA-C/PTPRC/CD1D/HLA-E",0.271288554688953
"GO:0032692","negative regulation of interleukin-1 production",19,-0.513095932097698,-1.52338993139169,0.0496575342465753,0.302110557858688,0.212705771441805,347,"tags=26%, list=5%, signal=25%","PML/CARD16/IL1B/MEFV/TNFAIP3",0.266350657088526
"GO:0062014","negative regulation of small molecule metabolic process",38,0.402000401747411,1.52328945045309,0.032579011036639,0.25211247243625,0.177503819528005,845,"tags=24%, list=12%, signal=21%","PARP1/USP7/GIT1/AKT1/PGP/GGCX/KAT2A/PRKACA/PGK1",0.321775918075361
"GO:0002292","T cell differentiation involved in immune response",51,-0.41588448343404,-1.52314594560617,0.0203057513525352,0.190153871720903,0.133880875477248,1661,"tags=35%, list=24%, signal=27%","IL6R/ASCL2/SOCS3/NLRP3/STAT5A/JAK1/PSMB3/IL18/BRD2/RC3H1/IRF4/PSMA4/MALT1/JAK3/JUNB/CD69/STAT3/NFKBIZ",0.352487857583619
"GO:0038061","non-canonical NF-kappaB signal transduction",62,-0.387309992640898,-1.52152744136231,0.0302691806926162,0.240269741163063,0.169165755114448,1168,"tags=32%, list=17%, signal=27%","TNFRSF10A/NOD2/RBCK1/IL18/RELA/CPNE1/AMFR/NFKB2/RELB/PPM1A/HAVCR2/DDX3X/IL1B/LAPTM5/TNFRSF1A/BCL3/BCL10/NFKBIA/LTBR/EIF2AK2",0.352487857583619
"GO:0048880","sensory system development",43,-0.422835748797469,-1.52149203566305,0.0364212856067207,0.264974123410275,0.18655927065767,1746,"tags=42%, list=26%, signal=31%","PHACTR4/SMG9/PLAAT3/BMPR2/RAB18/HIPK1/SMARCD3/ATF4/NF2/KDM2B/SCO2/TDRD7/DTNBP1/NIPBL/AGTPBP1/ZEB2/FOS/STAT3",0.321775918075361
"GO:0150063","visual system development",43,-0.422835748797469,-1.52149203566305,0.0364212856067207,0.264974123410275,0.18655927065767,1746,"tags=42%, list=26%, signal=31%","PHACTR4/SMG9/PLAAT3/BMPR2/RAB18/HIPK1/SMARCD3/ATF4/NF2/KDM2B/SCO2/TDRD7/DTNBP1/NIPBL/AGTPBP1/ZEB2/FOS/STAT3",0.321775918075361
"GO:0046496","nicotinamide nucleotide metabolic process",83,0.343893714292388,1.51989790713649,0.00838765712792261,0.116061014354542,0.081714613906835,1625,"tags=43%, list=24%, signal=33%","NAPRT/LDHB/PKM/ARL2/GIT1/ENO1/G6PD/SLC25A12/MTOR/IDH2/EIF6/HK2/ME2/PGLS/GAPDH/KMO/RPE/PRKACA/UCP2/PGK1/IDO1/TPI1/IDH1/HK1/MDH1/PRXL2C/FOXK1/PFKL/ARNT/TIGAR/FOXK2/ZBTB20/PFKP/GOT2/VCP/ZBTB7A",0.380730400722792
"GO:0043331","response to dsRNA",14,-0.568398204763617,-1.51987405424174,0.0448028673835125,0.293774031351671,0.206836306586328,2180,"tags=57%, list=32%, signal=39%","IFIT1/PQBP1/IFIH1/IRF3/IRAK3/OAS1/OAS3/PMAIP1",0.287857117255149
"GO:0030968","endoplasmic reticulum unfolded protein response",67,-0.389457687229754,-1.51728711994393,0.0233874688235448,0.207381698024274,0.146010402197853,1627,"tags=40%, list=24%, signal=31%","PTPN1/DNAJC3/HERPUD2/DNAJC10/RPAP2/SERP1/TMBIM6/ATF6B/ATF4/TMBIM4/AATF/DERL1/AMFR/HERPUD1/NFE2L2/DNAJB9/MBTPS1/BAK1/EDEM3/PTPN2/PARP8/PPP1R15A/PPP1R15B/DDIT3/PIGBOS1/STAT3/ATF3",0.352487857583619
"GO:0035967","cellular response to topologically incorrect protein",81,-0.376930808957714,-1.51708773801221,0.00867605899197073,0.117960310382899,0.0830518436606427,1627,"tags=40%, list=24%, signal=30%","PTPN1/DNAJC3/ATXN3/HERPUD2/DNAJC10/RPAP2/SERP1/TMBIM6/CUL3/ATF6B/ATF4/TMBIM4/AATF/DERL1/AMFR/HERPUD1/DNAJB14/NFE2L2/DNAJB9/MBTPS1/BAK1/EDEM3/PTPN2/PARP8/UBR4/PPP1R15A/PPP1R15B/DDIT3/PIGBOS1/UBE2W/STAT3/ATF3",0.380730400722792
"GO:0042119","neutrophil activation",25,-0.476776327755349,-1.51664307734867,0.0462722269693484,0.293774031351671,0.206836306586328,1352,"tags=40%, list=20%, signal=32%","CCL5/KMT2E/STXBP3/CD300A/IL15/PRKCD/FCGR2B/CXCL8/GRN/CLEC12A",0.321775918075361
"GO:0034113","heterotypic cell-cell adhesion",25,-0.476494566306196,-1.51574678379036,0.0468470298961784,0.294205710672265,0.207140237318022,1553,"tags=44%, list=23%, signal=34%","CD200R1/ITGAX/MAP2K5/CD47/NINJ1/CD2/IL1B/JUP/CD1D/IL1RN/KLF4",0.321775918075361
"GO:0050851","antigen receptor-mediated signaling pathway",116,-0.352748592438247,-1.51376392320954,0.00922944543965679,0.122364583087063,0.0861527423178071,1028,"tags=23%, list=15%, signal=20%","RBCK1/KCNN4/HLA-A/MNDA/MEF2C/CD300A/CD22/SH2B2/BLNK/BCL2/FYB1/RC3H1/SPG21/FCGR2B/GBP1/RIPK2/PTPN2/PTPRC/MALT1/PRNP/LCP2/PDE4B/LAPTM5/EIF2B2/BCL10/NFKBIA/NFKBIZ",0.380730400722792
"GO:0016032","viral process",218,-0.326791430995759,-1.51362210007575,0.00174801299167614,0.0505536691181415,0.0355931195030191,1455,"tags=31%, list=21%, signal=25%","DDB1/MX1/CD4/CHMP6/CHMP2A/VAPA/DENR/CCL5/EIF3F/ARL8B/TPCN1/VAMP8/PTBP1/VPS4A/ISG20/CSNK1A1/SP100/ZC3HAV1/ADAR/WWP1/DDX5/PARP10/SSB/ZNF639/SLC7A1/CTSB/TNFRSF14/IFITM3/USF1/TRIM5/CHMP4A/HEXIM1/ST3GAL4/OASL/RSF1/TOP2B/EIF3G/BCL2/LDLR/OAS1/MGAT1/SPCS3/DYNLT1/WWP2/CHMP5/EIF3A/FAM111A/ICAM1/CXCL8/IFI16/IFIT5/DDX3X/OAS2/OAS3/STOM/IFITM1/PLSCR1/TRIM14/PARP9/ZNFX1/CHMP1B/CXCR4/JUN/EIF2AK2/RSAD2/ZFP36/CD55",0.45505986738723
"GO:0002449","lymphocyte mediated immunity",125,-0.349958042364283,-1.51332109794847,0.00961513392890822,0.126570748765237,0.0891141605539964,1273,"tags=26%, list=19%, signal=21%","ARL8B/CD40/MYO1G/CD1E/SLC15A4/VAV1/HLA-A/IL18/C1QC/ZBTB1/HLA-B/TNFRSF14/CD2/HAVCR2/FCGR2B/FCGR1A/MLH1/HLA-C/WAS/PTPRC/MALT1/FUT7/TLR8/TNFSF13/FCGR2A/IL1B/CTSH/CD1D/HLA-E/RSAD2/CD55/NFKBIZ",0.380730400722792
"GO:0009141","nucleoside triphosphate metabolic process",172,0.30190249557241,1.51272543433023,0.00156300301539017,0.0487666596438049,0.0343349468939361,1513,"tags=35%, list=22%, signal=28%","HSPA8/UCK2/DTYMK/PARP1/NDUFV2/PKM/ARL2/GIT1/RHOQ/NDUFB11/ENO1/SDHA/MTOR/ATP5F1E/NDUFA8/BAD/ATP5MC3/ATP5F1A/NDUFC2/SAMHD1/ATP5MF/EIF6/NDUFS8/ATP5PB/HK2/NDUFB6/NDUFS1/GAPDH/MT-ATP6/ATP5PF/IMPDH2/NDUFA1/NME2/PRKACA/DMAC2L/UCP2/PGK1/NDUFA2/TPI1/NDUFAB1/HK1/PRXL2C/NUDT5/FOXK1/MT-ND4/PFKL/MT-ND5/MFN1/RAN/NME4/ARNT/ATP5F1D/MT-ND2/TIGAR/NDUFB4/FOXK2/DCTPP1/ZBTB20/PFKP/ATP5F1B",0.45505986738723
"GO:0048662","negative regulation of smooth muscle cell proliferation",16,-0.540896222668425,-1.5125140037741,0.045953657420506,0.293774031351671,0.206836306586328,953,"tags=38%, list=14%, signal=32%","MEF2C/CDKN1B/TRIB1/KLF4/TNFAIP3/CDKN1A",0.321775918075361
"GO:0001909","leukocyte mediated cytotoxicity",64,-0.392748376379529,-1.51200293334898,0.018433676561534,0.181707155577168,0.127933829845219,1273,"tags=27%, list=19%, signal=22%","ARL8B/CD1E/VAV1/HLA-A/HLA-B/CD2/HAVCR2/FCGR2B/FCGR1A/ICAM1/HLA-C/PTPRC/FCGR2A/CTSH/CD1D/HLA-E/NFKBIZ",0.352487857583619
"GO:0031667","response to nutrient levels",205,-0.324236989294293,-1.51182352504428,0.00418448804798394,0.0806167775494406,0.0567595319453448,1700,"tags=34%, list=25%, signal=26%","PRKAG2/YWHAZ/RRP8/MYBBP1A/PTPN1/CYBB/ATXN3/KAT5/VDR/CPT1A/GABARAP/GABARAPL1/MAP1LC3B/PCK2/BMPR2/CD4/LAMP2/NR1H2/CD40/BRCC3/TBC1D5/PAK1/ABRAXAS2/MAPK1/SESN3/NOD2/ALAD/VAMP8/ATF4/RRAGA/CSNK1A1/NCOA3/RXRA/RICTOR/SORL1/SEC22B/USF1/MLST8/SRD5A1/KYNU/CD68/STX17/MTHFR/LDLR/YME1L1/PIM1/VPS41/TTC5/NFE2L2/PPM1D/RHEB/IFI16/FADS1/FOXO3/BNIP2/UPP1/ZEB2/KLF10/ACSL1/BCL10/PMAIP1/MAT2A/DDIT3/FNIP1/EIF2AK2/FOS/ZFP36/ATF3/NFKBIZ/CDKN1A",0.407017918923954
"GO:1904063","negative regulation of cation transmembrane transport",31,-0.456694873742753,-1.5099146575346,0.0348412104592492,0.261121129494874,0.183846508651122,709,"tags=26%, list=10%, signal=23%","SLC30A1/CALM3/PPP3CC/WWP2/PPP3CB/CAB39/GPR35/OXSR1",0.321775918075361
"GO:0002181","cytoplasmic translation",177,0.301153029179867,1.50989169360173,0.00194746695797339,0.0532065981333585,0.0374609566178876,1418,"tags=34%, list=21%, signal=28%","PKM/RPS10/NPM1/RPL27/MTOR/UFL1/CSDE1/RPL23A/RPL36/RPLP2/RPL12/RPLP0/RPS17/DHX36/RPS2/FMR1/GAPDH/MCTS1/RPS23/EIF2B4/GIGYF2/UFD1/EIF3I/UBA52/RPL21/RPS28/EIF3H/RPS12/RPL31/RPS8/RPL24/YBX3/RPS21/EIF4E2/YBX1/RPL5/RPS27A/RPL9/RPL23/RPLP1/RPS19/RPS11/RPS4X/RPL36A/ALKBH3/RPS5/NCK1/SLBP/EIF3J/RPL41/RPL7/RPL32/HNRNPD/RPS15A/SH3BGRL/RNF14/EIF3D/RPL17/RPSA/RPL3",0.45505986738723
"GO:0002686","negative regulation of leukocyte migration",17,-0.529336616588111,-1.5092699514836,0.0458265139116203,0.293774031351671,0.206836306586328,396,"tags=29%, list=6%, signal=28%","PTGER4/WASL/RIPOR2/CD69/DUSP1",0.271288554688953
"GO:0010664","negative regulation of striated muscle cell apoptotic process",10,-0.615752748079155,-1.50924209905753,0.0481283422459893,0.296762422360248,0.208940331084361,1486,"tags=50%, list=22%, signal=39%","CFLAR/PDPK1/JAK2/NFE2L2/GPR35",0.276500599254472
"GO:0031669","cellular response to nutrient levels",128,-0.348391862275461,-1.50844688166602,0.00867407822572164,0.117960310382899,0.0830518436606427,1700,"tags=37%, list=25%, signal=28%","PRKAG2/YWHAZ/RRP8/MYBBP1A/ATXN3/KAT5/VDR/GABARAP/GABARAPL1/MAP1LC3B/BMPR2/LAMP2/PAK1/MAPK1/SESN3/VAMP8/ATF4/RRAGA/CSNK1A1/NCOA3/RXRA/RICTOR/SEC22B/USF1/MLST8/SRD5A1/CD68/STX17/YME1L1/PIM1/VPS41/TTC5/NFE2L2/PPM1D/RHEB/IFI16/FADS1/FOXO3/UPP1/KLF10/PMAIP1/MAT2A/FNIP1/EIF2AK2/FOS/ATF3/CDKN1A",0.380730400722792
"GO:0002520","immune system development",50,-0.405902190514551,-1.50791454131775,0.0353238428395037,0.261407882145048,0.184048401441962,1235,"tags=32%, list=18%, signal=26%","IRAK3/HMGB2/SLC15A4/ZBTB1/HLA-B/PCID2/TNFRSF14/HAVCR2/MLH1/PTPRC/TNFSF13/CYREN/LTBR/TNFAIP3/HLA-E/NFKBIZ",0.321775918075361
"GO:0097479","synaptic vesicle localization",33,-0.448645266445394,-1.50755455838128,0.0416,0.283743978398944,0.19977448734362,1826,"tags=42%, list=27%, signal=31%","BLOC1S2/BLOC1S4/MX1/CTNNB1/TMEM230/LIN7C/SPG11/DTNBP1/AP3M1/TOR1A/MX2/SYNJ1/BLOC1S5/BORCS5",0.282013350011725
"GO:0007162","negative regulation of cell adhesion",117,-0.358524367477059,-1.50752424979117,0.00766148057480419,0.110214015456713,0.0775979407922073,899,"tags=22%, list=13%, signal=20%","CD300A/ITGB1BP1/TNFRSF14/PRKAR1A/PRKCD/CUL5/RC3H1/HAVCR2/JAK2/PSMA4/VSIR/GBP1/PTPN2/PTPRC/ADAM10/JAK3/PRNP/CEBPB/LAPTM5/IRF1/IL1RN/RIPOR2/KLF4/HLA-E/CD69/DUSP1",0.407017918923954
"GO:0009144","purine nucleoside triphosphate metabolic process",165,0.30062844650127,1.5071000841195,0.00187526905801584,0.0529362129114227,0.037270587576746,1513,"tags=35%, list=22%, signal=28%","HSPA8/PARP1/NDUFV2/PKM/ARL2/GIT1/RHOQ/NDUFB11/ENO1/SDHA/MTOR/ATP5F1E/NDUFA8/BAD/ATP5MC3/ATP5F1A/NDUFC2/SAMHD1/ATP5MF/EIF6/NDUFS8/ATP5PB/HK2/NDUFB6/NDUFS1/GAPDH/MT-ATP6/ATP5PF/IMPDH2/NDUFA1/NME2/PRKACA/DMAC2L/UCP2/PGK1/NDUFA2/TPI1/NDUFAB1/HK1/PRXL2C/NUDT5/FOXK1/MT-ND4/PFKL/MT-ND5/MFN1/RAN/NME4/ARNT/ATP5F1D/MT-ND2/TIGAR/NDUFB4/FOXK2/ZBTB20/PFKP/ATP5F1B",0.45505986738723
"GO:1901698","response to nitrogen compound",356,-0.311631215734763,-1.50672580248059,0.000297833664950497,0.0189945987353774,0.0133734511162824,1672,"tags=32%, list=24%, signal=26%","CRTC3/IRF3/ITPR1/PTPN1/CYC1/P2RX4/HDAC5/CYBB/LEPROTL1/ADCY7/LPIN2/RAP1B/CPT1A/PRKCA/CFLAR/STAT5A/PCK2/KLF2/TMBIM6/CD4/CUL3/JAK1/NSMCE3/CTNNB1/SETD2/CD40/IRAK3/P2RY6/BRCC3/CCR7/CRTC2/PAK1/TOP1/AFG3L2/ABRAXAS2/MAPK1/SESN3/NOD2/ALAD/SRSF4/HDAC9/NR4A3/SORT1/CASP4/RELA/MEF2C/LY6E/PDPK1/CSF2RA/SORL1/RAB8A/USF1/ATRX/SRSF5/ZFP36L1/BTG1/DTNBP1/CREB1/SH2B2/SRD5A1/KYNU/TAF1/DENND4C/PRKAR1A/TOP2B/RANBP2/MTHFR/PRKCD/MTR/OAS1/CALM3/PNPT1/FCGR2B/JAK2/NAGK/NFE2L2/CHMP5/KLF11/ICAM1/AGTRAP/RIPK2/PTPN2/TUBA1A/FOXO3/FUT7/OAS3/JAK3/IL1B/SNX6/PRNP/BTG2/NR4A1/SMAD3/JUP/PER1/EIF2B2/SYAP1/PMAIP1/MAT2A/RGS2/KAT7/KLF4/TNFAIP3/EGR1/LTA4H/GUCD1/FOS/FOSB/STAT3/AREG/NR4A2/NFKBIZ/EREG/DUSP1",0.49849310876659
"GO:0045824","negative regulation of innate immune response",55,-0.400214063110546,-1.50662258337344,0.03080116387414,0.242928582452972,0.171037754860899,1953,"tags=49%, list=29%, signal=35%","CRK/USP18/STAT2/FAM3A/ISG15/YTHDF3/YWHAZ/YTHDF2/CEP63/SMIM30/NR1H2/IRAK3/TTLL12/HLA-A/HLA-B/USP15/OAS1/PIM1/HAVCR2/NLRC5/PTPN2/IFI16/OAS3/GRN/DHX58/TNFAIP3/HLA-E",0.352487857583619
"GO:0050868","negative regulation of T cell activation",60,-0.397702015754827,-1.50636342541476,0.0146731347153779,0.158971775370808,0.111926621689063,899,"tags=27%, list=13%, signal=23%","CD300A/TNFRSF14/PRKAR1A/RC3H1/HAVCR2/PSMA4/VSIR/PTPN2/JAK3/PRNP/CEBPB/LAPTM5/IRF1/RIPOR2/HLA-E/CD69",0.380730400722792
"GO:0062207","regulation of pattern recognition receptor signaling pathway",115,-0.349789890902073,-1.50555711693474,0.0101538267019029,0.129068745602539,0.0908729151903905,1237,"tags=29%, list=18%, signal=24%","GPS2/IRAK3/SLC15A3/SLC15A4/BRCC3/OTUD4/NPLOC4/CSNK1A1/ZC3HAV1/LYPLAL1/PDPK1/CD300A/NINJ1/OASL/USP15/PUM2/PJA2/CD300LF/NAGK/RNF125/SLC46A2/IFI16/DDX3X/LILRA4/DHX58/WDFY1/IRF1/MEFV/DDX60/TNFAIP3/GBP5/EIF2AK2/RSAD2",0.380730400722792
"GO:0009100","glycoprotein metabolic process",137,-0.341742604249831,-1.5054429575814,0.0125142538935537,0.146488054279288,0.103137258139318,1513,"tags=31%, list=22%, signal=25%","UGGT1/CSGALNACT2/RPN2/SERP1/BMPR2/ALG13/CTNNB1/ARFGEF1/GALNT11/HBEGF/B4GALT7/GOLGA2/XXYLT1/GALNT2/NUS1/CHST11/NDST2/AMFR/B3GALNT2/GANC/ST3GAL4/ST8SIA4/B3GALT4/POGLUT1/MGAT1/HEXB/GALNT3/TET3/RNF5/ALG8/SLC35A1/SOAT1/ST3GAL6/HIF1A/B4GALT1/EDEM3/CHST12/FUT7/ADAM10/PMM2/JAK3/RNF139/FBXO6",0.380730400722792
"GO:0035456","response to interferon-beta",25,-0.473160764420924,-1.50514183707592,0.0491462424573094,0.300482563387748,0.211559555889794,1184,"tags=40%, list=17%, signal=33%","XAF1/TRAF3IP3/MNDA/IFITM3/OAS1/PNPT1/IFI16/IFITM1/PLSCR1/IRF1",0.321775918075361
"GO:0008333","endosome to lysosome transport",46,-0.414946509371457,-1.50512702918366,0.0301758879144039,0.240044321280387,0.169007044639771,2023,"tags=43%, list=30%, signal=31%","VPS18/MGRN1/VPS33A/VPS11/HOOK2/VPS4B/CHMP6/CHMP2A/ARL8B/HOOK3/VPS4A/SORT1/CHMP4A/RHOB/VPS41/CHMP5/DENND3/CHMP1B/DTX3L/SCYL2",0.352487857583619
"GO:0001944","vasculature development",197,-0.328695057048922,-1.50482797157968,0.00271375002383635,0.0639583468273508,0.0450308972929625,1610,"tags=32%, list=24%, signal=26%","MECP2/SLC31A1/HDAC5/CYBB/RBPJ/PLK2/ITGAX/PRKCA/CFLAR/KLF2/BMPR2/JAK1/CTNNB1/PRCP/HIPK1/CD40/TYMP/HDAC9/MAP2K5/ALOX5/EMILIN2/JMJD6/PANK2/AIMP1/IL18/SP100/RELA/MEF2C/CD47/C3AR1/PDPK1/IGFBP7/ITGB1BP1/NUS1/ADIPOR2/NINJ1/BTG1/RHOB/LDLR/RNF213/NFE2L2/CXCL8/HIF1A/PML/RIN2/ADAM10/CLIC3/IL1B/GRN/NR4A1/JUP/CALCRL/EGR2/DDIT3/GLUL/KLF4/TNFAIP3/EGR1/CXCR4/PTGS2/C1GALT1/SAT1/STAT3/EREG",0.431707695803346
"GO:0048660","regulation of smooth muscle cell proliferation",51,-0.410082457898939,-1.50189645921726,0.0234909249722008,0.207381698024274,0.146010402197853,1661,"tags=43%, list=24%, signal=33%","IL6R/TPM1/IRAK4/PRKCA/BMPR2/CCL5/CTNNB1/P2RY6/PAK1/HBEGF/NR4A3/IL18/MEF2C/CDKN1B/TRIB1/JAK2/MNAT1/KLF4/TNFAIP3/JUN/EREG/CDKN1A",0.352487857583619
"GO:0140374","antiviral innate immune response",45,-0.418582832371468,-1.50178813128041,0.0233280120413424,0.207381698024274,0.146010402197853,1283,"tags=36%, list=19%, signal=29%","MORC3/OTUD4/TRAF3IP3/RELA/OASL/IFIT2/OAS1/IFIT5/OAS2/OAS3/RNF135/DHX58/ZBP1/IFIT3/UBE2W/EIF2AK2",0.352487857583619
"GO:0039535","regulation of RIG-I signaling pathway",17,-0.526681045033775,-1.50169825849019,0.0458265139116203,0.293774031351671,0.206836306586328,1111,"tags=47%, list=16%, signal=40%","NPLOC4/ZC3HAV1/OASL/USP15/PUM2/RNF125/DHX58/DDX60",0.271288554688953
"GO:0051865","protein autoubiquitination",38,-0.430299622933273,-1.50141537820989,0.0388802488335925,0.274461909227975,0.193239298048743,1526,"tags=39%, list=22%, signal=31%","RNF10/CUL3/RNF4/RNFT1/UBE2B/CNOT4/NFX1/AMFR/TAF1/RNF187/RNF213/WWP2/RNF11/UBE2D3/DTX3L",0.287857117255149
"GO:0060337","type I interferon-mediated signaling pathway",49,-0.408883209937735,-1.50137909108292,0.0210038516536578,0.195506809807205,0.137649697173507,1945,"tags=49%, list=28%, signal=35%","UBE2K/USP18/STAT2/ISG15/YTHDF3/YTHDF2/IRF3/PTPN1/RBM47/SMIM30/JAK1/AZI2/TTLL12/SP100/IFITM3/OASL/OAS1/NLRC5/PTPN2/OAS2/OAS3/IFI27/IFITM1/ZBP1",0.352487857583619
"GO:0043367","CD4-positive, alpha-beta T cell differentiation",64,-0.389800533428606,-1.50065432580047,0.0211924183039146,0.196468058411479,0.138326479631455,800,"tags=22%, list=12%, signal=19%","GPR65/GPR183/BRD2/RC3H1/IRF4/PSMA4/PTGER4/MALT1/JAK3/JUNB/RSAD2/CD69/STAT3/NFKBIZ",0.352487857583619
"GO:0031665","negative regulation of lipopolysaccharide-mediated signaling pathway",10,-0.612198560314828,-1.50053059948468,0.0481283422459893,0.296762422360248,0.208940331084361,679,"tags=40%, list=10%, signal=36%","TRIB1/CARD16/SMAD3/TNFAIP3",0.276500599254472
"GO:0043244","regulation of protein-containing complex disassembly",61,0.352227370541913,1.50033949137771,0.0223339087305595,0.203983033072443,0.143617517766487,910,"tags=26%, list=13%, signal=23%","TWF2/PDXP/MID1IP1/GSN/SH3BP1/UPF1/PPP1CA/MAP1S/LIMA1/ATG5/CAPG/SVIL/ADRB2/TRIOBP/TAOK1/GSPT1",0.352487857583619
"GO:0032760","positive regulation of tumor necrosis factor production",74,-0.375614615959981,-1.49826178711621,0.0159859365336322,0.166101065275016,0.116946112300894,635,"tags=23%, list=9%, signal=21%","CD2/OAS1/HAVCR2/FCGR2B/JAK2/FCGR1A/CCL3/PSMA4/RIPK2/PTPRC/OAS2/ADAM10/OAS3/FCGR2A/CLEC7A/HLA-E/STAT3",0.352487857583619
"GO:0071706","tumor necrosis factor superfamily cytokine production",109,-0.349487677477322,-1.4981595583533,0.0184703678013018,0.181707155577168,0.127933829845219,1235,"tags=28%, list=18%, signal=24%","IRAK3/PSMB3/NOD2/DICER1/IFNGR1/CLEC4A/IL27RA/CD47/ILRUN/CD2/OAS1/HAVCR2/FCGR2B/JAK2/FCGR1A/CCL3/PSMA4/VSIR/RIPK2/PTPRC/LILRA4/OAS2/ADAM10/OAS3/FCGR2A/CLEC7A/BCL10/TNFAIP3/HLA-E/ZFP36/STAT3",0.352487857583619
"GO:1903555","regulation of tumor necrosis factor superfamily cytokine production",109,-0.349487677477322,-1.4981595583533,0.0184703678013018,0.181707155577168,0.127933829845219,1235,"tags=28%, list=18%, signal=24%","IRAK3/PSMB3/NOD2/DICER1/IFNGR1/CLEC4A/IL27RA/CD47/ILRUN/CD2/OAS1/HAVCR2/FCGR2B/JAK2/FCGR1A/CCL3/PSMA4/VSIR/RIPK2/PTPRC/LILRA4/OAS2/ADAM10/OAS3/FCGR2A/CLEC7A/BCL10/TNFAIP3/HLA-E/ZFP36/STAT3",0.352487857583619
"GO:0051385","response to mineralocorticoid",14,-0.559775478114144,-1.49681722823222,0.0483870967741935,0.29781010144383,0.209677966303985,601,"tags=36%, list=9%, signal=33%","CALM3/PTPRC/FOXO3/FOS/FOSB",0.276500599254472
"GO:1904018","positive regulation of vasculature development",57,-0.39646379005131,-1.49598584597336,0.0261843480411329,0.22317028434136,0.157126608981074,1588,"tags=40%, list=23%, signal=31%","CYBB/ITGAX/PRKCA/JAK1/CTNNB1/HIPK1/CD40/EMILIN2/C3AR1/PDPK1/NINJ1/BTG1/RHOB/NFE2L2/CXCL8/HIF1A/CLIC3/IL1B/GRN/JUP/KLF4/CXCR4/STAT3",0.352487857583619
"GO:0051098","regulation of binding",45,-0.416803732393018,-1.4954050906362,0.025485493034136,0.218725843928699,0.153997429606136,1180,"tags=29%, list=17%, signal=24%","SYMPK/GOLGA2/CPNE1/ITGB1BP1/RSF1/ILRUN/BTAF1/IFI16/PARP9/RIPOR2/DTX3L/PLAUR/JUN",0.352487857583619
"GO:0022407","regulation of cell-cell adhesion",227,-0.318870282942401,-1.49398188780497,0.0019562306964414,0.0532065981333585,0.0374609566178876,1201,"tags=26%, list=18%, signal=22%","CCR7/PSMB3/NOD2/SMARCD3/MAP2K5/NR4A3/ALOX5/VAV1/EMILIN2/SMARCD2/NF2/HLA-A/IL18/RELA/ZBTB1/SART1/CD47/PDPK1/CD300A/SLC7A1/TNFRSF14/BCL6/GPR65/PNP/ST3GAL4/IL15/BRD2/PRKAR1A/DENND6A/PRKCD/RC3H1/HAVCR2/JAK2/SIRPB1/PSMA4/MAP3K8/VSIR/PTPN2/PTPRC/MALT1/FOXO3/FUT7/DOCK8/JAK3/IL1B/PRNP/CEBPB/LAPTM5/CD1D/IRF1/IL1RN/RIPOR2/KLF4/HLA-E/PLAUR/CD69/CD55/NFKBIZ",0.431707695803346
"GO:0044093","positive regulation of molecular function",159,-0.333567524050251,-1.49360574991385,0.00712528859603033,0.107147838186803,0.0754391496324539,872,"tags=21%, list=13%, signal=19%","ITGB1BP1/SNX13/STRADA/ABI1/GCH1/SRGAP2/PRKAR1A/ARRDC3/STAC3/PRKCD/PSMD10/SIPA1L1/JAK2/NIPSNAP2/MAP3K4/RALGAPA2/VSIR/PTPRC/VMP1/DOCK8/CTSS/GRN/LCP2/TNFRSF1A/PLSCR1/SYAP1/LTBR/PARP9/RIPOR2/DTX3L/PLAUR/EREG/RGS1/CDKN1A",0.407017918923954
"GO:0002444","myeloid leukocyte mediated immunity",58,-0.391446027293708,-1.49281000822401,0.0316240674219185,0.246268263986687,0.17338911107312,2084,"tags=41%, list=31%, signal=29%","CCR2/GNAQ/FES/DDX1/STX4/CX3CR1/IL6R/IRAK4/DDX21/KMT2E/VAMP8/NR4A3/STXBP3/ADGRE2/PDPK1/CD300A/MILR1/FCGR2B/FCGR1A/CCL3/FCGR2A/GAB2/WDR1/HLA-E",0.321775918075361
"GO:0000165","MAPK cascade",268,-0.316251254099616,-1.49189293196138,0.00117824167108261,0.0407319246853698,0.0286779632063161,1237,"tags=25%, list=18%, signal=21%","GPS2/IRAK3/P2RY6/CCR7/PAK1/MAPK1/NOD2/PPP5C/MAP2K5/IL27RA/AKAP13/MEF2C/DUSP2/CD300A/ITGB1BP1/TNFRSF14/TRIM5/ZFP36L1/GPR183/IL15/ARAF/TRIB1/RELL1/APIP/MAP4K5/PRKCD/GPBAR1/PJA2/PSMD10/SLA/HAVCR2/FCGR2B/JAK2/OSM/ZFP36L2/MAP3K4/EIF3A/CCL3/ICAM1/PTGER4/MAP3K8/GBP1/RIPK2/MAP3K1/PTPN2/PTPRC/IL1B/GADD45B/CTSH/LAPTM5/SMAD3/CLEC7A/PER1/CCR1/LTBR/VRK2/RGS2/KLF4/JUN/DUSP5/NAIP/EIF2AK2/ZFP36/ATF3/NAMPT/DUSP1",0.45505986738723
"GO:0048489","synaptic vesicle transport",30,-0.459754963511811,-1.49115256541292,0.0414673046251994,0.283743978398944,0.19977448734362,1826,"tags=43%, list=27%, signal=32%","BLOC1S2/BLOC1S4/MX1/TMEM230/LIN7C/SPG11/DTNBP1/AP3M1/TOR1A/MX2/SYNJ1/BLOC1S5/BORCS5",0.282013350011725
"GO:0007186","G protein-coupled receptor signaling pathway",177,-0.33086668312911,-1.48939579403449,0.00699046277018424,0.107072889644673,0.0753863809123362,1672,"tags=32%, list=24%, signal=25%","CRTC3/ITPR1/P2RY8/CCR5/ADCY7/RAP1B/PRKCA/STAT5A/WASF2/ZDHHC3/RASGRP4/YWHAB/USP33/CCL5/FCN1/RIC8A/P2RY6/CCR7/GNAI3/MAPK1/ADGRE2/AKAP13/OPN3/RELA/C3AR1/SORL1/GPR65/GPR141/DTNBP1/GPR183/PRKAR1A/GNA13/CALM3/GPBAR1/RGS19/DYNLT1/JAK2/CCL3/CXCL8/PTGER4/AGTRAP/HIF1A/CCL3L1/RGS18/PDE4B/HCAR2/GPR35/CCR1/CALCRL/HCAR3/WBP1L/RGS2/OXSR1/CXCR4/AREG/EREG/RGS1",0.407017918923954
"GO:0035601","protein deacylation",22,0.446996064115714,1.48902512291629,0.0462501693623617,0.293774031351671,0.206836306586328,2360,"tags=64%, list=35%, signal=42%","HDAC7/KAT2A/PPT1/FRY/BRMS1/FLNA/SIRT2/SGF29/LYPLA1/ABHD17A/SIRT6/WDR5/SIRT1/YEATS2",0.321775918075361
"GO:0001568","blood vessel development",188,-0.327245379270457,-1.48852294297207,0.00402958064559371,0.0780388419269692,0.0549444951283873,1610,"tags=33%, list=24%, signal=26%","MECP2/SLC31A1/HDAC5/CYBB/RBPJ/PLK2/ITGAX/PRKCA/CFLAR/KLF2/BMPR2/JAK1/CTNNB1/PRCP/HIPK1/CD40/TYMP/HDAC9/MAP2K5/ALOX5/EMILIN2/JMJD6/PANK2/AIMP1/IL18/SP100/RELA/MEF2C/CD47/C3AR1/PDPK1/IGFBP7/ITGB1BP1/NUS1/ADIPOR2/NINJ1/BTG1/RHOB/LDLR/RNF213/NFE2L2/CXCL8/HIF1A/PML/RIN2/CLIC3/IL1B/GRN/NR4A1/JUP/CALCRL/EGR2/DDIT3/GLUL/KLF4/TNFAIP3/EGR1/PTGS2/C1GALT1/SAT1/STAT3/EREG",0.407017918923954
"GO:0071103","DNA conformation change",10,-0.607284954559944,-1.48848709551888,0.0481283422459893,0.296762422360248,0.208940331084361,2300,"tags=70%, list=34%, signal=46%","ERCC3/HNRNPA2B1/HHEX/HMGB2/TOP1/TOP3B/TOP2B",0.276500599254472
"GO:0043414","macromolecule methylation",66,0.34809158288416,1.48817930703885,0.0190406389532225,0.183414904916589,0.129136198088307,676,"tags=18%, list=10%, signal=17%","TRMT112/LSM10/AKT1/MRM2/FBL/WDR6/SNRPG/NOP56/RBM15B/TARBP1/METTL21A/SNRPF",0.352487857583619
"GO:0051146","striated muscle cell differentiation",101,0.326894366411052,1.48793189909999,0.00448703579400156,0.0830264390924088,0.0584560927045701,1270,"tags=31%, list=19%, signal=25%","CAPN2/CSRP1/CD81/MTLN/CD9/RPL27/G6PD/RPL23A/RPL36/MAML1/CASP3/RPLP2/RPL12/RPLP0/CACYBP/KAT2A/RBM38/UBA52/RPL21/RPL31/RPL24/RPL5/RPL9/RPL23/RPLP1/RPL36A/PLEKHO1/PLEC/RPL41/RPL7/RPL32",0.407017918923954
"GO:0002698","negative regulation of immune effector process",50,-0.400495491661099,-1.48782881620425,0.0434131300183968,0.290849513638721,0.20477725310393,1026,"tags=28%, list=15%, signal=24%","HLA-A/HLA-B/CD300A/CD22/TNFRSF14/RC3H1/HAVCR2/FCGR2B/PTPRC/JAK3/GRN/HLA-E/CD69/CD55",0.321775918075361
"GO:0071385","cellular response to glucocorticoid stimulus",23,-0.476375927102034,-1.48519645183147,0.0465489566613162,0.293774031351671,0.206836306586328,790,"tags=35%, list=12%, signal=31%","ZFP36L1/SRD5A1/MT-ND3/ZFP36L2/KLF9/FOXO3/NR3C1/ZFP36",0.266350657088526
"GO:0045444","fat cell differentiation",70,-0.385179272822467,-1.48492703774936,0.0138574319824157,0.156276344216328,0.110028860263094,1106,"tags=27%, list=16%, signal=23%","NR4A3/ALOX5/APPBP2/ZFP36L1/CREB1/CUL2/PIM1/ZFP36L2/CCDC85B/ZNF385A/CEBPB/NR4A1/SMAD3/EGR2/SYAP1/KLF4/PTGS2/ZFP36/NR4A2",0.380730400722792
"GO:0051604","protein maturation",287,0.275015542874751,1.48453899212007,0.000493735880430399,0.0253656808571118,0.0178591134090133,1456,"tags=31%, list=21%, signal=26%","HSPA8/THBD/CAPN2/TESC/S100A10/ATG4D/PARP1/PPIB/PIGP/HSPE1/TRAP1/DNLZ/ARL2/PIGM/APH1A/CANX/HSP90AB1/GSN/AKT1/ENO1/CISD3/HSPB1/AHSA1/NAA20/TAPBP/ATPAF2/DNAJC21/FKBP1A/SERPINF2/CCT6A/CASP3/TBCA/FKBP8/PDIA6/SDF2/P3H1/SDF2L1/GGCX/DNAJB1/TBCB/GPAA1/HM13/FKBP4/PDIA4/METTL21A/GLRX5/DPM2/CDC123/DHPS/TSPAN33/PTGES3/CCT5/HSPA5/P4HB/TBCC/CCT2/PGK1/BOLA3/LYRM7/CCT8/LGMN/CCT7/ANXA2/NDUFAB1/CASP8/PPIF/GAK/PDCD5/HSPD1/CTSZ/CCT4/METAP2/FLNA/TXNDC5/ADAM17/GZMH/CDC37/MMS19/PDIA3/CCS/PIGK/AIP/ST13/RAP1GDS1/NUDCD3/MOGS/LMAN1/PPIA/CCT3/ERO1A",0.477270815362862
"GO:0002440","production of molecular mediator of immune response",84,-0.364613127111894,-1.48321956207006,0.0130131853852824,0.151370354528804,0.106574719737299,1235,"tags=31%, list=18%, signal=26%","IRAK3/SLC15A4/NOD2/NR4A3/HLA-A/IL18/GALNT2/CD22/TNFRSF14/FCGR2B/MLH1/DNAJB9/PTPRC/MALT1/SASH3/TNFSF13/CYREN/JAK3/IL1B/LAPTM5/CLEC7A/BCL10/HLA-E/RSAD2/CD55/NFKBIZ",0.380730400722792
"GO:0030098","lymphocyte differentiation",197,-0.32373927459172,-1.48213946470156,0.00457154311948738,0.0833011724087872,0.0586495230911651,1237,"tags=25%, list=18%, signal=21%","GPS2/CCR7/PSMB3/SMARCD3/HDAC9/SMARCD2/IL18/ZBTB1/SART1/SPIB/PCID2/BCL6/GPR65/ZFP36L1/PNP/GPR183/BRD2/BLNK/TOP2B/CD2/RELB/RC3H1/IRF4/FCGR2B/NFE2L2/ZFP36L2/DNAJB9/PSMA4/PTGER4/VSIR/PTPN2/PTPRC/MALT1/FOXO3/JAK3/IL1B/LAPTM5/CD1D/PPP2R3C/KLF6/IRF1/TNFSF13B/KAT7/JUNB/FNIP1/RSAD2/CD69/STAT3/NFKBIZ",0.407017918923954
"GO:0045778","positive regulation of ossification",16,-0.529647783292985,-1.48105987012898,0.0464716006884682,0.293774031351671,0.206836306586328,1702,"tags=56%, list=25%, signal=42%","ISG15/VDR/BMPR2/SETD2/ALOX5/RXRA/MEF2C/TENT5A/SMAD3",0.276500599254472
"GO:0006959","humoral immune response",59,-0.38900864943055,-1.48075935392988,0.024394828018062,0.211326624915249,0.148787891086602,1352,"tags=34%, list=20%, signal=27%","CCL5/FCN1/CCR7/ALOX5/CD83/HLA-A/C1QC/MEF2C/GPR183/BLNK/BCL2/FCGR2B/POU2F2/CCL3/CXCL8/CCL3L1/IL1B/HMGN2/HLA-E/CD55",0.352487857583619
"GO:0045165","cell fate commitment",55,-0.393242992495689,-1.48037969641188,0.043614214865115,0.290849513638721,0.20477725310393,1661,"tags=35%, list=24%, signal=26%","IL6R/RBPJ/SOCS3/STAT5A/CHD3/IFRD1/JAK1/PAF1/MEF2C/CTR9/CDC73/MTA2/BRD2/IRF4/JAK3/MCL1/KLF4/CD69/STAT3",0.321775918075361
"GO:0002252","immune effector process",283,-0.306407411180494,-1.4798418906043,0.00238823143380014,0.0600934760732526,0.0423097732081238,1562,"tags=29%, list=23%, signal=24%","ANKRD17/ASCL2/NKG7/SOCS3/IRAK4/NLRP3/STAT5A/DDX21/TMBIM6/GNL1/JAK1/RASGRP4/PHF14/FCN1/LCP1/ARL8B/CD40/MYO1G/IRAK3/CD1E/SLC15A4/PSMB3/NOD2/KMT2E/VAMP8/NR4A3/VAV1/STXBP3/ADGRE2/HLA-A/IL18/C1QC/ZBTB1/PDPK1/HLA-B/CD300A/GALNT2/CD22/TNFRSF14/ITGAL/GPR183/BRD2/MILR1/CD2/RC3H1/IRF4/HAVCR2/FCGR2B/FCGR1A/MLH1/DNAJB9/CCL3/ICAM1/HLA-C/PSMA4/WAS/PTPRC/MALT1/SASH3/FUT7/TLR8/TNFSF13/JAK3/FCGR2A/IL1B/GRN/CEBPB/CTSH/LAPTM5/CLEC7A/DHX58/CD1D/GAB2/WDR1/BCL10/DDX60/JUNB/HLA-E/RSAD2/CD69/STAT3/CD55/NFKBIZ",0.431707695803346
"GO:0006308","DNA catabolic process",13,0.522945069955707,1.47714967212338,0.043873564512796,0.291361427527526,0.20513767426697,703,"tags=38%, list=10%, signal=35%","EXOG/DFFA/CASP3/BAX/ENDOG",0.321775918075361
"GO:0046649","lymphocyte activation",376,-0.300765424586482,-1.47628076127944,0.000671759425431654,0.0295814061270439,0.0208272622287148,1558,"tags=29%, list=23%, signal=24%","ASCL2/NKG7/SOCS3/AKAP17A/KAT5/NLRP3/LST1/STAT5A/PRELID1/DDB1/CD4/JAK1/PHF14/SKAP2/CCL5/HLA-DPA1/LCP1/CD40/GPS2/SLC15A4/CCR7/PSMB3/NOD2/SMARCD3/CLEC4A/HDAC9/IL27RA/VAV1/KIF13B/SMARCD2/HLA-A/IL18/ZBTB1/SART1/MNDA/MEF2C/CD47/PDPK1/CD300A/SLC7A1/SPIB/CD22/PCID2/TNFRSF14/ITGAL/BCL6/SAMSN1/GPR65/ZFP36L1/PNP/GPR183/IL15/BRD2/PRKAR1A/BLNK/TOP2B/BCL2/CD2/RELB/JAML/RC3H1/IRF4/HAVCR2/FCGR2B/JAK2/PPP3CB/NFE2L2/MLH1/ZFP36L2/SIRPB1/DNAJB9/ICAM1/PSMA4/PTGER4/MAP3K8/VSIR/PTPN2/PTPRC/MALT1/SASH3/FOXO3/TNFSF13/DOCK8/JAK3/IL1B/PRNP/CEBPB/LAPTM5/SMAD3/CLEC7A/CD1D/PPP2R3C/SH3KBP1/LTBR/KLF6/IRF1/TNFSF13B/RIPOR2/KAT7/TNFAIP3/JUNB/HLA-E/FNIP1/RSAD2/CD69/STAT3/CD55/CLEC12A/NFKBIZ",0.477270815362862
"GO:1903131","mononuclear cell differentiation",239,-0.316086408467749,-1.47621489756126,0.00225643269082062,0.0591953512294006,0.0416774340435589,1018,"tags=22%, list=15%, signal=20%","IL18/C1QC/RXRA/ZBTB1/SART1/HLA-B/SPIB/PCID2/BCL6/GPR65/ZFP36L1/PNP/GPR183/IL15/BRD2/TRIB1/BLNK/TOP2B/CD2/RELB/RC3H1/IRF4/FCGR2B/NFE2L2/ZFP36L2/DNAJB9/PSMA4/PTGER4/VSIR/PTPN2/IFI16/PTPRC/MALT1/FOXO3/JAK3/IL1B/CEBPB/NR3C1/LAPTM5/CD1D/PPP2R3C/KLF6/IRF1/TNFSF13B/KAT7/JUNB/FNIP1/FOS/RSAD2/CD69/STAT3/CLEC12A/NFKBIZ",0.431707695803346
"GO:0036230","granulocyte activation",30,-0.453627755321221,-1.47127980070707,0.0462519936204147,0.293774031351671,0.206836306586328,1352,"tags=37%, list=20%, signal=30%","CCL5/KMT2E/STXBP3/CD300A/IL15/PRKCD/FCGR2B/CCL3/CXCL8/GRN/CLEC12A",0.266350657088526
"GO:0007159","leukocyte cell-cell adhesion",214,-0.315043097447246,-1.47014680990878,0.00387344231402291,0.0755879910398335,0.0532189343524515,1201,"tags=25%, list=18%, signal=21%","CCR7/PSMB3/NOD2/SMARCD3/NR4A3/ALOX5/VAV1/SMARCD2/HLA-A/IL18/RELA/ZBTB1/SART1/CD47/PDPK1/CD300A/SLC7A1/TNFRSF14/ITGAL/BCL6/GPR65/PNP/ST3GAL4/IL15/BRD2/PRKAR1A/RC3H1/HAVCR2/JAK2/SIRPB1/ICAM1/PSMA4/MAP3K8/VSIR/PTPN2/PTPRC/MALT1/FOXO3/FUT7/DOCK8/JAK3/IL1B/PRNP/CEBPB/LAPTM5/CD1D/GPR35/IRF1/RIPOR2/KLF4/HLA-E/CD69/CD55/NFKBIZ",0.431707695803346
"GO:0050863","regulation of T cell activation",186,-0.320370239514862,-1.46866326127457,0.00800506687320588,0.113451418879193,0.0798772864639628,1201,"tags=26%, list=18%, signal=22%","CCR7/PSMB3/NOD2/SMARCD3/VAV1/SMARCD2/HLA-A/IL18/ZBTB1/SART1/CD47/PDPK1/CD300A/SLC7A1/TNFRSF14/BCL6/GPR65/PNP/IL15/BRD2/PRKAR1A/CD2/RC3H1/IRF4/HAVCR2/JAK2/SIRPB1/PSMA4/MAP3K8/VSIR/PTPN2/PTPRC/MALT1/FOXO3/DOCK8/JAK3/IL1B/PRNP/CEBPB/LAPTM5/CD1D/IRF1/RIPOR2/JUNB/HLA-E/CD69/CD55/NFKBIZ",0.380730400722792
"GO:0046632","alpha-beta T cell differentiation",72,-0.372002866394894,-1.46830101698768,0.0175765154169072,0.178614094854779,0.125756110960665,800,"tags=21%, list=12%, signal=19%","GPR65/PNP/GPR183/BRD2/RC3H1/IRF4/PSMA4/PTGER4/MALT1/JAK3/JUNB/RSAD2/CD69/STAT3/NFKBIZ",0.352487857583619
"GO:0009101","glycoprotein biosynthetic process",106,-0.348398089791487,-1.46798696199729,0.0108617464438671,0.134824161395518,0.0949251077548976,1513,"tags=34%, list=22%, signal=27%","UGGT1/CSGALNACT2/RPN2/SERP1/BMPR2/ALG13/CTNNB1/ARFGEF1/GALNT11/HBEGF/B4GALT7/GOLGA2/XXYLT1/GALNT2/NUS1/CHST11/NDST2/B3GALNT2/GANC/ST3GAL4/ST8SIA4/B3GALT4/POGLUT1/MGAT1/GALNT3/TET3/ALG8/SLC35A1/SOAT1/ST3GAL6/B4GALT1/CHST12/FUT7/ADAM10/PMM2/JAK3",0.380730400722792
"GO:1903706","regulation of hemopoiesis",201,-0.316901432571408,-1.4657041763685,0.00696219944362015,0.107072889644673,0.0753863809123362,1518,"tags=29%, list=22%, signal=23%","KAT5/HSPA9/PRKCA/NLRP3/STAT5A/PRELID1/MYSM1/CD4/BRPF1/P4HTM/HMGB2/PAF1/PSMB3/SMARCD3/CNOT4/SMARCD2/IL18/C1QC/ZBTB1/SART1/MEF2C/CTR9/HLA-B/PCID2/CDC73/MEAF6/BCL6/GPR65/ZFP36L1/PNP/BRD2/TRIB1/CD2/RC3H1/IRF4/FCGR2B/ZFP36L2/CCL3/PSMA4/VSIR/HIF1A/PTPN2/MALT1/FOXO3/JAK3/CEBPB/IL4R/PPP2R3C/CCR1/IRF1/GLUL/KAT7/JUNB/ZFP36/CD69/STAT3/CLEC12A/NFKBIZ",0.407017918923954
"GO:0002720","positive regulation of cytokine production involved in immune response",36,-0.418084059369838,-1.46132429054385,0.0405186385737439,0.281349830130318,0.198088848953377,1167,"tags=36%, list=17%, signal=30%","NOD2/NR4A3/HLA-A/IL18/TNFRSF14/MALT1/IL1B/LAPTM5/CLEC7A/BCL10/HLA-E/RSAD2/CD55",0.287857117255149
"GO:0043409","negative regulation of MAPK cascade",64,-0.378914430463952,-1.45874500012221,0.031387247691006,0.244939724069686,0.172453731290501,1237,"tags=31%, list=18%, signal=26%","GPS2/IRAK3/PPP5C/DUSP2/CD300A/ITGB1BP1/TRIB1/PRKCD/PSMD10/EIF3A/GBP1/PTPN2/PTPRC/IL1B/PER1/RGS2/KLF4/DUSP5/ATF3/DUSP1",0.321775918075361
"GO:0009617","response to bacterium",226,-0.311891477525929,-1.45869581270533,0.00551257429083403,0.0934713511799929,0.0658100001581143,1235,"tags=27%, list=18%, signal=23%","IRAK3/HMGB2/PAF1/CCR7/NOD2/ALAD/EMILIN2/RBCK1/HLA-A/IL18/CASP4/NLRC4/RELA/MEF2C/IL10RA/CTR9/HLA-B/TNFRSF14/CDC73/TRIM5/NFKB2/GCH1/CD68/SLC30A1/TRIB1/PRKCD/OAS1/CASP1/RNF213/HAVCR2/FCGR2B/JAK2/NAGK/CHMP5/HADHB/CXCL8/GBP4/GBP1/RIPK2/PELI1/MALT1/OAS2/OAS3/CARD16/IL1B/GRN/CEBPB/NR4A1/PDE4B/SMAD3/TNFRSF1A/CD1D/BCL10/ZNFX1/TNFAIP3/HLA-E/NAIP/GBP5/FOS/ZFP36/CD55/NFKBIZ",0.407017918923954
"GO:0002752","cell surface pattern recognition receptor signaling pathway",43,-0.405339313564525,-1.45853452335448,0.043613707165109,0.290849513638721,0.20477725310393,973,"tags=23%, list=14%, signal=20%","RELA/NINJ1/OAS1/PJA2/RIPK2/CLEC7A/WDFY1/NFKBIA/TLR5/TNFAIP3",0.271288554688953
"GO:0042327","positive regulation of phosphorylation",105,-0.346845612349051,-1.45788134593669,0.0157310882700526,0.165673369458262,0.116644986218807,939,"tags=22%, list=14%, signal=19%","IL10RA/ITGB1BP1/STRADA/ABI1/IL15/ARAF/PRKAR1A/PSMD10/JAK2/OSM/MAP3K4/PTPRC/LCP2/IL4R/TNFRSF1A/NIBAN1/SYAP1/LTBR/PARP9/PLAUR/AREG/EREG/CDKN1A",0.352487857583619
"GO:0018108","peptidyl-tyrosine phosphorylation",47,-0.394594241013375,-1.45593179611299,0.045045045045045,0.293774031351671,0.206836306586328,1477,"tags=32%, list=22%, signal=25%","ARL2BP/CHMP6/RAP2B/IL18/IL10RA/SAMSN1/ABI1/IL15/JAK2/OSM/PTPN2/JAK3/SNX6/IL4R/PARP9",0.261663521711573
"GO:0001764","neuron migration",36,-0.416381542964043,-1.45537350499467,0.0405186385737439,0.281349830130318,0.198088848953377,1601,"tags=42%, list=23%, signal=32%","ZNF609/DDIT4/DISC1/NDE1/MEF2C/ABI1/KIAA0319L/SRGAP2/CUL5/NIPBL/SRGAP2C/TUBA1A/ABI3/PHACTR1/NR4A2",0.287857117255149
"GO:0008284","positive regulation of cell population proliferation",284,-0.302497930191514,-1.45491753239946,0.00251916615528983,0.0617112291948151,0.0434487781742637,1565,"tags=31%, list=23%, signal=25%","RBPJ/DISC1/IRAK4/ITGAX/PRKCA/CFLAR/STAT5A/CD4/STAMBP/CUL3/MVD/NRAS/CCL5/CTNNB1/SSBP3/PPP1CC/HLA-DPA1/KMT2D/HMGB2/P2RY6/PAK1/MAPK1/NOD2/SINHCAF/BCL7B/HBEGF/SMARCD3/MAP2K5/NR4A3/SS18/HLA-A/IL18/RELA/MEF2C/RICTOR/IL10RA/CD47/PDPK1/CSF3R/ACER3/CSF2RA/SLC7A1/ITGB1BP1/NUS1/TIAM1/DNAJA2/CCPG1/PNP/GPR183/RNF187/IL15/N4BP2L2/BCL2/GPBAR1/JAML/PIM1/HAVCR2/JAK2/OSM/CNBP/HIF1A/PML/PTPRC/HELZ/SASH3/TNFSF13/ADAM10/IL1B/GRN/SERTAD1/NR4A1/CLEC7A/CD1D/GAB2/NEAT1/MNAT1/TNFSF13B/KAT7/TNFAIP3/EGR1/HLA-E/JUN/STAT3/ATF3/AREG/CD55/EREG/CDKN1A/NAMPT",0.431707695803346
"GO:0051606","detection of stimulus",48,-0.395141477475296,-1.45377588296662,0.044913013486418,0.293774031351671,0.206836306586328,1501,"tags=38%, list=22%, signal=29%","CYB5R4/NLRP3/PIEZO1/CTNNB1/PAK1/NOD2/NF2/HLA-A/NLRC4/OPN3/HLA-B/TMEM87A/CALM3/NR4A1/CLEC7A/JUP/CD1D/NAIP",0.321775918075361
"GO:0006119","oxidative phosphorylation",107,0.31376587516384,1.45351800309452,0.00917907531987042,0.122259563558866,0.0860788016388718,1031,"tags=25%, list=15%, signal=22%","COX5A/COX6A1/NDUFV2/NDUFB11/SDHA/COX7C/ATP5F1E/NDUFA8/CHCHD2/ATP5F1A/ABCD1/NDUFC2/ATP5MF/NDUFS8/ATP5PB/NDUFB6/NDUFS1/UQCRB/MT-ATP6/ATP5PF/NDUFA1/NDUFA2/UQCRQ/SHMT2/UQCC2/NDUFAB1/PPIF",0.380730400722792
"GO:0002274","myeloid leukocyte activation",110,-0.345603988447806,-1.45256335186933,0.0203571054883692,0.190153871720903,0.133880875477248,1159,"tags=27%, list=17%, signal=23%","KMT2E/IFNGR1/VAMP8/NR4A3/STXBP3/ADGRE2/PDPK1/CD300A/IL15/MILR1/CD2/PRKCD/LDLR/PJA2/HAVCR2/FCGR2B/CD300LF/JAK2/CCL3/CXCL8/PTPRC/ADAM10/IL1B/GRN/LCP2/IL4R/GAB2/PLSCR1/CLEC12A/NFKBIZ",0.352487857583619
"GO:0050777","negative regulation of immune response",106,-0.344242245942374,-1.45047617544205,0.0142301081069654,0.156972914915775,0.110519292007817,1702,"tags=38%, list=25%, signal=29%","ISG15/YTHDF3/YWHAZ/YTHDF2/CEP63/C9orf72/ASCL2/PLK2/STAT5A/SMIM30/NR1H2/IRAK3/TTLL12/IL27RA/HLA-A/IL18/HLA-B/CD300A/TNFRSF14/SAMSN1/USP15/PRKAR1A/OAS1/PIM1/RC3H1/HAVCR2/FCGR2B/NLRC5/PTPN2/IFI16/PTPRC/OAS3/JAK3/GRN/DHX58/TNFAIP3/HLA-E/CD69/CD55/CLEC12A",0.380730400722792
"GO:0042542","response to hydrogen peroxide",44,-0.405394040238818,-1.44664978641519,0.0466651297364426,0.293774031351671,0.206836306586328,1121,"tags=30%, list=16%, signal=25%","PPP5C/RELA/OSER1/TOP2B/RHOB/PRKCD/NFE2L2/TXNIP/BAK1/KLF4/TNFAIP3/AREG/DUSP1",0.321775918075361
"GO:0009154","purine ribonucleotide catabolic process",63,0.348888602613071,1.44655387620917,0.0272965092225163,0.227262278636157,0.160007643028276,1508,"tags=40%, list=22%, signal=31%","PKM/ARL2/GIT1/NT5C/ENO1/MTOR/EIF6/HK2/GAPDH/NUDT18/PRKACA/UCP2/PGK1/TPI1/HK1/PDE7A/PRXL2C/FOXK1/PFKL/ARNT/TIGAR/FOXK2/HINT1/ZBTB20/PFKP",0.352487857583619
"GO:0072524","pyridine-containing compound metabolic process",89,0.317986439719803,1.44589070728024,0.0308707509596262,0.242959378297143,0.171059437167661,1625,"tags=43%, list=24%, signal=33%","NAPRT/PDXP/LDHB/PKM/ARL2/GIT1/ENO1/G6PD/SLC25A12/MTOR/IDH2/EIF6/HK2/ME2/PGLS/GAPDH/KMO/RPE/PRKACA/UCP2/PGK1/IDO1/TPI1/IDH1/HK1/MDH1/PRXL2C/FOXK1/PFKL/ARNT/TIGAR/FOXK2/ZBTB20/PFKP/GOT2/PLPBP/VCP/ZBTB7A",0.352487857583619
"GO:0018212","peptidyl-tyrosine modification",48,-0.392543610535861,-1.44421799922372,0.0481020672172622,0.296762422360248,0.208940331084361,1477,"tags=31%, list=22%, signal=25%","ARL2BP/CHMP6/RAP2B/IL18/IL10RA/SAMSN1/ABI1/IL15/JAK2/OSM/PTPN2/JAK3/SNX6/IL4R/PARP9",0.321775918075361
"GO:0032640","tumor necrosis factor production",106,-0.342423587540802,-1.4428131976587,0.0149725302826925,0.160998225336278,0.11335337620651,1235,"tags=28%, list=18%, signal=24%","IRAK3/PSMB3/NOD2/DICER1/IFNGR1/CLEC4A/IL27RA/CD47/ILRUN/CD2/OAS1/HAVCR2/FCGR2B/JAK2/FCGR1A/CCL3/PSMA4/VSIR/RIPK2/PTPRC/LILRA4/OAS2/ADAM10/OAS3/FCGR2A/CLEC7A/TNFAIP3/HLA-E/ZFP36/STAT3",0.380730400722792
"GO:0032680","regulation of tumor necrosis factor production",106,-0.342423587540802,-1.4428131976587,0.0149725302826925,0.160998225336278,0.11335337620651,1235,"tags=28%, list=18%, signal=24%","IRAK3/PSMB3/NOD2/DICER1/IFNGR1/CLEC4A/IL27RA/CD47/ILRUN/CD2/OAS1/HAVCR2/FCGR2B/JAK2/FCGR1A/CCL3/PSMA4/VSIR/RIPK2/PTPRC/LILRA4/OAS2/ADAM10/OAS3/FCGR2A/CLEC7A/TNFAIP3/HLA-E/ZFP36/STAT3",0.380730400722792
"GO:0002367","cytokine production involved in immune response",46,-0.397724579341917,-1.44265827285785,0.0466988727858293,0.293774031351671,0.206836306586328,310,"tags=20%, list=5%, signal=19%","MALT1/JAK3/IL1B/LAPTM5/CLEC7A/BCL10/HLA-E/RSAD2/CD55",0.266350657088526
"GO:0002718","regulation of cytokine production involved in immune response",46,-0.397724579341917,-1.44265827285785,0.0466988727858293,0.293774031351671,0.206836306586328,310,"tags=20%, list=5%, signal=19%","MALT1/JAK3/IL1B/LAPTM5/CLEC7A/BCL10/HLA-E/RSAD2/CD55",0.266350657088526
"GO:0031341","regulation of cell killing",40,-0.412840292417158,-1.44038394397041,0.0494590417310665,0.301398674403978,0.212204558506766,530,"tags=20%, list=8%, signal=19%","HAVCR2/FCGR2B/ICAM1/HLA-C/PTPRC/CD1D/HLA-E/CD55",0.252961123069611
"GO:0043269","regulation of monoatomic ion transport",123,-0.33042657088408,-1.4401251950518,0.0258763711488642,0.221566427962149,0.155997388238707,709,"tags=20%, list=10%, signal=19%","SLC30A1/SARAF/BCL2/STAC3/CALM3/PPP3CC/WWP2/PPP3CB/NIPSNAP2/NRBP1/CCL3/PML/SUMO1/VMP1/CTSS/PRNP/STOM/PDE4B/CAB39/SLC8B1/PER1/GPR35/CCR1/OXSR1/SLC31A2",0.352487857583619
"GO:0045333","cellular respiration",209,0.277633240520462,1.43895201293818,0.00369355086520519,0.0738510521642919,0.0519960147494824,1637,"tags=33%, list=24%, signal=26%","COX5A/COX6A1/NDUFV2/TRAP1/PKM/ARL2/GIT1/MTLN/NDUFB11/ENO1/SDHA/MTOR/COX7C/ATP5F1E/NDUFA8/IDH2/CHCHD2/ATP5F1A/ABCD1/NDUFC2/ATP5MF/EIF6/NDUFS8/ATP5PB/HK2/NDUFB6/NDUFS1/GAPDH/UQCRB/SURF1/MT-ATP6/ATP5PF/NDUFA1/PRKACA/UCP2/PGK1/NDUFA2/TTC19/UQCRQ/SHMT2/TPI1/LYRM7/IDH1/UQCC2/NDUFAB1/HK1/PPIF/MDH1/PRXL2C/FOXK1/PLEC/MT-ND4/PFKL/MT-ND5/ARNT/ATP5F1D/MT-ND2/TIGAR/PDP1/NDUFB4/FOXK2/ZBTB20/PFKP/ATP5F1B/ATP5ME/ADSL/TEFM/VCP/ZBTB7A/UQCR10",0.431707695803346
"GO:0045766","positive regulation of angiogenesis",54,-0.387652300113038,-1.43844093655814,0.0455927051671733,0.293774031351671,0.206836306586328,1588,"tags=41%, list=23%, signal=32%","CYBB/ITGAX/PRKCA/JAK1/CTNNB1/HIPK1/CD40/EMILIN2/C3AR1/PDPK1/NINJ1/BTG1/RHOB/NFE2L2/CXCL8/HIF1A/CLIC3/IL1B/GRN/JUP/KLF4/STAT3",0.261663521711573
"GO:0072523","purine-containing compound catabolic process",76,0.32762235117167,1.43761626493563,0.0265844263732332,0.226059294608252,0.159160662878025,1508,"tags=38%, list=22%, signal=30%","PKM/ACAT1/ARL2/GIT1/NT5C/ENO1/MTOR/ABCD1/NUDT1/SAMHD1/EIF6/HK2/GAPDH/NUDT18/PRKACA/UCP2/PGK1/TPI1/HK1/PDE7A/PRXL2C/FOXK1/PFKL/ARNT/TIGAR/FOXK2/HINT1/ZBTB20/PFKP",0.352487857583619
"GO:0051493","regulation of cytoskeleton organization",240,0.274815138430063,1.43748873266658,0.0018570249044829,0.0528395009360174,0.0372024959632583,1015,"tags=22%, list=15%, signal=19%","TWF2/WASHC1/TESK1/PYCARD/CAPN2/PDXP/CDK2AP2/S100A10/PDE4DIP/ARL2/MID1IP1/SNX9/GIT1/GSN/RHOQ/NPM1/SH3BP1/RGCC/NAA20/MTOR/ARPIN/EML3/CORO1B/SERPINF2/BIN1/MAP1S/ARHGAP17/SORBS3/LIMA1/FKBP4/RBM14/KAT2A/NCK2/RAC1/CLTC/LRP1/CHMP7/CAPG/PRKACA/SVIL/SKA2/TRIOBP/TAOK1/PTK2/NUMA1/FHOD1/CYLD/SLC4A2/PPFIA1/TGFBR1/CAMSAP1/RHOF",0.45505986738723
"GO:0006493","protein O-linked glycosylation",39,-0.410877443563887,-1.43659487656625,0.0469483568075117,0.294342325137264,0.20723642291767,1481,"tags=38%, list=22%, signal=30%","CSGALNACT2/CTNNB1/GALNT11/B4GALT7/XXYLT1/GALNT2/CHST11/NDST2/B3GALNT2/ST3GAL4/POGLUT1/GALNT3/TET3/SLC35A1/CHST12",0.261663521711573
"GO:0097191","extrinsic apoptotic signaling pathway",93,-0.348624368617652,-1.43565545335294,0.0409134604606202,0.283347607383374,0.199495415988942,1503,"tags=34%, list=22%, signal=27%","GABARAP/CFLAR/BCL2L1/ZDHHC3/TMBIM1/PSME3/HIPK1/TNFRSF10A/MAP2K5/MOAP1/SP100/RELA/PDPK1/BCL2/TNFSF10/JAK2/ICAM1/BAK1/PML/DDX3X/IL1B/SMAD3/TNFRSF1A/IFI27/MCL1/BCL10/PMAIP1/LTBR/KLF4/TNFAIP3/ATF3/NFKBIZ",0.321775918075361
"GO:0031401","positive regulation of protein modification process",171,-0.321151475329595,-1.43334247547532,0.00979946496465528,0.128085586234134,0.090180706108427,939,"tags=19%, list=14%, signal=17%","IL10RA/RAB3GAP2/ITGB1BP1/DERL1/STRADA/ABI1/UBE2D1/IL15/ARAF/PRKAR1A/ARRDC3/PSMD10/JAK2/OSM/MAP3K4/RIPK2/PTPRC/DDX3X/MALT1/LCP2/IL4R/LAPTM5/TNFRSF1A/NIBAN1/BCL10/SYAP1/LTBR/PARP9/TOLLIP/EGR1/PLAUR/EREG/CDKN1A",0.380730400722792
"GO:0072676","lymphocyte migration",49,-0.390201763283816,-1.43278264907776,0.0348726244851224,0.261121129494874,0.183846508651122,1558,"tags=37%, list=23%, signal=29%","ASCL2/CD200R1/CCL5/MYO1G/CCR7/IL27RA/TNFRSF14/ITGAL/GPR183/CCL3/WASL/FUT7/DOCK8/ADAM10/SLC8B1/RIPOR2/OXSR1/CD69",0.321775918075361
"GO:0043408","regulation of MAPK cascade",214,-0.307008562527968,-1.43265369872371,0.00718160159181246,0.107147838186803,0.0754391496324539,1269,"tags=25%, list=19%, signal=21%","CD40/GPS2/IRAK3/P2RY6/CCR7/PAK1/MAPK1/NOD2/PPP5C/IL27RA/AKAP13/MEF2C/DUSP2/CD300A/ITGB1BP1/TNFRSF14/TRIM5/GPR183/IL15/TRIB1/RELL1/APIP/PRKCD/GPBAR1/PJA2/PSMD10/SLA/HAVCR2/FCGR2B/JAK2/OSM/MAP3K4/EIF3A/CCL3/ICAM1/GBP1/PTPN2/PTPRC/IL1B/GADD45B/LAPTM5/CLEC7A/PER1/CCR1/LTBR/VRK2/RGS2/KLF4/DUSP5/NAIP/EIF2AK2/ATF3/NAMPT/DUSP1",0.407017918923954
"GO:0006195","purine nucleotide catabolic process",67,0.33361462897621,1.43237207777478,0.0397209851450466,0.277746548301564,0.195551900736341,1508,"tags=39%, list=22%, signal=31%","PKM/ARL2/GIT1/NT5C/ENO1/MTOR/SAMHD1/EIF6/HK2/GAPDH/NUDT18/PRKACA/UCP2/PGK1/TPI1/HK1/PDE7A/PRXL2C/FOXK1/PFKL/ARNT/TIGAR/FOXK2/HINT1/ZBTB20/PFKP",0.321775918075361
"GO:0039531","regulation of cytoplasmic pattern recognition receptor signaling pathway",84,-0.352039054623471,-1.4320691538622,0.0226149097933376,0.205030763052833,0.144355188820822,1569,"tags=35%, list=23%, signal=27%","ADCY7/ANKRD17/ZDHHC5/LAMP2/ZDHHC3/SLC15A3/SLC15A4/BRCC3/NPLOC4/CSNK1A1/ZC3HAV1/LYPLAL1/OASL/USP15/PUM2/NAGK/RNF125/SLC46A2/IFI16/DDX3X/LILRA4/DHX58/WDFY1/MEFV/DDX60/TNFAIP3/GBP5/EIF2AK2/RSAD2",0.352487857583619
"GO:0022408","negative regulation of cell-cell adhesion",87,-0.352671218630149,-1.43108746893133,0.0290388767088297,0.234530141803408,0.165124698362856,680,"tags=21%, list=10%, signal=19%","PRKAR1A/PRKCD/RC3H1/HAVCR2/JAK2/PSMA4/VSIR/PTPN2/JAK3/PRNP/CEBPB/LAPTM5/IRF1/IL1RN/RIPOR2/KLF4/HLA-E/CD69",0.352487857583619
"GO:0032271","regulation of protein polymerization",86,0.314918092831112,1.42956020472037,0.0311932653104837,0.244457390642964,0.172114136725021,992,"tags=19%, list=15%, signal=16%","TWF2/TPPP3/PYCARD/PDE4DIP/ARL2/SNX9/GIT1/GSN/BIN1/FKBP4/NCK2/CAPG/SVIL/TRIOBP/NUMA1/CAMSAP1",0.352487857583619
"GO:0035239","tube morphogenesis",203,-0.314254121405302,-1.42738672021614,0.00836795762880922,0.116061014354542,0.081714613906835,1610,"tags=32%, list=24%, signal=25%","MECP2/SLC31A1/HDAC5/CYBB/RBPJ/PLK2/ITGAX/PRKCA/KLF2/JAK1/CTNNB1/PRCP/HIPK1/CD40/PAK1/TYMP/HDAC9/MAP2K5/ALOX5/EMILIN2/JMJD6/PANK2/AIMP1/KDM2B/IL18/SP100/RELA/MEF2C/CD47/C3AR1/PDPK1/IGFBP7/ITGB1BP1/NUS1/ADIPOR2/NINJ1/BTG1/MICAL2/RHOB/MTHFR/LDLR/NIPBL/RNF213/NFE2L2/CXCL8/HIF1A/PML/RIN2/CLIC3/IL1B/GRN/NR4A1/CTSH/JUP/CALCRL/BCL10/GLUL/KLF4/TNFAIP3/PTGS2/C1GALT1/SAT1/STAT3/EREG",0.380730400722792
"GO:0019058","viral life cycle",156,-0.321700897360282,-1.42330074268913,0.0192490812334973,0.183675851086921,0.12931992141416,1455,"tags=30%, list=21%, signal=24%","DDB1/MX1/CD4/CHMP6/CHMP2A/VAPA/CCL5/ARL8B/TPCN1/VAMP8/VPS4A/ISG20/ZC3HAV1/ADAR/WWP1/DDX5/ZNF639/SLC7A1/CTSB/TNFRSF14/IFITM3/TRIM5/CHMP4A/OASL/TOP2B/BCL2/LDLR/OAS1/DYNLT1/WWP2/CHMP5/FAM111A/ICAM1/CXCL8/IFI16/IFIT5/DDX3X/OAS2/OAS3/IFITM1/PLSCR1/ZNFX1/CHMP1B/CXCR4/EIF2AK2/RSAD2/CD55",0.352487857583619
"GO:0070371","ERK1 and ERK2 cascade",96,-0.341302217853165,-1.42311888527097,0.0442063992389601,0.293045646567945,0.206323475626606,872,"tags=24%, list=13%, signal=21%","ITGB1BP1/TNFRSF14/ZFP36L1/GPR183/APIP/GPBAR1/HAVCR2/ZFP36L2/EIF3A/CCL3/ICAM1/PTGER4/GBP1/PTPN2/PTPRC/IL1B/CTSH/CCR1/KLF4/DUSP5/ATF3/NAMPT/DUSP1",0.321775918075361
"GO:0043434","response to peptide hormone",185,-0.313449491820166,-1.42162277415692,0.0141150206844425,0.156972914915775,0.110519292007817,1627,"tags=32%, list=24%, signal=25%","PTPN1/CYC1/HDAC5/CYBB/LEPROTL1/ADCY7/LPIN2/PRKCA/CFLAR/STAT5A/PCK2/KLF2/CUL3/JAK1/PAK1/TOP1/MAPK1/SESN3/SRSF4/HDAC9/NR4A3/SORT1/RELA/PDPK1/CSF2RA/SORL1/RAB8A/USF1/SRSF5/ZFP36L1/BTG1/CREB1/SH2B2/SRD5A1/DENND4C/PRKAR1A/PRKCD/PNPT1/JAK2/NFE2L2/KLF11/AGTRAP/PTPN2/FUT7/JAK3/IL1B/BTG2/NR4A1/SMAD3/EIF2B2/SYAP1/KLF4/EGR1/LTA4H/FOS/STAT3/AREG/NR4A2/EREG",0.380730400722792
"GO:0050852","T cell receptor signaling pathway",84,-0.348633533149324,-1.41821574131638,0.0405405405405405,0.281349830130318,0.198088848953377,1028,"tags=21%, list=15%, signal=18%","RBCK1/KCNN4/HLA-A/CD300A/FYB1/RC3H1/GBP1/RIPK2/PTPN2/PTPRC/MALT1/PRNP/LCP2/PDE4B/LAPTM5/EIF2B2/BCL10/NFKBIZ",0.276500599254472
"GO:0006163","purine nucleotide metabolic process",232,0.274023411072048,1.41700364742323,0.00219038776257307,0.058741844712897,0.0413581355253923,1513,"tags=33%, list=22%, signal=27%","HSPA8/SULT1A1/NAPRT/LDHB/PARP1/NDUFV2/PKM/ARL2/GIT1/NT5C/RHOQ/NDUFB11/ENO1/SDHA/G6PD/SLC25A12/MTOR/ATP5F1E/NDUFA8/BAD/IDH2/ATP5MC3/ATP5F1A/NDUFC2/SAMHD1/ATP5MF/EIF6/NDUFS8/ATP5PB/HK2/NDUFB6/NDUFS1/ME2/PGLS/GAPDH/APRT/KMO/MT-ATP6/ATP5PF/IMPDH2/NDUFA1/NME2/RPE/NUDT18/PRKACA/DMAC2L/UCP2/PGK1/NDUFA2/IDO1/TPI1/IDH1/NDUFAB1/HK1/PDE7A/MDH1/PRXL2C/NUDT5/FOXK1/GART/MT-ND4/PFKL/MT-ND5/MFN1/RAN/NME4/PRPSAP2/ARNT/ATP5F1D/MT-ND2/TIGAR/NDUFB4/FOXK2/HINT1/ZBTB20/PFKP/ATP5F1B",0.431707695803346
"GO:0010562","positive regulation of phosphorus metabolic process",130,-0.325351801566448,-1.41460323753395,0.0184439059563142,0.181707155577168,0.127933829845219,872,"tags=21%, list=13%, signal=18%","ITGB1BP1/MLST8/STRADA/ABI1/IL15/ARAF/PRKAR1A/PRKCD/PSMD10/JAK2/OSM/MAP3K4/HIF1A/PTPRC/ACSL3/LCP2/IL4R/TNFRSF1A/NIBAN1/SYAP1/LTBR/PARP9/PLAUR/STAT3/AREG/EREG/CDKN1A",0.352487857583619
"GO:0045937","positive regulation of phosphate metabolic process",130,-0.325351801566448,-1.41460323753395,0.0184439059563142,0.181707155577168,0.127933829845219,872,"tags=21%, list=13%, signal=18%","ITGB1BP1/MLST8/STRADA/ABI1/IL15/ARAF/PRKAR1A/PRKCD/PSMD10/JAK2/OSM/MAP3K4/HIF1A/PTPRC/ACSL3/LCP2/IL4R/TNFRSF1A/NIBAN1/SYAP1/LTBR/PARP9/PLAUR/STAT3/AREG/EREG/CDKN1A",0.352487857583619
"GO:0034765","regulation of monoatomic ion transmembrane transport",89,-0.3483793787718,-1.41434094390088,0.029869140183424,0.238630560558284,0.168011663785951,1220,"tags=28%, list=18%, signal=23%","P2RY6/AFG3L2/ATP1B1/ATP1B3/KCNN4/PDPK1/SLC30A1/STAC3/CALM3/PPP3CC/WWP2/PPP3CB/NIPSNAP2/NRBP1/PML/SUMO1/VMP1/CTSS/PRNP/STOM/PDE4B/CAB39/GPR35/OXSR1/SLC31A2",0.352487857583619
"GO:0002696","positive regulation of leukocyte activation",177,-0.313875985470385,-1.41291219831161,0.0192423716940821,0.183675851086921,0.12931992141416,1201,"tags=27%, list=18%, signal=22%","CCR7/NOD2/SMARCD3/NR4A3/VAV1/SMARCD2/HLA-A/IL18/ZBTB1/SART1/MEF2C/CD47/PDPK1/SLC7A1/PCID2/TNFRSF14/BCL6/GPR65/PNP/GPR183/IL15/BRD2/BCL2/CD2/HAVCR2/JAK2/MLH1/SIRPB1/CCL3/MAP3K8/VSIR/PTPRC/MALT1/SASH3/FOXO3/TNFSF13/DOCK8/IL1B/IL4R/CLEC7A/CD1D/PPP2R3C/SH3KBP1/TNFSF13B/HLA-E/CD55/NFKBIZ",0.352487857583619
"GO:1902903","regulation of supramolecular fiber organization",173,0.280621105888544,1.41254523936754,0.0107479841179085,0.134013184936001,0.0943541268045281,992,"tags=20%, list=15%, signal=17%","HSPA8/TWF2/WASHC1/TESK1/PYCARD/PDXP/S100A10/PDE4DIP/ARL2/MID1IP1/SNX9/GIT1/GSN/SH3BP1/RGCC/ARPIN/CORO1B/SERPINF2/BIN1/MAP1S/SORBS3/LIMA1/FKBP4/NCK2/RAC1/CAPG/SVIL/TRIOBP/TAOK1/NUMA1/FHOD1/PPFIA1/TGFBR1/CAMSAP1",0.380730400722792
"GO:0048514","blood vessel morphogenesis",176,-0.311183709515749,-1.41182466417489,0.0153296885301167,0.16306650014073,0.11480957817096,1610,"tags=32%, list=24%, signal=25%","MECP2/SLC31A1/HDAC5/CYBB/RBPJ/PLK2/ITGAX/PRKCA/KLF2/JAK1/CTNNB1/PRCP/HIPK1/CD40/TYMP/HDAC9/MAP2K5/ALOX5/EMILIN2/JMJD6/PANK2/AIMP1/IL18/SP100/RELA/CD47/C3AR1/PDPK1/IGFBP7/ITGB1BP1/NUS1/ADIPOR2/NINJ1/BTG1/RHOB/LDLR/RNF213/NFE2L2/CXCL8/HIF1A/PML/RIN2/CLIC3/IL1B/GRN/NR4A1/JUP/CALCRL/GLUL/KLF4/TNFAIP3/PTGS2/C1GALT1/SAT1/STAT3/EREG",0.380730400722792
"GO:0048872","homeostasis of number of cells",130,-0.324466065677754,-1.41075212974935,0.0186849993554444,0.182363621677543,0.128396025305369,400,"tags=15%, list=6%, signal=15%","PSMA4/HIF1A/PTPN2/TUBA1A/FOXO3/TNFSF13/JAK3/PDE4B/PPP2R3C/HCAR2/BCL10/PMAIP1/LTBR/TNFSF13B/GLUL/KAT7/TNFAIP3/ZFP36/STAT3/NFKBIZ",0.352487857583619
"GO:0002250","adaptive immune response",235,-0.301838158023596,-1.41036605922209,0.00771706677569308,0.110214015456713,0.0775979407922073,1301,"tags=24%, list=19%, signal=20%","HLA-DPA1/CD40/MYO1G/CD1E/SLC15A4/PSMB3/NOD2/TRBV20-1/CLEC4A/IL27RA/HLA-A/IL18/C1QC/ZBTB1/MEF2C/HLA-B/TNFRSF14/BCL6/SAMSN1/GPR183/BRD2/RC3H1/IRF4/HAVCR2/FCGR2B/JAK2/FCGR1A/MLH1/RNF125/HLA-C/PSMA4/WAS/RIPK2/PTPRC/MALT1/SASH3/FUT7/TLR8/TNFSF13/CTSS/JAK3/FCGR2A/IL1B/CTSH/CLEC7A/CD1D/BCL10/IRF1/TNFAIP3/JUNB/HLA-E/RSAD2/CD69/STAT3/CD55/NFKBIZ",0.407017918923954
"GO:0048284","organelle fusion",96,-0.338066038702158,-1.4096250741411,0.0352609308885755,0.261407882145048,0.184048401441962,2260,"tags=44%, list=33%, signal=30%","ATL3/SNCA/STX11/GOSR1/PID1/STX6/VPS18/VPS33A/VPS11/STX4/RAB20/BCL2A1/CLN3/C9orf72/CHMP6/RAB34/CHMP2A/TMEM175/BET1/ARL8B/RAB2A/STX5/VAMP8/CHCHD3/VAMP3/VPS4A/STX8/SEC22B/RAB8A/RAB4B/CHMP4A/VTI1B/STX17/YME1L1/VPS41/TOM1/CHMP5/SAMD9/MCL1/VCPIP1/PARL/CHMP1B",0.287857117255149
"GO:0034620","cellular response to unfolded protein",71,-0.35937991145427,-1.40883639073552,0.0477018056087755,0.296762422360248,0.208940331084361,1627,"tags=38%, list=24%, signal=29%","PTPN1/DNAJC3/HERPUD2/DNAJC10/RPAP2/SERP1/TMBIM6/ATF6B/ATF4/TMBIM4/AATF/DERL1/AMFR/HERPUD1/NFE2L2/DNAJB9/MBTPS1/BAK1/EDEM3/PTPN2/PARP8/PPP1R15A/PPP1R15B/DDIT3/PIGBOS1/STAT3/ATF3",0.321775918075361
"GO:0032956","regulation of actin cytoskeleton organization",152,0.283890440778872,1.40793055052319,0.0178265484603192,0.179674121947468,0.126502439993644,1015,"tags=21%, list=15%, signal=18%","TWF2/WASHC1/TESK1/PYCARD/PDXP/S100A10/SNX9/GSN/RHOQ/SH3BP1/RGCC/NAA20/MTOR/ARPIN/CORO1B/SERPINF2/BIN1/ARHGAP17/SORBS3/LIMA1/NCK2/RAC1/LRP1/CAPG/SVIL/TRIOBP/TAOK1/FHOD1/SLC4A2/PPFIA1/TGFBR1/RHOF",0.352487857583619
"GO:0046034","ATP metabolic process",146,0.288459316228254,1.40539841982977,0.014308440547871,0.156972914915775,0.110519292007817,1513,"tags=34%, list=22%, signal=27%","HSPA8/PARP1/NDUFV2/PKM/ARL2/GIT1/NDUFB11/ENO1/SDHA/MTOR/ATP5F1E/NDUFA8/BAD/ATP5MC3/ATP5F1A/NDUFC2/ATP5MF/EIF6/NDUFS8/ATP5PB/HK2/NDUFB6/NDUFS1/GAPDH/MT-ATP6/ATP5PF/NDUFA1/PRKACA/DMAC2L/UCP2/PGK1/NDUFA2/TPI1/NDUFAB1/HK1/PRXL2C/NUDT5/FOXK1/MT-ND4/PFKL/MT-ND5/ARNT/ATP5F1D/MT-ND2/TIGAR/NDUFB4/FOXK2/ZBTB20/PFKP/ATP5F1B",0.380730400722792
"GO:0030490","maturation of SSU-rRNA",55,0.344635861230479,1.40445799245954,0.0493602275560462,0.301292874141608,0.212130068139446,1193,"tags=29%, list=17%, signal=24%","TRMT112/TBL3/FBL/NOP56/RRP36/RIOK1/UTP14A/IMP3/RPS28/PNO1/RPS21/RPS19/TSR3/HEATR1/NOL7/RRS1",0.321775918075361
"GO:0001525","angiogenesis",168,-0.313499454119662,-1.40335669349826,0.0194700894271225,0.184603761886775,0.129973231857566,1610,"tags=32%, list=24%, signal=25%","MECP2/SLC31A1/HDAC5/CYBB/RBPJ/PLK2/ITGAX/PRKCA/KLF2/JAK1/CTNNB1/PRCP/HIPK1/CD40/TYMP/HDAC9/MAP2K5/ALOX5/EMILIN2/JMJD6/PANK2/AIMP1/IL18/SP100/RELA/CD47/C3AR1/PDPK1/IGFBP7/ITGB1BP1/NUS1/ADIPOR2/NINJ1/BTG1/RHOB/RNF213/NFE2L2/CXCL8/HIF1A/PML/CLIC3/IL1B/GRN/NR4A1/JUP/CALCRL/GLUL/KLF4/TNFAIP3/PTGS2/C1GALT1/SAT1/STAT3/EREG",0.352487857583619
"GO:0002753","cytoplasmic pattern recognition receptor signaling pathway",123,-0.321427380359613,-1.4009032857039,0.0366767113298439,0.265757308532885,0.187110684672682,1569,"tags=33%, list=23%, signal=26%","ADCY7/ANKRD17/IRAK4/NLRP3/ZDHHC5/LAMP2/ZDHHC3/SLC15A3/SLC15A4/BRCC3/NOD2/NPLOC4/CSNK1A1/TRAF3IP3/ZC3HAV1/RELA/LYPLAL1/OASL/USP15/OAS1/PUM2/HAVCR2/NAGK/RNF125/SLC46A2/RIPK2/IFI16/DDX3X/LILRA4/TLR8/OAS3/RNF135/DHX58/WDFY1/IRF1/MEFV/DDX60/TNFAIP3/GBP5/EIF2AK2/RSAD2",0.321775918075361
"GO:0007163","establishment or maintenance of cell polarity",78,0.314591976795914,1.4007811297215,0.0353349394626991,0.261407882145048,0.184048401441962,1239,"tags=27%, list=18%, signal=22%","FAM89B/PARVB/HTT/FRMD4B/PDLIM1/GSN/RHOQ/SH3BP1/LMNA/GBF1/MAP4/RAC1/SKA2/SHTN1/PTK2/NUMA1/KRIT1/ATN1/GSK3B/DST/ARHGEF11",0.321775918075361
"GO:0003012","muscle system process",156,0.281347869502112,1.40050879792278,0.0156893695081481,0.165673369458262,0.116644986218807,1401,"tags=31%, list=21%, signal=25%","GNAS/PARP1/GSN/MYL6/RPL27/JUND/ENO1/LMNA/G6PD/RPL23A/RPL36/FKBP1A/GAA/MYL6B/RPLP2/SRI/RPL12/TNNI2/RPLP0/ARRB1/BIN1/CAMK2D/PABPN1/LTB4R/PRKACA/ADRB2/UBA52/RPL21/RPL31/INPP5F/RPL24/SLMAP/RPL5/RPL9/RPL23/RPLP1/ATP2B4/RPL36A/RANGRF/FLNA/RPL41/ARHGEF11/RPL7/RPL32/GLRX3/EMD/RPL17/RAP1GDS1",0.352487857583619
"GO:0051170","import into nucleus",91,-0.339303663447243,-1.39979604687373,0.0352686892313384,0.261407882145048,0.184048401441962,663,"tags=18%, list=10%, signal=16%","ASF1A/NUP54/RANBP2/NUP58/PRKCD/JAK2/SUMO1/NUP62/SMAD3/JUP/NUP107/NUP98/BCL3/NFKBIA/STAT3/CDKN1A",0.321775918075361
"GO:0002705","positive regulation of leukocyte mediated immunity",60,-0.369526606018054,-1.3996443114998,0.0462962962962963,0.293774031351671,0.206836306586328,1485,"tags=32%, list=22%, signal=25%","NLRP3/DDX21/RASGRP4/CD1E/NOD2/HLA-A/IL18/ZBTB1/HLA-B/MLH1/HLA-C/MALT1/TNFSF13/IL1B/CLEC7A/CD1D/HLA-E/RSAD2/CD55",0.261663521711573
"GO:0031647","regulation of protein stability",211,0.272448063317355,1.39959697747949,0.00728401921095301,0.107888752437255,0.0759608021636714,866,"tags=22%, list=13%, signal=20%","HSPA8/PYCARD/TESC/HTT/CD81/PPIB/USP7/DNLZ/HSP90AB1/CREBL2/GSN/UXT/HSPB1/ISOC2/AHSA1/SUGT1/MTOR/UFL1/HCFC1/WDR81/CCT6A/CDKN2AIP/SERF2/CASP3/HERC2/HDAC8/P3H1/PPP1CA/USP1/UBL4A/PIN1/KAT2A/GAPDH/PTGES3/CCT5/DAD1/CCDC88C/CBX4/TOMM7/CBL/CCT2/CTNND1/RAB21/VHL/PHB2/COA8",0.407017918923954
"GO:0019693","ribose phosphate metabolic process",207,0.268407837810065,1.3995786687648,0.00568364590618743,0.0942771578788668,0.0663773412557966,1736,"tags=37%, list=25%, signal=29%","HSPA8/SULT1A1/UCK2/PARP1/NDUFV2/PKM/ARL2/GIT1/NT5C/RHOQ/NDUFB11/ENO1/SDHA/G6PD/MTOR/ATP5F1E/NDUFA8/BAD/ATP5MC3/ATP5F1A/NDUFC2/ATP5MF/EIF6/NDUFS8/ATP5PB/HK2/NDUFB6/NDUFS1/GAPDH/APRT/MT-ATP6/ATP5PF/CDA/IMPDH2/NDUFA1/NME2/NUDT18/PRKACA/DMAC2L/UCP2/PGK1/NDUFA2/TPI1/NDUFAB1/HK1/PDE7A/PRXL2C/NUDT5/FOXK1/GART/MT-ND4/PFKL/MT-ND5/MFN1/RAN/NME4/PRPSAP2/ARNT/ATP5F1D/MT-ND2/TIGAR/NDUFB4/FOXK2/HINT1/ZBTB20/PFKP/ATP5F1B/ATP5ME/ADSL/VCP/ZBTB7A/COX11/UCKL1/OGT/NDUFA10/ABHD14B/ATP5PD",0.407017918923954
"GO:0002286","T cell activation involved in immune response",67,-0.359236012706672,-1.39954658226657,0.0481366459627329,0.296762422360248,0.208940331084361,1558,"tags=33%, list=23%, signal=26%","ASCL2/SOCS3/NLRP3/STAT5A/JAK1/LCP1/PSMB3/IL18/ITGAL/BRD2/RC3H1/IRF4/HAVCR2/FCGR2B/ICAM1/PSMA4/MALT1/JAK3/JUNB/CD69/STAT3/NFKBIZ",0.257206466468838
"GO:0032259","methylation",99,0.30093949133483,1.39954422099361,0.0225783426895729,0.205030763052833,0.144355188820822,676,"tags=17%, list=10%, signal=16%","TRMT112/COMTD1/LSM10/AKT1/MRM2/NSD2/FBL/WDR6/SNRPG/NOP56/COQ5/RBM15B/COMT/TARBP1/NSD1/METTL21A/SNRPF",0.352487857583619
"GO:0009150","purine ribonucleotide metabolic process",193,0.276677811908513,1.39886950558204,0.00494837890875718,0.0871621599213944,0.0613679131177077,1736,"tags=37%, list=25%, signal=29%","HSPA8/SULT1A1/PARP1/NDUFV2/PKM/ARL2/GIT1/NT5C/RHOQ/NDUFB11/ENO1/SDHA/MTOR/ATP5F1E/NDUFA8/BAD/ATP5MC3/ATP5F1A/NDUFC2/ATP5MF/EIF6/NDUFS8/ATP5PB/HK2/NDUFB6/NDUFS1/GAPDH/APRT/MT-ATP6/ATP5PF/IMPDH2/NDUFA1/NME2/NUDT18/PRKACA/DMAC2L/UCP2/PGK1/NDUFA2/TPI1/NDUFAB1/HK1/PDE7A/PRXL2C/NUDT5/FOXK1/GART/MT-ND4/PFKL/MT-ND5/MFN1/RAN/NME4/ARNT/ATP5F1D/MT-ND2/TIGAR/NDUFB4/FOXK2/HINT1/ZBTB20/PFKP/ATP5F1B/ATP5ME/ADSL/VCP/ZBTB7A/COX11/OGT/NDUFA10/ABHD14B/ATP5PD",0.407017918923954
"GO:0002521","leukocyte differentiation",279,-0.294729579797609,-1.39882024768182,0.00828541218747427,0.115806734461362,0.081535584080058,1135,"tags=22%, list=17%, signal=19%","ATP6AP1/SMARCD3/HDAC9/SMARCD2/IL18/C1QC/RXRA/ZBTB1/SART1/HLA-B/SPIB/PCID2/BCL6/GPR65/ZFP36L1/PNP/LBR/GPR183/IL15/BRD2/TRIB1/BLNK/TOP2B/CD2/RELB/RC3H1/IRF4/FCGR2B/NFE2L2/ZFP36L2/DNAJB9/CCL3/PSMA4/PTGER4/VSIR/PTPN2/IFI16/PTPRC/MALT1/FOXO3/JAK3/IL1B/CEBPB/IL4R/NR3C1/LAPTM5/CD1D/PPP2R3C/GAB2/CCR1/KLF6/IRF1/TNFSF13B/KAT7/JUNB/FNIP1/FOS/RSAD2/CD69/STAT3/CLEC12A/NFKBIZ",0.380730400722792
"GO:0009117","nucleotide metabolic process",262,0.266393934079407,1.39839299675009,0.00335679301399991,0.071017686088527,0.0500011380354931,1716,"tags=37%, list=25%, signal=29%","HSPA8/SULT1A1/NAPRT/LDHB/UCK2/DTYMK/PARP1/NDUFV2/PKM/ARL2/GIT1/NT5C/RHOQ/NDUFB11/ENO1/SDHA/G6PD/SLC25A12/FLAD1/MTOR/ATP5F1E/NDUFA8/BAD/IDH2/ATP5MC3/ATP5F1A/NDUFC2/SAMHD1/ATP5MF/EIF6/PUDP/NDUFS8/ATP5PB/HK2/NDUFB6/NDUFS1/ME2/PGLS/GAPDH/APRT/KMO/MT-ATP6/ATP5PF/CDA/IMPDH2/NDUFA1/NME2/RPE/NUDT18/PRKACA/REXO2/DMAC2L/UCP2/PGK1/NDUFA2/IDO1/TPI1/IDH1/NDUFAB1/OGG1/HK1/PDE7A/MDH1/PRXL2C/NUDT5/FOXK1/GART/RRM2B/MT-ND4/PFKL/MT-ND5/MFN1/RAN/NME4/PRPSAP2/ARNT/ATP5F1D/MT-ND2/TIGAR/NDUFB4/FOXK2/HINT1/DCTPP1/ZBTB20/PFKP/ATP5F1B/GOT2/ATP5ME/ADSL/VCP/ZBTB7A/COX11/UCKL1/CNP/OGT/MTHFD1/NDUFA10/ABHD14B",0.431707695803346
"GO:0006091","generation of precursor metabolites and energy",261,0.259773201912873,1.3979579501425,0.00607546781026305,0.0988879122577173,0.0696236166393296,1225,"tags=25%, list=18%, signal=22%","COX5A/COX6A1/NDUFV2/TRAP1/PKM/ACAT1/ARL2/GIT1/AKT1/MTLN/NDUFB11/ENO1/SDHA/G6PD/MTOR/COX7C/ATP5F1E/NDUFA8/IDH2/CHCHD2/ATP5F1A/GAA/ABCD1/WDR45/PPP1CB/NDUFC2/PPP1CA/ATP5MF/EIF6/NDUFS8/ATP5PB/HK2/NDUFB6/NDUFS1/PGLS/GAPDH/UQCRB/SURF1/MT-ATP6/ATP5PF/NDUFA1/RPE/PRKACA/UCP2/PGK1/NDUFA2/WIPI2/TTC19/UQCRQ/SHMT2/TPI1/LYRM7/IDH1/UQCC2/NDUFAB1/HK1/PPIF/MDH1/PRXL2C/CEBPA/FOXK1/PLEC/GSK3B/MT-ND4/INPP5K/PFKL",0.407017918923954
"GO:0050679","positive regulation of epithelial cell proliferation",56,-0.374707343614526,-1.39643803309575,0.0460829493087558,0.293774031351671,0.206836306586328,1494,"tags=36%, list=22%, signal=28%","PRKCA/CFLAR/STAT5A/NRAS/HMGB2/NOD2/MAP2K5/NR4A3/RICTOR/PDPK1/NUS1/GPBAR1/JAML/HIF1A/GRN/NR4A1/NEAT1/TNFAIP3/STAT3/AREG",0.261663521711573
"GO:0050678","regulation of epithelial cell proliferation",90,-0.341338726197323,-1.39440294664194,0.0386329866270431,0.273584182066215,0.192621320198578,1516,"tags=34%, list=22%, signal=27%","VDR/PRKCA/CFLAR/STAT5A/NRAS/HMGB2/NOD2/MAP2K5/NR4A3/ALOX5/TINF2/AIMP1/MEF2C/RICTOR/PDPK1/CDC73/NUS1/ZFP36L1/CDKN1B/GPBAR1/JAML/HIF1A/KLF9/GRN/NR4A1/NEAT1/TNFAIP3/ZFP36/STAT3/AREG/EREG",0.282013350011725
"GO:0015980","energy derivation by oxidation of organic compounds",240,0.266552645460006,1.39426971418003,0.00440683071630352,0.0830264390924088,0.0584560927045701,1637,"tags=32%, list=24%, signal=26%","COX5A/COX6A1/NDUFV2/TRAP1/PKM/ARL2/GIT1/AKT1/MTLN/NDUFB11/ENO1/SDHA/MTOR/COX7C/ATP5F1E/NDUFA8/IDH2/CHCHD2/ATP5F1A/GAA/ABCD1/WDR45/PPP1CB/NDUFC2/PPP1CA/ATP5MF/EIF6/NDUFS8/ATP5PB/HK2/NDUFB6/NDUFS1/GAPDH/UQCRB/SURF1/MT-ATP6/ATP5PF/NDUFA1/PRKACA/UCP2/PGK1/NDUFA2/WIPI2/TTC19/UQCRQ/SHMT2/TPI1/LYRM7/IDH1/UQCC2/NDUFAB1/HK1/PPIF/MDH1/PRXL2C/FOXK1/PLEC/GSK3B/MT-ND4/INPP5K/PFKL/MT-ND5/ARNT/ATP5F1D/MT-ND2/TIGAR/PDP1/NDUFB4/FOXK2/ZBTB20/PFKP/ATP5F1B/ATP5ME/ADSL/TEFM/VCP/ZBTB7A/UQCR10",0.407017918923954
"GO:0009725","response to hormone",351,-0.285333637316881,-1.39136004276163,0.00645127480991936,0.102858903111602,0.0724194562781383,1201,"tags=23%, list=18%, signal=20%","CCR7/PAK1/TOP1/MAPK1/SESN3/ALAD/TMF1/SRSF4/PPP5C/HDAC9/NR4A3/SORT1/NCOA3/SP100/RELA/RXRA/MEF2C/DDX5/PDPK1/IGFBP7/CSF2RA/SORL1/CTSB/RAB8A/USF1/SRSF5/ZFP36L1/ADIPOR2/BTG1/CREB1/SH2B2/SRD5A1/TAF1/DENND4C/PRKAR1A/PRKCD/CALM3/PIM1/PNPT1/MT-ND3/JAK2/NFE2L2/ZFP36L2/KLF11/TXNIP/PTGER4/NR1D2/AGTRAP/PTPN2/KLF9/PTPRC/FOXO3/FUT7/CTSS/UGCG/JAK3/IL1B/BTG2/NR3C1/NR4A1/CTSH/SMAD3/CAB39/PER1/EIF2B2/SYAP1/IL1RN/KLF4/JUNB/EGR1/LTA4H/JUN/FOS/ZFP36/FOSB/STAT3/AREG/NR4A2/EREG/DUSP1",0.407017918923954
"GO:0001775","cell activation",491,-0.277598766204513,-1.38512004051324,0.00138201608024134,0.0456435489358278,0.0321360708362871,1182,"tags=23%, list=17%, signal=20%","PSMB3/NOD2/KMT2E/IFNGR1/VAMP8/SMARCD3/CLEC4A/HDAC9/IL27RA/NR4A3/VAV1/EMILIN2/STXBP3/KIF13B/ADGRE2/SMARCD2/HLA-A/IL18/ZBTB1/SART1/MNDA/MEF2C/MYL12A/CD47/PDPK1/CD300A/SLC7A1/SPIB/CD22/PCID2/TNFRSF14/ITGAL/BCL6/SAMSN1/GPR65/ZFP36L1/PNP/GPR183/IL15/BRD2/PRKAR1A/MILR1/BLNK/TOP2B/BCL2/CD2/PRKCD/LDLR/RELB/JAML/RC3H1/PJA2/IRF4/HAVCR2/FCGR2B/CD300LF/JAK2/PPP3CB/NFE2L2/MLH1/ZFP36L2/SIRPB1/DNAJB9/CCL3/ICAM1/CXCL8/PSMA4/PTGER4/MAP3K8/VSIR/PTPN2/PTPRC/MALT1/SASH3/FOXO3/TNFSF13/DOCK8/ADAM10/JAK3/IL1B/GRN/PRNP/CEBPB/LCP2/IL4R/ZEB2/LAPTM5/SMAD3/CLEC7A/TNFRSF1A/CD1D/PPP2R3C/GAB2/PLSCR1/SH3KBP1/LTBR/KLF6/IRF1/TNFSF13B/RIPOR2/KAT7/TNFAIP3/TOLLIP/JUNB/HLA-E/FNIP1/RSAD2/CD69/STAT3/CD55/CLEC12A/NFKBIZ",0.45505986738723
"GO:0009314","response to radiation",149,-0.310459891575284,-1.38505656821069,0.042443848489246,0.286081175143413,0.201420028102165,1369,"tags=30%, list=20%, signal=24%","NSMCE3/TRIAP1/CIRBP/PPP1CC/BRCC3/NABP1/INO80/TOP1/ALAD/UBE2B/ATF4/OPN3/ATR/RELA/ZBTB1/LZIC/USF1/IKBIP/CREB1/TAF1/RHOB/TMEM109/BCL2/PRKCD/RUVBL2/NIPBL/MT-ND3/PPM1D/MAP3K4/BAK1/POLB/SMC1A/PML/IFI16/TUBA1A/PTPRC/SMAD3/PER1/BCL3/EGR1/BHLHE40/FOS/CDKN1A/DUSP1",0.321775918075361
"GO:0050867","positive regulation of cell activation",184,-0.300489277049611,-1.38451365911509,0.0215553733953453,0.199333315473455,0.14034380970448,1201,"tags=26%, list=18%, signal=22%","CCR7/NOD2/SMARCD3/NR4A3/VAV1/SMARCD2/HLA-A/IL18/ZBTB1/SART1/MEF2C/CD47/PDPK1/SLC7A1/PCID2/TNFRSF14/BCL6/GPR65/PNP/GPR183/IL15/BRD2/BCL2/CD2/HAVCR2/JAK2/MLH1/SIRPB1/CCL3/MAP3K8/VSIR/PTPRC/MALT1/SASH3/FOXO3/TNFSF13/DOCK8/IL1B/IL4R/CLEC7A/CD1D/PPP2R3C/SH3KBP1/TNFSF13B/HLA-E/CD55/NFKBIZ",0.352487857583619
"GO:0072521","purine-containing compound metabolic process",288,0.257913628590676,1.38403878526891,0.00297254506408333,0.067045391414904,0.0472043804215392,902,"tags=22%, list=13%, signal=20%","HSPA8/SULT1A1/NAPRT/LDHB/TECR/PARP1/NDUFV2/PKM/ACAT1/ARL2/GIT1/NT5C/RHOQ/NDUFB11/ENO1/SDHA/G6PD/SLC25A12/MTOR/ATP5F1E/NDUFA8/BAD/IDH2/ATP5MC3/ATP5F1A/ABCD1/NUDT1/NDUFC2/SAMHD1/ATP5MF/EIF6/NDUFS8/ATP5PB/ACSL5/GPAT4/HK2/NDUFB6/NDUFS1/ME2/PGLS/GAPDH/APRT/PPT1/KMO/DIP2A/MT-ATP6/ACOT9/ATP5PF/IMPDH2/NDUFA1/NME2/RPE/HMGCS1/NUDT18/PRKACA/PMVK/HMGCR/DMAC2L/UCP2/PGK1/NDUFA2/IDO1/TPI1",0.431707695803346
"GO:0030097","hemopoiesis",386,-0.28389238453379,-1.38128252897562,0.00337905183876203,0.071017686088527,0.0500011380354931,1518,"tags=27%, list=22%, signal=22%","KAT5/HSPA9/PRKCA/CFLAR/NLRP3/STAT5A/PRELID1/MYSM1/CD4/JAK1/RASGRP4/BRPF1/PHF14/P4HTM/HIPK1/THOC5/GPS2/HMGB2/PAF1/CCR7/PSMB3/KMT2E/PICALM/ATP6AP1/SMARCD3/HDAC9/CNOT4/ATF4/SMARCD2/IL18/C1QC/RXRA/PTBP3/ZBTB1/SART1/MEF2C/CTR9/HLA-B/MKNK2/SPIB/PCID2/CDC73/MEAF6/BCL6/GPR65/ZFP36L1/PNP/LBR/SNRK/GPR183/IL15/N4BP2L2/BRD2/TRIB1/BLNK/TOP2B/CD2/RELB/PIM1/RC3H1/IRF4/FCGR2B/JAK2/OSM/NFE2L2/ZFP36L2/DNAJB9/CCL3/PSMA4/PTGER4/VSIR/HIF1A/PTPN2/IFI16/PTPRC/MALT1/FOXO3/JAK3/IL1B/ZNF385A/CEBPB/IL4R/NR3C1/LAPTM5/CD1D/PPP2R3C/GAB2/WDR1/CCR1/KLF6/IRF1/TNFSF13B/GLUL/KAT7/KLF4/JUNB/FNIP1/EIF2AK2/FOS/RSAD2/ZFP36/CD69/STAT3/CLEC12A/NFKBIZ",0.431707695803346
"GO:0009267","cellular response to starvation",99,-0.330439352279225,-1.38059392709586,0.0420289855072464,0.284734830387004,0.200472112537518,1700,"tags=36%, list=25%, signal=28%","PRKAG2/YWHAZ/RRP8/MYBBP1A/ATXN3/KAT5/GABARAP/GABARAPL1/MAP1LC3B/BMPR2/LAMP2/PAK1/MAPK1/SESN3/VAMP8/ATF4/RRAGA/SEC22B/SRD5A1/STX17/YME1L1/VPS41/TTC5/NFE2L2/PPM1D/IFI16/FADS1/FOXO3/UPP1/KLF10/PMAIP1/FNIP1/EIF2AK2/FOS/ATF3/CDKN1A",0.266350657088526
"GO:0071674","mononuclear cell migration",94,-0.330986643210464,-1.37822130003711,0.0438472418670438,0.291361427527526,0.20513767426697,1240,"tags=29%, list=18%, signal=24%","MYO1G/CCR7/MAPK1/IL27RA/ALOX5/CD47/C3AR1/TNFRSF14/ITGAL/NINJ1/GPR183/JAML/AKIRIN1/CCL3/WASL/FUT7/DOCK8/ADAM10/SLC8B1/EPS8/GPR35/CCR1/RIPOR2/OXSR1/CXCR4/CD69/DUSP1",0.257206466468838
"GO:1902533","positive regulation of intracellular signal transduction",494,-0.275021526840522,-1.37669370767991,0.00278627746004406,0.0648203794006478,0.0456378251170369,1576,"tags=28%, list=23%, signal=23%","TRIM38/ADCY7/ANKRD17/PLK2/IRAK4/KAT5/VDR/PRKCA/CFLAR/NLRP3/ZDHHC5/DDX21/KLF2/BMPR2/CUL3/NRAS/VAPA/ZDHHC3/APOL3/KLHDC10/CCL5/ARFGEF1/PPP1CC/KMT2D/CD40/BCLAF1/GPS2/IRAK3/SLC15A3/SLC15A4/P2RY6/BRCC3/TRIM22/CCR7/PAK1/NOD2/HBEGF/PICALM/PTBP1/PPP5C/IL27RA/VAV1/USP4/DYNLL2/RRAGA/AKAP13/CSNK1A1/RBCK1/IL18/SIK3/CHERP/ATR/ZC3HAV1/RELA/RXRA/MEF2C/RICTOR/DDX5/PDPK1/CPNE1/ITGB1BP1/USP32/TRIM5/MLST8/HEXIM1/GPR183/OASL/TAF1/IL15/USP15/WAC/FBXW11/ARRDC3/RELL1/TNFSF10/PUM2/CASP1/GPBAR1/PIM1/PPM1A/PJA2/MAPRE2/TFG/DYNLT1/PPP3CC/HAVCR2/FCGR2B/TELO2/JAK2/PPP3CB/NAGK/OSM/MAP3K4/RHEB/CCL3/ICAM1/SLC46A2/BAK1/RIPK2/PTPN2/PML/PELI1/IFIT5/PTPRC/DDX3X/MALT1/TLR8/CARD16/IL1B/PRNP/ZNF385A/NUP62/GADD45B/ARHGEF3/CUL1/PPP1R15A/LAPTM5/SMAD3/CLEC7A/LITAF/DHX58/TNFRSF1A/WDFY1/CCR1/MCL1/BCL10/PMAIP1/LTBR/MAT2A/DDIT3/DDX60/FNIP1/NAIP/GBP5/EIF2AK2/SLC20A1/RSAD2/STAT3/NAMPT",0.431707695803346
"GO:0022409","positive regulation of cell-cell adhesion",156,-0.310623143181156,-1.37428945338328,0.0361197448294736,0.264045328308741,0.185905337607519,1518,"tags=31%, list=22%, signal=24%","KAT5/NLRP3/PIEZO1/CD4/JAK1/CCL5/CTNNB1/HLA-DPA1/CCR7/NOD2/SMARCD3/NR4A3/ALOX5/VAV1/EMILIN2/SMARCD2/HLA-A/IL18/RELA/ZBTB1/SART1/CD47/PDPK1/SLC7A1/TNFRSF14/BCL6/GPR65/PNP/ST3GAL4/IL15/BRD2/DENND6A/HAVCR2/JAK2/SIRPB1/MAP3K8/VSIR/PTPRC/MALT1/FOXO3/FUT7/DOCK8/IL1B/CD1D/HLA-E/PLAUR/CD55/NFKBIZ",0.321775918075361
"GO:0042594","response to starvation",113,-0.322779531467668,-1.37422140031067,0.0356633380884451,0.263310753670975,0.185388148582035,1700,"tags=35%, list=25%, signal=27%","PRKAG2/YWHAZ/RRP8/MYBBP1A/ATXN3/KAT5/GABARAP/GABARAPL1/MAP1LC3B/PCK2/BMPR2/LAMP2/TBC1D5/PAK1/MAPK1/SESN3/VAMP8/ATF4/RRAGA/SEC22B/SRD5A1/STX17/YME1L1/VPS41/TTC5/NFE2L2/PPM1D/IFI16/FADS1/FOXO3/UPP1/KLF10/PMAIP1/DDIT3/FNIP1/EIF2AK2/FOS/ZFP36/ATF3/CDKN1A",0.287857117255149
"GO:0051251","positive regulation of lymphocyte activation",168,-0.306431412809823,-1.37171713894166,0.0271527250416797,0.226822423216264,0.159697955783069,1201,"tags=26%, list=18%, signal=22%","CCR7/NOD2/SMARCD3/VAV1/SMARCD2/HLA-A/IL18/ZBTB1/SART1/MEF2C/CD47/PDPK1/SLC7A1/PCID2/TNFRSF14/BCL6/GPR65/PNP/GPR183/IL15/BRD2/BCL2/HAVCR2/JAK2/MLH1/SIRPB1/MAP3K8/VSIR/PTPRC/MALT1/SASH3/FOXO3/TNFSF13/DOCK8/IL1B/CLEC7A/CD1D/PPP2R3C/SH3KBP1/TNFSF13B/HLA-E/CD55/NFKBIZ",0.352487857583619
"GO:0009142","nucleoside triphosphate biosynthetic process",97,0.294859929601127,1.37114182923213,0.031315448261283,0.24489607424627,0.172422998934012,863,"tags=25%, list=13%, signal=22%","UCK2/DTYMK/PARP1/NDUFV2/NDUFB11/ENO1/SDHA/ATP5F1E/NDUFA8/ATP5MC3/ATP5F1A/NDUFC2/ATP5MF/NDUFS8/ATP5PB/NDUFB6/NDUFS1/MT-ATP6/ATP5PF/IMPDH2/NDUFA1/NME2/DMAC2L/NDUFA2",0.321775918075361
"GO:1901292","nucleoside phosphate catabolic process",90,0.302972155482229,1.37110063198493,0.0360612398371195,0.264045328308741,0.185905337607519,1706,"tags=40%, list=25%, signal=30%","PKM/ACAT1/ARL2/GIT1/NT5C/ENO1/MTOR/ABCD1/SAMHD1/EIF6/HK2/GAPDH/CDA/NUDT18/PRKACA/UCP2/PGK1/TPI1/OGG1/HK1/PDE7A/PRXL2C/NUDT5/FOXK1/PFKL/ARNT/TIGAR/FOXK2/HINT1/DCTPP1/ZBTB20/PFKP/VCP/ZBTB7A/CNP/OGT",0.321775918075361
"GO:0035295","tube development",229,-0.295307338203589,-1.36978660431401,0.0202070491147406,0.190153871720903,0.133880875477248,1610,"tags=31%, list=24%, signal=24%","MECP2/SLC31A1/HDAC5/CYBB/RBPJ/PLK2/KAT5/ITGAX/PRKCA/KLF2/BMPR2/JAK1/PHF14/CTNNB1/PRCP/SSBP3/HIPK1/CD40/PAK1/TYMP/HDAC9/MAP2K5/ALOX5/EMILIN2/JMJD6/PANK2/AIMP1/KDM2B/IL18/SP100/RELA/MEF2C/CD47/C3AR1/PDPK1/IGFBP7/ITGB1BP1/NUS1/ADIPOR2/NINJ1/BTG1/MICAL2/RHOB/MTHFR/LDLR/NIPBL/RNF213/NFE2L2/CXCL8/HIF1A/PML/RIN2/CLIC3/IL1B/GRN/NR4A1/CTSH/SMAD3/JUP/CALCRL/BCL10/GLUL/KLF4/TNFAIP3/PTGS2/LTA4H/C1GALT1/SAT1/STAT3/EREG",0.352487857583619
"GO:0030522","intracellular receptor signaling pathway",219,-0.297568922609825,-1.3682293947946,0.0183013033229429,0.181707155577168,0.127933829845219,1569,"tags=31%, list=23%, signal=24%","ADCY7/ANKRD17/IRAK4/VDR/TRIP4/NLRP3/PGRMC2/ZDHHC5/KLF2/UFM1/LAMP2/ZDHHC3/NR1H2/KMT2D/CNOT1/GPS2/SLC15A3/SLC15A4/BRCC3/PAK1/NOD2/TMF1/PPP5C/NPLOC4/NR4A3/CSNK1A1/TRAF3IP3/NCOA3/SP100/ZC3HAV1/RELA/RXRA/LYPLAL1/DDX5/OASL/TAF1/USP15/OAS1/PUM2/PIM1/HAVCR2/JAK2/NAGK/RNF125/SLC46A2/NR1D2/RIPK2/IFI16/DDX3X/LILRA4/TLR8/OAS3/RNF135/NR3C1/NR4A1/DHX58/PER1/WDFY1/IRF1/MEFV/DDX60/TNFAIP3/GBP5/EIF2AK2/RSAD2/STAT3/NR4A2",0.352487857583619
"GO:0016072","rRNA metabolic process",200,0.264671469490402,1.36803348722646,0.0132800962146088,0.15247563435996,0.107352909684752,1722,"tags=32%, list=25%, signal=24%","YBEY/TRMT112/UTP23/RRP1B/RPL27/TBL3/MRM2/MRTO4/GTF3A/MTOR/FBL/NOP56/RBFA/PRKDC/MYC/RRP36/RPS17/EIF6/RIOK1/TRIR/REXO1/RPP30/UTP14A/BOP1/IMP3/RPS28/FRG1/PNO1/NCL/DDX27/RPS21/RPF1/RPL5/POLR2L/RPS19/TSR3/EXOSC2/NOL8/SMARCB1/DDX56/HEATR1/NOL7/GTF3C5/NOP2/RRS1/RPL7/DEDD2/PIN4/PDCD11/POLR2E/DDX55/NOC4L/TCOF1/PA2G4/MPHOSPH6/DDX52/GTF3C1/PES1/RRP15/DDX18/DDX17/RPL14/EXOSC7",0.380730400722792
"GO:0009259","ribonucleotide metabolic process",202,0.265467679507578,1.36404387792334,0.0136293512531424,0.154647148114643,0.108881798683734,1736,"tags=37%, list=25%, signal=29%","HSPA8/SULT1A1/UCK2/PARP1/NDUFV2/PKM/ARL2/GIT1/NT5C/RHOQ/NDUFB11/ENO1/SDHA/MTOR/ATP5F1E/NDUFA8/BAD/ATP5MC3/ATP5F1A/NDUFC2/ATP5MF/EIF6/NDUFS8/ATP5PB/HK2/NDUFB6/NDUFS1/GAPDH/APRT/MT-ATP6/ATP5PF/CDA/IMPDH2/NDUFA1/NME2/NUDT18/PRKACA/DMAC2L/UCP2/PGK1/NDUFA2/TPI1/NDUFAB1/HK1/PDE7A/PRXL2C/NUDT5/FOXK1/GART/MT-ND4/PFKL/MT-ND5/MFN1/RAN/NME4/ARNT/ATP5F1D/MT-ND2/TIGAR/NDUFB4/FOXK2/HINT1/ZBTB20/PFKP/ATP5F1B/ATP5ME/ADSL/VCP/ZBTB7A/COX11/UCKL1/OGT/NDUFA10/ABHD14B/ATP5PD",0.380730400722792
"GO:0034762","regulation of transmembrane transport",132,-0.310740536484571,-1.36352321829373,0.04490306169115,0.293774031351671,0.206836306586328,1220,"tags=25%, list=18%, signal=21%","P2RY6/AFG3L2/ATP1B1/SLC43A2/NR4A3/ATP1B3/KCNN4/OPN3/PDPK1/SLC30A1/STAC3/CALM3/PIM1/PPP3CC/WWP2/PPP3CB/NIPSNAP2/NRBP1/NFE2L2/PML/SUMO1/VMP1/CTSS/IL1B/PRNP/STOM/PDE4B/CAB39/ACSL1/GPR35/RGS2/OXSR1/SLC31A2",0.321775918075361
"GO:0043523","regulation of neuron apoptotic process",79,-0.338531025329104,-1.36133542978972,0.0463096960926194,0.293774031351671,0.206836306586328,1109,"tags=28%, list=16%, signal=24%","IL27RA/ATF4/KDM2B/CASP4/MEF2C/TMBIM4/BCL2/CASP1/FCGR2B/JAK2/CCL3/HIF1A/FOXO3/GRN/SNX6/PRNP/BTG2/MCL1/DDIT3/EGR1/NAIP/STAT3",0.252961123069611
"GO:0034976","response to endoplasmic reticulum stress",177,-0.302264939885541,-1.36064509696777,0.037923843593403,0.270289590466277,0.190301710275584,1656,"tags=32%, list=24%, signal=25%","ITPR1/PTPN1/DNAJC3/CCDC47/ATXN3/HERPUD2/ERLIN2/DNAJC10/RPAP2/SERP1/TMBIM6/UFM1/BCL2L1/NR1H2/NRBF2/RNFT1/ATF6B/NPLOC4/ALOX5/ATF4/JKAMP/CASP4/TMBIM4/AATF/DERL1/AMFR/TOR1A/BCL2/SEL1L/ATG10/HERPUD1/RNF5/FCGR2B/NFE2L2/FAF1/DNAJB9/MBTPS1/CXCL8/BAK1/EDEM3/PTPN2/DDX3X/PARP8/CEBPB/PPP1R15A/RNF139/NIBAN1/FBXO6/CREB3L2/PPP1R15B/PMAIP1/DDIT3/PIGBOS1/JUN/STAT3/ATF3",0.321775918075361
"GO:0042254","ribosome biogenesis",242,0.257251999862258,1.35995651360792,0.00639805027739288,0.102625708097253,0.0722552715976193,1415,"tags=28%, list=21%, signal=23%","YBEY/TRMT112/UTP23/TUFM/NPM1/RRP1B/RPL27/TBL3/MRM2/MRTO4/GTF3A/FBL/NOP56/RBFA/PRKDC/C1QBP/GTPBP10/RRP36/RPLP0/RPS17/EIF6/GTPBP6/RIOK1/HEATR3/REXO1/RPP30/MTG1/RPS23/XRCC5/UTP14A/DHX30/METTL17/BOP1/IMP3/RPS28/FRG1/RPS12/PNO1/DDX27/NDUFAB1/RPS8/RPS21/RPF1/RPL5/RPS27A/RPS19/TSR3/EXOSC2/RPS11/RPS4X/NOL8/DDX56/HEATR1/NOL7/EIF1AX/RPS5/NOP2/RRS1/RPL7/PIN4/RPS15A/MPV17L2/PDCD11/RAN/PDCD2/DDX55/NOC4L/RPSA",0.407017918923954
"GO:0032984","protein-containing complex disassembly",140,0.281311712915488,1.35959227144313,0.0191483473048282,0.183675851086921,0.12931992141416,912,"tags=22%, list=13%, signal=20%","HSPA8/TWF2/PDXP/APEH/HMGA1/MID1IP1/MICAL1/GSN/SH3BP1/UPF1/DSTN/MYC/SSRP1/PPP1R9B/PPP1CA/SMARCC1/SNAP29/MAP1S/LIMA1/ATG5/CLTC/NCKAP5L/CHMP7/CAPG/SVIL/ADRB2/SMARCE1/TRIOBP/TAOK1/GSPT1/SUPT16H",0.352487857583619
"GO:0045619","regulation of lymphocyte differentiation",114,-0.317622991226274,-1.35683698413226,0.0424597364568082,0.286081175143413,0.201420028102165,1182,"tags=24%, list=17%, signal=20%","PSMB3/SMARCD3/SMARCD2/IL18/ZBTB1/SART1/PCID2/BCL6/GPR65/ZFP36L1/PNP/BRD2/CD2/RC3H1/IRF4/ZFP36L2/PSMA4/VSIR/PTPN2/MALT1/FOXO3/JAK3/PPP2R3C/IRF1/JUNB/CD69/NFKBIZ",0.266350657088526
"GO:1903039","positive regulation of leukocyte cell-cell adhesion",144,-0.307123061637116,-1.35432018283024,0.0342465753424658,0.258937907994615,0.182309376626567,1201,"tags=26%, list=18%, signal=22%","CCR7/NOD2/SMARCD3/NR4A3/ALOX5/VAV1/SMARCD2/HLA-A/IL18/RELA/ZBTB1/SART1/CD47/PDPK1/SLC7A1/TNFRSF14/BCL6/GPR65/PNP/ST3GAL4/IL15/BRD2/HAVCR2/JAK2/SIRPB1/MAP3K8/VSIR/PTPRC/MALT1/FOXO3/FUT7/DOCK8/IL1B/CD1D/HLA-E/CD55/NFKBIZ",0.287857117255149
"GO:0043085","positive regulation of catalytic activity",124,-0.311347883149616,-1.3487897155495,0.0465116279069767,0.293774031351671,0.206836306586328,872,"tags=20%, list=13%, signal=18%","ITGB1BP1/SNX13/STRADA/ABI1/GCH1/SRGAP2/PRKAR1A/ARRDC3/PSMD10/SIPA1L1/JAK2/MAP3K4/RALGAPA2/VSIR/PTPRC/DOCK8/GRN/LCP2/TNFRSF1A/PLSCR1/SYAP1/LTBR/EREG/RGS1/CDKN1A",0.245041785430996
"GO:0035966","response to topologically incorrect protein",104,-0.318731114297366,-1.34503938270883,0.0386819484240688,0.273584182066215,0.192621320198578,544,"tags=19%, list=8%, signal=18%","HERPUD1/DNAJB14/NFE2L2/DNAJB9/MBTPS1/BAK1/EDEM3/PTPN2/PARP8/UBR4/PPP1R15A/FBXO6/CREB3L2/PPP1R15B/DDIT3/TOR1B/PIGBOS1/UBE2W/STAT3/ATF3",0.276500599254472
"GO:0097190","apoptotic signaling pathway",282,-0.281615750142926,-1.34491578653681,0.0253037374600269,0.218018804782173,0.153499627383773,672,"tags=17%, list=10%, signal=16%","CUL2/TMEM109/BCL2/TNFSF10/PRKCD/CUL5/CASP1/RHOT1/PSMD10/HERPUD1/FCGR2B/JAK2/NFE2L2/ICAM1/BAK1/HIF1A/PTPN2/PML/IFI16/DDX3X/IL1B/ZNF385A/CEBPB/CUL1/PPP1R15A/CTSH/LAPTM5/SMAD3/CLEC7A/TNFRSF1A/IFI27/MCL1/BCL3/BCL10/PMAIP1/LTBR/PARL/DDIT3/KLF4/TNFAIP3/PTGS2/PLAUR/STAT3/ATF3/NR4A2/NFKBIZ/CDKN1A",0.352487857583619
"GO:0007041","lysosomal transport",88,-0.323394659245686,-1.34064127933279,0.0485714285714286,0.297953091684435,0.209778640870449,2047,"tags=41%, list=30%, signal=29%","HGS/VPS18/MGRN1/GRAMD1B/VPS33A/VPS11/HOOK2/VPS4B/VPS53/NCOA4/CLN3/GNPTAB/C9orf72/AP1G1/VPS52/CHMP6/LAMP2/CHMP2A/ARL8B/HOOK3/VPS51/VPS4A/SORT1/SORL1/CHMP4A/AP3M1/RHOB/VPS41/CHMP5/DENND3/MFSD1/GRN/LAPTM5/CHMP1B/DTX3L/SCYL2",0.245041785430996
"GO:0055086","nucleobase-containing small molecule metabolic process",333,0.245338009095246,1.33800338884992,0.00244104768339198,0.0601962358724463,0.042382122888703,902,"tags=21%, list=13%, signal=19%","HSPA8/SULT1A1/NAPRT/LDHB/UCK2/DTYMK/TECR/PARP1/NDUFV2/PKM/ACAT1/ARL2/GIT1/NT5C/RHOQ/NDUFB11/ENO1/SDHA/G6PD/SLC25A12/FLAD1/MTOR/ATP5F1E/NDUFA8/BAD/IDH2/ATP5MC3/ATP5F1A/ABCD1/NUDT1/NDUFC2/SAMHD1/ATP5MF/EIF6/PUDP/NDUFS8/ATP5PB/ACSL5/GPAT4/HK2/NDUFB6/NDUFS1/ME2/PGLS/GAPDH/APRT/PPT1/KMO/DIP2A/MT-ATP6/ACOT9/ATP5PF/CDA/IMPDH2/NDUFA1/NME2/RPE/HMGCS1/NUDT18/PRKACA/PMVK/REXO2/HMGCR/DMAC2L/UCP2/PGK1/NDUFA2/IDO1/TPI1",0.431707695803346
"GO:0032787","monocarboxylic acid metabolic process",217,0.256798702037184,1.33664345915803,0.0189937381618984,0.183414904916589,0.129136198088307,948,"tags=22%, list=14%, signal=20%","MIF/THEM4/LDHB/TECR/SIGMAR1/AIG1/GSTP1/PKM/ACAT1/ARL2/MID1IP1/OSBP/GIT1/AKT1/MTLN/OSBPL9/ENO1/MTOR/DBI/IDH2/NAAA/MCCC1/AKR1A1/ABCD1/EIF6/OSBPL3/ACSL5/HK2/PCCB/FABP5/GAPDH/KMO/DCXR/ACOT9/SCPEP1/PTGES3/NME2/AKR1B1/HADH/PRKACA/ADIPOR1/UCP2/PGK1/MRS2/SHMT2/TPI1/DAGLB/IDH1",0.352487857583619
"GO:0030155","regulation of cell adhesion",332,-0.27404853113023,-1.33646132830332,0.0225031386384107,0.20502243798887,0.144349327426354,1706,"tags=30%, list=25%, signal=24%","VCL/FXYD5/ZFHX3/NKAP/YTHDF2/IL6R/PTPN1/TPM1/RBPJ/DISC1/ASCL2/ATXN3/CBLL1/KAT5/PRKCA/NLRP3/STAT5A/PIEZO1/CD4/JAK1/CCL5/CTNNB1/CYTH1/HLA-DPA1/PTPRA/CCR7/PSMB3/RCC2/NOD2/SMARCD3/MAP2K5/NR4A3/ALOX5/VAV1/EMILIN2/SMARCD2/NF2/HLA-A/IL18/RELA/ZBTB1/SART1/PPP1R12A/CD47/PDPK1/CD300A/SLC7A1/ITGB1BP1/TNFRSF14/BCL6/GPR65/PNP/ST3GAL4/IL15/ANKRD28/BRD2/PRKAR1A/DENND6A/PRKCD/CUL5/RC3H1/HAVCR2/JAK2/CYTIP/SIRPB1/CXCL8/PSMA4/MAP3K8/VSIR/GBP1/PTPN2/PML/RIN2/PTPRC/MALT1/FOXO3/FUT7/DOCK8/ADAM10/DOCK5/JAK3/IL1B/PRNP/CEBPB/LAPTM5/SMAD3/JUP/CD1D/IRF1/IL1RN/RIPOR2/KLF4/HLA-E/CXCR4/PLAUR/CD69/CD55/NFKBIZ/DUSP1",0.352487857583619
"GO:0048871","multicellular organismal-level homeostasis",269,-0.279173789767295,-1.33548317692052,0.0270956063500815,0.226822423216264,0.159697955783069,1225,"tags=23%, list=18%, signal=20%","HMGB2/SLC15A4/PSMB3/KDM6B/NOD2/KMT2E/PICALM/NR4A3/LNPEP/ATF4/IL18/ACADVL/PTBP3/MEF2C/IL10RA/SORL1/ZFP36L1/ADIPOR2/STRAP/TSC22D3/GPR183/IL15/PRKAR1A/ACP5/ARRDC3/OAS1/GPBAR1/IRF4/JAK2/RHEB/PSMA4/NR1D2/IQCB1/HIF1A/PTPN2/TUBA1A/FOXO3/TNFSF13/JAK3/IL1B/CEBPB/IL4R/ZEB2/CTSH/PDE4B/PPP2R3C/HCAR2/ACSL1/BCL10/PMAIP1/LTBR/TNFSF13B/DDIT3/GLUL/KAT7/TNFAIP3/EGR1/CXCR4/PTGS2/ZFP36/STAT3/NFKBIZ",0.352487857583619
"GO:0042063","gliogenesis",88,-0.321887898649927,-1.33439496265751,0.05,0.303516111411992,0.213695373907132,751,"tags=20%, list=11%, signal=18%","CREB1/GPR183/SRGAP2/LDLR/HEXB/SRGAP2C/CCL3/TUBA1A/IL1B/GRN/NR3C1/ZEB2/TNFRSF1A/EIF2B2/EGR2/CXCR4/STAT3/AREG",0.241339976815091
"GO:0009201","ribonucleoside triphosphate biosynthetic process",94,0.294318693762802,1.33305613397666,0.041358352248614,0.283743978398944,0.19977448734362,863,"tags=24%, list=13%, signal=22%","UCK2/PARP1/NDUFV2/NDUFB11/ENO1/SDHA/ATP5F1E/NDUFA8/ATP5MC3/ATP5F1A/NDUFC2/ATP5MF/NDUFS8/ATP5PB/NDUFB6/NDUFS1/MT-ATP6/ATP5PF/IMPDH2/NDUFA1/NME2/DMAC2L/NDUFA2",0.321775918075361
"GO:0006753","nucleoside phosphate metabolic process",325,0.246774597053564,1.33295321368635,0.00449176068656007,0.0830264390924088,0.0584560927045701,902,"tags=21%, list=13%, signal=19%","HSPA8/SULT1A1/NAPRT/LDHB/UCK2/DTYMK/TECR/PARP1/NDUFV2/PKM/ACAT1/ARL2/GIT1/NT5C/RHOQ/NDUFB11/ENO1/SDHA/G6PD/SLC25A12/FLAD1/MTOR/ATP5F1E/NDUFA8/BAD/IDH2/ATP5MC3/ATP5F1A/ABCD1/NDUFC2/SAMHD1/ATP5MF/EIF6/PUDP/NDUFS8/ATP5PB/ACSL5/GPAT4/HK2/NDUFB6/NDUFS1/ME2/PGLS/GAPDH/APRT/PPT1/KMO/DIP2A/MT-ATP6/ACOT9/ATP5PF/CDA/IMPDH2/NDUFA1/NME2/RPE/HMGCS1/NUDT18/PRKACA/PMVK/REXO2/HMGCR/DMAC2L/UCP2/PGK1/NDUFA2/IDO1/TPI1",0.407017918923954
"GO:0046434","organophosphate catabolic process",113,0.289538471506271,1.33283742839364,0.0360612986921471,0.264045328308741,0.185905337607519,1508,"tags=35%, list=22%, signal=27%","PDXP/PKM/ACAT1/ARL2/GIT1/ABHD16A/NT5C/ENO1/PLB1/MTOR/ABCD1/SAMHD1/EIF6/HK2/GAPDH/CDA/NUDT18/PRKACA/UCP2/PGK1/TPI1/GALK1/OGG1/INPP5F/HK1/PDE7A/PRXL2C/NUDT5/PRDX6/FOXK1/PFKL/SCARB1/ARNT/TIGAR/FOXK2/HINT1/DCTPP1/ZBTB20/PFKP",0.321775918075361
"GO:0045596","negative regulation of cell differentiation",189,-0.288021421647999,-1.33129423684154,0.0402355093077367,0.280813488545883,0.197711229080434,1237,"tags=25%, list=18%, signal=21%","GPS2/HOOK3/SUFU/PAF1/PAK1/PSMB3/SINHCAF/BCL7B/DICER1/PTBP1/SS18/C1QC/APPBP2/RUFY3/CTR9/SORL1/PCID2/CDC73/ZFP36L1/N4BP2L2/TRIB1/CUL2/LDLR/RC3H1/DYNLT1/FCGR2B/AKIRIN1/NFE2L2/ZFP36L2/CCDC85B/CCL3/PSMA4/IQCB1/PTPN2/FOXO3/JAK3/IL1B/SMAD3/NFKBIA/IRF1/DDIT3/RGS2/ZFP36/CD69/AREG/CLEC12A/EREG",0.321775918075361
"GO:0000723","telomere maintenance",106,0.280293751062046,1.32310530586219,0.0436392214299784,0.290849513638721,0.20477725310393,968,"tags=25%, list=14%, signal=22%","PARP1/USP7/PKIB/HSP90AB1/HMBOX1/RPA3/LMNA/UPF1/PRKDC/CCT6A/MYC/MRE11/HDAC8/PPP1CA/XRCC6/HNRNPA1/DHX36/XRCC5/YLPM1/TERF1/PTGES3/CCT5/SMG1/CCT2/CCT8/CCT7/TERF2IP",0.321775918075361
"GO:0061061","muscle structure development",216,0.254978640110582,1.32258549269987,0.0177400538906675,0.179674121947468,0.126502439993644,1270,"tags=27%, list=19%, signal=23%","BASP1/CAPN2/CSRP1/CD81/ACTN1/PDLIM1/MTLN/CD9/MYL6/RPL27/S100B/LMNA/G6PD/RPL23A/RPL36/FKBP1A/MAML1/MYL6B/ZFPM1/CASP3/BTBD1/RPLP2/RPL12/RPLP0/SMARCC1/BIN1/CACYBP/EID2/KAT2A/RBM38/SVIL/PBRM1/SMARCE1/UBA52/RPL21/HDGFL2/FRG1/UQCC2/RPL31/TGFBR1/RPL24/MAP3K5/RPL5/RPL9/RPL23/RPLP1/RPL36A/CAMK1/FOXK1/SMARCB1/PLEKHO1/PLEC/PDCD4/SMARCA2/SIRT2/RPL41/RPL7/RPL32",0.352487857583619
"GO:0071216","cellular response to biotic stimulus",130,-0.304129742865961,-1.32233144804237,0.0415472779369628,0.283743978398944,0.19977448734362,1269,"tags=28%, list=19%, signal=24%","CD40/IRAK3/HMGB2/PAF1/NOD2/IL18/RELA/MEF2C/CTR9/CDC73/TRIM5/CD68/TRIB1/CASP1/ATG10/HAVCR2/JAK2/CHMP5/HADHB/TXNIP/CXCL8/SMC1A/MALT1/CARD16/IL1B/CEBPB/PDE4B/SMAD3/CLEC7A/TNFRSF1A/BCL10/DDIT3/TNFAIP3/GBP5/ZFP36/CD55/NFKBIZ",0.266350657088526
"GO:0009611","response to wounding",185,-0.290280172515892,-1.31654035148843,0.0429128738621586,0.288608582574772,0.203199489737818,1339,"tags=26%, list=20%, signal=22%","ARFGEF1/PRCP/RAP2B/ARL8B/CD40/PAK1/HBEGF/ALOX5/VAV1/EMILIN2/STXBP3/VPS4A/SERPINA1/MRTFA/MYL12A/USF1/ZFP36L1/ANKRD22/ADIPOR2/CHMP4A/ST3GAL4/TOR1A/PRKCD/MTR/PUM2/JAML/F13A1/JAK2/NFE2L2/CHMP5/ZFP36L2/WAS/HIF1A/FGFR1OP2/GRN/SMAD3/CLEC7A/PLSCR1/ARF4/CCR1/DDIT3/CHMP1B/TNFAIP3/PLAUR/ZFP36/STAT3/NFKBIZ/EREG/CDKN1A",0.248911114434702
"GO:0060284","regulation of cell development",306,-0.275052467342084,-1.31572081897141,0.0144215350951336,0.156972914915775,0.110519292007817,1561,"tags=29%, list=23%, signal=23%","DISC1/ASCL2/RNF10/ZFYVE27/KAT5/HSPA9/PRKCA/NLRP3/STAT5A/PRELID1/MYSM1/BMPR2/CD4/DIP2B/BRPF1/CTNNB1/P4HTM/PPP1CC/HOOK3/HMGB2/PAF1/PAK1/PSMB3/DICER1/SMARCD3/HDAC9/CNOT4/SMARCD2/NF2/IL18/C1QC/ZBTB1/SART1/RUFY3/MEF2C/CTR9/HLA-B/SORL1/PCID2/CDC73/TIAM1/MEAF6/BCL6/GPR65/ZFP36L1/PNP/SLC30A1/BRD2/TRIB1/CD2/LDLR/RC3H1/IRF4/DYNLT1/FCGR2B/ZFP36L2/RHEB/CCL3/PSMA4/VSIR/SKIL/HIF1A/PTPN2/MALT1/FOXO3/JAK3/IL1B/GRN/GOLGA4/CEBPB/IL4R/CLEC7A/JUP/TNFRSF1A/PPP2R3C/CCR1/EGR2/IRF1/GLUL/KAT7/JUNB/CXCR4/BHLHE40/ZFP36/CD69/STAT3/CLEC12A/NFKBIZ",0.380730400722792
"GO:0032970","regulation of actin filament-based process",166,0.264241347841569,1.31070900030834,0.0288259302890448,0.234345310195993,0.164994564712708,1218,"tags=24%, list=18%, signal=20%","TWF2/WASHC1/TESK1/PYCARD/PDXP/S100A10/SNX9/GSN/RHOQ/SH3BP1/RGCC/NAA20/MTOR/ARPIN/CORO1B/SERPINF2/SRI/BIN1/CAMK2D/ARHGAP17/SORBS3/LIMA1/NCK2/RAC1/LRP1/CAPG/SVIL/ADRB2/TRIOBP/TAOK1/FHOD1/SLC4A2/PPFIA1/TGFBR1/RHOF/CDK10/NCK1/RANGRF/INPP5K/FLNA",0.352487857583619
"GO:0016477","cell migration",494,-0.259332714990289,-1.29815916966276,0.0160875387521064,0.166222921352071,0.117031907021405,1637,"tags=30%, list=24%, signal=25%","AXL/ZNF580/PTPN1/TPM1/MECP2/ZNF609/P2RX4/CCR5/HDAC5/DDIT4/DISC1/ASCL2/CD200R1/CBLL1/PLK2/IRAK4/ITGAX/PRKCA/ARF6/STAT5A/BMPR2/CD4/CUL3/CAPN7/TBCCD1/USP33/CCL5/PRCP/RAP2B/LCP1/CD40/NDE1/MYO1G/SAP30/HMGB2/CCR7/PAK1/MAPK1/RCC2/SINHCAF/HBEGF/ELP5/HDAC9/MAP2K5/IL27RA/NR4A3/ALOX5/VAV1/EMILIN2/ADGRE2/NF2/AIMP1/MRTFA/SP100/RUFY3/MEF2C/RICTOR/CD47/C3AR1/PDPK1/CD300A/MAPRE1/ITGB1BP1/SORL1/TNFRSF14/NUS1/TIAM1/ITGAL/KIF2A/TMEM18/ANKRD22/ABI1/NINJ1/MCTP1/MTA2/BTG1/KIAA0319L/GPR183/ST3GAL4/SRGAP2/TRIB1/TOR1A/RHOB/DNM1L/NEXN/PRKCD/CUL5/JAML/HEXB/NIPBL/MAPRE2/RNF20/IQSEC1/AKIRIN1/JAK2/NFE2L2/SVBP/SRGAP2C/CCL3/ICAM1/CXCL8/PTGER4/VSIR/HIF1A/SPATA13/PML/TUBA1A/RIN2/WASL/PTPRC/CCL3L1/FOXO3/FUT7/DOCK8/ADAM10/ABI3/DOCK5/IL1B/GRN/SRGAP2B/ZEB2/NR4A1/CTSH/PDE4B/SMAD3/CLEC7A/SLC8B1/JUP/EPS8/IFITM1/WDR1/SH3KBP1/ARF4/GPR35/CCR1/DDIT3/GLUL/PARP9/RIPOR2/KLF4/OXSR1/PHACTR1/CXCR4/PTGS2/CD69/STAT3/NR4A2/DUSP1",0.352487857583619
"GO:0040011","locomotion",433,-0.262581279009441,-1.29690861594752,0.0110560363901917,0.135654739131635,0.0955098892976386,1829,"tags=33%, list=27%, signal=26%","SOD2/PIK3C2A/AAMP/STK24/DOCK10/SDCBP/CCAR1/FPR1/PTPRJ/USP14/CLN3/VCL/YTHDF3/MIIP/IL6R/ZNF580/PTPN1/TPM1/MECP2/ZNF609/P2RX4/CCR5/HDAC5/ASCL2/CD200R1/CBLL1/PLK2/ITGAX/PRKCA/ARF6/STAT5A/BMPR2/CD4/CAPN7/PLGRKT/TBCCD1/CCL5/MACO1/PRCP/RAP2B/CD40/SAP30/HMGB2/CCR7/PAK1/MAPK1/RCC2/SINHCAF/TYMP/HBEGF/ELP5/HDAC9/MAP2K5/IL27RA/NR4A3/ALOX5/EMILIN2/ADGRE2/NF2/SP100/RUFY3/MEF2C/RICTOR/CD47/C3AR1/PDPK1/CD300A/ITGB1BP1/SORL1/TNFRSF14/NUS1/TIAM1/KIF2A/NINJ1/MCTP1/MTA2/CREB1/GPR183/ST3GAL4/SRGAP2/TRIB1/RHOB/DNM1L/NEXN/PRKCD/CUL5/JAML/NIPBL/MAPRE2/RNF20/IQSEC1/AKIRIN1/JAK2/NFE2L2/SVBP/SRGAP2C/CCL3/ICAM1/CXCL8/PTGER4/VSIR/WAS/HIF1A/SPATA13/PTPN2/RIN2/WASL/PTPRC/CCL3L1/FOXO3/FUT7/RNASE2/DOCK8/ADAM10/ABI3/DOCK5/IL1B/GRN/SRGAP2B/ZEB2/NR4A1/CTSH/PDE4B/SMAD3/CLEC7A/SLC8B1/JUP/IFITM1/WDR1/GPR35/CCR1/GLUL/RIPOR2/MALAT1/KLF4/OXSR1/PHACTR1/CXCR4/PTGS2/PLAUR/CD69/STAT3/DUSP1",0.380730400722792
"GO:0032870","cellular response to hormone stimulus",274,-0.273070273116192,-1.29394050058701,0.0395662994391276,0.277188904593434,0.195159282762417,1590,"tags=29%, list=23%, signal=23%","HDAC5/LEPROTL1/ADCY7/LPIN2/VDR/TRIP4/PRKCA/CFLAR/PGRMC2/STAT5A/PCK2/KLF2/UFM1/CUL3/JAK1/NR1H2/KMT2D/CNOT1/CCR7/PAK1/TOP1/MAPK1/SESN3/TMF1/PPP5C/HDAC9/NR4A3/NCOA3/SP100/RELA/RXRA/MEF2C/DDX5/PDPK1/IGFBP7/CSF2RA/SORL1/CTSB/RAB8A/USF1/SRSF5/ZFP36L1/ADIPOR2/CREB1/SH2B2/SRD5A1/TAF1/DENND4C/PRKAR1A/PRKCD/PIM1/MT-ND3/JAK2/NFE2L2/ZFP36L2/KLF11/PTGER4/NR1D2/AGTRAP/PTPN2/KLF9/FOXO3/FUT7/CTSS/UGCG/JAK3/IL1B/NR3C1/NR4A1/CTSH/PER1/SYAP1/KLF4/FOS/ZFP36/FOSB/STAT3/NR4A2/DUSP1",0.321775918075361
"GO:0060429","epithelium development",220,-0.275572516919167,-1.29171885853913,0.0444444444444444,0.293774031351671,0.206836306586328,1565,"tags=27%, list=23%, signal=21%","RBPJ/RAP1B/PLAAT3/KAT5/VDR/CPT1A/ITGAX/PCK2/ANXA4/BMPR2/CTNNB1/SSBP3/PAK1/KDM6B/LIN7C/HBEGF/ATF4/NF2/KDM2B/MRTFA/IL18/NCOA3/MYO1E/ACADVL/OPN3/MEF2C/PDPK1/CTSB/GSTK1/TDRD7/ZFP36L1/BTG1/MICAL2/TOR1A/RHOB/BCL2/MTHFR/PUM2/JAK2/RHEB/ICAM1/TXNIP/UGCG/IL1B/CEBPB/ZEB2/CTSH/SMAD3/TNFRSF1A/UPK3A/WDR1/BCL10/KLF4/SULT1B1/TOLLIP/LTA4H/ZFP36/NFKBIZ/EREG",0.245041785430996
"GO:0002683","negative regulation of immune system process",250,-0.273267118407842,-1.29082707131042,0.036036036036036,0.264045328308741,0.185905337607519,1237,"tags=24%, list=18%, signal=20%","GPS2/IRAK3/OTUD4/PSMB3/TTLL12/NPLOC4/IL27RA/CSNK1A1/HLA-A/IL18/C1QC/MNDA/LYPLAL1/PDPK1/HLA-B/CD300A/CD22/TNFRSF14/SAMSN1/TSC22D3/CD68/USP15/PRKAR1A/TRIB1/MILR1/LDLR/OAS1/PIM1/RC3H1/HAVCR2/FCGR2B/CD300LF/RNF125/CCL3/PSMA4/PTGER4/VSIR/GBP1/NLRC5/PTPN2/IFI16/WASL/PTPRC/LILRA4/OAS3/JAK3/GRN/PRNP/CEBPB/LAPTM5/DHX58/IRF1/RIPOR2/MEFV/TNFAIP3/HLA-E/CD69/CD55/CLEC12A/DUSP1",0.271288554688953
"GO:0065009","regulation of molecular function",315,-0.267069025985251,-1.28588092308788,0.0321301142763377,0.24915994278443,0.175425043791908,905,"tags=17%, list=13%, signal=16%","CPNE1/CD300A/RAB3GAP2/ITGB1BP1/SNX13/STRADA/ABI1/GCH1/CDKN1B/RSF1/SRGAP2/SERPINB8/PRKAR1A/TRIB1/ILRUN/ARRDC3/STAC3/PRKCD/OAS1/CALM3/PSMD10/SIPA1L1/JAK2/NIPSNAP2/BTAF1/MAP3K4/SVBP/RALGAPA2/VSIR/IFI16/PTPRC/VMP1/DOCK8/OAS3/CTSS/IL1B/GRN/SNX6/LCP2/SERTAD1/TNFRSF1A/PLSCR1/GPR35/SYAP1/LTBR/PARP9/RIPOR2/DTX3L/PLAUR/JUN/ZFP36/HERC5/EREG/RGS1/CDKN1A",0.321775918075361
"GO:0042692","muscle cell differentiation",134,0.267134747459497,1.28583522818073,0.0346471908811947,0.261018246577473,0.183774072287199,1270,"tags=27%, list=19%, signal=22%","CAPN2/CSRP1/CD81/ACTN1/MTLN/CD9/RPL27/G6PD/RPL23A/RPL36/MAML1/CASP3/RPLP2/RPL12/RPLP0/BIN1/CACYBP/KAT2A/RBM38/UBA52/RPL21/HDGFL2/RPL31/RPL24/RPL5/RPL9/RPL23/RPLP1/RPL36A/CAMK1/PLEKHO1/PLEC/PDCD4/RPL41/RPL7/RPL32",0.321775918075361
"GO:2000145","regulation of cell motility",366,-0.259937784544582,-1.27909051055922,0.0360848414623197,0.264045328308741,0.185905337607519,1201,"tags=24%, list=18%, signal=21%","CCR7/PAK1/MAPK1/RCC2/SINHCAF/HBEGF/ELP5/HDAC9/MAP2K5/IL27RA/NR4A3/EMILIN2/NF2/SP100/RUFY3/MEF2C/RICTOR/CD47/C3AR1/PDPK1/CD300A/ITGB1BP1/SORL1/TNFRSF14/NUS1/TIAM1/KIF2A/NINJ1/MCTP1/MTA2/GPR183/ST3GAL4/SRGAP2/TRIB1/RHOB/DNM1L/NEXN/CUL5/NIPBL/MAPRE2/RNF20/IQSEC1/AKIRIN1/JAK2/NFE2L2/SVBP/SRGAP2C/CCL3/ICAM1/CXCL8/PTGER4/VSIR/WAS/HIF1A/SPATA13/RIN2/WASL/PTPRC/CCL3L1/FOXO3/FUT7/DOCK8/ADAM10/ABI3/DOCK5/IL1B/GRN/SRGAP2B/ZEB2/CTSH/SMAD3/CLEC7A/SLC8B1/JUP/IFITM1/CCR1/GLUL/RIPOR2/MALAT1/KLF4/OXSR1/PHACTR1/CXCR4/PTGS2/CD69/STAT3/DUSP1",0.321775918075361
"GO:0030334","regulation of cell migration",350,-0.26226156973218,-1.27504201955678,0.0351515151515151,0.261407882145048,0.184048401441962,1869,"tags=35%, list=27%, signal=27%","STX4/CX3CR1/PLXNC1/SOD2/PIK3C2A/AAMP/STK24/DOCK10/SDCBP/CCAR1/PTPRJ/CLN3/VCL/YTHDF3/MIIP/IL6R/ZNF580/PTPN1/TPM1/MECP2/ZNF609/P2RX4/HDAC5/ASCL2/CD200R1/CBLL1/PLK2/ITGAX/PRKCA/ARF6/STAT5A/BMPR2/CAPN7/TBCCD1/CCL5/PRCP/RAP2B/CD40/SAP30/CCR7/PAK1/MAPK1/RCC2/SINHCAF/HBEGF/ELP5/HDAC9/MAP2K5/IL27RA/NR4A3/EMILIN2/NF2/SP100/RUFY3/MEF2C/RICTOR/CD47/C3AR1/PDPK1/CD300A/ITGB1BP1/SORL1/TNFRSF14/NUS1/TIAM1/KIF2A/NINJ1/MCTP1/MTA2/GPR183/ST3GAL4/SRGAP2/TRIB1/RHOB/DNM1L/NEXN/CUL5/NIPBL/MAPRE2/RNF20/IQSEC1/AKIRIN1/JAK2/NFE2L2/SVBP/SRGAP2C/CCL3/ICAM1/CXCL8/PTGER4/VSIR/HIF1A/SPATA13/RIN2/WASL/PTPRC/CCL3L1/FOXO3/FUT7/DOCK8/ADAM10/ABI3/DOCK5/IL1B/GRN/SRGAP2B/ZEB2/CTSH/SMAD3/CLEC7A/SLC8B1/JUP/IFITM1/CCR1/GLUL/RIPOR2/KLF4/OXSR1/PHACTR1/CXCR4/PTGS2/CD69/STAT3/DUSP1",0.266350657088526
"GO:2000026","regulation of multicellular organismal development",454,-0.256171408002225,-1.27487134934725,0.0186019643367001,0.182329359350421,0.128371902365828,1565,"tags=28%, list=23%, signal=23%","RBPJ/DISC1/ASCL2/PLK2/RNF10/ZFYVE27/KAT5/VDR/HSPA9/ITGAX/PRKCA/NLRP3/STAT5A/PRELID1/DDB1/KLF2/MYSM1/BMPR2/CD4/DIP2B/JAK1/BRPF1/CTNNB1/P4HTM/PPP1CC/HIPK1/CD40/HOOK3/HMGB2/INO80/PAF1/PAK1/PSMB3/DICER1/SMARCD3/ALOX5/CNOT4/EMILIN2/SMARCD2/NF2/IL18/NCOA3/C1QC/SP100/RELA/RXRA/ZBTB1/SART1/RUFY3/MEF2C/C3AR1/PDPK1/CTR9/HLA-B/SORL1/PCID2/SRGN/CDC73/TIAM1/MEAF6/BCL6/GPR65/ZFP36L1/NINJ1/PNP/BTG1/SLC30A1/POGLUT1/BRD2/TRIB1/RHOB/CD2/LDLR/RUVBL2/PIM1/NIPBL/RC3H1/IRF4/DYNLT1/FCGR2B/TENT5A/NFE2L2/ZFP36L2/CCL3/CXCL8/PSMA4/DNTTIP1/VSIR/SKIL/HIF1A/PTPN2/PML/MALT1/FOXO3/OAS2/ADAM10/CLIC3/JAK3/IL1B/GRN/GOLGA4/CEBPB/IL4R/ZEB2/SMAD3/JUP/TNFRSF1A/PPP2R3C/INO80D/CCR1/EGR2/IRF1/GLUL/RGS2/KAT7/KLF4/TNFAIP3/JUNB/CXCR4/BHLHE40/ZFP36/CD69/STAT3/CLEC12A/NFKBIZ",0.352487857583619
"GO:0061136","regulation of proteasomal protein catabolic process",133,0.265116583538138,1.27462410026641,0.0452155273887508,0.293774031351671,0.206836306586328,1711,"tags=35%, list=25%, signal=27%","PSMB4/USP7/DESI1/HSP90AB1/PSMB5/AKT1/CSNK2A2/MTOR/UFL1/CSNK1E/RAD23B/BCAP31/PSMB1/PSMD7/PSMD3/FMR1/KAT2A/CBX4/PRKACA/PSMD14/PSMD8/PSMC2/EIF3H/AXIN1/PSMA7/ELOB/CEBPA/KEAP1/GSK3B/SIRT2/UCHL5/TMX1/MAPK9/PSME2/SEM1/UBXN2A/N4BP1/USP19/UBXN1/GABARAPL2/PSMA1/VCP/PSMC4/DAB2/PSMC5/OGT/PSME1",0.321775918075361
"GO:0040012","regulation of locomotion",375,-0.25866201818212,-1.27448570396782,0.0417149575472344,0.283743978398944,0.19977448734362,1201,"tags=23%, list=18%, signal=20%","CCR7/PAK1/MAPK1/RCC2/SINHCAF/HBEGF/ELP5/HDAC9/MAP2K5/IL27RA/NR4A3/EMILIN2/NF2/SP100/RUFY3/MEF2C/RICTOR/CD47/C3AR1/PDPK1/CD300A/ITGB1BP1/SORL1/TNFRSF14/NUS1/TIAM1/KIF2A/NINJ1/MCTP1/MTA2/GPR183/ST3GAL4/SRGAP2/TRIB1/RHOB/DNM1L/NEXN/CUL5/NIPBL/MAPRE2/RNF20/IQSEC1/AKIRIN1/JAK2/NFE2L2/SVBP/SRGAP2C/CCL3/ICAM1/CXCL8/PTGER4/VSIR/WAS/HIF1A/SPATA13/PTPN2/RIN2/WASL/PTPRC/CCL3L1/FOXO3/FUT7/DOCK8/ADAM10/ABI3/DOCK5/IL1B/GRN/SRGAP2B/ZEB2/CTSH/SMAD3/CLEC7A/SLC8B1/JUP/IFITM1/CCR1/GLUL/RIPOR2/MALAT1/KLF4/OXSR1/PHACTR1/CXCR4/PTGS2/CD69/STAT3/DUSP1",0.321775918075361
"GO:1903829","positive regulation of protein localization",222,0.241036855250251,1.26600481517595,0.0373104137007388,0.268894057515081,0.189319162975481,1587,"tags=31%, list=23%, signal=24%","VIM/TESK1/CD81/RAB11A/GNAS/SIGMAR1/PARP1/EZR/OSBP/GIT1/HSP90AB1/AKT1/CSNK2A2/EPB41L2/NPM1/PCM1/BAD/CCT6A/CEP250/PPP1R9B/PRKACB/BCAP31/PGRMC1/TM7SF3/ABCA7/NMT1/DMAP1/RAC1/LRP1/CCT5/PRKACA/TOMM7/CCT2/CTNND1/TMED10/NUMA1/CCT8/GPR137B/CCT7/YWHAE/ATG13/SH3GLB1/RIPOR1/TRIM28/GLUD1/ATP2B4/CAMK1/IPO7/CCT4/GSK3B/RANGRF/FLNA/PTPN9/EMD/RAN/OAZ2/VPS28/ANP32B/PPIA/CCT3/ARIH2/PSMD9/NPEPPS/PCNT/HUWE1/SQSTM1/SAR1A/CIB1",0.321775918075361
"GO:0051241","negative regulation of multicellular organismal process",389,-0.257924305394354,-1.26416369414474,0.0342789598108747,0.258937907994615,0.182309376626567,1569,"tags=29%, list=23%, signal=24%","ADCY7/RBPJ/ASCL2/CD200R1/PLK2/IP6K1/RNF10/KAT5/HSPA9/ACOT13/NLRP3/LST1/STAT5A/ANXA4/DDB1/KLF2/BMPR2/CUL3/DIP2B/FBXO11/PHF14/NR1H2/CTNNB1/MORC3/IRAK3/SAP30/HOOK3/CCR7/PAK1/XAF1/PSMB3/SINHCAF/DICER1/IFNGR1/CLEC4A/HDAC9/MAP2K5/NPLOC4/IL27RA/ALOX5/LNPEP/ATF4/C1QC/RELA/MNDA/RUFY3/MEF2C/CD300A/SORL1/TNFRSF14/SRGN/USF1/SAMSN1/IL15/PRKAR1A/TRIB1/MILR1/ILRUN/ARRDC3/PRKCD/LDLR/RELB/OAS1/RC3H1/DYNLT1/HAVCR2/FCGR2B/CD300LF/JAK2/KHSRP/RNF125/RHEB/CCL3/PSMA4/PTGER4/VSIR/GBP1/HIF1A/PTPN2/PML/PTPRC/LILRA4/OAS3/DOCK5/JAK3/CARD16/IL1B/GRN/PRNP/CEBPB/PDE4B/LAPTM5/SMAD3/RAB11FIP1/DHX58/TNFRSF1A/CCR1/BCL3/NFKBIA/IRF1/DDIT3/RIPOR2/MEFV/RGS2/KLF4/TNFAIP3/HLA-E/PLAUR/ZFP36/CD69/STAT3/CLEC12A",0.266350657088526
"GO:0033993","response to lipid",354,-0.260972926350563,-1.26347870113464,0.0436363636363636,0.290849513638721,0.20477725310393,1594,"tags=29%, list=23%, signal=24%","CCR5/HDAC5/CYBB/LY86/IRAK4/KAT5/VDR/CPT1A/TRIP4/PRKCA/CFLAR/NLRP3/PGRMC2/PCK2/CD4/UFM1/ARPC1B/CTNNB1/KMT2D/CD40/CNOT1/IRAK3/HMGB2/PAF1/CCR7/PAK1/NOD2/ALAD/TMF1/PPP5C/NR4A3/IL18/NCOA3/SP100/RELA/RXRA/MEF2C/DDX5/IL10RA/CTR9/IGFBP7/NASP/CDC73/TRIM5/ZFP36L1/NFKB2/GCH1/XPO1/CREB1/SRD5A1/CD68/TAF1/TRIB1/PRKCD/LDLR/CASP1/RUVBL2/CALM3/GPBAR1/PIM1/MT-ND3/HAVCR2/JAK2/PIM3/CHMP5/HADHB/ZFP36L2/CCL3/TXNIP/CXCL8/PTGER4/PELI1/KLF9/PTPRC/MALT1/FOXO3/CARD16/IL1B/CEBPB/BTG2/NR3C1/NR4A1/CTSH/PDE4B/SMAD3/TNFRSF1A/PER1/ACSL1/BCL10/IL1RN/KLF4/TNFAIP3/JUNB/JUN/GBP5/FOS/ZFP36/FOSB/STAT3/AREG/CD55/NFKBIZ/DUSP1",0.237793834423688
"GO:0003006","developmental process involved in reproduction",231,0.243681512103836,1.26140259645931,0.0298634846567528,0.238630560558284,0.168011663785951,1276,"tags=25%, list=19%, signal=21%","TPPP3/UTF1/BASP1/TESK1/CRIP1/TESC/PSMB4/DAZAP1/PARP1/PSMB5/CSNK2A2/RPL27/CSDE1/ZNF830/RPL23A/RPL36/CASP3/PPP1R9B/BCAP31/RPLP2/RPL12/RPLP0/SMARCC1/DHX36/PSMB1/CHN2/SEPTIN6/DDX6/EIF2B4/RAC1/HADH/PRKACA/SRPK1/CBL/KDM1B/REC8/UBA52/RPL21/IDH1/RPL31/SLC4A2/RPL24/CASP8/RPL5/RPL9/CTNNA1/RPL23/RPLP1/FAM50A/ATP2B4/CITED2/ADAM28/FLNA/SIRT2/RPL41/RPL7/RPL32/TRIM27",0.352487857583619
"GO:0000122","negative regulation of transcription by RNA polymerase II",389,-0.254858924846075,-1.24913935282899,0.0378250591016548,0.270105972233632,0.190172430921355,1458,"tags=27%, list=21%, signal=23%","ANXA4/CHD3/KLF2/TMBIM6/PHF21A/MIER2/PHF14/NSMCE3/NR1H2/SATB1/PHF6/MORC3/CNOT1/MBD1/GPS2/SAP30/HMGB2/SUFU/BACH1/PAF1/ELK3/ZNF431/SINHCAF/DICER1/HDAC9/MAP2K5/NR4A3/ATF4/COPS2/KDM2B/TAF3/NFX1/SP100/RELA/PRDM2/RXRA/ZBTB1/MEF2C/DDX5/CTR9/TBL1XR1/ETV3/CDC73/BCL6/MNT/ZBTB10/NFKB2/MTA2/HEXIM1/UBE2D1/XPO1/SP3/TAF1/ZMYM5/N4BP2L2/COQ7/TRIB1/ZNF131/CUL2/RANBP2/ZHX1/PPM1A/NIPBL/PSMD10/ZNF217/TBL1X/WWP2/ZNF148/ATF7/MEF2A/MZF1/KLF11/CNBP/NR1D2/SKIL/CREM/PLAGL1/IFI16/PTPRC/SUMO1/FOXO3/TFEC/PRNP/CIITA/CEBPB/UBE2D3/NR3C1/ZEB2/KLF10/SMAD3/MXD1/IFI27/PER1/NFKBIA/DDIT3/PARP9/MDM4/KLF4/BHLHE40/FNIP1/JUN/ZFP36/FOSB/STAT3/ATF3/NR4A2",0.252961123069611
"GO:0009628","response to abiotic stimulus",422,-0.245740435749737,-1.2214135078623,0.0456674473067916,0.293774031351671,0.206836306586328,835,"tags=18%, list=12%, signal=16%","DNAJA2/USF1/MLST8/GPR65/ZFP36L1/NINJ1/IKBIP/CREB1/TAF1/TMEM87A/RHOB/TMEM109/BCL2/MTHFR/PRKCD/RELB/CASP1/RUVBL2/NIPBL/DNAJC2/MT-ND3/NFE2L2/PPM1D/MAP3K4/TXNIP/BNIP3L/BAK1/PTGER4/POLB/AGTRAP/SMC1A/HIF1A/NAPA/MAP3K1/PML/IFI16/TUBA1A/PTPRC/SUMO1/DDX3X/FOXO3/TLR8/CTSS/BNIP2/IL1B/BTG2/ATP6V1A/DNAJC7/ZEB2/SMAD3/CAB39/SLU7/JUP/TNFRSF1A/PER1/EIF2B2/BCL3/BCL10/PMAIP1/NFKBIA/LTBR/IRF1/TLR5/MDM4/OXSR1/EGR1/CXCR4/PTGS2/BHLHE40/FOS/FOSB/STAT3/CDKN1A/DUSP1",0.227987202850442
"GO:0022613","ribonucleoprotein complex biogenesis",376,0.219426870189467,1.22027945098286,0.0268813032338146,0.22665823256364,0.159582354727358,1415,"tags=26%, list=21%, signal=22%","YBEY/TRMT112/HTATSF1/SF3B2/UTP23/TUFM/HSP90AB1/NPM1/RRP1B/RPL27/TBL3/MRM2/LSM8/MRTO4/GTF3A/FBL/SNRPG/TXNL4A/NOP56/RBFA/PRKDC/LSM7/C1QBP/GTPBP10/RRP36/LUC7L3/LSM2/RPLP0/RPS17/EIF6/GTPBP6/RIOK1/HEATR3/REXO1/RPP30/LSM5/SRSF9/GAPDH/MTG1/SNRPF/MCTS1/RPS23/XRCC5/UTP14A/TARBP2/DHX30/METTL17/PTGES3/BOP1/SF3B6/COIL/SCNM1/SRPK1/XAB2/SNRNP25/EIF3I/IMP3/RPS28/FRG1/EIF3H/RPS12/PNO1/DDX27/NDUFAB1/RPS8/RPS21/RPF1/RPL5/RPS27A/RPS19/TSR3/EXOSC2/RPS11/RPS4X/NOL8/DDX56/HEATR1/NOL7/EIF1AX/GEMIN6/RPS5/NOP2/RRS1/EIF3J/YJU2/RPL7/PIN4/RPS15A/MPV17L2/PDCD11/RAN/PDCD2/EIF3D/PRPF19/DDX55/SFSWAP/NOC4L/RPSA",0.352487857583619
"GO:0030029","actin filament-based process",304,0.226143328583527,1.21217744323442,0.0296036236868251,0.237535366632464,0.167240574981505,1055,"tags=20%, list=15%, signal=17%","TWF2/WASHC1/TESK1/PYCARD/PDXP/PARVB/CSRP1/MARCKSL1/S100A10/EZR/TAGLN2/ACTN1/PDLIM1/SNX9/MICAL1/GSN/EPB41L2/RHOQ/SH3BP1/MYL6/RGCC/SUN2/NAA20/MTOR/ARPIN/CORO1B/SERPINF2/DSTN/MYL6B/PPP1R9B/SRI/ARRB1/BIN1/CAMK2D/ARHGAP17/SORBS3/LIMA1/PACSIN2/MSRB1/NCK2/RAC1/LRP1/CCDC88C/CAPG/SVIL/ACAP1/ADRB2/TRIOBP/NUAK2/SHTN1/TAOK1/FHOD1/TMSB10/SLC4A2/PPFIA1/TGFBR1/MSRB2/RHOF/EFHD2/ANXA1",0.352487857583619
"GO:0006412","translation",469,0.215872151698652,1.21179936039814,0.0179326305917998,0.179763687151945,0.126565499808725,1391,"tags=28%, list=20%, signal=24%","MRPL34/MRPL41/PURA/EIF2AK4/APEH/TRAP1/PKM/MTIF3/MRPL17/RPS10/TUFM/ZNF706/EIF4EBP1/AKT1/NPM1/MRPL12/RPL27/HSPB1/MTOR/UFL1/CSDE1/MRPL36/SERBP1/UPF1/MRPS30/MRPS25/RPL23A/RPL36/PRKDC/MRPL40/C1QBP/RPLP2/RPL12/FARS2/RPLP0/MRPL23/RPS17/PPP1CA/EEF1B2/EIF6/DHX36/TPRKB/DAP/MRPS21/RPS2/FMR1/GAPDH/MRPS7/DDX6/MTG1/MCTS1/NCK2/RPS23/HTATIP2/TARBP2/EIF2B4/MRPL52/METTL17/RPS6KB1/DHPS/GIGYF2/TIA1/MRPS6/TACO1/UFD1/MRPL16/SHMT2/EIF3I/UBA52/RPL21/GSPT1/RPS28/EIF3H/RPS12/UQCC2/RPL31/RPS4Y1/NCL/QRSL1/RPS8/DALRD3/RPL24/YBX3/RPS21/EIF4E2/YBX1/RPL5/RPS27A/RPL9/RPL23/RPLP1/RPS19/CASC3/RPS11/RPS4X/MRPS33/RPL36A/EIF1AX/ALKBH3/EIF5A/RPS5/NCK1/MRPS11/SLBP/TRUB2/METAP2/EIF3J/EIF1B/LARP1/TSFM/RPL41/MRPS12/RPL7/RPL32/MRPL3/HNRNPD/ELP3/RPS15A/SARNP/MRPL57/SH3BGRL/MPV17L2/AIMP2/RNF14/MRPL47/EIF3D/CNOT6L/PRMT1/RPL17",0.352487857583619
"GO:0160307","protein biosynthetic process",469,0.215872151698652,1.21179936039814,0.0179326305917998,0.179763687151945,0.126565499808725,1391,"tags=28%, list=20%, signal=24%","MRPL34/MRPL41/PURA/EIF2AK4/APEH/TRAP1/PKM/MTIF3/MRPL17/RPS10/TUFM/ZNF706/EIF4EBP1/AKT1/NPM1/MRPL12/RPL27/HSPB1/MTOR/UFL1/CSDE1/MRPL36/SERBP1/UPF1/MRPS30/MRPS25/RPL23A/RPL36/PRKDC/MRPL40/C1QBP/RPLP2/RPL12/FARS2/RPLP0/MRPL23/RPS17/PPP1CA/EEF1B2/EIF6/DHX36/TPRKB/DAP/MRPS21/RPS2/FMR1/GAPDH/MRPS7/DDX6/MTG1/MCTS1/NCK2/RPS23/HTATIP2/TARBP2/EIF2B4/MRPL52/METTL17/RPS6KB1/DHPS/GIGYF2/TIA1/MRPS6/TACO1/UFD1/MRPL16/SHMT2/EIF3I/UBA52/RPL21/GSPT1/RPS28/EIF3H/RPS12/UQCC2/RPL31/RPS4Y1/NCL/QRSL1/RPS8/DALRD3/RPL24/YBX3/RPS21/EIF4E2/YBX1/RPL5/RPS27A/RPL9/RPL23/RPLP1/RPS19/CASC3/RPS11/RPS4X/MRPS33/RPL36A/EIF1AX/ALKBH3/EIF5A/RPS5/NCK1/MRPS11/SLBP/TRUB2/METAP2/EIF3J/EIF1B/LARP1/TSFM/RPL41/MRPS12/RPL7/RPL32/MRPL3/HNRNPD/ELP3/RPS15A/SARNP/MRPL57/SH3BGRL/MPV17L2/AIMP2/RNF14/MRPL47/EIF3D/CNOT6L/PRMT1/RPL17",0.352487857583619
