"ID","Description","setSize","enrichmentScore","NES","pvalue","p.adjust","qvalue","rank","leading_edge","core_enrichment","log2err"
"GO:0034242","negative regulation of syncytium formation by plasma membrane fusion",45,0.801217818656647,3.01877656405306,1e-10,2.36125e-08,2.14530696650009e-08,1033,"tags=80%, list=12%, signal=71%","RPL11/RPL30/RPL5/RPL32/RPL18/RPL10/RPL9/RPL7/RPL6/RPL4/RPL18A/RPL36A/RPL34/RPL29/RPL24/RPL17/RPL19/RPL12/RPL21/RPL10A/RPL7A/RPLP2/RPL35A/RPL28/RPL39/RPL31/RPL36/RPLP0/RPL23/RPL8/RPL35/RPL13/RPL15/UBA52/RPL14/RPL41",NA
"GO:1901740","negative regulation of myoblast fusion",45,0.801217818656647,3.01877656405306,1e-10,2.36125e-08,2.14530696650009e-08,1033,"tags=80%, list=12%, signal=71%","RPL11/RPL30/RPL5/RPL32/RPL18/RPL10/RPL9/RPL7/RPL6/RPL4/RPL18A/RPL36A/RPL34/RPL29/RPL24/RPL17/RPL19/RPL12/RPL21/RPL10A/RPL7A/RPLP2/RPL35A/RPL28/RPL39/RPL31/RPL36/RPLP0/RPL23/RPL8/RPL35/RPL13/RPL15/UBA52/RPL14/RPL41",NA
"GO:1901739","regulation of myoblast fusion",51,0.768444985799958,2.99647333072854,1e-10,2.36125e-08,2.14530696650009e-08,1033,"tags=73%, list=12%, signal=64%","RPL11/RPL30/RPL5/RPL32/RPL18/RPL10/RPL9/RPL7/RPL6/RPL4/RPL18A/RPL36A/RPL34/RPL29/RPL24/RPL17/RPL19/RPL12/RPL21/RPL10A/RPL7A/RPLP2/RPL35A/RPL28/RPL39/RPL31/RPL36/RPLP0/RPL23/RPL8/RPL35/RPL13/PLEKHO1/RPL15/UBA52/RPL14/RPL41",NA
"GO:0000768","syncytium formation by plasma membrane fusion",56,0.742659215178079,2.99064602124404,1e-10,2.36125e-08,2.14530696650009e-08,1033,"tags=68%, list=12%, signal=60%","RPL11/RPL30/RPL5/RPL32/RPL18/RPL10/RPL9/RPL7/RPL6/RPL4/RPL18A/RPL36A/RPL34/RPL29/RPL24/RPL17/RPL19/RPL12/CD81/RPL21/RPL10A/RPL7A/RPLP2/RPL35A/RPL28/RPL39/RPL31/RPL36/RPLP0/RPL23/RPL8/RPL35/RPL13/PLEKHO1/RPL15/UBA52/RPL14/RPL41",NA
"GO:0006949","syncytium formation",56,0.742659215178079,2.99064602124404,1e-10,2.36125e-08,2.14530696650009e-08,1033,"tags=68%, list=12%, signal=60%","RPL11/RPL30/RPL5/RPL32/RPL18/RPL10/RPL9/RPL7/RPL6/RPL4/RPL18A/RPL36A/RPL34/RPL29/RPL24/RPL17/RPL19/RPL12/CD81/RPL21/RPL10A/RPL7A/RPLP2/RPL35A/RPL28/RPL39/RPL31/RPL36/RPLP0/RPL23/RPL8/RPL35/RPL13/PLEKHO1/RPL15/UBA52/RPL14/RPL41",NA
"GO:0140253","cell-cell fusion",56,0.742659215178079,2.99064602124404,1e-10,2.36125e-08,2.14530696650009e-08,1033,"tags=68%, list=12%, signal=60%","RPL11/RPL30/RPL5/RPL32/RPL18/RPL10/RPL9/RPL7/RPL6/RPL4/RPL18A/RPL36A/RPL34/RPL29/RPL24/RPL17/RPL19/RPL12/CD81/RPL21/RPL10A/RPL7A/RPLP2/RPL35A/RPL28/RPL39/RPL31/RPL36/RPLP0/RPL23/RPL8/RPL35/RPL13/PLEKHO1/RPL15/UBA52/RPL14/RPL41",NA
"GO:0007520","myoblast fusion",54,0.754717590969637,2.96295586738433,1e-10,2.36125e-08,2.14530696650009e-08,1033,"tags=70%, list=12%, signal=62%","RPL11/RPL30/RPL5/RPL32/RPL18/RPL10/RPL9/RPL7/RPL6/RPL4/RPL18A/RPL36A/RPL34/RPL29/RPL24/RPL17/RPL19/RPL12/CD81/RPL21/RPL10A/RPL7A/RPLP2/RPL35A/RPL28/RPL39/RPL31/RPL36/RPLP0/RPL23/RPL8/RPL35/RPL13/PLEKHO1/RPL15/UBA52/RPL14/RPL41",NA
"GO:0060142","regulation of syncytium formation by plasma membrane fusion",52,0.759035793646219,2.9549945867341,1e-10,2.36125e-08,2.14530696650009e-08,1033,"tags=71%, list=12%, signal=63%","RPL11/RPL30/RPL5/RPL32/RPL18/RPL10/RPL9/RPL7/RPL6/RPL4/RPL18A/RPL36A/RPL34/RPL29/RPL24/RPL17/RPL19/RPL12/RPL21/RPL10A/RPL7A/RPLP2/RPL35A/RPL28/RPL39/RPL31/RPL36/RPLP0/RPL23/RPL8/RPL35/RPL13/PLEKHO1/RPL15/UBA52/RPL14/RPL41",NA
"GO:0014902","myotube differentiation",68,0.68427253294531,2.85089459727196,1e-10,2.36125e-08,2.14530696650009e-08,1033,"tags=57%, list=12%, signal=51%","RPL11/RPL30/RPL5/RPL32/RPL18/RPL10/RPL9/RPL7/RPL6/RPL4/RPL18A/NACA/RPL36A/RPL34/RPL29/RPL24/RPL17/RPL19/RPL12/CD81/RPL21/RPL10A/RPL7A/RPLP2/RPL35A/RPL28/RPL39/RPL31/RPL36/RPLP0/RPL23/RPL8/RPL35/RPL13/PLEKHO1/RPL15/UBA52/RPL14/RPL41",NA
"GO:0002181","cytoplasmic translation",185,0.567336650930863,2.78676963376342,1e-10,2.36125e-08,2.14530696650009e-08,1090,"tags=41%, list=13%, signal=37%","RPL11/RPS15A/RPL30/RPL5/RPS13/RPL32/RPS23/RPS7/PABPC1/RPL18/RPL10/RPS27A/RPL9/RPL7/RPL6/RPS8/RPL22/RPS28/RPS24/RPS10/RPL4/RPL18A/EEF1D/RPL36A/RPL34/FAU/RPS15/RPL29/RPL24/RPL17/RPL19/RPL12/RPS2/RPL21/RPL10A/RPL7A/RPS21/EEF2/DENR/RPLP2/RPSA/RACK1/RPS14/RPL35A/RPL26/RPL28/RPL39/RPL31/RPL36/RPLP0/RPL23/DDRGK1/ZNF598/RPS3/TCF25/RPS12/RPS25/RPS5/RPL8/YBX1/RNF25/RPS4X/RPL35/FTSJ1/RPS6/RPL13/RPL15/RPS3A/DHX29/SAYSD1/UBA52/RPS9/RPL14/RPL41/EIF2B3/FMR1",NA
"GO:0006941","striated muscle contraction",82,0.643087253164615,2.74876320011779,1e-10,2.36125e-08,2.14530696650009e-08,1221,"tags=61%, list=15%, signal=53%","RPL11/RPL30/RPL5/RPL32/RPL18/RPL10/RPL9/RPL7/RPL6/RPL4/RPL18A/RPL36A/RPL34/AKAP9/RPL29/RPL24/RPL17/RPL19/GRK2/RPL12/GNAS/RPL21/RPL10A/RPL7A/EEF2/RPLP2/PRKACA/RPL35A/RPL28/RPL39/RPL31/RPL36/RPLP0/RPL23/BIN1/RANGRF/RPL8/RPL35/RPL13/RPL15/GSTM2/KCNQ1/UBA52/RPL14/RPL41/CHRNB1/C12orf57/GSTO1/RPL38/CALM3",NA
"GO:0051146","striated muscle cell differentiation",97,0.610616744023995,2.69657363650543,1e-10,2.36125e-08,2.14530696650009e-08,1200,"tags=52%, list=14%, signal=45%","RPL11/RPL30/RPL5/RPL32/RPL18/RPL10/RPL9/RPL7/RPL6/RPL4/RPL18A/NACA/RPL36A/RPL34/RPL29/RPL24/RPL17/RPL19/RPL12/YY1/CD81/OBSCN/RPL21/RPL10A/RPL7A/RPLP2/RPL35A/RPL28/RPL39/RPL31/RPL36/RPLP0/RPL23/MTLN/FLII/KDM6B/RPL8/RPL35/RPL13/PLEKHO1/CSRP1/RPL15/CASP7/UBA52/RPL14/RPL41/WDR1/TOMM70/NOTCH1/RPL38",NA
"GO:0042692","muscle cell differentiation",134,0.554299315074532,2.5635511957469,1e-10,2.36125e-08,2.14530696650009e-08,1200,"tags=44%, list=14%, signal=38%","RPL11/RPL30/RPL5/RPL32/RPL18/RPL10/RPL9/RPL7/RPL6/OLFM2/RPL4/RPL18A/NACA/RPL36A/RPL34/RPL29/RPL24/RPL17/RPL19/RPL12/YY1/SRF/CD81/TMEM204/OBSCN/RPL21/RPL10A/RPL7A/RPLP2/ACTN1/RPL35A/RPL28/RPL39/RPL31/RPL36/RPLP0/RPL23/BIN1/MTLN/FLII/CDK9/KDM6B/RPL8/RPL35/KDM1A/RPL13/PLEKHO1/CSRP1/RPL15/CASP7/UBA52/QKI/RPL14/RPL41/CHRNB1/WDR1/TOMM70/NOTCH1/RPL38",NA
"GO:0006936","muscle contraction",112,0.553641586928481,2.51033578111937,1e-10,2.36125e-08,2.14530696650009e-08,1221,"tags=48%, list=15%, signal=42%","RPL11/RPL30/RPL5/RPL32/RPL18/RPL10/RPL9/RPL7/RPL6/RPL4/RPL18A/RPL36A/RPL34/AKAP9/RPL29/PABPN1/RPL24/RPL17/RPL19/GRK2/RPL12/GNAS/SRF/RPL21/RPL10A/RPL7A/EEF2/RPLP2/APBB1/PRKACA/RPL35A/RPL28/RPL39/RPL31/RPL36/RPLP0/RPL23/BIN1/RANGRF/RPL8/MAP2K1/RPL35/RPL13/RPL15/GSTM2/KCNQ1/UBA52/RPL14/RPL41/CHRNB1/C12orf57/GSTO1/RPL38/CALM3",NA
"GO:0003012","muscle system process",146,0.498938537138071,2.37053170283385,1e-10,2.36125e-08,2.14530696650009e-08,1221,"tags=41%, list=15%, signal=36%","RPL11/RPL30/RPL5/RPL32/RPL18/RPL10/RPL9/RPL7/RPL6/FOXO1/RPL4/RPL18A/RPL36A/RPL34/AKAP9/RPL29/PABPN1/RPL24/RPL17/RPL19/GRK2/RPL12/YY1/GNAS/SRF/RPL21/RPL10A/RPL7A/EEF2/RPLP2/APBB1/PRKACA/RPL35A/RPL28/RPL39/RPL31/RPL36/RPLP0/RPL23/BIN1/RANGRF/RPL8/MAP2K1/RPL35/RPL13/RPL15/GSTM2/KCNQ1/TNFRSF1A/UBA52/RPL14/RPL41/CHRNB1/TOMM70/ARRB1/C12orf57/GSTO1/NOTCH1/RPL38/CALM3",NA
"GO:0061061","muscle structure development",223,0.450907690456378,2.28580763569235,1e-10,2.36125e-08,2.14530696650009e-08,1200,"tags=34%, list=14%, signal=30%","RPL11/RPL30/RPL5/RPL32/RPL18/RPL10/RPL9/RPL7/RPL6/OLFM2/ZFP36L1/RPL4/RPL18A/NACA/RPL36A/RPL34/RPL29/RPL24/RPL17/RPL19/RPL12/YY1/SRF/SMARCB1/CD81/TMEM204/OBSCN/RPL21/RPL10A/RPL7A/EEF2/ZNF609/RPLP2/ACTN1/PDLIM2/RPL35A/RPL28/RPL39/RPL31/RPL36/RPLP0/RPL23/BIN1/NOG/ID3/MTLN/FLII/CDK9/LRRC8A/KDM6B/CTNNB1/RPL8/RPL35/KDM1A/ZFPM1/ZBTB18/RPL13/PLEKHO1/PPARD/CSRP1/RPL15/TGFBR1/CASP7/SOX4/SMARCA4/UBA52/QKI/RPL14/RPL41/CHRNB1/WDR1/TOMM70/NOTCH1/REST/MEF2D/RPL38",NA
"GO:0070269","pyroptotic inflammatory response",26,-0.682412243669122,-2.22099550560032,6.53656604660032e-06,0.000726327838942824,0.000659903090671039,1053,"tags=42%, list=13%, signal=37%","CASP4/GBP1/GZMB/TRAF1/CASP1/GBP5/ZBP1/CASP8/ZDHHC5/IFI27/GZMA",0.610526878385931
"GO:0034341","response to type II interferon",63,-0.53682817966684,-2.18746125642022,2.90696119655922e-06,0.000392232121450026,0.000356361377504224,1926,"tags=48%, list=23%, signal=37%","PSMA1/NR1H2/JAK1/NUB1/CDC37/PDE12/PSMB3/CD74/PSMB9/SP100/RAF1/PSMA2/TP53/IL12RB1/GBP1/PSMB2/SEC61A1/PSMA3/CALM1/NLRC5/CASP1/JAK2/HLA-DPA1/GBP5/PSMA6/CCL5/GBP4/GCH1/CD47/PIM1",0.627256739718528
"GO:0071346","cellular response to type II interferon",38,-0.602932952674961,-2.17647587214455,9.84489781790043e-06,0.00106268639874365,0.000965500702775922,1919,"tags=50%, list=23%, signal=39%","NR1H2/JAK1/CDC37/PDE12/SP100/RAF1/TP53/IL12RB1/GBP1/CALM1/NLRC5/CASP1/JAK2/HLA-DPA1/GBP5/CCL5/GBP4/CD47/PIM1",0.593325476396405
"GO:0000028","ribosomal small subunit assembly",18,0.663174701922748,2.04221588375131,0.000460540108065515,0.0328286892126701,0.0298264121414537,746,"tags=39%, list=9%, signal=36%","RPS28/FAU/RPS15/RPSA/RPS14/XRCC5/RPS6",0.49849310876659
"GO:0042274","ribosomal small subunit biogenesis",101,0.459711261713548,2.03472440802227,2.26250791409376e-06,0.000316583514794305,0.000287631051251374,1207,"tags=33%, list=14%, signal=28%","RPS15A/RPS13/RPS23/RPS7/RPS27A/RPS8/RPS28/RPS24/FAU/RPS15/WDR46/RPS21/RPSA/RPS14/IMP3/DNTTIP2/RPS12/RPS19BP1/RPS25/RPS5/XRCC5/RPS4X/RPS6/MPHOSPH10/RPS3A/EXOSC10/NOC4L/UTP4/RPS9/DCAF13/TBL3/FBL/DDX52",0.627256739718528
"GO:0050729","positive regulation of inflammatory response",67,-0.494899645356025,-2.00689533348282,2.36981452877296e-05,0.00218369738773274,0.00198399204600576,747,"tags=27%, list=9%, signal=25%","TRAF1/STAT3/CASP1/NFKBIA/TNIP1/PDCD4/GBP5/ZBP1/CCL5/NKG7/ZDHHC5/TRADD/GZMK/LGALS1/OSM/NFKBIZ/CD47/NEAT1",0.575610261071129
"GO:0042255","ribosome assembly",59,0.495145139242795,2.0045996293098,3.17876158127653e-05,0.0028593717271578,0.00259787404386871,920,"tags=25%, list=11%, signal=23%","RPL11/RPL5/RPS28/FAU/RPS15/NOP53/TUFM/RPSA/RPS14/EIF6/ZNF574/XRCC5/MTERF3/RPS6/DHX29",0.557332238758646
"GO:0140507","granzyme-mediated programmed cell death signaling pathway",10,-0.795170925843654,-1.98250726070508,0.000247025985810337,0.0194430036331552,0.0176648856088489,917,"tags=60%, list=11%, signal=53%","GZMB/SRGN/PRF1/NKG7/GZMK/GZMA",0.49849310876659
"GO:0060544","regulation of necroptotic process",22,-0.616258915004932,-1.97398371921477,0.000454126095673255,0.0328286892126701,0.0298264121414537,2248,"tags=64%, list=27%, signal=47%","LTA/FADD/CASP2/ARHGEF2/BIRC2/YBX3/SLC25A4/LTB/ITCH/PELI1/ZBP1/BIRC3/CFLAR/CASP8",0.49849310876659
"GO:0048609","multicellular organismal reproductive process",258,0.384687264931887,1.9556952285569,1.0059875170599e-08,2.11145602191794e-06,1.91835735872064e-06,1663,"tags=34%, list=20%, signal=29%","RPL11/MBD2/RPL30/RPL5/RPL32/RPL18/RPL9/RPL7/RPL6/RPL4/RPL18A/RPL34/RPL29/RPL24/RPL17/RPL19/RPL12/NCOA1/YY1/ODF2/RPL21/RPL10A/RPL7A/PTEN/MKRN2/CSNK2A2/ZNF830/RPLP2/PRKACA/RPL35A/RPL28/PSMB4/RPL31/RPL36/RPLP0/RPL23/AGFG1/DAZAP1/DEAF1/WASHC5/PPP1R9B/LRRC8A/SEC23IP/KHDRBS1/RSBN1/SPIN1/APP/PAFAH1B2/RPL8/SKA2/RPL35/MEA1/RPL13/PPARD/RPL15/TGFBR1/PSMB5/NCOR2/HADH/XRN2/UBA52/RPL14/GPX4/RPL41/DCAF13/VPS13B/ADCY7/NOTCH1/RPL38/CCNY/CRTAP/GTSF1/DCAF17/RNF2/RPL27/PAFAH1B3/NDRG3/BSG/TRIM27/PCNA/SBF1/KDM2B/RPLP1/BTG1/FXR1/APOL2/ORC4/HOOK1/RPL37",0.747739663149885
"GO:0001539","cilium or flagellum-dependent cell motility",41,-0.521922458523993,-1.94442103310524,0.000344273106908681,0.0260132759580199,0.0236342878281543,1585,"tags=46%, list=19%, signal=38%","PSMB3/PSME3/MKKS/RFX3/NME7/PSMA2/PSMB7/ATP2B4/PSME4/PSMB2/YIF1B/PSMA3/SLC9B2/TUBB4B/BBS1/KIF9/PSMA6/TUBA1A/CEP78",0.49849310876659
"GO:0060285","cilium-dependent cell motility",41,-0.521922458523993,-1.94442103310524,0.000344273106908681,0.0260132759580199,0.0236342878281543,1585,"tags=46%, list=19%, signal=38%","PSMB3/PSME3/MKKS/RFX3/NME7/PSMA2/PSMB7/ATP2B4/PSME4/PSMB2/YIF1B/PSMA3/SLC9B2/TUBB4B/BBS1/KIF9/PSMA6/TUBA1A/CEP78",0.49849310876659
"GO:0062098","regulation of programmed necrotic cell death",25,-0.58852485906361,-1.93733797549029,0.00090215747602648,0.054100808641715,0.0491531357003109,2248,"tags=60%, list=27%, signal=44%","LTA/FADD/CASP2/ARHGEF2/BIRC2/YBX3/SLC25A4/TP53/LTB/ITCH/PELI1/ZBP1/BIRC3/CFLAR/CASP8",0.477270815362862
"GO:0048232","male gamete generation",201,0.388222594688851,1.93185169943622,7.32553118887389e-07,0.000131789794436027,0.000119737242611846,1541,"tags=33%, list=18%, signal=27%","RPL11/RPL30/RPL5/RPL32/RPL18/RPL9/RPL7/RPL6/RPL4/RPL18A/RPL34/RPL29/RPL24/RPL17/RPL19/RPL12/YY1/ODF2/RPL21/RPL10A/RPL7A/MKRN2/CSNK2A2/RPLP2/PRKACA/RPL35A/RPL28/PSMB4/RPL31/RPL36/RPLP0/RPL23/AGFG1/DAZAP1/LRRC8A/SEC23IP/KHDRBS1/RSBN1/PAFAH1B2/RPL8/RPL35/MEA1/RPL13/RPL15/PSMB5/HADH/XRN2/UBA52/RPL14/GPX4/RPL41/VPS13B/NOTCH1/RPL38/CCNY/CRTAP/GTSF1/DCAF17/RPL27/PAFAH1B3/NDRG3/TRIM27/SBF1/KDM2B/RPLP1/BTG1",0.659444398037935
"GO:0007283","spermatogenesis",200,0.393120742242893,1.92619864081044,2.14406256805552e-07,4.26329914848091e-05,3.87340830640974e-05,1541,"tags=33%, list=18%, signal=28%","RPL11/RPL30/RPL5/RPL32/RPL18/RPL9/RPL7/RPL6/RPL4/RPL18A/RPL34/RPL29/RPL24/RPL17/RPL19/RPL12/YY1/ODF2/RPL21/RPL10A/RPL7A/MKRN2/CSNK2A2/RPLP2/PRKACA/RPL35A/RPL28/PSMB4/RPL31/RPL36/RPLP0/RPL23/AGFG1/DAZAP1/LRRC8A/SEC23IP/KHDRBS1/RSBN1/PAFAH1B2/RPL8/RPL35/MEA1/RPL13/RPL15/PSMB5/HADH/XRN2/UBA52/RPL14/GPX4/RPL41/VPS13B/NOTCH1/RPL38/CCNY/CRTAP/GTSF1/DCAF17/RPL27/PAFAH1B3/NDRG3/TRIM27/SBF1/KDM2B/RPLP1/BTG1",0.690132458796796
"GO:0060294","cilium movement involved in cell motility",39,-0.522120082300572,-1.92053854809581,0.000352229374122164,0.0260925995183046,0.0237063570230664,1585,"tags=46%, list=19%, signal=38%","PSMB3/PSME3/MKKS/NME7/PSMA2/PSMB7/ATP2B4/PSME4/PSMB2/YIF1B/PSMA3/SLC9B2/TUBB4B/BBS1/KIF9/PSMA6/TUBA1A/CEP78",0.49849310876659
"GO:0051093","negative regulation of developmental process",318,0.365542035270069,1.90954591665036,4.68661514175088e-09,1.04153129444323e-06,9.46280292979102e-07,1173,"tags=26%, list=14%, signal=24%","RPL11/RPL30/RPL5/RPL32/RPL18/RPL10/RPL9/RPL7/RPL6/ZFP36L1/ZNF706/FOXO1/RPL4/DYNLT1/RPL18A/LBH/RPL36A/RPL34/RPL29/RFLNB/RPL24/RPL17/RPL19/RPL12/NPHP3/YY1/GNAS/PTK2B/TRIB2/RPL21/RPL10A/RPL7A/RC3H1/PTEN/RPLP2/FYN/RPL35A/RPL28/PSMB4/LAPTM5/RPL39/RPL31/RPL36/RPLP0/RPL23/PGK1/NOG/ID3/PIN1/LEO1/MYC/NR1D1/FBXO11/PHF14/CTNNB1/RPL8/DTNBP1/LDB1/PCM1/TPT1/RPL35/APPBP2/ZFPM1/RPL13/PPARD/RPL15/TGFBR1/CARM1/HGS/PRMT5/SOX4/SMARCA4/UBA52/QKI/RPL14/ABCG1/VGLL4/RPL41/BICRAL/TOMM70/KLF13/KLF7/NOTCH1/REST",0.761460801445585
"GO:0050727","regulation of inflammatory response",156,-0.406143977033966,-1.90651411486374,1.90265747803132e-06,0.000287038660891027,0.000260788158333245,1053,"tags=29%, list=13%, signal=26%","CASP4/HLA-DRB1/CST7/GBP1/SLC39A8/RB1/CALHM2/IL10RA/TNFRSF1B/TMSB4X/TRAF1/STAT3/ARNT/CASP1/SYT11/PRKAR1A/SELENOS/JAK2/NFKB1/PRKAR2A/NFKBIA/TNIP1/IL18R1/RHBDF2/PDCD4/GBP5/PSMA6/ZBP1/RBX1/BIRC3/CCL5/RORA/AHR/NKG7/ZDHHC5/TRADD/GZMK/LGALS1/OSM/CD69/NFKBIZ/CD47/NEAT1/FUT7/TNFAIP3",0.643551836150722
"GO:0089718","amino acid import across plasma membrane",13,-0.699699021619534,-1.89192100253282,0.00196033752632388,0.0881685139815668,0.0801052524174126,1311,"tags=69%, list=16%, signal=58%","SLC3A2/SLC7A5/ARL6IP5/ARL6IP1/SLC38A1/SLC38A2/ITGB1/SLC36A4/SLC7A1",0.431707695803346
"GO:1990868","response to chemokine",27,-0.564761150979277,-1.88805890945509,0.00237939292355949,0.098784027090195,0.0897499466365394,1089,"tags=41%, list=13%, signal=36%","WBP1L/OXSR1/GPR25/RHOA/CXCR3/JAK2/ZC3H12A/CCL5/CXCR4/RIPOR2/DUSP1",0.431707695803346
"GO:1990869","cellular response to chemokine",27,-0.564761150979277,-1.88805890945509,0.00237939292355949,0.098784027090195,0.0897499466365394,1089,"tags=41%, list=13%, signal=36%","WBP1L/OXSR1/GPR25/RHOA/CXCR3/JAK2/ZC3H12A/CCL5/CXCR4/RIPOR2/DUSP1",0.431707695803346
"GO:0032729","positive regulation of type II interferon production",40,-0.511994379351502,-1.86988413554731,0.000629434389419488,0.0410000538487384,0.037250482222796,2045,"tags=57%, list=24%, signal=44%","FADD/IL23A/PSMA1/ISG15/PSMB3/PSMB9/SLAMF6/SLAMF1/SLC7A5/PSMA2/IL12RB1/BTN3A1/PSMB2/PSMA3/ARID5A/CEBPG/HLA-A/HLA-DPB1/HLA-DPA1/IL18R1/BTN3A2/PSMA6/PDE4B",0.477270815362862
"GO:0030317","flagellated sperm motility",36,-0.515548529647099,-1.8642184931634,0.00254472883181617,0.102121091888485,0.0927818273604925,1585,"tags=44%, list=19%, signal=36%","PSMB3/PSME3/NME7/PSMA2/PSMB7/ATP2B4/PSME4/PSMB2/YIF1B/PSMA3/SLC9B2/TUBB4B/KIF9/PSMA6/TUBA1A/CEP78",0.431707695803346
"GO:0097722","sperm motility",36,-0.515548529647099,-1.8642184931634,0.00254472883181617,0.102121091888485,0.0927818273604925,1585,"tags=44%, list=19%, signal=36%","PSMB3/PSME3/NME7/PSMA2/PSMB7/ATP2B4/PSME4/PSMB2/YIF1B/PSMA3/SLC9B2/TUBB4B/KIF9/PSMA6/TUBA1A/CEP78",0.431707695803346
"GO:2000059","negative regulation of ubiquitin-dependent protein catabolic process",46,0.477265238947863,1.85436975174897,0.00166955471218001,0.0798427557293174,0.0725409084555508,907,"tags=30%, list=11%, signal=27%","RPL11/RPL5/RPS7/USP7/NOP53/CSNK2A2/RPL23/DDRGK1/GIPC1/USP38/PARK7/CBX4/CAMLG/PHF20L1",0.45505986738723
"GO:0007276","gamete generation",240,0.368605679774275,1.85367284163042,4.5426177836836e-07,8.58100499337833e-05,7.79624766198689e-05,1541,"tags=31%, list=18%, signal=26%","RPL11/RPL30/RPL5/RPL32/RPL18/RPL9/RPL7/RPL6/RPL4/RPL18A/RPL34/RPL29/RPL24/RPL17/RPL19/RPL12/YY1/ODF2/RPL21/RPL10A/RPL7A/PTEN/MKRN2/CSNK2A2/ZNF830/RPLP2/PRKACA/RPL35A/RPL28/PSMB4/RPL31/RPL36/RPLP0/RPL23/AGFG1/DAZAP1/DEAF1/WASHC5/LRRC8A/SEC23IP/KHDRBS1/RSBN1/SPIN1/PAFAH1B2/RPL8/SKA2/RPL35/MEA1/RPL13/RPL15/TGFBR1/PSMB5/HADH/XRN2/UBA52/RPL14/GPX4/RPL41/DCAF13/VPS13B/NOTCH1/RPL38/CCNY/CRTAP/GTSF1/DCAF17/RNF2/RPL27/PAFAH1B3/NDRG3/TRIM27/SBF1/KDM2B/RPLP1/BTG1",0.674962860011025
"GO:2000629","negative regulation of miRNA metabolic process",16,0.632290398557808,1.85248877036585,0.00229777014807051,0.0975390519034876,0.0886188279743209,1745,"tags=56%, list=21%, signal=45%","YY1/SRF/APP/PPARD/NCOR2/QKI/REST/ZNF512B/TGFB1",0.431707695803346
"GO:0070266","necroptotic process",27,-0.553633528485783,-1.85085803833734,0.00351642306735663,0.123959570175588,0.112623114647769,2045,"tags=56%, list=24%, signal=42%","FADD/PGAM5/CASP2/ARHGEF2/BIRC2/YBX3/SLC25A4/FAS/LTB/ITCH/PELI1/ZBP1/BIRC3/CFLAR/CASP8",0.431707695803346
"GO:0035872","nucleotide-binding domain, leucine rich repeat containing receptor signaling pathway",18,-0.617143749191223,-1.8455155995778,0.00160405637574625,0.0776939100970429,0.0705885808727655,762,"tags=33%, list=9%, signal=30%","MAP2K6/ITCH/NAGK/BIRC3/SLC15A4/TNFAIP3",0.45505986738723
"GO:0098840","protein transport along microtubule",11,0.69933094601872,1.83030085847903,0.00364200960547651,0.123959570175588,0.112623114647769,649,"tags=45%, list=8%, signal=42%","HSPB1/AKTIP/KIF5B/MAPK8IP3/DTNBP1",0.431707695803346
"GO:0099118","microtubule-based protein transport",11,0.69933094601872,1.83030085847903,0.00364200960547651,0.123959570175588,0.112623114647769,649,"tags=45%, list=8%, signal=42%","HSPB1/AKTIP/KIF5B/MAPK8IP3/DTNBP1",0.431707695803346
"GO:0055123","digestive system development",14,0.646320813780567,1.82043450212352,0.00723528039465791,0.192499220640969,0.174894618988632,1745,"tags=57%, list=21%, signal=45%","NPHP3/SFRP5/PCSK5/KCNQ1/CHD8/CBFA2T2/HIP1R/TGFB1",0.407017918923954
"GO:0002028","regulation of sodium ion transport",23,-0.574277525025814,-1.81979700708192,0.00445361453157622,0.140214630835791,0.12739160374262,1342,"tags=48%, list=16%, signal=40%","PER1/FXYD2/ATP2B4/FXYD1/FXYD5/CAMK2D/AHCYL1/PRKCE/ANK3/NEDD4/FXYD7",0.407017918923954
"GO:0007249","canonical NF-kappaB signal transduction",210,-0.368585568936975,-1.81881568393207,3.42085616850753e-06,0.000445654986366256,0.000404898569362427,1850,"tags=35%, list=22%, signal=28%","TRIM22/TMEM101/RBCK1/SQSTM1/RIPK2/BCL3/TBK1/SLCO3A1/BIRC2/LITAF/USP10/TAB2/CD74/TRIM25/PIDD1/FAF1/PER1/TRAF3/SHARPIN/ATP2C1/ERC1/REL/ILK/VAPA/SLC39A8/LIMS1/NAMPT/TMSB4X/TRAF1/RHOA/STAT3/NLRC5/PRDX4/PINK1/TANK/RHOH/CASP10/ZDHHC13/GOLT1B/CASP1/SIVA1/UBE2N/HUWE1/NFKB1/LTB/ITCH/PELI2/NFKBIA/OPTN/CHUK/TNIP1/ZC3H12A/NFAT5/FLNA/ZC3HAV1/ZDHHC17/PSMA6/PELI1/APOL3/RBX1/BIRC3/FBXO7/PIM2/CFLAR/CASP8/S100A4/RORA/RELB/IKBKB/TRADD/MTDH/EDA/LGALS1/TNFAIP3",0.627256739718528
"GO:0060546","negative regulation of necroptotic process",10,-0.728965731358962,-1.81744554315921,0.00176284817071938,0.0822227208515781,0.0747032189931106,1873,"tags=80%, list=22%, signal=62%","CASP2/ARHGEF2/BIRC2/YBX3/SLC25A4/PELI1/BIRC3/CASP8",0.45505986738723
"GO:0062099","negative regulation of programmed necrotic cell death",10,-0.728965731358962,-1.81744554315921,0.00176284817071938,0.0822227208515781,0.0747032189931106,1873,"tags=80%, list=22%, signal=62%","CASP2/ARHGEF2/BIRC2/YBX3/SLC25A4/PELI1/BIRC3/CASP8",0.45505986738723
"GO:0048565","digestive tract development",12,0.676176415877149,1.81634717489222,0.00477982443590884,0.144465413750909,0.131253640460833,1041,"tags=50%, list=12%, signal=44%","NPHP3/SFRP5/PCSK5/KCNQ1/CHD8/CBFA2T2",0.407017918923954
"GO:0043123","positive regulation of canonical NF-kappaB signal transduction",139,-0.390726293477557,-1.80771211731522,4.84134602197583e-05,0.00425362913279644,0.00386462264118408,1210,"tags=28%, list=14%, signal=24%","SHARPIN/ATP2C1/ERC1/REL/ILK/VAPA/LIMS1/NAMPT/TRAF1/RHOA/STAT3/PINK1/CASP10/ZDHHC13/GOLT1B/CASP1/UBE2N/HUWE1/LTB/PELI2/CHUK/NFAT5/FLNA/ZC3HAV1/ZDHHC17/PSMA6/PELI1/APOL3/RBX1/BIRC3/PIM2/CFLAR/CASP8/S100A4/IKBKB/TRADD/MTDH/EDA/LGALS1",0.557332238758646
"GO:0003006","developmental process involved in reproduction",261,0.350520945025665,1.79375877099968,1.50774911794058e-06,0.000237344840315813,0.000215638979096819,1541,"tags=30%, list=18%, signal=25%","RPL11/RPL30/RPL5/RPL32/RPL18/RPL9/RPL7/RPL6/RPL4/RPL18A/RPL34/RPL29/RPL24/RPL17/RPL19/RPL12/NCOA1/YY1/ODF2/RPL21/RPL10A/RPL7A/MKRN2/CSNK2A2/ZNF830/RPLP2/PRKACA/RPL35A/RPL28/PSMB4/RPL31/RPL36/RPLP0/RPL23/AGFG1/DAZAP1/DEAF1/WASHC5/PPP1R9B/LRRC8A/SEC23IP/KHDRBS1/RSBN1/IRF2BPL/PAFAH1B2/RPL8/MSH2/RPL35/MEA1/RPL13/PPARD/RPL15/PSMB5/HADH/XRN2/UBA52/NCOA4/RPL14/GPX4/RPL41/DCAF13/VPS13B/NOTCH1/RAC1/RPL38/CCNY/CRTAP/GTSF1/DCAF17/RNF2/RPL27/PAFAH1B3/NDRG3/BSG/TRIM27/SBF1/KDM2B/RPLP1/BTG1",0.643551836150722
"GO:0006814","sodium ion transport",49,-0.471150935895433,-1.78149415414021,0.000735965481527305,0.0455815998231174,0.0414130327770261,1342,"tags=37%, list=16%, signal=31%","PER1/FXYD2/COMMD9/OXSR1/TMEM65/ATP2B4/FXYD1/SLC38A1/SLC9B2/SLC38A2/FXYD5/CAMK2D/AHCYL1/PRKCE/ANK3/SGK1/NEDD4/FXYD7",0.477270815362862
"GO:0060078","regulation of postsynaptic membrane potential",18,0.578230343841532,1.78063365390213,0.00840159550218995,0.20927127151705,0.190132818072571,2179,"tags=61%, list=26%, signal=45%","PRKAR1B/PTK2B/TMEM25/PTEN/APP/CHRNB1/AKT1/ADORA2A/PRKCZ/GSK3B/P2RX4",0.380730400722792
"GO:0060079","excitatory postsynaptic potential",18,0.578230343841532,1.78063365390213,0.00840159550218995,0.20927127151705,0.190132818072571,2179,"tags=61%, list=26%, signal=45%","PRKAR1B/PTK2B/TMEM25/PTEN/APP/CHRNB1/AKT1/ADORA2A/PRKCZ/GSK3B/P2RX4",0.380730400722792
"GO:0019221","cytokine-mediated signaling pathway",230,-0.362345692222393,-1.7775270409994,1.48621205336483e-06,0.000237344840315813,0.000215638979096819,2085,"tags=38%, list=25%, signal=30%","OASL/UGCG/FADD/IL23A/IL2RG/HCLS1/TRAF6/COMMD7/TRIM41/NSMAF/NR1H2/JAK1/ISG15/CDC37/ACTN4/HDAC4/YTHDF2/EIF5A/TBK1/TNFRSF4/AGPAT2/BIRC2/FCER1G/SH2B3/PTPRJ/SOS1/STAT2/CD74/USP18/PTPN1/MKKS/SP100/IL4R/RPS6KA5/TRAF3/PTPN11/RAF1/SHARPIN/KRAS/WBP1L/TP53/SOCS2/CASP4/OXSR1/IL12RB1/ILK/ADIPOR1/GPR25/VRK2/LIMS1/SOCS1/UBE2K/IL10RA/TNFRSF1B/TMSB4X/TRAF1/STAT3/NLRC5/TANK/PLP2/FAS/TTLL12/YTHDF3/CASP1/SIN3A/CXCR3/JAK2/NFKB1/NFKBIA/CHUK/IL18R1/ZBP1/BIRC3/CCL5/SOCS4/CASP8/TOLLIP/IKBKB/CXCR4/TRADD/CISH/EDA/IFI27/TNFSF13B/SOCS3/OSM/NFKBIZ/TNFAIP3",0.643551836150722
"GO:0098739","import across plasma membrane",76,-0.41983218341971,-1.77529925057184,0.000657200148254268,0.0420830874594004,0.0382344693270446,1314,"tags=34%, list=16%, signal=29%","IRS2/SLC3A2/SLC7A5/FXYD2/SLC39A10/PTPN11/ARL6IP5/ACSL5/OPN3/ATP2B4/FXYD1/ARL6IP1/SLC39A8/RAB4B/SLC38A1/ARPP19/SLC38A2/ITGB1/FXYD5/SELENOS/SLC2A3/SLC36A4/SLC15A4/PPP3CC/FXYD7/SLC7A1",0.477270815362862
"GO:0032609","type II interferon production",57,-0.444244744099107,-1.76803771053117,0.00209796404823829,0.0911046916579801,0.082772908287859,2045,"tags=51%, list=24%, signal=39%","FADD/IL23A/PSMA1/DDIT3/ISG15/PRNP/PSMB3/C1QBP/PSMB9/SLAMF6/SLAMF1/SLC7A5/PSMA2/HLA-DRB1/IL12RB1/BTN3A1/PSMB2/PSMA3/ARID5A/CEBPG/HLA-A/HLA-DPB1/HLA-DPA1/ZC3H12A/IL18R1/BTN3A2/PSMA6/PDE4B/CD47",0.431707695803346
"GO:0032649","regulation of type II interferon production",57,-0.444244744099107,-1.76803771053117,0.00209796404823829,0.0911046916579801,0.082772908287859,2045,"tags=51%, list=24%, signal=39%","FADD/IL23A/PSMA1/DDIT3/ISG15/PRNP/PSMB3/C1QBP/PSMB9/SLAMF6/SLAMF1/SLC7A5/PSMA2/HLA-DRB1/IL12RB1/BTN3A1/PSMB2/PSMA3/ARID5A/CEBPG/HLA-A/HLA-DPB1/HLA-DPA1/ZC3H12A/IL18R1/BTN3A2/PSMA6/PDE4B/CD47",0.431707695803346
"GO:0099565","chemical synaptic transmission, postsynaptic",20,0.573061765502827,1.76798053545276,0.00432858718720792,0.138588155875182,0.125913874546714,2179,"tags=60%, list=26%, signal=44%","PRKAR1B/PTK2B/TMEM25/PTEN/APP/CHRNB1/NOTCH1/AKT1/ADORA2A/PRKCZ/GSK3B/P2RX4",0.407017918923954
"GO:0043122","regulation of canonical NF-kappaB signal transduction",199,-0.365779263228999,-1.76584255018213,1.09783028819094e-05,0.00112097373750956,0.00101845749850414,1850,"tags=35%, list=22%, signal=28%","TRIM22/TMEM101/RBCK1/SQSTM1/RIPK2/TBK1/SLCO3A1/BIRC2/LITAF/USP10/TAB2/CD74/TRIM25/PIDD1/FAF1/PER1/TRAF3/SHARPIN/ATP2C1/ERC1/REL/ILK/VAPA/SLC39A8/LIMS1/NAMPT/TMSB4X/TRAF1/RHOA/STAT3/NLRC5/PINK1/TANK/RHOH/CASP10/ZDHHC13/GOLT1B/CASP1/SIVA1/UBE2N/HUWE1/LTB/ITCH/PELI2/NFKBIA/OPTN/CHUK/TNIP1/ZC3H12A/NFAT5/FLNA/ZC3HAV1/ZDHHC17/PSMA6/PELI1/APOL3/RBX1/BIRC3/FBXO7/PIM2/CFLAR/CASP8/S100A4/RORA/IKBKB/TRADD/MTDH/EDA/LGALS1/TNFAIP3",0.593325476396405
"GO:0035567","non-canonical Wnt signaling pathway",16,0.602260621599664,1.7645073227297,0.00488868172119869,0.146582853513402,0.133177434330021,1178,"tags=44%, list=14%, signal=38%","NPHP3/SFRP5/DVL2/DVL3/CSNK1E/CDC42/RAC1",0.407017918923954
"GO:0070431","nucleotide-binding oligomerization domain containing 2 signaling pathway",10,-0.705252752897247,-1.75832472970213,0.00343219838412179,0.122328731086907,0.111141420435725,315,"tags=30%, list=4%, signal=29%","NAGK/SLC15A4/TNFAIP3",0.431707695803346
"GO:1902894","negative regulation of miRNA transcription",14,0.623543555346217,1.75627981882447,0.0128934805356706,0.269989313737533,0.245298022505752,1745,"tags=57%, list=21%, signal=45%","YY1/SRF/APP/PPARD/NCOR2/REST/ZNF512B/TGFB1",0.380730400722792
"GO:0042088","T-helper 1 type immune response",33,-0.497878745610177,-1.75558127217768,0.00608594606025324,0.170316327523235,0.154740414587319,2037,"tags=48%, list=24%, signal=37%","IL23A/ANXA1/PSMA1/PSMB3/PSMB9/SLAMF1/PSMA2/HLA-DRB1/IL12RB1/PSMB2/PSMA3/ARID5A/MTOR/IL18R1/PSMA6/NFKBIZ",0.407017918923954
"GO:0002820","negative regulation of adaptive immune response",27,-0.524483129274379,-1.75340503391267,0.00742832833040814,0.196253317708265,0.178305393193561,718,"tags=30%, list=9%, signal=27%","SAMSN1/BTLA/SUSD4/ZC3H12A/LAG3/AHR/LGALS1/CD69",0.407017918923954
"GO:0003341","cilium movement",44,-0.466062420025375,-1.74620969665456,0.0033039182838123,0.119635602854367,0.108694586445701,1743,"tags=45%, list=21%, signal=36%","OFD1/PSMB3/PSME3/MKKS/RFX3/NME7/PSMA2/PSMB7/ATP2B4/PSME4/PSMB2/YIF1B/PSMA3/SLC9B2/TUBB4B/BBS1/KIF9/PSMA6/TUBA1A/CEP78",0.431707695803346
"GO:0048646","anatomical structure formation involved in morphogenesis",301,0.336132711869968,1.73946118407391,1.25356448176981e-06,0.000215271209642106,0.000195584044778024,1033,"tags=25%, list=12%, signal=22%","RPL11/RPL30/RPL5/RPL32/VEGFB/RPL18/RPL10/RPL9/RPL7/RPL6/RPL4/RPL18A/RPL36A/RPL34/RPL29/RPL24/RPL17/RPL19/RPL12/GNAS/PTK2B/SRF/PACSIN2/CD81/HSPB1/OBSCN/LFNG/RPL21/MTHFR/RPL10A/RPL7A/RC3H1/RPLP2/ACTN1/FYN/RPL35A/RPL28/RPL39/RPL31/RPL36/RPLP0/RPL23/PDPK1/PGK1/AGFG1/DVL2/NOG/DEAF1/FLII/LEO1/EGLN1/NAA15/ITGA5/KDM6B/PRKCB/CTNNB1/RPL8/ADIPOR2/RPL35/ZFPM1/RPL13/PLEKHO1/CSRP1/SETD2/RPL15/TGFBR1/HGS/TBXA2R/TCOF1/UBA52/QKI/EMC10/RPL14/RPL41",0.643551836150722
"GO:1902991","regulation of amyloid precursor protein catabolic process",24,0.526403574503583,1.7392218941335,0.00604864907068442,0.170316327523235,0.154740414587319,1126,"tags=33%, list=13%, signal=29%","BIN1/RANBP9/PIN1/CSNK1E/APP/ABCA7/ABCG1/RTN3",0.407017918923954
"GO:1902475","L-alpha-amino acid transmembrane transport",24,-0.534064074551809,-1.73307430916069,0.00509472507029373,0.150949076519925,0.137144353814696,1330,"tags=46%, list=16%, signal=39%","SLC25A12/SLC3A2/SLC7A5/ARL6IP5/ARL6IP1/SLC38A1/SLC38A2/ITGB1/SLC36A4/SLC15A4/SLC7A1",0.407017918923954
"GO:1902993","positive regulation of amyloid precursor protein catabolic process",11,0.66166545349667,1.7317220901711,0.00889457863749354,0.216798181241617,0.196971370478428,1013,"tags=36%, list=12%, signal=32%","RANBP9/CSNK1E/APP/ABCG1",0.380730400722792
"GO:0070059","intrinsic apoptotic signaling pathway in response to endoplasmic reticulum stress",43,-0.459307836950902,-1.72912374158331,0.00399500463902245,0.132395855493218,0.120287877660281,1488,"tags=35%, list=18%, signal=29%","PTPN1/BCL2L11/PMAIP1/TP53/CASP4/BAK1/ERN1/ATF4/SELENOS/XBP1/TXNDC12/ITPR1/SYVN1/BCL2/PPP1R15A",0.407017918923954
"GO:0071219","cellular response to molecule of bacterial origin",90,-0.397584130152593,-1.72853215382243,0.000556591105507021,0.0389407629001023,0.0353795192929244,1630,"tags=33%, list=19%, signal=27%","CCL28/CDC73/ZFP36/PLSCR3/SLC7A5/PTPN11/NFKBIB/PLAA/ABCA1/ARID5A/TNFRSF1B/RHOA/CD55/CASP1/LDOC1/SELENOS/JAK2/NFKB1/XBP1/TNIP1/ZC3H12A/IL18R1/PDCD4/GBP5/AHR/PDE4B/PRKCE/MTDH/NFKBIZ/TNFAIP3",0.477270815362862
"GO:0002823","negative regulation of adaptive immune response based on somatic recombination of immune receptors built from immunoglobulin superfamily domains",26,-0.530906025957878,-1.72789968012399,0.00528052118610099,0.153460069546843,0.139425709382077,481,"tags=27%, list=6%, signal=25%","BTLA/SUSD4/ZC3H12A/LAG3/AHR/LGALS1/CD69",0.407017918923954
"GO:0042254","ribosome biogenesis",293,0.333517769583721,1.72751489216984,4.28377484164456e-06,0.000530950693063193,0.000482393740898472,1010,"tags=20%, list=12%, signal=18%","RPL11/RPS15A/RPL5/RPS13/RPS23/RPS7/RPS27A/RPL7/RPS8/RPS28/RPS24/FAU/RPS15/NHP2/WDR46/NOP53/RPL7A/RPS21/YBEY/WDR18/TUFM/RPSA/NSA2/RPS14/RPL35A/RPL26/DDX51/IMP3/RPLP0/NOP10/DNTTIP2/RPS12/RPS19BP1/RPS25/EIF6/RPS5/DDX49/ZNF574/XRCC5/REXO1/MTERF3/RPS4X/RPL35/SART1/RPS6/TFB2M/MPHOSPH10/RPS3A/PRMT5/XRN2/EXOSC10/TCOF1/DHX29/NOC4L/UTP4/RPS9/RPL14/DDX54",0.610526878385931
"GO:0001776","leukocyte homeostasis",56,-0.445803084428697,-1.72732473845418,0.00131163578880367,0.0688244445847258,0.0625302532273632,2045,"tags=50%, list=24%, signal=38%","FADD/IL2RG/ANXA1/PSMA1/GPR183/PSMB3/SH2B3/CD74/NCKAP1L/PSMB9/PMAIP1/PSMA2/MTHFD1/TSC22D3/PSMB2/PSMA3/DOCK10/FAS/SIVA1/PPP2CA/PPP2R1A/LTB/PIK3CB/PSMA6/SLC15A4/PDE4B/TNFSF13B/TNFAIP3",0.45505986738723
"GO:1901798","positive regulation of signal transduction by p53 class mediator",27,0.502046372341643,1.72178287315712,0.0107623999732628,0.250989796907327,0.228036065569393,552,"tags=30%, list=7%, signal=28%","RPL11/RPS7/RPS15/FAM193A/RPL26/RPL23/DVL2/MYC",0.380730400722792
"GO:0019953","sexual reproduction",321,0.325231694973264,1.70602255256339,5.25619405340581e-06,0.000601754579811125,0.000546722410668984,1541,"tags=29%, list=18%, signal=24%","RPL11/RPL30/RPL5/RPL32/RPL18/RPL9/RPL7/RPL6/RAD51C/RPL4/RPL18A/RPL34/RPL29/RPL24/RPL17/RPL19/RPL12/YY1/ODF2/RPL21/RPL10A/CDC26/RPL7A/PTEN/MKRN2/CSNK2A2/ZNF830/RPLP2/PRKACA/RPL35A/RPL28/PSMB4/RPL31/RPL36/RPLP0/RPL23/AGFG1/DAZAP1/DEAF1/WASHC5/LRRC8A/MUS81/SEC23IP/KHDRBS1/SUN2/RSBN1/ANAPC16/SPIN1/PAFAH1B2/RPL8/CHFR/SKA2/NCAPD2/RPL35/PARK7/MEA1/RPL13/RPL15/TGFBR1/CDC25B/PSMB5/HADH/XRN2/UBA52/RPL14/GPX4/RPL41/ANAPC1/DCAF13/RAD50/VPS13B/NOTCH1/RPL38/ANAPC15/CENPX/CCNY/CRTAP/GTSF1/NCAPD3/DCAF17/RNF2/NUMA1/SMC1A/RPL27/PAFAH1B3/NDRG3/TRIM27/SBF1/TOP3A/KDM2B/RPLP1/BTG1",0.610526878385931
"GO:0001919","regulation of receptor recycling",13,-0.63093250629186,-1.705982748227,0.0121179328342769,0.261608858559418,0.237683983807583,937,"tags=46%, list=11%, signal=41%","LAMTOR1/EPS15/NSG1/OPTN/NSF/ANXA2",0.380730400722792
"GO:0002460","adaptive immune response based on somatic recombination of immune receptors built from immunoglobulin superfamily domains",148,-0.369677620711004,-1.70414001608833,7.87775780583111e-05,0.00676412931600681,0.00614553043681815,2045,"tags=38%, list=24%, signal=29%","FADD/IL23A/IL2RG/TRAF6/RIF1/ANXA1/PSMA1/JAK1/BTN3A3/ZBTB1/PARP3/RNF8/FCER1G/PSMB3/C1QBP/CD74/NCKAP1L/PSMB9/SHLD2/SLAMF6/SLAMF1/CD27/PSMA2/HLA-DRB1/IL12RB1/PSMB2/PSMA3/IGHV3-23/ARID5A/EXOSC6/TNFRSF1B/HLA-A/STAT3/PRF1/CD55/MTOR/BTLA/HLA-C/GNL1/SUSD4/ZC3H12A/IL18R1/LAG3/BTN3A2/PSMA6/CTSH/RORA/SLC15A4/AHR/JUNB/LGALS1/SOCS3/CD69/NFKBIZ/FUT7/TNFAIP3",0.538434096309916
"GO:0006954","inflammatory response",304,-0.335117521857264,-1.7027872517413,4.84367677390143e-06,0.000571856589118738,0.00051955867632627,1053,"tags=23%, list=13%, signal=21%","CASP4/HLA-DRB1/CST7/GBP1/SLC39A8/GZMB/RB1/CALHM2/NAMPT/IL10RA/TNFRSF1B/TMSB4X/TRAF1/PSTPIP1/STAT3/ARNT/ITGB1/CASP1/MTOR/SYT11/PPP2CA/PRKAR1A/SELENOS/PJA2/CXCR3/JAK2/NFKB1/PRKAR2A/ITCH/NFKBIA/XBP1/CHUK/TNIP1/ZC3H12A/IL18R1/RHBDF2/PDCD4/ABCD2/GBP5/PSMA6/APOL3/ZBP1/RBX1/TRIM11/BIRC3/CCL5/CASP8/RORA/AHR/NKG7/TOLLIP/ZDHHC5/RELB/IKBKB/CXCR4/TRADD/GZMK/IFI27/LGALS1/OSM/CD69/NFKBIZ/CD47/NEAT1/FUT7/FOS/PTGER2/TNFAIP3/GZMA",0.610526878385931
"GO:0022408","negative regulation of cell-cell adhesion",85,-0.397122023128698,-1.69973456888226,0.0011840181846413,0.0667644880832063,0.0606586856113137,2025,"tags=41%, list=24%, signal=32%","ADTRP/RUNX3/ANXA1/PSMA1/PRNP/YTHDF2/CCL28/PSMB3/SH2B3/SPINT2/LAX1/PSMB9/PTPN11/PSMA2/HLA-DRB1/PSMB2/MYADM/SOCS1/PSMA3/CD300A/GTPBP4/TMX1/FXYD5/BTLA/PRKAR1A/JAK2/CTLA4/ZC3H12A/LAG3/PSMA6/CBLB/SWAP70/RIPOR2/LGALS1/CD69",0.45505986738723
"GO:0050866","negative regulation of cell activation",81,-0.401834887635009,-1.69652128325311,0.00128195321622887,0.0683068005637884,0.0620599492255488,1991,"tags=40%, list=24%, signal=30%","RUNX3/ANXA1/PSMA1/PARP3/PRNP/PSMB3/SH2B3/LAX1/PSMB9/PTPN11/CD84/PSMA2/HLA-DRB1/CST7/PSMB2/SOCS1/PSMA3/SAMSN1/CD300A/TMX1/SYT11/BTLA/PRKAR1A/CTLA4/ZC3H12A/LAG3/PSMA6/CBLB/RIPOR2/LGALS1/CD69/TNFAIP3",0.45505986738723
"GO:0050777","negative regulation of immune response",103,-0.384306933055651,-1.69559671722903,0.0012836905346821,0.0683068005637884,0.0620599492255488,795,"tags=23%, list=9%, signal=21%","YWHAZ/HLA-A/SAMSN1/CD300A/NLRC5/TTLL12/SMCR8/YTHDF3/CD55/BTLA/PRKAR1A/SELENOS/SUSD4/PRKAR2A/ZC3H12A/LAG3/RHBDF2/USP15/AHR/LGALS1/CD69/LYAR/PIM1/TNFAIP3",0.45505986738723
"GO:0070663","regulation of leukocyte proliferation",92,-0.385981459733055,-1.6953296624127,0.00214825577842498,0.0922285264873817,0.0837939652232579,2155,"tags=42%, list=26%, signal=32%","GSTP1/PNP/FADD/IL23A/IL2RG/TRAF6/ANXA1/GPR183/PRNP/TNFRSF4/TNFSF8/CD74/NCKAP1L/SLAMF1/IRS2/PTPN11/IKZF3/HLA-DRB1/IL12RB1/TNFRSF1B/HLA-A/CD38/CD300A/CD55/CD28/BTLA/PRKAR1A/HLA-DPB1/JAK2/HLA-DPA1/CTLA4/CCL5/AHR/FLT3LG/BCL2/RIPOR2/TNFSF13B/SLC7A1/TNFAIP3",0.431707695803346
"GO:0032570","response to progesterone",14,-0.599837944159123,-1.6926682775809,0.0222928613298067,0.355368903392446,0.322869405664504,22,"tags=21%, list=0%, signal=21%","FOS/PTGER2/FOSB",0.352487857583619
"GO:0003229","ventricular cardiac muscle tissue development",11,0.645950750307637,1.69059330143184,0.0117746514891031,0.261608858559418,0.237683983807583,1745,"tags=45%, list=21%, signal=36%","MBD2/NOG/TGFBR1/NOTCH1/TGFB1",0.380730400722792
"GO:0061025","membrane fusion",98,-0.387271684449538,-1.6895145104266,0.0018084672437421,0.0833218200836301,0.0757018024719443,1403,"tags=31%, list=17%, signal=26%","UBXN2B/VPS41/YKT6/ZNRF2/OTOF/RAB8A/USO1/CHMP1A/NAPA/VAPA/TMEM175/PIKFYVE/SEC22B/YIPF4/RAB4B/VTI1A/UVRAG/STX16/SYT11/CHMP1B/HUWE1/CHMP6/VPS8/NSF/RABIF/ATL3/ANXA2/VCPIP1/DPP4/RAB2A",0.45505986738723
"GO:0097300","programmed necrotic cell death",34,-0.479892121436777,-1.68853908542169,0.00783864934893248,0.201458620682088,0.18303465639419,2045,"tags=50%, list=24%, signal=38%","FADD/NINJ1/PGAM5/CASP2/ARHGEF2/BIRC2/YBX3/SLC25A4/TP53/FAS/LTB/ITCH/PELI1/ZBP1/BIRC3/CFLAR/CASP8",0.380730400722792
"GO:0060338","regulation of type I interferon-mediated signaling pathway",32,-0.483609298307369,-1.68599959053313,0.00815579718790987,0.206795985073312,0.187883903619703,2045,"tags=47%, list=24%, signal=36%","FADD/TRIM41/ISG15/CDC37/YTHDF2/TBK1/STAT2/USP18/PTPN1/PTPN11/UBE2K/NLRC5/TTLL12/YTHDF3/ZBP1",0.380730400722792
"GO:0062208","positive regulation of pattern recognition receptor signaling pathway",43,-0.446520176890308,-1.6809829418163,0.00673129131066769,0.185626412932135,0.16865034910735,494,"tags=23%, list=6%, signal=22%","PPP2CA/PJA2/ZC3HAV1/NAGK/GBP5/USP15/DDX60/SLC15A4/WDFY1/ZDHHC5",0.407017918923954
"GO:0002691","regulation of cellular extravasation",12,-0.62910671981299,-1.68046292157775,0.0131946820072179,0.271543025265501,0.246709642692044,2045,"tags=67%, list=24%, signal=50%","FADD/BCR/CD99/CCL28/ITGA4/RIPOR2/CD47/FUT7",0.380730400722792
"GO:0033209","tumor necrosis factor-mediated signaling pathway",74,-0.399854428391893,-1.6802636097644,0.00332497043401497,0.119635602854367,0.108694586445701,1269,"tags=31%, list=15%, signal=27%","TRAF3/SHARPIN/TP53/CASP4/ILK/LIMS1/UBE2K/TNFRSF1B/TMSB4X/TRAF1/TANK/FAS/CASP1/JAK2/NFKB1/NFKBIA/CHUK/BIRC3/CASP8/IKBKB/TRADD/TNFSF13B/TNFAIP3",0.431707695803346
"GO:0048010","vascular endothelial growth factor receptor signaling pathway",22,0.517996185197106,1.67673714612413,0.00981780269030835,0.234757332683449,0.213288106402448,836,"tags=41%, list=10%, signal=37%","VEGFB/PTK2B/TMEM204/HSPB1/MAPKAPK2/FYN/ITGA5/PRKCB/HGS",0.380730400722792
"GO:0071222","cellular response to lipopolysaccharide",89,-0.38665351261867,-1.67310129826164,0.0015627902375087,0.0766782015234787,0.0696657617393399,1630,"tags=33%, list=19%, signal=27%","CCL28/CDC73/ZFP36/PLSCR3/SLC7A5/PTPN11/NFKBIB/PLAA/ABCA1/ARID5A/TNFRSF1B/RHOA/CD55/CASP1/LDOC1/SELENOS/JAK2/NFKB1/XBP1/TNIP1/ZC3H12A/IL18R1/PDCD4/GBP5/PDE4B/PRKCE/MTDH/NFKBIZ/TNFAIP3",0.45505986738723
"GO:0008156","negative regulation of DNA replication",19,-0.545829630989286,-1.67141646572638,0.0103673216095954,0.244798381506572,0.22241087273012,1600,"tags=37%, list=19%, signal=30%","TTF1/TERF1/S100A11/GTPBP4/ATR/RBX1/TSPYL2",0.380730400722792
"GO:0046632","alpha-beta T cell differentiation",82,-0.388070393436895,-1.66971727332025,0.00255273155863313,0.102121091888485,0.0927818273604925,2111,"tags=43%, list=25%, signal=32%","PNP/AP3B1/IL23A/RUNX3/ANXA1/PSMA1/JAK1/GPR183/ATP7A/TBK1/PSMB3/TNFSF8/NCKAP1L/PSMB9/SLAMF6/PSMA2/GPR65/HLA-DRB1/IL12RB1/PSMB2/SOCS1/PSMA3/RHOA/STAT3/MTOR/ZC3H12A/IL18R1/PSMA6/RORA/PRDM1/JUNB/LGALS1/SOCS3/CD69/NFKBIZ",0.431707695803346
"GO:0071774","response to fibroblast growth factor",25,-0.506815675941639,-1.66836326529648,0.0129349035962132,0.269989313737533,0.245298022505752,1488,"tags=48%, list=18%, signal=40%","PTPN1/ZFP36/PTPN11/IQGAP1/FIBP/IER2/CHURC1/ITGB1/FRS2/CCL5/ELK1/GCLM",0.380730400722792
"GO:0140888","interferon-mediated signaling pathway",66,-0.406638436698591,-1.66553445942937,0.00324372115649204,0.118978432322592,0.108097516029609,2085,"tags=41%, list=25%, signal=31%","OASL/FADD/TRIM41/NR1H2/JAK1/ISG15/CDC37/HDAC4/YTHDF2/TBK1/STAT2/USP18/PTPN1/SP100/TRAF3/PTPN11/RAF1/TP53/UBE2K/NLRC5/TANK/TTLL12/YTHDF3/SIN3A/JAK2/ZBP1/IFI27",0.431707695803346
"GO:0043124","negative regulation of canonical NF-kappaB signal transduction",57,-0.418278509705446,-1.66469539254475,0.00642914500427592,0.178597866368783,0.162264583133087,933,"tags=28%, list=11%, signal=25%","SLC39A8/TMSB4X/STAT3/NLRC5/TANK/RHOH/SIVA1/ITCH/NFKBIA/TNIP1/ZC3H12A/RBX1/FBXO7/CASP8/RORA/TNFAIP3",0.407017918923954
"GO:0070633","transepithelial transport",11,-0.638444429123186,-1.6636050838636,0.0170602587203849,0.313091416913439,0.284458315661528,934,"tags=55%, list=11%, signal=49%","ACTG1/PARP12/AHCYL1/OSTM1/BEST1/ITPR1",0.352487857583619
"GO:0060337","type I interferon-mediated signaling pathway",54,-0.421589124858675,-1.66064231226336,0.00438168075040376,0.139109158613659,0.126387230101788,2085,"tags=43%, list=25%, signal=32%","OASL/FADD/TRIM41/JAK1/ISG15/CDC37/HDAC4/YTHDF2/TBK1/STAT2/USP18/PTPN1/SP100/TRAF3/PTPN11/UBE2K/NLRC5/TANK/TTLL12/YTHDF3/SIN3A/ZBP1/IFI27",0.407017918923954
"GO:0051129","negative regulation of cellular component organization",389,0.311255378813815,1.65635437038174,1.9753851728869e-06,0.000287038660891027,0.000260788158333245,1240,"tags=24%, list=15%, signal=21%","RPL11/RPL30/RPL5/RPL32/RPL18/RPL10/SAMD1/RPL9/RPL7/RPL6/RPL4/FKBP4/DYNLT1/RPL18A/RPL36A/RPL34/RPL29/RPL24/RPL17/RPL19/TRAF3IP1/RPL12/CPTP/STMN3/NOP53/KMT2A/RPL21/RPL10A/RPL7A/PTEN/RPLP2/FYN/RACK1/RPL35A/RPL28/RPL39/RPL31/RPL36/RPLP0/TMEM14A/RPL23/CSK/FLII/ANKRD27/NLRC3/ITM2C/ABHD17A/XRCC5/APP/RPL8/NME6/DTNBP1/RPL35/KDM1A/WASL/RAB29/RPS6/PARK7/RPL13/RPL15/LUZP1/IFI6/CARM1/TNFRSF1A/EXOSC10/ANKRD13D/ABCA7/ABI3/UBA52/DNAJB2/CDC42/HSPA8/DNAJB6/RPL14/LRPAP1/RPL41/CBFA2T2/DENND5A/TBC1D7/PFDN5/RAD50/RIN3/TFIP11/BAG5/NOTCH1/RAC1/TBCD/RPL38/ARHGEF7/ANAPC15/TERF2/TERF2IP",0.627256739718528
"GO:0002822","regulation of adaptive immune response based on somatic recombination of immune receptors built from immunoglobulin superfamily domains",85,-0.386477599571249,-1.65417503394668,0.00187006848717349,0.0851219125848366,0.0773372713901795,1041,"tags=24%, list=12%, signal=21%","HLA-DRB1/IL12RB1/ARID5A/TNFRSF1B/HLA-A/CD55/BTLA/HLA-C/SUSD4/ZC3H12A/IL18R1/LAG3/SLC15A4/AHR/JUNB/LGALS1/CD69/NFKBIZ/FUT7/TNFAIP3",0.45505986738723
"GO:0042559","pteridine-containing compound biosynthetic process",11,-0.634383670442452,-1.65302389859915,0.0174031756357391,0.313091416913439,0.284458315661528,2052,"tags=73%, list=25%, signal=55%","ATIC/PCBD1/MTHFS/MTHFD1L/MTHFD1/QDPR/FPGS/GCH1",0.352487857583619
"GO:0002237","response to molecule of bacterial origin",124,-0.360036735152847,-1.65137700340936,0.00124967005595095,0.0683068005637884,0.0620599492255488,1630,"tags=31%, list=19%, signal=26%","CCL28/SOD2/CDC73/TAB2/ZFP36/PLSCR3/MAPKAPK3/SLC7A5/PTPN11/NFKBIB/PLAA/ABCA1/HDAC2/ARID5A/IL10RA/TNFRSF1B/RHOA/CD55/CASP1/LDOC1/SELENOS/JAK2/NFKB1/XBP1/TNIP1/ZC3H12A/IL18R1/PDCD4/GBP5/PELI1/CASP8/AHR/PDE4B/PRKCE/MTDH/GCH1/NFKBIZ/FOS/TNFAIP3",0.45505986738723
"GO:0050830","defense response to Gram-positive bacterium",23,0.512311750838507,1.64952541568045,0.0167876697436265,0.312432592568576,0.283859742678263,678,"tags=35%, list=8%, signal=32%","TRAV27/FAU/IL6R/RPL39/MR1/APP/LYZ/MYD88",0.352487857583619
"GO:0002437","inflammatory response to antigenic stimulus",24,0.497336496907663,1.6431851265242,0.0124754383955699,0.263308414851749,0.239228110839408,755,"tags=46%, list=9%, signal=42%","PNMA1/PRKAR1B/GNAS/CD81/MKRN2/FYN/PSMB4/CCR7/KDM6B/CD6/PARK7",0.380730400722792
"GO:0032435","negative regulation of proteasomal ubiquitin-dependent protein catabolic process",33,0.464916793131243,1.64315093339351,0.0113445858409879,0.258268368136636,0.234648990742248,1778,"tags=48%, list=21%, signal=38%","RPL11/USP7/NOP53/CSNK2A2/DDRGK1/GIPC1/USP38/PARK7/CBX4/CAMLG/PHF20L1/BAG5/FHIT/CCAR2/TLK2/WAC",0.380730400722792
"GO:0032623","interleukin-2 production",41,-0.440915399636731,-1.64262940379725,0.0113479484146854,0.258268368136636,0.234648990742248,2111,"tags=46%, list=25%, signal=35%","PNP/KAT5/TRAF6/ANXA1/PSMA1/PRNP/PSMB3/ZFP36/PSMB9/PSMA2/GBP1/PSMB2/PSMA3/CD28/STOML2/PSMA6/PDE4B/GPR174/TNFAIP3",0.380730400722792
"GO:0032663","regulation of interleukin-2 production",41,-0.440915399636731,-1.64262940379725,0.0113479484146854,0.258268368136636,0.234648990742248,2111,"tags=46%, list=25%, signal=35%","PNP/KAT5/TRAF6/ANXA1/PSMA1/PRNP/PSMB3/ZFP36/PSMB9/PSMA2/GBP1/PSMB2/PSMA3/CD28/STOML2/PSMA6/PDE4B/GPR174/TNFAIP3",0.380730400722792
"GO:0090200","positive regulation of release of cytochrome c from mitochondria",17,-0.574298566169427,-1.63762252912723,0.0134405891277524,0.271543025265501,0.246709642692044,1977,"tags=53%, list=24%, signal=41%","BID/MLLT11/BCL2L11/PMAIP1/TP53/BAK1/PINK1/CASP1/GZMK",0.380730400722792
"GO:0044088","regulation of vacuole organization",40,-0.44785477079592,-1.63563618022755,0.00753657128217069,0.196366664165799,0.178408373794927,2766,"tags=48%, list=33%, signal=32%","GRN/IFT20/LRSAM1/PIP4K2A/SCFD1/MTM1/PIP4K2C/SNX4/ATG2A/SNX18/PPP3CB/UBQLN2/PIKFYVE/SEC22B/RAB1B/PINK1/SMCR8/MTOR/ANXA2",0.407017918923954
"GO:1900226","negative regulation of NLRP3 inflammasome complex assembly",10,0.632662293770777,1.63523747016936,0.031378187338256,0.429517361463518,0.390236776190755,983,"tags=40%, list=12%, signal=35%","CPTP/NLRC3/ABHD17A/HSPA8",0.321775918075361
"GO:0030101","natural killer cell activation",44,-0.436246942279582,-1.63449917438748,0.00880720556639832,0.216062484609434,0.196302955397326,2272,"tags=43%, list=27%, signal=32%","DCAF15/DDA1/PRDX1/IL23A/IL2RG/CUL4A/SH2D1A/ZBTB1/DDB1/SLAMF1/IL12RB1/KAT7/RBX1/CASP8/RABL3/NKG7/FLT3LG/PRDM1/NFKBIZ",0.380730400722792
"GO:0051250","negative regulation of lymphocyte activation",70,-0.397099819315002,-1.63431079929265,0.00357910498701795,0.123959570175588,0.112623114647769,1991,"tags=39%, list=24%, signal=30%","RUNX3/ANXA1/PSMA1/PARP3/PRNP/PSMB3/LAX1/PSMB9/PTPN11/PSMA2/HLA-DRB1/PSMB2/SOCS1/PSMA3/SAMSN1/CD300A/BTLA/PRKAR1A/CTLA4/ZC3H12A/LAG3/PSMA6/CBLB/RIPOR2/LGALS1/CD69/TNFAIP3",0.431707695803346
"GO:0072539","T-helper 17 cell differentiation",40,-0.447200129516983,-1.63324532714142,0.00770130345861064,0.199284414155007,0.181059287242615,1585,"tags=40%, list=19%, signal=33%","PSMB3/PSMB9/SLAMF6/PSMA2/IL12RB1/PSMB2/PSMA3/STAT3/ZC3H12A/PSMA6/RORA/JUNB/LGALS1/SOCS3/CD69/NFKBIZ",0.407017918923954
"GO:0071345","cellular response to cytokine stimulus",354,-0.316577880419555,-1.63257026215767,1.093448027557e-05,0.00112097373750956,0.00101845749850414,2064,"tags=35%, list=25%, signal=27%","UGCG/FADD/IL23A/IL2RG/HCLS1/TRAF6/COMMD7/TRIM41/PSMA1/NSMAF/NR1H2/JAK1/ISG15/PYHIN1/CDC37/ACTN4/ARHGEF2/PDE12/SEM1/HDAC4/YTHDF2/PSMD1/EIF5A/TBK1/TNFRSF4/AGPAT2/PSMC5/BIRC2/FCER1G/PSMB3/USP10/SH2B3/ITGA4/PTPRJ/SOS1/STAT2/CD74/USP18/PTPN1/ZFP36/MKKS/SP100/IL4R/SELPLG/YBX3/RPS6KA5/TRAF3/PTPN11/RAF1/SHARPIN/KRAS/PSMA2/ETV3/WBP1L/TP53/SOCS2/PSMB7/CASP4/OXSR1/IL12RB1/ILK/ADIPOR1/GPR25/GBP1/SMPD4/PSMB2/VRK2/LIMS1/ABCA1/SOCS1/UBE2K/PSMA3/CALM1/IL10RA/TNFRSF1B/TMSB4X/TRAF1/RHOA/STAT3/NLRC5/TANK/PLP2/FAS/TTLL12/YTHDF3/CASP1/SIN3A/PSMD12/CXCR3/JAK2/HLA-DPA1/NFKB1/NFKBIA/XBP1/CHUK/ZC3H12A/IL18R1/NFAT5/GBP5/PSMA6/ZBP1/BIRC3/CCL5/GBP4/SOCS4/CASP8/TOLLIP/IKBKB/CXCR4/TRADD/CISH/EDA/IFI27/RIPOR2/TNFSF13B/SOCS3/OSM/NFKBIZ/CD47/FOS/PIM1/DUSP1/TNFAIP3",0.593325476396405
"GO:0007162","negative regulation of cell adhesion",113,-0.356453824604955,-1.63207384041597,0.00135346001624231,0.069099620829236,0.0627802638210585,2127,"tags=40%, list=25%, signal=30%","ITGB1BP1/CD164/ADTRP/RUNX3/ANXA1/PSMA1/ACTN4/PRNP/YTHDF2/RASA1/CCL28/PSMB3/SH2B3/SPINT2/LAX1/PTPN1/PSMB9/PDE3B/RAB40C/PTPN11/PSMA2/HLA-DRB1/GBP1/PSMB2/MYADM/SOCS1/PSMA3/RHOA/CD300A/GTPBP4/TMX1/FXYD5/BTLA/PRKAR1A/JAK2/CTLA4/ZC3H12A/LAG3/PSMA6/CBLB/SWAP70/RIPOR2/LGALS1/CD69/DUSP1",0.45505986738723
"GO:0002695","negative regulation of leukocyte activation",78,-0.391389387424852,-1.63019939577571,0.003880566347544,0.130221487854215,0.118312362130928,1991,"tags=38%, list=24%, signal=30%","RUNX3/ANXA1/PSMA1/PARP3/PRNP/PSMB3/LAX1/PSMB9/PTPN11/CD84/PSMA2/HLA-DRB1/CST7/PSMB2/SOCS1/PSMA3/SAMSN1/CD300A/SYT11/BTLA/PRKAR1A/CTLA4/ZC3H12A/LAG3/PSMA6/CBLB/RIPOR2/LGALS1/CD69/TNFAIP3",0.431707695803346
"GO:0034097","response to cytokine",405,-0.307303514871324,-1.62869043938497,4.35666264821572e-06,0.000530950693063193,0.000482393740898472,2045,"tags=34%, list=24%, signal=27%","FADD/IL23A/IL2RG/HCLS1/TRAF6/COMMD7/TRIM41/PSMA1/DDOST/NSMAF/NR1H2/JAK1/NUB1/ISG15/PYHIN1/CDC37/ACTN4/ARHGEF2/PDE12/SEM1/HDAC4/YTHDF2/PSMD1/EIF5A/TBK1/TNFRSF4/AGPAT2/PSMC5/TAF9/BIRC2/FCER1G/PSMB3/USP10/SH2B3/ITGA4/PTPRJ/SOS1/STAT2/CD74/USP18/PTPN1/ZFP36/PSMB9/MKKS/SP100/IL4R/SELPLG/YBX3/RPS6KA5/MAPKAPK3/TRAF3/PTPN11/RAF1/SHARPIN/KRAS/PSMA2/ETV3/REL/WBP1L/TP53/SOCS2/PSMB7/CASP4/OXSR1/IL12RB1/ILK/ADIPOR1/GPR25/GBP1/SMPD4/PSMB2/VRK2/LIMS1/ABCA1/SOCS1/UBE2K/SEC61A1/PSMA3/CALM1/IL10RA/TNFRSF1B/TMSB4X/TRAF1/RHOA/CD38/STAT3/NLRC5/TANK/PLP2/FAS/TTLL12/YTHDF3/CASP1/SIN3A/LAMP3/PSMD12/IFIH1/CXCR3/JAK2/HLA-DPA1/NFKB1/TIMP1/NFKBIA/XBP1/CHUK/ZC3H12A/IL18R1/NFAT5/GBP5/PSMA6/ZBP1/BIRC3/CCL5/GBP4/SOCS4/TUBA1A/CASP8/TOLLIP/RELB/IKBKB/CXCR4/TRADD/CISH/EDA/GCH1/BCL2/IFI27/RIPOR2/TNFSF13B/SOCS3/OSM/NFKBIZ/CD47/FOS/PIM1/DUSP1/TNFAIP3",0.610526878385931
"GO:0003008","system process",426,0.299718261710575,1.62676602005489,1.19676232998645e-05,0.00118983370597073,0.00108102002684833,1221,"tags=25%, list=15%, signal=22%","RPL11/RPL30/RPL5/RPL32/RPL18/RPL10/RPL9/RPL7/RPL6/GRAP/FOXO1/RPL4/RPL18A/RPL36A/RPL34/AKAP9/RPL29/PABPN1/RPL24/RPL17/RPL19/GRK2/RPL12/ERAP2/YY1/PRKAR1B/GNAS/SFRP5/PTK2B/SRF/TMEM25/HSPB1/RPL21/RPL10A/RPL7A/EEF2/PTEN/RPLP2/FYN/APBB1/PRKACA/RPL35A/RPL28/RPL39/RPL31/RAB11FIP3/RPL36/RPLP0/RPL23/BIN1/NOG/DEAF1/IKZF2/PPP1R9B/RANGRF/RTP4/APP/RPL8/DTNBP1/SLC16A7/MAP2K1/PPT1/PCSK5/AGTRAP/RPL35/PRKRIP1/SCRN3/HRH2/RPL13/PPARD/RPL15/GSTM2/KCNQ1/TNFRSF1A/DOP1B/TBXA2R/CAMK4/RETREG1/ABCA7/UBA52/DRAM2/CDC42/QKI/DNAJB6/RPL14/RPL41/CHRNB1/DCTN1/PREP/BMPR2/FMR1/ADCY7/WDR1/TOMM70/ARRB1/C12orf57/RGS14/GSTO1/NOTCH1/REST/AMN/RPL38/ATF6/PLCB2/CALM3",0.593325476396405
"GO:0048644","muscle organ morphogenesis",11,0.621397531040995,1.62633219793285,0.0181976728150108,0.31537067841794,0.286529132213813,1745,"tags=55%, list=21%, signal=43%","NOG/ZFPM1/TGFBR1/NOTCH1/TTN/TGFB1",0.352487857583619
"GO:0055008","cardiac muscle tissue morphogenesis",11,0.621397531040995,1.62633219793285,0.0181976728150108,0.31537067841794,0.286529132213813,1745,"tags=55%, list=21%, signal=43%","NOG/ZFPM1/TGFBR1/NOTCH1/TTN/TGFB1",0.352487857583619
"GO:0060415","muscle tissue morphogenesis",11,0.621397531040995,1.62633219793285,0.0181976728150108,0.31537067841794,0.286529132213813,1745,"tags=55%, list=21%, signal=43%","NOG/ZFPM1/TGFBR1/NOTCH1/TTN/TGFB1",0.352487857583619
"GO:0032944","regulation of mononuclear cell proliferation",84,-0.377603966883577,-1.62523121726821,0.00259492451595939,0.102121091888485,0.0927818273604925,2111,"tags=43%, list=25%, signal=32%","PNP/FADD/IL23A/TRAF6/ANXA1/GPR183/PRNP/TNFRSF4/TNFSF8/CD74/NCKAP1L/SLAMF1/IRS2/PTPN11/IKZF3/HLA-DRB1/IL12RB1/TNFRSF1B/HLA-A/CD38/CD300A/CD55/CD28/BTLA/PRKAR1A/HLA-DPB1/JAK2/HLA-DPA1/CTLA4/CCL5/AHR/FLT3LG/BCL2/RIPOR2/TNFSF13B/SLC7A1",0.431707695803346
"GO:0050670","regulation of lymphocyte proliferation",84,-0.377603966883577,-1.62523121726821,0.00259492451595939,0.102121091888485,0.0927818273604925,2111,"tags=43%, list=25%, signal=32%","PNP/FADD/IL23A/TRAF6/ANXA1/GPR183/PRNP/TNFRSF4/TNFSF8/CD74/NCKAP1L/SLAMF1/IRS2/PTPN11/IKZF3/HLA-DRB1/IL12RB1/TNFRSF1B/HLA-A/CD38/CD300A/CD55/CD28/BTLA/PRKAR1A/HLA-DPB1/JAK2/HLA-DPA1/CTLA4/CCL5/AHR/FLT3LG/BCL2/RIPOR2/TNFSF13B/SLC7A1",0.431707695803346
"GO:0001836","release of cytochrome c from mitochondria",37,-0.454717303331643,-1.62504680399794,0.0133670643627073,0.271543025265501,0.246709642692044,1977,"tags=38%, list=24%, signal=29%","BID/MLLT11/CASP2/SOD2/PARL/PLSCR3/BCL2L11/PMAIP1/TP53/BAK1/PINK1/CASP1/GZMK/BCL2",0.380730400722792
"GO:0090181","regulation of cholesterol metabolic process",19,0.525816207331172,1.62080661962405,0.0205527261037081,0.336139390561944,0.305398486516731,1013,"tags=37%, list=12%, signal=32%","EPHX2/INSIG1/PRKACA/ERLIN2/TTC39B/QKI/ABCG1",0.352487857583619
"GO:0002456","T cell mediated immunity",59,-0.412051254021565,-1.61929276331775,0.00412178873631646,0.134327227940367,0.122042620599731,1041,"tags=29%, list=12%, signal=25%","HLA-DRB1/IL12RB1/ARID5A/TNFRSF1B/HLA-A/PRF1/CD55/BTLA/HLA-C/GNL1/IL18R1/LAG3/BTN3A2/CTSH/AHR/NFKBIZ/FUT7",0.407017918923954
"GO:0015695","organic cation transport",29,-0.471608437848671,-1.61853143919075,0.0210357511870171,0.342556327519615,0.311228576324623,1311,"tags=31%, list=16%, signal=26%","SLC3A2/SLC7A5/SLC38A1/SLC38A2/GABBR1/SLC36A4/SLC15A4/SEC14L1/SLC7A1",0.352487857583619
"GO:0031347","regulation of defense response",414,-0.304171314190013,-1.61725535482653,1.24413976694751e-05,0.00120522052295581,0.0010949996756235,865,"tags=19%, list=10%, signal=18%","RB1/UBE2K/CALHM2/PRKDC/YWHAZ/DTX3L/IL10RA/TNFRSF1B/TMSB4X/HLA-A/MAP2K6/TRAF1/CD300A/STAT3/ARNT/NLRC5/TTLL12/RNF125/YTHDF3/CASP1/SIN3A/SYT11/PPP2CA/PRKAR1A/IFIH1/SELENOS/HLA-C/PJA2/JAK2/NFKB1/SUSD4/PRKAR2A/ITCH/NFKBIA/OPTN/CHUK/TNIP1/ZC3H12A/IL18R1/RHBDF2/ZC3HAV1/NAGK/PDCD4/GBP5/PSMA6/USP15/ZBP1/DDX60/RBX1/APOBEC3G/TRIM11/BIRC3/CCL5/PAK1/CASP8/RORA/SLC15A4/AHR/POLR3F/WDFY1/NKG7/PRKCE/SEC14L1/ZDHHC5/IKBKB/CTSS/TRADD/GZMK/LGALS1/OSM/CD69/LYAR/NFKBIZ/CD47/NEAT1/FUT7/PIM1/TNFAIP3",0.593325476396405
"GO:0006304","DNA modification",18,-0.540644049949524,-1.61674979177599,0.016345514573657,0.305709673560773,0.277751653749663,2576,"tags=56%, list=31%, signal=39%","NEIL2/SMUG1/UNG/PARP3/TDG/APOBEC3C/MPG/CDADC1/EXOSC6/APOBEC3G",0.352487857583619
"GO:0035710","CD4-positive, alpha-beta T cell activation",82,-0.37562505948784,-1.61616979992776,0.00511420905096623,0.150949076519925,0.137144353814696,2093,"tags=41%, list=25%, signal=31%","AP3B1/IL23A/RUNX3/ANXA1/PSMA1/JAK1/GPR183/ATP7A/TBK1/PSMB3/NCKAP1L/PSMB9/SLAMF6/PSMA2/GPR65/HLA-DRB1/IL12RB1/PSMB2/SOCS1/PSMA3/STAT3/CD55/MTOR/STOML2/ZC3H12A/IL18R1/PSMA6/RORA/NKG7/JUNB/LGALS1/SOCS3/CD69/NFKBIZ",0.407017918923954
"GO:0002698","negative regulation of immune effector process",45,-0.426200980470623,-1.61550780505308,0.0150233796834247,0.295616293979054,0.268581342460223,1939,"tags=38%, list=23%, signal=29%","ANXA1/PARP3/CUEDC2/CD59/NCKAP1L/SLAMF1/CD84/HLA-A/CD300A/CD55/BTLA/SUSD4/ZC3H12A/LAG3/AHR/LGALS1/CD69",0.380730400722792
"GO:0072538","T-helper 17 type immune response",46,-0.421456435168607,-1.61509086819663,0.0153568054304745,0.30061145552504,0.273119682264732,1421,"tags=35%, list=17%, signal=29%","PSMB9/SLAMF6/PSMA2/IL12RB1/PSMB2/PSMA3/ARID5A/STAT3/ZC3H12A/PSMA6/RORA/JUNB/LGALS1/SOCS3/CD69/NFKBIZ",0.380730400722792
"GO:0002260","lymphocyte homeostasis",41,-0.433103860458963,-1.61352753084637,0.0143634431612892,0.288644086507184,0.262246763207164,1585,"tags=41%, list=19%, signal=34%","PSMB3/CD74/NCKAP1L/PSMB9/PMAIP1/PSMA2/TSC22D3/PSMB2/PSMA3/DOCK10/FAS/SIVA1/PPP2CA/PPP2R1A/PSMA6/TNFSF13B/TNFAIP3",0.380730400722792
"GO:0070661","leukocyte proliferation",109,-0.360656673593129,-1.61317073515541,0.00199968104778028,0.0888799411589872,0.0807516175544702,2155,"tags=39%, list=26%, signal=29%","GSTP1/PNP/FADD/IL23A/IL2RG/TRAF6/ANXA1/GPR183/PRNP/TNFRSF4/TNFSF8/PPP3CB/CD74/NCKAP1L/SLAMF1/IRS2/PTPN11/IKZF3/HLA-DRB1/IL12RB1/BTN3A1/TNFRSF1B/HLA-A/CD38/CD300A/CD55/CD28/BTLA/PRKAR1A/HLA-DPB1/JAK2/HLA-DPA1/CTLA4/CCL5/AHR/FLT3LG/BCL2/RIPOR2/TNFSF13B/NFKBIZ/SLC7A1/TNFAIP3",0.431707695803346
"GO:0048706","embryonic skeletal system development",12,0.600049272910545,1.61185420854018,0.0352481608246019,0.457577353401165,0.415730601996481,807,"tags=42%, list=10%, signal=38%","NOG/DEAF1/CTNNB1/PCSK5/TGFBR1",0.321775918075361
"GO:2000319","regulation of T-helper 17 cell differentiation",18,-0.538396535456102,-1.61002879190631,0.0171492288152684,0.313091416913439,0.284458315661528,342,"tags=28%, list=4%, signal=27%","ZC3H12A/JUNB/LGALS1/CD69/NFKBIZ",0.352487857583619
"GO:0031294","lymphocyte costimulation",22,0.497280397389406,1.60968080107561,0.0173836497083032,0.313091416913439,0.284458315661528,497,"tags=32%, list=6%, signal=30%","LCK/CD81/CD5/FYN/PDPK1/CSK/CCR7",0.352487857583619
"GO:1900016","negative regulation of cytokine production involved in inflammatory response",17,-0.563519359849687,-1.60688543146555,0.0160759643114025,0.305709673560773,0.277751653749663,710,"tags=47%, list=8%, signal=43%","STAT3/JAK2/NFKB1/NFKBIA/ZC3H12A/PDCD4/ABCD2/IKBKB",0.352487857583619
"GO:0010232","vascular transport",19,-0.524488804121819,-1.60606748613022,0.0197889160289214,0.330807631669314,0.300554332151011,1658,"tags=58%, list=20%, signal=47%","SLCO3A1/ABCC1/SLC3A2/SLC7A5/FABP5/ATP2B4/SLC38A1/SLC38A2/SLC2A3/ATP8A1/SLC7A1",0.352487857583619
"GO:0150104","transport across blood-brain barrier",19,-0.524488804121819,-1.60606748613022,0.0197889160289214,0.330807631669314,0.300554332151011,1658,"tags=58%, list=20%, signal=47%","SLCO3A1/ABCC1/SLC3A2/SLC7A5/FABP5/ATP2B4/SLC38A1/SLC38A2/SLC2A3/ATP8A1/SLC7A1",0.352487857583619
"GO:0140115","export across plasma membrane",26,-0.493080419494913,-1.60479154024193,0.0123737817040985,0.262630040888113,0.238611776105652,1271,"tags=35%, list=15%, signal=29%","FXYD2/FXYD1/ABCA1/CALM1/CALM2/FXYD5/NEDD4/FXYD7/PIM1",0.380730400722792
"GO:0048844","artery morphogenesis",11,0.612807775464286,1.60385094339137,0.0496031746031746,0.545206738786505,0.495346030662354,1170,"tags=36%, list=14%, signal=31%","NOG/TGFBR1/SOX4/NOTCH1",0.287857117255149
"GO:0000027","ribosomal large subunit assembly",26,0.487612306288383,1.60246816344333,0.0150004474571544,0.295616293979054,0.268581342460223,539,"tags=19%, list=6%, signal=18%","RPL11/RPL5/NOP53/TUFM/EIF6",0.380730400722792
"GO:0031295","T cell costimulation",21,0.505554322596765,1.60227626407506,0.0308988515194509,0.426043288468925,0.387080417060028,497,"tags=33%, list=6%, signal=31%","LCK/CD81/CD5/FYN/PDPK1/CSK/CCR7",0.352487857583619
"GO:0034453","microtubule anchoring",16,0.5466024745358,1.6014396996085,0.0179436469287745,0.31537067841794,0.286529132213813,2020,"tags=56%, list=24%, signal=43%","BICD2/PCM1/DCTN1/PEX14/CLASP2/CLASP1/BICD1/BBS4/GSK3B",0.352487857583619
"GO:0099149","regulation of postsynaptic neurotransmitter receptor internalization",12,-0.598462786162841,-1.598607184469,0.0296486809495332,0.417957897863196,0.379734458439236,783,"tags=33%, list=9%, signal=30%","NUMB/IQSEC1/SUSD4/CBLB",0.352487857583619
"GO:1904707","positive regulation of vascular associated smooth muscle cell proliferation",16,-0.545277389046641,-1.59849430199395,0.0341893062101443,0.45321824162079,0.411770143396083,692,"tags=31%, list=8%, signal=29%","ERN1/JAK2/XBP1/PAK1/JUN",0.321775918075361
"GO:0002819","regulation of adaptive immune response",95,-0.3636085240237,-1.59811995459288,0.00269641548882461,0.103814613294052,0.0943204714131249,794,"tags=20%, list=9%, signal=18%","ARID5A/TNFRSF1B/HLA-A/SAMSN1/CD55/BTLA/HLA-C/SUSD4/ZC3H12A/IL18R1/LAG3/SLC15A4/AHR/JUNB/LGALS1/CD69/NFKBIZ/FUT7/TNFAIP3",0.431707695803346
"GO:0035094","response to nicotine",14,-0.565902018845287,-1.59690530558417,0.0485606524789884,0.545206738786505,0.495346030662354,825,"tags=36%, list=10%, signal=32%","HDAC2/GABBR1/NFKB1/BCL2/FOSB",0.321775918075361
"GO:0034764","positive regulation of transmembrane transport",61,-0.401078122900063,-1.59392005616407,0.00749197293018985,0.196366664165799,0.178408373794927,1314,"tags=31%, list=16%, signal=26%","IRS2/SLC7A5/FXYD2/PTPN11/SRI/ACSL5/OPN3/FXYD1/ARL6IP1/ARPP19/FHL1/ITGB1/FXYD5/CXCR3/FLNA/CTSS/PPP3CC/FXYD7/PIM1",0.407017918923954
"GO:0045063","T-helper 1 cell differentiation",24,-0.491013974223147,-1.59337380047359,0.0188542973930202,0.319423926236907,0.290211698982677,1939,"tags=46%, list=23%, signal=35%","ANXA1/PSMA1/PSMB3/PSMB9/PSMA2/PSMB2/PSMA3/MTOR/IL18R1/PSMA6/NFKBIZ",0.352487857583619
"GO:0032496","response to lipopolysaccharide",123,-0.351526428599069,-1.59306849032652,0.00153599949540409,0.0763553433373244,0.0693724298532845,1630,"tags=31%, list=19%, signal=25%","CCL28/SOD2/CDC73/TAB2/ZFP36/PLSCR3/MAPKAPK3/SLC7A5/PTPN11/NFKBIB/PLAA/ABCA1/HDAC2/ARID5A/IL10RA/TNFRSF1B/RHOA/CD55/CASP1/LDOC1/SELENOS/JAK2/NFKB1/XBP1/TNIP1/ZC3H12A/IL18R1/PDCD4/GBP5/PELI1/CASP8/PDE4B/PRKCE/MTDH/GCH1/NFKBIZ/FOS/TNFAIP3",0.45505986738723
"GO:0042273","ribosomal large subunit biogenesis",72,0.376308052817394,1.59126136655093,0.0102430772403044,0.243385822728742,0.221127496473192,711,"tags=17%, list=8%, signal=15%","RPL11/RPL5/RPL7/NOP53/RPL7A/WDR18/TUFM/NSA2/RPL35A/RPL26/EIF6/RPL35",0.380730400722792
"GO:0019883","antigen processing and presentation of endogenous antigen",14,-0.563149480765585,-1.58913798453403,0.0498820106658372,0.545206738786505,0.495346030662354,1500,"tags=57%, list=18%, signal=47%","CD74/TAP2/HLA-DRB1/HLA-A/IDE/HLA-C/TAPBP/TAP1",0.321775918075361
"GO:2000279","negative regulation of DNA biosynthetic process",22,-0.496098995511407,-1.58909074808351,0.0199202379437707,0.331535942517911,0.301216036899459,2483,"tags=64%, list=30%, signal=45%","TENT4B/PINX1/STN1/CTC1/ACD/PARP3/DCP2/TERF1/NAT10/TP53/XRN1/POT1/HNRNPC/DUSP1",0.352487857583619
"GO:0046209","nitric oxide metabolic process",30,-0.462024069281119,-1.58811721418173,0.0161392578521379,0.305709673560773,0.277751653749663,1686,"tags=40%, list=20%, signal=32%","HSP90AB1/ASL/HSP90AA1/SIGMAR1/ATP2B4/SELENOS/JAK2/CYB5R3/PIK3CB/ZC3H12A/GCH1/CD47",0.352487857583619
"GO:0043367","CD4-positive, alpha-beta T cell differentiation",73,-0.38481757934566,-1.5878132745569,0.00688529598223952,0.188190744877895,0.170980165597624,2093,"tags=42%, list=25%, signal=32%","AP3B1/IL23A/RUNX3/ANXA1/PSMA1/JAK1/GPR183/ATP7A/TBK1/PSMB3/NCKAP1L/PSMB9/SLAMF6/PSMA2/GPR65/HLA-DRB1/IL12RB1/PSMB2/SOCS1/PSMA3/STAT3/MTOR/ZC3H12A/IL18R1/PSMA6/RORA/JUNB/LGALS1/SOCS3/CD69/NFKBIZ",0.407017918923954
"GO:0032943","mononuclear cell proliferation",100,-0.356318923042802,-1.58146510728996,0.0027478722417695,0.103814613294052,0.0943204714131249,1549,"tags=31%, list=18%, signal=26%","TNFSF8/PPP3CB/CD74/NCKAP1L/SLAMF1/IRS2/PTPN11/IKZF3/HLA-DRB1/IL12RB1/BTN3A1/TNFRSF1B/HLA-A/CD38/CD300A/CD55/CD28/BTLA/PRKAR1A/HLA-DPB1/JAK2/HLA-DPA1/CTLA4/CCL5/AHR/FLT3LG/BCL2/RIPOR2/TNFSF13B/NFKBIZ/SLC7A1",0.431707695803346
"GO:0046651","lymphocyte proliferation",100,-0.356318923042802,-1.58146510728996,0.0027478722417695,0.103814613294052,0.0943204714131249,1549,"tags=31%, list=18%, signal=26%","TNFSF8/PPP3CB/CD74/NCKAP1L/SLAMF1/IRS2/PTPN11/IKZF3/HLA-DRB1/IL12RB1/BTN3A1/TNFRSF1B/HLA-A/CD38/CD300A/CD55/CD28/BTLA/PRKAR1A/HLA-DPB1/JAK2/HLA-DPA1/CTLA4/CCL5/AHR/FLT3LG/BCL2/RIPOR2/TNFSF13B/NFKBIZ/SLC7A1",0.431707695803346
"GO:1901652","response to peptide",409,-0.302311964217732,-1.58081959996685,1.85565444946432e-05,0.00175266562751905,0.00159237936714108,2045,"tags=33%, list=24%, signal=27%","FADD/IL23A/IL2RG/HCLS1/TRAF6/COMMD7/TRIM41/PSMA1/DDOST/NSMAF/NR1H2/JAK1/NUB1/ISG15/PYHIN1/CDC37/ACTN4/ARHGEF2/PDE12/SEM1/HDAC4/YTHDF2/PSMD1/EIF5A/TBK1/TNFRSF4/AGPAT2/PSMC5/TAF9/BIRC2/FCER1G/PSMB3/USP10/SH2B3/ITGA4/PTPRJ/SOS1/STAT2/CD74/USP18/PTPN1/ZFP36/PSMB9/MKKS/SP100/IL4R/SELPLG/YBX3/RPS6KA5/MAPKAPK3/TRAF3/PTPN11/RAF1/SHARPIN/KRAS/PSMA2/ETV3/REL/WBP1L/TP53/SOCS2/PSMB7/CASP4/OXSR1/IL12RB1/ILK/ADIPOR1/GPR25/GBP1/SMPD4/PSMB2/VRK2/LIMS1/ABCA1/SOCS1/UBE2K/SEC61A1/PSMA3/CALM1/IL10RA/TNFRSF1B/TMSB4X/TRAF1/RHOA/CD38/STAT3/NLRC5/TANK/PLP2/FAS/TTLL12/YTHDF3/CASP1/SIN3A/LAMP3/PSMD12/IFIH1/CXCR3/JAK2/HLA-DPA1/NFKB1/TIMP1/NFKBIA/XBP1/CHUK/ZC3H12A/IL18R1/NFAT5/GBP5/PSMA6/ZBP1/BIRC3/CCL5/GBP4/SOCS4/TUBA1A/CASP8/TOLLIP/RELB/IKBKB/CXCR4/TRADD/CISH/EDA/GCH1/BCL2/IFI27/RIPOR2/TNFSF13B/SOCS3/OSM/NFKBIZ/CD47/FOS/PIM1/DUSP1/TNFAIP3",0.575610261071129
"GO:0045581","negative regulation of T cell differentiation",35,-0.437739720081929,-1.58048134222339,0.0262945945891436,0.386540771820173,0.351190517997729,1991,"tags=43%, list=24%, signal=33%","RUNX3/ANXA1/PSMA1/PSMB3/PSMB9/PSMA2/PSMB2/SOCS1/PSMA3/CTLA4/ZC3H12A/LAG3/PSMA6/LGALS1/CD69",0.352487857583619
"GO:0042093","T-helper cell differentiation",64,-0.388355869063551,-1.57996474131933,0.00841959588951603,0.20927127151705,0.190132818072571,1939,"tags=41%, list=23%, signal=31%","ANXA1/PSMA1/JAK1/GPR183/ATP7A/TBK1/PSMB3/PSMB9/SLAMF6/PSMA2/GPR65/HLA-DRB1/IL12RB1/PSMB2/PSMA3/STAT3/MTOR/ZC3H12A/IL18R1/PSMA6/RORA/JUNB/LGALS1/SOCS3/CD69/NFKBIZ",0.380730400722792
"GO:0048640","negative regulation of developmental growth",20,0.511248926181771,1.57727875889155,0.0261970375180185,0.386540771820173,0.351190517997729,1119,"tags=30%, list=13%, signal=26%","YY1/GNAS/PTEN/NOG/VGLL4/TOMM70",0.352487857583619
"GO:0045066","regulatory T cell differentiation",30,-0.458769161115956,-1.5769291050953,0.0180195037481126,0.31537067841794,0.286529132213813,2032,"tags=43%, list=24%, signal=33%","KAT5/PSMA1/PSMB3/PSMB9/PSMA2/HLA-DRB1/PSMB2/SOCS1/PSMA3/CD28/CTLA4/LAG3/PSMA6",0.352487857583619
"GO:0060840","artery development",14,0.558763899131694,1.57382070766136,0.0441116471379328,0.522425714379655,0.474648395780819,1170,"tags=36%, list=14%, signal=31%","NOG/TGFBR1/SOX4/BMPR2/NOTCH1",0.321775918075361
"GO:0071216","cellular response to biotic stimulus",101,-0.361928584229622,-1.57323886669694,0.0054755965500086,0.15791453256437,0.143472799077585,1630,"tags=32%, list=19%, signal=26%","CCL28/CDC73/TMCO1/ZFP36/PLSCR3/SLC7A5/PTPN11/NFKBIB/TP53/PLAA/ABCA1/ARID5A/TNFRSF1B/RHOA/CD55/CASP1/LDOC1/SELENOS/JAK2/NFKB1/XBP1/TNIP1/ZC3H12A/IL18R1/PDCD4/GBP5/AHR/PDE4B/PRKCE/MTDH/NFKBIZ/TNFAIP3",0.407017918923954
"GO:2000316","regulation of T-helper 17 type immune response",21,-0.510972901116894,-1.57133462081438,0.0360369738362401,0.459958402544983,0.417893897418741,1032,"tags=33%, list=12%, signal=29%","IL12RB1/ARID5A/ZC3H12A/JUNB/LGALS1/CD69/NFKBIZ",0.321775918075361
"GO:2000785","regulation of autophagosome assembly",35,-0.434873524744567,-1.5701327993655,0.029163062424963,0.414203194892896,0.376323133742858,2320,"tags=40%, list=28%, signal=29%","PIP4K2A/SCFD1/MTM1/PIP4K2C/SNX4/ATG2A/SNX18/UBQLN2/PIKFYVE/SEC22B/RAB1B/PINK1/SMCR8/MTOR",0.352487857583619
"GO:0045620","negative regulation of lymphocyte differentiation",36,-0.433816573169242,-1.56867652963042,0.0257011921650204,0.382279937005697,0.347319348654965,1991,"tags=42%, list=24%, signal=32%","RUNX3/ANXA1/PSMA1/PSMB3/PSMB9/PSMA2/PSMB2/SOCS1/PSMA3/CTLA4/ZC3H12A/LAG3/PSMA6/LGALS1/CD69",0.352487857583619
"GO:0036260","RNA capping",16,-0.534657344721951,-1.56736137647576,0.0405796593461754,0.491378054518752,0.446440132787438,2215,"tags=56%, list=26%, signal=41%","SNRPB/TGS1/RAMAC/RNGTT/NCBP1/SNRPD1/CMTR2/NCBP3/SNRPD3",0.321775918075361
"GO:0002292","T cell differentiation involved in immune response",56,-0.404295816471889,-1.56649917830957,0.0071807173860612,0.192402484287512,0.174806729450047,1421,"tags=32%, list=17%, signal=27%","PSMB9/SLAMF6/PSMA2/HLA-DRB1/IL12RB1/PSMB2/PSMA3/STAT3/MTOR/ZC3H12A/IL18R1/PSMA6/RORA/JUNB/LGALS1/SOCS3/CD69/NFKBIZ",0.407017918923954
"GO:0002478","antigen processing and presentation of exogenous peptide antigen",24,-0.48245692294304,-1.56560558605443,0.0235288207337759,0.368252194558182,0.334574483182472,1041,"tags=33%, list=12%, signal=29%","HLA-DRB1/PIKFYVE/HLA-A/HLA-DPB1/HLA-C/HLA-DPA1/IKBKB/CTSS",0.352487857583619
"GO:0042987","amyloid precursor protein catabolic process",31,0.449002847689029,1.56433140808843,0.0177767872210239,0.31537067841794,0.286529132213813,2818,"tags=55%, list=34%, signal=37%","BIN1/RANBP9/PIN1/CSNK1E/APP/ABCA7/ABCG1/RTN3/GGA3/PSENEN/PSEN1/CLN3/ADAM10/SP1/TMED10/ROCK1/CASP3",0.352487857583619
"GO:0046634","regulation of alpha-beta T cell activation",52,-0.401552821481952,-1.56352743886824,0.0114813795592695,0.259740430987546,0.235986429255402,1118,"tags=29%, list=13%, signal=25%","GPR65/HLA-DRB1/IL12RB1/SOCS1/HLA-A/RHOA/CD300A/CD55/JAK2/ZC3H12A/PRDM1/JUNB/LGALS1/CD69/NFKBIZ",0.380730400722792
"GO:0002287","alpha-beta T cell activation involved in immune response",54,-0.39592841447133,-1.55956460669815,0.012348064869731,0.262630040888113,0.238611776105652,1421,"tags=31%, list=17%, signal=26%","PSMB9/SLAMF6/PSMA2/IL12RB1/PSMB2/PSMA3/STAT3/MTOR/ZC3H12A/IL18R1/PSMA6/RORA/JUNB/LGALS1/SOCS3/CD69/NFKBIZ",0.380730400722792
"GO:1901799","negative regulation of proteasomal protein catabolic process",42,0.40804746819944,1.55693935908807,0.0203287258670934,0.336139390561944,0.305398486516731,907,"tags=29%, list=11%, signal=26%","RPL11/USP7/NOP53/CSNK2A2/DDRGK1/GIPC1/USP38/GABARAPL2/PARK7/CBX4/CAMLG/PHF20L1",0.352487857583619
"GO:0006809","nitric oxide biosynthetic process",27,-0.465465813187249,-1.55610362736723,0.0390757154926004,0.480873137234672,0.436895920089907,1686,"tags=41%, list=20%, signal=33%","HSP90AB1/ASL/HSP90AA1/SIGMAR1/ATP2B4/JAK2/CYB5R3/PIK3CB/ZC3H12A/GCH1/CD47",0.321775918075361
"GO:0043627","response to estrogen",25,-0.472313970258796,-1.55478868368083,0.0318242203001376,0.43405019600693,0.394355070113032,2409,"tags=56%, list=29%, signal=40%","PRKAA1/RARA/PELP1/WBP2/CITED4/ARPC1B/TRIM25/SFR1/HSP90AA1/CDK12/ARID5A/BCAS3/KMT2D/CITED2",0.321775918075361
"GO:0046637","regulation of alpha-beta T cell differentiation",37,-0.434845858256072,-1.5540311903974,0.0228319371739915,0.35941274434725,0.326543425853709,2111,"tags=46%, list=25%, signal=35%","PNP/AP3B1/IL23A/RUNX3/ANXA1/NCKAP1L/GPR65/HLA-DRB1/IL12RB1/SOCS1/RHOA/ZC3H12A/PRDM1/JUNB/LGALS1/CD69/NFKBIZ",0.352487857583619
"GO:0002418","immune response to tumor cell",22,-0.484910806284172,-1.55325304603277,0.0247010029357958,0.373281556365746,0.339143895537291,1041,"tags=32%, list=12%, signal=28%","HLA-DRB1/HLA-A/PRF1/BTLA/LAG3/AHR/NKG7",0.352487857583619
"GO:0043029","T cell homeostasis",30,-0.451520523364306,-1.55201333304326,0.024287019646369,0.371483239773207,0.337510040115821,2045,"tags=50%, list=24%, signal=38%","FADD/PSMA1/PSMB3/NCKAP1L/PSMB9/PMAIP1/PSMA2/TSC22D3/PSMB2/PSMA3/FAS/SIVA1/PPP2CA/PPP2R1A/PSMA6",0.352487857583619
"GO:0046629","gamma-delta T cell activation",12,0.577066083196787,1.55011669340896,0.0473329258289771,0.543023143978853,0.493362131815188,963,"tags=33%, list=11%, signal=30%","TCF7/CD3E/SOX4/CD247",0.321775918075361
"GO:1903038","negative regulation of leukocyte cell-cell adhesion",66,-0.378441245088412,-1.550042685786,0.0121179328342769,0.261608858559418,0.237683983807583,2025,"tags=39%, list=24%, signal=30%","ADTRP/RUNX3/ANXA1/PSMA1/PRNP/CCL28/PSMB3/LAX1/PSMB9/PTPN11/PSMA2/HLA-DRB1/PSMB2/SOCS1/PSMA3/CD300A/BTLA/PRKAR1A/CTLA4/ZC3H12A/LAG3/PSMA6/CBLB/RIPOR2/LGALS1/CD69",0.380730400722792
"GO:0046456","icosanoid biosynthetic process",19,-0.505590921677563,-1.54819918787121,0.0332936738955131,0.442899647807213,0.402395214357331,1500,"tags=37%, list=18%, signal=30%","CD74/PNPLA8/PLAA/FABP5/SIGMAR1/CASP1/MGST3",0.321775918075361
"GO:2001057","reactive nitrogen species metabolic process",32,-0.443448968649492,-1.54598925657999,0.0226280860574033,0.359197097163318,0.32634750021856,1686,"tags=38%, list=20%, signal=30%","HSP90AB1/ASL/HSP90AA1/SIGMAR1/ATP2B4/SELENOS/JAK2/CYB5R3/PIK3CB/ZC3H12A/GCH1/CD47",0.352487857583619
"GO:0002286","T cell activation involved in immune response",64,-0.379936254409268,-1.54571086401515,0.0119242114201187,0.261608858559418,0.237683983807583,1585,"tags=34%, list=19%, signal=28%","PSMB3/CD74/NCKAP1L/PSMB9/SLAMF6/PSMA2/HLA-DRB1/IL12RB1/LCP1/PSMB2/PSMA3/STAT3/MTOR/ZC3H12A/IL18R1/PSMA6/RORA/JUNB/LGALS1/SOCS3/CD69/NFKBIZ",0.380730400722792
"GO:0060333","type II interferon-mediated signaling pathway",18,-0.515960314290591,-1.54293519141081,0.0331668408521016,0.442771465509682,0.402278754695764,1919,"tags=44%, list=23%, signal=34%","NR1H2/JAK1/CDC37/SP100/RAF1/TP53/NLRC5/JAK2",0.321775918075361
"GO:0006887","exocytosis",148,-0.334513110298105,-1.54203864455947,0.00135108352355463,0.069099620829236,0.0627802638210585,1659,"tags=32%, list=20%, signal=26%","CDK16/RAB11A/S100A10/FCER1G/PPP3CB/COPS5/NCKAP1L/SNF8/PIP5K1C/RAB40C/SNX19/OSBPL2/YKT6/SYNJ1/CD84/SNAPIN/ARFGEF1/OTOF/RAB33B/RAB8A/NAPA/RAB10/SYNGR2/TXLNA/LIN7C/ARFGEF2/PREPL/EXOC4/CD300A/EXOC6B/MICAL1/SMCR8/TMEM167B/SCAMP1/SYT11/RAB9A/PIK3C2A/EFR3A/SYTL2/RAB27A/TSG101/EXOC6/CCL5/NSF/PAK1/ANXA2/NKG7/SCAMP3",0.45505986738723
"GO:0061709","reticulophagy",19,0.50010263452908,1.54154559946008,0.0418911561707752,0.502427898454567,0.456479437043337,1144,"tags=26%, list=14%, signal=23%","SEC62/DDRGK1/RETREG1/RTN3/UFL1",0.321775918075361
"GO:0050868","negative regulation of T cell activation",61,-0.387839813121087,-1.54130983819992,0.0134155821221526,0.271543025265501,0.246709642692044,1991,"tags=39%, list=24%, signal=30%","RUNX3/ANXA1/PSMA1/PRNP/PSMB3/LAX1/PSMB9/PTPN11/PSMA2/HLA-DRB1/PSMB2/SOCS1/PSMA3/CD300A/BTLA/PRKAR1A/CTLA4/ZC3H12A/LAG3/PSMA6/CBLB/RIPOR2/LGALS1/CD69",0.380730400722792
"GO:0007040","lysosome organization",76,-0.3638480012289,-1.53856495384008,0.0120460042641208,0.261608858559418,0.237683983807583,1262,"tags=26%, list=15%, signal=23%","LAMP2/SNAPIN/GAA/ATP6V1H/CHMP1A/TMEM175/LAMTOR1/PIKFYVE/ZFYVE26/ABCA1/TMEM165/TPP1/LYST/MTOR/CHMP1B/TMEM106B/CHMP6/ATP6V0C/NAGPA/TFE3",0.380730400722792
"GO:0080171","lytic vacuole organization",76,-0.3638480012289,-1.53856495384008,0.0120460042641208,0.261608858559418,0.237683983807583,1262,"tags=26%, list=15%, signal=23%","LAMP2/SNAPIN/GAA/ATP6V1H/CHMP1A/TMEM175/LAMTOR1/PIKFYVE/ZFYVE26/ABCA1/TMEM165/TPP1/LYST/MTOR/CHMP1B/TMEM106B/CHMP6/ATP6V0C/NAGPA/TFE3",0.380730400722792
"GO:0002483","antigen processing and presentation of endogenous peptide antigen",13,-0.569014824662195,-1.53856310251682,0.0469924812030075,0.543023143978853,0.493362131815188,1321,"tags=54%, list=16%, signal=45%","TAP2/HLA-DRB1/HLA-A/IDE/HLA-C/TAPBP/TAP1",0.287857117255149
"GO:1902305","regulation of sodium ion transmembrane transport",16,-0.524373684886892,-1.53721457050105,0.0463309956504481,0.54262118491921,0.492996933055675,1271,"tags=44%, list=15%, signal=37%","FXYD2/ATP2B4/FXYD1/FXYD5/CAMK2D/PRKCE/FXYD7",0.321775918075361
"GO:0032922","circadian regulation of gene expression",40,-0.420646680373191,-1.53626794750508,0.0180764093071576,0.31537067841794,0.286529132213813,971,"tags=32%, list=12%, signal=29%","GFPT1/CRY2/NCOA2/NAMPT/HDAC2/ATF4/HUWE1/MAGED1/RORA/AHR/PPP1CC/RELB/BHLHE40",0.352487857583619
"GO:0003018","vascular process in circulatory system",53,-0.398869415645163,-1.5359728460031,0.0130122038169077,0.270110472638887,0.245408101080713,2409,"tags=55%, list=29%, signal=39%","PRKAA1/SLC6A6/ABCB1/SLC38A5/ITGB1BP1/BCR/RAP1GDS1/ECE1/SLCO3A1/SOD2/ABCC1/PLEC/ITGA4/PTPRJ/SLC3A2/SLC7A5/PTPN11/FABP5/ATP2B4/SLC38A1/CD38/SLC38A2/ITGB1/PIK3C2A/CLDN5/SLC2A3/ATP8A1/GCLM/SLC7A1",0.380730400722792
"GO:0045123","cellular extravasation",25,-0.466157342072913,-1.53452196189025,0.0357938783747959,0.458404313559251,0.416481934294272,2299,"tags=48%, list=27%, signal=35%","PIK3CG/ITGAL/FADD/BCR/CD99/CCL28/ITGA4/SELPLG/ITGB1/RIPOR2/CD47/FUT7",0.321775918075361
"GO:0039535","regulation of RIG-I signaling pathway",18,-0.512723410918284,-1.53325550871817,0.0350620331547047,0.45677365951198,0.415000408201075,1641,"tags=56%, list=20%, signal=45%","PUM2/BIRC2/C1QBP/UFD1/RNF125/ZC3HAV1/USP15/DDX60/BIRC3/SEC14L1",0.321775918075361
"GO:1901796","regulation of signal transduction by p53 class mediator",76,0.355464059363631,1.53164260414879,0.0134027864196161,0.271543025265501,0.246709642692044,889,"tags=24%, list=11%, signal=21%","RPL11/RPL5/RPS7/USP7/RPS15/FAM193A/NOP53/RPL26/RPL23/DVL2/RFFL/MYC/DYRK2/PIP4P1/KDM1A/PRMT5/SOX4/SMARCA4",0.380730400722792
"GO:0098609","cell-cell adhesion",296,-0.299391068169024,-1.53035908459687,0.000596013000196006,0.040017200945491,0.0363575140151172,2122,"tags=37%, list=25%, signal=29%","CD164/PNP/AP3B1/DENND6A/FADD/IL23A/KAT5/SMARCD1/ITGAE/NINJ1/ADTRP/IL2RG/TRAF6/RUNX3/TMOD3/HLA-DOA/ANXA1/PSMA1/JAK1/ZBTB1/PRNP/YTHDF2/RAP2B/CD99/PPIA/CCL28/CCDC141/PSMB3/SH2B3/SPINT2/ITGA4/LAX1/NTNG2/NCKAP1L/PSMB9/SELPLG/SLAMF1/PIP5K1C/CD27/PTPN11/CD84/ATP2C1/METAP1/PSMA2/GPR65/VCL/HLA-DRB1/FIBP/IL12RB1/ILK/RAB10/ACTG1/SLC39A8/PSMB2/LIMS1/MYADM/LPP/SOCS1/PDLIM5/PSMA3/SMARCD3/SMARCD2/S100A11/HLA-A/RHOA/CD300A/ARID2/RHOH/ACTL6A/GTPBP4/TMX1/ITGB1/CD55/FXYD5/MTOR/CD28/BTLA/PRKAR1A/HLA-DPB1/JAK2/HLA-DPA1/CTLA4/PIK3CB/XBP1/TNIP1/ZC3H12A/LAG3/NFAT5/FLNA/CLDN5/PSMA6/ICAM2/CCL5/NEXN/ANXA2/MINK1/EMB/CBLB/CITED2/SWAP70/DPP4/ANK3/RIPOR2/LGALS1/CD69/NFKBIZ/CD47/FUT7/SLC7A1",0.477270815362862
"GO:0002534","cytokine production involved in inflammatory response",29,-0.445026184869202,-1.52730276574281,0.0465218464588782,0.54262118491921,0.492996933055675,710,"tags=34%, list=8%, signal=32%","STAT3/JAK2/NFKB1/NFKBIA/XBP1/ZC3H12A/PDCD4/ABCD2/GBP5/IKBKB",0.321775918075361
"GO:1900015","regulation of cytokine production involved in inflammatory response",29,-0.445026184869202,-1.52730276574281,0.0465218464588782,0.54262118491921,0.492996933055675,710,"tags=34%, list=8%, signal=32%","STAT3/JAK2/NFKB1/NFKBIA/XBP1/ZC3H12A/PDCD4/ABCD2/GBP5/IKBKB",0.321775918075361
"GO:0045622","regulation of T-helper cell differentiation",23,-0.481119311487975,-1.52459297977189,0.0413756153439047,0.497924164235542,0.452387582137953,1118,"tags=35%, list=13%, signal=30%","GPR65/HLA-DRB1/IL12RB1/ZC3H12A/JUNB/LGALS1/CD69/NFKBIZ",0.321775918075361
"GO:0015807","L-amino acid transport",31,-0.446001593695845,-1.52214355533901,0.0251595310816613,0.37787483834024,0.343317108801021,1330,"tags=35%, list=16%, signal=30%","SLC25A12/SLC3A2/SLC7A5/ARL6IP5/ARL6IP1/SLC38A1/SLC38A2/ITGB1/SLC36A4/SLC15A4/SLC7A1",0.352487857583619
"GO:0019730","antimicrobial humoral response",19,0.49354021932644,1.52131722716409,0.0488151677651664,0.545206738786505,0.495346030662354,636,"tags=32%, list=8%, signal=29%","RPL30/FAU/TOR2A/RPL39/APP/LYZ",0.321775918075361
"GO:0043374","CD8-positive, alpha-beta T cell differentiation",21,-0.49441930572099,-1.52042930374633,0.0481553256812506,0.545206738786505,0.495346030662354,1991,"tags=52%, list=24%, signal=40%","RUNX3/PSMA1/PSMB3/TNFSF8/NCKAP1L/PSMB9/PSMA2/PSMB2/SOCS1/PSMA3/PSMA6",0.321775918075361
"GO:0045638","negative regulation of myeloid cell differentiation",26,0.462580057383783,1.52020325459731,0.0285140594816165,0.408053472430103,0.370735820903696,1134,"tags=31%, list=14%, signal=27%","ZFP36L1/PTK2B/LEO1/MYC/LDB1/ZFPM1/QKI/KLF13",0.352487857583619
"GO:0002449","lymphocyte mediated immunity",132,-0.328039076568849,-1.5179230816455,0.00476415432413847,0.144465413750909,0.131253640460833,2045,"tags=34%, list=24%, signal=26%","FADD/IL23A/IL2RG/TRAF6/RIF1/BTN3A3/ZBTB1/PARP3/RNF8/FCER1G/C1QBP/CD74/NCKAP1L/SHLD2/SLAMF6/SLAMF1/CD27/HLA-DRB1/IL12RB1/GZMB/IGHV3-23/ARID5A/CEBPG/EXOSC6/TNFRSF1B/HLA-A/HCST/PRF1/TUBB4B/CD55/LYST/BTLA/HLA-C/GNL1/SUSD4/PIK3CB/IL18R1/LAG3/BTN3A2/CTSH/SLC15A4/AHR/NKG7/NFKBIZ/FUT7",0.407017918923954
"GO:0061844","antimicrobial humoral immune response mediated by antimicrobial peptide",16,0.518063593344279,1.51782628867156,0.0325769442477225,0.439556054885342,0.39935740252528,605,"tags=31%, list=7%, signal=29%","RPL30/FAU/TOR2A/RPL39/APP",0.321775918075361
"GO:0046426","negative regulation of receptor signaling pathway via JAK-STAT",20,-0.499901856799475,-1.51483261967728,0.0381706078322591,0.474370251283799,0.430987741568885,2021,"tags=50%, list=24%, signal=38%","IL2RG/BCL3/SH2B3/PIAS2/SOCS2/ADIPOR1/SOCS1/PIAS1/CISH/SOCS3",0.321775918075361
"GO:1904893","negative regulation of receptor signaling pathway via STAT",20,-0.499901856799475,-1.51483261967728,0.0381706078322591,0.474370251283799,0.430987741568885,2021,"tags=50%, list=24%, signal=38%","IL2RG/BCL3/SH2B3/PIAS2/SOCS2/ADIPOR1/SOCS1/PIAS1/CISH/SOCS3",0.321775918075361
"GO:0048025","negative regulation of mRNA splicing, via spliceosome",24,-0.466681120817452,-1.51441203330853,0.05,0.545206738786505,0.495346030662354,1763,"tags=38%, list=21%, signal=30%","EFTUD2/SAP18/C1QBP/SNRPD1/PTBP1/ACIN1/SFSWAP/SNRPD3/SRSF7",0.276500599254472
"GO:0140467","integrated stress response signaling",41,-0.406453073802085,-1.51424008061672,0.032981877180418,0.442771465509682,0.402278754695764,1071,"tags=24%, list=13%, signal=21%","ARIH1/PPP1R15B/CEBPG/ATF4/UBR4/MAF/JUNB/FOS/JUN/PPP1R15A",0.321775918075361
"GO:0050865","regulation of cell activation",282,-0.296696309998344,-1.51180649057285,0.000597016594670101,0.040017200945491,0.0363575140151172,1589,"tags=28%, list=19%, signal=23%","FCER1G/PSMB3/SH2B3/TNFSF8/PTPRJ/DDB1/LAX1/CD74/NCKAP1L/PSMB9/NEDD9/SHLD2/IL4R/SLAMF1/IRS2/CD27/PTPN11/CD84/IKZF3/AKIRIN2/PSMA2/GPR65/METTL14/HLA-DRB1/IL12RB1/CST7/PSMB2/SOCS1/PSMA3/CALHM2/SMARCD3/SMARCD2/PRKDC/TNFRSF1B/HLA-A/RHOA/CD38/SAMSN1/CD300A/ARID2/RHOH/ACTL6A/TMX1/CD55/MTOR/RPS6KA1/CD28/SYT11/MCUB/BTLA/PRKAR1A/HLA-DPB1/PJA2/JAK2/HLA-DPA1/CTLA4/XBP1/ZC3H12A/LAG3/FLNA/PSMA6/RBX1/CCL5/SLC15A4/AHR/CBLB/FLT3LG/DPP4/PRDM1/BCL2/RIPOR2/JUNB/TNFSF13B/LGALS1/CD69/NFKBIZ/CD47/SLC7A1/TNFAIP3",0.477270815362862
"GO:0001885","endothelial cell development",22,-0.471780201950497,-1.51119345298345,0.0354909590811455,0.457627451906375,0.41577611885079,1484,"tags=36%, list=18%, signal=30%","ADD1/PPP1R16B/VCL/MYADM/RAPGEF1/CLDN5/COL18A1/IKBKB",0.321775918075361
"GO:0006346","DNA methylation-dependent constitutive heterochromatin formation",16,0.51554972565877,1.51046114178935,0.034667424018221,0.454769194239024,0.413179256982788,1793,"tags=56%, list=21%, signal=44%","MBD2/TRIM28/KMT2A/SPIN1/DNMT1/DNMT3A/SETDB1/HDAC1/SIRT1",0.321775918075361
"GO:0071356","cellular response to tumor necrosis factor",107,-0.340825783008965,-1.50939035615346,0.00692390511858853,0.188190744877895,0.170980165597624,1335,"tags=27%, list=16%, signal=23%","YBX3/TRAF3/SHARPIN/TP53/CASP4/ILK/GBP1/SMPD4/LIMS1/UBE2K/TNFRSF1B/TMSB4X/TRAF1/TANK/FAS/CASP1/JAK2/NFKB1/NFKBIA/CHUK/ZC3H12A/BIRC3/CCL5/CASP8/IKBKB/TRADD/TNFSF13B/FOS/TNFAIP3",0.407017918923954
"GO:0031349","positive regulation of defense response",270,-0.298388675909479,-1.50631612924864,0.0011194444083384,0.0640797117379162,0.0582194397046772,762,"tags=17%, list=9%, signal=16%","MAP2K6/TRAF1/CD300A/STAT3/NLRC5/RNF125/CASP1/SIN3A/PPP2CA/IFIH1/HLA-C/PJA2/ITCH/NFKBIA/OPTN/CHUK/TNIP1/ZC3HAV1/NAGK/PDCD4/GBP5/USP15/ZBP1/DDX60/TRIM11/BIRC3/CCL5/PAK1/SLC15A4/POLR3F/WDFY1/NKG7/PRKCE/SEC14L1/ZDHHC5/IKBKB/CTSS/TRADD/GZMK/LGALS1/OSM/NFKBIZ/CD47/NEAT1/TNFAIP3",0.45505986738723
"GO:0045589","regulation of regulatory T cell differentiation",27,-0.450515032639943,-1.50612151658163,0.0498084291187739,0.545206738786505,0.495346030662354,2032,"tags=44%, list=24%, signal=34%","KAT5/PSMA1/PSMB3/PSMB9/PSMA2/HLA-DRB1/PSMB2/SOCS1/PSMA3/CTLA4/LAG3/PSMA6",0.282013350011725
"GO:0140352","export from cell",312,-0.292655960132601,-1.50478213868824,0.00060375342876998,0.040017200945491,0.0363575140151172,1659,"tags=30%, list=20%, signal=25%","CDK16/PPIA/RAB11A/S100A10/ABCC1/FCER1G/PPP3CB/TVP23B/COPS5/NCKAP1L/MIDN/SNF8/PIP5K1C/IRS2/AP2B1/RAB40C/SNX19/OSBPL2/FXYD2/MICU3/YKT6/SYNJ1/CD84/C2CD2L/SRI/RFX3/SNAPIN/ARFGEF1/OTOF/RIC1/ARF6/RAB33B/RAB8A/HLA-DRB1/NAPA/FXYD1/RAB10/CANX/SYNGR2/PORCN/PSMD9/GOLPH3L/ABCA1/ECRG4/TXLNA/CYB5R4/LIN7C/ARFGEF2/CRY2/CALM1/TNFRSF1B/PREPL/CD38/EXOC4/SLC9B2/CD300A/CD2AP/SLC38A2/EXOC6B/MICAL1/GABBR1/CALM2/PRF1/SMCR8/FXYD5/TMEM167B/SCAMP1/SYT11/RAB9A/PIK3C2A/EFR3A/SYTL2/JAK2/ALDOA/RAB27A/TSG101/PTPRN2/RHBDF2/NAGPA/PHPT1/EXOC6/BEST1/CCL5/NSF/PAK1/ANXA2/MCTP2/NKG7/CYP51A1/SCAMP3/OSM/NFKBIZ/NEDD4/FXYD7/PIM1",0.477270815362862
"GO:0022414","reproductive process",403,0.279757133843649,1.50428176771818,0.000207426250109802,0.0170360081068442,0.0154780166746277,1461,"tags=26%, list=17%, signal=23%","RPL11/MBD2/RPL30/RPL5/RPL32/RPL18/RPL9/RPL7/RPL6/RAD51C/RPL4/RPL18A/RPL34/RPL29/RPL24/RPL17/RPL19/RPL12/NCOA1/YY1/GNAS/ODF2/RPL21/RPL10A/CDC26/RPL7A/PTEN/MKRN2/CSNK2A2/ZNF830/RPLP2/PRKACA/RPL35A/RPL28/PSMB4/RPL31/RPL36/RPLP0/RPL23/AGFG1/DAZAP1/DEAF1/WASHC5/PPP1R9B/LRRC8A/MUS81/SEC23IP/ITGA5/KHDRBS1/SUN2/RSBN1/ANAPC16/SPIN1/IRF2BPL/APP/PAFAH1B2/RPL8/MSH2/CHFR/PCSK5/SKA2/NCAPD2/RPL35/PARK7/MEA1/RPL13/PPARD/RPL15/TGFBR1/CDC25B/PSMB5/NCOR2/HADH/XRN2/UBA52/ARHGDIB/NCOA4/RPL14/GPX4/RPL41/ANAPC1/DCAF13/RAD50/VPS13B/ADCY7/NOTCH1/RAC1/RPL38/ANAPC15/CENPX/CCNY/CRTAP/GTSF1/NCAPD3/DCAF17/RNF2/NUMA1/SMC1A/RPL27/PAFAH1B3/NDRG3/BSG/TRIM27/PCNA/SBF1",0.518848077743792
"GO:0039529","RIG-I signaling pathway",21,-0.488862488405334,-1.50334107967311,0.0494309450405195,0.545206738786505,0.495346030662354,1641,"tags=48%, list=20%, signal=38%","PUM2/BIRC2/C1QBP/UFD1/RNF125/ZC3HAV1/USP15/DDX60/BIRC3/SEC14L1",0.321775918075361
"GO:2000058","regulation of ubiquitin-dependent protein catabolic process",112,0.331387667583036,1.50258640065427,0.00918568167625669,0.222458367774986,0.202113916842314,1144,"tags=24%, list=14%, signal=21%","RPL11/RPL5/RPS7/USP7/PTK2B/TRIB2/NOP53/PTEN/CSNK2A2/RACK1/LAPTM5/RPL23/DDRGK1/GIPC1/USP38/CSNK1E/ZER1/PARK7/CBX4/RAD23B/CAMLG/PHF20L1/DNAJB2/MAPK9/KEAP1/BAG5/UFL1",0.380730400722792
"GO:0006937","regulation of muscle contraction",35,0.414227520693754,1.50099595692233,0.0388345303928691,0.479466849098887,0.435618241006962,1221,"tags=37%, list=15%, signal=32%","AKAP9/GRK2/GNAS/SRF/PRKACA/BIN1/RANGRF/MAP2K1/GSTM2/KCNQ1/C12orf57/GSTO1/CALM3",0.321775918075361
"GO:0032101","regulation of response to external stimulus",483,-0.278987778310165,-1.49973424039969,9.38890624194936e-05,0.00788250839601882,0.00716163056663826,2093,"tags=33%, list=25%, signal=26%","AP3B1/OASL/ATG12/SNX4/FADD/IL23A/NMT2/KAT5/NINJ1/ADTRP/ZNF580/TRAF6/CAMKMT/RIOK3/PPM1B/UBQLN1/TRIM41/ANXA1/LYPLAL1/PSMA1/NR1H2/HMGB2/DDX3X/ISG15/PYHIN1/CDC37/LATS1/TRIM22/CSNK1A1/SQSTM1/RNF115/GPR183/RIPK2/YTHDF2/TBK1/TREX1/PUM2/BIRC2/ZMPSTE24/ABCC1/C1QBP/CEP63/SH2B3/PTPRJ/STAT2/CD74/UFD1/USP18/ZNFX1/PTPN1/POLR3D/TRIM25/NCKAP1L/NEDD9/NR1D2/SLAMF6/RTCA/MAPKAPK3/TRAF3/LAMP2/PTPN11/HSP90AA1/SHARPIN/AKIRIN2/NLRP2/CCDC92/CASP4/OXSR1/HLA-DRB1/IL12RB1/CST7/GBP1/SLC39A8/RB1/UBE2K/CALHM2/PRKDC/YWHAZ/DTX3L/IL10RA/TNFRSF1B/TMSB4X/HLA-A/MAP2K6/TRAF1/CD300A/STAT3/ARNT/NLRC5/TTLL12/RNF125/YTHDF3/TMX1/CD55/CASP1/SIN3A/SYT11/PPP2CA/PRKAR1A/IFIH1/SELENOS/HLA-C/PJA2/CXCR3/JAK2/NFKB1/SUSD4/PRKAR2A/ITCH/NFKBIA/OPTN/CHUK/TNIP1/ZC3H12A/IL18R1/RHBDF2/ZC3HAV1/NAGK/PDCD4/GBP5/PSMA6/USP15/ZBP1/DDX60/RBX1/APOBEC3G/TRIM11/BIRC3/CCL5/PAK1/CASP8/RORA/SLC15A4/AHR/POLR3F/WDFY1/NKG7/PRKCE/SEC14L1/ZDHHC5/IKBKB/SWAP70/DPP4/CTSS/TRADD/GZMK/RIPOR2/LGALS1/OSM/CD69/LYAR/NFKBIZ/CD47/NEAT1/FUT7/PIM1/DUSP1/TNFAIP3",0.538434096309916
"GO:0034762","regulation of transmembrane transport",130,-0.328591026456162,-1.49822942136188,0.00361667052809073,0.123959570175588,0.112623114647769,1314,"tags=26%, list=16%, signal=22%","IRS2/SLC7A5/FXYD2/PTPN11/SRI/NRBP1/ARL6IP5/ACSL5/OPN3/OXSR1/ATP2B4/FXYD1/ARL6IP1/CALM1/ARPP19/FHL1/CALM2/ITGB1/FXYD5/MCUB/SELENOS/CXCR3/CAMK2D/FLNA/PDE4B/MINK1/PRKCE/CTSS/ANK3/STOM/PPP3CC/NEDD4/FXYD7/PIM1",0.431707695803346
"GO:0034612","response to tumor necrosis factor",115,-0.336465025737722,-1.49425180584904,0.00850421423498684,0.209992950194642,0.19078849718093,1081,"tags=24%, list=13%, signal=22%","TP53/CASP4/ILK/GBP1/SMPD4/LIMS1/UBE2K/TNFRSF1B/TMSB4X/TRAF1/TANK/FAS/CASP1/JAK2/NFKB1/NFKBIA/CHUK/ZC3H12A/BIRC3/CCL5/TUBA1A/CASP8/IKBKB/TRADD/GCH1/TNFSF13B/FOS/TNFAIP3",0.380730400722792
"GO:0010965","regulation of mitotic sister chromatid separation",33,-0.423298127689421,-1.49260090347636,0.0491960105191558,0.545206738786505,0.495346030662354,1128,"tags=30%, list=13%, signal=26%","ZNF207/DYNC1LI1/DYNLT3/DYNC1H1/RB1/NSMCE2/DYNLRB1/DYNC1I2/MAD2L1/DUSP1",0.321775918075361
"GO:0007269","neurotransmitter secretion",45,-0.393775728560259,-1.49260042111379,0.0346174780265474,0.454769194239024,0.413179256982788,1349,"tags=36%, list=16%, signal=30%","PIP5K1C/AP2B1/OSBPL2/MICU3/SYNJ1/SNAPIN/OTOF/NAPA/LIN7C/PREPL/SLC38A2/SYT11/EFR3A/PTPRN2/BEST1/MCTP2",0.321775918075361
"GO:0099643","signal release from synapse",45,-0.393775728560259,-1.49260042111379,0.0346174780265474,0.454769194239024,0.413179256982788,1349,"tags=36%, list=16%, signal=30%","PIP5K1C/AP2B1/OSBPL2/MICU3/SYNJ1/SNAPIN/OTOF/NAPA/LIN7C/PREPL/SLC38A2/SYT11/EFR3A/PTPRN2/BEST1/MCTP2",0.321775918075361
"GO:0002250","adaptive immune response",308,-0.288904656428081,-1.48809128213621,0.000888898197068123,0.054100808641715,0.0491531357003109,1661,"tags=28%, list=20%, signal=23%","RNF8/TRBV10-1/RTKN2/FCER1G/PSMB3/TRBV28/C1QBP/PDIA3/TRAV23DV6/TRBV27/LAX1/CD74/TRAV38-1/NCKAP1L/PSMB9/SHLD2/SLAMF6/SLAMF1/TAP2/CD27/CD84/AKIRIN2/TRBV7-7/PSMA2/HLA-DRB1/IL12RB1/IGLV3-25/BTN3A1/PRR7/PSMB2/TRAV3/TRBV10-2/PSMA3/IGHV3-23/TRAV4/ARID5A/EXOSC6/TNFRSF1B/HLA-A/SAMSN1/STAT3/TRAV8-1/RNF125/PRF1/IGKV3-15/CD55/MTOR/TRBV5-6/TRBV4-2/TRDV1/LAMP3/BTLA/HLA-DPB1/HLA-C/JAK2/GNL1/HLA-DPA1/SUSD4/CTLA4/ZC3H12A/IL18R1/LAG3/TRGV3/BTN3A2/PSMA6/CTSH/TRAV2/RORA/SLC15A4/AHR/TRBV11-3/TRAV12-1/TFE3/TRAV35/CTSS/TAP1/PRDM1/TRBV13/MCOLN2/JUNB/LGALS1/SOCS3/CD69/NFKBIZ/FUT7/TNFAIP3",0.477270815362862
"GO:0007029","endoplasmic reticulum organization",63,-0.363803400714323,-1.48242188871379,0.0295938792911705,0.417957897863196,0.379734458439236,2363,"tags=43%, list=28%, signal=31%","EMC7/LPCAT3/STX18/TMEM170A/POLR2M/WDR83OS/ATL2/EMC4/TMCO1/TOR1AIP2/TOR1B/GET3/MMGT1/TRAM1/VAPA/RAB10/SMPD4/ARL6IP1/SEC61A1/LNPK/EMC9/GET4/REEP4/NOMO2/ATL3/VCPIP1/EMC6",0.352487857583619
"GO:0002683","negative regulation of immune system process",244,-0.300981576463196,-1.48104861889377,0.00144404998811446,0.0727416114012859,0.0660891839888283,2045,"tags=34%, list=24%, signal=27%","FADD/ADTRP/RIOK3/RUNX3/UBQLN1/BCR/HLA-DOA/ANXA1/LYPLAL1/PSMA1/NR1H2/ISG15/CSNK1A1/SH2D1A/SQSTM1/RNF115/PARP3/PRNP/CUEDC2/YTHDF2/CD59/TREX1/CCL28/PSMB3/C1QBP/CEP63/PTPRJ/STAT2/LAX1/UFD1/USP18/NCKAP1L/PSMB9/SLAMF1/LAMP2/PTPN11/CD84/PSMA2/HLA-DRB1/CST7/GCSAM/TSC22D3/GBP1/PSMB2/SOCS1/PSMA3/PRKDC/YWHAZ/HLA-A/SAMSN1/CD300A/NLRC5/TTLL12/RNF125/SMCR8/YTHDF3/CD55/SYT11/BTLA/PRKAR1A/SELENOS/SUSD4/PRKAR2A/ITCH/CTLA4/CDK6/ZC3H12A/LAG3/RHBDF2/PHPT1/PSMA6/USP15/TRIM11/AHR/CBLB/SEC14L1/DPP4/RIPOR2/LGALS1/CD69/LYAR/PIM1/DUSP1/TNFAIP3",0.45505986738723
"GO:0071025","RNA surveillance",36,-0.40940777924694,-1.48041456706228,0.0480721953617313,0.545206738786505,0.495346030662354,2250,"tags=50%, list=27%, signal=37%","ZCCHC7/REXO2/INTS5/ARMC5/INTS3/PELO/EXOSC9/INTS11/EXOSC2/GTPBP1/INTS6/XRN1/EXOSC6/SUPV3L1/PPP2CA/PPP2R1A/INTS14/RBX1",0.321775918075361
"GO:0051204","protein insertion into mitochondrial membrane",30,0.432940805222442,1.4801612306464,0.0474318786429384,0.543023143978853,0.493362131815188,2192,"tags=43%, list=26%, signal=32%","TIMM10/TRMT10B/TOMM7/TOMM20/TOMM70/TIMM8A/TOMM5/OXA1L/SAMM50/TIMM8B/TIMM9/MTCH2/TOMM40",0.321775918075361
"GO:0031348","negative regulation of defense response",128,-0.323046354302461,-1.47838208888225,0.00572596403820499,0.162651820573973,0.147776848614618,1041,"tags=23%, list=12%, signal=21%","HLA-DRB1/CST7/SLC39A8/RB1/YWHAZ/IL10RA/TNFRSF1B/TMSB4X/HLA-A/STAT3/ARNT/NLRC5/TTLL12/YTHDF3/SYT11/PRKAR1A/SELENOS/NFKB1/SUSD4/PRKAR2A/ITCH/IL18R1/RHBDF2/USP15/RORA/AHR/CD69/LYAR/PIM1/TNFAIP3",0.407017918923954
"GO:2001244","positive regulation of intrinsic apoptotic signaling pathway",36,0.412910679007813,1.47689013165927,0.0465556235494859,0.54262118491921,0.492996933055675,1360,"tags=28%, list=16%, signal=23%","RPS7/LCK/RACK1/RPL26/RPS3/MYC/S100A8/NCK2/UBB/FIS1",0.321775918075361
"GO:0009225","nucleotide-sugar metabolic process",28,-0.437870890874317,-1.4758600987159,0.0443779146256869,0.523936754549516,0.47602124702616,1546,"tags=43%, list=18%, signal=35%","TGDS/GMDS/FUOM/UGP2/PMM2/GFPT1/GALT/AMDHD2/GMPPA/GUK1/GMPPB/NAGK",0.321775918075361
"GO:0002694","regulation of leukocyte activation",269,-0.291755935046707,-1.47524564856939,0.00121997795299751,0.0677805398003617,0.0615818165068723,1508,"tags=26%, list=18%, signal=22%","DDB1/LAX1/CD74/NCKAP1L/PSMB9/NEDD9/SHLD2/IL4R/SLAMF1/IRS2/CD27/PTPN11/CD84/IKZF3/AKIRIN2/PSMA2/GPR65/METTL14/HLA-DRB1/IL12RB1/CST7/PSMB2/SOCS1/PSMA3/CALHM2/SMARCD3/SMARCD2/PRKDC/TNFRSF1B/HLA-A/RHOA/CD38/SAMSN1/CD300A/ARID2/RHOH/ACTL6A/CD55/MTOR/CD28/SYT11/MCUB/BTLA/PRKAR1A/HLA-DPB1/PJA2/JAK2/HLA-DPA1/CTLA4/XBP1/ZC3H12A/LAG3/PSMA6/RBX1/CCL5/SLC15A4/AHR/CBLB/FLT3LG/DPP4/PRDM1/BCL2/RIPOR2/JUNB/TNFSF13B/LGALS1/CD69/NFKBIZ/CD47/SLC7A1/TNFAIP3",0.45505986738723
"GO:0042177","negative regulation of protein catabolic process",81,0.345032413827481,1.47500912578156,0.0158477051832488,0.305709673560773,0.277751653749663,907,"tags=23%, list=11%, signal=21%","RPL11/RPL5/RPS7/USP7/NOP53/CSNK2A2/RPL23/DDRGK1/PIN1/GIPC1/USP38/GABARAPL2/SNRNP70/PCSK5/PARK7/RGP1/CBX4/CAMLG/PHF20L1",0.352487857583619
"GO:0007155","cell adhesion",440,-0.278487888654122,-1.47342739049812,0.000245907332666112,0.0194430036331552,0.0176648856088489,2127,"tags=34%, list=25%, signal=27%","ITGB1BP1/CD164/PNP/DISC1/AP3B1/DENND6A/FADD/IL23A/RSU1/KAT5/SMARCD1/ITGAE/NINJ1/ADTRP/IL2RG/CYTH1/TRAF6/POLDIP2/RUNX3/BCR/TMOD3/HLA-DOA/ANXA1/PSMA1/JAK1/ACTN4/ZBTB1/PRNP/YTHDF2/RAP2B/RASA1/CD99/PPIA/CCL28/CARMIL1/CCDC141/S100A10/PSMB3/C1QBP/SH2B3/SPINT2/ITGA4/PTPRJ/SPECC1L/LAX1/NTNG2/PTPN1/NCKAP1L/PSMB9/NEDD9/SELPLG/SLAMF1/PIP5K1C/PDE3B/RAB40C/CD27/PTPN11/CD84/ATP2C1/METAP1/ARF6/PKN2/PSMA2/GPR65/PTPRA/MACF1/VCL/HLA-DRB1/FIBP/PTPRK/IL12RB1/ILK/TM9SF4/RAB10/GBP1/ACTG1/SLC39A8/PSMB2/LIMS1/MYADM/LPP/SOCS1/PDLIM5/PSMA3/SMARCD3/SMARCD2/S100A11/HLA-A/RHOA/PSTPIP1/CD300A/PPP1R12A/ARID2/RHOH/ACTL6A/GTPBP4/TMX1/ITGB1/CD55/FXYD5/MTOR/CD28/ITGB3BP/PRKX/WHAMM/BTLA/PPFIA1/PRKAR1A/HLA-DPB1/CXCR3/JAK2/HLA-DPA1/CTLA4/PIK3CB/HAPLN3/XBP1/TNIP1/CDK6/ZC3H12A/LAG3/NFAT5/FLNA/CLDN5/PSMA6/RGMB/ICAM2/CCL5/NEXN/COL18A1/ANXA2/MINK1/EMB/CBLB/CITED2/PRKCE/TFE3/SWAP70/IL32/DPP4/ANK3/CXCR4/RIPOR2/LGALS1/CD69/NFKBIZ/CD47/FUT7/SLC7A1/DUSP1",0.49849310876659
"GO:0090257","regulation of muscle system process",66,0.35417296185631,1.47324981173487,0.028107261218767,0.405520430598311,0.368434432957405,1221,"tags=29%, list=15%, signal=25%","FOXO1/AKAP9/GRK2/YY1/GNAS/SRF/PRKACA/BIN1/RANGRF/MAP2K1/GSTM2/KCNQ1/TNFRSF1A/TOMM70/ARRB1/C12orf57/GSTO1/NOTCH1/CALM3",0.352487857583619
"GO:0002444","myeloid leukocyte mediated immunity",40,0.402468658494604,1.47102165458144,0.0228034682906224,0.35941274434725,0.326543425853709,2992,"tags=60%, list=36%, signal=39%","LAT/IL6R/PDPK1/VAMP2/PCYOX1L/WDR1/TYROBP/DDX1/POMC/DNASE1/STXBP2/CBL/SNAP23/TRAF3IP2/KMT2E/ITGB2/STXBP3/HLA-E/SERPINB9/RAC2/PIK3CD/TICAM1/LGALS9/STAP1",0.352487857583619
"GO:0030162","regulation of proteolysis",61,-0.369879288426739,-1.46993311906462,0.0310961740546442,0.427204893012531,0.38813578956176,2324,"tags=41%, list=28%, signal=30%","BTRC/CLN8/CYFIP2/FADD/NR1H2/UBXN2A/PRNP/ENO1/S100A10/PARL/PTPN1/TRAF3/RHBDD1/SERPINB1/BAK1/TSPAN5/HDAC2/CSTB/TNFRSF1B/TSPAN17/TANK/IDE/TIMP1/CASP8/ANXA2",0.352487857583619
"GO:0003333","amino acid transmembrane transport",34,-0.417364506233693,-1.46853063462131,0.0381328043172531,0.474370251283799,0.430987741568885,1504,"tags=35%, list=18%, signal=29%","LRRC8C/SLC25A12/SLC3A2/SLC7A5/ARL6IP5/ARL6IP1/SLC38A1/SLC38A2/ITGB1/SLC36A4/SLC15A4/SLC7A1",0.321775918075361
"GO:0048568","embryonic organ development",66,0.35267425963083,1.46701567471898,0.0288233602216021,0.410923226102689,0.373343127434532,1173,"tags=30%, list=14%, signal=26%","MBD2/RPL10/THOC5/NPHP3/SRF/KMT2A/DVL2/NOG/ID3/HSCB/CTNNB1/PCSK5/ZFPM1/TGFBR1/KCNQ1/RAD23B/CDC42/CDC40/NOTCH1/REST",0.352487857583619
"GO:0090174","organelle membrane fusion",78,-0.351039022713056,-1.46213367328565,0.0242472580080896,0.371483239773207,0.337510040115821,1359,"tags=28%, list=16%, signal=24%","VPS41/YKT6/ZNRF2/RAB8A/USO1/CHMP1A/TMEM175/PIKFYVE/SEC22B/YIPF4/RAB4B/VTI1A/UVRAG/STX16/SYT11/CHMP1B/CHMP6/VPS8/ATL3/ANXA2/VCPIP1/RAB2A",0.352487857583619
"GO:0070665","positive regulation of leukocyte proliferation",59,-0.371629183640665,-1.46044076272977,0.0244337753773826,0.371602568438499,0.337618455835018,2111,"tags=42%, list=25%, signal=32%","PNP/FADD/IL23A/IL2RG/TRAF6/ANXA1/GPR183/TNFRSF4/CD74/NCKAP1L/SLAMF1/IRS2/IL12RB1/HLA-A/CD38/CD55/CD28/HLA-DPB1/JAK2/HLA-DPA1/CCL5/FLT3LG/BCL2/TNFSF13B/SLC7A1",0.352487857583619
"GO:0043370","regulation of CD4-positive, alpha-beta T cell differentiation",31,-0.427856434602243,-1.46021656367502,0.0364506285271682,0.463671631567817,0.421267541078199,2093,"tags=45%, list=25%, signal=34%","AP3B1/IL23A/RUNX3/ANXA1/NCKAP1L/GPR65/HLA-DRB1/IL12RB1/SOCS1/ZC3H12A/JUNB/LGALS1/CD69/NFKBIZ",0.321775918075361
"GO:0001906","cell killing",81,-0.3456746927007,-1.4594165198055,0.0190107534631364,0.320636725820221,0.291313584592016,1041,"tags=25%, list=12%, signal=22%","HLA-DRB1/IL12RB1/GBP1/GZMB/CEBPG/HLA-A/HCST/PRF1/TUBB4B/CD55/LYST/HLA-C/RAB27A/PIK3CB/GBP5/CTSH/NKG7/GNLY/NFKBIZ/GZMA",0.352487857583619
"GO:0032946","positive regulation of mononuclear cell proliferation",53,-0.378671462861243,-1.45819424026374,0.0306734999210767,0.424485284622079,0.385664897099637,2111,"tags=45%, list=25%, signal=34%","PNP/FADD/IL23A/TRAF6/ANXA1/GPR183/TNFRSF4/CD74/NCKAP1L/SLAMF1/IRS2/IL12RB1/HLA-A/CD38/CD55/CD28/HLA-DPB1/JAK2/HLA-DPA1/CCL5/FLT3LG/BCL2/TNFSF13B/SLC7A1",0.352487857583619
"GO:0050671","positive regulation of lymphocyte proliferation",53,-0.378671462861243,-1.45819424026374,0.0306734999210767,0.424485284622079,0.385664897099637,2111,"tags=45%, list=25%, signal=34%","PNP/FADD/IL23A/TRAF6/ANXA1/GPR183/TNFRSF4/CD74/NCKAP1L/SLAMF1/IRS2/IL12RB1/HLA-A/CD38/CD55/CD28/HLA-DPB1/JAK2/HLA-DPA1/CCL5/FLT3LG/BCL2/TNFSF13B/SLC7A1",0.352487857583619
"GO:0032743","positive regulation of interleukin-2 production",31,-0.427092703308649,-1.457610051315,0.0371073789996927,0.468868487828893,0.425989130042006,2111,"tags=42%, list=25%, signal=31%","PNP/TRAF6/ANXA1/PSMA1/PSMB3/PSMB9/PSMA2/PSMB2/PSMA3/CD28/STOML2/PSMA6/PDE4B",0.321775918075361
"GO:0039531","regulation of cytoplasmic pattern recognition receptor signaling pathway",80,-0.342416568529447,-1.45550881353694,0.0236858875801054,0.368252194558182,0.334574483182472,624,"tags=19%, list=7%, signal=18%","RNF125/PPP2CA/ITCH/ZC3HAV1/NAGK/GBP5/USP15/DDX60/TRIM11/BIRC3/SLC15A4/WDFY1/SEC14L1/ZDHHC5/TNFAIP3",0.352487857583619
"GO:0002064","epithelial cell development",48,-0.384261498122995,-1.45466675450358,0.0402928992084364,0.49105346196604,0.446145225147584,1590,"tags=33%, list=19%, signal=27%","PLEC/SPINT2/ADD1/PPP1R16B/RFX3/RILPL2/VCL/IQGAP1/MYADM/RAPGEF1/ATF4/CDK6/FLNA/CLDN5/COL18A1/IKBKB",0.321775918075361
"GO:0050728","negative regulation of inflammatory response",65,-0.363132311148078,-1.45317341784991,0.0168918295084726,0.312830058250047,0.284220858991828,1041,"tags=31%, list=12%, signal=27%","HLA-DRB1/CST7/SLC39A8/RB1/IL10RA/TNFRSF1B/TMSB4X/STAT3/ARNT/SYT11/PRKAR1A/SELENOS/NFKB1/PRKAR2A/IL18R1/RHBDF2/RORA/AHR/CD69/TNFAIP3",0.352487857583619
"GO:0002831","regulation of response to biotic stimulus",329,-0.281063370509264,-1.45235740554018,0.000985313201738018,0.0581642699400974,0.0528449818968268,2171,"tags=33%, list=26%, signal=25%","HLA-B/ATG5/RNF170/MAPK8/AP3B1/OASL/ATG12/FADD/IL23A/KAT5/NINJ1/TRAF6/RIOK3/PPM1B/UBQLN1/TRIM41/LYPLAL1/NR1H2/HMGB2/DDX3X/ISG15/PYHIN1/CDC37/LATS1/TRIM22/CSNK1A1/SQSTM1/RNF115/RIPK2/YTHDF2/TBK1/TREX1/PUM2/BIRC2/ZMPSTE24/C1QBP/CEP63/STAT2/UFD1/USP18/ZNFX1/PTPN1/POLR3D/TRIM25/SLAMF6/MAPKAPK3/TRAF3/LAMP2/PTPN11/HSP90AA1/AKIRIN2/CCDC92/HLA-DRB1/IL12RB1/UBE2K/PRKDC/YWHAZ/DTX3L/HLA-A/MAP2K6/CD300A/NLRC5/TTLL12/RNF125/YTHDF3/CD55/CASP1/SIN3A/SYT11/PPP2CA/BTLA/IFIH1/HLA-C/PJA2/SUSD4/ITCH/NFKBIA/OPTN/CHUK/TNIP1/ZC3H12A/LAG3/ZC3HAV1/NAGK/GBP5/USP15/ZBP1/DDX60/RBX1/APOBEC3G/TRIM11/BIRC3/CCL5/PAK1/CASP8/SLC15A4/AHR/POLR3F/WDFY1/PRKCE/SEC14L1/ZDHHC5/IKBKB/CTSS/LYAR/NFKBIZ/PIM1/TNFAIP3",0.45505986738723
"GO:0048002","antigen processing and presentation of peptide antigen",37,-0.406170531208604,-1.45155268731282,0.0493358633776091,0.545206738786505,0.495346030662354,1041,"tags=30%, list=12%, signal=26%","HLA-DRB1/PIKFYVE/HLA-A/IDE/HLA-DPB1/HLA-C/HLA-DPA1/TAPBP/IKBKB/CTSS/TAP1",0.282013350011725
"GO:0022407","regulation of cell-cell adhesion",219,-0.295905261911587,-1.4500111732232,0.00527841563228416,0.153460069546843,0.139425709382077,2111,"tags=35%, list=25%, signal=27%","PNP/AP3B1/DENND6A/FADD/IL23A/KAT5/SMARCD1/ADTRP/IL2RG/TRAF6/RUNX3/HLA-DOA/ANXA1/PSMA1/JAK1/ZBTB1/PRNP/YTHDF2/CCL28/PSMB3/SH2B3/SPINT2/ITGA4/LAX1/NCKAP1L/PSMB9/SLAMF1/CD27/PTPN11/PSMA2/GPR65/HLA-DRB1/IL12RB1/PSMB2/MYADM/SOCS1/PSMA3/SMARCD3/SMARCD2/HLA-A/RHOA/CD300A/ARID2/RHOH/ACTL6A/GTPBP4/TMX1/CD55/FXYD5/MTOR/CD28/BTLA/PRKAR1A/HLA-DPB1/JAK2/HLA-DPA1/CTLA4/XBP1/ZC3H12A/LAG3/NFAT5/PSMA6/CCL5/MINK1/CBLB/CITED2/SWAP70/DPP4/ANK3/RIPOR2/LGALS1/CD69/NFKBIZ/CD47/FUT7/SLC7A1",0.407017918923954
"GO:0071347","cellular response to interleukin-1",41,-0.38890233961528,-1.44885485692703,0.0483271375464684,0.545206738786505,0.495346030662354,960,"tags=24%, list=11%, signal=22%","GBP1/VRK2/TANK/NFKBIA/ZC3H12A/ZBP1/CCL5/TOLLIP/IKBKB/CD47",0.282013350011725
"GO:0007033","vacuole organization",167,-0.306399740700921,-1.44820031551099,0.00461527341270255,0.143577275537555,0.130446725015064,2337,"tags=34%, list=28%, signal=25%","HPS4/PIP4K2A/ATG101/VPS11/SCFD1/ATG5/MTM1/PIP4K2C/ATG12/SNX4/CLN5/VPS4B/WDR45B/CHMP4A/TRAF6/UBQLN1/UBXN2A/ATG2A/TMEM41B/SNX18/PPP3CB/VPS16/ATG4C/UBXN2B/LAMP2/SNAPIN/RAB33B/GAA/ATP6V1H/CHMP1A/TMEM175/GABARAP/UBQLN2/LAMTOR1/PIKFYVE/ZFYVE26/ABCA1/SEC22B/TMEM165/RB1CC1/RAB1B/RETREG2/PINK1/TPP1/SMCR8/LYST/MTOR/CHMP1B/TMEM106B/CHMP6/ATP6V0C/NAGPA/ATG14/ANXA2/TFE3/EMC6/LRBA",0.407017918923954
"GO:0045824","negative regulation of innate immune response",59,-0.368203608931725,-1.44697882496777,0.0273463705421667,0.400444139179479,0.363822382837847,2171,"tags=34%, list=26%, signal=25%","HLA-B/ATG5/ATG12/NR1H2/ISG15/YTHDF2/TREX1/CEP63/STAT2/USP18/YWHAZ/HLA-A/NLRC5/TTLL12/YTHDF3/SUSD4/USP15/LYAR/PIM1/TNFAIP3",0.352487857583619
"GO:0030155","regulation of cell adhesion",314,-0.280436001047963,-1.44612082085376,0.00279179637500443,0.104429769354126,0.0948793697005416,2127,"tags=34%, list=25%, signal=26%","ITGB1BP1/CD164/PNP/DISC1/AP3B1/DENND6A/FADD/IL23A/KAT5/SMARCD1/ADTRP/IL2RG/CYTH1/TRAF6/POLDIP2/RUNX3/HLA-DOA/ANXA1/PSMA1/JAK1/ACTN4/ZBTB1/PRNP/YTHDF2/RASA1/CCL28/CARMIL1/S100A10/PSMB3/C1QBP/SH2B3/SPINT2/ITGA4/PTPRJ/LAX1/PTPN1/NCKAP1L/PSMB9/NEDD9/SLAMF1/PDE3B/RAB40C/CD27/PTPN11/PSMA2/GPR65/PTPRA/MACF1/VCL/HLA-DRB1/IL12RB1/ILK/GBP1/ACTG1/PSMB2/MYADM/SOCS1/PSMA3/SMARCD3/SMARCD2/HLA-A/RHOA/CD300A/PPP1R12A/ARID2/RHOH/ACTL6A/GTPBP4/TMX1/CD55/FXYD5/MTOR/CD28/PRKX/BTLA/PRKAR1A/HLA-DPB1/CXCR3/JAK2/HLA-DPA1/CTLA4/PIK3CB/XBP1/CDK6/ZC3H12A/LAG3/NFAT5/FLNA/PSMA6/CCL5/MINK1/CBLB/CITED2/TFE3/SWAP70/DPP4/ANK3/CXCR4/RIPOR2/LGALS1/CD69/NFKBIZ/CD47/FUT7/SLC7A1/DUSP1",0.431707695803346
"GO:0051249","regulation of lymphocyte activation",251,-0.287168115879636,-1.44521913419771,0.00412439344655443,0.134327227940367,0.122042620599731,2045,"tags=33%, list=24%, signal=26%","FADD/IL23A/KAT5/SMARCD1/IL2RG/TRAF6/RUNX3/RIF1/HLA-DOA/ANXA1/PSMA1/CUL4A/GPR183/ZBTB1/PARP3/PRNP/TNFRSF4/PSMB3/TNFSF8/DDB1/LAX1/CD74/NCKAP1L/PSMB9/NEDD9/SHLD2/SLAMF1/IRS2/CD27/PTPN11/IKZF3/AKIRIN2/PSMA2/GPR65/METTL14/HLA-DRB1/IL12RB1/PSMB2/SOCS1/PSMA3/SMARCD3/SMARCD2/PRKDC/TNFRSF1B/HLA-A/RHOA/CD38/SAMSN1/CD300A/ARID2/RHOH/ACTL6A/CD55/MTOR/CD28/BTLA/PRKAR1A/HLA-DPB1/JAK2/HLA-DPA1/CTLA4/XBP1/ZC3H12A/LAG3/PSMA6/RBX1/CCL5/SLC15A4/AHR/CBLB/FLT3LG/DPP4/PRDM1/BCL2/RIPOR2/JUNB/TNFSF13B/LGALS1/CD69/NFKBIZ/CD47/SLC7A1/TNFAIP3",0.407017918923954
"GO:0071322","cellular response to carbohydrate stimulus",63,0.348838746188018,1.442589781828,0.0400648855813296,0.49105346196604,0.446145225147584,1497,"tags=37%, list=18%, signal=30%","ZFP36L1/GNAS/SRF/SMARCB1/OSBP/RACK1/PRKACA/NCF1/NR1D1/PPARD/USF2/SOX4/SMARCA4/ENDOG/KLF7/RAC1/ZNF236/RAB11FIP2/FIS1/IGF1R/GLCCI1/UCP2/MAPK13",0.321775918075361
"GO:0006364","rRNA processing",213,0.28890126544664,1.43988824731565,0.00422931762174819,0.136567196367219,0.12407773753816,1010,"tags=18%, list=12%, signal=17%","RPL11/RPL5/RPS13/RPS7/RPL7/RPS28/RPS24/RPS15/NHP2/WDR46/NOP53/RPL7A/RPS21/YBEY/WDR18/NSA2/RPS14/RPL35A/RPL26/DDX51/IMP3/NOP10/DNTTIP2/RPS25/EIF6/DDX49/REXO1/RPL35/SART1/RPS6/TFB2M/MPHOSPH10/PRMT5/XRN2/EXOSC10/NOC4L/UTP4/RPL14/DDX54",0.407017918923954
"GO:0042129","regulation of T cell proliferation",61,-0.362311168597328,-1.43985673919048,0.0422776743517371,0.505459030698933,0.459233363616221,2111,"tags=41%, list=25%, signal=31%","PNP/FADD/IL23A/TRAF6/ANXA1/PRNP/TNFSF8/NCKAP1L/SLAMF1/PTPN11/HLA-DRB1/IL12RB1/TNFRSF1B/HLA-A/CD55/CD28/BTLA/PRKAR1A/HLA-DPB1/JAK2/HLA-DPA1/CTLA4/CCL5/RIPOR2/SLC7A1",0.321775918075361
"GO:0000045","autophagosome assembly",85,-0.336326536659409,-1.43952187866242,0.0255433459474352,0.381433837902807,0.346550627723348,2320,"tags=36%, list=28%, signal=27%","PIP4K2A/ATG101/SCFD1/ATG5/MTM1/PIP4K2C/ATG12/SNX4/WDR45B/TRAF6/UBQLN1/UBXN2A/ATG2A/TMEM41B/SNX18/ATG4C/UBXN2B/RAB33B/GABARAP/UBQLN2/PIKFYVE/SEC22B/RB1CC1/RAB1B/RETREG2/PINK1/SMCR8/MTOR/ATG14/EMC6/LRBA",0.352487857583619
"GO:0001678","intracellular glucose homeostasis",71,0.345604149618459,1.43569700029464,0.0252049918638805,0.37787483834024,0.343317108801021,1460,"tags=35%, list=17%, signal=29%","FOXO1/GNAS/SRF/SMARCB1/OSBP/RACK1/PRKACA/NCF1/LRRC8A/NR1D1/PPARD/USF2/SOX4/SMARCA4/ENDOG/FOXK2/ARRB1/KLF7/RAC1/ZNF236/RAB11FIP2/FIS1/IGF1R/GLCCI1/UCP2",0.352487857583619
"GO:0043648","dicarboxylic acid metabolic process",49,-0.379686638017469,-1.4356535761682,0.0259553353982003,0.384546106409414,0.349378270416347,2052,"tags=33%, list=25%, signal=25%","ATIC/PCK2/MTHFS/ADHFE1/GRHPR/MTHFD1L/OGDH/MTRR/SDHB/MTHFD1/FAHD2B/ACSF3/NIT2/FPGS/MTHFD2/GCLM",0.352487857583619
"GO:0008277","regulation of G protein-coupled receptor signaling pathway",51,0.366638320688837,1.42966896820014,0.0404389431337663,0.491248640383824,0.44632255394351,1818,"tags=41%, list=22%, signal=32%","DYNLT1/GRK2/GRK6/RACK1/RGS10/NMT1/ADA/PPP1R9B/APP/DTNBP1/PRMT5/USP33/ARRB1/RGS14/RGS3/POMC/ZDHHC7/GNAI2/BICD1/GPRASP1/RIC8B",0.321775918075361
"GO:0032102","negative regulation of response to external stimulus",152,-0.303292552577952,-1.42961133384946,0.0205482746161663,0.336139390561944,0.305398486516731,1041,"tags=22%, list=12%, signal=19%","HLA-DRB1/CST7/SLC39A8/RB1/YWHAZ/IL10RA/TNFRSF1B/TMSB4X/HLA-A/STAT3/ARNT/NLRC5/TTLL12/YTHDF3/TMX1/SYT11/PRKAR1A/SELENOS/NFKB1/SUSD4/PRKAR2A/ITCH/IL18R1/RHBDF2/USP15/RORA/AHR/DPP4/CD69/LYAR/PIM1/DUSP1/TNFAIP3",0.352487857583619
"GO:0033002","muscle cell proliferation",62,-0.359467795406609,-1.42911941973789,0.0238295193619944,0.36896690225252,0.335223828823838,811,"tags=23%, list=10%, signal=21%","PRKDC/NAA35/STAT3/ERN1/JAK2/XBP1/PDCD4/CCL5/CFLAR/PAK1/FOS/PIM1/TNFAIP3/JUN",0.352487857583619
"GO:0071357","cellular response to type I interferon",90,-0.328699141221066,-1.42904857474158,0.0187156628533656,0.318503487657726,0.289375437131475,2396,"tags=43%, list=29%, signal=31%","PSMD8/PSMC1/PSMD7/PSME2/PSMD14/OASL/FADD/TRIM41/PSMA1/JAK1/ISG15/CDC37/SEM1/HDAC4/YTHDF2/PSMD1/TBK1/PSMC5/PSMB3/STAT2/USP18/PTPN1/SP100/TRAF3/PTPN11/PSMA2/PSMB7/PSMB2/UBE2K/PSMA3/NLRC5/TANK/TTLL12/YTHDF3/SIN3A/PSMD12/PSMA6/ZBP1/IFI27",0.352487857583619
"GO:0045580","regulation of T cell differentiation",105,-0.317844889397162,-1.42776227219518,0.0215626519991579,0.346654039373696,0.314951540766029,2111,"tags=36%, list=25%, signal=27%","PNP/AP3B1/IL23A/KAT5/SMARCD1/IL2RG/RUNX3/ANXA1/PSMA1/ZBTB1/PSMB3/NCKAP1L/PSMB9/CD27/PSMA2/GPR65/METTL14/HLA-DRB1/IL12RB1/PSMB2/SOCS1/PSMA3/SMARCD3/SMARCD2/RHOA/ARID2/RHOH/ACTL6A/CTLA4/XBP1/ZC3H12A/LAG3/PSMA6/PRDM1/JUNB/LGALS1/CD69/NFKBIZ",0.352487857583619
"GO:0045088","regulation of innate immune response",275,-0.282357186656255,-1.42470263861851,0.00463642869655419,0.143577275537555,0.130446725015064,2171,"tags=33%, list=26%, signal=25%","HLA-B/ATG5/RNF170/MAPK8/AP3B1/OASL/ATG12/FADD/KAT5/NINJ1/TRAF6/RIOK3/UBQLN1/TRIM41/LYPLAL1/NR1H2/HMGB2/DDX3X/ISG15/PYHIN1/CDC37/LATS1/CSNK1A1/SQSTM1/RNF115/RIPK2/YTHDF2/TBK1/TREX1/PUM2/BIRC2/C1QBP/CEP63/STAT2/UFD1/USP18/ZNFX1/PTPN1/POLR3D/TRIM25/SLAMF6/MAPKAPK3/TRAF3/LAMP2/PTPN11/HSP90AA1/AKIRIN2/UBE2K/PRKDC/YWHAZ/HLA-A/MAP2K6/CD300A/NLRC5/TTLL12/RNF125/YTHDF3/CASP1/SIN3A/PPP2CA/IFIH1/HLA-C/PJA2/SUSD4/ITCH/NFKBIA/CHUK/TNIP1/ZC3HAV1/NAGK/GBP5/USP15/ZBP1/DDX60/TRIM11/BIRC3/CCL5/PAK1/CASP8/SLC15A4/POLR3F/WDFY1/PRKCE/SEC14L1/ZDHHC5/IKBKB/CTSS/LYAR/NFKBIZ/PIM1/TNFAIP3",0.407017918923954
"GO:0009410","response to xenobiotic stimulus",113,-0.311102247105354,-1.4244252807723,0.0236063039770354,0.368252194558182,0.334574483182472,1242,"tags=24%, list=15%, signal=21%","PPOX/HSP90AA1/DPYD/TP53/OXSR1/BAK1/PMS1/ABCA1/HDAC2/CD38/MT-ND1/ARNT/GUK1/ATR/CHUK/COL18A1/RORA/AHR/PDE4B/PRKCE/BCL2/CD69/NFKBIZ/GCLM/FOS/PIM1/FOSB",0.352487857583619
"GO:1902105","regulation of leukocyte differentiation",150,-0.302140576114559,-1.42008769413999,0.0155903300520744,0.303609623385243,0.275843659140214,2111,"tags=35%, list=25%, signal=27%","PNP/AP3B1/RPTOR/FADD/IL23A/KAT5/SMARCD1/IL2RG/HCLS1/TRAF6/RUNX3/ANXA1/PSMA1/ZBTB1/PSMB3/CD74/NCKAP1L/PSMB9/NEDD9/IL4R/CD27/IKZF3/PSMA2/GPR65/METTL14/HLA-DRB1/IL12RB1/PSMB2/SOCS1/PSMA3/SMARCD3/SMARCD2/PRKDC/RHOA/ARID2/RHOH/ACTL6A/EVI2B/ACIN1/MTOR/CTLA4/XBP1/CDK6/ZC3H12A/LAG3/PSMA6/CASP8/TFE3/PRDM1/JUNB/LGALS1/CD69/NFKBIZ",0.380730400722792
"GO:0022613","ribonucleoprotein complex biogenesis",437,0.262196607563032,1.4192235750199,0.000729648202033675,0.0455815998231174,0.0414130327770261,1018,"tags=16%, list=12%, signal=15%","RPL11/RPS15A/RPL5/RPS13/RPS23/RPS7/RPS27A/RPL7/LSM7/RPS8/RPS28/RPS24/FAU/RPS15/DDX39B/NHP2/WDR46/NOP53/RPL7A/RPS21/YBEY/WDR18/DENR/LUC7L3/TUFM/RPSA/NSA2/RPS14/RPL35A/RPL26/DDX51/PRPF6/IMP3/RPLP0/NOP10/DNTTIP2/SF3B5/RPS12/RPS19BP1/RPS25/EIF6/RPS5/DDX49/ZNF574/SCNM1/LSM5/XRCC5/REXO1/MTERF3/SNRNP70/RPS4X/RPL35/SART1/RPS6/TFB2M/MPHOSPH10/RPS3A/TARBP2/PRMT5/XRN2/EXOSC10/TCOF1/DHX29/NOC4L/UTP4/RPS9/ZMAT5/RPL14/DDX54/COIL",0.477270815362862
"GO:0043269","regulation of monoatomic ion transport",121,-0.312107609199534,-1.41548091078948,0.0172399005615892,0.313091416913439,0.284458315661528,1361,"tags=26%, list=16%, signal=22%","SLC30A6/PER1/FXYD2/CD84/SRI/NRBP1/OXSR1/ATP2B4/FXYD1/CALM1/EPB41/FHL1/CALM2/TMX1/FXYD5/ATF4/MCUB/CXCR3/CAMK2D/FLNA/AHCYL1/CCL5/PDE4B/PRKCE/CTSS/ANK3/BCL2/STOM/PPP3CC/NEDD4/FXYD7",0.352487857583619
"GO:0016072","rRNA metabolic process",248,0.280753701691158,1.41473238834445,0.00563621236116155,0.161315229549002,0.146562492643318,1010,"tags=19%, list=12%, signal=17%","RPL11/RPL5/RPS13/RPS7/RPL7/RPS28/RPS24/RPS15/SMARCB1/NHP2/POLR2L/WDR46/NOP53/RPL7A/RPS21/YBEY/WDR18/NSA2/RPS14/RPL35A/RPL26/DDX51/IMP3/NOP10/DNTTIP2/RPS25/EIF6/DDX49/MYC/SPIN1/REXO1/RPL35/SART1/RPS6/TFB2M/DIS3L/MPHOSPH10/PRMT5/XRN2/EXOSC10/SMARCA4/TCOF1/NOC4L/UTP4/RPL14/DDX54",0.407017918923954
"GO:0002709","regulation of T cell mediated immunity",46,-0.368974794078858,-1.41397252665768,0.0489642184557439,0.545206738786505,0.495346030662354,2171,"tags=41%, list=26%, signal=31%","HLA-B/FADD/IL23A/TRAF6/ZBTB1/NCKAP1L/SLAMF1/HLA-DRB1/IL12RB1/ARID5A/TNFRSF1B/HLA-A/CD55/BTLA/HLA-C/IL18R1/LAG3/AHR/FUT7",0.282013350011725
"GO:0050776","regulation of immune response",495,-0.261800564793446,-1.41315011447537,0.00107715733765201,0.0626076987946046,0.0568820465349303,811,"tags=16%, list=10%, signal=16%","PRKDC/YWHAZ/ARID5A/TNFRSF1B/HLA-A/MAP2K6/CD38/SAMSN1/CD300A/NLRC5/HCST/TTLL12/RNF125/SMCR8/YTHDF3/CD55/CASP1/SIVA1/CD28/UBE2N/SIN3A/PPP2CA/BTLA/PRKAR1A/HLA-DPB1/IFIH1/SELENOS/HLA-C/PJA2/HLA-DPA1/NFKB1/SUSD4/PRKAR2A/STOML2/ITCH/NFKBIA/CTLA4/XBP1/CHUK/TNIP1/ZC3H12A/IL18R1/LAG3/RHBDF2/ZC3HAV1/PHPT1/NAGK/EIF2B2/BTN3A2/GBP5/CTSH/USP15/ZBP1/DDX60/TRIM11/BIRC3/CCL5/PAK1/CASP8/SLC15A4/AHR/PDE4B/POLR3F/WDFY1/CBLB/PRKCE/SEC14L1/ZDHHC5/IKBKB/CTSS/GZMK/BCL2/JUNB/LGALS1/CD69/LYAR/NFKBIZ/CD47/FUT7/PIM1/TNFAIP3",0.45505986738723
"GO:1901976","regulation of cell cycle checkpoint",35,-0.391289236381617,-1.41276952751337,0.0492424242424242,0.545206738786505,0.495346030662354,1117,"tags=29%, list=13%, signal=25%","DYNC1LI1/DYNLT3/DYNC1H1/PPP1R10/DYNLRB1/DYNC1I2/BRCA2/RBX1/MAD2L1/DUSP1",0.282013350011725
"GO:0048872","homeostasis of number of cells",127,-0.308161121468487,-1.40832677769324,0.0118240785057933,0.261608858559418,0.237683983807583,2045,"tags=36%, list=24%, signal=28%","FADD/IL2RG/HCLS1/ANXA1/PSMA1/HMGB2/ISG15/GPR183/UBAP2L/PSMB3/SH2B3/CD74/ZFP36/NCKAP1L/PSMB9/UBAP2/PMAIP1/PSMA2/MTHFD1/TSC22D3/PSMB2/PSMA3/PRKDC/CEBPG/DOCK10/STAT3/ARNT/FAS/KAT7/ACIN1/SIVA1/PPP2CA/PPP2R1A/JAK2/LTB/PIK3CB/CDK6/PSMA6/PTBP3/TUBA1A/SLC15A4/PDE4B/TNFSF13B/LYAR/NFKBIZ/TNFAIP3",0.380730400722792
"GO:0097191","extrinsic apoptotic signaling pathway",100,-0.317174709872777,-1.40772971666835,0.0204124696703648,0.336139390561944,0.305398486516731,2258,"tags=37%, list=27%, signal=27%","BCL10/LTA/GSTP1/BLOC1S2/FADD/BID/HTT/DDX3X/MLLT11/CASP2/ARHGEF2/BIRC2/EYA3/PSME3/SP100/CD27/PMAIP1/ACSL5/BAK1/GABARAP/TNFRSF1B/TRAF1/FAS/SIVA1/DDX47/JAK2/LTB/BCL2L14/BIRC3/CFLAR/CASP8/TRADD/BCL2/IFI27/SIAH2/NFKBIZ/TNFAIP3",0.352487857583619
"GO:0007623","circadian rhythm",100,-0.316441540596915,-1.40447566095441,0.0213473741845728,0.344659742176564,0.313139627724089,1122,"tags=25%, list=13%, signal=22%","DYRK1A/PDE6B/TP53/OPN3/KLF9/GFPT1/KLF10/CRY2/NCOA2/NAMPT/HDAC2/PRKDC/ATF4/MTOR/SIN3A/HUWE1/BTBD9/MAGED1/RBX1/RORA/AHR/PPP1CC/RELB/BHLHE40/SIAH2",0.352487857583619
"GO:0032103","positive regulation of response to external stimulus",312,-0.272514208872191,-1.40121702583411,0.00389492539108691,0.130221487854215,0.118312362130928,767,"tags=16%, list=9%, signal=15%","TMSB4X/MAP2K6/TRAF1/CD300A/STAT3/NLRC5/RNF125/CASP1/SIN3A/PPP2CA/IFIH1/HLA-C/PJA2/CXCR3/ITCH/NFKBIA/OPTN/CHUK/TNIP1/ZC3HAV1/NAGK/PDCD4/GBP5/USP15/ZBP1/DDX60/TRIM11/BIRC3/CCL5/PAK1/SLC15A4/POLR3F/WDFY1/NKG7/PRKCE/SEC14L1/ZDHHC5/IKBKB/SWAP70/CTSS/TRADD/GZMK/RIPOR2/LGALS1/OSM/NFKBIZ/CD47/NEAT1/TNFAIP3",0.431707695803346
"GO:0034765","regulation of monoatomic ion transmembrane transport",92,-0.317760146103269,-1.39568413880303,0.0387049781539609,0.479434122838244,0.435588507656005,1271,"tags=24%, list=15%, signal=21%","FXYD2/SRI/NRBP1/OXSR1/ATP2B4/FXYD1/CALM1/FHL1/CALM2/FXYD5/MCUB/CXCR3/CAMK2D/FLNA/PDE4B/PRKCE/CTSS/ANK3/STOM/PPP3CC/NEDD4/FXYD7",0.321775918075361
"GO:0032940","secretion by cell",287,-0.272760194232102,-1.39422690015887,0.00708049656279966,0.191072257244694,0.173598155456617,1423,"tags=27%, list=17%, signal=23%","NCKAP1L/MIDN/SNF8/PIP5K1C/IRS2/AP2B1/RAB40C/SNX19/OSBPL2/MICU3/YKT6/SYNJ1/CD84/C2CD2L/SRI/RFX3/SNAPIN/ARFGEF1/OTOF/RIC1/ARF6/RAB33B/RAB8A/HLA-DRB1/NAPA/RAB10/CANX/SYNGR2/PORCN/PSMD9/GOLPH3L/ABCA1/ECRG4/TXLNA/CYB5R4/LIN7C/ARFGEF2/CRY2/TNFRSF1B/PREPL/CD38/EXOC4/SLC9B2/CD300A/CD2AP/SLC38A2/EXOC6B/MICAL1/GABBR1/PRF1/SMCR8/TMEM167B/SCAMP1/SYT11/RAB9A/PIK3C2A/EFR3A/SYTL2/JAK2/ALDOA/RAB27A/TSG101/PTPRN2/RHBDF2/NAGPA/PHPT1/EXOC6/BEST1/CCL5/NSF/PAK1/ANXA2/MCTP2/NKG7/CYP51A1/SCAMP3/OSM/NFKBIZ",0.407017918923954
"GO:1905037","autophagosome organization",91,-0.321575192656501,-1.39275244976123,0.0275999654382193,0.402597179249392,0.36577852126501,2320,"tags=35%, list=28%, signal=26%","PIP4K2A/ATG101/SCFD1/ATG5/MTM1/PIP4K2C/ATG12/SNX4/WDR45B/TRAF6/UBQLN1/UBXN2A/ATG2A/TMEM41B/SNX18/ATG4C/UBXN2B/RAB33B/GABARAP/UBQLN2/PIKFYVE/ZFYVE26/SEC22B/RB1CC1/RAB1B/RETREG2/PINK1/SMCR8/MTOR/ATG14/EMC6/LRBA",0.352487857583619
"GO:0002285","lymphocyte activation involved in immune response",105,-0.309144674577905,-1.38868082431509,0.0303172718143545,0.423709245370965,0.384959828846935,2037,"tags=35%, list=24%, signal=27%","IL23A/RIF1/ANXA1/PSMA1/JAK1/GPR183/PARP3/RNF8/PSMB3/CD74/NCKAP1L/PSMB9/SHLD2/SLAMF6/PSMA2/HLA-DRB1/IL12RB1/LCP1/PSMB2/PSMA3/ST3GAL1/EXOSC6/DOCK10/STAT3/MTOR/XBP1/ZC3H12A/IL18R1/PSMA6/RORA/SLC15A4/NKG7/JUNB/LGALS1/SOCS3/CD69/NFKBIZ",0.352487857583619
"GO:0001816","cytokine production",360,-0.26803424080214,-1.38809725878219,0.00270347143516765,0.103814613294052,0.0943204714131249,2045,"tags=32%, list=24%, signal=26%","FADD/IL23A/KAT5/OTUD5/POLR3A/ZNF580/TRAF6/RIOK3/PPM1B/KPNA2/ANXA1/PSMA1/HMGB2/DDIT3/DDX3X/ISG15/BTN3A3/ARHGEF2/ZBTB1/ZNF131/PRNP/RIPK2/CUEDC2/PPHLN1/BCL3/TBK1/AGPAT2/TASOR2/FCER1G/PSMB3/C1QBP/LITAF/PTPRJ/ZBTB2/CD74/UFD1/ZNF134/ZFP36/POLR3D/NCKAP1L/PSMB9/KAT8/IL4R/SLAMF6/SLAMF1/PER1/RPS6KA5/ZBTB17/SLC7A5/TRAF3/PTPN11/CD84/HSP90AA1/AKIRIN2/NLRP2/PSMA2/GPR65/REL/HLA-DRB1/IL12RB1/SERPINB1/BTN3A1/GBP1/PSMB2/SRGN/ARFGEF2/PSMA3/HDAC2/ARID5A/CEBPG/TNFRSF1B/HLA-A/STAT3/ARNT/TANK/RNF125/CD55/ATF4/CASP1/CD28/SYT11/BTLA/HLA-DPB1/IFIH1/SELENOS/JAK2/HLA-DPA1/NFKB1/LTB/STOML2/ITCH/NFKBIA/XBP1/CHUK/ZC3H12A/IL18R1/ZC3HAV1/PDCD4/ABCD2/BTN3A2/GBP5/PSMA6/RBX1/CASP8/RORA/PDE4B/POLR3F/MORC3/RELB/IKBKB/IL32/TRADD/OSM/CD47/GPR174/TNFAIP3/JUN",0.431707695803346
"GO:0001817","regulation of cytokine production",358,-0.2642446569041,-1.38067058356082,0.00283464309542637,0.104992957005106,0.0953910522377969,2045,"tags=32%, list=24%, signal=26%","FADD/IL23A/KAT5/OTUD5/POLR3A/ZNF580/TRAF6/RIOK3/PPM1B/KPNA2/ANXA1/PSMA1/HMGB2/DDIT3/DDX3X/ISG15/BTN3A3/ARHGEF2/ZBTB1/ZNF131/PRNP/RIPK2/CUEDC2/PPHLN1/BCL3/TBK1/AGPAT2/TASOR2/FCER1G/PSMB3/C1QBP/LITAF/PTPRJ/ZBTB2/CD74/UFD1/ZNF134/ZFP36/POLR3D/NCKAP1L/PSMB9/KAT8/IL4R/SLAMF6/SLAMF1/PER1/RPS6KA5/ZBTB17/SLC7A5/TRAF3/PTPN11/CD84/HSP90AA1/AKIRIN2/NLRP2/PSMA2/GPR65/REL/HLA-DRB1/IL12RB1/SERPINB1/BTN3A1/GBP1/PSMB2/SRGN/ARFGEF2/PSMA3/HDAC2/ARID5A/CEBPG/TNFRSF1B/HLA-A/STAT3/ARNT/TANK/RNF125/CD55/ATF4/CASP1/CD28/SYT11/BTLA/HLA-DPB1/IFIH1/SELENOS/JAK2/HLA-DPA1/NFKB1/LTB/STOML2/ITCH/NFKBIA/XBP1/CHUK/ZC3H12A/IL18R1/ZC3HAV1/PDCD4/ABCD2/BTN3A2/GBP5/PSMA6/RBX1/CASP8/RORA/PDE4B/POLR3F/MORC3/RELB/IKBKB/IL32/TRADD/OSM/CD47/GPR174/TNFAIP3",0.431707695803346
"GO:0002221","pattern recognition receptor signaling pathway",164,-0.291597283116696,-1.37810457873703,0.0211532573572001,0.342991443328335,0.311623899554133,811,"tags=17%, list=10%, signal=16%","PRKDC/MAP2K6/CD300A/RNF125/CASP1/PPP2CA/IFIH1/PJA2/ITCH/NFKBIA/CHUK/TNIP1/ZC3HAV1/NAGK/GBP5/USP15/DDX60/TRIM11/BIRC3/SLC15A4/WDFY1/PRKCE/SEC14L1/ZDHHC5/IKBKB/CTSS/NFKBIZ/TNFAIP3",0.352487857583619
"GO:0050863","regulation of T cell activation",193,-0.283432862831564,-1.37794472053147,0.0184704611701241,0.315752951587009,0.286876445413478,1131,"tags=21%, list=14%, signal=19%","PSMA2/GPR65/METTL14/HLA-DRB1/IL12RB1/PSMB2/SOCS1/PSMA3/SMARCD3/SMARCD2/TNFRSF1B/HLA-A/RHOA/CD300A/ARID2/RHOH/ACTL6A/CD55/MTOR/CD28/BTLA/PRKAR1A/HLA-DPB1/JAK2/HLA-DPA1/CTLA4/XBP1/ZC3H12A/LAG3/PSMA6/CCL5/CBLB/DPP4/PRDM1/RIPOR2/JUNB/LGALS1/CD69/NFKBIZ/CD47/SLC7A1",0.352487857583619
"GO:0035967","cellular response to topologically incorrect protein",93,-0.318205920107899,-1.37562737229552,0.0373665992659242,0.469760393394527,0.426799468304965,1607,"tags=27%, list=19%, signal=22%","EDEM3/CREBRF/COPS5/UFD1/PTPN1/PIAS2/BCL2L11/RHBDD1/AKIRIN2/BAK1/PPP1R15B/UBE2W/STAT3/ERN1/ATF4/UBR4/SELENOS/TMTC4/RHBDD2/OPTN/XBP1/ATF6B/DERL1/PARP8/PPP1R15A",0.321775918075361
"GO:1903037","regulation of leukocyte cell-cell adhesion",187,-0.28656687134542,-1.37466140782772,0.0106537015503758,0.249998040107576,0.22713500775189,2111,"tags=34%, list=25%, signal=26%","PNP/AP3B1/FADD/IL23A/KAT5/SMARCD1/ADTRP/IL2RG/TRAF6/RUNX3/HLA-DOA/ANXA1/PSMA1/ZBTB1/PRNP/CCL28/PSMB3/ITGA4/LAX1/NCKAP1L/PSMB9/SLAMF1/CD27/PTPN11/PSMA2/GPR65/HLA-DRB1/IL12RB1/PSMB2/SOCS1/PSMA3/SMARCD3/SMARCD2/HLA-A/RHOA/CD300A/ARID2/RHOH/ACTL6A/CD55/MTOR/CD28/BTLA/PRKAR1A/HLA-DPB1/JAK2/HLA-DPA1/CTLA4/XBP1/ZC3H12A/LAG3/NFAT5/PSMA6/CCL5/CBLB/DPP4/RIPOR2/LGALS1/CD69/NFKBIZ/CD47/FUT7/SLC7A1",0.380730400722792
"GO:0007159","leukocyte cell-cell adhesion",208,-0.279429215513884,-1.36795574823203,0.0149655205365781,0.295616293979054,0.268581342460223,1131,"tags=21%, list=14%, signal=18%","PSMA2/GPR65/HLA-DRB1/IL12RB1/SLC39A8/PSMB2/SOCS1/PSMA3/SMARCD3/SMARCD2/HLA-A/RHOA/CD300A/ARID2/RHOH/ACTL6A/ITGB1/CD55/MTOR/CD28/BTLA/PRKAR1A/HLA-DPB1/JAK2/HLA-DPA1/CTLA4/XBP1/TNIP1/ZC3H12A/LAG3/NFAT5/PSMA6/ICAM2/CCL5/CBLB/DPP4/RIPOR2/LGALS1/CD69/NFKBIZ/CD47/FUT7/SLC7A1",0.380730400722792
"GO:0006261","DNA-templated DNA replication",96,0.308517042229774,1.3628465137625,0.0470273423645338,0.543023143978853,0.493362131815188,1744,"tags=31%, list=21%, signal=25%","RAD51C/WIZ/POLRMT/INO80/PNKP/WDR18/BOD1L1/CDK9/NOC3L/MUS81/FAM111A/CARM1/ENDOG/POLD4/BARD1/RAD50/CHRAC1/POLE3/TERF2/CENPX/ETAA1/PCNA/MCMBP/POLG2/MCM7/HELB/RFC2/ORC4/POLE4/ORC3",0.321775918075361
"GO:0009617","response to bacterium",208,-0.277930398454592,-1.36061823555271,0.0163196211721805,0.305709673560773,0.277751653749663,1285,"tags=23%, list=15%, signal=20%","MAPKAPK3/SLC7A5/PTPN11/SHARPIN/AKIRIN2/NFKBIB/PLAA/CASP4/HLA-DRB1/GBP1/ABCA1/TRAV4/HDAC2/ARID5A/IL10RA/TNFRSF1B/HLA-A/RHOA/CD55/LYST/CASP1/LDOC1/SYT11/SELENOS/JAK2/NFKB1/OPTN/XBP1/TNIP1/ZC3H12A/IL18R1/NAGK/PDCD4/GBP5/PELI1/GBP4/CASP8/AHR/PDE4B/PRKCE/TRAV35/MTDH/GCH1/GNLY/NFKBIZ/FOS/TNFAIP3",0.352487857583619
"GO:0009636","response to toxic substance",95,-0.309333912544606,-1.35957400777986,0.0357132687953425,0.458404313559251,0.416481934294272,649,"tags=17%, list=8%, signal=16%","PRDX4/PINK1/GSTK1/ATF4/SELENOS/CLYBL/CHUK/MT1E/CCL5/AHR/PRKCE/GCH1/BCL2/MGST3/FOS/PIM1",0.321775918075361
"GO:0042391","regulation of membrane potential",91,0.307802624534896,1.35811682091433,0.0495985464527278,0.545206738786505,0.495346030662354,1090,"tags=24%, list=13%, signal=21%","AKAP9/PRKAR1B/PTK2B/PRDX3/TMEM25/KMT2A/PTEN/SLC8B1/RACK1/BIN1/MTLN/KIF5B/RANGRF/ABCD1/APP/PARK7/IFI6/KCNQ1/AKAP7/CHRNB1/GLRX/FMR1",0.321775918075361
"GO:0043069","negative regulation of programmed cell death",372,-0.260164709615231,-1.35388180884748,0.00475977774733325,0.144465413750909,0.131253640460833,1953,"tags=31%, list=23%, signal=25%","BRAF/PSAT1/ANXA1/ATAD3A/HTT/RNF157/DDX3X/BNIP2/MLST8/UBE2Z/CASP2/ARHGEF2/SQSTM1/BTG2/PRNP/BCL3/RASA1/DPP8/MNAT1/PDCD10/PSMC5/TAF9/PPIA/FKBP8/ENO1/BIRC2/SOD2/PARL/EYA3/COPS5/CD74/PTPN1/ATAD5/PSME3/PIDD1/NCKAP1L/AKR1A1/YBX3/IRS2/SLC25A4/SLC7A5/CD27/ARHGDIA/MYDGF/RHBDD1/RAF1/TP53/OPN3/SOCS2/SIGMAR1/BAK1/TSC22D3/ARL6IP1/GRK5/RB1/HDAC2/PRKDC/ST3GAL1/NAA35/YWHAZ/SUPV3L1/CD38/ATOX1/STAT3/PIAS1/API5/FTH1/MICAL1/PINK1/FAS/PPP1R10/PLK3/ITGB1/ATF4/EVI2B/MTOR/RPS6KA1/CD28/YME1L1/SELENOS/CXCR3/EEF2K/JAK2/PTRH2/NFKB1/TIMP1/ITCH/PIK3CB/XBP1/ZC3H12A/FLNA/CAST/HIGD1A/PELI1/TXNDC12/BIRC3/FBXO7/CCL5/PIM2/CFLAR/CASP8/ANXA5/CITED2/SYVN1/MTDH/BCL2/CSNK2A1/SIAH2/SOCS3/GCLM/PIM1/NR4A2/DUSP1/TNFAIP3",0.407017918923954
"GO:0002758","innate immune response-activating signaling pathway",171,-0.284001490957299,-1.35313358751731,0.0244915403761742,0.371602568438499,0.337618455835018,811,"tags=17%, list=10%, signal=16%","PRKDC/MAP2K6/CD300A/RNF125/CASP1/PPP2CA/IFIH1/PJA2/ITCH/NFKBIA/CHUK/TNIP1/ZC3HAV1/NAGK/GBP5/USP15/DDX60/TRIM11/BIRC3/PAK1/SLC15A4/WDFY1/PRKCE/SEC14L1/ZDHHC5/IKBKB/CTSS/NFKBIZ/TNFAIP3",0.352487857583619
"GO:0046903","secretion",314,-0.262343748646579,-1.35282472906807,0.012360669243442,0.262630040888113,0.238611776105652,1659,"tags=29%, list=20%, signal=24%","CDK16/PPIA/RAB11A/S100A10/FCER1G/PPP3CB/TVP23B/COPS5/CD74/NCKAP1L/PNPLA8/MIDN/SNF8/PIP5K1C/IRS2/AP2B1/RAB40C/SNX19/OSBPL2/MICU3/YKT6/SYNJ1/CD84/RHBDD1/C2CD2L/SRI/RFX3/SNAPIN/ARFGEF1/OTOF/RIC1/ARF6/RAB33B/RAB8A/HLA-DRB1/NAPA/RAB10/CANX/SYNGR2/PORCN/PSMD9/GOLPH3L/ABCA1/ECRG4/TXLNA/CYB5R4/LIN7C/ARFGEF2/CRY2/TNFRSF1B/PREPL/CD38/EXOC4/SLC9B2/CD300A/CD2AP/SLC38A2/EXOC6B/MICAL1/GABBR1/PRF1/SMCR8/UPRT/TMEM167B/SCAMP1/SYT11/RAB9A/PIK3C2A/EFR3A/SYTL2/JAK2/ALDOA/RAB27A/TSG101/PTPRN2/XBP1/RHBDF2/NAGPA/PHPT1/EXOC6/BEST1/CCL5/NSF/PAK1/ANXA2/MCTP2/NKG7/CYP51A1/SCAMP3/OSM/NFKBIZ",0.380730400722792
"GO:0010959","regulation of metal ion transport",104,-0.30705501534159,-1.35258076373974,0.0439441862517391,0.522079042953051,0.474333428442934,1361,"tags=27%, list=16%, signal=23%","SLC30A6/PER1/FXYD2/CD84/SRI/OXSR1/ATP2B4/FXYD1/CALM1/EPB41/FHL1/CALM2/TMX1/FXYD5/ATF4/MCUB/CXCR3/CAMK2D/FLNA/AHCYL1/CCL5/PDE4B/PRKCE/ANK3/BCL2/PPP3CC/NEDD4/FXYD7",0.321775918075361
"GO:0042593","glucose homeostasis",100,0.307107392924721,1.3472846151667,0.0282297176409095,0.405520430598311,0.368434432957405,1460,"tags=31%, list=17%, signal=26%","FOXO1/GNAS/SRF/SMARCB1/OSBP/SLC8B1/RACK1/PRKACA/NCF1/LRRC8A/NR1D1/HECTD4/ADIPOR2/RPS6/PARK7/PPARD/USF2/SOX4/SMARCA4/ENDOG/OAS1/FOXK2/ARRB1/KLF7/RAC1/ZNF236/RAB11FIP2/FIS1/IGF1R/GLCCI1/UCP2",0.352487857583619
"GO:0001944","vasculature development",186,-0.277253040449512,-1.33715344930724,0.024018077875688,0.370368564140201,0.336497304742237,1005,"tags=19%, list=12%, signal=17%","CEMIP2/ATP2B4/ACTG1/TMED2/TYMP/YWHAZ/RHOA/STAT3/PKNOX1/ITGB1/BCAS3/PRKX/PIK3C2A/RNH1/NCL/CXCR3/PIK3CB/XBP1/ZC3H12A/LGALS8/SYNJ2BP/PDCD4/CLDN5/CFLAR/COL18A1/CASP8/RORA/AHR/ANXA2/CXCR4/MTDH/PANK2/CD47/SAT1/TNFAIP3",0.352487857583619
"GO:0043066","negative regulation of apoptotic process",351,-0.256364642193902,-1.33485100858808,0.00789494126526233,0.201534379055143,0.183103486448392,1953,"tags=30%, list=23%, signal=24%","BRAF/ANXA1/ATAD3A/HTT/RNF157/DDX3X/BNIP2/MLST8/UBE2Z/CASP2/ARHGEF2/BTG2/PRNP/BCL3/RASA1/MNAT1/PDCD10/TAF9/PPIA/FKBP8/ENO1/BIRC2/SOD2/PARL/EYA3/COPS5/CD74/PTPN1/ATAD5/PSME3/PIDD1/NCKAP1L/AKR1A1/YBX3/IRS2/SLC7A5/CD27/ARHGDIA/MYDGF/RHBDD1/RAF1/TP53/OPN3/SOCS2/SIGMAR1/BAK1/TSC22D3/ARL6IP1/GRK5/RB1/HDAC2/PRKDC/ST3GAL1/NAA35/YWHAZ/SUPV3L1/CD38/ATOX1/STAT3/PIAS1/API5/MICAL1/PINK1/FAS/PPP1R10/PLK3/ITGB1/ATF4/EVI2B/MTOR/RPS6KA1/CD28/YME1L1/SELENOS/CXCR3/EEF2K/JAK2/PTRH2/NFKB1/TIMP1/ITCH/PIK3CB/XBP1/ZC3H12A/FLNA/CAST/HIGD1A/TXNDC12/BIRC3/FBXO7/CCL5/PIM2/CFLAR/ANXA5/CITED2/SYVN1/MTDH/BCL2/CSNK2A1/SIAH2/SOCS3/GCLM/PIM1/NR4A2/DUSP1/TNFAIP3",0.380730400722792
"GO:0098657","import into cell",389,-0.248782349509128,-1.32376809264646,0.010851648299743,0.251518572248032,0.228516482900098,1354,"tags=21%, list=16%, signal=19%","SLAMF1/PIP5K1C/IRS2/SLC3A2/AP2B1/MAPKAPK3/SLC7A5/FXYD2/SLC39A10/PTPN11/SYNJ1/MTMR2/ARF6/ARL6IP5/ACSL5/OPN3/ATP6V1H/ATP2B4/TMEM175/TM9SF4/UBQLN2/FXYD1/CANX/XKR6/ARL6IP1/PIKFYVE/ACTG1/SLC39A8/GAPVD1/RAB4B/SLC38A1/CDC42SE2/CALM1/CLTB/NUMB/IL10RA/EHBP1/ARPP19/PSTPIP1/LMBRD1/SLC9B2/CD300A/STAT3/SLC38A2/CALM2/TBC1D5/ITGB1/FXYD5/LYST/RABGAP1L/EPS15/IQSEC1/SCAMP1/SYT11/RAB9A/PIK3C2A/SELENOS/EEF2K/RAB27A/SUSD4/TSG101/ITCH/PIK3CB/MYO1F/MYO5A/GTF2H2/SLC2A3/SLC36A4/PAK1/ATP8A1/SLC15A4/ANXA2/CBLB/PRKCE/DPP4/GZMK/PPP3CC/LYAR/NEDD4/CD47/FXYD7/SLC7A1",0.380730400722792
"GO:0030522","intracellular receptor signaling pathway",222,-0.269146348191722,-1.32280532930773,0.0173507140430016,0.313091416913439,0.284458315661528,2001,"tags=30%, list=24%, signal=24%","TRAF6/RIOK3/UBQLN1/LYPLAL1/NR1H2/DDX3X/NCOR1/ACTN4/LATS1/WBP2/CSNK1A1/RIPK2/TBK1/NCOA3/TREX1/PLPP1/PUM2/BIRC2/C1QBP/KDM3A/STRN3/UFD1/TRIM25/PIAS2/TAF1/NR1D2/SP100/PER1/LAMP2/CDK12/DDX5/FABP5/CRY2/NCOA2/HDAC2/PRKDC/MAP2K6/PAQR8/STAT3/ARNT/RNF125/HUWE1/PPP2CA/IFIH1/JAK2/KMT2D/ITCH/ZC3HAV1/NAGK/GBP5/USP15/DDX60/TRIM11/BIRC3/PAK1/RORA/SLC15A4/AHR/WDFY1/CITED2/SEC14L1/ZDHHC5/IKBKB/NEDD4/PIM1/NR4A2/TNFAIP3",0.352487857583619
"GO:0002218","activation of innate immune response",187,-0.275736876437942,-1.32270991749535,0.0222410922193966,0.355368903392446,0.322869405664504,811,"tags=17%, list=10%, signal=15%","PRKDC/MAP2K6/CD300A/RNF125/CASP1/SIN3A/PPP2CA/IFIH1/PJA2/ITCH/NFKBIA/CHUK/TNIP1/ZC3HAV1/NAGK/GBP5/USP15/ZBP1/DDX60/TRIM11/BIRC3/PAK1/SLC15A4/WDFY1/PRKCE/SEC14L1/ZDHHC5/IKBKB/CTSS/NFKBIZ/TNFAIP3",0.352487857583619
"GO:0002253","activation of immune response",321,-0.255506233547527,-1.3208382115185,0.0146927273578054,0.293699068559728,0.266839452762635,765,"tags=16%, list=9%, signal=15%","HLA-A/MAP2K6/CD38/CD300A/RNF125/CD55/CASP1/SIVA1/CD28/UBE2N/SIN3A/PPP2CA/HLA-DPB1/IFIH1/PJA2/NFKB1/SUSD4/STOML2/ITCH/NFKBIA/CTLA4/CHUK/TNIP1/ZC3H12A/LAG3/ZC3HAV1/PHPT1/NAGK/EIF2B2/BTN3A2/GBP5/USP15/ZBP1/DDX60/TRIM11/BIRC3/PAK1/SLC15A4/PDE4B/WDFY1/CBLB/PRKCE/SEC14L1/ZDHHC5/IKBKB/CTSS/GZMK/BCL2/NFKBIZ/CD47/TNFAIP3",0.380730400722792
"GO:0045089","positive regulation of innate immune response",223,-0.26373492097854,-1.3133089315201,0.0278899745924632,0.4052627846551,0.368200349469056,2117,"tags=31%, list=25%, signal=24%","MAPK8/AP3B1/OASL/FADD/KAT5/NINJ1/TRAF6/RIOK3/UBQLN1/TRIM41/LYPLAL1/HMGB2/DDX3X/PYHIN1/LATS1/CSNK1A1/SQSTM1/RNF115/RIPK2/TBK1/TREX1/PUM2/BIRC2/C1QBP/UFD1/ZNFX1/POLR3D/TRIM25/SLAMF6/MAPKAPK3/TRAF3/LAMP2/HSP90AA1/AKIRIN2/UBE2K/PRKDC/MAP2K6/CD300A/NLRC5/RNF125/CASP1/SIN3A/PPP2CA/IFIH1/HLA-C/PJA2/ITCH/NFKBIA/CHUK/TNIP1/ZC3HAV1/NAGK/GBP5/USP15/ZBP1/DDX60/TRIM11/BIRC3/CCL5/PAK1/SLC15A4/POLR3F/WDFY1/PRKCE/SEC14L1/ZDHHC5/IKBKB/CTSS/NFKBIZ/TNFAIP3",0.352487857583619
"GO:1903706","regulation of hemopoiesis",191,-0.270220494106354,-1.30177672858423,0.0300175875525678,0.42158530027361,0.383030124574275,2125,"tags=34%, list=25%, signal=26%","KAT6B/PNP/MYSM1/AP3B1/RPTOR/FADD/IL23A/KAT5/SMARCD1/IL2RG/HCLS1/TRAF6/RUNX3/ANXA1/PSMA1/HMGB2/ISG15/ZBTB1/PAF1/CDC73/PSMB3/CD74/ZFP36/NCKAP1L/PSMB9/NEDD9/IL4R/CD27/IKZF3/PSMA2/GPR65/METTL14/HLA-DRB1/IL12RB1/PSMB2/SOCS1/PSMA3/SMARCD3/SMARCD2/PRKDC/RHOA/KAT6A/STAT3/ARNT/ARID2/RHOH/ACTL6A/KAT7/EVI2B/ACIN1/MTOR/CTLA4/XBP1/CDK6/ZC3H12A/LAG3/PSMA6/CASP8/TFE3/PRDM1/JUNB/LGALS1/CD69/NFKBIZ",0.352487857583619
"GO:0001819","positive regulation of cytokine production",229,-0.260054800076418,-1.2986780167889,0.0374266486002521,0.469760393394527,0.426799468304965,2045,"tags=31%, list=24%, signal=24%","FADD/IL23A/POLR3A/ZNF580/TRAF6/RIOK3/KPNA2/ANXA1/PSMA1/HMGB2/DDIT3/DDX3X/ISG15/ARHGEF2/RIPK2/TBK1/AGPAT2/FCER1G/PSMB3/PTPRJ/CD74/POLR3D/PSMB9/IL4R/SLAMF6/SLAMF1/SLC7A5/TRAF3/PTPN11/HSP90AA1/AKIRIN2/NLRP2/PSMA2/GPR65/IL12RB1/BTN3A1/PSMB2/ARFGEF2/PSMA3/HDAC2/ARID5A/CEBPG/HLA-A/STAT3/ARNT/TANK/CD55/ATF4/CASP1/CD28/HLA-DPB1/IFIH1/JAK2/HLA-DPA1/LTB/STOML2/XBP1/CHUK/IL18R1/ZC3HAV1/BTN3A2/GBP5/PSMA6/CASP8/RORA/PDE4B/POLR3F/IL32/TRADD/OSM",0.321775918075361
"GO:0006508","proteolysis",291,-0.25404008285532,-1.29802472923423,0.0162299278400713,0.305709673560773,0.277751653749663,2446,"tags=35%, list=29%, signal=26%","SPG7/CTSO/ADAM17/USP19/PSMD8/GZMM/USP25/OMA1/BTRC/STAMBP/PITRM1/XPNPEP1/HINT1/CLN8/SPPL2A/CYFIP2/JOSD1/XPNPEP3/PSMD14/AFG3L2/MYSM1/FADD/UCHL5/OTUD5/TBL1X/SPCS3/CLPP/NR1H2/UBXN2A/CASP2/CAPN7/ECE1/SENP7/PRNP/DPP8/ENO1/LONP1/S100A10/ZMPSTE24/USP10/PARL/ATG4C/SENP3/COPS5/USP18/PTPN1/USP37/PIDD1/PSMB9/USP11/TYSND1/USP21/TRAF3/UQCRC2/RHBDD1/CPA5/ALG13/METAP1/LAP3/RNPEP/USP12/SENP2/PSMB7/CASP4/SERPINB1/BAK1/UCHL3/USP3/GZMB/SRGN/TSPAN5/AMZ2/HDAC2/CSTB/TNFRSF1B/PREPL/TSPAN17/HM13/TANK/TPP1/CASP10/IDE/CASP1/STAMBPL1/YME1L1/DESI1/TPP2/TIMP1/STOML2/CLPX/CTSH/USP15/RBX1/CFLAR/CASP8/ANXA2/VCPIP1/DPP4/CTSS/GZMK/TNFAIP3/GZMA",0.352487857583619
"GO:0046649","lymphocyte activation",395,-0.247247578672397,-1.29782661749694,0.0119161931233867,0.261608858559418,0.237683983807583,2093,"tags=32%, list=25%, signal=25%","AP3B1/DCAF12/NHEJ1/FADD/IL23A/KAT5/SMARCD1/IL2RG/TRAF6/RUNX3/RIF1/HLA-DOA/ANXA1/PSMA1/DDOST/JAK1/IRF2BP2/CUL4A/SH2D1A/GPR183/ZBTB1/PARP3/HDAC4/PRNP/SLC39A6/ATP7A/TBK1/TNFRSF4/RNF8/PSMB3/TNFSF8/PPP3CB/ITGA4/PTPRJ/SOS1/DDB1/LAX1/CD74/NCKAP1L/PSMB9/KIF13B/NEDD9/SHLD2/SLAMF6/SLAMF1/IRS2/SH2D2A/CD27/PTPN11/CD84/IKZF3/AKIRIN2/PSMA2/GPR65/METTL14/HLA-DRB1/IL12RB1/LCP1/BTN3A1/PRR7/PSMB2/MOV10/SOCS1/PSMA3/SMARCD3/SMARCD2/PRKDC/ST3GAL1/CEBPG/EXOSC6/TNFRSF1B/HLA-A/RHOA/CD38/DOCK10/SAMSN1/CD300A/STAT3/ARID2/RHOH/ACTL6A/PRF1/ITGB1/KAT7/CD55/MTOR/CD28/BTLA/PRKAR1A/HLA-DPB1/JAK2/HLA-DPA1/STOML2/CTLA4/XBP1/ZC3H12A/IL18R1/LAG3/PSMA6/RBX1/CCL5/CASP8/RORA/SLC15A4/AHR/RABL3/NKG7/CBLB/FLT3LG/RELB/DPP4/PRDM1/SYVN1/BCL2/RIPOR2/KLF6/JUNB/TNFSF13B/LGALS1/SOCS3/CD69/NFKBIZ/CD47/SLC7A1/TNFAIP3",0.380730400722792
"GO:0030097","hemopoiesis",381,-0.24559728134733,-1.29772843179501,0.0160399909367662,0.305709673560773,0.277751653749663,880,"tags=17%, list=11%, signal=16%","NUDT21/SOCS1/PSMA3/SMARCD3/SMARCD2/PRKDC/LBR/ST3GAL1/CEBPG/TMSB4X/RHOA/KAT6A/DOCK10/STAT3/ARNT/ARID2/PINK1/RHOH/ACTL6A/ITGB1/KAT7/ATF4/EVI2B/ACIN1/MTOR/CD28/PRKX/JAK2/ITCH/MAF/CTLA4/XBP1/CDK6/ZC3H12A/IL18R1/LAG3/FLNA/OSTM1/PSMA6/PTBP3/RUNX2/CFLAR/TPM4/CASP8/RORA/ANXA2/RABL3/TFE3/FLT3LG/RELB/PRDM1/SYVN1/KLF6/JUNB/TNFSF13B/LGALS1/SOCS3/OSM/CD69/LYAR/NFKBIZ/FOS/PIM1",0.352487857583619
"GO:0010256","endomembrane system organization",348,-0.24927243583959,-1.2921313190271,0.017753613767137,0.31537067841794,0.286529132213813,1716,"tags=27%, list=20%, signal=22%","AP3S2/TANGO2/PDCD10/EMC4/TMEM41B/RAB11A/ARMH3/S100A10/ZMPSTE24/PLEC/SNX18/TMCO1/TOR1AIP2/SIRT2/PLSCR3/UBXN2B/TMED7/SNF8/NDRG1/TOR1B/GET3/SNX19/MMGT1/OSBPL2/SYNJ1/HPS5/ARFGEF1/AP1S2/TRAM1/RAB33B/GORASP2/RAB8A/USO1/ATP6V1H/IQGAP1/CHMP1A/ILK/VAPA/RAB10/XKR6/SYNGR2/SMPD4/ARL6IP1/LAMTOR1/GOLPH3L/SRGN/ABCA1/TMED2/YIPF4/SEC61A1/ARFGEF2/LNPK/LPIN1/YWHAZ/RAB1B/PAFAH1B1/VTI1A/EMC9/PLK3/LYST/GET4/SYT11/CHMP1B/WHAMM/ATP8B2/HUWE1/PLEKHF2/UBR4/CHMP6/REEP4/VDAC2/ATR/SERINC5/RAB27A/LEMD2/TSG101/ATP6V0C/RAB30/OPTN/USP6NL/ABCD2/TOR1AIP1/NSF/NOMO2/ATL3/NUP155/ANXA2/VCPIP1/EMC6/ANK3/CXCR4/AHNAK/RAB2A/PI4K2B",0.352487857583619
"GO:0016032","viral process",231,-0.258582104797352,-1.28650839964996,0.05,0.545206738786505,0.495346030662354,2085,"tags=35%, list=25%, signal=27%","OASL/ATG12/VPS4B/CHMP4A/NMT2/KPNA2/SPCS3/DDX3X/PPIE/ISG15/CTBP1/CSNK1A1/PDE12/RAD23A/SMC6/HSP90AB1/TNFRSF4/MAN2A1/SMC5/TMEM41B/PPIA/RSF1/DDB1/ZNFX1/ZFP36/WWP1/TRIM25/GPR15/SP100/SELPLG/TRIM14/SLAMF1/ST6GALNAC4/SLC3A2/APOBEC3C/MGAT4B/ISG20/PPIH/MGAT5/PKN2/TP53/DDX5/CHMP1A/VAPA/CANX/PIKFYVE/MDFIC/ST3GAL1/PTBP1/RAB1B/ITGB1/CD55/IDE/EPS15/EIF3G/SIVA1/CD28/CHMP1B/LAMP3/IFIH1/CHMP6/TSG101/ITCH/TNIP1/ZC3H12A/USP6NL/EIF3D/ZBED1/ZC3HAV1/APOBEC3G/TRIM11/CCL5/IL32/DPP4/CXCR4/BCL2/STOM/LGALS1/NEDD4/SLC7A1/JUN",0.276500599254472
"GO:0040011","locomotion",399,-0.24509379966274,-1.28590409657442,0.0161518523744952,0.305709673560773,0.277751653749663,1148,"tags=20%, list=14%, signal=18%","ARF6/MGAT5/PKN2/MACO1/MACF1/PLAA/VCL/OXSR1/PTPRK/SERPINB1/ADIPOR1/GCSAM/GPR25/ATP2B4/MAPRE2/PIKFYVE/ACTG1/MYADM/TYMP/HDAC2/S100A11/NUMB/TMSB4X/RHOA/DOCK10/CD300A/STAT3/ARID2/PINK1/PLP2/YTHDF3/GTPBP4/ITGB1/ELP3/BRMS1/LYST/BCAS3/MTOR/BBS1/IQSEC1/PRKX/SIN3A/PIK3C2A/CXCR3/JAK2/SYNE2/TIMP1/PIK3CB/XBP1/CDK6/ZC3H12A/FLNA/KIF9/PHPT1/SYNJ2BP/CLDN5/CTSH/FBXO7/CCL5/NEXN/PAK1/CASP8/ARID4B/S100A4/ATP8A1/PDE4B/MINK1/CITED2/PRKCE/SWAP70/DPP4/CXCR4/TRADD/RIPOR2/CD69/CD47/FUT7/DUSP1",0.352487857583619
"GO:0001775","cell activation",489,-0.240264193955478,-1.28112179478431,0.00949568103009282,0.228501165170004,0.207604083215499,1553,"tags=24%, list=19%, signal=21%","SH2B3/TNFSF8/PPP3CB/ITGA4/PTPRJ/SOS1/DDB1/LAX1/CD74/DGKH/NCKAP1L/PSMB9/KIF13B/NEDD9/SHLD2/IL4R/SELPLG/SLAMF6/SLAMF1/IRS2/SH2D2A/CD27/PTPN11/CD84/IKZF3/AKIRIN2/RASA3/METAP1/PSMA2/GPR65/METTL14/VCL/HLA-DRB1/FIBP/IL12RB1/ILK/CST7/LCP1/BTN3A1/PRR7/ACTG1/PSMB2/MOV10/SOCS1/PSMA3/CALHM2/SMARCD3/SMARCD2/PRKDC/ST3GAL1/CEBPG/EXOSC6/TNFRSF1B/HLA-A/RHOA/CD38/DOCK10/SAMSN1/CD300A/STAT3/ARID2/RHOH/ACTL6A/PRF1/TMX1/ITGB1/KAT7/CD55/MTOR/RPS6KA1/CD28/SYT11/MCUB/BTLA/PRKAR1A/HLA-DPB1/PJA2/JAK2/HLA-DPA1/STOML2/CTLA4/PIK3CB/XBP1/ZC3H12A/IL18R1/LAG3/FLNA/PSMA6/RBX1/CCL5/CASP8/RORA/SLC15A4/AHR/RABL3/NKG7/TOLLIP/CBLB/FLT3LG/RELB/DPP4/PRDM1/SYVN1/BCL2/RIPOR2/KLF6/JUNB/TNFSF13B/LGALS1/SOCS3/CD69/NFKBIZ/CD47/GCLM/SLC7A1/TNFAIP3",0.380730400722792
"GO:0002833","positive regulation of response to biotic stimulus",233,-0.257932623466946,-1.28062456174904,0.0413838506008365,0.497924164235542,0.452387582137953,2117,"tags=31%, list=25%, signal=24%","MAPK8/AP3B1/OASL/FADD/KAT5/NINJ1/TRAF6/RIOK3/UBQLN1/TRIM41/LYPLAL1/HMGB2/DDX3X/PYHIN1/LATS1/CSNK1A1/SQSTM1/RNF115/RIPK2/TBK1/TREX1/PUM2/BIRC2/C1QBP/UFD1/ZNFX1/POLR3D/TRIM25/SLAMF6/MAPKAPK3/TRAF3/LAMP2/PTPN11/HSP90AA1/AKIRIN2/HLA-DRB1/UBE2K/PRKDC/MAP2K6/CD300A/NLRC5/RNF125/CASP1/SIN3A/PPP2CA/IFIH1/HLA-C/PJA2/ITCH/NFKBIA/CHUK/TNIP1/ZC3HAV1/NAGK/GBP5/USP15/ZBP1/DDX60/TRIM11/BIRC3/CCL5/PAK1/SLC15A4/POLR3F/WDFY1/PRKCE/SEC14L1/ZDHHC5/IKBKB/CTSS/NFKBIZ/TNFAIP3",0.321775918075361
"GO:0002764","immune response-regulating signaling pathway",309,-0.246779099175241,-1.27105080106523,0.0324618991839102,0.439556054885342,0.39935740252528,765,"tags=16%, list=9%, signal=15%","HLA-A/MAP2K6/CD38/CD300A/RNF125/CASP1/SIVA1/CD28/UBE2N/PPP2CA/BTLA/HLA-DPB1/IFIH1/PJA2/NFKB1/STOML2/ITCH/NFKBIA/CTLA4/CHUK/TNIP1/ZC3H12A/LAG3/ZC3HAV1/PHPT1/NAGK/EIF2B2/BTN3A2/GBP5/CTSH/USP15/DDX60/TRIM11/BIRC3/PAK1/SLC15A4/PDE4B/WDFY1/CBLB/PRKCE/SEC14L1/ZDHHC5/IKBKB/CTSS/BCL2/NFKBIZ/CD47/TNFAIP3",0.321775918075361
"GO:0002757","immune response-activating signaling pathway",298,-0.2478104633396,-1.27082830992134,0.0368852142624546,0.467625300280381,0.424859635533381,765,"tags=15%, list=9%, signal=15%","HLA-A/MAP2K6/CD38/CD300A/RNF125/CASP1/SIVA1/CD28/UBE2N/PPP2CA/HLA-DPB1/IFIH1/PJA2/NFKB1/STOML2/ITCH/NFKBIA/CTLA4/CHUK/TNIP1/ZC3H12A/LAG3/ZC3HAV1/PHPT1/NAGK/EIF2B2/BTN3A2/GBP5/USP15/DDX60/TRIM11/BIRC3/PAK1/SLC15A4/PDE4B/WDFY1/CBLB/PRKCE/SEC14L1/ZDHHC5/IKBKB/CTSS/BCL2/NFKBIZ/CD47/TNFAIP3",0.321775918075361
"GO:0045321","leukocyte activation",442,-0.23890012287117,-1.26936058790636,0.0183963374766853,0.315752951587009,0.286876445413478,2093,"tags=31%, list=25%, signal=24%","AP3B1/DCAF12/SNX4/NHEJ1/FADD/IL23A/KAT5/SMARCD1/IL2RG/TRAF6/RUNX3/RIF1/HLA-DOA/ANXA1/PSMA1/DDOST/JAK1/IRF2BP2/CUL4A/SH2D1A/CRTC3/GPR183/ZBTB1/PARP3/HDAC4/PRNP/SLC39A6/ATP7A/TBK1/TNFRSF4/RNF8/FCER1G/PSMB3/TNFSF8/PPP3CB/ITGA4/PTPRJ/SOS1/DDB1/LAX1/CD74/NCKAP1L/PSMB9/KIF13B/NEDD9/SHLD2/IL4R/SELPLG/SLAMF6/SLAMF1/IRS2/SH2D2A/CD27/PTPN11/CD84/IKZF3/AKIRIN2/PSMA2/GPR65/METTL14/HLA-DRB1/IL12RB1/CST7/LCP1/BTN3A1/PRR7/PSMB2/MOV10/SOCS1/PSMA3/CALHM2/SMARCD3/SMARCD2/PRKDC/ST3GAL1/CEBPG/EXOSC6/TNFRSF1B/HLA-A/RHOA/CD38/DOCK10/SAMSN1/CD300A/STAT3/ARID2/RHOH/ACTL6A/PRF1/ITGB1/KAT7/CD55/MTOR/CD28/SYT11/MCUB/BTLA/PRKAR1A/HLA-DPB1/PJA2/JAK2/HLA-DPA1/STOML2/CTLA4/XBP1/ZC3H12A/IL18R1/LAG3/PSMA6/RBX1/CCL5/CASP8/RORA/SLC15A4/AHR/RABL3/NKG7/TOLLIP/CBLB/FLT3LG/RELB/DPP4/PRDM1/SYVN1/BCL2/RIPOR2/KLF6/JUNB/TNFSF13B/LGALS1/SOCS3/CD69/NFKBIZ/CD47/SLC7A1/TNFAIP3",0.352487857583619
"GO:0006811","monoatomic ion transport",389,-0.237262112569217,-1.26246904104224,0.0323053644663327,0.439027578970522,0.398877257237111,1361,"tags=21%, list=16%, signal=19%","SLC30A6/APOL1/PER1/SLC25A12/SLC3A2/SLC25A4/MMGT1/FXYD2/SLC39A10/COMMD9/MICU3/CD84/NDUFV3/SRI/ATP2C1/NRBP1/MAGT1/SLC30A9/NDUFA2/ATP6V0D1/ATP6V1H/OXSR1/NDUFV2/BAK1/TMEM65/S100A6/ATP2B4/TMEM175/FXYD1/SLC39A8/TMEM165/SEC61A1/CALHM2/SLC38A1/MICU2/MT-ND6/CALM1/NDUFB10/EPB41/MT-ND1/ATP6V1E1/SLC9B2/ATOX1/SLC38A2/FTH1/FHL1/PLP2/CALM2/TMX1/ZDHHC13/FXYD5/ATF4/SFXN4/MCUB/ATP8B2/MT-ND3/CXCR3/VDAC2/ATP6V0C/CAMK2D/FLNA/LETM2/AHCYL1/OSTM1/BEST1/IBTK/CCL5/ATP8A1/SLC15A4/PDE4B/ITPR1/PRKCE/CTSS/ANK3/BCL2/MCOLN2/STOM/PPP3CC/SGK1/NEDD4/FXYD7/MT-ATP8/SLC7A1",0.321775918075361
"GO:0002252","immune effector process",261,-0.249066907008642,-1.26135178028062,0.0331060596689962,0.442771465509682,0.402278754695764,2045,"tags=29%, list=24%, signal=23%","FADD/IL23A/IL2RG/TRAF6/RIF1/ANXA1/PSMA1/JAK1/BTN3A3/GPR183/ZBTB1/PARP3/CUEDC2/CD59/TNFRSF4/RNF8/PLEC/FCER1G/PSMB3/C1QBP/CD74/NCKAP1L/PSMB9/SHLD2/SLAMF6/SLAMF1/SLC7A5/CD27/CD84/PSMA2/HLA-DRB1/IL12RB1/LCP1/PSMB2/GZMB/PSMA3/IGHV3-23/ST3GAL1/ARID5A/CEBPG/EXOSC6/TNFRSF1B/HLA-A/DOCK10/CD300A/STAT3/HCST/PRF1/TUBB4B/CD55/LYST/MTOR/BTLA/HLA-C/GNL1/SUSD4/PIK3CB/XBP1/ZC3H12A/IL18R1/LAG3/BTN3A2/PSMA6/CTSH/DDX60/RORA/SLC15A4/AHR/NKG7/GZMK/JUNB/LGALS1/SOCS3/CD69/NFKBIZ/FUT7",0.321775918075361
"GO:0042110","T cell activation",290,-0.246866058259448,-1.25914240271875,0.0466786355475763,0.54262118491921,0.492996933055675,2111,"tags=33%, list=25%, signal=25%","PNP/AP3B1/DCAF12/NHEJ1/FADD/IL23A/KAT5/SMARCD1/IL2RG/TRAF6/RUNX3/HLA-DOA/ANXA1/PSMA1/DDOST/JAK1/CUL4A/GPR183/ZBTB1/PRNP/ATP7A/TBK1/TNFRSF4/PSMB3/TNFSF8/PPP3CB/SOS1/LAX1/CD74/NCKAP1L/PSMB9/KIF13B/SLAMF6/SLAMF1/SH2D2A/CD27/PTPN11/CD84/IKZF3/PSMA2/GPR65/METTL14/HLA-DRB1/IL12RB1/LCP1/BTN3A1/PRR7/PSMB2/MOV10/SOCS1/PSMA3/SMARCD3/SMARCD2/TNFRSF1B/HLA-A/RHOA/CD38/CD300A/STAT3/ARID2/RHOH/ACTL6A/KAT7/CD55/MTOR/CD28/BTLA/PRKAR1A/HLA-DPB1/JAK2/HLA-DPA1/STOML2/CTLA4/XBP1/ZC3H12A/IL18R1/LAG3/PSMA6/RBX1/CCL5/CASP8/RORA/RABL3/NKG7/CBLB/DPP4/PRDM1/RIPOR2/JUNB/LGALS1/SOCS3/CD69/NFKBIZ/CD47/SLC7A1",0.282013350011725
"GO:0002521","leukocyte differentiation",269,-0.248988184563314,-1.2589931915641,0.0350567748836634,0.45677365951198,0.415000408201075,1131,"tags=20%, list=14%, signal=18%","PSMA2/GPR65/METTL14/HLA-DRB1/IL12RB1/PRR7/PSMB2/SOCS1/PSMA3/SMARCD3/SMARCD2/PRKDC/LBR/ST3GAL1/CEBPG/RHOA/DOCK10/STAT3/ARID2/RHOH/ACTL6A/ITGB1/KAT7/EVI2B/ACIN1/MTOR/CD28/CTLA4/XBP1/CDK6/ZC3H12A/IL18R1/LAG3/OSTM1/PSMA6/CFLAR/CASP8/RORA/ANXA2/RABL3/TFE3/FLT3LG/RELB/PRDM1/SYVN1/KLF6/JUNB/TNFSF13B/LGALS1/SOCS3/CD69/NFKBIZ/FOS",0.321775918075361
"GO:0140694","membraneless organelle assembly",243,0.249660114627539,1.25451225693711,0.0435633647886931,0.519187357008462,0.471706195408796,1707,"tags=24%, list=20%, signal=20%","RPL11/RPL5/HECA/RPS23/RPS28/CHMP7/FAU/RPS15/NOP53/OBSCN/INO80/RC3H1/PTEN/TUFM/RPSA/RPS14/SQLE/WASHC5/FLII/RPS3/MOSPD2/SUGT1/RANGRF/EIF6/ZNF574/XRCC5/MTERF3/SKA2/EDC3/RPS6/HDAC3/CSRP1/CAPRIN1/DHX29/CCDC69/PATL1/DCAF13/FMR1/DHX30/WDR1/YTHDF1/CENPX/HNRNPU/PPP1R35/CCSAP/NUMA1/SMC1A/TTN/POC1B/NAT9/C2CD3/PAN2/ATXN2/FXR1/CLASP2/CLASP1/PAN3/LZTS2/CHMP5",0.321775918075361
"GO:0040012","regulation of locomotion",354,-0.243232818198596,-1.25433484248985,0.0281999646868763,0.405520430598311,0.368434432957405,1148,"tags=20%, list=14%, signal=18%","ARF6/MGAT5/PKN2/MACF1/PLAA/VCL/OXSR1/PTPRK/SERPINB1/ADIPOR1/GCSAM/ATP2B4/MAPRE2/ACTG1/MYADM/HDAC2/S100A11/NUMB/TMSB4X/RHOA/DOCK10/CD300A/STAT3/ARID2/PINK1/YTHDF3/GTPBP4/ITGB1/ELP3/BRMS1/BCAS3/MTOR/BBS1/IQSEC1/PRKX/SIN3A/PIK3C2A/CXCR3/JAK2/SYNE2/TIMP1/PIK3CB/XBP1/CDK6/ZC3H12A/FLNA/KIF9/PHPT1/SYNJ2BP/CLDN5/CTSH/FBXO7/CCL5/NEXN/PAK1/CASP8/ARID4B/ATP8A1/MINK1/CITED2/PRKCE/SWAP70/DPP4/CXCR4/TRADD/RIPOR2/CD69/CD47/FUT7/DUSP1",0.352487857583619
"GO:0051241","negative regulation of multicellular organismal process",367,-0.24266117026828,-1.25275835632059,0.0184156638489784,0.315752951587009,0.286876445413478,2037,"tags=31%, list=24%, signal=24%","IL23A/KAT5/ADTRP/OTUD5/RBBP7/RUNX3/RNF10/PPM1B/PGAM5/BCR/ANXA1/PSMA1/NR1H2/DDIT3/CUL4A/GGCX/PARP3/PRNP/CUEDC2/PPHLN1/BCL3/SKI/TASOR2/PSMB3/C1QBP/SH2B3/TRAK2/ITGA4/DDB1/LAX1/WDTC1/UFD1/SIRT2/ZFP36/SREBF2/NCKAP1L/PSMB9/KAT8/SLAMF1/RPS6KA5/PDE3B/PTPN11/CD84/SRI/PSMA2/REL/HLA-DRB1/SERPINB1/CST7/ADIPOR1/ATP2B4/GBP1/PSMB2/SRGN/SOCS1/RB1/PSMA3/CRY2/HDAC2/LPIN1/TNFRSF1B/MAP2K6/CD38/SAMSN1/CD300A/STAT3/RNF125/TMX1/ITGB1/BRMS1/ATF4/SIN3A/SYT11/PPP2CA/BTLA/PRKAR1A/SELENOS/CXCR3/JAK2/NFKB1/TIMP1/ITCH/NFKBIA/CTLA4/BRCA2/PIK3CB/CDK6/ZC3H12A/IL18R1/LAG3/FRS2/SYNJ2BP/PDCD4/CLDN5/ABCD2/PSMA6/RBX1/TRIM11/PAK1/ARID4B/PDE4B/ANXA5/CBLB/MORC3/TFE3/RELB/IKBKB/CYP51A1/RIPOR2/LGALS1/CD69/GPR174/TNFAIP3",0.352487857583619
"GO:2000145","regulation of cell motility",347,-0.243155805115985,-1.25129153907348,0.0401745420199752,0.49105346196604,0.446145225147584,1148,"tags=20%, list=14%, signal=18%","ARF6/MGAT5/PKN2/MACF1/PLAA/VCL/OXSR1/PTPRK/SERPINB1/ADIPOR1/GCSAM/ATP2B4/MAPRE2/ACTG1/MYADM/HDAC2/S100A11/NUMB/TMSB4X/RHOA/DOCK10/CD300A/STAT3/ARID2/PINK1/YTHDF3/GTPBP4/ITGB1/ELP3/BRMS1/BCAS3/MTOR/BBS1/IQSEC1/PRKX/SIN3A/PIK3C2A/CXCR3/JAK2/SYNE2/TIMP1/PIK3CB/XBP1/CDK6/ZC3H12A/FLNA/KIF9/PHPT1/SYNJ2BP/CLDN5/CTSH/CCL5/NEXN/PAK1/CASP8/ARID4B/ATP8A1/MINK1/CITED2/PRKCE/SWAP70/DPP4/CXCR4/TRADD/RIPOR2/CD69/CD47/FUT7/DUSP1",0.321775918075361
"GO:0030334","regulation of cell migration",327,-0.241592996934791,-1.24635301712782,0.0303931195064932,0.423709245370965,0.384959828846935,1077,"tags=19%, list=13%, signal=17%","MACF1/PLAA/VCL/OXSR1/PTPRK/SERPINB1/ADIPOR1/GCSAM/ATP2B4/MAPRE2/ACTG1/MYADM/HDAC2/S100A11/NUMB/TMSB4X/RHOA/DOCK10/CD300A/STAT3/ARID2/PINK1/YTHDF3/GTPBP4/ITGB1/ELP3/BRMS1/BCAS3/MTOR/IQSEC1/PRKX/SIN3A/PIK3C2A/CXCR3/JAK2/SYNE2/TIMP1/PIK3CB/XBP1/ZC3H12A/FLNA/SYNJ2BP/CLDN5/CTSH/CCL5/NEXN/PAK1/CASP8/ARID4B/ATP8A1/MINK1/CITED2/PRKCE/SWAP70/DPP4/CXCR4/TRADD/RIPOR2/CD69/CD47/FUT7/DUSP1",0.352487857583619
"GO:0051050","positive regulation of transport",324,-0.240556973796443,-1.24148614888601,0.0471662183781246,0.543023143978853,0.493362131815188,1314,"tags=22%, list=16%, signal=19%","IRS2/AP2B1/SLC7A5/FXYD2/MICU3/PTPN11/RHBDD1/C2CD2L/HSP90AA1/SRI/SNAPIN/MTMR2/ATP2C1/ZNRF2/ICE1/ARF6/ACSL5/DYNC1LI1/OPN3/PLAA/HLA-DRB1/BAK1/DYNLT3/DYNC1H1/FXYD1/ARL6IP1/PSMD9/GOLPH3L/ABCA1/ECRG4/PGAP1/ARPP19/CD38/STAT3/CD2AP/FHL1/GABBR1/TBC1D5/PLK3/ITGB1/FXYD5/SIVA1/SYT11/RAB9A/DYNLRB1/CXCR3/EEF2K/JAK2/DYNC1I2/NFKB1/ALDOA/RAB27A/TSG101/XBP1/ZC3H12A/FLNA/PHPT1/AHCYL1/CCL5/ATP8A1/ANXA2/CTSS/ANK3/PPP3CC/LYAR/NEDD4/CD47/FXYD7/BORCS5/PIM1",0.321775918075361
"GO:0050778","positive regulation of immune response",402,-0.236239770370146,-1.24012735192379,0.035365957435982,0.457577353401165,0.415730601996481,2045,"tags=30%, list=24%, signal=24%","FADD/IL23A/KAT5/NINJ1/TRAF6/RIOK3/RIF1/UBQLN1/TRIM41/HLA-DOA/ANXA1/LYPLAL1/HMGB2/DDX3X/PYHIN1/LATS1/BTN3A3/RBCK1/CSNK1A1/EIF2B4/SH2D1A/SQSTM1/RNF115/ZBTB1/PRNP/RIPK2/CD59/SLC39A6/TBK1/TREX1/PUM2/BIRC2/C1QBP/PTPRJ/SOS1/LAX1/CD74/UFD1/ZNFX1/UBR2/POLR3D/TRIM25/NCKAP1L/SHLD2/SLAMF6/SLAMF1/MAPKAPK3/TRAF3/LAMP2/PTPN11/HSP90AA1/AKIRIN2/GPR65/HLA-DRB1/IL12RB1/GCSAM/BTN3A1/GBP1/UBE2K/PRKDC/ARID5A/HLA-A/MAP2K6/CD38/CD300A/NLRC5/RNF125/CD55/CASP1/SIVA1/CD28/UBE2N/SIN3A/PPP2CA/HLA-DPB1/IFIH1/HLA-C/PJA2/HLA-DPA1/NFKB1/SUSD4/STOML2/ITCH/NFKBIA/CTLA4/XBP1/CHUK/TNIP1/ZC3H12A/IL18R1/LAG3/ZC3HAV1/PHPT1/NAGK/EIF2B2/BTN3A2/GBP5/USP15/ZBP1/DDX60/TRIM11/BIRC3/CCL5/PAK1/SLC15A4/PDE4B/POLR3F/WDFY1/CBLB/PRKCE/SEC14L1/ZDHHC5/IKBKB/CTSS/GZMK/BCL2/NFKBIZ/CD47/TNFAIP3",0.321775918075361
