"ID","Description","setSize","enrichmentScore","NES","pvalue","p.adjust","qvalue","rank","leading_edge","core_enrichment","log2err"
"GO:0000768","syncytium formation by plasma membrane fusion",49,0.707354973161639,2.80516646766955,1e-10,1.95222222222222e-08,1.15605076551623e-08,302,"tags=76%, list=19%, signal=63%","RPL17/RPL12/RPL34/RPL36/RPL4/RPL36A/RPL39/RPL32/RPL14/RPL10/RPL18/RPLP2/RPL31/RPL24/RPL9/RPL13A/RPL35A/RPL27/RPL28/RPL21/RPL10A/RPL37/RPL41/RPL11/RPL5/UBA52/RPL19/RPL30/TYROBP/RPL7/RPL35/RPL29/RPL18A/RPL37A/CD81/RPL15/RPL6",NA
"GO:0006949","syncytium formation",49,0.707354973161639,2.80516646766955,1e-10,1.95222222222222e-08,1.15605076551623e-08,302,"tags=76%, list=19%, signal=63%","RPL17/RPL12/RPL34/RPL36/RPL4/RPL36A/RPL39/RPL32/RPL14/RPL10/RPL18/RPLP2/RPL31/RPL24/RPL9/RPL13A/RPL35A/RPL27/RPL28/RPL21/RPL10A/RPL37/RPL41/RPL11/RPL5/UBA52/RPL19/RPL30/TYROBP/RPL7/RPL35/RPL29/RPL18A/RPL37A/CD81/RPL15/RPL6",NA
"GO:0140253","cell-cell fusion",49,0.707354973161639,2.80516646766955,1e-10,1.95222222222222e-08,1.15605076551623e-08,302,"tags=76%, list=19%, signal=63%","RPL17/RPL12/RPL34/RPL36/RPL4/RPL36A/RPL39/RPL32/RPL14/RPL10/RPL18/RPLP2/RPL31/RPL24/RPL9/RPL13A/RPL35A/RPL27/RPL28/RPL21/RPL10A/RPL37/RPL41/RPL11/RPL5/UBA52/RPL19/RPL30/TYROBP/RPL7/RPL35/RPL29/RPL18A/RPL37A/CD81/RPL15/RPL6",NA
"GO:0034242","negative regulation of syncytium formation by plasma membrane fusion",45,0.742860769880669,2.79649299402659,1e-10,1.95222222222222e-08,1.15605076551623e-08,302,"tags=78%, list=19%, signal=65%","RPL17/RPL12/RPL34/RPL36/RPL4/RPL36A/RPL39/RPL32/RPL14/RPL10/RPL18/RPLP2/RPL31/RPL24/RPL9/RPL13A/RPL35A/RPL27/RPL28/RPL21/RPL10A/RPL37/RPL41/RPL11/RPL5/UBA52/RPL19/RPL30/RPL7/RPL35/RPL29/RPL18A/RPL37A/RPL15/RPL6",NA
"GO:1901740","negative regulation of myoblast fusion",45,0.742860769880669,2.79649299402659,1e-10,1.95222222222222e-08,1.15605076551623e-08,302,"tags=78%, list=19%, signal=65%","RPL17/RPL12/RPL34/RPL36/RPL4/RPL36A/RPL39/RPL32/RPL14/RPL10/RPL18/RPLP2/RPL31/RPL24/RPL9/RPL13A/RPL35A/RPL27/RPL28/RPL21/RPL10A/RPL37/RPL41/RPL11/RPL5/UBA52/RPL19/RPL30/RPL7/RPL35/RPL29/RPL18A/RPL37A/RPL15/RPL6",NA
"GO:0060142","regulation of syncytium formation by plasma membrane fusion",48,0.704982715841034,2.72903494474898,1e-10,1.95222222222222e-08,1.15605076551623e-08,302,"tags=75%, list=19%, signal=63%","RPL17/RPL12/RPL34/RPL36/RPL4/RPL36A/RPL39/RPL32/RPL14/RPL10/RPL18/RPLP2/RPL31/RPL24/RPL9/RPL13A/RPL35A/RPL27/RPL28/RPL21/RPL10A/RPL37/RPL41/RPL11/RPL5/UBA52/RPL19/RPL30/TYROBP/RPL7/RPL35/RPL29/RPL18A/RPL37A/RPL15/RPL6",NA
"GO:0007520","myoblast fusion",48,0.704632885833792,2.72768072954195,1e-10,1.95222222222222e-08,1.15605076551623e-08,302,"tags=75%, list=19%, signal=63%","RPL17/RPL12/RPL34/RPL36/RPL4/RPL36A/RPL39/RPL32/RPL14/RPL10/RPL18/RPLP2/RPL31/RPL24/RPL9/RPL13A/RPL35A/RPL27/RPL28/RPL21/RPL10A/RPL37/RPL41/RPL11/RPL5/UBA52/RPL19/RPL30/RPL7/RPL35/RPL29/RPL18A/RPL37A/CD81/RPL15/RPL6",NA
"GO:1901739","regulation of myoblast fusion",47,0.702195265049039,2.69446737092742,1e-10,1.95222222222222e-08,1.15605076551623e-08,302,"tags=74%, list=19%, signal=62%","RPL17/RPL12/RPL34/RPL36/RPL4/RPL36A/RPL39/RPL32/RPL14/RPL10/RPL18/RPLP2/RPL31/RPL24/RPL9/RPL13A/RPL35A/RPL27/RPL28/RPL21/RPL10A/RPL37/RPL41/RPL11/RPL5/UBA52/RPL19/RPL30/RPL7/RPL35/RPL29/RPL18A/RPL37A/RPL15/RPL6",NA
"GO:0014902","myotube differentiation",51,0.672458622054034,2.67014695439222,1.30196582987313e-10,2.28755396308708e-08,1.35462473487073e-08,302,"tags=73%, list=19%, signal=61%","RPL17/RPL12/RPL34/RPL36/RPL4/RPL36A/RPL39/RPL32/RPL14/RPL10/RPL18/RPLP2/RPL31/RPL24/RPL9/RPL13A/RPL35A/RPL27/RPL28/RPL21/RPL10A/RPL37/RPL41/RPL11/RPL5/UBA52/RPL19/NACA/RPL30/RPL7/RPL35/RPL29/RPL18A/RPL37A/CD81/RPL15/RPL6",0.826657301178302
"GO:0002181","cytoplasmic translation",121,0.530248796534719,2.4474877097732,1e-10,1.95222222222222e-08,1.15605076551623e-08,302,"tags=53%, list=19%, signal=47%","RPS17/RPS10/RPS28/RPL17/RPL26/RPL12/RPL34/RPL36/RPL4/RPL36A/RPL39/RPL32/RPL14/RPL10/RPL18/RPS15A/RPLP2/RPS14/RPL31/RPS8/RPL24/RPL9/RPS29/RPL13A/RPS15/YBX1/RPL35A/RPL27/RPS21/RPS24/RPL28/RPS7/RPL21/RPL10A/SH3BGRL/RPSA/TCF25/RPL37/RPS23/RPS11/RPS25/RPL41/RPS27A/RPL11/RPL5/RPS16/UBA52/EIF3B/RPL22/RPL19/RPL30/RPS2/RPS20/RPL7/RPL35/RPS13/RPL29/RPL18A/RPS27/RPL37A/RPS12/RPL15/EIF3I/RPL6",NA
"GO:0051146","striated muscle cell differentiation",59,0.592557657454574,2.44368504659261,3.24875670799462e-08,5.18915048722413e-06,3.07286810120714e-06,360,"tags=69%, list=22%, signal=56%","RPL17/RPL12/RPL34/RPL36/RPL4/RPL36A/RPL39/RPL32/RPL14/RPL10/RPL18/RPLP2/RPL31/RPL24/RPL9/RPL13A/RPL35A/RPL27/RPL28/RPL21/RPL10A/RPL37/RPL41/RPL11/RPL5/UBA52/RPL19/NACA/RPL30/RPL7/RPL35/RPL29/RPL18A/RPL37A/CD81/RPL15/RPL6/TGFB1/RPL38/AKAP13/RPL23A",0.719512826338911
"GO:0006941","striated muscle contraction",62,0.579094000847419,2.37352766598999,4.49675941846081e-08,6.58400524852971e-06,3.89886162604047e-06,302,"tags=61%, list=19%, signal=52%","RPL17/RPL12/RPL34/RPL36/RPL4/RPL36A/RPL39/RPL32/RPL14/RPL10/RPL18/RPLP2/GNAS/RPL31/RPL24/RPL9/RPL13A/RPL35A/RPL27/RPL28/C12orf57/RPL21/RPL10A/RPL37/RPL41/RPL11/RPL5/UBA52/RPL19/RPL30/RPL7/RPL35/SRI/RPL29/RPL18A/RPL37A/RPL15/RPL6",0.719512826338911
"GO:0042692","muscle cell differentiation",64,0.554984532179438,2.24027824602487,3.36173401786739e-07,3.93771111292867e-05,2.33180111089054e-05,414,"tags=72%, list=25%, signal=56%","RPL17/RPL12/RPL34/RPL36/RPL4/RPL36A/RPL39/RPL32/RPL14/RPL10/RPL18/RPLP2/RPL31/RPL24/RPL9/RPL13A/RPL35A/RPL27/RPL28/RPL21/RPL10A/RPL37/RPL41/RPL11/RPL5/UBA52/RPL19/NACA/RPL30/RPL7/RPL35/RPL29/RPL18A/RPL37A/PDCD4/CD81/RPL15/RPL6/TGFB1/RPL38/AKAP13/RPL23A/ZNHIT1/RPL13/RPL8/RPLP1",0.674962860011025
"GO:0061614","miRNA transcription",18,-0.736823331291324,-2.13978342051316,3.024385899818e-05,0.00224627915044494,0.00133018295861783,136,"tags=44%, list=8%, signal=41%","NR3C1/STAT3/ETS1/DDX5/SMARCA4/EGR1/JUN/FOS",0.575610261071129
"GO:0042274","ribosomal small subunit biogenesis",33,0.612238044277063,2.13046323170976,3.06465792858068e-05,0.00224627915044494,0.00133018295861783,373,"tags=64%, list=23%, signal=50%","RPS17/RPS28/RPS15A/RPS14/RPS8/RPS15/RPS21/RPS24/RPS7/RPSA/RPS23/RPS11/RPS25/RPS27A/RPS16/RPS13/RPS27/RPS12/RPS3A/TRMT112/RPS6",0.557332238758646
"GO:0010586","miRNA metabolic process",23,-0.682666918875139,-2.10518066120111,4.27921740103013e-05,0.00268520891914641,0.00159010474894434,187,"tags=39%, list=11%, signal=35%","NEAT1/NR3C1/STAT3/ETS1/DDX5/SMARCA4/EGR1/JUN/FOS",0.557332238758646
"GO:0006364","rRNA processing",42,0.550717068215012,2.09195104499273,6.20787876487469e-05,0.00363574766329495,0.00215298689950961,260,"tags=48%, list=16%, signal=41%","RPS17/RPS28/RPL26/RPL14/RPS14/RPS15/RPL35A/RPL27/RPS21/RPS24/RPS7/RPL37/RPS25/RPL11/RPL5/RPS16/RPL7/RPL35/RPS13/RPS27",0.538434096309916
"GO:0006936","muscle contraction",75,0.493318043056518,2.08677254859486,6.59550317577102e-06,0.000724268692489355,0.000428891427861459,302,"tags=52%, list=19%, signal=44%","RPL17/RPL12/RPL34/RPL36/RPL4/RPL36A/RPL39/RPL32/RPL14/RPL10/RPL18/RPLP2/GNAS/RPL31/RPL24/RPL9/RPL13A/RPL35A/RPL27/RPL28/MYL6/C12orf57/RPL21/RPL10A/RPL37/RPL41/RPL11/RPL5/UBA52/RPL19/RPL30/RPL7/RPL35/SRI/RPL29/RPL18A/RPL37A/RPL15/RPL6",0.610526878385931
"GO:0042254","ribosome biogenesis",70,0.49593993474038,2.07609945973319,8.55262809937512e-06,0.000883939268858946,0.000523443825606614,378,"tags=50%, list=23%, signal=40%","RPS17/RPS28/RPL26/RPL14/RPS15A/RPS14/RPS8/RPS15/RPL35A/RPL27/RPS21/RPS24/RPS7/RPSA/RPL37/RPS23/RPS11/RPS25/RPS27A/RPL11/RPL5/RPS16/RPL7/RPL35/C1QBP/RPS13/RPS27/RPS12/RPS3A/TRMT112/NDUFAB1/RPL7L1/NOP10/RPS6/EIF2A",0.593325476396405
"GO:0007179","transforming growth factor beta receptor signaling pathway",28,-0.645313192696584,-2.07443704907485,4.08139938548934e-05,0.00268520891914641,0.00159010474894434,166,"tags=36%, list=10%, signal=33%","STRAP/ARID4B/APPL1/ZYX/STAT3/XBP1/OGT/HDAC2/JUN/FOS",0.557332238758646
"GO:0071560","cellular response to transforming growth factor beta stimulus",39,-0.591517898644991,-2.06812316138647,3.06833805410806e-05,0.00224627915044494,0.00133018295861783,166,"tags=31%, list=10%, signal=28%","STRAP/ARID4B/APPL1/NR3C1/ZYX/STAT3/XBP1/OGT/HDAC2/NFKBIZ/JUN/FOS",0.557332238758646
"GO:1902893","regulation of miRNA transcription",17,-0.721528067661244,-2.04932725002251,0.000130728332625159,0.00588947898518984,0.00348758282321482,136,"tags=41%, list=8%, signal=38%","NR3C1/STAT3/ETS1/SMARCA4/EGR1/JUN/FOS",0.518848077743792
"GO:0071559","response to transforming growth factor beta",40,-0.573183585547383,-2.03433429959422,6.47340396166032e-05,0.00366895830988296,0.00217265330478578,166,"tags=30%, list=10%, signal=28%","STRAP/ARID4B/APPL1/NR3C1/ZYX/STAT3/XBP1/OGT/HDAC2/NFKBIZ/JUN/FOS",0.538434096309916
"GO:2000628","regulation of miRNA metabolic process",18,-0.700350990455918,-2.03386534366544,0.000192736107075386,0.00808084013493949,0.00478524489562322,187,"tags=44%, list=11%, signal=40%","NEAT1/NR3C1/STAT3/ETS1/SMARCA4/EGR1/JUN/FOS",0.518848077743792
"GO:0007178","cell surface receptor protein serine/threonine kinase signaling pathway",37,-0.588386957738262,-2.02789188360852,3.03491575246581e-05,0.00224627915044494,0.00133018295861783,166,"tags=32%, list=10%, signal=30%","STRAP/ARID4B/APPL1/ZYX/STAT3/RUNX2/XBP1/OGT/DDX5/HDAC2/JUN/FOS",0.575610261071129
"GO:0141091","transforming growth factor beta receptor superfamily signaling pathway",37,-0.588386957738262,-2.02789188360852,3.03491575246581e-05,0.00224627915044494,0.00133018295861783,166,"tags=32%, list=10%, signal=30%","STRAP/ARID4B/APPL1/ZYX/STAT3/RUNX2/XBP1/OGT/DDX5/HDAC2/JUN/FOS",0.575610261071129
"GO:1902895","positive regulation of miRNA transcription",14,-0.742254461929401,-2.01013858489716,0.000185554388399715,0.00808084013493949,0.00478524489562322,136,"tags=50%, list=8%, signal=46%","NR3C1/STAT3/ETS1/SMARCA4/EGR1/JUN/FOS",0.518848077743792
"GO:2000630","positive regulation of miRNA metabolic process",15,-0.720323955547093,-2.00034575705824,0.000299981475462387,0.0109876625790763,0.00650658290392583,187,"tags=53%, list=11%, signal=48%","NEAT1/NR3C1/STAT3/ETS1/SMARCA4/EGR1/JUN/FOS",0.49849310876659
"GO:0061061","muscle structure development",90,0.455144424375846,1.97949911999328,1.13970761090106e-05,0.00111248126241842,0.000658779928023423,380,"tags=57%, list=23%, signal=46%","RPL17/RPL12/RPL34/RPL36/RPL4/RPL36A/RPL39/RPL32/RPL14/RPL10/RPL18/ZFP36L1/RPLP2/RPL31/RPL24/RPL9/RPL13A/RPL35A/RPL27/RPL28/MYL6/RPL21/RPL10A/RPL37/RPL41/RPL11/RPL5/UBA52/RPL19/NACA/RPL30/BRD7/RPL7/RPL35/RPL29/RPL18A/SMARCC1/RPL37A/ARID1A/PDCD4/CD81/RPL15/RPL6/TGFB1/SMARCE1/PDLIM1/RPL38/AKAP13/RPL23A/EEF2/ZNHIT1",0.593325476396405
"GO:0048545","response to steroid hormone",54,-0.531143480290537,-1.96226391542004,7.67867487927766e-05,0.00421607242590339,0.0024966388047204,361,"tags=41%, list=22%, signal=33%","MDK/PTPRC/FOSB/TXNIP/PDCD7/HNRNPU/GSTP1/RWDD1/NR3C1/RAN/AKR1C3/MT-ND3/DDX5/JUNB/HDAC2/IGFBP7/SMARCA4/CALR/ZFP36/DUSP1/JUN/FOS",0.538434096309916
"GO:2000241","regulation of reproductive process",13,-0.730640654406393,-1.92841645260903,0.0004350144948664,0.0149866758329464,0.00887468540825223,142,"tags=54%, list=9%, signal=50%","ANAPC11/MYH9/YTHDF2/ARHGDIB/HDAC2/CALR/DUSP1",0.49849310876659
"GO:0003012","muscle system process",88,0.439265020618541,1.92768373432732,1.31513657971274e-05,0.00121615524766067,0.00072017272882199,302,"tags=45%, list=19%, signal=39%","RPL17/RPL12/RPL34/RPL36/RPL4/RPL36A/RPL39/RPL32/RPL14/IL1B/RPL10/RPL18/RPLP2/GNAS/RPL31/RPL24/RPL9/RPL13A/RPL35A/RPL27/RPL28/MYL6/C12orf57/RPL21/RPL10A/RPL37/RPL41/RPL11/RPL5/UBA52/RPL19/RPL30/RPL7/RPL35/SRI/RPL29/RPL18A/RPL37A/RPL15/RPL6",0.593325476396405
"GO:0042273","ribosomal large subunit biogenesis",20,0.609837944396984,1.92490912635744,0.00110322675591435,0.029289474024467,0.0173443978262935,495,"tags=70%, list=30%, signal=49%","RPL26/RPL14/RPL35A/RPL37/RPL11/RPL5/RPL7/RPL35/TRMT112/NDUFAB1/RPL7L1/RPL7A/NSA2/RSL24D1",0.45505986738723
"GO:0006412","translation",204,0.384648490266818,1.91043978926545,2.28415728793333e-07,2.86661739635633e-05,1.69752971653381e-05,302,"tags=39%, list=19%, signal=36%","RPS17/RPS10/RPS28/RPL17/RPL26/RPL12/RPL34/ZNF706/RPL36/RPL4/RPL36A/RPL39/RPL32/RPL14/EIF2AK1/RPL10/RPL18/RPS15A/ZFP36L1/RPLP2/RPS14/RPL31/RPS8/RPL24/RPL9/RPS29/RPL13A/RPS15/YBX1/RPL35A/RPL27/RPS21/RPS24/RPL28/RPS7/RPL21/RPL10A/SH3BGRL/RPSA/TCF25/SARNP/RPL37/EEF1B2/RPS23/RPS11/RPS25/RPL41/RPS27A/EEF1G/MRPL3/RPL11/MRPS23/RPL5/RPS16/PRMT1/UBA52/EIF3B/RPL22/EEF1A1/RPL19/NACA/RPL30/RPS2/RPS20/RPL7/RPL35/C1QBP/RPS13/RPL29/RPL18A/RPS27/ATF4/RPL37A/RPS12/RPL15/EIF4B/PML/EIF3I/RPL6",0.690132458796796
"GO:0160307","protein biosynthetic process",204,0.384648490266818,1.91043978926545,2.28415728793333e-07,2.86661739635633e-05,1.69752971653381e-05,302,"tags=39%, list=19%, signal=36%","RPS17/RPS10/RPS28/RPL17/RPL26/RPL12/RPL34/ZNF706/RPL36/RPL4/RPL36A/RPL39/RPL32/RPL14/EIF2AK1/RPL10/RPL18/RPS15A/ZFP36L1/RPLP2/RPS14/RPL31/RPS8/RPL24/RPL9/RPS29/RPL13A/RPS15/YBX1/RPL35A/RPL27/RPS21/RPS24/RPL28/RPS7/RPL21/RPL10A/SH3BGRL/RPSA/TCF25/SARNP/RPL37/EEF1B2/RPS23/RPS11/RPS25/RPL41/RPS27A/EEF1G/MRPL3/RPL11/MRPS23/RPL5/RPS16/PRMT1/UBA52/EIF3B/RPL22/EEF1A1/RPL19/NACA/RPL30/RPS2/RPS20/RPL7/RPL35/C1QBP/RPS13/RPL29/RPL18A/RPS27/ATF4/RPL37A/RPS12/RPL15/EIF4B/PML/EIF3I/RPL6",0.690132458796796
"GO:0007283","spermatogenesis",86,0.433075745831862,1.90068966497129,8.78498769232821e-05,0.00453977158100608,0.00268832428590884,302,"tags=43%, list=19%, signal=37%","RPL17/PSMB4/RPL12/RPL34/RPL36/RPL4/RPL32/RPL14/RPL18/RPLP2/RPL31/RPL24/RPL9/RPL13A/RPL35A/RPL27/RPL28/PSMA3/RPL21/RPL10A/RPL37/PSMB6/RPL41/RPL11/RPL5/UBA52/RPL19/RPL30/RPL7/RPL35/RPL29/RPL18A/RPL37A/PSMB2/SEPTIN2/RPL15/RPL6",0.538434096309916
"GO:0048232","male gamete generation",86,0.433075745831862,1.90068966497129,8.78498769232821e-05,0.00453977158100608,0.00268832428590884,302,"tags=43%, list=19%, signal=37%","RPL17/PSMB4/RPL12/RPL34/RPL36/RPL4/RPL32/RPL14/RPL18/RPLP2/RPL31/RPL24/RPL9/RPL13A/RPL35A/RPL27/RPL28/PSMA3/RPL21/RPL10A/RPL37/PSMB6/RPL41/RPL11/RPL5/UBA52/RPL19/RPL30/RPL7/RPL35/RPL29/RPL18A/RPL37A/PSMB2/SEPTIN2/RPL15/RPL6",0.538434096309916
"GO:0031960","response to corticosteroid",29,-0.578673182500691,-1.8707354580178,0.00061731252037075,0.0197203290598438,0.0116778209193386,361,"tags=48%, list=22%, signal=38%","MDK/PTPRC/FOSB/PDCD7/HNRNPU/GSTP1/NR3C1/RAN/AKR1C3/MT-ND3/IGFBP7/ZFP36/DUSP1/FOS",0.477270815362862
"GO:0035150","regulation of tube size",11,-0.737687509594423,-1.86693658843181,0.00154698095522073,0.033556117757072,0.0198709835280218,323,"tags=55%, list=20%, signal=44%","TBXAS1/KLF2/ROCK1/PECAM1/ATP2B1/AVP",0.45505986738723
"GO:0035296","regulation of tube diameter",11,-0.737687509594423,-1.86693658843181,0.00154698095522073,0.033556117757072,0.0198709835280218,323,"tags=55%, list=20%, signal=44%","TBXAS1/KLF2/ROCK1/PECAM1/ATP2B1/AVP",0.45505986738723
"GO:0097746","blood vessel diameter maintenance",11,-0.737687509594423,-1.86693658843181,0.00154698095522073,0.033556117757072,0.0198709835280218,323,"tags=55%, list=20%, signal=44%","TBXAS1/KLF2/ROCK1/PECAM1/ATP2B1/AVP",0.45505986738723
"GO:0019883","antigen processing and presentation of endogenous antigen",12,-0.721503627413474,-1.85565977377592,0.000834925446325075,0.0248637967659857,0.0147236369700979,339,"tags=67%, list=21%, signal=53%","HLA-DRB1/HLA-DRA/HLA-C/B2M/HLA-B/CD74/HLA-E/HLA-A",0.477270815362862
"GO:0019218","regulation of steroid metabolic process",11,-0.732719241925636,-1.85436291655674,0.00174404607853708,0.0373693775608495,0.0221290880947505,99,"tags=36%, list=6%, signal=34%","AKR1C3/SCP2/IGFBP7/EGR1",0.45505986738723
"GO:0006606","protein import into nucleus",27,-0.574757723728762,-1.83798501325995,0.00129500433245194,0.0307476028664602,0.018207860471488,386,"tags=52%, list=24%, signal=40%","HSP90AA1/YWHAE/SEC13/NUTF2/STK4/SUMO1/SQSTM1/APPL1/RAN/NFKBIA/PTTG1IP/STAT3/XBP1/JUP",0.45505986738723
"GO:0046634","regulation of alpha-beta T cell activation",21,-0.609246234361909,-1.83123173329611,0.00153225081795209,0.033556117757072,0.0198709835280218,107,"tags=33%, list=7%, signal=32%","LGALS1/HLA-E/JUNB/HLA-A/IRF1/NFKBIZ/CD69",0.45505986738723
"GO:0048259","regulation of receptor-mediated endocytosis",11,0.693382442722998,1.82703381510869,0.00466379992227765,0.0655543717075347,0.0388194441866182,131,"tags=36%, list=8%, signal=34%","CLU/CD63/RNF220/APOC1",0.407017918923954
"GO:0014823","response to activity",11,-0.72095091760045,-1.82457968858898,0.00258280642699515,0.0478797982153265,0.0283530618335981,117,"tags=27%, list=7%, signal=25%","SLC38A2/FIS1/FOS",0.431707695803346
"GO:0070848","response to growth factor",80,-0.458822240046238,-1.82002073200093,0.000227734689542129,0.0090938602164891,0.00538512672640459,311,"tags=31%, list=19%, signal=27%","KDM5B/RAP1A/ROCK1/CHURC1/HHEX/GSTP1/CD44/STRAP/ARID4B/APPL1/NR3C1/ZYX/STAT3/RUNX2/XBP1/OGT/DDIT4/DDX5/HDAC2/ZFP36/AVP/IER2/NFKBIZ/JUN/FOS",0.518848077743792
"GO:0051170","import into nucleus",29,-0.562175463264469,-1.81740160864491,0.00117769952916843,0.029289474024467,0.0173443978262935,386,"tags=48%, list=24%, signal=37%","HSP90AA1/YWHAE/SEC13/NUTF2/STK4/SUMO1/SQSTM1/APPL1/RAN/NFKBIA/PTTG1IP/STAT3/XBP1/JUP",0.45505986738723
"GO:1901652","response to peptide",149,-0.410952781513663,-1.80578898795559,3.27263650571799e-05,0.00230000893621861,0.001362000217569,405,"tags=36%, list=25%, signal=30%","BST2/STAT1/XAF1/DOCK8/TAX1BP1/JAK1/MX1/PTPRC/PLP2/IFI16/SAMHD1/TMSB4X/PIM1/PSMC5/KLF2/HNRNPU/CNOT7/CALM1/RIPOR2/PSMA4/GSTP1/SOCS2/CD44/PSMD8/IRAK3/EIF2AK2/PSMA7/CALCOCO2/YBX3/CD74/APPL1/SRSF1/KIT/NFKBIA/AIF1/CRHBP/STAT3/YTHDF2/XBP1/SP100/IFIT2/CSF3R/FIS1/CALR/ZFP36/IRF1/MCL1/AVP/SELL/C1QTNF4/DUSP1/NFKBIZ/EGR1/FOS",0.557332238758646
"GO:0051384","response to glucocorticoid",24,-0.570414720628899,-1.80255520138024,0.0050508617393563,0.0688598034842058,0.0407768273637406,361,"tags=46%, list=22%, signal=36%","MDK/FOSB/PDCD7/HNRNPU/GSTP1/NR3C1/MT-ND3/IGFBP7/ZFP36/DUSP1/FOS",0.407017918923954
"GO:0002483","antigen processing and presentation of endogenous peptide antigen",11,-0.7113196595405,-1.80020493934775,0.00339841598475238,0.0549267230794208,0.0325260513585295,339,"tags=64%, list=21%, signal=51%","HLA-DRB1/HLA-DRA/HLA-C/B2M/HLA-B/HLA-E/HLA-A",0.431707695803346
"GO:0032526","response to retinoic acid",10,-0.738552369714925,-1.79296469899115,0.00366381254459572,0.0572603047058688,0.0339079323733757,45,"tags=40%, list=3%, signal=39%","SP100/HDAC2/IGFBP7/DUSP1",0.431707695803346
"GO:0009410","response to xenobiotic stimulus",33,-0.532190703280747,-1.78929409539685,0.0011835814773689,0.029289474024467,0.0173443978262935,386,"tags=45%, list=24%, signal=35%","HSP90AA1/MDK/FOSB/TXNIP/PIM1/MT-CYB/GSTP1/GUK1/CRHBP/HDAC2/CALR/AVP/NFKBIZ/FOS/CD69",0.45505986738723
"GO:0033993","response to lipid",117,-0.41523380940169,-1.78886770812308,0.000112573905569755,0.00534573924556916,0.00316559553351244,338,"tags=32%, list=21%, signal=28%","PTPRC/FOSB/TBXAS1/CHMP5/RAP1A/TXNIP/PIM1/PDCD7/HNRNPU/B2M/GSTP1/SOCS2/RWDD1/IRAK3/NR3C1/RAN/AKR1C3/CRHBP/STAT3/XBP1/MT-ND3/PRDX3/BTG2/NRIP1/DDX5/SP100/JUNB/HDAC2/IGFBP7/SMARCA4/FIS1/CALR/ZFP36/AVP/DUSP1/NFKBIZ/JUN/FOS",0.538434096309916
"GO:0001909","leukocyte mediated cytotoxicity",20,-0.603501341426581,-1.78626767703059,0.0024269582884085,0.0468589638761949,0.0277485526205665,339,"tags=60%, list=21%, signal=48%","HLA-DRB1/PTPRC/HLA-DRA/TUBB/HLA-C/CTSC/TUBB4B/HLA-B/HCST/HLA-E/HLA-A/NFKBIZ",0.431707695803346
"GO:0002474","antigen processing and presentation of peptide antigen via MHC class I",12,-0.693340225288691,-1.78322535982434,0.00258280642699515,0.0478797982153265,0.0283530618335981,284,"tags=50%, list=17%, signal=42%","HLA-C/B2M/HLA-B/HLA-E/CALR/HLA-A",0.431707695803346
"GO:0009612","response to mechanical stimulus",20,-0.601615910807532,-1.78068710323413,0.00258741480092061,0.0478797982153265,0.0283530618335981,361,"tags=60%, list=22%, signal=47%","MDK/FOSB/TXNIP/PECAM1/CNN2/KIT/SLC38A2/GSN/BTG2/JUP/IRF1/FOS",0.431707695803346
"GO:0030512","negative regulation of transforming growth factor beta receptor signaling pathway",12,-0.690398834419435,-1.77566029638232,0.00266048337347771,0.0481042272484993,0.0284859623572425,166,"tags=42%, list=10%, signal=38%","STRAP/ARID4B/XBP1/OGT/HDAC2",0.431707695803346
"GO:0090101","negative regulation of transmembrane receptor protein serine/threonine kinase signaling pathway",13,-0.672712450154232,-1.77552364343361,0.00290667563594299,0.050467974663012,0.029885706698296,166,"tags=38%, list=10%, signal=35%","STRAP/ARID4B/XBP1/OGT/HDAC2",0.431707695803346
"GO:0009725","response to hormone",117,-0.410236924295555,-1.76734064022741,0.000193167493265486,0.00808084013493949,0.00478524489562322,419,"tags=38%, list=26%, signal=31%","PTGDS/BSG/RBX1/STAT1/HSP90AA1/JAK1/SRSF4/MDK/PTPRC/FOSB/TXNIP/PIM1/KLF2/PDCD7/MZB1/ROCK1/HNRNPU/MT-CYB/GSTP1/SOCS2/RWDD1/SRSF5/APPL1/NR3C1/ATP2B1/RAN/AKR1C3/CRHBP/STAT3/XBP1/MT-ND3/OGT/BTG2/DDX5/SP100/JUNB/HDAC2/IGFBP7/SMARCA4/CALR/ZFP36/DUSP1/EGR1/JUN/FOS",0.518848077743792
"GO:0072657","protein localization to membrane",43,-0.502460839793015,-1.76360849992789,0.00103347705811542,0.0292874063082062,0.017343173383226,415,"tags=49%, list=26%, signal=37%","BSG/MACF1/S100A10/GRK2/RAP1A/HSP90B1/ROCK1/GABARAP/LAMTOR1/VAMP8/CD53/SQSTM1/TMEM59/RAB7A/APPL1/ACTB/SCP2/OGT/GSN/MYADM/JUP",0.45505986738723
"GO:0009755","hormone-mediated signaling pathway",25,-0.570186762170687,-1.76225186743205,0.00299599925838056,0.0510727043936173,0.0302438105350615,302,"tags=48%, list=19%, signal=40%","PIM1/KLF2/RWDD1/APPL1/NR3C1/AKR1C3/CRHBP/DDX5/SP100/HDAC2/SMARCA4/CALR",0.431707695803346
"GO:1903522","regulation of blood circulation",20,-0.595296520504089,-1.76198271624653,0.00334958547656963,0.0549267230794208,0.0325260513585295,386,"tags=55%, list=24%, signal=42%","HSP90AA1/YWHAE/GRK2/TBXAS1/TPM1/CALM1/SUMO1/ATP2B1/CELF2/JUP/AVP",0.431707695803346
"GO:0019221","cytokine-mediated signaling pathway",61,-0.461238044140868,-1.76121768753386,0.000743212928863577,0.0229092125616369,0.0135661875055942,378,"tags=41%, list=23%, signal=33%","TAX1BP1/JAK1/MX1/PTPRC/PLP2/SAMHD1/TMSB4X/CNOT7/GSTP1/SOCS2/CD44/IRAK3/CD74/APPL1/SRSF1/KIT/NFKBIA/STAT3/YTHDF2/SP100/CSF3R/IRF1/C1QTNF4/NFKBIZ/EGR1",0.477270815362862
"GO:0051093","negative regulation of developmental process",141,0.371182093046719,1.75499428856823,4.26409180291598e-05,0.00268520891914641,0.00159010474894434,317,"tags=41%, list=19%, signal=36%","RPL17/PSMB4/HSPA9/SRGN/RPL12/RPL34/ZNF706/RPL36/PCM1/RPL4/RPL36A/RPL39/RPL32/RPL14/IL1B/RPL10/RPL18/ZFP36L1/RPLP2/GNAS/RPL31/RPL24/RPL9/RPL13A/PSMB8/RPL35A/RPL27/RPL28/PSMA3/CCDC85B/RPL21/RPL10A/TSC22D1/RPL37/HMGB1/CST3/RPL41/RPL11/RPL5/PRMT1/UBA52/LYN/RPL19/RPL30/RPL7/RPL35/RPL29/RPL18A/SMARCC1/RPL37A/PSMB2/PDCD4/RPL15/PML/MYB/RPL6/PTPN6/TGFB1",0.557332238758646
"GO:0042267","natural killer cell mediated cytotoxicity",14,-0.647655835536686,-1.75395103905745,0.00455470583855283,0.0654301689311623,0.0387458948165362,296,"tags=57%, list=18%, signal=47%","TUBB/HLA-C/TUBB4B/HLA-B/HCST/HLA-E/HLA-A/NFKBIZ",0.407017918923954
"GO:1990778","protein localization to cell periphery",37,-0.507143441532783,-1.7478838634746,0.00191999703061926,0.039525279602519,0.0234057522866032,415,"tags=49%, list=26%, signal=37%","BSG/MACF1/S100A10/GRK2/RAP1A/HSP90B1/ROCK1/GABARAP/VAMP8/SQSTM1/TMEM59/RAB7A/APPL1/ACTB/SCP2/OGT/MYADM/JUP",0.45505986738723
"GO:0016072","rRNA metabolic process",54,0.447814078296828,1.74769306053543,0.00128489786652466,0.0307476028664602,0.018207860471488,373,"tags=48%, list=23%, signal=38%","RPS17/RPS28/RPL26/RPL14/RPS14/RPS15/RPL35A/RPL27/RPS21/RPS24/RPS7/RPL37/RPS25/RPL11/RPL5/RPS16/RPL7/RPL35/RPS13/RPS27/POLR2L/TOP1/TRMT112/RPL7L1/NOP10/RPS6",0.45505986738723
"GO:0007610","behavior",28,-0.543114034647029,-1.74590553563044,0.00356034907455906,0.0568684847636389,0.0336759076894011,361,"tags=50%, list=22%, signal=40%","MDK/DYNLRB1/PTEN/FOSB/B2M/ID2/NR3C1/KIT/CRHBP/STAT3/HDAC2/AVP/EGR1/FOS",0.431707695803346
"GO:0040013","negative regulation of locomotion",38,-0.504852070105212,-1.73923521655766,0.00268310430868124,0.0481042272484993,0.0284859623572425,238,"tags=39%, list=15%, signal=35%","WAS/RIPOR2/GSTP1/SPINT2/ARID4B/CD74/AIF1/ARHGDIB/OGT/SP100/HDAC2/JUP/CALR/DUSP1/CD69",0.431707695803346
"GO:2000146","negative regulation of cell motility",38,-0.504852070105212,-1.73923521655766,0.00268310430868124,0.0481042272484993,0.0284859623572425,238,"tags=39%, list=15%, signal=35%","WAS/RIPOR2/GSTP1/SPINT2/ARID4B/CD74/AIF1/ARHGDIB/OGT/SP100/HDAC2/JUP/CALR/DUSP1/CD69",0.431707695803346
"GO:0042255","ribosome assembly",20,0.550184146474778,1.73661625101679,0.0069186585239101,0.0884297938070996,0.0523656219366114,378,"tags=50%, list=23%, signal=39%","RPS28/RPS14/RPS15/RPSA/RPL11/RPL5/C1QBP/NDUFAB1/RPS6/EIF2A",0.407017918923954
"GO:0007276","gamete generation",93,0.393934829538179,1.72919945709437,0.000353791636652596,0.0126859572571145,0.00751226496218219,338,"tags=43%, list=21%, signal=36%","RPL17/PSMB4/RPL12/RPL34/RPL36/RPL4/RPL32/RPL14/RPL18/RPLP2/RPL31/RPL24/RPL9/RPL13A/RPL35A/RPL27/RPL28/PSMA3/RPL21/RPL10A/RPL37/PSMB6/RPL41/RPL11/RPL5/UBA52/RPL19/RPL30/RPL7/RPL35/RPL29/RPL18A/RPL37A/PSMB2/SEPTIN2/RPL15/RPL6/STAU1/HADH/RPL38",0.49849310876659
"GO:0045622","regulation of T-helper cell differentiation",11,-0.683251458439772,-1.72917004865911,0.0085236916839615,0.0991796442961613,0.0587313792492797,339,"tags=64%, list=21%, signal=51%","HLA-DRB1/HLA-DRA/BRD2/LGALS1/JUNB/NFKBIZ/CD69",0.380730400722792
"GO:0002228","natural killer cell mediated immunity",16,-0.616238614118882,-1.72814408974582,0.00740969856743264,0.0890297711255565,0.0527209115293632,296,"tags=56%, list=18%, signal=46%","TUBB/HLA-C/B2M/TUBB4B/HLA-B/HCST/HLA-E/HLA-A/NFKBIZ",0.407017918923954
"GO:0071363","cellular response to growth factor stimulus",75,-0.430331136864198,-1.72637594375651,0.00193464658270725,0.039525279602519,0.0234057522866032,311,"tags=29%, list=19%, signal=25%","KDM5B/RAP1A/CHURC1/HHEX/GSTP1/CD44/STRAP/ARID4B/APPL1/NR3C1/ZYX/STAT3/RUNX2/XBP1/OGT/DDIT4/DDX5/HDAC2/ZFP36/NFKBIZ/JUN/FOS",0.45505986738723
"GO:0003006","developmental process involved in reproduction",106,0.380941038777144,1.72125632018483,0.000445448271506351,0.0150510117891665,0.00891278334126001,414,"tags=47%, list=25%, signal=38%","RPL17/PSMB4/RPL12/RPL34/RPL36/GATA1/RPL4/RPL32/RPL14/RPL18/RPLP2/RPL31/RPL24/RPL9/RPL13A/RPL35A/RPL27/RPL28/PSMA3/RPL21/RPL10A/RPL37/PSMB6/RPL41/RPL11/RPL5/UBA52/RPL19/RPL30/RPL7/RPL35/RPL29/RPL18A/SMARCC1/RPL37A/PSMB2/SEPTIN2/RPL15/RPL6/STAU1/HADH/RPL38/TMED2/RPL23A/GPX4/PARP1/NCOA4/RPL13/RPL8/RPLP1",0.49849310876659
"GO:1905475","regulation of protein localization to membrane",20,-0.580164058721906,-1.71719304387974,0.00494129054628061,0.0683610038568113,0.0404814523370019,329,"tags=50%, list=20%, signal=40%","GRK2/RAP1A/GABARAP/VAMP8/SQSTM1/TMEM59/APPL1/ACTB/OGT/GSN",0.407017918923954
"GO:1904375","regulation of protein localization to cell periphery",19,-0.585232154522754,-1.71461490584571,0.00701063388412801,0.0884297938070996,0.0523656219366114,329,"tags=47%, list=20%, signal=38%","GRK2/RAP1A/GABARAP/VAMP8/SQSTM1/TMEM59/APPL1/ACTB/OGT",0.407017918923954
"GO:0002822","regulation of adaptive immune response based on somatic recombination of immune receptors built from immunoglobulin superfamily domains",28,-0.533192296523022,-1.7140109123861,0.00492985603007419,0.0683610038568113,0.0404814523370019,339,"tags=50%, list=21%, signal=40%","HLA-DRB1/PTPRC/HLA-DRA/HLA-C/BRD2/WAS/B2M/HLA-B/LGALS1/HLA-E/JUNB/HLA-A/NFKBIZ/CD69",0.407017918923954
"GO:0000302","response to reactive oxygen species",29,-0.530078596462709,-1.71363881362848,0.00328017127120543,0.0543703860708296,0.032196604322559,304,"tags=31%, list=19%, signal=26%","TXNIP/KLF2/TPM1/GSTP1/PRDX3/HDAC2/PRDX1/DUSP1/FOS",0.431707695803346
"GO:0051606","detection of stimulus",12,-0.666129169822972,-1.71324031870856,0.00509032610567044,0.0688598034842058,0.0407768273637406,339,"tags=58%, list=21%, signal=47%","HLA-DRB1/CALM1/PECAM1/HLA-B/KIT/JUP/HLA-A",0.407017918923954
"GO:0032870","cellular response to hormone stimulus",83,-0.430586196448371,-1.7123405030791,0.00116626549438913,0.029289474024467,0.0173443978262935,302,"tags=34%, list=19%, signal=29%","PIM1/KLF2/MZB1/ROCK1/HNRNPU/GSTP1/SOCS2/RWDD1/SRSF5/APPL1/NR3C1/ATP2B1/RAN/AKR1C3/CRHBP/STAT3/XBP1/MT-ND3/OGT/DDX5/SP100/HDAC2/IGFBP7/SMARCA4/CALR/ZFP36/DUSP1/FOS",0.45505986738723
"GO:0008015","blood circulation",35,-0.506969914324643,-1.71050848781558,0.00302308551903028,0.0510727043936173,0.0302438105350615,386,"tags=46%, list=24%, signal=36%","HSP90AA1/YWHAE/GRK2/TBXAS1/KLF2/TPM1/ROCK1/CALM1/SUMO1/PECAM1/ID2/ATP2B1/CELF2/GSN/JUP/AVP",0.431707695803346
"GO:0009719","response to endogenous stimulus",173,-0.38394765456626,-1.70781489657825,0.000109435003367656,0.00534573924556916,0.00316559553351244,311,"tags=28%, list=19%, signal=25%","KDM5B/RAP1A/TXNIP/PIM1/KLF2/PDCD7/MZB1/ROCK1/HNRNPU/CHURC1/MT-CYB/HHEX/GSTP1/SOCS2/RWDD1/CD44/SRSF5/STRAP/ARID4B/APPL1/NR3C1/ATP2B1/RAN/AKR1C3/CRHBP/ZYX/STAT3/RUNX2/XBP1/MT-ND3/OGT/DDIT4/BTG2/DDX5/SP100/JUNB/HDAC2/IGFBP7/SMARCA4/CALR/ZFP36/AVP/DUSP1/IER2/NFKBIZ/EGR1/JUN/FOS",0.538434096309916
"GO:0031669","cellular response to nutrient levels",26,-0.536691161199094,-1.70629623987616,0.00509492000736867,0.0688598034842058,0.0407768273637406,486,"tags=65%, list=30%, signal=47%","FES/YWHAZ/HSPA5/KLF10/PAK2/SEC13/IFI16/PIM1/GABARAP/LAMTOR1/VAMP8/EIF2AK2/SLC38A2/AKR1C3/XBP1/OGT/FOS",0.407017918923954
"GO:0034097","response to cytokine",146,-0.388878179110703,-1.699652262734,0.000221706418348367,0.00905902737297861,0.00536449970200796,405,"tags=35%, list=25%, signal=29%","BST2/STAT1/XAF1/DOCK8/TAX1BP1/JAK1/MX1/PTPRC/PLP2/IFI16/SAMHD1/TMSB4X/PIM1/PSMC5/KLF2/HNRNPU/CNOT7/CALM1/RIPOR2/PSMA4/GSTP1/SOCS2/CD44/PSMD8/IRAK3/EIF2AK2/PSMA7/CALCOCO2/YBX3/CD74/APPL1/SRSF1/KIT/NFKBIA/AIF1/CRHBP/STAT3/YTHDF2/XBP1/SP100/IFIT2/CSF3R/ZFP36/IRF1/MCL1/SELL/C1QTNF4/DUSP1/NFKBIZ/EGR1/FOS",0.518848077743792
"GO:0071383","cellular response to steroid hormone stimulus",34,-0.508838572082798,-1.69957721270757,0.00463692845883789,0.0655543717075347,0.0388194441866182,271,"tags=35%, list=17%, signal=30%","HNRNPU/GSTP1/RWDD1/NR3C1/RAN/AKR1C3/MT-ND3/DDX5/HDAC2/SMARCA4/CALR/ZFP36",0.407017918923954
"GO:0071495","cellular response to endogenous stimulus",137,-0.395954404586524,-1.69892816992102,0.000109585217811266,0.00534573924556916,0.00316559553351244,311,"tags=29%, list=19%, signal=26%","KDM5B/RAP1A/PIM1/KLF2/MZB1/ROCK1/HNRNPU/CHURC1/HHEX/GSTP1/SOCS2/RWDD1/CD44/SRSF5/STRAP/ARID4B/APPL1/NR3C1/ATP2B1/RAN/AKR1C3/CRHBP/ZYX/STAT3/RUNX2/XBP1/MT-ND3/OGT/DDIT4/DDX5/SP100/HDAC2/IGFBP7/SMARCA4/CALR/ZFP36/DUSP1/NFKBIZ/JUN/FOS",0.538434096309916
"GO:0009267","cellular response to starvation",18,-0.584900975266483,-1.69859090553466,0.00916388518711121,0.105234942965715,0.0623171557980164,458,"tags=67%, list=28%, signal=48%","YWHAZ/HSPA5/KLF10/PAK2/IFI16/GABARAP/VAMP8/EIF2AK2/SLC38A2/AKR1C3/XBP1/FOS",0.380730400722792
"GO:0060047","heart contraction",17,-0.595131122457371,-1.69032707284921,0.0124213049946129,0.129473578106341,0.0766705897413575,386,"tags=59%, list=24%, signal=45%","HSP90AA1/YWHAE/GRK2/TPM1/CALM1/SUMO1/ATP2B1/CELF2/GSN/JUP",0.380730400722792
"GO:1901654","response to ketone",35,-0.500155911635414,-1.68751815030916,0.00340752009997545,0.0549267230794208,0.0325260513585295,136,"tags=23%, list=8%, signal=21%","NR3C1/AKR1C3/BTG2/IGFBP7/CALR/AVP/DUSP1/FOS",0.431707695803346
"GO:0051056","regulation of small GTPase mediated signal transduction",20,-0.568523943042304,-1.68274015874411,0.00715494879381741,0.0884297938070996,0.0523656219366114,249,"tags=40%, list=15%, signal=34%","GABARAP/RIPOR2/SQSTM1/RTN4/MAPRE2/ARHGDIB/OGT/TAGAP",0.407017918923954
"GO:0002478","antigen processing and presentation of exogenous peptide antigen",17,-0.59204867499817,-1.68157212088264,0.0134626000361909,0.13585806638396,0.0804513030621852,339,"tags=41%, list=21%, signal=33%","HLA-DRB1/HLA-DRA/HLA-C/B2M/HLA-B/HLA-E/HLA-A",0.380730400722792
"GO:0019884","antigen processing and presentation of exogenous antigen",17,-0.59204867499817,-1.68157212088264,0.0134626000361909,0.13585806638396,0.0804513030621852,339,"tags=41%, list=21%, signal=33%","HLA-DRB1/HLA-DRA/HLA-C/B2M/HLA-B/HLA-E/HLA-A",0.380730400722792
"GO:0006913","nucleocytoplasmic transport",56,-0.449103106940248,-1.67423988156109,0.00292984258146114,0.050467974663012,0.029885706698296,386,"tags=39%, list=24%, signal=31%","HSP90AA1/YWHAE/SEC13/NUTF2/STK4/ANP32B/HHEX/THOC3/SUMO1/SRSF3/SQSTM1/NEAT1/APPL1/RAN/NFKBIA/PTTG1IP/STAT3/XBP1/SP100/JUP/RANBP1/CALR",0.431707695803346
"GO:0051169","nuclear transport",56,-0.449103106940248,-1.67423988156109,0.00292984258146114,0.050467974663012,0.029885706698296,386,"tags=39%, list=24%, signal=31%","HSP90AA1/YWHAE/SEC13/NUTF2/STK4/ANP32B/HHEX/THOC3/SUMO1/SRSF3/SQSTM1/NEAT1/APPL1/RAN/NFKBIA/PTTG1IP/STAT3/XBP1/SP100/JUP/RANBP1/CALR",0.431707695803346
"GO:0002819","regulation of adaptive immune response",31,-0.510792472953534,-1.67309664205681,0.00557543886436388,0.0742124703385404,0.0439465252311601,339,"tags=48%, list=21%, signal=39%","HLA-DRB1/PTPRC/HLA-DRA/HLA-C/BRD2/WAS/B2M/HLA-B/LGALS1/HLA-E/JUNB/HLA-A/IRF1/NFKBIZ/CD69",0.407017918923954
"GO:0071345","cellular response to cytokine stimulus",127,-0.39074830745103,-1.67029832753033,0.000300175187134696,0.0109876625790763,0.00650658290392583,385,"tags=35%, list=24%, signal=29%","DOCK8/TAX1BP1/JAK1/MX1/PTPRC/PLP2/IFI16/SAMHD1/TMSB4X/PIM1/PSMC5/KLF2/HNRNPU/CNOT7/CALM1/RIPOR2/PSMA4/GSTP1/SOCS2/CD44/PSMD8/IRAK3/PSMA7/YBX3/CD74/APPL1/SRSF1/KIT/NFKBIA/AIF1/CRHBP/STAT3/YTHDF2/XBP1/SP100/IFIT2/CSF3R/ZFP36/IRF1/C1QTNF4/DUSP1/NFKBIZ/EGR1/FOS",0.49849310876659
"GO:0003018","vascular process in circulatory system",15,-0.600570603182378,-1.66778967801695,0.0130367882119075,0.134739040519538,0.0797886476060223,323,"tags=47%, list=20%, signal=38%","TBXAS1/KLF2/ROCK1/PECAM1/ATP2B1/SLC38A2/AVP",0.380730400722792
"GO:0003013","circulatory system process",40,-0.469782487724796,-1.66734472553777,0.00521177643946936,0.0699014595736463,0.0413936666281925,386,"tags=42%, list=24%, signal=33%","HSP90AA1/YWHAE/GRK2/TBXAS1/KLF2/TPM1/ROCK1/CALM1/SUMO1/PECAM1/ID2/ATP2B1/SLC38A2/CELF2/GSN/JUP/AVP",0.407017918923954
"GO:0022603","regulation of anatomical structure morphogenesis",71,-0.425520400065196,-1.66561293752167,0.00188779403577107,0.039525279602519,0.0234057522866032,503,"tags=49%, list=31%, signal=36%","RUNX1/MEF2C/RHOG/FES/CD34/PAK2/RAC2/MSN/WDR1/MACF1/STAT1/VIM/JAK1/MDK/PTEN/GRN/FMNL1/KLF2/TPM1/ROCK1/HHEX/GTF2I/PGK1/CD44/CAPRIN1/RTN4/MYH9/KIT/SEPTIN7/STAT3/XBP1/ETS1/SP100/JUP/FIS1",0.45505986738723
"GO:0097306","cellular response to alcohol",14,-0.613703147363228,-1.66200196760149,0.0120417827677722,0.127454291102264,0.0754748251094995,99,"tags=36%, list=6%, signal=34%","AKR1C3/BTG2/JUP/IGFBP7/FOS",0.380730400722792
"GO:0034614","cellular response to reactive oxygen species",21,-0.552563255071445,-1.66085781129201,0.01129268324272,0.123237543214031,0.0729777863150988,65,"tags=19%, list=4%, signal=19%","PRDX3/HDAC2/PRDX1/FOS",0.380730400722792
"GO:0030336","negative regulation of cell migration",35,-0.489844963312513,-1.65272917343812,0.0045804842222726,0.0654301689311623,0.0387458948165362,234,"tags=37%, list=14%, signal=33%","RIPOR2/GSTP1/ARID4B/CD74/AIF1/ARHGDIB/OGT/SP100/HDAC2/JUP/CALR/DUSP1/CD69",0.407017918923954
"GO:0019882","antigen processing and presentation",28,-0.513123157578514,-1.64949624595638,0.00886498909297915,0.102472275239239,0.060681182134924,339,"tags=36%, list=21%, signal=29%","HLA-DRB1/HLA-DRA/HLA-C/WAS/B2M/HLA-B/CD74/HLA-E/CALR/HLA-A",0.380730400722792
"GO:0001952","regulation of cell-matrix adhesion",15,-0.592448424208697,-1.64523431785857,0.0163779055335098,0.150659581268988,0.0892163413958632,492,"tags=67%, list=30%, signal=47%","CD3E/CDK6/RNF7/MACF1/S100A10/ANKRD28/PTEN/ROCK1/ACTG1/JUP",0.352487857583619
"GO:0071384","cellular response to corticosteroid stimulus",15,-0.591135188274526,-1.6415874504891,0.0169789130277944,0.154569690102771,0.0915317972179988,271,"tags=47%, list=17%, signal=39%","HNRNPU/GSTP1/NR3C1/RAN/AKR1C3/MT-ND3/ZFP36",0.352487857583619
"GO:0007611","learning or memory",12,-0.637819347582356,-1.64042932186993,0.00988141487563085,0.112010618945054,0.0663295194078767,361,"tags=58%, list=22%, signal=46%","MDK/PTEN/B2M/KIT/CRHBP/EGR1/FOS",0.380730400722792
"GO:0006376","mRNA splice site recognition",12,-0.637183286607644,-1.63879341496719,0.0100322732633957,0.112991693101194,0.0669104837654806,292,"tags=50%, list=18%, signal=41%","LUC7L3/SRSF5/SRSF1/SF3A1/SRSF10/CELF2",0.380730400722792
"GO:0001894","tissue homeostasis",17,-0.575661478523969,-1.63502822357466,0.0200828955743368,0.171289551087911,0.101432825836141,515,"tags=71%, list=32%, signal=49%","TUBA1A/PRDX5/CD34/RAC2/BSG/ALDH1A1/PECAM1/STRAP/RAB7A/ACTB/ACTG1/NFKBIZ",0.352487857583619
"GO:0060249","anatomical structure homeostasis",17,-0.575661478523969,-1.63502822357466,0.0200828955743368,0.171289551087911,0.101432825836141,515,"tags=71%, list=32%, signal=49%","TUBA1A/PRDX5/CD34/RAC2/BSG/ALDH1A1/PECAM1/STRAP/RAB7A/ACTB/ACTG1/NFKBIZ",0.352487857583619
"GO:0141193","nuclear receptor-mediated signaling pathway",26,-0.51425726015377,-1.63497238778613,0.0103302812979708,0.115607033379202,0.0684592142819458,302,"tags=38%, list=19%, signal=32%","PIM1/KLF2/RWDD1/NR3C1/AKR1C3/DDX5/SP100/HDAC2/SMARCA4/CALR",0.380730400722792
"GO:0010810","regulation of cell-substrate adhesion",24,-0.516516414738572,-1.6322323325716,0.0231065561736296,0.187394792117357,0.110969893906046,492,"tags=62%, list=30%, signal=44%","CD3E/CDK6/RAC2/RNF7/MACF1/S100A10/MDK/ANKRD28/STK4/PTEN/ROCK1/ACTG1/MYADM/JUP/CALR",0.352487857583619
"GO:0001558","regulation of cell growth",40,-0.45846129496919,-1.62716372364628,0.00719718868208039,0.0884297938070996,0.0523656219366114,405,"tags=38%, list=25%, signal=29%","BST2/MACF1/VIM/IP6K2/MTPN/DDX3X/LAMTOR1/SOCS2/RTN4/FHL1/XBP1/JUP/IGFBP7/SMARCA4/AVP",0.407017918923954
"GO:0043487","regulation of RNA stability",35,-0.478307494067249,-1.61380193433711,0.00699122779769653,0.0884297938070996,0.0523656219366114,377,"tags=46%, list=23%, signal=36%","PNN/VIM/LSM7/BCLAF1/TAF15/CSDE1/ROCK1/HNRNPU/CNOT7/CIRBP/CAPRIN1/YBX3/SRSF1/YTHDF2/BTG2/ZFP36",0.407017918923954
"GO:0043488","regulation of mRNA stability",35,-0.478307494067249,-1.61380193433711,0.00699122779769653,0.0884297938070996,0.0523656219366114,377,"tags=46%, list=23%, signal=36%","PNN/VIM/LSM7/BCLAF1/TAF15/CSDE1/ROCK1/HNRNPU/CNOT7/CIRBP/CAPRIN1/YBX3/SRSF1/YTHDF2/BTG2/ZFP36",0.407017918923954
"GO:0042743","hydrogen peroxide metabolic process",14,-0.594439148190864,-1.60983211208437,0.0174039668243263,0.156814203642776,0.0928609346320687,81,"tags=21%, list=5%, signal=21%","STAT3/PRDX3/PRDX1",0.352487857583619
"GO:0071396","cellular response to lipid",80,-0.405789647002981,-1.60965512548463,0.00313803944165262,0.0525098599903205,0.0310948534177941,231,"tags=26%, list=14%, signal=24%","B2M/GSTP1/RWDD1/IRAK3/NR3C1/RAN/AKR1C3/CRHBP/XBP1/MT-ND3/BTG2/NRIP1/DDX5/HDAC2/IGFBP7/SMARCA4/FIS1/CALR/ZFP36/NFKBIZ/FOS",0.431707695803346
"GO:0051129","negative regulation of cellular component organization",138,0.34005812577457,1.6086876658048,0.00110847348628239,0.029289474024467,0.0173443978262935,317,"tags=33%, list=19%, signal=29%","CLU/RPL17/RPL12/RPL34/RPL36/RPL4/RPL36A/RPL39/RPL32/RPL14/IL1B/RPL10/RPL18/RPLP2/RPL31/RPL24/CAPZA2/DGUOK/RPL9/RPL13A/RPL35A/RPL27/RPL28/APOC1/RPL21/RPL10A/FKBP4/RPL37/HMGB1/CST3/RPL41/RPL11/RPL5/UBA52/RPL19/RPL30/RPL7/RPL35/RPL29/RPL18A/RPL37A/RPL15/PML/RPL6/HSPA8/TGFB1",0.45505986738723
"GO:0002456","T cell mediated immunity",20,-0.543354818087481,-1.60824356481829,0.0148804081817189,0.143653171292748,0.0850673436412263,339,"tags=55%, list=21%, signal=44%","HLA-DRB1/PTPRC/HLA-DRA/HLA-C/CTSC/WAS/B2M/HLA-B/HLA-E/HLA-A/NFKBIZ",0.380730400722792
"GO:0000381","regulation of alternative mRNA splicing, via spliceosome",27,-0.502894420148544,-1.60817744473021,0.0135316799187211,0.13585806638396,0.0804513030621852,512,"tags=44%, list=31%, signal=31%","SRSF7/RNPS1/TIA1/SRSF4/SRSF2/HNRNPU/SRSF3/SRSF5/SRSF1/SRSF10/CELF2/DDX5",0.380730400722792
"GO:0051592","response to calcium ion",17,-0.566183469800407,-1.60810821529819,0.024187362270153,0.188876424482928,0.111847274672915,304,"tags=35%, list=19%, signal=29%","TXNIP/MT-CYB/CALM1/AKR1C3/CRHBP/DUSP1",0.352487857583619
"GO:0008016","regulation of heart contraction",15,-0.576755078196192,-1.60165376237598,0.0226885057075696,0.187153542385914,0.110827032640797,386,"tags=60%, list=24%, signal=46%","HSP90AA1/YWHAE/GRK2/TPM1/CALM1/SUMO1/ATP2B1/CELF2/JUP",0.352487857583619
"GO:0150115","cell-substrate junction organization",14,-0.591156662108619,-1.60094263783162,0.0185546169339082,0.162781966697668,0.0963948750664594,412,"tags=57%, list=25%, signal=43%","RNF7/MACF1/S100A10/ANKRD28/PTEN/ROCK1/MAPRE2/ACTG1",0.352487857583619
"GO:0150116","regulation of cell-substrate junction organization",14,-0.591156662108619,-1.60094263783162,0.0185546169339082,0.162781966697668,0.0963948750664594,412,"tags=57%, list=25%, signal=43%","RNF7/MACF1/S100A10/ANKRD28/PTEN/ROCK1/MAPRE2/ACTG1",0.352487857583619
"GO:0002275","myeloid cell activation involved in immune response",24,0.482089448039256,1.6008593603413,0.0304346249586462,0.219918657287763,0.130229606657905,333,"tags=58%, list=20%, signal=47%","FCER1A/GATA1/NMI/IL1B/HMGB1/IFI35/LYN/LAT2/TYROBP/ITGB2/LGALS9/GATA2/PTPN6/PYCARD",0.352487857583619
"GO:0001944","vasculature development",64,-0.412099733192271,-1.60018020779877,0.00590795731809388,0.0774647836409772,0.0458724531507291,503,"tags=50%, list=31%, signal=36%","RUNX1/MEF2C/CD47/CD34/YWHAZ/NPR3/BSG/STAT1/ATP5IF1/JAK1/MDK/GRN/RAP1A/KLF2/ROCK1/HHEX/GTF2I/PECAM1/PGK1/RTN4/MYH9/KIT/STAT3/XBP1/ACTG1/ETS1/NCL/SP100/EGFL7/JUP/IGFBP7/EGR1",0.407017918923954
"GO:0031047","regulatory ncRNA-mediated gene silencing",21,-0.531916039129318,-1.5987977854684,0.0234048850011221,0.187394792117357,0.110969893906046,271,"tags=38%, list=17%, signal=32%","HNRNPU/CNOT7/SRSF3/NEAT1/RAN/STAT3/DDX5/ZFP36",0.352487857583619
"GO:0007155","cell adhesion",148,-0.364453149427202,-1.59842956273183,0.00081991062204427,0.0248376372919273,0.014708146069694,439,"tags=39%, list=27%, signal=31%","RAC2/PSMA5/MSN/BSG/RNF7/HSPD1/MACF1/MYL12A/S100A10/DOCK8/PNN/JAK1/MDK/ANKRD28/STK4/PTEN/HLA-DRB1/PTPRC/HLA-DRA/TPM1/ROCK1/CD164/BRD2/RIPOR2/B2M/PSMA4/PECAM1/CD44/TMX1/PSMA7/SPINT2/RTN4/MYH9/KIT/ACTB/LGALS1/CD99/AIF1/ZYX/YTHDF2/XBP1/ACTG1/ETS1/HLA-E/MYADM/EGFL7/JUP/CSF3R/RHOH/IGFBP7/SMARCA4/CALR/HLA-A/IRF1/SELL/DUSP1/NFKBIZ/CD69",0.477270815362862
"GO:0007188","adenylate cyclase-modulating G protein-coupled receptor signaling pathway",11,0.606171365135195,1.59723626329984,0.0248955296016887,0.191477683674269,0.113387666768254,88,"tags=36%, list=5%, signal=35%","PRKACB/GNB1/GNAI2/GNAS",0.352487857583619
"GO:0070887","cellular response to chemical stimulus",244,-0.340460085005795,-1.59634067561818,0.000289999757062333,0.0109876625790763,0.00650658290392583,339,"tags=27%, list=21%, signal=26%","HLA-DRB1/FOSB/PYCR2/GRK2/CHMP5/RAP1A/TMSB4X/PIM1/IP6K2/KLF2/RTF2/TPM1/MZB1/HSP90B1/ROCK1/HNRNPU/DDX3X/LAMTOR1/RIPOR2/B2M/SUMO1/GSTP1/SOCS2/PGK1/RWDD1/AKR1A1/IRAK3/SRSF5/RCSD1/YBX3/CD74/GSTK1/APPL1/RTN4/NR3C1/ATP2B1/KIT/GUK1/RAN/SLC38A2/ACTB/AKR1C3/AIF1/CRHBP/GNA15/STAT3/XBP1/MT-ND3/OGT/PRDX3/BTG2/NRIP1/DDX5/SP100/HDAC2/JUP/IGFBP7/PRDX1/SMARCA4/FIS1/CALR/ZFP36/DUSP1/NFKBIZ/EGR1/FOS/CD69",0.49849310876659
"GO:0048002","antigen processing and presentation of peptide antigen",23,-0.517175307671294,-1.59484431727601,0.0238268009103879,0.187729547980052,0.111168126856642,339,"tags=35%, list=21%, signal=28%","HLA-DRB1/HLA-DRA/HLA-C/B2M/HLA-B/HLA-E/CALR/HLA-A",0.352487857583619
"GO:0021543","pallium development",15,-0.573869443903667,-1.59364033137868,0.023590022808608,0.187394792117357,0.110969893906046,380,"tags=67%, list=23%, signal=52%","TMEM14B/MDK/PTEN/MBOAT7/ATIC/XRN2/RTN4/RAN/SLC38A2/FOS",0.352487857583619
"GO:0010038","response to metal ion",45,-0.448540712511795,-1.59076617977305,0.00742196628029263,0.0890297711255565,0.0527209115293632,304,"tags=29%, list=19%, signal=24%","TXNIP/HSP90B1/MT-CYB/CALM1/B2M/SUMO1/ATP5F1D/GSTK1/KIT/AKR1C3/CRHBP/CALR/DUSP1",0.407017918923954
"GO:0031667","response to nutrient levels",46,-0.438760548229286,-1.58898671440625,0.0153870002572457,0.144598448229796,0.0856271098984995,458,"tags=48%, list=28%, signal=35%","YWHAZ/COX4I1/HSPA5/KLF10/PAK2/SEC13/IFI16/PIM1/MT-CYB/GABARAP/LAMTOR1/GSTP1/VAMP8/EIF2AK2/SLC38A2/AKR1C3/XBP1/OGT/FIS1/ZFP36/NFKBIZ/FOS",0.380730400722792
"GO:0001568","blood vessel development",62,-0.414817687349868,-1.58810874772078,0.00737502135531879,0.0890297711255565,0.0527209115293632,503,"tags=50%, list=31%, signal=36%","RUNX1/MEF2C/CD47/CD34/YWHAZ/NPR3/BSG/STAT1/ATP5IF1/JAK1/MDK/GRN/RAP1A/KLF2/ROCK1/HHEX/GTF2I/PECAM1/PGK1/RTN4/MYH9/STAT3/XBP1/ACTG1/ETS1/NCL/SP100/EGFL7/JUP/IGFBP7/EGR1",0.407017918923954
"GO:0030101","natural killer cell activation",11,-0.626888927709777,-1.58652798210943,0.0260158356230031,0.196179498667881,0.116171948578393,52,"tags=27%, list=3%, signal=27%","HLA-E/PRDX1/NFKBIZ",0.352487857583619
"GO:0002440","production of molecular mediator of immune response",31,-0.484131212145842,-1.58576789644625,0.0136479282750947,0.136246647609894,0.0806814098700026,409,"tags=52%, list=25%, signal=39%","HSPD1/BST2/PTPRC/SAMHD1/DDX21/CUEDC2/MZB1/B2M/IRAK3/CD74/RTN4/KIT/XBP1/HLA-E/HLA-A/NFKBIZ",0.380730400722792
"GO:0007167","enzyme-linked receptor protein signaling pathway",76,-0.404245067334665,-1.58454979393096,0.00405755205459242,0.0619923387819033,0.036710109069132,166,"tags=21%, list=10%, signal=20%","STRAP/RAB7A/ARID4B/APPL1/RTN4/KIT/ZYX/STAT3/RUNX2/XBP1/OGT/DDIT4/DDX5/HDAC2/JUN/FOS",0.407017918923954
"GO:0045944","positive regulation of transcription by RNA polymerase II",146,-0.362377506182279,-1.58382697058268,0.0013368424431753,0.0309056864823553,0.0183014731161402,341,"tags=29%, list=21%, signal=25%","PTEN/FOSB/IFI16/BCLAF1/DDX21/KLF2/TCF4/MYCN/HNRNPU/ZNF292/ERG/HHEX/DDX3X/GTF2I/WAS/CNBP/IRF9/MAX/SQSTM1/GTF2F1/NR3C1/NFKBIA/SF3B1/STAT3/RUNX2/XBP1/OGT/SSBP2/ETS1/NRIP1/SP100/JUNB/HDAC2/JUP/SMARCA4/EIF4A1/IRF1/IER2/NFKBIZ/EGR1/JUN/FOS",0.45505986738723
"GO:0019216","regulation of lipid metabolic process",36,-0.45888331125886,-1.58307930049136,0.0192768930763701,0.166026966348932,0.0983164720487303,303,"tags=36%, list=19%, signal=30%","EDF1/ELOVL5/MBOAT7/PGK1/ID2/TMX1/CD74/AKR1C3/SCP2/XBP1/IGFBP7/AVP/EGR1",0.352487857583619
"GO:0006402","mRNA catabolic process",54,-0.428244939845681,-1.58211410589233,0.0107937173263554,0.11852850839004,0.0701892291256817,377,"tags=39%, list=23%, signal=31%","PNN/VIM/LSM7/BCLAF1/TAF15/CSDE1/PNRC2/SNRPE/ROCK1/HNRNPU/CNOT7/CIRBP/XRN2/CAPRIN1/YBX3/SRSF1/EIF3E/YTHDF2/BTG2/DDX5/ZFP36",0.380730400722792
"GO:0033143","regulation of intracellular steroid hormone receptor signaling pathway",11,-0.624945536851266,-1.58160965632488,0.0263131562409458,0.196795463607118,0.11653670558783,49,"tags=36%, list=3%, signal=36%","DDX5/HDAC2/SMARCA4/CALR",0.352487857583619
"GO:0009746","response to hexose",22,-0.519316318627214,-1.57595434904248,0.0306659482273774,0.219918657287763,0.130229606657905,75,"tags=23%, list=5%, signal=22%","XBP1/OGT/SMARCA4/FIS1/EGR1",0.352487857583619
"GO:0009749","response to glucose",22,-0.519316318627214,-1.57595434904248,0.0306659482273774,0.219918657287763,0.130229606657905,75,"tags=23%, list=5%, signal=22%","XBP1/OGT/SMARCA4/FIS1/EGR1",0.352487857583619
"GO:0043370","regulation of CD4-positive, alpha-beta T cell differentiation",13,-0.596769959123813,-1.57508482542922,0.0181253994450541,0.161656481344975,0.0957283944841018,339,"tags=54%, list=21%, signal=43%","HLA-DRB1/HLA-DRA/BRD2/LGALS1/JUNB/NFKBIZ/CD69",0.352487857583619
"GO:0016049","cell growth",44,-0.445146439042321,-1.57480431232231,0.00823430520452344,0.097754555705052,0.0578874821058464,415,"tags=36%, list=26%, signal=28%","BSG/BST2/MACF1/VIM/IP6K2/MTPN/DDX3X/LAMTOR1/SOCS2/RTN4/FHL1/XBP1/JUP/IGFBP7/SMARCA4/AVP",0.380730400722792
"GO:0009628","response to abiotic stimulus",134,-0.368294278269947,-1.57312753723323,0.000911392741475466,0.0266886174462066,0.0158042441470298,363,"tags=30%, list=22%, signal=25%","YWHAE/MDK/DYNLRB1/PTEN/PTPRC/FOSB/IFI16/TXNIP/HSP90B1/MT-CYB/DDX3X/CIRBP/SUMO1/PECAM1/PGK1/ID2/DNAJB6/HSBP1/RCSD1/CNN2/YBX3/RTN4/KIT/NFKBIA/SLC38A2/COPS3/STAT3/MT-ND3/DDIT4/GSN/BTG2/HDAC2/JUP/FIS1/CALR/IRF1/AVP/DUSP1/EGR1/FOS",0.477270815362862
"GO:0002532","production of molecular mediator involved in inflammatory response",14,-0.580754035881611,-1.57277073528917,0.0245955488660574,0.19121406795426,0.11323156099738,324,"tags=57%, list=20%, signal=46%","GRN/CUEDC2/VAMP8/APPL1/NFKBIA/STAT3/XBP1/ZFP36",0.352487857583619
"GO:0048609","multicellular organismal reproductive process",103,0.350235992117431,1.57274641814466,0.00215283685700298,0.04298334497448,0.0254535207603736,374,"tags=45%, list=23%, signal=37%","KLF1/RPL17/PSMB4/RPL12/RPL34/RPL36/RPL4/RPL32/RPL14/RPL18/RPLP2/RPL31/RPL24/RPL9/RPL13A/RPL35A/RPL27/RPL28/PSMA3/RPL21/RPL10A/RPL37/PSMB6/RPL41/RPL11/RPL5/UBA52/RPL19/RPL30/RPL7/RPL35/LGALS9/RPL29/RPL18A/RPL37A/PSMB2/SEPTIN2/RPL15/RPL6/STAU1/HADH/RPL38/TMED2/RPL23A/GPX4/PARP1",0.431707695803346
"GO:0090066","regulation of anatomical structure size",51,-0.422817408328879,-1.5707165675851,0.0154404496612213,0.144598448229796,0.0856271098984995,432,"tags=41%, list=27%, signal=31%","MSN/ARPC5/WDR1/MACF1/HSP90AA1/VIM/EVL/PTEN/TBXAS1/TMSB4X/KLF2/ROCK1/MTPN/WAS/PECAM1/RTN4/ATP2B1/GSN/MYADM/JUP/AVP",0.380730400722792
"GO:0042445","hormone metabolic process",13,-0.593904167993951,-1.56752099944822,0.0187148305480529,0.162781966697668,0.0963948750664594,99,"tags=31%, list=6%, signal=29%","AKR1C3/DHRS7/SCP2/EGR1",0.352487857583619
"GO:0046637","regulation of alpha-beta T cell differentiation",14,-0.578617566952398,-1.56698485073028,0.0263215332656077,0.196795463607118,0.11653670558783,339,"tags=50%, list=21%, signal=40%","HLA-DRB1/HLA-DRA/BRD2/LGALS1/JUNB/NFKBIZ/CD69",0.352487857583619
"GO:0030155","regulation of cell adhesion",111,-0.372170453169642,-1.56189182018915,0.0041632858055522,0.0625204543620103,0.0370228441736268,412,"tags=38%, list=25%, signal=30%","RNF7/HSPD1/MACF1/S100A10/DOCK8/JAK1/MDK/ANKRD28/STK4/PTEN/HLA-DRB1/PTPRC/HLA-DRA/TPM1/ROCK1/CD164/BRD2/RIPOR2/B2M/PSMA4/CD44/TMX1/PSMA7/SPINT2/ACTB/LGALS1/AIF1/YTHDF2/XBP1/ACTG1/ETS1/HLA-E/MYADM/JUP/RHOH/SMARCA4/CALR/HLA-A/IRF1/DUSP1/NFKBIZ/CD69",0.407017918923954
"GO:0060341","regulation of cellular localization",72,-0.400855013045952,-1.56146752803757,0.00433252210702144,0.063605919396691,0.0376656258559577,363,"tags=38%, list=22%, signal=30%","YWHAE/SEC13/DYNLRB1/HLA-DRB1/ANP32B/GRK2/RAP1A/OS9/HHEX/GABARAP/SUMO1/VAMP8/SQSTM1/NEAT1/TMEM59/APPL1/RAN/NFKBIA/ACTB/SCP2/XBP1/OGT/GSN/BCAP31/SP100/SHISA5/JUP",0.407017918923954
"GO:0097305","response to alcohol",41,-0.440255575306204,-1.5583695962197,0.0229480206252685,0.187394792117357,0.110969893906046,99,"tags=22%, list=6%, signal=21%","AKR1C3/CRHBP/STAT3/BTG2/HDAC2/JUP/IGFBP7/AVP/FOS",0.352487857583619
"GO:0022407","regulation of cell-cell adhesion",85,-0.38591582812438,-1.55806853334784,0.00360483532964788,0.0570603213891111,0.0337895079113465,240,"tags=26%, list=15%, signal=23%","BRD2/RIPOR2/B2M/PSMA4/CD44/TMX1/PSMA7/SPINT2/ACTB/LGALS1/AIF1/YTHDF2/XBP1/ETS1/HLA-E/MYADM/RHOH/SMARCA4/HLA-A/IRF1/NFKBIZ/CD69",0.431707695803346
"GO:1901655","cellular response to ketone",17,-0.548427901769732,-1.55767778710593,0.0361135597339656,0.248829507657167,0.147349794268119,136,"tags=29%, list=8%, signal=27%","NR3C1/AKR1C3/BTG2/IGFBP7/FOS",0.321775918075361
"GO:0035195","miRNA-mediated post-transcriptional gene silencing",10,-0.641241448974943,-1.55672546550191,0.0358016982509434,0.248031496062992,0.146877234380298,265,"tags=50%, list=16%, signal=42%","CNOT7/NEAT1/RAN/STAT3/ZFP36",0.321775918075361
"GO:1901701","cellular response to oxygen-containing compound",145,-0.35752948461161,-1.5529475526387,0.00131271780602328,0.0307526024691055,0.0182108210947201,376,"tags=31%, list=23%, signal=26%","VIM/JAK1/NEDD8/ALDH1A1/HLA-DRB1/GRK2/CHMP5/RAP1A/PIM1/IP6K2/KLF2/TPM1/MZB1/HSP90B1/ROCK1/B2M/GSTP1/SOCS2/AKR1A1/IRAK3/SRSF5/APPL1/NR3C1/ATP2B1/SLC38A2/ACTB/AKR1C3/CRHBP/GNA15/STAT3/XBP1/OGT/PRDX3/BTG2/NRIP1/HDAC2/JUP/IGFBP7/PRDX1/SMARCA4/FIS1/ZFP36/NFKBIZ/EGR1/FOS",0.45505986738723
"GO:0061013","regulation of mRNA catabolic process",40,-0.436705971522175,-1.54995006679537,0.0150108463154918,0.144120529925241,0.0853441002003481,377,"tags=40%, list=23%, signal=32%","PNN/VIM/LSM7/BCLAF1/TAF15/CSDE1/ROCK1/HNRNPU/CNOT7/CIRBP/CAPRIN1/YBX3/SRSF1/YTHDF2/BTG2/ZFP36",0.380730400722792
"GO:0042594","response to starvation",22,-0.510422469111839,-1.54896443880717,0.040192969274009,0.268211516150699,0.158827271320237,458,"tags=59%, list=28%, signal=43%","YWHAZ/HSPA5/KLF10/PAK2/IFI16/GABARAP/VAMP8/EIF2AK2/SLC38A2/AKR1C3/XBP1/ZFP36/FOS",0.321775918075361
"GO:0097237","cellular response to toxic substance",23,-0.502260218833889,-1.5488497689649,0.0335423677787965,0.235859008404576,0.139669031586801,223,"tags=26%, list=14%, signal=23%","GSTP1/AKR1A1/GSTK1/PRDX3/PRDX1/FIS1",0.321775918075361
"GO:0007044","cell-substrate junction assembly",11,-0.610767840384593,-1.54572879901191,0.0336941440577966,0.235859008404576,0.139669031586801,412,"tags=64%, list=25%, signal=48%","RNF7/MACF1/S100A10/ANKRD28/PTEN/ROCK1/ACTG1",0.321775918075361
"GO:0048041","focal adhesion assembly",11,-0.610767840384593,-1.54572879901191,0.0336941440577966,0.235859008404576,0.139669031586801,412,"tags=64%, list=25%, signal=48%","RNF7/MACF1/S100A10/ANKRD28/PTEN/ROCK1/ACTG1",0.321775918075361
"GO:0051893","regulation of focal adhesion assembly",11,-0.610767840384593,-1.54572879901191,0.0336941440577966,0.235859008404576,0.139669031586801,412,"tags=64%, list=25%, signal=48%","RNF7/MACF1/S100A10/ANKRD28/PTEN/ROCK1/ACTG1",0.321775918075361
"GO:0090109","regulation of cell-substrate junction assembly",11,-0.610767840384593,-1.54572879901191,0.0336941440577966,0.235859008404576,0.139669031586801,412,"tags=64%, list=25%, signal=48%","RNF7/MACF1/S100A10/ANKRD28/PTEN/ROCK1/ACTG1",0.321775918075361
"GO:0006900","vesicle budding from membrane",19,-0.527525948469442,-1.54554709182667,0.0266547611423899,0.19844243782703,0.117511997122801,396,"tags=47%, list=24%, signal=36%","S100A10/MX1/SEC13/VAPA/CHMP5/TMED9/PLD3/RAB7A/TRAPPC1",0.352487857583619
"GO:0042221","response to chemical",411,-0.314650992480008,-1.54369445871544,6.04965080540474e-05,0.00363574766329495,0.00215298689950961,339,"tags=26%, list=21%, signal=27%","HLA-DRB1/PTPRC/FOSB/PYCR2/PLP2/GRK2/IFI16/TBXAS1/CHMP5/SAMHD1/KDM5B/RAP1A/TMSB4X/TXNIP/PIM1/IP6K2/PSMC5/KLF2/RTF2/PDCD7/OS9/TPM1/MZB1/HSP90B1/ROCK1/HNRNPU/MT-CYB/CNOT7/CALM1/DDX3X/LAMTOR1/RIPOR2/B2M/PSMA4/SUMO1/ATP5F1D/GSTP1/SOCS2/PGK1/RWDD1/AKR1A1/CD44/PSMD8/IRAK3/SRSF5/EIF2AK2/TMX1/RCSD1/PSMA7/CALCOCO2/RNF5/YBX3/CD74/GSTK1/APPL1/SRSF1/RTN4/NR3C1/ATP2B1/KIT/GUK1/RAN/NFKBIA/UBXN1/SLC38A2/ACTB/AKR1C3/AIF1/CRHBP/GNA15/STAT3/RUNX2/YTHDF2/XBP1/MT-ND3/OGT/PRDX3/ETS1/BCAP31/BTG2/NRIP1/DDX5/SP100/IFIT2/JUNB/HDAC2/JUP/CSF3R/IGFBP7/PRDX1/SMARCA4/FIS1/CALR/ZFP36/IRF1/MCL1/AVP/SELL/C1QTNF4/DUSP1/NFKBIZ/EGR1/JUN/FOS/CD69",0.557332238758646
"GO:0032355","response to estradiol",22,-0.507881260802316,-1.54125270677879,0.0419792914892544,0.273176352394889,0.161767306873272,223,"tags=32%, list=14%, signal=28%","GSTP1/SOCS2/CRHBP/STAT3/NRIP1/CALR/DUSP1",0.321775918075361
"GO:0001906","cell killing",26,-0.484729923882233,-1.54109645597254,0.0271932846896269,0.200750425208716,0.11887872195004,339,"tags=50%, list=21%, signal=40%","HLA-DRB1/PTPRC/HLA-DRA/TUBB/HLA-C/CTSC/HMGN2/TUBB4B/HLA-B/HCST/HLA-E/HLA-A/NFKBIZ",0.352487857583619
"GO:0022604","regulation of cell morphogenesis",23,-0.499333899009376,-1.53982570212831,0.038372372189711,0.263360382567665,0.155954567266134,495,"tags=57%, list=30%, signal=40%","RHOG/FES/RAC2/MSN/WDR1/MACF1/FMNL1/TPM1/CD44/CAPRIN1/MYH9/KIT/SEPTIN7",0.321775918075361
"GO:0022900","electron transport chain",72,0.365278669397498,1.53972880415705,0.00714217609609455,0.0884297938070996,0.0523656219366114,403,"tags=36%, list=25%, signal=28%","MT-ND4/UQCRQ/NDUFA11/COX7B/COX8A/NDUFC2/NDUFB3/DGUOK/UQCRH/NDUFA1/MT-ND2/COX5A/NDUFB11/SDHC/COX6A1/CHCHD2/NDUFS6/COX6B1/NDUFB2/COX7C/NDUFB10/NDUFB5/NDUFAB1/UQCR10/GHITM/NDUFV1",0.407017918923954
"GO:0022904","respiratory electron transport chain",72,0.365278669397498,1.53972880415705,0.00714217609609455,0.0884297938070996,0.0523656219366114,403,"tags=36%, list=25%, signal=28%","MT-ND4/UQCRQ/NDUFA11/COX7B/COX8A/NDUFC2/NDUFB3/DGUOK/UQCRH/NDUFA1/MT-ND2/COX5A/NDUFB11/SDHC/COX6A1/CHCHD2/NDUFS6/COX6B1/NDUFB2/COX7C/NDUFB10/NDUFB5/NDUFAB1/UQCR10/GHITM/NDUFV1",0.407017918923954
"GO:1902459","positive regulation of stem cell population maintenance",13,-0.583034563590124,-1.53883230844906,0.0231355740329606,0.187394792117357,0.110969893906046,152,"tags=38%, list=9%, signal=35%","ARID4B/ACTB/OGT/HDAC2/SMARCA4",0.352487857583619
"GO:0098609","cell-cell adhesion",116,-0.363036623785294,-1.53879990973685,0.00425338793098356,0.0633322253791366,0.0375035520024233,240,"tags=25%, list=15%, signal=23%","BRD2/RIPOR2/B2M/PSMA4/PECAM1/CD44/TMX1/PSMA7/SPINT2/MYH9/KIT/ACTB/LGALS1/CD99/AIF1/YTHDF2/XBP1/ACTG1/ETS1/HLA-E/MYADM/JUP/RHOH/SMARCA4/HLA-A/IRF1/SELL/NFKBIZ/CD69",0.407017918923954
"GO:0046890","regulation of lipid biosynthetic process",22,-0.506816597374804,-1.53802180318753,0.0431701736850674,0.275368036490197,0.163065160184903,173,"tags=36%, list=11%, signal=33%","TMX1/CD74/AKR1C3/SCP2/XBP1/IGFBP7/AVP/EGR1",0.321775918075361
"GO:0030518","nuclear receptor-mediated steroid hormone signaling pathway",17,-0.541328940922134,-1.53751489315368,0.040158196488965,0.268211516150699,0.158827271320237,206,"tags=35%, list=13%, signal=31%","RWDD1/NR3C1/DDX5/HDAC2/SMARCA4/CALR",0.321775918075361
"GO:0043401","steroid hormone receptor signaling pathway",17,-0.541328940922134,-1.53751489315368,0.040158196488965,0.268211516150699,0.158827271320237,206,"tags=35%, list=13%, signal=31%","RWDD1/NR3C1/DDX5/HDAC2/SMARCA4/CALR",0.321775918075361
"GO:0099173","postsynapse organization",15,-0.553007012060451,-1.53570518053701,0.0482142857142857,0.284968848223174,0.168750489256125,706,"tags=87%, list=43%, signal=50%","WASF2/RAC1/CDC42/ARF1/CFL1/ELMO1/RHOG/NEDD8/PTEN/CAPRIN1/RTN4/ACTB/ACTG1",0.276500599254472
"GO:0007166","cell surface receptor signaling pathway",230,-0.333909070003258,-1.53402584300764,0.000474953289024072,0.0157451496002886,0.0093238321136728,415,"tags=33%, list=26%, signal=28%","BSG/RNF7/RBX1/MACF1/STAT1/LTB/TAX1BP1/EVL/JAK1/MDK/MX1/STK4/PTEN/OCIAD1/HLA-DRB1/PTPRC/PLP2/GRK2/APH1A/SAMHD1/RAP1A/TMSB4X/MZB1/HSP90B1/CHURC1/CNOT7/HHEX/CALM1/GABARAP/DDX3X/GSTP1/SOCS2/PECAM1/IRF9/OCIAD2/CD44/ZNRF1/SQSTM1/IRAK3/STRAP/RAB7A/ARID4B/CD74/APPL1/SRSF1/RTN4/MYH9/KIT/GRINA/TRBC2/NFKBIA/ZYX/STAT3/RUNX2/YTHDF2/XBP1/OGT/DDIT4/CLEC2B/DDX5/SP100/HDAC2/EGFL7/JUP/CSF3R/ITM2C/SMARCA4/HLA-A/IRF1/MCL1/C1QTNF4/NFKBIZ/EGR1/JUN/FOS",0.49849310876659
"GO:0009913","epidermal cell differentiation",15,-0.551886406017448,-1.53259324801527,0.0482142857142857,0.284968848223174,0.168750489256125,304,"tags=40%, list=19%, signal=33%","TXNIP/ROCK1/AKR1C3/HDAC2/ZFP36/NFKBIZ",0.276500599254472
"GO:0046631","alpha-beta T cell activation",49,-0.419422878716616,-1.53185840225071,0.0161006214854184,0.149676147882963,0.0886339799690716,240,"tags=29%, list=15%, signal=25%","BRD2/PSMA4/CD44/PSMA7/TRBC2/LGALS1/STAT3/CLEC2B/HLA-E/JUNB/HLA-A/IRF1/NFKBIZ/CD69",0.352487857583619
"GO:1903076","regulation of protein localization to plasma membrane",14,-0.565575859137841,-1.53166591169305,0.0325998043362614,0.232836813897607,0.137879373507126,210,"tags=36%, list=13%, signal=31%","VAMP8/SQSTM1/TMEM59/APPL1/ACTB",0.321775918075361
"GO:0042306","regulation of protein import into nucleus",13,-0.579614112798248,-1.5298045414577,0.0249038750996964,0.191477683674269,0.113387666768254,386,"tags=54%, list=24%, signal=41%","HSP90AA1/YWHAE/SUMO1/RAN/NFKBIA/XBP1/JUP",0.352487857583619
"GO:0030522","intracellular receptor signaling pathway",53,-0.409707296333868,-1.52912593208508,0.0124037438535692,0.129473578106341,0.0766705897413575,378,"tags=38%, list=23%, signal=30%","TAX1BP1/YWHAE/IFI16/PIM1/KLF2/DDX3X/PLD3/RWDD1/EIF2AK2/RTN4/NR3C1/AKR1C3/STAT3/OGT/DDX5/SP100/HDAC2/SMARCA4/CALR/IRF1",0.380730400722792
"GO:0042180","ketone metabolic process",21,-0.507611786744526,-1.525745683197,0.0426621160409556,0.275013915323379,0.162855459649111,209,"tags=33%, list=13%, signal=29%","PGK1/AKR1A1/CD74/AKR1C3/SCP2/AVP/EGR1",0.287857117255149
"GO:0002396","MHC protein complex assembly",13,-0.577173346575458,-1.52336250498928,0.0254933091309941,0.19390365429938,0.114824257934134,339,"tags=38%, list=21%, signal=31%","HLA-DRB1/HLA-DRA/B2M/CALR/HLA-A",0.352487857583619
"GO:0002501","peptide antigen assembly with MHC protein complex",13,-0.577173346575458,-1.52336250498928,0.0254933091309941,0.19390365429938,0.114824257934134,339,"tags=38%, list=21%, signal=31%","HLA-DRB1/HLA-DRA/B2M/CALR/HLA-A",0.352487857583619
"GO:1901700","response to oxygen-containing compound",190,-0.334372204742113,-1.52267185699183,0.00207177823170121,0.0418403948632073,0.0247766980421178,415,"tags=32%, list=26%, signal=27%","BSG/RBX1/ADH5/STAT1/TAB2/HSP90AA1/VIM/JAK1/NEDD8/SRSF4/ALDH1A1/HLA-DRB1/PTPRC/FOSB/GRK2/TBXAS1/CHMP5/RAP1A/TXNIP/PIM1/IP6K2/KLF2/TPM1/MZB1/HSP90B1/ROCK1/MT-CYB/B2M/GSTP1/SOCS2/AKR1A1/IRAK3/SRSF5/APPL1/NR3C1/ATP2B1/SLC38A2/ACTB/AKR1C3/CRHBP/GNA15/STAT3/XBP1/OGT/PRDX3/BTG2/NRIP1/SP100/HDAC2/JUP/IGFBP7/PRDX1/SMARCA4/FIS1/CALR/ZFP36/AVP/DUSP1/NFKBIZ/EGR1/FOS",0.431707695803346
"GO:0010604","positive regulation of macromolecule metabolic process",402,-0.310921256231002,-1.52243013556308,0.000126819856826059,0.00586374969587856,0.0034723466660469,345,"tags=27%, list=21%, signal=28%","STK4/PTEN/PTPRC/FOSB/RBM3/PPP1R15A/IFI16/GRN/BCLAF1/TAF15/DAZAP2/RAP1A/DDX21/EDF1/PIM1/CSDE1/IP6K2/CCT4/PSMC5/KLF2/TCF4/MZB1/TERF2IP/MYCN/PBXIP1/ROCK1/HNRNPU/MTPN/CTSC/CHURC1/CNOT7/ZNF292/ERG/HHEX/GABARAP/DDX3X/GTF2I/WAS/CIRBP/ERP29/B2M/PSMA4/SUMO1/CNBP/RWDD1/IRF9/MAX/ID2/SQSTM1/IRAK3/CDK5RAP3/NEAT1/GTF2F1/SRSF5/EIF2AK2/TMX1/PSMA7/RAB7A/CAPRIN1/YBX3/CD74/APPL1/SRSF1/RTN4/NR3C1/MYH9/KIT/NFKBIA/SLC38A2/ACTB/SF3B1/MORF4L1/KMT2E/PTTG1IP/RSF1/EIF3E/AIF1/STAT3/RUNX2/YTHDF2/XBP1/ACTG1/OGT/GSN/SSBP2/ETS1/NCL/HMGN1/BCAP31/HLA-E/BTG2/NRIP1/SP100/JUNB/HDAC2/JUP/SMARCA4/EIF4A1/CALR/HLA-A/ZFP36/IRF1/AVP/C1QTNF4/IER2/NFKBIZ/EGR1/JUN/FOS",0.518848077743792
"GO:0008283","cell population proliferation",192,-0.334047142286173,-1.52043656577233,0.00219522536190991,0.0433372018075922,0.025663064765224,234,"tags=23%, list=14%, signal=22%","RIPOR2/B2M/GSTP1/CNBP/CCND2/ID2/SQSTM1/CDK5RAP3/NEAT1/EIF2AK2/CD74/RTN4/KIT/ACTB/AKR1C3/AIF1/STAT3/RUNX2/YTHDF2/XBP1/PRDX3/ETS1/CDCA7/HLA-E/BTG2/JUNB/HDAC2/EGFL7/JUP/CSF3R/NAP1L1/IGFBP7/PRDX1/SMARCA4/CALR/HLA-A/ZFP36/IRF1/AVP/DUSP1/NFKBIZ/EGR1/JUN/FOS",0.431707695803346
"GO:0042773","ATP synthesis coupled electron transport",68,0.365701594752595,1.51870596040676,0.0118213532028152,0.125879500468765,0.0745422786521032,403,"tags=37%, list=25%, signal=29%","MT-ND4/UQCRQ/NDUFA11/COX7B/COX8A/NDUFC2/NDUFB3/DGUOK/UQCRH/NDUFA1/MT-ND2/COX5A/SDHC/COX6A1/CHCHD2/NDUFS6/COX6B1/NDUFB2/COX7C/NDUFB10/NDUFB5/NDUFAB1/UQCR10/GHITM/NDUFV1",0.380730400722792
"GO:0042775","mitochondrial ATP synthesis coupled electron transport",68,0.365701594752595,1.51870596040676,0.0118213532028152,0.125879500468765,0.0745422786521032,403,"tags=37%, list=25%, signal=29%","MT-ND4/UQCRQ/NDUFA11/COX7B/COX8A/NDUFC2/NDUFB3/DGUOK/UQCRH/NDUFA1/MT-ND2/COX5A/SDHC/COX6A1/CHCHD2/NDUFS6/COX6B1/NDUFB2/COX7C/NDUFB10/NDUFB5/NDUFAB1/UQCR10/GHITM/NDUFV1",0.380730400722792
"GO:0072659","protein localization to plasma membrane",32,-0.453406505925368,-1.51702678675781,0.0297651135852194,0.216104564335663,0.127971008724312,415,"tags=44%, list=26%, signal=33%","BSG/MACF1/S100A10/RAP1A/HSP90B1/ROCK1/VAMP8/SQSTM1/TMEM59/RAB7A/APPL1/ACTB/SCP2/JUP",0.352487857583619
"GO:0048646","anatomical structure formation involved in morphogenesis",125,0.330523503669152,1.51356031752012,0.00415452606429657,0.0625204543620103,0.0370228441736268,317,"tags=40%, list=19%, signal=35%","RPL17/LMO4/RPL12/RPL34/RPL36/GATA1/RPL4/RPL36A/RPL39/RPL32/RPL14/IL1B/PHACTR4/GNAI2/RPL10/RPL18/RPLP2/GNAS/RPL31/RPL24/RPL9/RPL13A/RPL35A/RPL27/RPL28/RPL21/RPL10A/RPL37/HMGB1/RPL41/RPL11/RPL5/UBA52/RPL19/RPL30/TYROBP/RPL7/RPL35/ITGB2/GATA2/RPL29/RPL18A/RPL37A/CD81/RPL15/PML/RPL6/TAF10/PTPN6/TGFB1",0.407017918923954
"GO:0007033","vacuole organization",17,-0.532732332858799,-1.51309829184382,0.0470383275261324,0.282069424789811,0.167033532732662,324,"tags=35%, list=20%, signal=29%","GRN/CHMP5/GABARAP/LAPTM4B/LAMTOR1/RAB7A",0.276500599254472
"GO:0021537","telencephalon development",18,-0.51991932186205,-1.50987990971338,0.0415973377703827,0.273060138503811,0.161698488295031,380,"tags=61%, list=23%, signal=47%","TMEM14B/MDK/PTEN/MBOAT7/ATIC/ID2/XRN2/RTN4/RAN/SLC38A2/FOS",0.287857117255149
"GO:0018205","peptidyl-lysine modification",13,-0.571884843570399,-1.5094042942832,0.0437828371278459,0.276304523824778,0.163619721488281,237,"tags=31%, list=15%, signal=26%","NSMCE1/SUMO1/HINT1/EGR1",0.287857117255149
"GO:0051254","positive regulation of RNA metabolic process",232,-0.326137813090583,-1.50919002038142,0.00190179939728017,0.039525279602519,0.0234057522866032,317,"tags=27%, list=19%, signal=25%","BCLAF1/TAF15/DAZAP2/DDX21/EDF1/PIM1/CSDE1/PSMC5/KLF2/TCF4/MYCN/PBXIP1/ROCK1/HNRNPU/CHURC1/CNOT7/ZNF292/ERG/HHEX/DDX3X/GTF2I/WAS/CNBP/RWDD1/IRF9/MAX/ID2/SQSTM1/NEAT1/GTF2F1/CAPRIN1/NR3C1/NFKBIA/ACTB/SF3B1/MORF4L1/KMT2E/RSF1/STAT3/RUNX2/YTHDF2/XBP1/OGT/SSBP2/ETS1/NCL/HMGN1/BTG2/NRIP1/SP100/JUNB/HDAC2/JUP/SMARCA4/EIF4A1/ZFP36/IRF1/IER2/NFKBIZ/EGR1/JUN/FOS",0.45505986738723
"GO:0072538","T-helper 17 type immune response",23,-0.489275166594355,-1.50880698953098,0.0458857312263229,0.278004240567756,0.16462624565316,240,"tags=35%, list=15%, signal=30%","BRD2/PSMA4/PSMA7/LGALS1/STAT3/JUNB/NFKBIZ/CD69",0.321775918075361
"GO:0072539","T-helper 17 cell differentiation",23,-0.489275166594355,-1.50880698953098,0.0458857312263229,0.278004240567756,0.16462624565316,240,"tags=35%, list=15%, signal=30%","BRD2/PSMA4/PSMA7/LGALS1/STAT3/JUNB/NFKBIZ/CD69",0.321775918075361
"GO:0001525","angiogenesis",52,-0.413736501654314,-1.50810376406099,0.013252189428185,0.135821308985668,0.0804295363708985,478,"tags=50%, list=29%, signal=36%","CD47/CD34/YWHAZ/NPR3/BSG/STAT1/ATP5IF1/JAK1/MDK/GRN/KLF2/ROCK1/HHEX/GTF2I/PGK1/RTN4/MYH9/STAT3/XBP1/ACTG1/ETS1/NCL/SP100/EGFL7/JUP/IGFBP7",0.380730400722792
"GO:0048584","positive regulation of response to stimulus",277,-0.320041575270582,-1.50411328351509,0.000712301571242307,0.0223484617977274,0.0132341267686032,411,"tags=34%, list=25%, signal=30%","RBX1/HSPD1/BST2/MACF1/TAB2/LTB/HSP90AA1/TAX1BP1/TRIM22/YWHAE/MDK/UBB/SEC13/DYNLRB1/STK4/PTEN/OCIAD1/HLA-DRB1/PTPRC/VAPA/GRK2/PPP1R15A/IFI16/GRN/BCLAF1/RAP1A/DDX21/HLA-DRA/TMSB4X/PIM1/KLF2/HLA-C/TERF2IP/HSP90B1/ROCK1/HHEX/CALM1/DDX3X/BRD2/LAMTOR1/WAS/RIPOR2/ERP29/B2M/PLD3/PECAM1/VAMP8/OCIAD2/CD44/ZNRF1/SQSTM1/IRAK3/CDK5RAP3/NEAT1/EIF2AK2/TMX1/HLA-B/CD74/APPL1/RTN4/KIT/TRBC2/NFKBIA/ACTB/MAPRE2/MORF4L1/LGALS1/HCST/AKR1C3/AIF1/STAT3/HINT1/XBP1/ACTG1/OGT/PRDX3/CLEC2B/ETS1/BCAP31/HLA-E/DDX5/SHISA5/HDAC2/JUP/ITM2C/SMARCA4/FIS1/CALR/HLA-A/IRF1/MCL1/C1QTNF4/NFKBIZ",0.477270815362862
"GO:0002824","positive regulation of adaptive immune response based on somatic recombination of immune receptors built from immunoglobulin superfamily domains",18,-0.517611043542485,-1.50317651764044,0.043261231281198,0.275368036490197,0.163065160184903,339,"tags=50%, list=21%, signal=40%","HLA-DRB1/HLA-DRA/HLA-C/BRD2/B2M/HLA-B/HLA-E/HLA-A/NFKBIZ",0.282013350011725
"GO:0048514","blood vessel morphogenesis",56,-0.403210811487261,-1.50315509030402,0.0201998574724191,0.171454828884253,0.101530698670908,478,"tags=48%, list=29%, signal=35%","CD47/CD34/YWHAZ/NPR3/BSG/STAT1/ATP5IF1/JAK1/MDK/GRN/RAP1A/KLF2/ROCK1/HHEX/GTF2I/PGK1/RTN4/MYH9/STAT3/XBP1/ACTG1/ETS1/NCL/SP100/EGFL7/JUP/IGFBP7",0.352487857583619
"GO:0034284","response to monosaccharide",25,-0.486095187489778,-1.50235362996232,0.0418060200668896,0.273060138503811,0.161698488295031,75,"tags=20%, list=5%, signal=19%","XBP1/OGT/SMARCA4/FIS1/EGR1",0.287857117255149
"GO:0042110","T cell activation",106,-0.357167395265022,-1.50230813961366,0.00834758331284636,0.0984342542326916,0.0582899803431135,240,"tags=24%, list=15%, signal=22%","BRD2/RIPOR2/B2M/PSMA4/PECAM1/CD44/PSMA7/CD74/KIT/TRBC2/ACTB/LGALS1/AIF1/STAT3/XBP1/GSN/CLEC2B/HLA-E/JUNB/RHOH/SMARCA4/HLA-A/IRF1/NFKBIZ/CD69",0.380730400722792
"GO:0010557","positive regulation of macromolecule biosynthetic process",337,-0.312188689541608,-1.49490053963444,0.000259848287364109,0.010145632019972,0.00600795623050722,341,"tags=27%, list=21%, signal=27%","PTEN/PTPRC/FOSB/RBM3/PPP1R15A/IFI16/BCLAF1/TAF15/DAZAP2/DDX21/EDF1/PIM1/CSDE1/CCT4/PSMC5/KLF2/TCF4/MZB1/MYCN/PBXIP1/ROCK1/HNRNPU/MTPN/CHURC1/ZNF292/ERG/HHEX/DDX3X/GTF2I/WAS/CIRBP/ERP29/B2M/PSMA4/CNBP/RWDD1/IRF9/MAX/ID2/SQSTM1/IRAK3/GTF2F1/SRSF5/EIF2AK2/PSMA7/YBX3/CD74/APPL1/SRSF1/RTN4/NR3C1/MYH9/KIT/NFKBIA/SLC38A2/ACTB/SF3B1/MORF4L1/KMT2E/RSF1/EIF3E/AIF1/STAT3/RUNX2/YTHDF2/XBP1/ACTG1/OGT/GSN/SSBP2/ETS1/NCL/HMGN1/HLA-E/NRIP1/SP100/JUNB/HDAC2/JUP/SMARCA4/EIF4A1/CALR/HLA-A/ZFP36/IRF1/AVP/C1QTNF4/IER2/NFKBIZ/EGR1/JUN/FOS",0.49849310876659
"GO:0048585","negative regulation of response to stimulus",174,-0.330923711093391,-1.49307446914873,0.00401627961745783,0.0619000288409948,0.0366554457338635,363,"tags=33%, list=22%, signal=28%","YWHAE/MDK/SEC13/STK4/PTEN/HLA-DRB1/PTPRC/GRK2/PPP1R15A/IFI16/GRN/FKBP5/SAMHD1/TMSB4X/PIM1/CNOT7/HHEX/DDX3X/RIPOR2/PLD3/GSTP1/SOCS2/CD44/SQSTM1/IRAK3/CDK5RAP3/TMX1/STRAP/RAB7A/HLA-B/YBX3/ARID4B/CD74/APPL1/GRINA/NFKBIA/UBXN1/LGALS1/PTTG1IP/AIF1/CRHBP/STAT3/YTHDF2/XBP1/OGT/DDIT4/HLA-E/HDAC2/EGFL7/RHOH/SMARCA4/CALR/HLA-A/MCL1/DUSP1/EGR1/CD69",0.407017918923954
"GO:0034504","protein localization to nucleus",58,-0.393743756549302,-1.49284984498412,0.0145685196246212,0.14220493878033,0.0842097413224082,386,"tags=38%, list=24%, signal=30%","HSP90AA1/JAK1/YWHAE/SEC13/NUTF2/STK4/CCT4/HNRNPU/HHEX/SUMO1/SQSTM1/CDK5RAP3/APPL1/SRSF1/RAN/NFKBIA/PTTG1IP/STAT3/XBP1/SP100/JUP/CALR",0.380730400722792
"GO:0034330","cell junction organization",58,-0.392986138985902,-1.48997739496233,0.0148408205481642,0.143653171292748,0.0850673436412263,652,"tags=60%, list=40%, signal=37%","LIMS1/ARF1/CFL1/REST/HOPX/ADNP/RHOA/ELMO1/CASP3/TUBA1A/MEF2C/RHOG/SKP1/YWHAZ/PAK2/RNF7/WDR1/MACF1/S100A10/NEDD8/ANKRD28/PTEN/GRN/RAP1A/TUBB/ROCK1/PECAM1/CAPRIN1/APPL1/RTN4/ACTB/MAPRE2/ACTG1/OGT/JUP",0.380730400722792
"GO:0009636","response to toxic substance",35,-0.441542743736203,-1.48975824709494,0.0236776572851754,0.187394792117357,0.110969893906046,348,"tags=31%, list=21%, signal=25%","ALDH1A1/KDM5B/PIM1/MT-CYB/GSTP1/AKR1A1/GSTK1/PRDX3/PRDX1/FIS1/FOS",0.352487857583619
"GO:0050808","synapse organization",35,-0.44142568516418,-1.48936329332084,0.0236776572851754,0.187394792117357,0.110969893906046,680,"tags=71%, list=42%, signal=42%","RAC1/CDC42/ARF1/CFL1/REST/ADNP/RHOA/ELMO1/CASP3/TUBA1A/MEF2C/RHOG/SKP1/YWHAZ/NEDD8/PTEN/GRN/TUBB/ROCK1/CAPRIN1/APPL1/RTN4/ACTB/ACTG1/OGT",0.352487857583619
"GO:0042116","macrophage activation",15,0.515433290238868,1.48757660980972,0.0499000533234533,0.289284773445732,0.171306258061876,243,"tags=53%, list=15%, signal=46%","CLU/MIF/NMI/IL1B/HMGB1/IFI35/TYROBP/ITGB2",0.321775918075361
"GO:0009891","positive regulation of biosynthetic process",348,-0.307530812327402,-1.48623189418879,0.00096205558292022,0.0277103550687021,0.0164092882589128,341,"tags=27%, list=21%, signal=27%","PTEN/PTPRC/FOSB/RBM3/PPP1R15A/IFI16/BCLAF1/TAF15/DAZAP2/DDX21/TMSB4X/EDF1/PIM1/CSDE1/CCT4/PSMC5/ELOVL5/KLF2/TCF4/MZB1/MYCN/PBXIP1/ROCK1/HNRNPU/MTPN/CHURC1/ZNF292/ERG/HHEX/DDX3X/GTF2I/WAS/CIRBP/ERP29/B2M/PSMA4/CNBP/RWDD1/IRF9/MAX/ID2/SQSTM1/IRAK3/GTF2F1/SRSF5/EIF2AK2/PSMA7/YBX3/CD74/APPL1/SRSF1/RTN4/NR3C1/MYH9/KIT/NFKBIA/SLC38A2/ACTB/SF3B1/MORF4L1/KMT2E/RSF1/DDAH2/EIF3E/AIF1/STAT3/RUNX2/YTHDF2/XBP1/ACTG1/OGT/GSN/SSBP2/ETS1/NCL/HMGN1/HLA-E/NRIP1/SP100/JUNB/HDAC2/JUP/SMARCA4/EIF4A1/CALR/HLA-A/ZFP36/IRF1/AVP/C1QTNF4/IER2/NFKBIZ/EGR1/JUN/FOS",0.477270815362862
"GO:1903311","regulation of mRNA metabolic process",79,-0.372647619575968,-1.48522612634495,0.0116066794891386,0.125110035965746,0.0740866235439769,377,"tags=33%, list=23%, signal=27%","PNN/VIM/LSM7/SRSF4/SNRPD1/SRSF2/BCLAF1/TAF15/CSDE1/SNRPE/ROCK1/HNRNPU/CNOT7/CIRBP/SRSF3/SRSF5/CAPRIN1/YBX3/SRSF1/SRSF10/YTHDF2/CELF2/BTG2/DDX5/RBM39/ZFP36",0.380730400722792
"GO:0034329","cell junction assembly",36,-0.429716918579342,-1.48245957563303,0.0424288133056727,0.275013915323379,0.162855459649111,500,"tags=53%, list=31%, signal=37%","MEF2C/RHOG/SKP1/PAK2/RNF7/WDR1/MACF1/S100A10/NEDD8/ANKRD28/PTEN/RAP1A/ROCK1/PECAM1/RTN4/ACTB/ACTG1/OGT/JUP",0.321775918075361
"GO:0019953","sexual reproduction",108,0.327043758864374,1.48005362220094,0.00441511617732442,0.0641104059798265,0.0379643685369843,338,"tags=37%, list=21%, signal=31%","RPL17/PSMB4/RPL12/RPL34/RPL36/RPL4/RPL32/RPL14/RPL18/RPLP2/RPL31/RPL24/RPL9/RPL13A/RPL35A/RPL27/RPL28/PSMA3/RPL21/RPL10A/RPL37/PSMB6/RPL41/RPL11/RPL5/UBA52/RPL19/RPL30/RPL7/RPL35/RPL29/RPL18A/RPL37A/PSMB2/SEPTIN2/RPL15/RPL6/STAU1/HADH/RPL38",0.407017918923954
"GO:0002697","regulation of immune effector process",56,-0.395883417657845,-1.47583883533377,0.0271652292978719,0.200750425208716,0.11887872195004,339,"tags=43%, list=21%, signal=35%","HLA-DRB1/PTPRC/GRN/DDX21/HLA-DRA/CUEDC2/HLA-C/MZB1/BRD2/WAS/B2M/VAMP8/IRAK3/HLA-B/CD74/RTN4/KIT/LGALS1/XBP1/HLA-E/JUNB/HLA-A/NFKBIZ/CD69",0.352487857583619
"GO:0048583","regulation of response to stimulus",405,-0.302257704677843,-1.47484463245825,0.000403733064560893,0.0141871798886698,0.00840124653029704,363,"tags=29%, list=22%, signal=30%","YWHAE/MDK/UBB/SEC13/DYNLRB1/STK4/PTEN/OCIAD1/HLA-DRB1/PTPRC/VAPA/GRK2/PPP1R15A/IFI16/GRN/BCLAF1/FKBP5/SAMHD1/RAP1A/DDX21/HLA-DRA/TMSB4X/PIM1/KLF2/HLA-C/MZB1/TERF2IP/HSP90B1/ROCK1/MTPN/CNOT7/HHEX/CALM1/GABARAP/DDX3X/BRD2/LAMTOR1/WAS/RIPOR2/ERP29/B2M/PLD3/GSTP1/SOCS2/PECAM1/VAMP8/OCIAD2/CD44/ZNRF1/SQSTM1/IRAK3/CDK5RAP3/DNAJB6/NEAT1/EIF2AK2/TMX1/STRAP/RAB7A/HLA-B/YBX3/ARID4B/CD74/APPL1/RTN4/ATP2B1/KIT/GRINA/TRBC2/NFKBIA/UBXN1/SLC38A2/ACTB/MAPRE2/MORF4L1/LGALS1/HCST/PTTG1IP/AKR1C3/COPS3/AIF1/CRHBP/STAT3/HINT1/YTHDF2/XBP1/ARHGDIB/ACTG1/OGT/DDIT4/TAGAP/PRDX3/CLEC2B/ETS1/BCAP31/HLA-E/DDX5/SP100/SHISA5/JUNB/HDAC2/EGFL7/JUP/RHOH/ITM2C/IGFBP7/SMARCA4/FIS1/CALR/HLA-A/IRF1/MCL1/C1QTNF4/DUSP1/NFKBIZ/EGR1/CD69",0.49849310876659
"GO:0072359","circulatory system development",89,-0.365740106002487,-1.47289978564724,0.0177353666997828,0.158984894344482,0.0941463562499772,503,"tags=44%, list=31%, signal=32%","RUNX1/MEF2C/FES/CD47/CD34/YWHAZ/NPR3/BSG/STAT1/TAB2/ATP5IF1/JAK1/MDK/PTEN/GRN/RAP1A/PIM1/KLF2/TPM1/ROCK1/HHEX/GTF2I/PECAM1/PGK1/ID2/RTN4/MYH9/KIT/STAT3/XBP1/ACTG1/ETS1/NCL/SP100/EGFL7/JUP/IGFBP7/CALR/EGR1",0.352487857583619
"GO:0002183","cytoplasmic translational initiation",23,-0.477511259504144,-1.47252992816804,0.040453074433657,0.268211516150699,0.158827271320237,293,"tags=43%, list=18%, signal=36%","EIF2S3/HHEX/EIF3H/EIF3M/EIF3F/EIF3E/EIF3K/YTHDF2/EIF4A2/EIF4A1",0.287857117255149
"GO:0045580","regulation of T cell differentiation",48,-0.4055288558714,-1.47129252297285,0.0461285008237232,0.278514693976913,0.164928521719737,240,"tags=25%, list=15%, signal=22%","BRD2/PSMA4/PSMA7/ACTB/LGALS1/XBP1/JUNB/RHOH/SMARCA4/IRF1/NFKBIZ/CD69",0.271288554688953
"GO:0010608","post-transcriptional regulation of gene expression",110,-0.346858519017718,-1.4684233101572,0.0105950297017493,0.117078409974676,0.069330521871931,387,"tags=36%, list=24%, signal=30%","BZW2/PNN/VIM/LSM7/RBM3/PPP1R15A/BCLAF1/TAF15/CSDE1/EIF2S3/ROCK1/HNRNPU/MTPN/CNOT7/HHEX/DDX3X/CIRBP/PAIP2/CNBP/EIF3H/NUDT21/NEAT1/MSI2/EIF2AK2/CAPRIN1/YBX3/EIF1/SRSF1/RAN/EIF1B/EIF3E/EIF3K/STAT3/YTHDF2/OGT/NCL/BTG2/EIF4A2/CALR/ZFP36",0.380730400722792
"GO:0006355","regulation of DNA-templated transcription",325,-0.304982277197518,-1.46772921126653,0.00125001925402578,0.0305039420739346,0.0180635714440817,341,"tags=25%, list=21%, signal=25%","PTEN/PTPRC/FOSB/IFI16/SRSF2/BCLAF1/TAF15/DAZAP2/KDM5B/DDX21/EDF1/PIM1/PSMC5/KLF2/TCF4/TERF2IP/MYCN/PBXIP1/HNRNPU/CHURC1/CNOT7/SP110/EID1/ZNF292/ERG/HHEX/DDX3X/GTF2I/BRD2/WAS/FOXN3/SUMO1/GSTP1/CNBP/RWDD1/IRF9/MAX/ID2/SQSTM1/GTF2F1/HSBP1/YWHAQ/YBX3/ARID4B/NR3C1/NFKBIA/SRSF10/TSC22D3/ACTB/SF3B1/MORF4L1/KMT2E/RSF1/STAT3/HINT1/RUNX2/XBP1/OGT/SATB1/SSBP2/ETS1/CDCA7/NCL/HMGN1/BTG2/NRIP1/DDX5/SP100/JUNB/HDAC2/JUP/RHOH/SMARCA4/EIF4A1/CALR/ZFP36/IRF1/IER2/NFKBIZ/EGR1/JUN/FOS",0.45505986738723
"GO:0009893","positive regulation of metabolic process",435,-0.299893826359819,-1.46712828705368,0.000521462302443456,0.0169668382480213,0.0100472815654603,341,"tags=27%, list=21%, signal=29%","PTEN/PTPRC/FOSB/RBM3/PPP1R15A/IFI16/GRN/BCLAF1/TAF15/DAZAP2/RAP1A/DDX21/TMSB4X/EDF1/PIM1/CSDE1/IP6K2/CCT4/PSMC5/ELOVL5/KLF2/TCF4/MZB1/TERF2IP/MYCN/PBXIP1/ROCK1/HNRNPU/MTPN/CTSC/CHURC1/CNOT7/ZNF292/ERG/HHEX/GABARAP/DDX3X/GTF2I/WAS/CIRBP/ERP29/B2M/PSMA4/SUMO1/GSTP1/CNBP/RWDD1/IRF9/MAX/ID2/SQSTM1/IRAK3/CDK5RAP3/NEAT1/GTF2F1/TMEM59/SRSF5/EIF2AK2/TMX1/PSMA7/CALCOCO2/RAB7A/CAPRIN1/YBX3/CD74/APPL1/SRSF1/RTN4/NR3C1/MYH9/KIT/NFKBIA/SLC38A2/ACTB/SF3B1/MORF4L1/KMT2E/PTTG1IP/AKR1C3/RSF1/DDAH2/EIF3E/AIF1/SCP2/STAT3/RUNX2/YTHDF2/XBP1/ACTG1/OGT/GSN/SSBP2/ETS1/NCL/HMGN1/BCAP31/HLA-E/BTG2/NRIP1/SP100/JUNB/HDAC2/JUP/SMARCA4/EIF4A1/CALR/HLA-A/ZFP36/IRF1/AVP/C1QTNF4/IER2/NFKBIZ/EGR1/JUN/FOS",0.477270815362862
"GO:0007162","negative regulation of cell adhesion",44,-0.414408176957517,-1.46606088894779,0.0249563970184449,0.191477683674269,0.113387666768254,361,"tags=39%, list=22%, signal=31%","MDK/PTEN/HLA-DRB1/PTPRC/CD164/RIPOR2/PSMA4/TMX1/PSMA7/SPINT2/LGALS1/YTHDF2/HLA-E/MYADM/IRF1/DUSP1/CD69",0.352487857583619
"GO:0033002","muscle cell proliferation",29,-0.4526053477739,-1.46318318901551,0.0453752181500873,0.277304292929293,0.164211756465374,341,"tags=34%, list=21%, signal=28%","PTEN/PIM1/TPM1/GSTP1/ID2/AIF1/STAT3/XBP1/JUN/FOS",0.282013350011725
"GO:0002700","regulation of production of molecular mediator of immune response",26,-0.458440411222062,-1.45751450075643,0.0439932318104907,0.276304523824778,0.163619721488281,338,"tags=46%, list=21%, signal=37%","PTPRC/DDX21/CUEDC2/MZB1/B2M/IRAK3/CD74/RTN4/KIT/XBP1/HLA-E/HLA-A",0.282013350011725
"GO:0033500","carbohydrate homeostasis",25,-0.471357384602144,-1.45680413217724,0.048494983277592,0.284968848223174,0.168750489256125,81,"tags=20%, list=5%, signal=19%","STAT3/XBP1/OGT/SMARCA4/FIS1",0.266350657088526
"GO:0042593","glucose homeostasis",25,-0.471357384602144,-1.45680413217724,0.048494983277592,0.284968848223174,0.168750489256125,81,"tags=20%, list=5%, signal=19%","STAT3/XBP1/OGT/SMARCA4/FIS1",0.266350657088526
"GO:2001141","regulation of RNA biosynthetic process",326,-0.303647817231055,-1.4535039519384,0.00108838222522759,0.029289474024467,0.0173443978262935,341,"tags=25%, list=21%, signal=25%","PTEN/PTPRC/FOSB/IFI16/SRSF2/BCLAF1/TAF15/DAZAP2/KDM5B/DDX21/EDF1/PIM1/PSMC5/KLF2/TCF4/TERF2IP/MYCN/PBXIP1/HNRNPU/CHURC1/CNOT7/SP110/EID1/ZNF292/ERG/HHEX/DDX3X/GTF2I/BRD2/WAS/FOXN3/SUMO1/GSTP1/CNBP/RWDD1/IRF9/MAX/ID2/SQSTM1/GTF2F1/HSBP1/YWHAQ/YBX3/ARID4B/NR3C1/NFKBIA/SRSF10/TSC22D3/ACTB/SF3B1/MORF4L1/KMT2E/RSF1/STAT3/HINT1/RUNX2/XBP1/OGT/SATB1/SSBP2/ETS1/CDCA7/NCL/HMGN1/BTG2/NRIP1/DDX5/SP100/JUNB/HDAC2/JUP/RHOH/SMARCA4/EIF4A1/CALR/ZFP36/IRF1/IER2/NFKBIZ/EGR1/JUN/FOS",0.45505986738723
"GO:0002699","positive regulation of immune effector process",39,-0.414348254099099,-1.44868519303537,0.044189852700491,0.276304523824778,0.163619721488281,339,"tags=44%, list=21%, signal=35%","HLA-DRB1/PTPRC/DDX21/HLA-DRA/HLA-C/MZB1/BRD2/B2M/VAMP8/HLA-B/CD74/RTN4/KIT/XBP1/HLA-E/HLA-A/NFKBIZ",0.276500599254472
"GO:0080134","regulation of response to stress",193,-0.317966354789911,-1.44562460872834,0.00699605135713777,0.0884297938070996,0.0523656219366114,341,"tags=30%, list=21%, signal=26%","PTEN/HLA-DRB1/PTPRC/PPP1R15A/IFI16/GRN/SAMHD1/TMSB4X/PIM1/HLA-C/TERF2IP/HSP90B1/CNOT7/DDX3X/WAS/ERP29/B2M/PLD3/GSTP1/VAMP8/CD44/ZNRF1/SQSTM1/IRAK3/DNAJB6/NEAT1/EIF2AK2/TMX1/HLA-B/YBX3/CD74/APPL1/RTN4/NFKBIA/UBXN1/SLC38A2/ACTB/MORF4L1/LGALS1/PTTG1IP/COPS3/CRHBP/STAT3/YTHDF2/XBP1/ACTG1/OGT/ETS1/BCAP31/HLA-E/DDX5/SHISA5/SMARCA4/HLA-A/IRF1/NFKBIZ/CD69",0.407017918923954
"GO:0045893","positive regulation of DNA-templated transcription",209,-0.313577715578665,-1.44041534466482,0.00368264907897733,0.0572603047058688,0.0339079323733757,341,"tags=27%, list=21%, signal=25%","PTEN/FOSB/IFI16/BCLAF1/TAF15/DAZAP2/DDX21/EDF1/PIM1/PSMC5/KLF2/TCF4/MYCN/PBXIP1/HNRNPU/CHURC1/ZNF292/ERG/HHEX/DDX3X/GTF2I/WAS/CNBP/RWDD1/IRF9/MAX/ID2/SQSTM1/GTF2F1/NR3C1/NFKBIA/ACTB/SF3B1/MORF4L1/KMT2E/RSF1/STAT3/RUNX2/XBP1/OGT/SSBP2/ETS1/NCL/HMGN1/NRIP1/SP100/JUNB/HDAC2/JUP/SMARCA4/EIF4A1/IRF1/IER2/NFKBIZ/EGR1/JUN/FOS",0.431707695803346
"GO:0045619","regulation of lymphocyte differentiation",53,-0.385796007620382,-1.43988326550692,0.029546657152841,0.215408616670297,0.127558888207422,240,"tags=25%, list=15%, signal=22%","BRD2/PSMA4/ID2/PSMA7/ACTB/LGALS1/XBP1/JUNB/RHOH/SMARCA4/IRF1/NFKBIZ/CD69",0.352487857583619
"GO:0006351","DNA-templated transcription",338,-0.299592310383929,-1.43803098365916,0.00115152964869062,0.029289474024467,0.0173443978262935,341,"tags=25%, list=21%, signal=25%","PTEN/PTPRC/FOSB/IFI16/SRSF2/BCLAF1/TAF15/DAZAP2/KDM5B/DDX21/EDF1/PIM1/PSMC5/KLF2/TCF4/TERF2IP/PHF3/MYCN/PBXIP1/HNRNPU/CHURC1/CNOT7/SP110/EID1/ZNF292/ERG/HHEX/DDX3X/GTF2I/BRD2/WAS/FOXN3/SUMO1/GSTP1/CNBP/RWDD1/IRF9/MAX/ID2/SQSTM1/GTF2F1/HSBP1/XRN2/YWHAQ/YBX3/ARID4B/NR3C1/NFKBIA/SRSF10/TSC22D3/ACTB/SF3B1/MORF4L1/KMT2E/RSF1/STAT3/HINT1/RUNX2/XBP1/OGT/SATB1/SSBP2/ETS1/CDCA7/NCL/HMGN1/BTG2/NRIP1/DDX5/SP100/JUNB/HDAC2/JUP/RHOH/SMARCA4/EIF4A1/CALR/ZFP36/IRF1/IER2/NFKBIZ/EGR1/JUN/FOS",0.45505986738723
"GO:0034612","response to tumor necrosis factor",30,-0.435360014463333,-1.43796726230905,0.0440917107583774,0.276304523824778,0.163619721488281,602,"tags=57%, list=37%, signal=36%","SNRNP70/TNFRSF1A/CPNE1/GPS2/CASP3/FOXP1/TUBA1A/STAT1/TAX1BP1/TMSB4X/KLF2/GSTP1/YBX3/NFKBIA/CRHBP/ZFP36/FOS",0.287857117255149
"GO:0022613","ribonucleoprotein complex biogenesis",133,0.305244387882913,1.43555339521507,0.0132961099291605,0.135821308985668,0.0804295363708985,266,"tags=28%, list=16%, signal=25%","RPS17/RPS28/RPL26/SF3B5/RPL14/RPS15A/RPS14/SNRNP40/RPS8/RPL13A/RPS15/RPL35A/RPL27/RPS21/RPS24/TXNL4A/RPS7/RPSA/RPL37/RPS23/RPS11/RPS25/SNRPF/RPS27A/RPL11/RPL5/RPS16/SNRPD2/SNRPB2/EIF3B/RPL7/RPL35/C1QBP/RSRP1/RPS13/RPS27/SNRPG",0.380730400722792
"GO:1902680","positive regulation of RNA biosynthetic process",210,-0.31171681410665,-1.43415291624556,0.00744870595074377,0.0890297711255565,0.0527209115293632,341,"tags=27%, list=21%, signal=25%","PTEN/FOSB/IFI16/BCLAF1/TAF15/DAZAP2/DDX21/EDF1/PIM1/PSMC5/KLF2/TCF4/MYCN/PBXIP1/HNRNPU/CHURC1/ZNF292/ERG/HHEX/DDX3X/GTF2I/WAS/CNBP/RWDD1/IRF9/MAX/ID2/SQSTM1/GTF2F1/NR3C1/NFKBIA/ACTB/SF3B1/MORF4L1/KMT2E/RSF1/STAT3/RUNX2/XBP1/OGT/SSBP2/ETS1/NCL/HMGN1/NRIP1/SP100/JUNB/HDAC2/JUP/SMARCA4/EIF4A1/IRF1/IER2/NFKBIZ/EGR1/JUN/FOS",0.407017918923954
"GO:0007159","leukocyte cell-cell adhesion",85,-0.354498623670838,-1.43122699408596,0.0137403783030309,0.136394602702968,0.0807690246900079,240,"tags=24%, list=15%, signal=21%","BRD2/RIPOR2/B2M/PSMA4/PECAM1/CD44/PSMA7/ACTB/LGALS1/AIF1/XBP1/ETS1/HLA-E/RHOH/SMARCA4/HLA-A/IRF1/SELL/NFKBIZ/CD69",0.380730400722792
"GO:0006357","regulation of transcription by RNA polymerase II",242,-0.30826545008468,-1.43064749794679,0.00434417207034885,0.063605919396691,0.0376656258559577,294,"tags=23%, list=18%, signal=22%","PSMC5/KLF2/TCF4/MYCN/HNRNPU/SP110/EID1/ZNF292/ERG/HHEX/DDX3X/GTF2I/BRD2/WAS/FOXN3/SUMO1/GSTP1/CNBP/IRF9/MAX/ID2/SQSTM1/GTF2F1/HSBP1/YBX3/ARID4B/NR3C1/NFKBIA/TSC22D3/ACTB/SF3B1/MORF4L1/STAT3/RUNX2/XBP1/OGT/SATB1/SSBP2/ETS1/NRIP1/DDX5/SP100/JUNB/HDAC2/JUP/SMARCA4/EIF4A1/CALR/ZFP36/IRF1/IER2/NFKBIZ/EGR1/JUN/FOS",0.407017918923954
"GO:0051252","regulation of RNA metabolic process",379,-0.294306548553944,-1.42991546887928,0.00114606180713997,0.029289474024467,0.0173443978262935,321,"tags=24%, list=20%, signal=25%","SRSF2/BCLAF1/TAF15/DAZAP2/KDM5B/DDX21/EDF1/PIM1/CSDE1/PSMC5/KLF2/TCF4/TERF2IP/MYCN/SNRPE/PBXIP1/ROCK1/HNRNPU/CHURC1/CNOT7/SP110/EID1/ZNF292/ERG/HHEX/DDX3X/GTF2I/BRD2/WAS/CIRBP/FOXN3/SUMO1/GSTP1/CNBP/RWDD1/IRF9/SRSF3/MAX/ID2/SQSTM1/NEAT1/GTF2F1/SRSF5/HSBP1/CAPRIN1/YWHAQ/YBX3/ARID4B/SRSF1/NR3C1/NFKBIA/SRSF10/TSC22D3/ACTB/SF3B1/MORF4L1/KMT2E/RSF1/STAT3/HINT1/RUNX2/YTHDF2/XBP1/OGT/CELF2/SATB1/SSBP2/ETS1/CDCA7/NCL/HMGN1/BTG2/NRIP1/DDX5/SP100/JUNB/HDAC2/JUP/RHOH/RBM39/SMARCA4/EIF4A1/CALR/ZFP36/IRF1/IER2/NFKBIZ/EGR1/JUN/FOS",0.45505986738723
"GO:0032101","regulation of response to external stimulus",128,-0.337963244329271,-1.42898662359043,0.0098572036171569,0.112010618945054,0.0663295194078767,411,"tags=38%, list=25%, signal=31%","RBX1/HSPD1/STAT1/HSP90AA1/TAX1BP1/TRIM22/YWHAE/MDK/PTEN/HLA-DRB1/PTPRC/IFI16/GRN/SAMHD1/TMSB4X/PIM1/HLA-C/HSP90B1/CNOT7/DDX3X/RIPOR2/B2M/PLD3/GSTP1/VAMP8/ZNRF1/SQSTM1/IRAK3/NEAT1/EIF2AK2/TMX1/HLA-B/CD74/APPL1/RTN4/NFKBIA/LGALS1/AIF1/STAT3/YTHDF2/OGT/ETS1/HLA-E/CALR/HLA-A/IRF1/DUSP1/NFKBIZ/CD69",0.380730400722792
"GO:0051247","positive regulation of protein metabolic process",111,-0.339878147837414,-1.42637034844441,0.0216930405360434,0.18063825697549,0.106968864958583,411,"tags=37%, list=25%, signal=30%","RBX1/TAB2/ATP5IF1/S100A10/LTB/HSP90AA1/UBB/STK4/PTEN/PTPRC/RBM3/PPP1R15A/GRN/RAP1A/CSDE1/IP6K2/PSMC5/KLF2/HNRNPU/MTPN/CTSC/GABARAP/DDX3X/CIRBP/SUMO1/CNBP/CDK5RAP3/TMX1/RAB7A/YBX3/MYH9/KIT/PTTG1IP/EIF3E/YTHDF2/XBP1/OGT/GSN/BCAP31/HDAC2/EGR1",0.352487857583619
"GO:0032386","regulation of intracellular transport",47,-0.391016904022617,-1.4234715551391,0.0450751252086811,0.277304292929293,0.164211756465374,434,"tags=43%, list=27%, signal=32%","RAB11B/MSN/HSP90AA1/YWHAE/SEC13/DYNLRB1/ANP32B/GRK2/OS9/HHEX/SUMO1/NEAT1/RAN/NFKBIA/SCP2/XBP1/BCAP31/SP100/SHISA5/JUP",0.276500599254472
"GO:1901698","response to nitrogen compound",109,-0.341282568942376,-1.42292162617319,0.0203943536959322,0.172273458864196,0.102015468183424,415,"tags=34%, list=26%, signal=27%","BSG/RBX1/STAT1/HSP90AA1/VIM/JAK1/NEDD8/SRSF4/FOSB/GRK2/CHMP5/RAP1A/KLF2/RTF2/MZB1/HSP90B1/ROCK1/MT-CYB/GSTP1/SOCS2/IRAK3/SRSF5/APPL1/ATP2B1/ACTB/CRHBP/GNA15/STAT3/XBP1/OGT/BTG2/HDAC2/JUP/DUSP1/NFKBIZ/EGR1/FOS",0.352487857583619
"GO:0045785","positive regulation of cell adhesion",73,-0.361449241287893,-1.4201294566259,0.0214012311282037,0.179077607042554,0.106044692223975,409,"tags=37%, list=25%, signal=29%","HSPD1/S100A10/DOCK8/JAK1/MDK/ANKRD28/STK4/HLA-DRB1/PTPRC/HLA-DRA/TPM1/ROCK1/BRD2/B2M/CD44/ACTB/AIF1/XBP1/ETS1/HLA-E/MYADM/JUP/RHOH/SMARCA4/CALR/HLA-A/NFKBIZ",0.352487857583619
"GO:0032102","negative regulation of response to external stimulus",47,-0.389981774446066,-1.41970323337873,0.0467445742904841,0.28126786653555,0.166558872613083,361,"tags=45%, list=22%, signal=36%","MDK/PTEN/HLA-DRB1/PTPRC/IFI16/GRN/SAMHD1/TMSB4X/PIM1/CNOT7/GSTP1/IRAK3/TMX1/HLA-B/AIF1/STAT3/YTHDF2/HLA-E/HLA-A/DUSP1/CD69",0.271288554688953
"GO:0048731","system development",265,-0.304536313813624,-1.4175477831101,0.00258883371113034,0.0478797982153265,0.0283530618335981,415,"tags=35%, list=26%, signal=31%","BSG/RNF7/HSPD1/MACF1/STAT1/TAB2/ATP5IF1/S100A10/HSP90AA1/RAB37/TMEM14B/VIM/EVL/JAK1/NEDD8/ETS2/YWHAE/MDK/UBB/MBNL1/PTEN/PTPRC/SNU13/VAPA/GRN/LDHA/SAMHD1/KDM5B/RAP1A/PIM1/CSDE1/KLF2/TCF4/TPM1/ROCK1/MTPN/MBOAT7/HHEX/CALM1/ATIC/GTF2I/B2M/GSTP1/PECAM1/PGK1/ID2/CD44/IRAK3/CDK5RAP3/APLP2/SRSF5/MSI2/HLA-B/XRN2/CAPRIN1/YWHAQ/GSTK1/RTN4/NR3C1/MYH9/KIT/RAN/SLC38A2/ACTB/AKR1C3/STAT3/RUNX2/YTHDF2/XBP1/ACTG1/OGT/DDIT4/GSN/ETS1/NCL/HLA-E/BTG2/NRIP1/SP100/HDAC2/EGFL7/JUP/NAP1L1/ITM2C/IGFBP7/PRDX1/SMARCA4/CALR/IER2/NFKBIZ/EGR1/FOS",0.431707695803346
"GO:0007165","signal transduction",487,-0.285503680773652,-1.41646720081398,0.00114634660953241,0.029289474024467,0.0173443978262935,412,"tags=31%, list=25%, signal=33%","RNF7/RBX1/HSPD1/BEX3/BST2/MACF1/HNRNPK/STAT1/TAB2/LTB/DOCK8/RASD1/TAX1BP1/EVL/TRIM22/S1PR4/GDI2/JAK1/YWHAE/MDK/UBB/MX1/SEC13/DYNLRB1/STK4/LSP1/PTEN/OCIAD1/HLA-DRB1/PTPRC/PLP2/VAPA/GRK2/PPP1R15A/IFI16/APH1A/GRN/BCLAF1/FKBP5/SAMHD1/RAP1A/DDX21/TMSB4X/PIM1/KLF2/OS9/HLA-C/MZB1/TERF2IP/HSP90B1/ROCK1/CD164/CHURC1/CNOT7/ERG/HHEX/CALM1/GABARAP/DDX3X/LAMTOR1/WAS/RIPOR2/ERP29/FOXN3/PLD3/GSTP1/SOCS2/PECAM1/RWDD1/IRF9/OCIAD2/CD44/ZNRF1/CD53/SQSTM1/IRAK3/CDK5RAP3/APLP2/EIF2AK2/STRAP/RAB7A/YWHAQ/YBX3/ARID4B/CD74/APPL1/SRSF1/RTN4/PPM1G/NR3C1/MYH9/KIT/GRINA/TRBC2/NFKBIA/MAPRE2/LGALS1/HCST/PTTG1IP/AKR1C3/COPS3/AIF1/IQGAP2/CRHBP/ZYX/GNA15/STAT3/VDAC2/HINT1/RUNX2/ANXA6/YTHDF2/XBP1/ARHGDIB/OGT/DDIT4/TAGAP/PRDX3/CLEC2B/BCAP31/HLA-E/DDX5/MYADM/SP100/SHISA5/JUNB/HDAC2/EGFL7/JUP/CSF3R/RHOH/ITM2C/IGFBP7/RANBP1/SMARCA4/FIS1/GMFG/CALR/HLA-A/ZFP36/IRF1/MCL1/AVP/C1QTNF4/DUSP1/NFKBIZ/EGR1/JUN/FOS",0.45505986738723
"GO:0019219","regulation of nucleobase-containing compound metabolic process",412,-0.289857658446447,-1.40430666086546,0.00142765547948293,0.0325765023045651,0.019290882973438,321,"tags=23%, list=20%, signal=25%","SRSF2/BCLAF1/TAF15/DAZAP2/KDM5B/DDX21/TMSB4X/EDF1/PIM1/CSDE1/CCT4/PSMC5/KLF2/TCF4/TERF2IP/MYCN/SNRPE/PBXIP1/ROCK1/HNRNPU/CHURC1/CNOT7/SP110/EID1/ZNF292/ERG/HHEX/DDX3X/GTF2I/BRD2/WAS/NSMCE1/CIRBP/FOXN3/SUMO1/GSTP1/CNBP/PGK1/RWDD1/IRF9/SRSF3/MAX/ID2/SQSTM1/NEAT1/GTF2F1/SRSF5/HSBP1/CAPRIN1/YWHAQ/YBX3/ARID4B/SRSF1/NR3C1/NFKBIA/SRSF10/TSC22D3/ACTB/SF3B1/MORF4L1/KMT2E/RSF1/STAT3/HINT1/RUNX2/YTHDF2/XBP1/OGT/CELF2/SATB1/SSBP2/ETS1/CDCA7/NCL/HMGN1/BTG2/NRIP1/DDX5/SP100/JUNB/HDAC2/JUP/RHOH/RBM39/SMARCA4/FIS1/EIF4A1/CALR/ZFP36/IRF1/DUSP1/IER2/NFKBIZ/EGR1/JUN/FOS",0.45505986738723
"GO:0006401","RNA catabolic process",68,-0.362318300003445,-1.40397347747005,0.0390015600624025,0.266637124628954,0.157894961205529,423,"tags=37%, list=26%, signal=28%","PPP2R1A/RBX1/PNN/VIM/LSM7/BCLAF1/TAF15/CSDE1/RNASET2/PNRC2/SNRPE/ROCK1/HNRNPU/CNOT7/CIRBP/NEAT1/XRN2/CAPRIN1/YBX3/SRSF1/EIF3E/YTHDF2/BTG2/DDX5/ZFP36",0.287857117255149
"GO:0006366","transcription by RNA polymerase II",250,-0.301739388757008,-1.40049075753187,0.00846864873463422,0.0991796442961613,0.0587313792492797,294,"tags=22%, list=18%, signal=22%","PSMC5/KLF2/TCF4/MYCN/HNRNPU/SP110/EID1/ZNF292/ERG/HHEX/DDX3X/GTF2I/BRD2/WAS/FOXN3/SUMO1/GSTP1/CNBP/IRF9/MAX/ID2/SQSTM1/GTF2F1/HSBP1/XRN2/YBX3/ARID4B/NR3C1/NFKBIA/TSC22D3/ACTB/SF3B1/MORF4L1/STAT3/RUNX2/XBP1/OGT/SATB1/SSBP2/ETS1/NRIP1/DDX5/SP100/JUNB/HDAC2/JUP/SMARCA4/EIF4A1/CALR/ZFP36/IRF1/IER2/NFKBIZ/EGR1/JUN/FOS",0.380730400722792
"GO:0031347","regulation of defense response",113,-0.329538901968592,-1.39540630097637,0.0428877705171348,0.275013915323379,0.162855459649111,411,"tags=37%, list=25%, signal=30%","RBX1/HSPD1/STAT1/HSP90AA1/TAX1BP1/TRIM22/YWHAE/MDK/HLA-DRB1/PTPRC/IFI16/GRN/SAMHD1/TMSB4X/PIM1/HLA-C/HSP90B1/CNOT7/DDX3X/B2M/PLD3/GSTP1/VAMP8/ZNRF1/SQSTM1/IRAK3/NEAT1/EIF2AK2/HLA-B/APPL1/RTN4/NFKBIA/LGALS1/STAT3/YTHDF2/OGT/ETS1/HLA-E/HLA-A/IRF1/NFKBIZ/CD69",0.321775918075361
"GO:0051726","regulation of cell cycle",128,-0.329409433261129,-1.39281913555086,0.0162099023852897,0.149898939426074,0.0887659108174306,363,"tags=28%, list=22%, signal=24%","YWHAE/DYNLRB1/PTEN/PTPRC/PPP1R15A/CHMP5/TMSB4X/PIM1/HNRNPU/CALM1/DDX3X/RIPOR2/FOXN3/PSMA4/CCND2/CCND3/ID2/CDK5RAP3/PSMA7/APPL1/ANAPC11/PPM1G/ACTB/MORF4L1/FHL1/KMT2E/AIF1/STAT3/YTHDF2/ETS1/JUNB/SMARCA4/CALR/IRF1/DUSP1/JUN",0.352487857583619
"GO:1903037","regulation of leukocyte cell-cell adhesion",76,-0.354866422704138,-1.390996606777,0.0417956656346749,0.273060138503811,0.161698488295031,240,"tags=24%, list=15%, signal=21%","BRD2/RIPOR2/B2M/PSMA4/CD44/PSMA7/ACTB/LGALS1/AIF1/XBP1/ETS1/HLA-E/RHOH/SMARCA4/HLA-A/IRF1/NFKBIZ/CD69",0.276500599254472
"GO:0006954","inflammatory response",89,-0.345340630735776,-1.39074750796552,0.039158650421442,0.266673444924316,0.157916469056828,339,"tags=35%, list=21%, signal=29%","HLA-DRB1/PTPRC/IFI16/GRN/TMSB4X/TXNIP/CUEDC2/DDX3X/PLD3/GSTP1/VAMP8/CD44/NEAT1/EIF2AK2/APPL1/RTN4/NR3C1/KIT/NFKBIA/LGALS1/AIF1/CRHBP/STAT3/XBP1/OGT/ETS1/HLA-E/ZFP36/NFKBIZ/FOS/CD69",0.321775918075361
"GO:0006952","defense response",237,-0.297629662730344,-1.3901204639725,0.00565498644797066,0.0747053472863492,0.0442383930146193,416,"tags=34%, list=26%, signal=29%","SNAP23/RBX1/HSPD1/UBL7/BST2/STAT1/TAB2/HSP90AA1/TAX1BP1/TRIM22/JAK1/YWHAE/MDK/MX1/LSP1/HLA-DRB1/PTPRC/IFI16/GRN/SAMHD1/DDX21/TMSB4X/TXNIP/PIM1/CUEDC2/TUBB/PSMC5/RNASET2/HLA-C/HSP90B1/CNOT7/CALM1/DDX3X/WAS/B2M/PSMA4/PLD3/GSTP1/VAMP8/IRF9/HMGN2/CD44/PSMD8/TUBB4B/ZNRF1/SQSTM1/IRAK3/NEAT1/EIF2AK2/PSMA7/CALCOCO2/HLA-B/CD74/APPL1/RTN4/NR3C1/KIT/NFKBIA/LGALS1/HCST/AIF1/CRHBP/STAT3/YTHDF2/XBP1/OGT/DDIT4/GSN/ETS1/HLA-E/SP100/IFIT2/CSF3R/PTPRCAP/HLA-A/ZFP36/IRF1/NFKBIZ/FOS/CD69",0.407017918923954
"GO:0006119","oxidative phosphorylation",88,0.316338613789329,1.38822981962612,0.0154721162590789,0.144598448229796,0.0856271098984995,447,"tags=38%, list=27%, signal=29%","MT-ND4/UQCRQ/NDUFA11/COX7B/ATP5PD/COX8A/NDUFC2/NDUFB3/DGUOK/UQCRH/ATP5PF/NDUFA1/MT-ND2/COX5A/NDUFB11/ATP5MF/SDHC/COX6A1/CHCHD2/NDUFS6/COX6B1/NDUFB2/COX7C/NDUFB10/NDUFB5/NDUFAB1/UQCR10/GHITM/NDUFV1/ATP5F1B/NDUFB6/SDHD/ATP5PB",0.380730400722792
"GO:0016071","mRNA metabolic process",166,-0.31274305289086,-1.3880814860633,0.0138544215993436,0.136754037921611,0.0809818720569395,377,"tags=30%, list=23%, signal=25%","PNN/VIM/LSM7/SRSF4/MBNL1/FIP1L1/HNRNPA3/SNRPD1/RBM3/SNU13/SRSF2/BCLAF1/TAF15/PRPF38B/CSDE1/LUC7L3/PDCD7/PNRC2/SNRPE/ROCK1/HNRNPU/CNOT7/THOC3/CIRBP/NUDT21/SRSF3/SF3B4/SRSF5/STRAP/XRN2/ARL6IP4/CAPRIN1/YBX3/SRSF1/PNRC1/SF3A1/SRSF10/SF3B1/HNRNPF/EIF3E/YTHDF2/CELF2/NCL/BTG2/DDX5/TRA2A/RBM39/ZFP36/NFKBIZ",0.380730400722792
"GO:0030217","T cell differentiation",64,-0.357333062496833,-1.38752163164535,0.0446570972886762,0.277252720622629,0.16418121680451,169,"tags=20%, list=10%, signal=19%","PSMA7/CD74/KIT/ACTB/LGALS1/STAT3/XBP1/JUNB/RHOH/SMARCA4/IRF1/NFKBIZ/CD69",0.271288554688953
"GO:0019646","aerobic electron transport chain",64,0.343577086163849,1.38690040412986,0.0284964486478352,0.209490628762537,0.124054423206868,351,"tags=31%, list=22%, signal=26%","MT-ND4/UQCRQ/NDUFA11/COX7B/COX8A/NDUFC2/NDUFB3/UQCRH/NDUFA1/MT-ND2/COX5A/SDHC/COX6A1/NDUFS6/COX6B1/NDUFB2/COX7C/NDUFB10/NDUFB5/NDUFAB1",0.352487857583619
"GO:0045595","regulation of cell differentiation",172,-0.309928702951323,-1.38557977861189,0.0186025815464699,0.162781966697668,0.0963948750664594,341,"tags=27%, list=21%, signal=24%","PTEN/OCIAD1/HLA-DRB1/ANP32B/GRN/RAP1A/HLA-DRA/TMSB4X/PIM1/TCF4/ROCK1/HNRNPU/BRD2/RIPOR2/B2M/PSMA4/NUDT21/ID2/CDK5RAP3/EIF2AK2/PSMA7/HLA-B/CAPRIN1/CD74/RTN4/KIT/NFKBIA/ACTB/LGALS1/STAT3/RUNX2/YTHDF2/XBP1/ETS1/DDX5/JUNB/HDAC2/JUP/RHOH/NAP1L1/SMARCA4/CALR/ZFP36/IRF1/NFKBIZ/CD69",0.352487857583619
"GO:0060284","regulation of cell development",120,-0.322632256600545,-1.38141422148973,0.0225313864332456,0.186734179071757,0.110578697551255,169,"tags=18%, list=10%, signal=18%","PSMA7/HLA-B/CAPRIN1/CD74/RTN4/KIT/ACTB/LGALS1/STAT3/YTHDF2/XBP1/ETS1/JUNB/HDAC2/JUP/RHOH/NAP1L1/SMARCA4/ZFP36/IRF1/NFKBIZ/CD69",0.352487857583619
"GO:0007275","multicellular organism development",340,-0.288804476405711,-1.37921320176142,0.00287309670627957,0.050467974663012,0.029885706698296,415,"tags=32%, list=26%, signal=30%","BSG/RNF7/RBX1/HSPD1/MACF1/STAT1/TAB2/ATP5IF1/S100A10/HSP90AA1/RAB37/TMEM14B/VIM/EVL/JAK1/NEDD8/ETS2/YWHAE/MDK/UBB/MBNL1/PTEN/HLA-DRB1/PTPRC/SNU13/VAPA/GRN/LDHA/SAMHD1/KDM5B/RAP1A/HLA-DRA/PIM1/CSDE1/KLF2/TCF4/TPM1/ROCK1/MTPN/MBOAT7/HHEX/CALM1/ATIC/GTF2I/BRD2/B2M/PSMA4/GSTP1/PECAM1/PGK1/ID2/CD44/IRAK3/CDK5RAP3/APLP2/SRSF5/MSI2/PSMA7/HLA-B/XRN2/CAPRIN1/YWHAQ/CD74/GSTK1/RTN4/NR3C1/MYH9/ATP2B1/KIT/SEPTIN7/RAN/SLC38A2/ACTB/LGALS1/AKR1C3/STAT3/RUNX2/YTHDF2/XBP1/ARHGDIB/ACTG1/OGT/DDIT4/GSN/ETS1/NCL/HLA-E/BTG2/NRIP1/MYADM/SP100/JUNB/HDAC2/EGFL7/JUP/RHOH/NAP1L1/ITM2C/IGFBP7/PRDX1/SMARCA4/CALR/ZFP36/IRF1/DUSP1/IER2/NFKBIZ/EGR1/FOS/CD69",0.431707695803346
"GO:0045088","regulation of innate immune response",73,-0.350200494480737,-1.37593327396399,0.0473933649289099,0.283231776122771,0.167721844305479,386,"tags=37%, list=24%, signal=30%","HSP90AA1/TAX1BP1/YWHAE/IFI16/GRN/SAMHD1/PIM1/HLA-C/HSP90B1/CNOT7/DDX3X/B2M/PLD3/ZNRF1/SQSTM1/IRAK3/EIF2AK2/HLA-B/APPL1/RTN4/NFKBIA/YTHDF2/OGT/HLA-E/HLA-A/IRF1/NFKBIZ",0.261663521711573
"GO:0030182","neuron differentiation",90,-0.33835787203015,-1.37582873483904,0.0404354587869362,0.268211516150699,0.158827271320237,383,"tags=37%, list=24%, signal=30%","RAB37/VIM/EVL/MDK/UBB/PTEN/SNU13/VAPA/GRN/RAP1A/TCF4/ROCK1/MTPN/B2M/ID2/CDK5RAP3/APLP2/XRN2/CAPRIN1/RTN4/ACTB/STAT3/RUNX2/XBP1/ACTG1/DDIT4/BTG2/HDAC2/JUP/ITM2C/CALR/IER2/FOS",0.282013350011725
"GO:0006950","response to stress",473,-0.27874385589633,-1.37498741277606,0.00239994249129498,0.0468522106356142,0.027744553542565,343,"tags=25%, list=21%, signal=28%","LSP1/PTEN/HLA-DRB1/PTPRC/PYCR2/PPP1R15A/IFI16/GRN/CHMP5/BCLAF1/SAMHD1/DDX21/TMSB4X/TXNIP/PIM1/CUEDC2/TUBB/PSMC5/KLF2/RNASET2/OS9/HLA-C/TPM1/TERF2IP/HSP90B1/MT-CYB/CNOT7/CALM1/GABARAP/DDX3X/WAS/NSMCE1/CIRBP/ERP29/FOXN3/B2M/PSMA4/SUMO1/PLD3/GSTP1/VAMP8/PGK1/IRF9/ID2/HMGN2/CD44/PSMD8/TUBB4B/ZNRF1/SQSTM1/IRAK3/CDK5RAP3/DNAJB6/NEAT1/EIF2AK2/HSBP1/TMX1/RCSD1/PSMA7/CALCOCO2/HLA-B/RNF5/YBX3/CD74/APPL1/RTN4/NR3C1/MYH9/KIT/NFKBIA/UBXN1/SLC38A2/ACTB/MORF4L1/LGALS1/HCST/PTTG1IP/AKR1C3/COPS3/AIF1/CRHBP/STAT3/YTHDF2/XBP1/ACTG1/MT-ND3/OGT/DDIT4/PRDX3/GSN/ETS1/BCAP31/HLA-E/BTG2/DDX5/SP100/IFIT2/SHISA5/JUNB/HDAC2/CSF3R/PTPRCAP/PRDX1/SMARCA4/FIS1/CALR/HLA-A/ZFP36/IRF1/MCL1/AVP/DUSP1/NFKBIZ/EGR1/JUN/FOS/CD69",0.431707695803346
"GO:0141124","intracellular signaling cassette",190,-0.301010669684841,-1.37074932928971,0.0192499223374554,0.166026966348932,0.0983164720487303,464,"tags=37%, list=29%, signal=30%","IFIT5/OSBPL8/YWHAZ/NUCB1/HSPA5/PAK2/RAB4A/RAC2/PPP2R1A/RBX1/BST2/STAT1/TAB2/LTB/DOCK8/RASD1/TAX1BP1/TRIM22/GDI2/YWHAE/STK4/PTEN/PTPRC/VAPA/PPP1R15A/FKBP5/RAP1A/DDX21/TMSB4X/TERF2IP/ROCK1/CALM1/GABARAP/DDX3X/LAMTOR1/WAS/RIPOR2/ERP29/GSTP1/PECAM1/CD44/SQSTM1/IRAK3/CDK5RAP3/EIF2AK2/CD74/RTN4/KIT/NFKBIA/MAPRE2/LGALS1/HCST/AKR1C3/AIF1/GNA15/STAT3/HINT1/RUNX2/XBP1/ARHGDIB/OGT/TAGAP/PRDX3/SHISA5/JUNB/RHOH/ZFP36/C1QTNF4/DUSP1/JUN/FOS",0.352487857583619
"GO:0010628","positive regulation of gene expression",181,-0.304551462537196,-1.36665243913568,0.0143719062827389,0.141069493512694,0.0835373627602185,338,"tags=28%, list=21%, signal=25%","PTPRC/RBM3/PPP1R15A/IFI16/BCLAF1/TAF15/DDX21/CSDE1/MZB1/MYCN/ROCK1/HNRNPU/DDX3X/CIRBP/ERP29/B2M/PSMA4/CNBP/ID2/IRAK3/SRSF5/EIF2AK2/PSMA7/YBX3/CD74/APPL1/SRSF1/RTN4/MYH9/KIT/SLC38A2/EIF3E/AIF1/STAT3/YTHDF2/XBP1/ACTG1/OGT/GSN/ETS1/HLA-E/HDAC2/SMARCA4/CALR/HLA-A/ZFP36/IRF1/AVP/C1QTNF4/EGR1",0.380730400722792
"GO:0003008","system process",141,0.288749281145396,1.36524188189911,0.0153292343832824,0.144598448229796,0.0856271098984995,259,"tags=31%, list=16%, signal=29%","RPL17/RPL12/RPL34/RPL36/RPL4/RPL36A/PRKACB/RPL39/RPL32/RPL14/IL1B/GNAI2/RPL10/RPL18/RPLP2/RNF220/GNAS/RPL31/RPL24/RPL9/RPL13A/RPL35A/RPL27/RPL28/MYL6/C12orf57/RPL21/RPL10A/RPL37/RPL41/RPL11/RPL5/PPCS/UBA52/MYCBP2/RPL19/RPL30/RPL7/RPL35/SRI/ZEB2/CPA3/RPL29/RPL18A",0.380730400722792
"GO:0006417","regulation of translation",82,-0.34217822796607,-1.36250598831393,0.0427480916030534,0.275013915323379,0.162855459649111,336,"tags=34%, list=21%, signal=29%","RBM3/PPP1R15A/CSDE1/EIF2S3/HNRNPU/MTPN/CNOT7/HHEX/DDX3X/CIRBP/PAIP2/CNBP/EIF3H/MSI2/EIF2AK2/CAPRIN1/YBX3/EIF1/EIF1B/EIF3E/EIF3K/YTHDF2/OGT/NCL/BTG2/EIF4A2/CALR/ZFP36",0.271288554688953
"GO:0010629","negative regulation of gene expression",176,-0.303410255726139,-1.36094618243813,0.0235648552075799,0.187394792117357,0.110969893906046,411,"tags=32%, list=25%, signal=27%","RBX1/BST2/HNRNPK/XAF1/PNN/VIM/LSM7/SRSF4/SNRPD1/HLA-DRB1/PTPRC/IFI16/BCLAF1/TAF15/CUEDC2/CSDE1/KLF2/PNRC2/MYCN/SNRPE/ROCK1/HNRNPU/CNOT7/HHEX/DDX3X/LAPTM4B/CIRBP/ERP29/PAIP2/GSTP1/SRSF3/MAX/ID2/IRAK3/NEAT1/EIF2AK2/XRN2/CAPRIN1/YBX3/SRSF1/ATP2B1/RAN/NFKBIA/SRSF10/RSF1/EIF3E/STAT3/YTHDF2/NCL/BTG2/DDX5/MYADM/HDAC2/SMARCA4/CALR/ZFP36",0.352487857583619
"GO:0007010","cytoskeleton organization",146,-0.3089761832161,-1.35042822442517,0.0343859784698746,0.239746683220514,0.141971202618297,529,"tags=43%, list=33%, signal=32%","NIN/UXT/NPM1/TUBA1A/TBCB/ARPC3/RHOG/FES/TPR/AKAP9/CD47/SKP1/LMNA/TPM3/PAK2/RAC2/MSN/ARPC5/PPP2R1A/RBX1/WDR1/BST2/MACF1/S100A10/VIM/EVL/MDK/DCTN2/ARPC4/PTEN/HLA-DRB1/CHMP5/TMSB4X/FMNL1/TUBB/TPM1/HSP90B1/ROCK1/HNRNPU/MTPN/MZT2A/WAS/RIPOR2/TUBB4B/DNAJB6/TPM4/CNN2/MYH9/KIT/ARPC2/SEPTIN7/RAN/ACTB/MAPRE2/AIF1/SEPTIN6/IQGAP2/ZYX/ACTG1/GSN/MYADM/RHOH/GMFG",0.321775918075361
"GO:0009966","regulation of signal transduction",307,-0.282345914806258,-1.34827909972364,0.0115122071039996,0.124857702973625,0.0739371990853341,411,"tags=32%, list=25%, signal=29%","RBX1/BEX3/BST2/MACF1/STAT1/TAB2/LTB/DOCK8/TAX1BP1/TRIM22/YWHAE/MDK/UBB/SEC13/DYNLRB1/STK4/PTEN/OCIAD1/PTPRC/VAPA/GRK2/PPP1R15A/IFI16/BCLAF1/FKBP5/SAMHD1/RAP1A/DDX21/TMSB4X/PIM1/KLF2/MZB1/TERF2IP/HSP90B1/ROCK1/CNOT7/HHEX/CALM1/GABARAP/DDX3X/LAMTOR1/RIPOR2/ERP29/PLD3/GSTP1/SOCS2/PECAM1/OCIAD2/CD44/ZNRF1/SQSTM1/IRAK3/CDK5RAP3/EIF2AK2/STRAP/RAB7A/YBX3/ARID4B/CD74/APPL1/RTN4/KIT/GRINA/NFKBIA/MAPRE2/LGALS1/HCST/PTTG1IP/AKR1C3/COPS3/CRHBP/STAT3/HINT1/YTHDF2/XBP1/ARHGDIB/OGT/DDIT4/TAGAP/PRDX3/BCAP31/DDX5/SP100/SHISA5/HDAC2/EGFL7/JUP/RHOH/ITM2C/IGFBP7/SMARCA4/FIS1/CALR/IRF1/MCL1/C1QTNF4/DUSP1/EGR1",0.380730400722792
"GO:0022008","neurogenesis",117,-0.312483189085217,-1.34620802456166,0.0393939393939394,0.267239967239967,0.158251947543465,415,"tags=38%, list=26%, signal=30%","BSG/RNF7/MACF1/S100A10/HSP90AA1/RAB37/VIM/EVL/MDK/UBB/PTEN/SNU13/VAPA/GRN/RAP1A/TCF4/ROCK1/MTPN/MBOAT7/B2M/GSTP1/ID2/CDK5RAP3/APLP2/XRN2/CAPRIN1/RTN4/NR3C1/KIT/ACTB/STAT3/RUNX2/YTHDF2/XBP1/ACTG1/DDIT4/BTG2/HDAC2/JUP/NAP1L1/ITM2C/CALR/IER2/FOS",0.282013350011725
"GO:0042127","regulation of cell population proliferation",170,-0.306091674753429,-1.34593215783903,0.0234843840123432,0.187394792117357,0.110969893906046,281,"tags=25%, list=17%, signal=23%","TPM1/MZB1/HNRNPU/CNOT7/HHEX/RIPOR2/B2M/GSTP1/CNBP/CCND2/ID2/NEAT1/EIF2AK2/CD74/RTN4/KIT/ACTB/AKR1C3/AIF1/STAT3/XBP1/PRDX3/ETS1/CDCA7/HLA-E/BTG2/JUNB/HDAC2/EGFL7/JUP/CSF3R/NAP1L1/IGFBP7/SMARCA4/CALR/HLA-A/ZFP36/IRF1/AVP/DUSP1/EGR1/JUN",0.352487857583619
"GO:0050776","regulation of immune response",130,-0.313025687580746,-1.34221999820493,0.0434131736526946,0.275368036490197,0.163065160184903,339,"tags=30%, list=21%, signal=26%","HLA-DRB1/PTPRC/IFI16/GRN/SAMHD1/RAP1A/HLA-DRA/PIM1/HLA-C/HSP90B1/CNOT7/DDX3X/BRD2/WAS/B2M/PLD3/ZNRF1/SQSTM1/IRAK3/EIF2AK2/HLA-B/CD74/APPL1/RTN4/KIT/TRBC2/NFKBIA/LGALS1/HCST/YTHDF2/XBP1/OGT/CLEC2B/HLA-E/JUNB/HLA-A/IRF1/NFKBIZ/CD69",0.266350657088526
"GO:0009605","response to external stimulus",284,-0.284849326777599,-1.33961533699916,0.0169206524935558,0.154569690102771,0.0915317972179988,415,"tags=32%, list=26%, signal=29%","BSG/RBX1/HSPD1/UBL7/BST2/STAT1/TAB2/HSP90AA1/BIN2/TAX1BP1/VIM/TRIM22/JAK1/YWHAE/MDK/MX1/PTEN/HLA-DRB1/PTPRC/FOSB/PLP2/IFI16/GRN/CHMP5/SAMHD1/DDX21/TMSB4X/TXNIP/PIM1/TUBB/PSMC5/RNASET2/HLA-C/HSP90B1/CNOT7/CALM1/DDX3X/RIPOR2/B2M/PSMA4/PLD3/GSTP1/PECAM1/VAMP8/IRF9/ID2/HMGN2/PSMD8/TUBB4B/ZNRF1/SQSTM1/IRAK3/NEAT1/GTF2F1/EIF2AK2/TMX1/PSMA7/CALCOCO2/RAB7A/CNN2/HLA-B/CD74/APPL1/RTN4/KIT/NFKBIA/SLC38A2/LGALS1/HCST/AIF1/STAT3/YTHDF2/XBP1/OGT/DDIT4/PRDX3/GSN/ETS1/HLA-E/BTG2/SP100/IFIT2/HDAC2/JUP/CALR/HLA-A/ZFP36/IRF1/DUSP1/NFKBIZ/FOS/CD69",0.352487857583619
"GO:1903131","mononuclear cell differentiation",98,-0.325585480436036,-1.33953107010614,0.0499219968798752,0.289284773445732,0.171306258061876,169,"tags=17%, list=10%, signal=17%","PSMA7/HLA-B/CD74/NR3C1/MYH9/KIT/ACTB/LGALS1/STAT3/XBP1/JUNB/RHOH/SMARCA4/IRF1/NFKBIZ/FOS/CD69",0.252961123069611
"GO:0051239","regulation of multicellular organismal process",293,-0.281372697789922,-1.33897206723215,0.01057117978218,0.117078409974676,0.069330521871931,419,"tags=31%, list=26%, signal=28%","PTGDS/BSG/RBX1/HSPD1/BST2/MACF1/HNRNPK/STAT1/S100A10/XAF1/LTB/HSP90AA1/DOCK8/VIM/EVL/JAK1/YWHAE/MDK/ALDH1A1/PTEN/HLA-DRB1/PTPRC/GRK2/IFI16/GRN/TBXAS1/DDX21/HLA-DRA/PIM1/CUEDC2/KLF2/TPM1/MZB1/ROCK1/MTPN/HHEX/CALM1/DDX3X/GTF2I/LAPTM4B/BRD2/RIPOR2/B2M/PSMA4/SUMO1/GSTP1/VAMP8/PGK1/ID2/IRAK3/EIF2AK2/TMX1/PSMA7/HLA-B/CAPRIN1/ARID4B/CD74/APPL1/RTN4/ATP2B1/KIT/SEPTIN7/NFKBIA/ACTB/MAPRE2/LGALS1/AIF1/CRHBP/STAT3/YTHDF2/XBP1/ARHGDIB/OGT/CELF2/ETS1/HLA-E/SP100/JUNB/HDAC2/JUP/RHOH/NAP1L1/SMARCA4/CALR/HLA-A/ZFP36/IRF1/AVP/C1QTNF4/NFKBIZ/EGR1/CD69",0.380730400722792
"GO:0002682","regulation of immune system process",209,-0.291132179219424,-1.33731205197254,0.0171891869867051,0.155677327503303,0.0921877087480611,339,"tags=28%, list=21%, signal=25%","HLA-DRB1/PTPRC/IFI16/GRN/SAMHD1/RAP1A/DDX21/HLA-DRA/PIM1/CUEDC2/HLA-C/MZB1/HSP90B1/CNOT7/DDX3X/BRD2/WAS/RIPOR2/B2M/PSMA4/PLD3/VAMP8/ID2/ZNRF1/SQSTM1/IRAK3/EIF2AK2/PSMA7/HLA-B/CD74/APPL1/RTN4/KIT/TRBC2/NFKBIA/TSC22D3/ACTB/LGALS1/HCST/CD99/AIF1/STAT3/YTHDF2/XBP1/OGT/CLEC2B/ETS1/HLA-E/JUNB/RHOH/SMARCA4/CALR/HLA-A/ZFP36/IRF1/DUSP1/NFKBIZ/CD69",0.352487857583619
"GO:0009968","negative regulation of signal transduction",142,-0.303091335404583,-1.32757632656955,0.0400593471810089,0.268211516150699,0.158827271320237,363,"tags=32%, list=22%, signal=28%","YWHAE/MDK/SEC13/STK4/PTEN/PTPRC/GRK2/PPP1R15A/IFI16/FKBP5/SAMHD1/TMSB4X/CNOT7/HHEX/DDX3X/RIPOR2/PLD3/GSTP1/SOCS2/CD44/SQSTM1/IRAK3/CDK5RAP3/STRAP/RAB7A/YBX3/ARID4B/CD74/APPL1/GRINA/NFKBIA/PTTG1IP/CRHBP/STAT3/YTHDF2/XBP1/OGT/DDIT4/HDAC2/EGFL7/RHOH/SMARCA4/CALR/MCL1/DUSP1/EGR1",0.276500599254472
"GO:0035556","intracellular signal transduction",304,-0.276096940162596,-1.32377800670087,0.015125564847958,0.144432703466642,0.0855289605391987,412,"tags=31%, list=25%, signal=28%","RNF7/RBX1/BST2/STAT1/TAB2/LTB/DOCK8/RASD1/TAX1BP1/TRIM22/GDI2/JAK1/YWHAE/MDK/UBB/SEC13/DYNLRB1/STK4/PTEN/PTPRC/VAPA/PPP1R15A/IFI16/BCLAF1/FKBP5/RAP1A/DDX21/TMSB4X/PIM1/KLF2/OS9/TERF2IP/ROCK1/CALM1/GABARAP/DDX3X/LAMTOR1/WAS/RIPOR2/ERP29/FOXN3/PLD3/GSTP1/SOCS2/PECAM1/RWDD1/CD44/SQSTM1/IRAK3/CDK5RAP3/EIF2AK2/YBX3/CD74/RTN4/NR3C1/KIT/NFKBIA/MAPRE2/LGALS1/HCST/PTTG1IP/AKR1C3/COPS3/AIF1/GNA15/STAT3/HINT1/RUNX2/XBP1/ARHGDIB/OGT/DDIT4/TAGAP/PRDX3/BCAP31/DDX5/MYADM/SP100/SHISA5/JUNB/HDAC2/RHOH/SMARCA4/FIS1/CALR/ZFP36/IRF1/MCL1/AVP/C1QTNF4/DUSP1/JUN/FOS",0.380730400722792
"GO:0033554","cellular response to stress",264,-0.282806456662043,-1.32212811664571,0.0214036980528949,0.179077607042554,0.106044692223975,249,"tags=20%, list=15%, signal=21%","GABARAP/DDX3X/WAS/NSMCE1/ERP29/FOXN3/B2M/PSMA4/SUMO1/GSTP1/VAMP8/PGK1/ID2/CD44/SQSTM1/CDK5RAP3/DNAJB6/EIF2AK2/HSBP1/TMX1/RCSD1/PSMA7/RNF5/YBX3/CD74/RTN4/NFKBIA/UBXN1/SLC38A2/ACTB/MORF4L1/PTTG1IP/AKR1C3/COPS3/AIF1/CRHBP/STAT3/XBP1/DDIT4/PRDX3/BCAP31/BTG2/DDX5/SP100/SHISA5/JUNB/HDAC2/PRDX1/SMARCA4/FIS1/CALR/MCL1/JUN/FOS",0.352487857583619
"GO:0010648","negative regulation of cell communication",150,-0.301648554890536,-1.32183953856947,0.044862518089725,0.277304292929293,0.164211756465374,363,"tags=31%, list=22%, signal=27%","YWHAE/MDK/SEC13/STK4/PTEN/PTPRC/GRK2/PPP1R15A/IFI16/FKBP5/SAMHD1/TMSB4X/CNOT7/HHEX/DDX3X/RIPOR2/PLD3/GSTP1/SOCS2/CD44/SQSTM1/IRAK3/CDK5RAP3/STRAP/RAB7A/YBX3/ARID4B/CD74/APPL1/GRINA/NFKBIA/PTTG1IP/CRHBP/STAT3/YTHDF2/XBP1/OGT/DDIT4/HDAC2/EGFL7/RHOH/SMARCA4/CALR/MCL1/AVP/DUSP1/EGR1",0.257206466468838
"GO:0009653","anatomical structure morphogenesis",202,0.26259880266458,1.32087132890457,0.0259313168482335,0.196179498667881,0.116171948578393,317,"tags=30%, list=19%, signal=28%","S100A6/CLU/RPL17/LMO4/RPL12/RPL34/RPL36/GATA1/VPS51/RPL4/RPL36A/RPL39/RPL32/RPL14/IL1B/PHACTR4/GNAI2/RPL10/RPL18/RPLP2/GNAS/RPL31/RPL24/RPL9/RPL13A/YBX1/RPL35A/RPL27/RPL28/C12orf57/RPL21/RPL10A/RPL37/HMGB1/CST3/RPL41/RPL11/PPP1R12A/RPL5/UBA52/MYCBP2/RPL19/NACA/RPL30/TYROBP/RPL7/RPL35/ITGB2/GATA2/RPL29/RPL18A/ATF4/RPL37A/PDCD4/CD81/RPL15/PML/RPL6/TAF10/PTPN6/TGFB1",0.352487857583619
"GO:0048870","cell motility",168,-0.292439039201424,-1.310845732541,0.0452616690240453,0.277304292929293,0.164211756465374,463,"tags=39%, list=28%, signal=31%","CD34/CDK6/LMNA/HSPA5/PAK2/RAC2/PSMA5/MSN/ARPC5/BSG/RNF7/WDR1/BST2/MACF1/MALAT1/HSP90AA1/DOCK8/BIN2/EVL/MDK/STK4/PTEN/PTPRC/GRN/TMSB4X/FMNL1/TPM1/ROCK1/MBOAT7/WAS/RIPOR2/PSMA4/GSTP1/PECAM1/OCIAD2/CD44/TUBB4B/PSMA7/SPINT2/ARID4B/CD74/APPL1/RTN4/MYH9/KIT/ARPC2/ACTB/MAPRE2/CD99/AIF1/STAT3/XBP1/ARHGDIB/ACTG1/OGT/DDIT4/ETS1/MYADM/SP100/HDAC2/JUP/CALR/SELL/DUSP1/IER2/CD69",0.252961123069611
"GO:0010646","regulation of cell communication",336,-0.273277514660345,-1.30753580091405,0.0294960261997668,0.215408616670297,0.127558888207422,363,"tags=27%, list=22%, signal=27%","YWHAE/MDK/UBB/SEC13/DYNLRB1/STK4/PTEN/OCIAD1/HLA-DRB1/PTPRC/VAPA/GRK2/PPP1R15A/IFI16/BCLAF1/FKBP5/SAMHD1/RAP1A/DDX21/TMSB4X/PIM1/KLF2/MZB1/TERF2IP/HSP90B1/ROCK1/CNOT7/HHEX/CALM1/GABARAP/DDX3X/LAMTOR1/RIPOR2/ERP29/PLD3/GSTP1/SOCS2/PECAM1/VAMP8/OCIAD2/CD44/ZNRF1/SQSTM1/IRAK3/CDK5RAP3/EIF2AK2/STRAP/RAB7A/YBX3/ARID4B/CD74/APPL1/RTN4/KIT/GRINA/NFKBIA/SLC38A2/MAPRE2/LGALS1/HCST/PTTG1IP/AKR1C3/COPS3/CRHBP/STAT3/HINT1/YTHDF2/XBP1/ARHGDIB/OGT/DDIT4/TAGAP/PRDX3/BCAP31/DDX5/SP100/SHISA5/HDAC2/EGFL7/JUP/RHOH/ITM2C/IGFBP7/SMARCA4/FIS1/CALR/IRF1/MCL1/AVP/C1QTNF4/DUSP1/EGR1",0.352487857583619
"GO:0009890","negative regulation of biosynthetic process",307,-0.271649251500821,-1.29719960179148,0.0240436990827437,0.188592764680271,0.111679299363407,405,"tags=29%, list=25%, signal=27%","BST2/HNRNPK/STAT1/ATP5IF1/IRF2BP2/XAF1/RASD1/PNN/VIM/TRIM22/LSM7/SRSF4/ETS2/SNRPD1/HLA-DRB1/PTPRC/FOSB/IFI16/SRSF2/BCLAF1/TAF15/KDM5B/RAP1A/DDX21/CUEDC2/CSDE1/KLF2/PNRC2/ITM2A/MYCN/SNRPE/PBXIP1/ROCK1/HNRNPU/CNOT7/EID1/HHEX/DDX3X/LAPTM4B/CIRBP/ERP29/FOXN3/SUMO1/PAIP2/GSTP1/CNBP/PGK1/SRSF3/MAX/ID2/IRAK3/NEAT1/EIF2AK2/HSBP1/TMX1/XRN2/CAPRIN1/YWHAQ/YBX3/ARID4B/SRSF1/NR3C1/ATP2B1/RAN/NFKBIA/SRSF10/AKR1C3/RSF1/EIF3E/STAT3/RUNX2/YTHDF2/XBP1/OGT/SATB1/NCL/BTG2/NRIP1/DDX5/MYADM/SP100/HDAC2/ITM2C/SMARCA4/CALR/ZFP36/IRF1/DUSP1/JUN",0.352487857583619
"GO:0007049","cell cycle",185,-0.287973377798009,-1.28923882072293,0.0480905233380481,0.284968848223174,0.168750489256125,363,"tags=26%, list=22%, signal=23%","YWHAE/DYNLRB1/DCTN2/PTEN/PTPRC/PPP1R15A/CHMP5/TMSB4X/PIM1/TUBB/ROCK1/HNRNPU/CALM1/DDX3X/RIPOR2/FOXN3/PSMA4/CCND2/CCND3/ID2/TUBB4B/CDK5RAP3/PSMA7/APPL1/ANAPC11/PPM1G/NR3C1/MYH9/SEPTIN7/RAN/ACTB/MAPRE2/CCNI/MORF4L1/FHL1/KMT2E/AIF1/SEPTIN6/IQGAP2/STAT3/YTHDF2/ETS1/JUNB/SMARCA4/CALR/IRF1/DUSP1/JUN",0.245041785430996
"GO:0032879","regulation of localization",220,-0.280446392607112,-1.28660644064765,0.0407569141193595,0.269210143262085,0.15941863004131,400,"tags=30%, list=25%, signal=27%","ATP5IF1/RSL1D1/S100A10/HSP90AA1/RAB37/VIM/TRIM22/GDI2/JAK1/YWHAE/SEC13/DYNLRB1/PTEN/HLA-DRB1/PTPRC/ANP32B/GRK2/RAP1A/PIM1/CCT4/OS9/ROCK1/HNRNPU/HHEX/CALM1/GABARAP/LAMTOR1/RIPOR2/ERP29/B2M/SUMO1/PLD3/PECAM1/VAMP8/ZNRF1/SQSTM1/CDK5RAP3/DNAJB6/NEAT1/TMEM59/TMX1/RAB7A/YWHAQ/CD74/APPL1/RTN4/ATP2B1/RAN/NFKBIA/SLC38A2/ACTB/FHL1/SCP2/CRHBP/STAT3/XBP1/ACTG1/OGT/GSN/BCAP31/SP100/SHISA5/JUP/FIS1/CALR/ZFP36/AVP",0.271288554688953
"GO:0006915","apoptotic process",265,-0.27571944636896,-1.28341177137864,0.0186857953473322,0.162781966697668,0.0963948750664594,411,"tags=31%, list=25%, signal=28%","RBX1/HSPD1/BEX3/HNRNPK/STAT1/ATP5IF1/RSL1D1/XAF1/LTB/HSP90AA1/TAX1BP1/PNN/MDK/UBB/MX1/STK4/PTEN/ANP32B/PPP1R15A/IFI16/GRN/BCLAF1/TXNIP/PIM1/IP6K2/PDCD7/MZB1/HSP90B1/ROCK1/CTSC/GABARAP/DDX3X/ERP29/PSMA4/GSTP1/CCND2/SOCS2/AKR1A1/CD44/SQSTM1/CDK5RAP3/PSMA7/YBX3/CD74/RTN4/NR3C1/GRINA/TSC22D3/ACTB/MORF4L1/LGALS1/PTTG1IP/AKR1C3/DDAH2/STAT3/VDAC2/HINT1/ANXA6/XBP1/OGT/DDIT4/PRDX3/GSN/ETS1/CDCA7/BCAP31/BTG2/DDX5/SP100/IFIT2/SHISA5/HDAC2/ITM2C/FIS1/CALR/ZFP36/IRF1/MCL1/AVP/DUSP1/NFKBIZ/EGR1",0.352487857583619
"GO:0023057","negative regulation of signaling",149,-0.291626094831842,-1.28144938868196,0.0454545454545455,0.277304292929293,0.164211756465374,363,"tags=31%, list=22%, signal=26%","YWHAE/MDK/SEC13/STK4/PTEN/PTPRC/GRK2/PPP1R15A/IFI16/FKBP5/SAMHD1/TMSB4X/CNOT7/HHEX/DDX3X/RIPOR2/PLD3/GSTP1/SOCS2/CD44/SQSTM1/IRAK3/CDK5RAP3/STRAP/RAB7A/YBX3/ARID4B/CD74/APPL1/GRINA/NFKBIA/PTTG1IP/CRHBP/STAT3/YTHDF2/XBP1/OGT/DDIT4/HDAC2/EGFL7/RHOH/SMARCA4/CALR/MCL1/DUSP1/EGR1",0.257206466468838
"GO:0023051","regulation of signaling",335,-0.267824384879005,-1.28021320972528,0.0124536338645257,0.129473578106341,0.0766705897413575,363,"tags=27%, list=22%, signal=27%","YWHAE/MDK/UBB/SEC13/DYNLRB1/STK4/PTEN/OCIAD1/HLA-DRB1/PTPRC/VAPA/GRK2/PPP1R15A/IFI16/BCLAF1/FKBP5/SAMHD1/RAP1A/DDX21/TMSB4X/PIM1/KLF2/MZB1/TERF2IP/HSP90B1/ROCK1/CNOT7/HHEX/CALM1/GABARAP/DDX3X/LAMTOR1/RIPOR2/ERP29/PLD3/GSTP1/SOCS2/PECAM1/VAMP8/OCIAD2/CD44/ZNRF1/SQSTM1/IRAK3/CDK5RAP3/EIF2AK2/STRAP/RAB7A/YBX3/ARID4B/CD74/APPL1/RTN4/KIT/GRINA/NFKBIA/SLC38A2/MAPRE2/LGALS1/HCST/PTTG1IP/AKR1C3/COPS3/CRHBP/STAT3/HINT1/YTHDF2/XBP1/ARHGDIB/OGT/DDIT4/TAGAP/PRDX3/BCAP31/DDX5/SP100/SHISA5/HDAC2/EGFL7/JUP/RHOH/ITM2C/IGFBP7/SMARCA4/FIS1/CALR/IRF1/MCL1/C1QTNF4/DUSP1/EGR1",0.380730400722792
"GO:0010558","negative regulation of macromolecule biosynthetic process",295,-0.269740591336574,-1.27702370434733,0.0358565737051793,0.248031496062992,0.146877234380298,405,"tags=28%, list=25%, signal=26%","BST2/HNRNPK/STAT1/IRF2BP2/XAF1/RASD1/PNN/VIM/TRIM22/LSM7/SRSF4/ETS2/SNRPD1/HLA-DRB1/PTPRC/FOSB/IFI16/SRSF2/BCLAF1/TAF15/KDM5B/DDX21/CUEDC2/CSDE1/KLF2/PNRC2/ITM2A/MYCN/SNRPE/PBXIP1/ROCK1/HNRNPU/CNOT7/EID1/HHEX/DDX3X/LAPTM4B/CIRBP/ERP29/FOXN3/SUMO1/PAIP2/GSTP1/CNBP/SRSF3/MAX/ID2/IRAK3/NEAT1/EIF2AK2/HSBP1/XRN2/CAPRIN1/YWHAQ/YBX3/ARID4B/SRSF1/NR3C1/ATP2B1/RAN/NFKBIA/SRSF10/RSF1/EIF3E/STAT3/RUNX2/YTHDF2/XBP1/OGT/SATB1/NCL/BTG2/NRIP1/DDX5/MYADM/SP100/HDAC2/ITM2C/SMARCA4/CALR/ZFP36/IRF1/DUSP1/JUN",0.276500599254472
"GO:0045934","negative regulation of nucleobase-containing compound metabolic process",215,-0.278301060841018,-1.26709225066035,0.0446304044630404,0.277252720622629,0.16418121680451,403,"tags=28%, list=25%, signal=25%","HNRNPK/STAT1/ATP5IF1/IRF2BP2/RASD1/PNN/TRIM22/SRSF4/ETS2/SNRPD1/PTPRC/FOSB/IFI16/SRSF2/BCLAF1/TAF15/KDM5B/DDX21/CSDE1/KLF2/TERF2IP/SNRPE/PBXIP1/HNRNPU/CNOT7/EID1/HHEX/CIRBP/FOXN3/SUMO1/GSTP1/CNBP/PGK1/MAX/ID2/HSBP1/YWHAQ/YBX3/ARID4B/SRSF1/NR3C1/NFKBIA/SRSF10/RSF1/STAT3/RUNX2/XBP1/OGT/SATB1/BTG2/NRIP1/DDX5/SP100/HDAC2/SMARCA4/FIS1/CALR/ZFP36/IRF1/DUSP1/JUN",0.252961123069611
