"gene","baseMean","log2FoldChange","lfcSE","stat","pvalue","padj"
"CD69",9.28640554019493,-2.73304775706145,0.541334499631464,-5.048722663939,4.44773865778954e-07,0.000535386125591463
"FOS",66.4943857106307,-1.97481043989628,0.397099188649756,-4.97309109749423,6.58936769958724e-07,0.000535386125591463
"S100A6",18.447897933797,1.28988200495904,0.273728231319243,4.71227245630603,2.44969548885447e-06,0.00132691838979617
"MAZ",6.8405579407712,1.24207757721757,0.321241755028144,3.86648857994426,0.000110413631752298,0.044855537899371
"JUN",24.5017709902455,-1.87457129941539,0.493327724840596,-3.79984988684976,0.000144783762999266,0.0470547229747615
"EGR1",3.44261275482056,-4.34695076337911,1.25029188744646,-3.47674875525037,0.00050753317356414,0.137456901173621
"MT-ND4L",69.0859408476561,-0.605507629407793,0.183507437319567,-3.2996353622079,0.000968105268324526,0.224738723003908
"NFKBIZ",3.74384243489613,-2.45927562619466,0.790764041567239,-3.10999931322187,0.00187087778900714,0.316780827763174
"CLU",2.08531653882434,1.8421775314192,0.58236402322462,3.16327495853683,0.00156004912487718,0.316780827763174
"RPS17",18.5520000763962,0.618190477061089,0.199555857264175,3.09783178272096,0.00194942047854261,0.316780827763174
"RPS10",6.94623445110288,1.33946993801211,0.450812166127819,2.97123733265071,0.00296602472209099,0.406945142326669
"IER2",9.72349375667327,-1.84791502181094,0.622778152635037,-2.9672123435805,0.00300513335872002,0.406945142326669
"S100A4",28.5332866017293,0.674201003588759,0.231126229539132,2.91702505999913,0.00353387379003471,0.441734223754339
"MINPP1",3.65872952449201,1.33647353126584,0.472341033044994,2.82946735042292,0.0046625557108833,0.473540814386585
"RPS28",228.093527932744,0.446203422445511,0.157486829528558,2.83327452702702,0.00460737986222199,0.473540814386585
"EMP3",13.0117328972939,0.741487455325082,0.25999809821267,2.8518956885545,0.00434593593838377,0.473540814386585
"DUSP1",24.3397413630294,-1.09483027024169,0.399582999819601,-2.73993205600832,0.00614518865137099,0.478404992051289
"C1QTNF4",2.84663535399774,-3.09832391530555,1.13162437657633,-2.73794377307369,0.00618246451266281,0.478404992051289
"KLF1",3.10642643119741,1.65808172900002,0.605448249539316,2.73860190406306,0.0061701035457407,0.478404992051289
"FBXO7",6.22616556807104,0.98263696590895,0.357890129942729,2.74563862955985,0.00603932459078888,0.478404992051289
"MT-ATP8",16.2434291760508,-1.23351588256511,0.444212534029299,-2.77685969681294,0.00548868660554075,0.478404992051289
"CMPK1",4.60168758000547,-1.47953138102416,0.580112540121683,-2.55042130396599,0.0107592811562193,0.591535764803089
"TSPAN2",3.822462251313,-2.11345685290873,0.817967079228468,-2.58379207009432,0.00977206881281091,0.591535764803089
"MCL1",5.47742047832906,-1.31344265188822,0.505196375572753,-2.59986554812302,0.00932602919733093,0.591535764803089
"SELL",12.8593179302636,-1.24438868534888,0.474171407156166,-2.62434357400855,0.00868161609245067,0.591535764803089
"IRF1",7.07731407242463,-1.46576752854797,0.572298012590555,-2.56119625841972,0.0104312410638663,0.591535764803089
"HLA-A",90.7048539304353,-0.604155459321985,0.237367971746647,-2.54522737366955,0.0109206602732878,0.591535764803089
"CTDNEP1",3.92609928746653,1.18295732061167,0.446851633805323,2.64731564375803,0.00811335842729848,0.591535764803089
"ZFP36",6.47713420388732,-1.30761804078049,0.512615538481945,-2.55087476406365,0.0107452929679844,0.591535764803089
"AVP",2.23272211211979,-3.189027395953,1.22071653922884,-2.61242253501995,0.00899030639332927,0.591535764803089
"HBD",4.64439229053947,2.31087877940579,0.927068473711946,2.49267324359885,0.0126785462835653,0.654625173861354
"RPL17",97.3113016595039,0.40888881033617,0.16498192871691,2.47838544206727,0.0131978485130758,0.654625173861354
"CALR",19.294792075342,-0.760425654592523,0.307143823921836,-2.47579666386533,0.013293926607646,0.654625173861354
"GMFG",18.0165387767492,-0.644355153790775,0.26150541548551,-2.46402221764496,0.0137387594938231,0.656631887572428
"PPIB",19.746822626473,0.718531891671281,0.298034679108654,2.41090028120294,0.0159131986444197,0.738827079919486
"EMID1",4.70484242772137,1.09098336745198,0.458165891437236,2.38119726466245,0.0172564682767597,0.778937804159291
"PRDX1",11.3124450407789,-0.960549210141499,0.422851108121844,-2.27160149681981,0.0231105904080732,0.79694372046584
"PSMB4",3.55290266359625,1.04151005760548,0.459485427697705,2.26668789655434,0.0234092983154857,0.79694372046584
"SLC40A1",9.18167952276808,1.02113894280596,0.440003783811631,2.32075036709939,0.0203003206450804,0.79694372046584
"IGFBP7",10.5532106778547,-0.798375343390909,0.354630775769722,-2.25128612049545,0.0243674213118774,0.79694372046584
"HSPA9",3.89269634581308,1.00059477838547,0.443151565835687,2.25790644900141,0.0239514924787465,0.79694372046584
"FIS1",9.89882675910585,-0.946562143817372,0.407246993775209,-2.32429498138875,0.020109689613021,0.79694372046584
"TMEM258",11.718166036287,0.547266062932218,0.243352559079731,2.24886093247499,0.0245213452451028,0.79694372046584
"TPSAB1",1.51098142766947,2.26884943051093,0.972677684359833,2.33258094330001,0.0196701500857868,0.79694372046584
"SPN",8.90210029675808,0.659147143192166,0.292225600509935,2.25561053529175,0.0240950328422194,0.79694372046584
"EIF4A1",27.4330700996832,-0.619253147039706,0.264169655015979,-2.34414943306887,0.0190705289793038,0.79694372046584
"SMARCA4",4.47271125281948,-1.23066206410139,0.533969690539026,-2.30474142241871,0.0211810595201734,0.79694372046584
"CSTB",4.14047102332194,-1.13622646007124,0.492679970522397,-2.3062160592128,0.0210985626856392,0.79694372046584
"RANBP1",3.84490925777929,-1.12355274172534,0.498880043754456,-2.25215010259729,0.0243127880111562,0.79694372046584
"MIF",30.3921060972463,0.443824163930539,0.190574314890059,2.3288771321916,0.0198655757074019,0.79694372046584
"ITM2C",8.6775654180213,-0.855385488975366,0.382612588750725,-2.23564387091471,0.0253751084379257,0.80852061199273
"LMO4",5.80976453641092,1.68910183174479,0.777146995865699,2.17346504680652,0.029745333770073,0.808946257601674
"RHOH",3.98649789545018,-1.26505664633538,0.580316322127908,-2.17994324491281,0.0292616688296515,0.808946257601674
"GRSF1",3.75940112215318,0.887510857340089,0.403862611830136,2.19755637521944,0.0279807349032323,0.808946257601674
"WASHC1",4.3421326880144,0.976599128477905,0.449667284285306,2.17182606475384,0.0298687848960618,0.808946257601674
"SRGN",16.9252847009695,0.913489612326593,0.419339170499046,2.17840277415408,0.0293760635413499,0.808946257601674
"PTPRCAP",3.63463023398981,-2.03671482511784,0.936335718017972,-2.17519719255092,0.0296153424814023,0.808946257601674
"NAP1L1",13.2063292575834,-0.654485588751558,0.29477348519591,-2.22030006639362,0.0263984054328685,0.808946257601674
"RPL26",226.76470676465,0.327821938074424,0.149477182815466,2.19312360522027,0.0282984747283108,0.808946257601674
"RBM39",11.9645558942787,-0.661872059436138,0.301164081386344,-2.19771247749517,0.0279696018158312,0.808946257601674
"CSF3R",3.30261555537343,-1.48704637938578,0.695293814528933,-2.13873091966633,0.032457466975973,0.852634579859685
"EIF4A2",7.81121512155883,-0.83582255648413,0.391809721355961,-2.13323588192642,0.0329053810074629,0.852634579859685
"JUP",3.32468998706452,-1.30124915996884,0.610513069909643,-2.13140262527292,0.0330559867884063,0.852634579859685
"EGFL7",8.27462950024381,-0.911943267138501,0.429234738684868,-2.12457936170917,0.0336217274750787,0.853676674171919
"DNAJC8",5.03211338444942,0.865225816510288,0.412360581747269,2.09822629710173,0.0358851596521044,0.890481552239249
"HDAC2",6.51144200339082,-0.889922490863697,0.426021091133652,-2.08891650996807,0.0367152393846336,0.890481552239249
"TRA2A",2.66380544601899,-1.5193787599747,0.725848779023749,-2.09324421819409,0.036327359336486,0.890481552239249
"MATR3.1",1.54826171014371,-2.12025119755158,1.02524062762091,-2.06805226054264,0.0386351091176422,0.923265475237772
"HMGN3",10.8683860617764,0.569346405814162,0.277267183626874,2.05342153502142,0.0400317124927203,0.942775837690877
"ARMC8",2.43253461682802,1.00481449784185,0.492594346242944,2.03984171865887,0.0413660931268858,0.942987346343668
"SMIM24",13.0874914329989,-0.649588705998712,0.319100168194483,-2.03568901161721,0.0417815931918425,0.942987346343668
"JUNB",12.9993599437858,-1.45585557339662,0.714061509712849,-2.03883776620599,0.0414662217338072,0.942987346343668
"GNB1",4.79326646190917,0.595283453637024,0.368106692792111,1.6171492268227,0.105846073035943,0.961012665083231
"MICOS10",4.1755018967018,0.821038400180692,0.412194930885117,1.99186923142809,0.0463854076846869,0.961012665083231
"SRSF10",5.476473981365,-0.608957556306355,0.397405046506066,-1.53233473419684,0.12543985397196,0.961012665083231
"PHACTR4",3.61306706339418,0.771319892045746,0.480926693069599,1.60382008975767,0.108753714976984,0.961012665083231
"YTHDF2",3.63389126079004,-0.921645748699017,0.523019659730514,-1.76216272477003,0.0780418079971168,0.961012665083231
"SNRNP40",2.48844046897884,0.810633490056326,0.545835199044049,1.48512498181875,0.137510719527297,0.961012665083231
"MARCKSL1",7.33467034755556,0.646565849267494,0.382144717357175,1.69193978066475,0.0906574560897547,0.961012665083231
"SFPQ",10.0900534600793,0.43206737907258,0.307901487031806,1.40326499633939,0.160537832118289,0.961012665083231
"YBX1",32.8053337153031,0.279637135558331,0.19807199248594,1.41179543886388,0.158010201867058,0.961012665083231
"RNF220",3.20486782448268,0.688851141107705,0.454049561209958,1.51712764411014,0.129234459973545,0.961012665083231
"RPS8",272.815067952273,0.278230782908581,0.187438094800182,1.48438759583631,0.137706123590215,0.961012665083231
"UROD",5.04103343124837,0.725421054712408,0.487507130641955,1.488021423927,0.136745243781796,0.961012665083231
"UQCRH",22.3067900557162,0.294797833091072,0.210228379635564,1.40227420104798,0.160833381329603,0.961012665083231
"SCP2",5.28088565673907,-0.785034491429572,0.47118972268087,-1.6660687906414,0.0956997138153778,0.961012665083231
"ZRANB2",4.83959232832663,0.689223787585098,0.398894571204004,1.72783446389049,0.0840179066217271,0.961012665083231
"PRKACB",5.22366970641267,0.658778124407288,0.381162071737286,1.728341231342,0.0839270650438523,0.961012665083231
"GNG5",13.5053428595109,0.501345936505596,0.25039239793691,2.00224104500136,0.0452588132334562,0.961012665083231
"CCDC18-AS1",7.28175560486262,-0.763490077477208,0.42514691194584,-1.79582646850901,0.0725221197847028,0.961012665083231
"DPM3",3.32156585680405,-0.810630939733774,0.523018617746991,-1.5499083822785,0.121163507467934,0.961012665083231
"FDPS",3.90457026616804,0.661248361903988,0.401647706861908,1.64633919379336,0.0996939444193372,0.961012665083231
"FCER1A",5.75869100854452,1.50208723102398,0.832781181959359,1.80369977559998,0.0712783847561997,0.961012665083231
"BTG2",2.54266661163591,-1.77427838010664,0.922216704416468,-1.92392782695181,0.0543636306810986,0.961012665083231
"GUK1",6.25169731294897,-0.596377063150172,0.395039836909176,-1.50966309579377,0.131129412511958,0.961012665083231
"ARID4B",4.77526197579581,-0.657582821136457,0.465768375685926,-1.41182367774122,0.158001884837305,0.961012665083231
"SCCPDH",4.50147433202399,-0.634080505193179,0.454178397756198,-1.39610450062302,0.162683028736133,0.961012665083231
"YWHAQ",9.21992597923479,-0.454257157592067,0.322452712445261,-1.40875588903344,0.158907362572858,0.961012665083231
"OST4",14.4289113714753,0.491758423559076,0.299270969443355,1.64318785906213,0.100344071069495,0.961012665083231
"PPM1G",4.47273921634994,-0.694802336197001,0.47507037074741,-1.4625250888703,0.143597374368672,0.961012665083231
"RTN4",8.09511394156289,-0.621117562842909,0.431526526364224,-1.43934966889767,0.15005147686476,0.961012665083231
"CNRIP1",5.4113740929671,1.46910727086905,0.752092666006146,1.95335938943599,0.0507770247656208,0.961012665083231
"PLEK",8.01775481313232,0.81545095956594,0.486875919201973,1.6748640205959,0.093960914309399,0.961012665083231
"DGUOK",4.31875687906833,0.605419499164004,0.41480232986139,1.45953736413754,0.144417264516086,0.961012665083231
"RPL31",50.502298840967,0.322281344956538,0.213473499111101,1.50970188945471,0.131119508946012,0.961012665083231
"IL1B",7.79389601394057,0.661323862570469,0.4116699339675,1.60644197694233,0.108176834027366,0.961012665083231
"DARS",5.90457924224076,-0.698684130822166,0.417744363314771,-1.67251599824869,0.0944226158358981,0.961012665083231
"MMADHC",5.43706349833114,-0.638534483353267,0.447205553563636,-1.42783218648559,0.153340166164516,0.961012665083231
"NMI",4.93830704524438,0.657834281581706,0.385284123492587,1.70740043897595,0.0877476488384668,0.961012665083231
"CDCA7",2.79112758060692,-1.16382172126438,0.611505158458392,-1.90320834610518,0.0570133645491114,0.961012665083231
"SF3B1",9.45299102627943,-0.594375598132084,0.3836795584525,-1.54914585632184,0.121346661606213,0.961012665083231
"NDUFB3",4.48308832226038,0.565235196263735,0.38447037875095,1.47016578520313,0.141516858832677,0.961012665083231
"ARPC2",15.7644085609454,-0.377376226078579,0.253985063030253,-1.48582055013852,0.137326592987017,0.961012665083231
"SP100",7.81938080873018,-0.763262903836675,0.381370411602754,-2.00136895945591,0.0453526432331334,0.961012665083231
"NCL",19.6137583380541,-0.475199278810678,0.249400683862349,-1.90536477868262,0.056732670284375,0.961012665083231
"RPL32",339.967530601246,0.262322738000285,0.162361470976842,1.61567110978996,0.106165440434483,0.961012665083231
"SATB1",6.34636409797899,-1.44212987692385,0.770067333648392,-1.87273218056322,0.0611053772253242,0.961012665083231
"EIF1B",4.71419312325568,-0.721421753138572,0.45427952651374,-1.58805693638662,0.112273464913472,0.961012665083231
"RPL14",153.663981451936,0.215974993046417,0.134246666636534,1.60879222149447,0.107661782314152,0.961012665083231
"SHISA5",6.95230876334991,-0.946716305378055,0.468540770404686,-2.02056334299438,0.0433249868081466,0.961012665083231
"GNAI2",10.3486450300232,0.450596576405736,0.282062712822535,1.59750493745424,0.110153197966413,0.961012665083231
"APPL1",4.88183104580973,-0.608485527057212,0.428004390937571,-1.42168057137051,0.155119002789826,0.961012665083231
"RPL24",93.6191617906361,0.199508354557666,0.135658502340224,1.47066605569115,0.141381450337735,0.961012665083231
"RAB7A",5.10790891452013,-0.681082900841724,0.489782847792603,-1.39058136460125,0.164352410570504,0.961012665083231
"RPL35A",158.33681037513,0.243678830207416,0.176527884026384,1.38039852203177,0.167463975000087,0.961012665083231
"MXD4",3.33680750335661,0.844734588735134,0.425749462342013,1.98411193307989,0.0472433631330734,0.961012665083231
"RPL9",90.5267107924752,0.243932258451355,0.169284782641196,1.44095798007064,0.149596554312081,0.961012665083231
"KIT",3.37881927162409,-1.16990507574754,0.78855028672289,-1.48361505340326,0.137911073508511,0.961012665083231
"SPINK2",21.9430255034662,-0.741903394473151,0.417815838555229,-1.77567082434833,0.0757871889295763,0.961012665083231
"CCNI",28.767928387521,-0.358092250762035,0.231044821436417,-1.54988217669523,0.121169798300646,0.961012665083231
"HPGDS",4.92911781929555,0.768087371405355,0.538202473365478,1.42713459973969,0.153541101094141,0.961012665083231
"RPL34",210.786762721777,0.333085793169552,0.181171139703703,1.83851464264286,0.0659866062077923,0.961012665083231
"BTF3",66.1988916527551,0.195987344989693,0.141288840547019,1.38713959454194,0.165399200510275,0.961012665083231
"IQGAP2",10.2027443030314,-0.508217882367792,0.307576557042472,-1.65232970696663,0.0984673565369114,0.961012665083231
"CRHBP",5.34735118674862,-0.963163457108021,0.573220591224822,-1.68026667543466,0.092905441766155,0.961012665083231
"SSBP2",6.9620040855658,-0.788129847878985,0.419213986445474,-1.88001801791385,0.0601056223541824,0.961012665083231
"HINT1",47.7580348893835,-0.321125927255033,0.186663758844224,-1.72034426630732,0.0853698814585374,0.961012665083231
"UQCRQ",5.90176666244262,0.659772063743385,0.350281981409248,1.88354553976486,0.059626474361501,0.961012665083231
"CAMLG",6.03002108201233,0.551163962148934,0.398497022343869,1.38310685210924,0.166632104984379,0.961012665083231
"H2AFY",22.3349020315926,-0.496149536893417,0.29192905276396,-1.69955519053659,0.089214624995395,0.961012665083231
"NR3C1",3.76852091699377,-0.77780281871994,0.527818407876687,-1.4736182124623,0.140584414908687,0.961012665083231
"CD74",212.855129060796,-0.51780961396992,0.365806851144691,-1.41552738104707,0.156913926146825,0.961012665083231
"RPS14",211.343438022135,0.261901031335659,0.172730305446045,1.51624250683369,0.129458043402505,0.961012665083231
"ANXA6",4.15884014882386,-0.94138632304956,0.544715748037538,-1.72821572800331,0.083949554976211,0.961012665083231
"HNRNPH1",4.04805623941355,0.650975405470844,0.445210151532261,1.46217556637109,0.143693105385221,0.961012665083231
"NOL7",5.24972378980077,-0.555060512791652,0.390291263306436,-1.42216996632038,0.154976915333961,0.961012665083231
"HLA-E",30.7120644637985,-0.389571332046655,0.202833638148876,-1.92064460117171,0.0547765281905949,0.961012665083231
"HLA-B",121.364193722132,-0.402641327349838,0.288494463267574,-1.39566396799926,0.162815709604731,0.961012665083231
"AIF1",17.2685378493055,-0.42011244524013,0.257620358313103,-1.6307424148892,0.102944682761341,0.961012665083231
"DDAH2",10.6362082552249,-0.521656191427353,0.323433075658497,-1.61287212312866,0.106772292756378,0.961012665083231
"RNF5",1.98813277160783,-1.01102439803828,0.718127645290548,-1.40786168680253,0.159172029939605,0.961012665083231
"PSMB8",12.9473265925701,0.379069022333165,0.273233866237168,1.38734274617383,0.165337274377253,0.961012665083231
"DNPH1",3.75029576044043,0.84096959502528,0.564612978035567,1.48946203459798,0.136365743566535,0.961012665083231
"RUNX2",4.07966468039717,-1.72501354749599,0.999515370532215,-1.72584994523643,0.0843744117571699,0.961012665083231
"PNRC1",25.2642831258732,-0.419318072111699,0.279532512840315,-1.50006905404681,0.133596516035871,0.961012665083231
"SF3B5",8.10725471017523,0.520736491615645,0.292895215453616,1.77789347227528,0.0754213525386816,0.961012665083231
"TAGAP",4.20529254243024,-1.11081486599261,0.621101045366308,-1.7884607895604,0.0737016962957516,0.961012665083231
"SFT2D1",3.62937730083174,-1.00983753676251,0.612528277252745,-1.64863823314695,0.099221771092199,0.961012665083231
"ACTB",155.133997062496,-0.267234948755699,0.173141455088948,-1.54344867102112,0.122721952352722,0.961012665083231
"EIF2AK1",4.59700194280128,0.607134327418017,0.382571963070741,1.58698071480411,0.112517012502553,0.961012665083231
"SEPTIN7",6.77901342616384,-0.569186044938627,0.378208946695145,-1.50495129719239,0.132336598516976,0.961012665083231
"KMT2E",6.06527943511238,-0.653742293137582,0.414558633056457,-1.5769597856826,0.114804778549831,0.961012665083231
"SYPL1",8.98108263414198,-0.702163316034007,0.35390403973728,-1.98405001693469,0.047250264372088,0.961012665083231
"CAPZA2",4.1986143330502,0.589470020056944,0.40132588517144,1.46880637864944,0.141885313465171,0.961012665083231
"STMP1",7.32406668866276,0.606189272531973,0.367956689593717,1.6474473482227,0.0994661300230249,0.961012665083231
"TRBC2",7.61370195142532,-1.00510101294753,0.670568287757175,-1.49887943002682,0.133904913619446,0.961012665083231
"GSTK1",11.117469670742,-0.483379660983665,0.340602624983873,-1.41918947631878,0.155843783220391,0.961012665083231
"ZYX",7.3817267350464,-0.656133044034589,0.387602602653595,-1.69279834434183,0.0904938579533688,0.961012665083231
"FDFT1",8.50452861126263,0.550105619211198,0.302041296218212,1.82129273744664,0.068562369834581,0.961012665083231
"PCM1",4.66602474461638,0.683479719283518,0.380700157162703,1.79532292389208,0.0726022647248946,0.961012665083231
"ZNF706",5.75041963221423,0.689709184865873,0.38024381326035,1.81386037277518,0.0696992249170872,0.961012665083231
"EIF3E",24.8020282352167,-0.403101997974963,0.247247877526672,-1.63035574665945,0.103026331840639,0.961012665083231
"GRINA",3.20798650341022,-0.816301480711026,0.549181799863851,-1.486395727086,0.137174479374505,0.961012665083231
"GSN",5.14810334485128,-1.10325282463473,0.590344622735715,-1.86882844722485,0.0616466857399837,0.961012665083231
"RPL12",213.460020137926,0.378844913772657,0.19562970023236,1.93654088986838,0.0528014895613982,0.961012665083231
"NPDC1",3.33833103926701,-1.1538831930068,0.620483569563257,-1.85965148733752,0.0629348497911983,0.961012665083231
"DPP7",4.39450735771402,-0.819084017040117,0.448419006850309,-1.82660414596017,0.0677593095709428,0.961012665083231
"AKR1C3",5.02415186942579,-0.686931169556566,0.427616152656023,-1.60642006923704,0.108181644218143,0.961012665083231
"CELF2",8.14824690201115,-0.741260351359064,0.405388177608677,-1.82851990339641,0.0674715613457674,0.961012665083231
"ST8SIA6",4.47327175109025,0.941832229319255,0.545509364763027,1.7265189017028,0.0842541018061801,0.961012665083231
"HNRNPF",8.44190170013246,-0.668964806631836,0.417356651678017,-1.60286125533691,0.10896528932271,0.961012665083231
"CCAR1",3.31742172648485,0.738704273244045,0.501356869405111,1.47341009632632,0.140640489508167,0.961012665083231
"PPA1",3.04651588640828,-0.902035672888318,0.620414902942792,-1.45392328361186,0.145967576707106,0.961012665083231
"DDIT4",8.99484753252137,-1.86330315473857,1.0427758178377,-1.78686839766032,0.0739587613119515,0.961012665083231
"VDAC2",9.14547387963472,-0.540996524031857,0.316902701687924,-1.70713762031797,0.0877964761180261,0.961012665083231
"IFIT2",3.16047325392114,-2.2579942755201,1.12331848246858,-2.01011049916848,0.0444194950962271,0.961012665083231
"MRPL43",4.57890619724692,-0.701122966111071,0.450089255127257,-1.55774206587722,0.119294404355994,0.961012665083231
"PDZD8",4.46205558728022,0.622600106973403,0.444501467394244,1.40067053236789,0.161312618476271,0.961012665083231
"PRDX3",5.30998652795748,-0.816904329222556,0.446991136775644,-1.82756270094139,0.0676152079514931,0.961012665083231
"RPLP2",87.0559937907645,0.299226695665106,0.196707062097978,1.5211792219034,0.128214868175505,0.961012665083231
"LMO2",6.52384574258443,0.853567434396793,0.483969333008885,1.76368082888657,0.0777857305829802,0.961012665083231
"CAPRIN1",5.14913342665033,-0.614092789101738,0.436643165116546,-1.4063950570206,0.159606847260061,0.961012665083231
"MRPL16",4.94815997328831,-0.675865305428701,0.4899585323106,-1.37943368848254,0.167761078348364,0.961012665083231
"UBXN1",12.8410234815237,-0.417389637692269,0.271973696234133,-1.53466913702181,0.12486512059046,0.961012665083231
"SNHG1",4.19228820158397,-0.700892906702717,0.488709923709659,-1.43416958137956,0.151523875327655,0.961012665083231
"COX8A",10.2426469430332,0.430876817117443,0.268166999280641,1.6067481020158,0.108109637027723,0.961012665083231
"VPS51",5.72549576176219,0.636036093646232,0.360606239373006,1.76379669623055,0.0777662139439057,0.961012665083231
"CTSW",9.28587532298511,-1.43337164292947,0.727298989975612,-1.97081484050669,0.0487450585878751,0.961012665083231
"ACY3",10.1342375841428,-2.93768557090019,2.02278777942599,-1.45229549079727,0.146419460747529,0.961012665083231
"RSF1",5.95831583018275,-0.997734487887179,0.619350602771779,-1.61093649287176,0.107193565054872,0.961012665083231
"NDUFC2",8.66306223150403,0.476298124142589,0.314664930846609,1.51366764278785,0.130110155567768,0.961012665083231
"ETS1",3.14751196965341,-2.49699138140119,1.31955099552038,-1.89230381385638,0.0584505130925094,0.961012665083231
"CLEC2B",4.93653328149908,-1.20418721378406,0.638606609458154,-1.88564790271399,0.0593424176457883,0.961012665083231
"YBX3",7.61882244077235,-0.591180226423916,0.419167989758564,-1.41036586969446,0.158431677861465,0.961012665083231
"ARHGDIB",44.846137186248,-0.29511338730226,0.167271967822896,-1.76427282552639,0.077686056816915,0.961012665083231
"STRAP",5.05513696809061,-0.64887406532619,0.469535783321443,-1.38194806098936,0.166987649413175,0.961012665083231
"SLC38A2",3.76678315305833,-0.831567844944488,0.54123604982946,-1.53642360889765,0.12443452012972,0.961012665083231
"CD63",8.95199219433841,0.644844255303026,0.351301180602346,1.83558806775817,0.0664186032281465,0.961012665083231
"ATP2B1",1.99496364456611,-1.44270915979633,0.977875286328836,-1.47535087548084,0.140118235163029,0.961012665083231
"ARL6IP4",10.8784262708862,-0.393964937962495,0.281590839226543,-1.39906873051913,0.161792373538911,0.961012665083231
"UBC",27.8819705402436,-0.463832386010535,0.30322191489907,-1.52967962808666,0.126096048608396,0.961012665083231
"RAN",13.1177808346337,-0.438622212632583,0.289396712829747,-1.51564338220602,0.129609551155309,0.961012665083231
"OXA1L",5.48792044416104,-0.589732936568514,0.396491147175283,-1.48737983374898,0.136914520004666,0.961012665083231
"NFKBIA",8.50437333138425,-0.626141640659384,0.411841293009746,-1.52034691830809,0.128423807897742,0.961012665083231
"RPS29",42.4742516914819,0.497837766853272,0.347577804569441,1.43230597670057,0.152056273378231,0.961012665083231
"DHRS7",4.77361179274152,-0.674399361099184,0.414029085003809,-1.62886953000652,0.103340641644162,0.961012665083231
"ZFP36L1",9.43995798005832,0.779942791358479,0.510594836292022,1.52751797691979,0.126632260496103,0.961012665083231
"SLC25A29",3.79459641728121,-0.720463169947793,0.516333659707954,-1.39534418568663,0.162912073666454,0.961012665083231
"ATP5MPL",7.38875062945543,0.527856153582108,0.337992603365276,1.56173877276137,0.118349540796854,0.961012665083231
"HDC",3.76280164463685,3.17328332326376,1.82562504002696,1.73819007391403,0.0821773275394019,0.961012665083231
"RPL4",62.0715421255369,0.318086646826474,0.182099196362352,1.74677677431111,0.0806760668689431,0.961012665083231
"MORF4L1",12.6079663400948,-0.488090149822724,0.314824287085174,-1.55035735756522,0.121055767507776,0.961012665083231
"SEC11A",6.29845162687834,0.54489178402517,0.371184147849281,1.46798236719533,0.142109012620657,0.961012665083231
"LINC01578",5.65673471658745,-0.686199941330559,0.492126659611889,-1.39435636726473,0.163210017185835,0.961012665083231
"RPS15A",256.649567249424,0.213418079035398,0.137372410740261,1.55357307835939,0.120286285136117,0.961012665083231
"SPAG7",3.89025865522767,0.649264176494559,0.440952116280862,1.47241424300369,0.140909049291584,0.961012665083231
"TRAPPC1",8.73524999179484,-0.496531864391109,0.339310795271662,-1.46335416176067,0.143370494518427,0.961012665083231
"COPS3",2.45802961385549,-1.03261318633191,0.640363333823956,-1.61254264850803,0.10684390710299,0.961012665083231
"EIF1",55.6808968568973,-0.245727156397194,0.174024961813622,-1.41202246985903,0.157943345151713,0.961012665083231
"STAT3",5.40583072496128,-0.797612740149928,0.468643456362683,-1.70196068956238,0.0887627376221784,0.961012665083231
"CALCOCO2",4.10651701250336,-0.752528311291425,0.54692786280259,-1.37591876821797,0.168846783901687,0.961012665083231
"FAM117A",12.4013960787961,0.638339705228354,0.46489855740648,1.37307310392496,0.169729621463931,0.961012665083231
"SRSF1",4.01531740401426,-0.698135598271074,0.485323488621639,-1.43849538429273,0.150293546167583,0.961012665083231
"DDX5",30.180731567403,-0.484205701218338,0.247357396450452,-1.95751454440671,0.0502870034865136,0.961012665083231
"ATP5PD",7.50604553420356,0.490134191009377,0.297604992812489,1.64692865659749,0.0995727108935262,0.961012665083231
"H3F3B",85.1653905167402,-0.426562007193964,0.25954080883448,-1.64352576810378,0.100274198398578,0.961012665083231
"UBALD2",4.44954765010529,0.674696473629004,0.457616772599265,1.47437007126449,0.140381978085597,0.961012665083231
"SYNGR2",8.08072910775268,0.516129896502003,0.353317894039461,1.46080882176989,0.144067914176787,0.961012665083231
"ACTG1",98.2844200122238,-0.289727338516679,0.164162697909716,-1.7648792460515,0.0775840624007873,0.961012665083231
"ANAPC11",5.78394458620111,-0.691025805535221,0.480245104065985,-1.43890234316741,0.1501781935612,0.961012665083231
"MAPRE2",4.65909854030418,-0.86305776477338,0.558453506622759,-1.54544246663023,0.122239275078221,0.961012665083231
"CNN2",6.91555556078462,-0.642314694524592,0.461484321319161,-1.39184510686847,0.163969307438396,0.961012665083231
"RPS15",222.409054590823,0.200204780003957,0.141425076436124,1.41562433656793,0.156885522047782,0.961012665083231
"GNA15",4.37538100625313,-0.873359907587171,0.514098692525207,-1.69881760114445,0.0893535561856994,0.961012665083231
"RPL36",143.968874124926,0.325795169378086,0.180524685770898,1.80471256873727,0.0711196719905317,0.961012665083231
"NDUFA11",13.0914491094226,0.400526959939092,0.226240441664845,1.77035969781405,0.0766672390438143,0.961012665083231
"ALKBH7",7.42500665255982,0.550509628756877,0.336489372543272,1.6360386796052,0.101831492437511,0.961012665083231
"HCST",10.0855088883637,-0.874314266002398,0.554863865101239,-1.57572752704463,0.115088610726225,0.961012665083231
"SPINT2",9.66669132938182,-0.422033546716508,0.300893911809756,-1.40259915588901,0.160736403678101,0.961012665083231
"EIF3K",22.0766947571547,-0.369922718660678,0.218465849596918,-1.69327480401722,0.0904031717405368,0.961012665083231
"ETHE1",3.09603550142596,-0.876196133772432,0.571587766653679,-1.53291617646413,0.125296509596114,0.961012665083231
"RPL18",166.225755226814,0.280354036817417,0.17735182770094,1.58077895475746,0.113928588106138,0.961012665083231
"CD37",28.92507597965,-0.284963819511971,0.188043082260772,-1.51541772282159,0.129666652001509,0.961012665083231
"RPL13A",38.1490584912907,0.41689993866756,0.293813067929162,1.41892919061066,0.155919660998223,0.961012665083231
"MYADM",10.7108824161634,-1.23304859837642,0.625730707216489,-1.97057389729447,0.0487726347519277,0.961012665083231
"DTD1",3.04806505955235,-0.881425993842807,0.61560886189476,-1.43179549288796,0.152202357543995,0.961012665083231
"XRN2",5.19571890852569,-0.617760189572602,0.442168924970196,-1.39711353441276,0.162379432447197,0.961012665083231
"HM13",4.20595051037582,0.781312662487605,0.422643852291339,1.84863131984948,0.0645110670129891,0.961012665083231
"GNAS",35.7065489567777,0.430514114212172,0.285058451271865,1.51026609557204,0.130975539301335,0.961012665083231
"PSMA7",9.16747838382898,-0.464619653885406,0.338335116449776,-1.37325282329769,0.169673763227983,0.961012665083231
"NRIP1",5.98639993737958,-0.894599469732709,0.46295143031668,-1.93238299128002,0.0533122518030767,0.961012665083231
"ATP5PF",10.5610648838255,0.406200464678279,0.29535655252873,1.37528848166917,0.169042026045425,0.961012665083231
"HMGN1",18.8513192736243,-0.479524772957926,0.251056013441777,-1.91003101811435,0.0561292196903403,0.961012665083231
"PTTG1IP",4.40467675093147,-0.825917953998066,0.517758718266905,-1.5951792309025,0.110672161769164,0.961012665083231
"PRMT2",4.76100052909093,0.609029993077791,0.391533604731221,1.55549864869422,0.119827356155676,0.961012665083231
"XBP1",9.0477456095295,-0.840944211158782,0.476961964587669,-1.76312635722593,0.0778791807439019,0.961012665083231
"SF3A1",5.61012001912671,-0.645600634169324,0.425209291661427,-1.51831262117241,0.128935607449901,0.961012665083231
"MYH9",5.35811571618673,-0.696669457371766,0.472639868407469,-1.47399638485672,0.140482564532204,0.961012665083231
"LGALS1",8.93490572975696,-1.28996190947772,0.824454165002232,-1.56462537789984,0.117670774795128,0.961012665083231
"SLC25A6",26.5643319744277,0.325768962451584,0.192428130535624,1.69293835337279,0.0904672019617114,0.961012665083231
"CD99",17.5871704737723,-0.673669468309719,0.42583608465791,-1.58199244399615,0.113651295432625,0.961012665083231
"AP1S2",4.3477586724308,-0.732650793687984,0.474108424492221,-1.54532329703415,0.122268083050905,0.961012665083231
"GATA1",3.32790716336237,1.15791067433169,0.653641657383669,1.77147625346656,0.0764815381213884,0.961012665083231
"AL034397.3",4.34131818364379,0.767843586808432,0.556646905467705,1.37940870463167,0.167768776935934,0.961012665083231
"OGT",4.15835508639444,-0.880041990519754,0.493127936502921,-1.78461191381832,0.0743242876066856,0.961012665083231
"COX7B",7.42590567662021,0.594976657574586,0.339104847571574,1.75455072917825,0.0793361854888555,0.961012665083231
"RPL36A",69.9516411644535,0.38433308484271,0.220606798207985,1.74216337830335,0.0814798601006427,0.961012665083231
"TSC22D3",16.9734359910074,-0.980173562182188,0.635538772659961,-1.54227185554676,0.123007545189752,0.961012665083231
"SEPTIN6",15.8663799936431,-0.503475855752717,0.308017025694963,-1.6345715131063,0.102138903459602,0.961012665083231
"RPL39",231.00536256803,0.310662647470239,0.183704600972438,1.69109889368993,0.0908179164804753,0.961012665083231
"FHL1",6.40814649935226,-1.08357658787092,0.687482529620701,-1.57615145285038,0.114990903602178,0.961012665083231
"IDS",4.68519730483609,-1.08326935582917,0.568067787864733,-1.9069367758045,0.0565287751799026,0.961012665083231
"BCAP31",8.39902447976344,-0.669259681921316,0.348511645879977,-1.92033663676135,0.0548153915066911,0.961012665083231
"RPL10",360.874623593982,0.267464395464089,0.168858726041804,1.58395365009371,0.11320426710127,0.961012665083231
"MPP1",8.00000625254394,0.7784796993014,0.401846861788635,1.93725464430992,0.0527142235366053,0.961012665083231
"MT-ND3",78.282748880327,-0.467964328332738,0.26237003009191,-1.78360435514989,0.0744879774349075,0.961012665083231
"MT-ND4",55.7671754774102,0.421107894409387,0.212748432954808,1.97937013476775,0.0477743484454412,0.961012665083231
"SH3BGRL3",32.3206017606056,0.398389479155497,0.307036052443525,1.29753322446971,0.194447781068124,0.962561166383843
"HMGN2",19.3732976863542,-0.329221279534151,0.261451139775532,-1.25920766616968,0.207955333286468,0.962561166383843
"AKR1A1",6.52792316012939,-0.528200809577706,0.429693138120819,-1.22925120910167,0.218977634344916,0.962561166383843
"TMEM59",8.75955155376935,-0.406698132128281,0.311397788988164,-1.30604052600945,0.191538776332935,0.962561166383843
"CD53",9.71338411657086,-0.672866954967323,0.530283362337494,-1.26888188986605,0.204483192393543,0.962561166383843
"SF3B4",4.7471224387143,-0.587913048013103,0.453599877899172,-1.29610495209125,0.194939329118421,0.962561166383843
"RCSD1",6.63802823557114,-0.66649475949457,0.488647797337664,-1.36395735973002,0.172580986242734,0.962561166383843
"HIST3H2A",4.86691247815453,-0.572164221318108,0.47165425187292,-1.21310095063506,0.225091226600529,0.962561166383843
"RPS7",175.170485868259,0.196824809140468,0.149363864009726,1.31775386533688,0.18758605633371,0.962561166383843
"ID2",5.98972275972196,-2.22807032761847,1.7709389463462,-1.25812938510129,0.208344967699022,0.962561166383843
"EIF2AK2",6.4940413074333,-0.578683757096145,0.434365109056042,-1.33225193513755,0.182777415632501,0.962561166383843
"VAMP8",16.9547444307431,-0.279304647324014,0.228940096271564,-1.21999008418652,0.222468633867611,0.962561166383843
"CYTOR",4.57556741940209,0.698600487139233,0.547749393487585,1.27540166259457,0.202167110518847,0.962561166383843
"ATP5MC3",13.8937750383298,0.333478505693383,0.265975556081052,1.25379380950241,0.209916959869726,0.962561166383843
"EEF1B2",71.885170702161,0.244616965436349,0.196202118374571,1.24676006285187,0.212485488237393,0.962561166383843
"RPSA",88.3896627620982,0.291824227302106,0.229265667367196,1.27286492850548,0.203065976302414,0.962561166383843
"NDUFAF3",4.07340984308316,0.551951831893905,0.426600271333769,1.29383844545673,0.195721229966308,0.962561166383843
"RPN1",5.92454398960851,-0.522535829070105,0.390342591450756,-1.33865952759097,0.180681537565821,0.962561166383843
"SEC62",4.43128385860887,0.550625809992876,0.410758259796457,1.34051062117589,0.180079393610333,0.962561166383843
"OCIAD2",5.10153803155224,-0.632029486742177,0.50431228597034,-1.25325022674413,0.210114656145759,0.962561166383843
"CCT5",4.61593341765493,0.562989179586454,0.452644316287279,1.24377830302666,0.213581167885535,0.962561166383843
"RPL37",182.749172435867,0.285879440334529,0.229048892662145,1.24811535655932,0.211988815298811,0.962561166383843
"RPS23",310.100217179848,0.166554346702613,0.13526972949234,1.23127581704851,0.218219723368362,0.962561166383843
"MAT2B",3.81515823944934,0.547259570079916,0.449877055064215,1.21646472946214,0.223807939041978,0.962561166383843
"SQSTM1",6.47014450950176,-0.468134207751169,0.36731471690119,-1.27447713421485,0.202494371245546,0.962561166383843
"RNF130",17.3554355679941,0.420694627235728,0.31642493045798,1.32952427808654,0.183675061476027,0.962561166383843
"TMEM14C",5.75117602432106,0.637101537481855,0.496299404276492,1.28370401413362,0.199245539367459,0.962561166383843
"HIST1H1D",8.62447479211806,-0.731848423823244,0.539109855196064,-1.35751260484208,0.174618391120846,0.962561166383843
"RPL10A",95.0441278867815,0.28012576585112,0.216935538229527,1.29128573463484,0.196604615384052,0.962561166383843
"SRSF3",12.1840564564997,-0.357854337921838,0.288627472644019,-1.23984849620743,0.21503143681192,0.962561166383843
"TENT5A",2.50283220496817,0.705878124351255,0.572942156435002,1.2320233664484,0.217940355708711,0.962561166383843
"RWDD1",6.80399484798912,-0.461363185057023,0.376367998322119,-1.2258300044473,0.220262653533619,0.962561166383843
"DNAJB6",7.47763292570375,-0.448145070041054,0.347821638032774,-1.28843355627814,0.197595084055724,0.962561166383843
"BAALC",3.70227245121426,-0.892504868780544,0.654441640365777,-1.363765405089,0.172641411598416,0.962561166383843
"TUBB4B",3.60658382817458,-0.712187202273055,0.561447075400874,-1.26848501573288,0.204624798454706,0.962561166383843
"RPS24",237.36652303454,0.213266856570241,0.158566078610254,1.34497149982777,0.178634438451525,0.962561166383843
"IRF7",5.40908006013975,0.605157855379914,0.44780891987869,1.35137517033794,0.176575283426267,0.962561166383843
"EIF3F",24.5706494005987,-0.271623145450241,0.204627812919164,-1.32740091180832,0.184376098241871,0.962561166383843
"EIF3M",10.5983480575557,-0.394655152896977,0.308568695030121,-1.27898636269131,0.200901858245475,0.962561166383843
"CD44",7.0059753172516,-0.59263468940258,0.470174190946592,-1.26045772144456,0.207504290355037,0.962561166383843
"PRG2",5.04249338455234,3.06845819927391,2.475112795743,1.23972459136061,0.215077278193785,0.962561166383843
"NEAT1",9.5173261070532,-0.514904861119109,0.399412303587535,-1.28915623403239,0.197343776895413,0.962561166383843
"CCDC85B",5.77597175217794,0.515862396729214,0.391670460606583,1.31708272288468,0.187810897582699,0.962561166383843
"APLP2",3.84386431994835,-0.7490447450456,0.575557992658013,-1.30142358302836,0.193113505700678,0.962561166383843
"FKBP4",2.59133624535594,0.71406937373596,0.560325189116599,1.27438385352933,0.202527411781749,0.962561166383843
"C12orf57",15.7741288471237,0.319094159684257,0.243981863319858,1.30786016362998,0.190920743370205,0.962561166383843
"SARNP",4.27520486093308,0.630111385412737,0.499844344420749,1.2606152144083,0.207447514375712,0.962561166383843
"MYL6",28.4072049651082,0.26775816727216,0.203873654577838,1.31335344837276,0.189063876033631,0.962561166383843
"IRAK3",2.27235274111077,-0.952346306849704,0.743958404241335,-1.28010692724263,0.20050753272064,0.962561166383843
"RPL21",72.4613774078967,0.419677505097956,0.323416498734817,1.29763789645768,0.194411793410325,0.962561166383843
"HMGB1",47.1052437844697,0.218643921012013,0.177508012473456,1.23174113644423,0.218045798027752,0.962561166383843
"EPSTI1",10.4447709567465,0.469706826421468,0.385749205708954,1.21764820113683,0.223357689056984,0.962561166383843
"TSC22D1",10.5755986534863,0.689004707237651,0.54897479112501,1.25507531197503,0.209451421682459,0.962561166383843
"IRF9",6.72494977332045,-0.468790248495224,0.379594699594909,-1.23497574912268,0.216839529729976,0.962561166383843
"TMX1",3.88000674060451,-0.675007553377577,0.499068565220954,-1.35253470247866,0.176204325186696,0.962561166383843
"PSMA3",3.40781225224368,0.616348626152486,0.467963298201584,1.3170875334052,0.187809285289802,0.962561166383843
"MAX",5.00320831080784,-0.547176757269891,0.440456232338325,-1.24229541347389,0.214127586975654,0.962561166383843
"SRSF5",23.7553934212382,-0.285360328333447,0.217647254007229,-1.31111384627884,0.18981930346104,0.962561166383843
"DDX24",4.34863309244921,-0.669175358685325,0.536764006718704,-1.24668448388718,0.212513210295935,0.962561166383843
"COX5A",12.8721107445575,0.304201351844039,0.249285131526367,1.22029480852477,0.222353137115022,0.962561166383843
"TPSB2",5.27092525144668,2.35495348972737,1.76028285145738,1.33782675197776,0.180952919058656,0.962561166383843
"TPSD1",3.02745116937833,1.93149539886901,1.56168790673147,1.2367998692591,0.216161390639732,0.962561166383843
"NUDT21",3.76263531825135,-0.709174683384631,0.579991912390681,-1.22273202131642,0.221430928349632,0.962561166383843
"MT2A",5.75782276204851,0.812061853932794,0.669013823581103,1.21381924455011,0.224816755824973,0.962561166383843
"ZNRF1",7.31017205637492,-0.442027434998664,0.348404670183644,-1.26871845536879,0.204541497751406,0.962561166383843
"HSBP1",6.79925272514147,-0.502029965359431,0.374045381527491,-1.34216325117901,0.179543069002532,0.962561166383843
"TCF25",6.97816046542725,0.447537949084921,0.353545883470473,1.26585535289452,0.205564873401282,0.962561166383843
"SNHG29",89.4361834407825,0.352112511765282,0.271004058402006,1.29928870379853,0.193844869555953,0.962561166383843
"RPL27",46.7460148382424,0.221541527409834,0.161683905302741,1.37021385644424,0.170620154125454,0.962561166383843
"CDK5RAP3",4.35397210122873,-0.583275314941989,0.454984482362388,-1.28196749021744,0.19985405073267,0.962561166383843
"MSI2",3.44024552646409,-0.739760901596366,0.562339545169935,-1.31550574372787,0.188339988264763,0.962561166383843
"DCAF7",4.51951554095794,0.501206068422282,0.393072345461108,1.27509878069474,0.202274280913994,0.962561166383843
"MYL12B",19.1432045848012,0.268559209208043,0.202249961250923,1.32785790191007,0.184225054350717,0.962561166383843
"TXNL4A",4.80803033169572,0.504338989739422,0.376154721194791,1.34077538130447,0.179993391566438,0.962561166383843
"GTF2F1",3.31461401786156,-0.637904885090697,0.489687764770496,-1.30267678913658,0.192685129500246,0.962561166383843
"TPM4",4.23537541776898,-0.59486575311605,0.457144864216317,-1.30126312178051,0.193168405728466,0.962561166383843
"PSMD8",6.30167138587662,-0.470764922019303,0.372961140514285,-1.26223584947792,0.206863932421057,0.962561166383843
"APOC1",1.49754961654331,2.61965930644987,1.98325587763034,1.32088821013853,0.186538641455393,0.962561166383843
"RPS11",40.5138972933219,0.248420470632297,0.204618647944548,1.21406564420081,0.224722657962252,0.962561166383843
"C19orf48",3.62472606810113,-0.66310402422038,0.509535143145483,-1.30139016541014,0.193124938221222,0.962561166383843
"RPL28",303.219564106948,0.15427225545069,0.116286073858951,1.32666148517332,0.184620686894862,0.962561166383843
"AHCY",3.44004043769809,0.5988972910188,0.447051664926689,1.33966012880639,0.180355865653243,0.962561166383843
"SERINC3",5.08015392863794,0.554146348115412,0.427102499687653,1.29745517415765,0.194474619011774,0.962561166383843
"RPS21",126.166220959044,0.354312906952266,0.262634791847863,1.34907071701875,0.177314252880557,0.962561166383843
"IGLL1",3.17068247777825,-1.71166966624765,1.40406885358538,-1.21907815409251,0.222814530598957,0.962561166383843
"EWSR1",8.96364275305157,0.445789850960835,0.344851555601424,1.29270071055174,0.196114591932805,0.962561166383843
"NCF4",4.61727457328586,-0.624652887347576,0.477759540972284,-1.30746292596554,0.191055538227444,0.962561166383843
"XIST",4.58355859820039,-0.860788634627489,0.704837614384698,-1.22125808421693,0.221988318328202,0.962561166383843
"PGK1",8.22168349714769,-0.3906094047468,0.32005159383227,-1.22045761456669,0.222291447897168,0.962561166383843
"SH3BGRL",14.0298024277389,0.31047460716533,0.241989107777162,1.28301066943572,0.199488338115308,0.962561166383843
"TCEAL4",3.47538881235854,-0.657445429171426,0.539466362625553,-1.21869587191994,0.222959645359682,0.962561166383843
"NDUFA1",8.17497912521168,0.443294325431459,0.337880220560645,1.31198661080516,0.18952465220934,0.962561166383843
"MT-ND2",36.5723382902679,0.358206011573979,0.285682882745178,1.25385885262678,0.20989331327981,0.962561166383843
"CCND3",5.1570456269846,-0.604734369841749,0.499992500168655,-1.20948688157875,0.226475847974437,0.963024071549365
"SOCS2",2.24622566983816,-0.855619158251272,0.708777103995213,-1.20717663342727,0.227364127215486,0.963024071549365
"PECAM1",4.85315317254035,-0.944565424929103,0.781482936565037,-1.20868336432384,0.226784515244908,0.963024071549365
"HEXD",2.49922658961873,-0.91078171908946,0.754806830767271,-1.20664212612337,0.227569995984588,0.963024071549365
"UBE2D2",10.7357290875646,-0.430763145526153,0.361563741247654,-1.19138922514661,0.233500820871454,0.975421166879467
"EIF3H",17.9515862943203,-0.292908216502169,0.245727391688525,-1.19200474350637,0.233259385318272,0.975421166879467
"CCND2",2.37114836554057,-0.794961665124234,0.6645649528879,-1.19621364573875,0.231613197109782,0.975421166879467
"SSBP4",4.44967441882057,0.479303081507741,0.401416587719892,1.19402908641682,0.232466590475306,0.975421166879467
"NDUFB11",12.5795882733079,0.31678765444084,0.264982205292708,1.19550538909172,0.231889631964794,0.975421166879467
"SUMO1",5.84108088973772,-0.576487881277463,0.495616310083903,-1.16317374861991,0.24475901511544,0.983138713086857
"CNBP",16.6449631670085,-0.324645005758918,0.276740942279273,-1.17310074571945,0.240755407512076,0.983138713086857
"CDV3",3.06724582135968,0.588190586228908,0.504954335861236,1.16483916357646,0.244084102807706,0.983138713086857
"PAIP2",9.27915014902657,-0.348418392461109,0.29751136783103,-1.17110951087755,0.241554761384659,0.983138713086857
"FAM49B",3.62148144328535,-0.593536027271174,0.511048714412227,-1.16140792557089,0.245476047406085,0.983138713086857
"IFITM2",13.3192273763487,0.35683835726705,0.302274530520032,1.18051083117439,0.23779710517907,0.983138713086857
"GSTP1",31.0213495487398,-0.355904840621369,0.303718578434514,-1.17182439894143,0.24126756472153,0.983138713086857
"RPS25",135.262620571758,0.16592040965296,0.141650776422003,1.17133427605545,0.241464439075158,0.983138713086857
"C12orf10",2.86435374018994,-0.651818354376348,0.552155247284054,-1.18049834278044,0.237802069183881,0.983138713086857
"MLEC",5.51510324790941,0.460672274587794,0.389685761248936,1.18216347733966,0.237140841291845,0.983138713086857
"SERF2",40.5725484694161,0.212849678278901,0.182774796816007,1.16454610803463,0.244202769224236,0.983138713086857
"PSMA4",7.31947160584622,-0.410978644442412,0.353980421109404,-1.16102083599531,0.245633426162008,0.983138713086857
"PSMB6",5.84116059967543,0.414413813472503,0.356463613636412,1.16256974798892,0.245004110765763,0.983138713086857
"ATP5F1D",14.6699607469895,-0.290515200356749,0.249070549253913,-1.16639723655399,0.243453875313998,0.983138713086857
"PLD3",4.30063724485716,-0.853805750226069,0.728758682282896,-1.17158912954759,0.241362054483703,0.983138713086857
"TMEM160",4.01718127047281,-0.516985822377792,0.443830000077117,-1.16482847551532,0.244088429992082,0.983138713086857
"CST3",3.92996970568774,0.76811350779329,0.65003105910162,1.18165662553858,0.237341975346041,0.983138713086857
"RIPOR2",2.77374205500481,-0.647096017729288,0.564288791861319,-1.14674618220721,0.251486537586486,0.983652162159536
"ATP5MF",9.32180755071487,0.383975481699039,0.335470336306491,1.14458847815454,0.252379667356108,0.983652162159536
"RPL41",394.048176721315,0.500259920411588,0.436363645319064,1.14642896074856,0.251617705365144,0.983652162159536
"SNRPF",6.81423622316515,0.388261017346915,0.338184301813078,1.14807522189932,0.250937512060709,0.983652162159536
"ERP29",14.3523800402232,-0.37648317932035,0.327386952979758,-1.14996390630028,0.250158737586517,0.983652162159536
"COMMD6",22.573006485003,0.268633141686314,0.233419279829336,1.15086098236069,0.249789431827984,0.983652162159536
"FOXN3",3.78462896900224,-0.614793604926839,0.532981574707184,-1.15349879639761,0.248705711303095,0.983652162159536
"B2M",262.289764267222,-0.272136164898034,0.235237316692825,-1.15685797102248,0.247330392512514,0.983652162159536
"AC004687.1",4.64196012559596,-0.632452743253636,0.55331184014766,-1.1430312842842,0.253025602327807,0.983652162159536
"P4HB",5.94247731026585,0.488609672348548,0.422380037643201,1.15680105308692,0.247353651506396,0.983652162159536
"CIRBP",18.0258286099948,-0.274375732977325,0.2398289184382,-1.14404774355027,0.252603837486685,0.983652162159536
"PKN1",3.10348992963633,0.520884819382519,0.453419387059828,1.14879256213583,0.250641527081242,0.983652162159536
"RPL11",244.920507554133,0.168369027496823,0.154245563605107,1.09156479811551,0.275024435883572,0.989261748190114
"RPL5",150.404650942114,0.178887530374987,0.165251493793567,1.08251687333281,0.279022921939111,0.989261748190114
"SDHC",4.74773047904499,0.444583447151111,0.403695435568412,1.10128430489963,0.270772939890932,0.989261748190114
"RPS27A",189.440661232334,0.16481152510869,0.145361918294648,1.13380125305321,0.25687792527708,0.989261748190114
"MZT2A",5.88502701470719,-0.426944058784273,0.393841619978322,-1.0840501285968,0.278342573232653,0.989261748190114
"ATIC",3.23848976821853,-0.665496907518328,0.599223198678975,-1.11059937096137,0.26674083366744,0.989261748190114
"MRPL3",2.64119064174701,0.649724768103086,0.585097341977426,1.11045585322135,0.266802641587361,0.989261748190114
"MRFAP1",4.65461742148478,-0.65472347587147,0.586929794271717,-1.11550560605613,0.264633817452807,0.989261748190114
"HNRNPDL",17.1969576449574,-0.26510342250564,0.242737104265678,-1.09214214822091,0.274770625999836,0.989261748190114
"THOC3",2.90646869130592,-0.586043302304909,0.537476644523657,-1.09036049896511,0.275554374916326,0.989261748190114
"BRD2",4.92934291424326,-0.519386599353729,0.460086878710974,-1.1288880935029,0.258945044114662,0.989261748190114
"SNHG5",4.7046585303185,0.541306549003562,0.495981487600747,1.09138458296512,0.275103693345459,0.989261748190114
"ZNF292",4.6930900064818,-0.494840921469844,0.456440981918284,-1.08412903545641,0.278307590600958,0.989261748190114
"GTF2I",7.97406134647558,-0.428104893539219,0.383291105200499,-1.11691841456972,0.264029210309201,0.989261748190114
"PMPCB",3.9978962800645,-0.5778996439714,0.51546705823638,-1.12111847835364,0.2622374341371,0.989261748190114
"GIMAP7",2.36721300973024,-1.02306161358791,0.907569868794394,-1.12725383330204,0.259635175596509,0.989261748190114
"LAPTM4B",9.35104505154677,-0.440073634357461,0.393165975649815,-1.11930752306356,0.263008967463929,0.989261748190114
"CLTA",10.5190732421398,-0.357009080806313,0.32246320564069,-1.10713121547305,0.268237201214975,0.989261748190114
"HHEX",3.44169203695598,-0.641650810897581,0.589402660643952,-1.08864593552487,0.276310051748011,0.989261748190114
"EEF1G",62.0447035486074,0.258629923429308,0.23067325087096,1.12119598806013,0.262204447087433,0.989261748190114
"LAMTOR1",10.7530521942067,-0.372994348501035,0.330342909743305,-1.129112620552,0.258850328020871,0.989261748190114
"PPP1R12A",4.13542157232244,0.471175188820459,0.434211724986265,1.08512774231365,0.277865081698369,0.989261748190114
"COX6A1",14.0103477790172,0.257244852924967,0.235147796744957,1.0939709258853,0.273967729785971,0.989261748190114
"CALM1",9.21172556628123,-0.564547974165143,0.513395469207286,-1.09963567663898,0.271490890975618,0.989261748190114
"EID1",12.872248193256,-0.294892549160215,0.272643655893894,-1.08160429478315,0.279428395334931,0.989261748190114
"ATP8B4",3.18193273325287,-0.715732326137077,0.647701118777792,-1.10503487702424,0.269144476886568,0.989261748190114
"NSMCE1",3.11935696613791,-0.571040960397212,0.502264830565055,-1.13693200408793,0.255566711838145,0.989261748190114
"GSE1",3.15342223225502,0.565478283431293,0.512920386481301,1.10246794304774,0.270258287700485,0.989261748190114
"GABARAP",22.4570840978787,-0.296426061507284,0.267344737355072,-1.10877836773569,0.2675258047166,0.989261748190114
"RAB5C",3.81932225011569,-0.573734667660803,0.522799420957482,-1.09742789425825,0.272454385197298,0.989261748190114
"MRPS23",2.54987325168024,0.604465007065305,0.557231352787497,1.08476488991785,0.278025799577169,0.989261748190114
"MRPL38",3.87742558208707,-0.521420517168229,0.477088915134579,-1.09292104810514,0.274428465978917,0.989261748190114
"RPS16",62.6119633106276,0.257368420688254,0.237785944088762,1.08235338162874,0.279095534505264,0.989261748190114
"SNRPD2",23.8579408478279,0.235026176496821,0.217212098664629,1.0820123646045,0.279247033829318,0.989261748190114
"MBOAT7",7.97286783443977,-0.445211051151338,0.409606667511796,-1.08692334979756,0.277070686075335,0.989261748190114
"SMIM26",10.2943397023468,-0.347145292558755,0.308807415494504,-1.12414817501341,0.260950170883378,0.989261748190114
"ERG",2.32716583131315,-0.740542668396709,0.681158133178834,-1.08718171644041,0.276956509436189,0.989261748190114
"H1F0",10.3292716691123,-0.620782171771086,0.565902738261844,-1.09697679441842,0.272651536377421,0.989261748190114
"DDX3X",4.68636667134061,-0.543771721576318,0.487698735755122,-1.11497463846072,0.264861289958923,0.989261748190114
"WAS",5.45406195378736,-0.605111223513533,0.534879591717657,-1.13130362960819,0.257927317186373,0.989261748190114
"SSR4",13.1776675055736,0.263453505297351,0.23769275257774,1.10837836846197,0.267698442969437,0.989261748190114
"RPL22",78.5974697978087,0.199400925316884,0.195762353235729,1.01858667931302,0.308399230879531,0.98948691019253
"PNRC2",6.1358168124179,-0.379369735341076,0.368133962278586,-1.03052088156427,0.302765555023457,0.98948691019253
"PPCS",2.94775706548827,0.567967818043371,0.534861143268372,1.06189770035022,0.288282129190449,0.98948691019253
"PRPF38B",4.29028763862623,-0.436076035158651,0.438010112424673,-0.995584400425562,0.31945211733294,0.98948691019253
"RAP1A",3.29043826483571,-0.524201442528084,0.538154800028656,-0.974071851631112,0.330020864623338,0.98948691019253
"CSDE1",9.83627901126636,-0.312422751275158,0.311856183923391,-1.00181675843217,0.316432101805543,0.98948691019253
"TXNIP",12.2106818631457,-0.354363344594085,0.359938290606709,-0.984511383872977,0.324864136973399,0.98948691019253
"PBXIP1",4.82176109507842,-0.589663791172885,0.559868290765862,-1.0532187675181,0.292240738920929,0.98948691019253
"MPC2",5.15449897979716,0.370225875443178,0.373938702201657,0.990071028388827,0.32213940293655,0.98948691019253
"KDM5B",5.72434215950492,-0.413405240400734,0.424727627708907,-0.973342004217507,0.330383352686772,0.98948691019253
"SNRPE",6.52199027190127,-0.406908049993596,0.387152338435261,-1.05102826354654,0.293245609106039,0.98948691019253
"HNRNPU",16.6589309822734,-0.304441231989091,0.288317611821361,-1.05592311918052,0.291003340724406,0.98948691019253
"MYCN",4.22176995163498,-0.877040488833326,0.837750972934531,-1.0468988006796,0.295146255080354,0.98948691019253
"CCT4",10.5062184473976,-0.335835599575476,0.334672560889136,-1.00347515399306,0.315631659004711,0.98948691019253
"SP110",7.54252985013311,-0.501543814044737,0.46604361282188,-1.07617356025524,0.281849642069058,0.98948691019253
"IP6K2",4.8909085740543,-0.412484679190526,0.411682166626063,-1.00194934983713,0.3163680561577,0.98948691019253
"PSMD6",3.92092278891414,0.443130377564901,0.420272587838393,1.05438801003909,0.29170530940264,0.98948691019253
"SLC25A36",3.89311203980723,-0.444879766446121,0.452767298561748,-0.982579280480984,0.325814546013943,0.98948691019253
"ACAP2",4.61069623765887,0.420318830843448,0.430784318995538,0.975705967718387,0.329210194055687,0.98948691019253
"FYB1",4.13950250066319,0.655757133254383,0.660799196575708,0.992369749619169,0.321017189861843,0.98948691019253
"MZB1",3.54236376233213,-0.867236959798069,0.834698939402088,-1.03898174402772,0.298813226783719,0.98948691019253
"CCNG1",6.13944304122985,0.379950251276905,0.388902959160176,0.97697958405201,0.328579259793997,0.98948691019253
"TUBB",16.8219693703473,-0.249590950142131,0.249057168537838,-1.00214320915727,0.316274431572041,0.98948691019253
"HLA-C",76.3507206550434,-0.334367262370024,0.326250197262498,-1.02487987800662,0.305419870167631,0.98948691019253
"PRRC2A",4.02026585854793,-0.484603863974365,0.475499841522486,-1.01914621553338,0.30813355621576,0.98948691019253
"HLA-DRA",48.4309430408755,-0.358953798404363,0.36660593951579,-0.979127067276831,0.327517199124849,0.98948691019253
"PIM1",3.40349213082509,-0.605646474341244,0.611086216171252,-0.991098241645686,0.321637611521419,0.98948691019253
"ELOVL5",5.04718404376359,-0.603708930795768,0.596911906535845,-1.01138698053347,0.311831250055757,0.98948691019253
"PHF3",3.42376681314148,-0.540185163164422,0.518599840966241,-1.04162230778545,0.297586821989625,0.98948691019253
"EEF1A1",510.341176612987,0.137300437903592,0.136168845998628,1.00831021146332,0.313305562298499,0.98948691019253
"CD164",8.68216063324153,-0.401333440087337,0.37709918961066,-1.06426492324658,0.28720870337097,0.98948691019253
"RNASET2",8.81483715849945,-0.469349246854324,0.460038844009177,-1.02023829719249,0.307615458723577,0.98948691019253
"EIF3B",2.98791829196057,0.524975852865756,0.505270956638664,1.03899867183774,0.298805353965034,0.98948691019253
"GGCT",2.87367753411504,0.519258223235804,0.511483815168964,1.01519971470509,0.310010636575215,0.98948691019253
"PPIA",58.1851179208592,0.192689413158356,0.178473134549422,1.07965500603116,0.280295837026902,0.98948691019253
"CHCHD2",20.5128718151734,0.209079288009095,0.21479651046924,0.973383075694966,0.330362947171276,0.98948691019253
"LAT2",4.74544668979272,0.41093585203039,0.420078802634146,0.97823515362731,0.327958033664013,0.98948691019253
"COPS6",3.4078078924472,0.467303786250934,0.448002031393897,1.04308407887568,0.296909353785649,0.98948691019253
"MTPN",5.40679670519467,-0.471763750855355,0.444216209997794,-1.06201381272804,0.288229414607717,0.98948691019253
"CNOT7",5.22482738453343,-0.44163672986006,0.412059540271591,-1.07177892197078,0.283819342594649,0.98948691019253
"LYN",3.58758329174681,0.46482516158588,0.463008643328955,1.00392329232531,0.315415588547726,0.98948691019253
"RPS20",7.47090954883952,0.468385124985211,0.481137901348972,0.973494550464626,0.33030756734559,0.98948691019253
"RPL30",249.858631288398,0.130595457612287,0.132581959937897,0.985016797711085,0.324615819995965,0.98948691019253
"EDF1",13.5184256631569,-0.311146444750569,0.314822506537925,-0.988323383141245,0.322994297100726,0.98948691019253
"AL157895.1",4.7804622550886,0.511358073457439,0.489695551029981,1.04423671479533,0.29637588431584,0.98948691019253
"DDX21",2.27101263335655,-0.772563475628634,0.789590578576547,-0.978435529235152,0.32785896310916,0.98948691019253
"CUEDC2",4.30515016222689,-0.469153961173091,0.468649493382978,-1.00107642875376,0.316789859743181,0.98948691019253
"MS4A2",2.23101215968255,2.79519821694303,2.71987713277292,1.02769282599664,0.304094343498034,0.98948691019253
"CTSC",5.07737815579399,-0.456408535086273,0.427680267033895,-1.06717230199003,0.285894037537472,0.98948691019253
"TPI1",15.8382961924981,0.22389107926099,0.219050470710234,1.02209814265663,0.306734452168602,0.98948691019253
"DAZAP2",9.04786216432452,-0.337832188024462,0.347723981860832,-0.971552741966676,0.33127310253774,0.98948691019253
"NACA",118.992108057618,0.133307880666824,0.135280304855899,0.985419723948905,0.324417945167976,0.98948691019253
"OS9",4.85661227396543,-0.441233720482791,0.431678621535967,-1.02213475134077,0.306717127470565,0.98948691019253
"CDK4",4.93094458447665,0.401713437018632,0.373306990074779,1.07609406654336,0.281885189026877,0.98948691019253
"CPSF6",3.14587391982289,0.539354273542688,0.519485211861474,1.03824759825216,0.299154797948041,0.98948691019253
"HSP90B1",11.035306434699,-0.423780078806557,0.404953948324207,-1.04648955902333,0.295335062985466,0.98948691019253
"MED13L",5.44222065381583,0.462580532671553,0.44451554077363,1.04063973076505,0.298042784450742,0.98948691019253
"MYCBP2",5.27932037369959,0.354227016563331,0.354863158180377,0.998207360774481,0.318178817873225,0.98948691019253
"DAD1",11.170458401908,0.285260249686068,0.294255606719743,0.969430125277978,0.332330627714824,0.98948691019253
"CHURC1",7.44376630715557,-0.389533787593978,0.364443583513137,-1.06884523480693,0.285139412609261,0.98948691019253
"TPM1",2.3594693558688,-0.630410103046269,0.608789328291439,-1.03551437870225,0.300428754961597,0.98948691019253
"PDCD7",3.50229201672591,-0.621340695354482,0.609764759237922,-1.01898426555681,0.308210436477262,0.98948691019253
"RPS2",182.837539946413,0.300847498059439,0.308372029126502,0.975599177758186,0.329263132170829,0.98948691019253
"RBBP6",4.34892255851897,0.428160688579077,0.407666341436919,1.05027235525484,0.293592911438274,0.98948691019253
"BRD7",3.93030252707309,0.452168805969239,0.46655959573561,0.969155516470128,0.33246760182469,0.98948691019253
"TERF2IP",5.23914101364708,-0.528516662991358,0.507482708765486,-1.04144762740201,0.297667847903414,0.98948691019253
"TAF15",5.10606637543501,-0.470163114409395,0.484899843455257,-0.969608715604335,0.332241566922426,0.98948691019253
"RPL19",270.700368414291,0.146840947629974,0.147727860058634,0.993996308967668,0.320224664415062,0.98948691019253
"IFI35",4.5778203654867,0.536576371558211,0.513272882036545,1.04540175477263,0.295837326036247,0.98948691019253
"FMNL1",4.95794123778617,-0.462986066952378,0.463314843866347,-0.999290381220629,0.317654043649748,0.98948691019253
"LUC7L3",9.77013350245252,-0.32970640305653,0.326407874681006,-1.01010554165934,0.312444727496861,0.98948691019253
"PSMC5",5.93647732560864,-0.403824007757591,0.402137112867051,-1.00419482518913,0.315284715921923,0.98948691019253
"ROCK1",4.11142691556437,-0.532423502302294,0.504439597134525,-1.05547523494732,0.291208029992352,0.98948691019253
"TCF4",4.07215422430385,-0.6453403077938,0.628164668097437,-1.02734257523331,0.304259181255108,0.98948691019253
"MRPL54",5.06746516046216,-0.503698699574831,0.515604237653076,-0.976909541836901,0.328613937480542,0.98948691019253
"HSH2D",6.75306844901829,0.365619497157145,0.366864092781098,0.996607474952051,0.318955076240974,0.98948691019253
"KLF2",3.97767514452611,-0.899573469138946,0.888856649742404,-1.01205685911181,0.311510867907731,0.98948691019253
"UBA52",46.3175028874994,0.173122762575104,0.164972960019808,1.04940083850297,0.293993672461327,0.98948691019253
"TYROBP",4.61590258035917,0.646360438447432,0.664530212868009,0.972657715076401,0.330723447632951,0.98948691019253
"PRMT1",7.23740483303859,0.399643896838308,0.373579781519362,1.06976853836399,0.284723507095149,0.98948691019253
"CLEC11A",4.30648468542711,0.50927512988376,0.47613825127841,1.06959507772454,0.284801611759196,0.98948691019253
"SNRPB2",4.53346160374337,0.448872542978976,0.418857003241599,1.0716605894257,0.2838725084232,0.98948691019253
"RTF2",4.34263957996204,-0.475550689924481,0.467058762351657,-1.0181817112906,0.308591609145667,0.98948691019253
"TMSB4X",97.4859177756753,-0.388602147596808,0.395998777389515,-0.981321584269866,0.32643418203428,0.98948691019253
"EIF2S3",8.50867676576794,-0.342062458909021,0.339623768071886,-1.00718056586846,0.313848010442437,0.98948691019253
"ITM2A",4.81074051405101,-0.495046938322301,0.476717096100157,-1.03845014657979,0.299060533607397,0.98948691019253
"MT-CYB",87.0722530902872,-0.185606678131972,0.173248730773172,-1.0713306660525,0.284020775857699,0.98948691019253
"PGAM1",4.28069168337481,-0.462698019476329,0.479023023206893,-0.965920210637739,0.334084108298301,0.990669116760473
"SAMHD1",5.01556484808355,-0.864177508267609,0.894591163496644,-0.966002732342941,0.334042813802511,0.990669116760473
"WBP1",4.75336570150913,0.369193562834059,0.38724869152605,0.953375881992422,0.340399656775625,0.991307244194247
"TMED9",5.35652516084017,-0.413420750163328,0.43286961963232,-0.955069913463755,0.339542342625894,0.991307244194247
"FKBP5",3.34845268556965,-0.649863008282401,0.67536032548285,-0.962246350224645,0.335925871389874,0.991307244194247
"BCLAF1",6.82618089448545,-0.347792138566585,0.362035314949094,-0.960658046896582,0.336724131989871,0.991307244194247
"SEC61G",9.27514516146783,0.352115468197549,0.36684257679885,0.959854418399813,0.337128489625382,0.991307244194247
"RPL7",51.4336302877171,0.167989589859577,0.174873828707679,0.960633109602638,0.336736674869139,0.991307244194247
"RPL35",98.7637615981212,0.160333694352199,0.168030787461546,0.954192364234991,0.339986279063572,0.991307244194247
"LDHA",11.1870979426291,-0.291966415549609,0.304462629702614,-0.958956492738662,0.337580663377265,0.991307244194247
"FTH1",110.540036311246,0.159070351849056,0.166204542452062,0.957075838615759,0.338528977766427,0.991307244194247
"NAPA",4.51768807592907,0.424449077643099,0.443932674638137,0.956111369790656,0.339015971128011,0.991307244194247
"H1FX",19.492808949588,-0.482361583039705,0.512432908765684,-0.941316560252907,0.346542658751968,0.993049788098513
"PSMD2",3.18594516852697,0.476568781931834,0.507516891923945,0.939020532154525,0.347720202724956,0.993049788098513
"OSTC",7.91545597557558,0.297101456869783,0.315199703978026,0.942581649412004,0.345894929711183,0.993049788098513
"SRI",7.75546274979518,0.363478431588713,0.383891954736792,0.946824821681728,0.343728051257354,0.993049788098513
"TBXAS1",3.78339844580806,-0.522043168222458,0.554976785495956,-0.940657666889495,0.346880319597782,0.993049788098513
"CHMP5",3.98617703441575,-0.460602551223448,0.486726105719769,-0.946328018593354,0.343981306775912,0.993049788098513
"C1QBP",9.44583910536465,0.27519571124056,0.289436203003343,0.950799203364969,0.341706317075923,0.993049788098513
"GRN",3.56949720328753,-0.496527012240318,0.528369464319587,-0.939734495973807,0.347353765994126,0.993049788098513
"SRSF2",8.21618630674083,-0.343516197645956,0.363297365421413,-0.945551028831405,0.34437763195252,0.993049788098513
"CCT8",8.10517955024039,0.285847300576858,0.3026282870473,0.944549180665919,0.344889082311789,0.993049788098513
"ITGB2",3.64804224223224,0.487336778754793,0.515607780982662,0.945169558585814,0.344572318040991,0.993049788098513
"APH1A",5.83096815492886,-0.367423776952626,0.391871938844281,-0.937611858701192,0.348443914869893,0.993370809936097
"RSRP1",8.82087752437688,0.309793317934999,0.333629850795256,0.928553956417752,0.353120292998415,0.994489560004203
"IFI16",6.23370748609593,-0.353458024011461,0.380516201266388,-0.928890866762374,0.352945646688414,0.994489560004203
"CEP170",2.501618472004,-0.554445057354948,0.59312598527761,-0.934784634491174,0.349899299787097,0.994489560004203
"ZEB2",6.17645105075101,0.459606017862249,0.493828842079709,0.930699016944143,0.352009278357886,0.994489560004203
"PEBP1",12.1383835401303,0.228629944948833,0.24549099091341,0.931317047921632,0.351689585969043,0.994489560004203
"LGALS9",10.2248657470843,0.321099923943684,0.343773793843741,0.934044216557231,0.350281085040824,0.994489560004203
"PPP1R15A",8.68202229074189,-0.405771450481918,0.436844975656383,-0.928868301328692,0.352957342365092,0.994489560004203
"GRK2",4.12671338840196,-0.45786980290727,0.494507741076824,-0.925910283851628,0.354492606466085,0.996627137556035
"PYCR2",5.00914632069029,-0.427982194295754,0.465506322748211,-0.919390722276498,0.357891240306294,0.999266779205718
"PHB",4.16791361313542,-0.400757899469003,0.435134332414476,-0.920998113950869,0.357051411714609,0.999266779205718
"VAPA",8.7262199811252,-0.307912090297437,0.333850267299895,-0.92230595706201,0.356369007632219,0.999266779205718
"PLP2",8.28398017338928,-0.48778161260178,0.53023454662392,-0.919935556269496,0.357606436755015,0.999266779205718
"RPS27",214.418663306346,0.14588719291108,0.162700739260702,0.896659680674953,0.369900541482089,0.999334915720916
"PTPRC",10.7819828759382,-0.459148945948932,0.509158332142873,-0.901780285155172,0.367173594548538,0.999334915720916
"ARPC4",3.34027790589866,-0.524438210540966,0.585324121718098,-0.895979152544724,0.370263897658012,0.999334915720916
"RPL29",221.235335650603,0.154418411051159,0.171931069100149,0.898141399686235,0.369110170089933,0.999334915720916
"GATA2",10.2243775069885,0.501925972199082,0.555299882023827,0.903882727959134,0.366057588641089,0.999334915720916
"CPA3",9.780799522028,0.576004707334686,0.638549529975275,0.902051728637227,0.367029389482895,0.999334915720916
"OCIAD1",6.31189939201893,-0.319484890310343,0.356031073656248,-0.89735114137484,0.369531575073555,0.999334915720916
"CANX",9.53851117842455,0.294195346773375,0.327278865097812,0.898913367612206,0.368698807139664,0.999334915720916
"HLA-DRB1",26.6702559278169,-0.347192651542341,0.385257981704849,-0.901195219904178,0.367484532053053,0.999334915720916
"TOMM6",7.88145283013805,0.295619963318208,0.330755241861743,0.893772572293133,0.371443586985445,0.999334915720916
"H2AFV",9.93701145571458,0.263136239374411,0.291127676465215,0.90385167967997,0.366074054088216,0.999334915720916
"CCT6A",7.30479916247669,0.356338911153841,0.391865874809835,0.909338970449431,0.363171225806401,0.999334915720916
"ARPC1B",11.1788354394993,0.243051175535071,0.26534497500676,0.915981829046808,0.359676425559572,0.999334915720916
"DEPTOR",2.83347966505729,0.543562060671035,0.609130344591414,0.892357547932766,0.372201317692972,0.999334915720916
"ANP32B",25.4089112034562,-0.252377874331674,0.275787607400932,-0.915116805682913,0.36013031329238,0.999334915720916
"PTEN",4.13254940242848,-0.499271940946751,0.557107115908781,-0.89618661598374,0.370153102673638,0.999334915720916
"LSP1",18.353717372633,-0.482581525111493,0.541330026418159,-0.891473780430417,0.372675051647308,0.999334915720916
"RPS13",183.672521197881,0.157827661529935,0.172648411444602,0.914156465207775,0.360634636040721,0.999334915720916
"GIHCG",19.064083263575,0.304395350385602,0.341275868065956,0.891933414778609,0.372428623053626,0.999334915720916
"RPL18A",251.484873807056,0.201612274539157,0.224782794706975,0.896920401768193,0.369761392706953,0.999334915720916
"CAPNS1",4.5953255151204,0.380509306275501,0.426267039817698,0.892654769738315,0.372042079093196,0.999334915720916
"FOSB",4.53243085385294,-0.66159839070741,0.732386331302745,-0.903346174594193,0.366342197306441,0.999334915720916
"SNU13",7.93691580653636,-0.290996014923421,0.318807416393529,-0.912764258169645,0.361366539985167,0.999334915720916
"RBM3",14.2049337904282,-0.272859688033786,0.299096396623347,-0.912280091349274,0.361621291801904,0.999334915720916
"ISG15",13.1958614162052,0.106744244002494,0.60273124096752,0.177100897957679,0.859429136607088,0.999507478168797
"AURKAIP1",4.66850155175213,0.0340238927631062,0.402122651937248,0.0846107340613472,0.932570865125677,0.999507478168797
"MRPL20",4.64272813395643,-0.264883799234075,0.423486383353729,-0.625483627445994,0.531653690774859,0.999507478168797
"SSU72",4.73843874304047,0.0680999161231212,0.41139896450208,0.165532541399425,0.868524838781495,0.999507478168797
"PARK7",10.3077336584379,0.0611464069562553,0.278133393707617,0.219845614872605,0.825991393042844,0.999507478168797
"ENO1",28.2723927799085,-0.227665571432726,0.361480799144262,-0.629813732767221,0.528816459690212,0.999507478168797
"PGD",6.76126418923622,-0.244554069833065,0.348182268532618,-0.702373704622338,0.482446139515296,0.999507478168797
"SRM",4.21126733547398,-0.14591817415316,0.506402272834896,-0.288146759958825,0.773234400482264,0.999507478168797
"AKR7A2",2.9945347402422,-0.00643808689388297,0.608782249169981,-0.0105753525216294,0.991562246775259,0.999507478168797
"CAPZB",9.55288680025913,0.1099932257413,0.287372159490846,0.382755330008939,0.701901185262527,0.999507478168797
"DDOST",8.45263274682248,-0.0307222498100247,0.334060736876429,-0.0919660601161548,0.926725005383447,0.999507478168797
"HP1BP3",7.20028124827244,0.0782911129744689,0.370198805224497,0.211483969882051,0.832509639524612,0.999507478168797
"CDC42",8.38931260394385,-0.0854632428476528,0.339913897450293,-0.251426150824417,0.801484651489111,0.999507478168797
"HNRNPR",6.21629703516541,0.047852710294903,0.385532189825667,0.12412117991118,0.901219328688413,0.999507478168797
"SRRM1",7.45861923292766,-0.189082287550964,0.386735432153413,-0.488918965862838,0.624899067826774,0.999507478168797
"SYF2",6.36704146096606,-0.0382017153425943,0.404243152802867,-0.094501824156373,0.924710533464779,0.999507478168797
"TMEM50A",5.4417445089268,0.0571608988919851,0.404819840763301,0.141200833398399,0.887711287715827,0.999507478168797
"STMN1",22.3121630293737,0.176754511971006,0.287124391187736,0.615602565981361,0.538156857326,0.999507478168797
"CD52",9.48261790463258,-0.1846858035503,0.446749997543322,-0.413398555267795,0.679314632951667,0.999507478168797
"ARID1A",2.98345531360252,0.449325508380811,0.532739262334403,0.84342480486968,0.398990904038806,0.999507478168797
"NUDC",5.04720661411227,0.309621537778556,0.369577642998125,0.837771287426404,0.402159167478018,0.999507478168797
"WASF2",7.07165714002525,-0.0730446361048476,0.345335262068289,-0.211518035162025,0.832483060536228,0.999507478168797
"IFI6",24.9123959689688,0.113893577222978,0.499750720227517,0.227900776553412,0.819723379005955,0.999507478168797
"ATP5IF1",8.524802622899,-0.228646263186238,0.306546240741719,-0.745878542281275,0.455740788488063,0.999507478168797
"SNHG12",2.93146377343985,-0.287284044619215,0.578316870540928,-0.496758886439719,0.619359091051102,0.999507478168797
"SRSF4",3.76003266622266,-0.407659377662518,0.488619105284237,-0.83430912392461,0.40410681173212,0.999507478168797
"LAPTM5",18.0012831944823,0.101866150164479,0.240471337719896,0.423610360928477,0.671849997904108,0.999507478168797
"PTP4A2",5.92877015826059,0.206111831656497,0.381569408800129,0.540168647965334,0.589080732019055,0.999507478168797
"KHDRBS1",13.317399904184,-0.0400677190619564,0.268676058256359,-0.149130217712683,0.8814508822092,0.999507478168797
"EIF3I",7.88018649320711,0.28684711895135,0.356579300459406,0.804441308235741,0.421142152619714,0.999507478168797
"RBBP4",8.46459605056292,0.227263156240413,0.314538387258538,0.722529158431819,0.469969204968209,0.999507478168797
"SYNC",3.47684061539047,0.161128346128094,0.509982343919951,0.315948871660124,0.752041316182084,0.999507478168797
"AK2",3.70279370090642,-0.149297218814591,0.463124129144839,-0.322369769612887,0.747172583155248,0.999507478168797
"PSMB2",5.2172387915005,0.356723306361695,0.426640731640702,0.836121073086176,0.403086794392993,0.999507478168797
"THRAP3",6.62724673995912,0.0289065334805994,0.36109512366078,0.0800524061015977,0.936195575631062,0.999507478168797
"MEAF6",4.83252825922402,-0.0668196840164703,0.528080616529562,-0.126533112416804,0.899309939760732,0.999507478168797
"NDUFS5",8.75369837961291,0.0535626607857289,0.297725205231925,0.1799063695128,0.857226074645521,0.999507478168797
"MACF1",7.46863111884886,-0.300789939749279,0.404403676650086,-0.743786362777162,0.457005731691282,0.999507478168797
"CAP1",6.55462689434323,-0.0792854997838639,0.399887333305939,-0.198269595409279,0.842834138798737,0.999507478168797
"ATP6V0B",6.10392195415223,0.00947847311770568,0.36550949103124,0.0259322215983047,0.979311399564119,0.999507478168797
"ARMH1",12.9677563616973,-0.0558299250395414,0.358423231534581,-0.155765363758668,0.876217973038847,0.999507478168797
"NASP",5.37403892981247,-0.0978061607435997,0.416344715074023,-0.234916301810653,0.814273696574672,0.999507478168797
"MAGOH",4.00362732973962,0.12786955226232,0.413551435962307,0.309198665855859,0.757170408706857,0.999507478168797
"MRPL37",3.4813743036075,-0.419671707919229,0.520812821884718,-0.805801413261141,0.420357363050006,0.999507478168797
"JAK1",6.95745998282402,-0.301678811247955,0.362179843851532,-0.832953065636699,0.404871199855947,0.999507478168797
"LEPROT",4.60333225568244,-0.309547224643192,0.50220574087957,-0.616375320801883,0.537646837672191,0.999507478168797
"SERBP1",10.6811140418279,0.145398506986225,0.315188327656071,0.461306762428341,0.644578533926127,0.999507478168797
"SRSF11",8.45049289159719,0.187543716685223,0.321587856489456,0.583180343724738,0.559771902007667,0.999507478168797
"FUBP1",2.46951777683886,0.325258603588526,0.59689445446647,0.54491811936711,0.585809833739022,0.999507478168797
"IFI44L",19.1078653158932,-0.270074503863796,0.438007857380076,-0.6165973950313,0.537500313175987,0.999507478168797
"IFI44",5.74988363900009,0.0500688179477534,0.507466656816937,0.0986642516807072,0.921404853355187,0.999507478168797
"SELENOF",4.70959687587679,-0.00253654583559966,0.396287820250826,-0.00640076657918527,0.994892962041587,0.999507478168797
"GBP4",2.19179325416398,0.784068719038246,0.989809749079406,0.792140832889842,0.428278563353254,0.999507478168797
"PSMA5",5.68288116294448,-0.319304330205182,0.46146979765903,-0.691928988256581,0.488981925093514,0.999507478168797
"LAMTOR5",5.10010401035552,0.148961077781811,0.421036255042984,0.353796320382441,0.723491531286451,0.999507478168797
"ATP5PB",9.83263132669218,0.14040915910873,0.280968256570732,0.499733175635033,0.617262969197471,0.999507478168797
"CAPZA1",3.0103402959267,-0.110500330505338,0.511877122056826,-0.215872766615013,0.829086925688608,0.999507478168797
"RBM8A",5.67945810158598,0.0045173071122893,0.420314929114551,0.0107474343626233,0.991424953134288,0.999507478168797
"MRPS21",9.85962086167814,-0.0758000103708457,0.289136734562146,-0.262159737280125,0.793198293043708,0.999507478168797
"ENSA",6.93285755388919,0.180374588485642,0.349371466240561,0.51628311386324,0.605656688257357,0.999507478168797
"CTSS",2.30559330294742,0.281583106416642,0.624777469210658,0.450693439333517,0.652210511467701,0.999507478168797
"CERS2",3.6089370782034,0.16694283037234,0.485102830902581,0.344139056170269,0.730741712120406,0.999507478168797
"PSMD4",5.24742952726903,0.303713957387611,0.400821493677943,0.757728720086162,0.448613401930565,0.999507478168797
"S100A10",8.9364886059843,-0.589473842883272,0.782698961058628,-0.753129711691438,0.451371971663702,0.999507478168797
"S100A11",4.21253785432199,0.0228345586554195,0.525360481317399,0.0434645533256695,0.965331220157538,0.999507478168797
"ILF2",9.55638089075618,0.0218594285762358,0.278778259804291,0.0784115253161479,0.937500705882917,0.999507478168797
"JTB",5.60645988304038,0.0562581224231153,0.39067430322188,0.144002617933036,0.885498402373382,0.999507478168797
"RAB13",3.65967910212183,0.0156901747221582,0.446742763907923,0.035121273336152,0.971983038206052,0.999507478168797
"TPM3",16.2344890913202,-0.173910185641166,0.267599880370688,-0.649888876632756,0.515764003756235,0.999507478168797
"C1orf43",6.47938238550394,-0.116626358752137,0.395877777266875,-0.294601933852717,0.768297984704164,0.999507478168797
"ADAR",8.08468378145504,0.0623879421551561,0.403855133760669,0.154480993157631,0.877230496583536,0.999507478168797
"KRTCAP2",13.3493946052179,-0.103295604417855,0.29672802984336,-0.348115425672402,0.727753500011626,0.999507478168797
"SSR2",13.6584539460388,0.032071395953739,0.244422970865963,0.131212691835442,0.895607056130234,0.999507478168797
"LAMTOR2",3.84170820480349,0.0976659069560584,0.451088912051208,0.216511433437697,0.828589113918828,0.999507478168797
"LMNA",2.82882569932431,-0.60662433679911,0.936474669019079,-0.64777442131406,0.517130861560355,0.999507478168797
"CCT3",6.60927662572934,-0.185926900160567,0.367294905622913,-0.506206041287845,0.612712014411306,0.999507478168797
"NAXE",4.20932854225972,0.0559366216385386,0.430957207128724,0.129796231999969,0.896727644125156,0.999507478168797
"HDGF",2.67921202179143,-0.230455561956103,0.618291617898534,-0.372729558811392,0.709349734478468,0.999507478168797
"DUSP23",3.03210931225889,0.444179764593574,0.524806061229579,0.84636934938003,0.397346731653732,0.999507478168797
"TAGLN2",56.0383932002469,-0.0213036370897717,0.389958851478302,-0.0546304744949663,0.956432859868119,0.999507478168797
"TSTD1",5.3439709007052,0.0955370078243553,0.398602366601046,0.239679981428651,0.810578355158396,0.999507478168797
"PFDN2",3.63308704601393,0.204466669543904,0.425855356451639,0.480131731223448,0.631133726524149,0.999507478168797
"UFC1",11.3069622258485,-0.0327489341924345,0.33815505158963,-0.096845911479025,0.922848763180688,0.999507478168797
"NDUFS2",5.7017541614564,0.0836310074405745,0.376676583606012,0.222023377827089,0.824295684596739,0.999507478168797
"CREG1",4.86924270697074,0.0674115888353914,0.452476558204317,0.148983605035626,0.881566569863555,0.999507478168797
"PRRC2C",7.91499064488977,-0.228160874445014,0.352027261609025,-0.648134105870522,0.516898216558236,0.999507478168797
"PRDX6",11.649201090847,-0.0111738447568736,0.277186755813924,-0.0403116112963733,0.967844696828616,0.999507478168797
"GAS5",30.9464342734541,0.31946642325773,0.397771121108533,0.803141319981757,0.42189305742926,0.999507478168797
"CEP350",2.69544643450132,0.392574282301874,0.548377555664852,0.715883205369187,0.474063469502629,0.999507478168797
"GLUL",8.65330374956008,0.0727951215605291,0.432481146205248,0.168319757287135,0.866331731537925,0.999507478168797
"ARPC5",7.87148044596622,-0.237824384943111,0.334671334367096,-0.710620721051193,0.477319299120192,0.999507478168797
"TPR",7.60940866495718,-0.309904582365402,0.529530081384279,-0.585244527667361,0.558383308446311,0.999507478168797
"RO60",2.61698297469434,-0.0866653325540356,0.608525792191939,-0.14241850331744,0.886749447823318,0.999507478168797
"NUCKS1",8.08164352462022,-0.196000037923022,0.400674718139997,-0.48917495676515,0.624717837800807,0.999507478168797
"RHEX",3.63128230567316,-0.3355941989727,0.693269975269819,-0.48407433026663,0.628333118218635,0.999507478168797
"CD55",2.45947539236835,-0.0461180859881183,0.550344220407103,-0.0837986196239213,0.933216545541672,0.999507478168797
"CD34",8.26554445376877,-0.328830672800892,0.520228580829038,-0.632088825794358,0.527328836455685,0.999507478168797
"TRAF3IP3",5.67416372642701,0.0621051256953726,0.425815562794414,0.145849825891303,0.884039941051883,0.999507478168797
"NENF",8.26660402347843,0.0231118129807391,0.348212304175544,0.0663727636950121,0.947081053797666,0.999507478168797
"EPRS",3.67836578141486,-0.278519511179786,0.476499227316918,-0.584511989133916,0.558875901453055,0.999507478168797
"SRP9",8.83761933892344,-0.157841219533283,0.342884837257522,-0.460333040083476,0.645277189110231,0.999507478168797
"H3F3A",77.7458576698381,0.0456402234472614,0.157759708144132,0.289302154423129,0.772350163786255,0.999507478168797
"PARP1",6.92160423842125,0.267707611029747,0.40775669056565,0.656537629482859,0.511478264281104,0.999507478168797
"ARF1",9.22718287824605,-0.0946885197042223,0.319474765233817,-0.29638810325104,0.766933709640216,0.999507478168797
"RNF187",3.58199493388594,-0.264107928041318,0.453059448345719,-0.582943207576114,0.559931532635714,0.999507478168797
"RAB4A",3.91629043811415,-0.345449281732788,0.517121996538843,-0.668022795481376,0.504119041612486,0.999507478168797
"IRF2BP2",4.70825504544098,-0.542632909851022,0.718692096535614,-0.755028352846416,0.450231970323721,0.999507478168797
"TOMM20",7.85082465933929,-0.0777461036483148,0.321075921343075,-0.242142429501096,0.808669802257452,0.999507478168797
"CNST",2.85516564815973,-0.0913480808461554,0.611794208574202,-0.149311777663021,0.881307622218396,0.999507478168797
"TRIM58",2.53301226010675,0.247176610569385,0.6028380068141,0.410021610740293,0.681790094768375,0.999507478168797
"ACP1",5.11568495716716,-0.290650981057378,0.445052491791141,-0.653071236356042,0.513710354685178,0.999507478168797
"TMEM18",4.15659858170235,-0.0401055039241714,0.446856887298491,-0.0897502199566227,0.928485707183791,0.999507478168797
"HPCAL1",2.94805758552304,-0.337087551165697,0.54004141546073,-0.624188333552371,0.532503907677701,0.999507478168797
"PDIA6",5.62920474331617,-0.0135080838816742,0.409624423133738,-0.0329767541162066,0.973693125085053,0.999507478168797
"LAPTM4A",7.32538416409949,0.143089549464598,0.400033186705585,0.357694196931486,0.720572176348733,0.999507478168797
"SF3B6",8.37099912765174,-0.0219846140474943,0.301506136275424,-0.0729159755057571,0.941872981168623,0.999507478168797
"PTRHD1",5.28390258528013,0.291773968317874,0.39542398537053,0.737876252105619,0.460589651195417,0.999507478168797
"RAB10",3.12002894254239,-0.164486199476002,0.5490225956863,-0.299598232874892,0.764483632255652,0.999507478168797
"HADHA",8.29663591837329,0.0593047173404372,0.341620174096795,0.173598405004131,0.862181085610556,0.999507478168797
"ATRAID",4.65488024830669,0.238800988702811,0.413894843060851,0.576960531657802,0.563966117924421,0.999507478168797
"SNX17",4.63812260261144,-0.126230517273103,0.410764134566055,-0.307306570001436,0.758610035353048,0.999507478168797
"MRPL33",4.00464522477753,-0.259423816748781,0.488913398109541,-0.530613024212229,0.595686968442291,0.999507478168797
"SRSF7",8.16666590091113,-0.194825366255716,0.360481856143955,-0.540458175453673,0.588881097239086,0.999507478168797
"COX7A2L",7.52180347258058,-0.268154246116768,0.340637137358556,-0.787213772978922,0.43115673598079,0.999507478168797
"ZFP36L2",58.6622104164354,0.0453115680150007,0.390238326237792,0.116112552172515,0.907563340908826,0.999507478168797
"CALM2",25.6686435124919,0.0910766023380387,0.28051789731502,0.324673053697391,0.745428530765757,0.999507478168797
"ACYP2",2.64677138071279,-0.134704211149829,0.734017217823354,-0.183516418796386,0.854392837201134,0.999507478168797
"BCL11A",3.13177931904567,0.175091193020963,0.677568772026599,0.258410954355626,0.79608976327895,0.999507478168797
"ACTR2",3.5966697336208,-0.175121759264838,0.47056955737902,-0.372148509224081,0.709782280755529,0.999507478168797
"PCBP1",18.2263605391137,-0.0379481347479409,0.317556100918566,-0.119500568996066,0.904878789273628,0.999507478168797
"TIA1",2.87870624599873,-0.355831131488693,0.585306146638451,-0.60794019255105,0.543227141111015,0.999507478168797
"SNRPG",6.50075326955238,0.296604480049406,0.334369413712322,0.887056255404366,0.37504861400613,0.999507478168797
"TPRKB",3.39443533486346,0.371791762524951,0.493301643377231,0.753680364775593,0.451041174937793,0.999507478168797
"MOB1A",3.84483523573889,-0.0905016527452509,0.483618249262561,-0.187134486515451,0.851555189419692,0.999507478168797
"AUP1",6.16836443740257,0.167624753761518,0.397372770190173,0.421832511778039,0.673147273180969,0.999507478168797
"TMSB10",108.022199012164,0.0214078686521211,0.197291563728498,0.10850878895958,0.913592109099216,0.999507478168797
"CAPG",7.49074116040203,-0.246230093226205,0.538722084851971,-0.457063298776519,0.647625548990148,0.999507478168797
"MAT2A",6.09210851177796,0.0987595414394467,0.401672990172882,0.245870506246736,0.805782475699786,0.999507478168797
"RNF181",5.45883295097561,0.15877188102164,0.37710566451276,0.421027568564321,0.67373495091057,0.999507478168797
"GNLY",2.94024613902327,0.0714189610782759,1.92234947043755,0.0371519134145885,0.970363879653974,0.999507478168797
"COX5B",16.0991526384108,0.089715510110854,0.227479704712859,0.394389074067505,0.693293809115072,0.999507478168797
"LIMS1",7.54805480815785,-0.168427547733284,0.571640873297607,-0.29463874191095,0.768269863472382,0.999507478168797
"ACTR3",6.31901282639328,-0.138891583996248,0.401310859707914,-0.346094755814327,0.729271504438256,0.999507478168797
"DDX18",3.69242708842588,0.0809956272046864,0.632881179509875,0.127979200246423,0.898165433468068,0.999507478168797
"DBI",6.90671329538463,-0.176192684851687,0.399709118941407,-0.440802264702684,0.659356153859264,0.999507478168797
"GYPC",12.561693620754,0.256472849368324,0.376271287825077,0.681616848446738,0.495481258437513,0.999507478168797
"MZT2B",16.6562937540499,0.0449442161880287,0.274432902967313,0.163771237712637,0.869911234907607,0.999507478168797
"UBXN4",6.70306756880644,0.189612415352652,0.359678842788735,0.527171445177343,0.598074536220534,0.999507478168797
"ARHGAP15",5.61231949944825,-0.0749282493936481,0.466164737151286,-0.160733413366982,0.872303371522768,0.999507478168797
"PRPF40A",7.3203435027325,-0.0930843652055242,0.330323614425566,-0.281797489311802,0.778098796189839,0.999507478168797
"PPIG",4.94624801607372,0.0230842420773079,0.40661514668763,0.056771722021073,0.954727040153839,0.999507478168797
"SSB",7.74040855437976,0.0973829695891935,0.316487109020592,0.307699640249352,0.758310893494115,0.999507478168797
"OLA1",6.32625123659398,0.0743427376411575,0.352380442342856,0.210972939209901,0.83290838747705,0.999507478168797
"HNRNPA3",12.8464430245351,-0.251070262558966,0.28492928698552,-0.881166921151652,0.378227480366284,0.999507478168797
"UBE2E3",4.80868297762599,-0.169955631726224,0.407030075622734,-0.417550549467878,0.676275758349614,0.999507478168797
"ITGA4",14.0394297278269,-0.0381943185894565,0.419948910031286,-0.0909499171854286,0.927532386339142,0.999507478168797
"ZC3H15",4.64061962668395,0.186331639386005,0.379802744924998,0.490601086684619,0.623708617683502,0.999507478168797
"GLS",4.15438942137313,-0.237445388255788,0.514292689526605,-0.461693104123939,0.644301416940477,0.999507478168797
"STAT1",13.7896783466749,-0.328453947112444,0.44065937836154,-0.745369242642019,0.456048532304986,0.999507478168797
"HSPD1",10.033894366,-0.31885455503664,0.43217287534185,-0.737794001496335,0.460639639002002,0.999507478168797
"HSPE1",6.25710406835764,0.174390443288265,0.380863667641511,0.457881541623999,0.647037548789123,0.999507478168797
"BZW1",5.21129222494149,-0.292935227778506,0.474522359780144,-0.617326500513545,0.537019390727612,0.999507478168797
"CFLAR",1.88233464032279,0.209484670985311,0.646530533954653,0.324013577060236,0.74592775526081,0.999507478168797
"XRCC5",8.99094183132985,-0.0334371976094871,0.291316064555014,-0.114779793076508,0.908619665975954,0.999507478168797
"RPL37A",87.5488446729433,0.296193387256687,0.349452851021465,0.847591846484874,0.396665316723404,0.999507478168797
"PNKD",5.59032134302901,-0.181665911227023,0.359263203007964,-0.50566244944099,0.613093633358996,0.999507478168797
"MFF",4.40846061099859,0.0797019647822557,0.442509945110755,0.180113386519047,0.857063553549793,0.999507478168797
"PTMA",151.941275590111,0.0668335415443053,0.164314677957571,0.406741152860141,0.684198111817214,0.999507478168797
"LRRFIP1",10.3344952051288,-0.219778384421455,0.356043056996202,-0.617280354448254,0.537049822541927,0.999507478168797
"UBE2F",2.72805603112409,-0.00318889190808053,0.545521516576583,-0.00584558410838202,0.995335925253632,0.999507478168797
"NDUFA10",3.76473399438905,0.027398786976364,0.529327164242651,0.0517615358274038,0.958718704406329,0.999507478168797
"COPS9",4.38376394236674,-0.0965237246109306,0.454000632829814,-0.212607026578999,0.831633490329043,0.999507478168797
"HDLBP",3.60630353279251,0.271623609281615,0.490448772448496,0.553826667616218,0.579697475769582,0.999507478168797
"SEPTIN2",3.25832522709123,0.379103191689454,0.46505444973015,0.81518022655074,0.41496915460168,0.999507478168797
"TADA3",3.79274409108607,-0.147441559889092,0.528331835402755,-0.279069989747437,0.780191113263646,0.999507478168797
"BRK1",11.7452025456584,-0.107925252090797,0.265021782216704,-0.40723162899323,0.68383787332255,0.999507478168797
"SEC13",3.61376246073962,-0.463578657617672,0.537499208669605,-0.862473190918927,0.388427179617386,0.999507478168797
"LSM3",3.68787699944904,-0.0553867169105084,0.520061903160656,-0.106500238863677,0.915185465901832,0.999507478168797
"ANKRD28",5.35998221360638,-0.461938684419618,0.537545518753071,-0.859348033430107,0.39014853101616,0.999507478168797
"UBE2E1",5.05158953914546,0.122356914700872,0.462819410833869,0.264372910549322,0.791492583407902,0.999507478168797
"RPL15",129.240335968562,0.128420280598336,0.15781484636227,0.813740174378414,0.415793814067065,0.999507478168797
"TOP2B",3.35738908916531,0.320903052901655,0.530425599218112,0.604991639496078,0.545184551804058,0.999507478168797
"STT3B",4.47374200022408,-0.334669539738798,0.465853291941034,-0.718401148018848,0.472509979169075,0.999507478168797
"CMTM6",4.00805415607573,-0.331909075626343,0.616342621294364,-0.538513911190029,0.590222303729837,0.999507478168797
"CRTAP",4.13120576357394,-0.269324783145923,0.431229610227538,-0.62455076543518,0.532265941982852,0.999507478168797
"LRRFIP2",4.73112448049255,0.0267769811935623,0.412609489625152,0.0648966683192107,0.948256273300216,0.999507478168797
"NKTR",3.9275699005539,-0.45069652112554,0.528632815219147,-0.852570079174335,0.393897761095875,0.999507478168797
"SMARCC1",5.92195465876567,0.343771527989387,0.392872605144973,0.875020358985155,0.381562828276343,0.999507478168797
"TMA7",17.2586059942597,0.188220311924091,0.26851624662133,0.700964333787688,0.483325273721262,0.999507478168797
"UQCRC1",4.64866602710456,-0.136528023465773,0.418410086759543,-0.326301941052952,0.744195919781661,0.999507478168797
"WDR6",2.12253627925075,0.0743195282328213,0.685236447783947,0.108458224125658,0.913632217293696,0.999507478168797
"IMPDH2",12.6601367569367,0.172030006478531,0.290886470713384,0.591399132646618,0.554253021404686,0.999507478168797
"RHOA",25.5980941624743,-0.0828109402209624,0.195477748645573,-0.423633588962136,0.671833055141546,0.999507478168797
"UBA7",2.63879532914164,-0.243553988890822,0.562819226471413,-0.432739283655572,0.665204187329568,0.999507478168797
"RASSF1",3.80462020849573,0.431610443383804,0.495590498392278,0.870901368738851,0.383808009388951,0.999507478168797
"ABHD14B",7.07619086486681,0.00911833412570713,0.389749913509734,0.0233953461171952,0.981334917251952,0.999507478168797
"TWF2",4.58175015606258,0.0649574810809882,0.428528256897266,0.151582725375706,0.879516059101361,0.999507478168797
"SPCS1",9.53432128598917,-0.0824118959239889,0.337750434024369,-0.2440023390704,0.807229008348069,0.999507478168797
"TKT",23.7113990003969,-0.0342737586982158,0.298355159795487,-0.114875702909611,0.908543643848188,0.999507478168797
"ARL6IP5",11.303396278926,-0.0828530054701798,0.320445390546227,-0.258555772417103,0.795978011513889,0.999507478168797
"FOXP1",7.45544391278791,-0.183293759340168,0.352987410247297,-0.51926429674009,0.603576447300454,0.999507478168797
"MTRNR2L12",129.690106129216,0.95824823745191,1.14807635328141,0.834655495440756,0.403911706273006,0.999507478168797
"CD47",5.05073073970801,-0.282661660109859,0.469853568088806,-0.601595218824504,0.547443612248401,0.999507478168797
"NDUFB4",12.1168743949739,-0.149409804190092,0.316182364698334,-0.472543129761972,0.636539164244998,0.999507478168797
"HCLS1",5.76739976426629,-0.0413279234617855,0.383912822670528,-0.107649239674531,0.914273936293537,0.999507478168797
"GOLGB1",3.81368265458489,-0.0554504739643984,0.512469104439161,-0.108202569645799,0.913835006642977,0.999507478168797
"PARP9",4.92088687191911,0.186797467917205,0.442000337998684,0.422618382517528,0.672573712472288,0.999507478168797
"MBD4",2.83730601651223,0.379314742463228,0.49733513912003,0.762694434047785,0.445645650776494,0.999507478168797
"RNF7",6.16154866216331,-0.25518294157367,0.348625562083922,-0.731968533943136,0.464187773674536,0.999507478168797
"TFDP2",4.16273788679841,-0.0668190434121187,0.452594985546497,-0.147635403718484,0.88263051312644,0.999507478168797
"U2SURP",4.5650305785039,-0.30467608679458,0.512726310409547,-0.594227525697317,0.552359944810288,0.999507478168797
"PLSCR1",5.94841622713337,-0.0299646679131172,0.46058612335939,-0.0650576871369096,0.948128069797328,0.999507478168797
"SERP1",18.9074470673443,0.168781738362989,0.262880024649759,0.642048548906903,0.520841661093536,0.999507478168797
"EIF2A",5.29384218336654,0.251583009419039,0.391804398596205,0.642113795354099,0.520799299331055,0.999507478168797
"MBNL1",8.483758692658,-0.332361138912825,0.383732328131356,-0.866127543987,0.386420221859154,0.999507478168797
"DHX36",3.23759874039312,-0.0494266207098092,0.525363178562499,-0.094080862014446,0.925044922842936,0.999507478168797
"SSR3",5.74587655899501,0.212974813087088,0.369439967517003,0.576480164066944,0.564290673597197,0.999507478168797
"CCNL1",5.12166856919709,-0.142800833400594,0.41939562359677,-0.340491949286267,0.733486084548407,0.999507478168797
"RPL22L1",10.3714997019536,0.193815791953314,0.284842971219008,0.680430312617032,0.496232032930118,0.999507478168797
"NDUFB5",5.44677049989958,0.240727920861486,0.342286714726218,0.703293205680024,0.481873044002961,0.999507478168797
"AP2M1",6.80398306593118,0.0702779125710209,0.319777603451908,0.21977121540843,0.826049338346044,0.999507478168797
"NRROS",3.2837177660276,0.074739527648072,0.469564530888023,0.159167745286739,0.873536715393956,0.999507478168797
"PAK2",4.98185420614485,-0.297376571813075,0.446275431014173,-0.666352102640468,0.505186069866593,0.999507478168797
"ATP5ME",5.33512114624074,-0.0527878119867102,0.388471660591545,-0.135885876221518,0.891911501046704,0.999507478168797
"CTBP1",3.66578107738025,0.00383183396955251,0.549357727221378,0.00697511617600015,0.994434707620728,0.999507478168797
"C4orf48",3.76945980890733,-0.358734698817611,0.503517653487076,-0.712457043627406,0.476181802660685,0.999507478168797
"ADD1",4.07358845199803,-0.082355596064673,0.460156509832019,-0.178973010932165,0.85795889366593,0.999507478168797
"CYTL1",7.60064320668907,0.386045720603378,0.463080178364331,0.833647689190563,0.404479543845012,0.999507478168797
"WDR1",4.16471406896868,-0.344581671009533,0.465699928109007,-0.739922104795507,0.459347260832397,0.999507478168797
"BOD1L1",4.70165723360558,-0.093863977077905,0.438473786820355,-0.214069757187929,0.830492659383427,0.999507478168797
"CD38",5.73617231114965,-0.12576817188843,0.587961730768684,-0.213905370548529,0.830620852072839,0.999507478168797
"PDS5A",3.57401660593291,-0.0665617743057029,0.461418087577174,-0.144254800792936,0.885299268652912,0.999507478168797
"FIP1L1",3.84504906444745,-0.415522769216765,0.476996676636467,-0.871122985901738,0.38368700474289,0.999507478168797
"PAICS",2.93043932426158,-0.430579453241788,0.530364078967232,-0.811856364933777,0.41687405500896,0.999507478168797
"SRP72",5.01200124654465,-0.223436106518851,0.426505741505245,-0.523875964085006,0.600364813520285,0.999507478168797
"HOPX",4.8388689097315,-0.268986861551384,0.773545740917998,-0.347732328319934,0.728041215547903,0.999507478168797
"REST",4.50918271981682,-0.142420937303581,0.410149501392147,-0.347241522469659,0.728409878821413,0.999507478168797
"JCHAIN",7.33305434325302,-1.0484565495181,1.48825041187336,-0.704489339397083,0.481128086713375,0.999507478168797
"EREG",3.29099194051301,0.268139589608548,0.844273542996879,0.317598001065798,0.750789890613752,0.999507478168797
"SEPTIN11",3.46030112340214,0.0953368549381188,0.558419983948767,0.170726080152005,0.864439154896165,0.999507478168797
"HNRNPD",8.41849201808519,0.158187753740777,0.435459929788352,0.36326592395691,0.716406245893635,0.999507478168797
"PLAC8",5.33359971335037,-0.297344247596431,0.441166690719991,-0.673995235477003,0.500314342793167,0.999507478168797
"HSD17B11",6.53374151059256,-0.0941967012837631,0.39454948309263,-0.238744961837013,0.811303350183143,0.999507478168797
"PYURF",5.80860160556513,-0.0732323479298101,0.347323444870663,-0.210847695458856,0.833006119464729,0.999507478168797
"ADH5",4.48407529368233,-0.311152519257386,0.422643403424753,-0.736205786571051,0.461605471240969,0.999507478168797
"H2AFZ",8.55101352675076,-0.0353661807314604,0.32536302478171,-0.108697602486294,0.913442343527596,0.999507478168797
"UBE2D3",7.48212984475183,-0.0844592776084843,0.346366175300437,-0.24384389594401,0.807351722184,0.999507478168797
"PAPSS1",3.03404372586477,0.385930366705776,0.496421215226147,0.777425208408879,0.436907944611671,0.999507478168797
"HADH",3.92224242875698,0.442579001491624,0.580211629575498,0.762788918614799,0.445589290887134,0.999507478168797
"SNHG8",16.2433857788771,0.0211915222902235,0.25305880043817,0.0837414950735976,0.933261964695809,0.999507478168797
"C4orf3",5.50831621630256,0.0395398696820921,0.385021615036225,0.102695194601924,0.918204887632943,0.999507478168797
"NDUFC1",7.25780691845952,0.101486580722511,0.351765554129625,0.288506306348329,0.772959203881159,0.999507478168797
"RPS3A",190.213556191942,0.164938647699027,0.217877384299495,0.757025095694656,0.449034827605509,0.999507478168797
"HMGB2",6.27225280971116,0.177747519069147,0.353877908954709,0.50228486879608,0.615467151342757,0.999507478168797
"HPGD",3.55553246466292,-0.24057462283255,0.805781878602372,-0.29856047799167,0.765275424681257,0.999507478168797
"CASP3",3.81429023491655,-0.224120901406343,0.475028456017336,-0.471805212019053,0.637065830346801,0.999507478168797
"SDHA",4.15309249229613,0.102713961039331,0.430396463233699,0.238649640072806,0.811377269826793,0.999507478168797
"PDCD6",6.72959344178747,0.067142432631315,0.337635542810049,0.1988606770262,0.842371730305795,0.999507478168797
"NDUFS6",5.06148977957298,0.314345884945345,0.371542114056997,0.846057211423206,0.397520829146858,0.999507478168797
"SUB1",16.0205287393686,0.00399204842102327,0.245179363443517,0.0162821550923185,0.987009293829043,0.999507478168797
"NPR3",3.52692809304759,-0.444452247161123,0.629676809371356,-0.705841854974533,0.480286490049889,0.999507478168797
"NIPBL",4.57104037190128,0.202075821584509,0.463456756340857,0.436018719804548,0.662823147662881,0.999507478168797
"NDUFS4",3.52919571601111,-0.248491557764143,0.528477063175033,-0.470203108288623,0.638209913643176,0.999507478168797
"KIF2A",4.23017206102511,0.057984905577927,0.424996668921693,0.136436141311524,0.891476504162307,0.999507478168797
"PIK3R1",2.51293068825795,0.146683821345313,0.560997514040088,0.261469645897274,0.793730354600149,0.999507478168797
"NSA2",8.84208625312272,0.131338810107649,0.30857366531433,0.425631947476334,0.670376057195195,0.999507478168797
"TBCA",9.72316285550322,-0.285286984191688,0.43582015401059,-0.654597961031319,0.512726637211919,0.999507478168797
"COX7C",29.2598898886683,0.167892252571829,0.219485467721961,0.76493562108864,0.444309881294971,0.999507478168797
"MEF2C",4.98632832317858,-0.380995920609522,0.681069900027315,-0.559407955915012,0.575883332909154,0.999507478168797
"NREP",6.38716061994716,-0.108688901301792,0.396471830801707,-0.27414028654195,0.783976815100443,0.999507478168797
"EPB41L4A-AS1",5.7233724498321,-0.0760771336634088,0.432777007795438,-0.175788298114415,0.86046026323025,0.999507478168797
"TNFAIP8",2.1934177104358,0.373518315554614,0.592606283183377,0.630297595813766,0.528499895676417,0.999507478168797
"SNX2",3.91289818772318,0.0685830828036182,0.464928694029941,0.147513121225427,0.882727023784666,0.999507478168797
"VDAC1",4.74924414054845,0.116281762464517,0.463144533552799,0.251070139104342,0.801759882140679,0.999507478168797
"SKP1",16.8215615490975,-0.147188490675483,0.230797867109466,-0.637737655546322,0.523644469054365,0.999507478168797
"PPP2CA",3.99777759855637,-0.0219773285916437,0.442450699556731,-0.0496718134103113,0.960383918363019,0.999507478168797
"UBE2B",4.19926382752436,-0.0316503646606639,0.457982911605069,-0.0691081781845101,0.9449035113446,0.999507478168797
"DDX46",4.90652667137844,-0.104981098525536,0.463572236836511,-0.226461142802562,0.820842777758173,0.999507478168797
"HNRNPA0",10.2471542954756,-0.170271526393144,0.308562842715878,-0.551821226737689,0.581070842645812,0.999507478168797
"TMEM173",5.03021194073859,0.140190928500912,0.530763462660456,0.264130706733663,0.79167920326929,0.999507478168797
"CXXC5",8.07104644858376,0.0104884472749327,0.488352960776756,0.0214771858007171,0.9828650023589,0.999507478168797
"NDUFA2",4.52388568097736,0.0170296946208601,0.44346188379253,0.0384017099174803,0.969367397672205,0.999507478168797
"IK",4.95471172952946,0.1177337360086,0.369683773609968,0.318471473224071,0.750127330145138,0.999507478168797
"TAF7",6.73000318891523,-0.300427307953183,0.423315193438615,-0.709701216988679,0.477889437322225,0.999507478168797
"NDFIP1",4.1670842243036,-0.21517285176139,0.494640059302724,-0.435008947849293,0.663555932602022,0.999507478168797
"LARS",3.43724715780517,-0.211377799918277,0.517453850533691,-0.40849594548435,0.682909606617415,0.999507478168797
"CSNK1A1",5.62868628492124,0.235617556604462,0.416650223537101,0.565504452641873,0.57173069656207,0.999507478168797
"ATOX1",3.34721634441957,0.135489287686413,0.439795069119711,0.308073685222545,0.758026264208053,0.999507478168797
"G3BP1",3.4473141650635,-0.0872881138052593,0.49546082236424,-0.176175612410156,0.860155979583735,0.999507478168797
"CYFIP2",3.05777811596559,-0.0515375859161486,0.572247689838257,-0.0900616757941225,0.928238203699931,0.999507478168797
"CLINT1",4.08160603766754,-0.212233300672973,0.473001268193956,-0.448694992897875,0.653651697152668,0.999507478168797
"NUDCD2",3.24253964913443,0.238482440844093,0.432257983759494,0.551713212489289,0.5811448562016,0.999507478168797
"LCP2",6.03129627188615,-0.0682359521430494,0.350860131640615,-0.194481920256882,0.845798551003296,0.999507478168797
"NPM1",79.2922647698088,-0.0929572513601472,0.174884381427605,-0.531535467040136,0.595047770552229,0.999507478168797
"ATP6V0E1",7.08498932393239,-0.237494985411673,0.401078818097071,-0.592140433988696,0.553756552870436,0.999507478168797
"HIGD2A",13.3564224871799,0.0737302871371656,0.254725155595348,0.289450356659286,0.772236764268418,0.999507478168797
"PRELID1",4.91776828911829,-0.0920753158236625,0.472729121023617,-0.194773945011656,0.845569920494181,0.999507478168797
"LMAN2",7.06199538935414,-0.0796622972236771,0.387069546234035,-0.205808744187564,0.836940310548063,0.999507478168797
"NHP2",7.43780142790184,-0.210306040273705,0.362571010677774,-0.580040968748627,0.561886990444656,0.999507478168797
"HNRNPAB",4.71736935863158,0.121309149681714,0.445741180024383,0.272151542460309,0.785505499466923,0.999507478168797
"RACK1",151.986251270399,0.0187351185209661,0.138403368173276,0.135366059137451,0.892322457979669,0.999507478168797
"WRNIP1",3.07947442096801,0.0160000072774609,0.638784245822872,0.02504759217543,0.980017002434859,0.999507478168797
"SERPINB1",55.0482658345626,-0.0181214828244712,0.466943464140811,-0.0388087299986419,0.96904288454705,0.999507478168797
"SERPINB6",6.07999774243971,-0.142719897943919,0.373359298587656,-0.382258854898752,0.702269370491961,0.999507478168797
"SSR1",4.19284735747595,-0.133666009528128,0.463445805174519,-0.288417778380352,0.773026960489598,0.999507478168797
"TMEM14B",6.24392238320163,-0.314777891795356,0.395963723611937,-0.794966490677448,0.426632994717408,0.999507478168797
"GMPR",2.53538709874169,-0.183305009246236,0.714162129893059,-0.256671421759208,0.797432434733664,0.999507478168797
"DEK",5.80506278479608,0.060394913716684,0.390419605721051,0.15469231778241,0.877063886611223,0.999507478168797
"SOX4",34.7499423232788,-0.14208831935787,0.343617592403186,-0.413507115174562,0.679235110516899,0.999507478168797
"HIST1H1C",6.90346309749255,-0.132621956231875,0.449953929777819,-0.294745633841584,0.76818820012848,0.999507478168797
"HIST1H4C",22.2999060723691,-0.172752371307788,0.335625906457239,-0.514717034603519,0.606750768028388,0.999507478168797
"HIST1H2AC",5.81993649288977,0.199864009292603,0.470325837079962,0.42494796912172,0.670874604823907,0.999507478168797
"HIST1H1E",27.9061161640036,-0.109480062848226,0.393115995021699,-0.278493025556446,0.780633918166857,0.999507478168797
"BTN3A2",2.56642528439008,0.261185204550205,0.587986910359086,0.444202413265796,0.6568962476432,0.999507478168797
"HLA-F",4.66429943070142,-0.0776673313431622,0.504853366650413,-0.153841365580004,0.877734817040396,0.999507478168797
"ZNRD1",5.11918281213084,0.115421906142041,0.368865300402694,0.312910718400548,0.754348494114041,0.999507478168797
"DDX39B",9.66429484146135,-0.124764569019598,0.288456622682837,-0.432524543410394,0.665360218000309,0.999507478168797
"LTB",24.6065341688206,-1.33589173034654,1.71426141696448,-0.779281221129078,0.435814074230733,0.999507478168797
"CSNK2B",14.1259628387279,0.118737531141357,0.239427761595539,0.49592215351342,0.619949335401623,0.999507478168797
"CLIC1",35.886947579184,0.0315836695386038,0.174044052690385,0.181469398410237,0.855999150880145,0.999507478168797
"LSM2",11.0393011012001,-0.0192976560011377,0.284302706799681,-0.0678771448164043,0.945883432578134,0.999507478168797
"HSPA1A",3.23329144160824,0.0376506952473162,0.547101901706164,0.0688184324161562,0.945134145924496,0.999507478168797
"SNHG32",4.61466383342797,-0.199682561843421,0.545882860604306,-0.365797456293769,0.714516218117373,0.999507478168797
"ATF6B",3.68573986536544,0.277724689548912,0.437444613088834,0.634879665308653,0.525506900295092,0.999507478168797
"GPSM3",11.3681894146569,-0.105380377242565,0.329587395879948,-0.319734245180144,0.749169797495792,0.999507478168797
"HLA-DRB5",13.5516082726215,0.0605259400351489,0.855754419676858,0.0707281652813481,0.943614104312741,0.999507478168797
"HLA-DQA1",6.19911789830497,-0.130970290322556,0.687611881925667,-0.190471243684405,0.848939874896351,0.999507478168797
"HLA-DQB1",5.84546551169651,0.0605564448502004,0.662653386778034,0.0913847964237217,0.927186841893828,0.999507478168797
"TAP2",3.40158089812193,0.280849678338997,0.663369095417967,0.42336864993996,0.672026314234736,0.999507478168797
"PSMB9",12.880944178835,0.0660487064362995,0.373784875215292,0.176702458595353,0.85974210958708,0.999507478168797
"TAP1",6.56381714797968,-0.0991472699683437,0.526628538499642,-0.188267939771766,0.850666616287675,0.999507478168797
"HLA-DMA",6.89925873319922,0.0810580008094833,0.404655151693028,0.200313774507372,0.841235190368311,0.999507478168797
"HLA-DPA1",23.7076094105922,-0.0906410698514191,0.287537960330283,-0.315231664533279,0.752585765412956,0.999507478168797
"HLA-DPB1",20.17461570314,-0.174302744053606,0.358485385051359,-0.486219944583331,0.626811231946022,0.999507478168797
"RPS18",318.880380061648,-0.134540685836841,0.236598750194233,-0.568644955759029,0.569597109726175,0.999507478168797
"TAPBP",5.06767532654709,-0.0607130289393451,0.425119332042115,-0.142814086218339,0.886437011928107,0.999507478168797
"CUTA",10.4377603153915,-0.205170631402238,0.304446171142033,-0.673914310147524,0.500365793695517,0.999507478168797
"HMGA1",14.2686728877842,0.269773044927446,0.327768881634699,0.82305874670589,0.410474586773338,0.999507478168797
"SNRPC",5.29972432243924,-0.288267955859765,0.399729297167089,-0.721157938391659,0.470812347245256,0.999507478168797
"RPL7L1",3.33517727550853,0.340028613827027,0.512889431600078,0.66296669979381,0.50735188160827,0.999507478168797
"CNPY3",6.87713935510321,-0.200630196393111,0.359188892411661,-0.558564589918253,0.576458912100986,0.999507478168797
"MEA1",4.32597450382907,-0.181036779282066,0.497252514278648,-0.364074135541962,0.715802650216298,0.999507478168797
"HSP90AB1",46.7341505526193,-0.0276636585497285,0.264164710656556,-0.104721249409027,0.916597000081142,0.999507478168797
"COX7A2",12.5423878067179,0.142889003257632,0.32855514683735,0.434901125832518,0.663634197373132,0.999507478168797
"PNISR",16.8138910375771,0.0157265749177656,0.257242892736788,0.0611351192270144,0.951251600349024,0.999507478168797
"SNX3",11.6279240080126,0.0357034635790303,0.274059190570212,0.130276468761165,0.896347696601902,0.999507478168797
"AMD1",6.05887822314859,-0.0101525223604538,0.401119056257227,-0.0253104962281902,0.97980730183477,0.999507478168797
"GTF3C6",3.96252322426514,-0.149972054466275,0.441576022398583,-0.339629071460101,0.734135882295968,0.999507478168797
"RPS12",352.957585724508,0.221746744150428,0.266078999598464,0.833386868129627,0.404626578410938,0.999507478168797
"MYB",6.46274998408545,0.411149830456567,0.511594567408265,0.803663401938473,0.421591395923384,0.999507478168797
"MAP7",2.13444726046937,0.0373717741228247,0.806749543572933,0.0463238862922841,0.963052101234375,0.999507478168797
"HEBP2",5.35781806059581,-0.0225583783441164,0.45998506175206,-0.0490415455193103,0.960886187217365,0.999507478168797
"ABRACL",6.74495363701137,0.14850761938548,0.340765535384103,0.435805866394575,0.662977587187744,0.999507478168797
"CITED2",12.1233776177141,-0.179754187885786,0.512191101334535,-0.350951407428651,0.725624803716593,0.999507478168797
"TAB2",2.25474039987403,-0.570604240992535,0.765310025159297,-0.745585739418173,0.455917700056295,0.999507478168797
"PCMT1",3.20608214704177,-0.41380295960816,0.500568725958984,-0.826665626813584,0.408426609063769,0.999507478168797
"DYNLT1",3.48087855291481,0.0911788484372423,0.490560109181262,0.185866821885331,0.852549201091099,0.999507478168797
"SOD2",6.11314844571794,0.033052690710648,0.443048339963749,0.0746028993435625,0.940530667211814,0.999507478168797
"WTAP",4.38197875648888,-0.142650430721627,0.467291168274038,-0.305270975371766,0.760159779827715,0.999507478168797
"PSMB1",8.35938487290281,-0.150470034508724,0.32704622092709,-0.46008797803008,0.645453072856935,0.999507478168797
"PDCD2",3.7451333941095,-0.180896989431577,0.457121589996967,-0.395730574512521,0.69230379771995,0.999507478168797
"CHST12",6.31167742617066,0.0912181998828945,0.376720596411039,0.242137543717855,0.808673587925496,0.999507478168797
"TNRC18",2.74336670212894,0.428884255765548,0.547505226829642,0.783342760486552,0.433425859242736,0.999507478168797
"RAC1",9.28265460144257,-0.0787608954350313,0.31579888441206,-0.249402069870085,0.803049784203385,0.999507478168797
"NDUFA4",14.105665763822,0.200832338700012,0.25618397673786,0.783937938888008,0.433076526900948,0.999507478168797
"PHF14",4.35932096595738,0.291738970229776,0.41991047413644,0.694764689615678,0.487202780197453,0.999507478168797
"BZW2",4.68132406676539,-0.328462000654146,0.420050515304996,-0.781958332834449,0.434239061423088,0.999507478168797
"TOMM7",17.0412504333886,-0.0646719382206842,0.217300833082457,-0.297614773506845,0.76599719764402,0.999507478168797
"CYCS",2.80266457946467,-0.45585089628933,0.666905887467912,-0.683531072157859,0.494271322846245,0.999507478168797
"HNRNPA2B1",28.3479080804915,-0.000945304280895583,0.245111529091418,-0.00385662920222337,0.996922862730819,0.999507478168797
"CBX3",6.60603736147706,0.01720855115316,0.374148798936398,0.0459938698241961,0.963315135912198,0.999507478168797
"TAX1BP1",6.29575392827025,-0.352205737993618,0.441994463347479,-0.796855542773457,0.425534932960578,0.999507478168797
"MTURN",4.13637150374359,0.304947013412069,0.423864581371161,0.719444432996961,0.471867127968556,0.999507478168797
"LSM5",5.35242562820132,-0.0767813842383569,0.37266231929969,-0.206034740465967,0.836763774464448,0.999507478168797
"ELMO1",5.62711864680948,-0.196556310368942,0.439505171605606,-0.447221837346942,0.654714895780262,0.999507478168797
"RALA",3.60961167214948,-0.00579885256317784,0.53707194412637,-0.0107971615843955,0.991385278853805,0.999507478168797
"PSMA2",8.11159875789705,0.0578206627717383,0.312852066289234,0.184817902779273,0.853371865373042,0.999507478168797
"MRPS24",6.3767649546501,-0.308115938377451,0.35548111319648,-0.866757548964775,0.386074866117625,0.999507478168797
"IKZF1",4.68209858370921,-0.320402749055953,0.540027389302954,-0.593308331026536,0.552974824349261,0.999507478168797
"EIF4H",5.96921594124739,0.0561600443731851,0.38795222258254,0.144760207840378,0.884900200757372,0.999507478168797
"MDH2",8.4945860859144,-0.249659314196709,0.357260543533671,-0.698815804643088,0.484667150189704,0.999507478168797
"HSPB1",7.07869897558443,0.223531930289922,0.373130726017411,0.599071356775618,0.549125301401918,0.999507478168797
"AKAP9",4.28105403407734,-0.31486551895344,0.527270887790401,-0.597160826141807,0.550400010688983,0.999507478168797
"CDK6",21.3711995108983,-0.215980292887314,0.339493575691379,-0.636183740583219,0.524656669531594,0.999507478168797
"AC002454.1",4.06028695532174,0.0918028188007925,0.485823172497765,0.188963441839973,0.850121469728971,0.999507478168797
"SAMD9",3.22725877188358,0.278357984388937,0.634238746923153,0.438885176503831,0.660744738169602,0.999507478168797
"SEM1",8.65201052078414,0.045192787800041,0.329182179869164,0.137288075004556,0.890803095952602,0.999507478168797
"BRI3",4.5022011810165,-0.00673469401924595,0.538912377248673,-0.012496825650264,0.990029235278755,0.999507478168797
"ZKSCAN1",4.02506787292702,0.229422117267954,0.443097173630636,0.517769308678099,0.604619234328484,0.999507478168797
"LAMTOR4",7.99034821417865,0.200363863523719,0.303058555722365,0.6611391090614,0.508523106485545,0.999507478168797
"GNB2",7.01816376693494,0.306203273266912,0.356731336756738,0.858358214478136,0.390694693402272,0.999507478168797
"ZNHIT1",5.80840099434822,0.256836200697695,0.401428880853196,0.639804988997841,0.522299388732623,0.999507478168797
"CUX1",3.82863424517858,0.141953683846131,0.428768534376419,0.33107299735178,0.740589347546789,0.999507478168797
"LSM8",3.66568752479852,-0.101004525701639,0.487216431261012,-0.20730935826655,0.83576826606293,0.999507478168797
"ARF5",9.25929433839642,-0.0276776883874234,0.313446564524323,-0.0883011381203882,0.929637334401617,0.999507478168797
"SND1",3.8230350068459,0.338305411793131,0.441569039650474,0.766143867470686,0.443590703657912,0.999507478168797
"ATP6V1F",7.82715468832684,0.0512756129988818,0.359941114420023,0.142455559936527,0.886720179334161,0.999507478168797
"LUC7L2",3.98363039983336,-0.161631330427852,0.465620318116789,-0.347131179931265,0.728492770027543,0.999507478168797
"NDUFB2",5.7994780337393,0.281625043090579,0.360032476474559,0.782221220286163,0.434084575583764,0.999507478168797
"SSBP1",8.82113757159847,0.184733811009127,0.315667382029163,0.585216660085776,0.558402044043105,0.999507478168797
"INSIG1",3.12717308501031,0.141525739712969,0.633330010390995,0.223462866737668,0.823175280474765,0.999507478168797
"ESYT2",3.08984015864688,-0.402695152645399,0.5862527296099,-0.686896848929569,0.492147732775384,0.999507478168797
"ASAH1",6.37211701245855,0.178095114929611,0.47203292049878,0.377293843703579,0.70595524673173,0.999507478168797
"BNIP3L",5.52680015939855,-0.0805406551152629,0.370304255209047,-0.217498594688833,0.827819802062873,0.999507478168797
"SARAF",19.6224857809036,0.0795347555304995,0.281225568799056,0.282814809016635,0.777318801638582,0.999507478168797
"LEPROTL1",3.86526972218402,-0.274000033098138,0.549620302621655,-0.498526040233912,0.618113319864366,0.999507478168797
"NSD3",5.09505141690178,0.270102233864807,0.461761632063662,0.584938667722763,0.558588957245535,0.999507478168797
"VDAC3",4.62874176593165,0.041228736875068,0.453129557636408,0.0909866420767677,0.927503205106157,0.999507478168797
"TCEA1",8.69846323956074,0.0739994473523356,0.29630745388868,0.249738730434154,0.802789404452669,0.999507478168797
"LYPLA1",4.28540259024453,-0.124448711965758,0.427219258211763,-0.291299396208567,0.770822349188987,0.999507478168797
"SDCBP",5.40289874106616,-0.112613541888076,0.471225991931775,-0.238979903095795,0.811121166298055,0.999507478168797
"RAB2A",3.88043687678612,0.242806430164423,0.411880643908549,0.589506775216013,0.555521368527052,0.999507478168797
"PDE7A",7.17089345185522,-0.182756777303903,0.64155122232417,-0.284867008189656,0.775746032826303,0.999507478168797
"SNHG6",26.906237320666,-0.0127007105859917,0.263140735446126,-0.0482658474160569,0.961504372630393,0.999507478168797
"COPS5",4.57981103786507,0.0691479753688126,0.469076728672102,0.147412930853683,0.88280609967817,0.999507478168797
"FABP5",3.89679828390427,-0.12398694997018,0.565199000915103,-0.219368664434005,0.826362877703728,0.999507478168797
"RBIS",10.2811387264686,0.135600373190509,0.301842381058366,0.449242325464855,0.653256857867107,0.999507478168797
"DECR1",4.10855554187289,0.32541264269685,0.417809966941733,0.778853231000665,0.436066176769306,0.999507478168797
"UQCRB",18.7454095752782,-0.0352256866105589,0.253635486466106,-0.138883115692355,0.889542513380333,0.999507478168797
"PTDSS1",4.36290086347389,0.040156791538781,0.405814947069304,0.0989534560734727,0.921175225327538,0.999507478168797
"MTDH",10.0627782604103,0.0347465610887116,0.297964010643396,0.116613281629828,0.907166512319431,0.999507478168797
"COX6C",12.6100613956564,0.0030356406457141,0.263662366244391,0.0115133634312465,0.99081386802425,0.999507478168797
"PABPC1",58.1008660768723,0.0789646240577893,0.188673196868658,0.418525924022791,0.675562636582595,0.999507478168797
"YWHAZ",12.1531106359115,-0.185490583312706,0.287068009251622,-0.646155535743167,0.518178632230189,0.999507478168797
"KLF10",3.13537062108042,-0.569522987279073,0.86218421067563,-0.660558358906596,0.508895581050335,0.999507478168797
"ENY2",5.54224634485039,0.063501198887853,0.404834797418018,0.156857066864941,0.875357496595678,0.999507478168797
"RAD21",6.49827096699482,-0.108993132637006,0.366262449461934,-0.297582055701108,0.766022171903828,0.999507478168797
"NDUFB9",7.98787647568025,0.053942661586497,0.323278769202785,0.166861132636459,0.867479315987023,0.999507478168797
"MYC",7.69483868952819,-0.176034739965218,0.637868380382752,-0.275973453739138,0.782568455593514,0.999507478168797
"LY6E",21.4098201286052,-0.0359569367075974,0.380828359260359,-0.0944176971941705,0.924777358275957,0.999507478168797
"EEF1D",36.7223082181942,-0.0589244084008267,0.195808638330662,-0.300928543823082,0.763468983763246,0.999507478168797
"CYC1",3.94043443886799,0.0179084444118425,0.474446500796113,0.0377459721629149,0.969890221608453,0.999507478168797
"MAF1",5.14134113415026,-0.0401496912648045,0.452927945864967,-0.0886447648712195,0.929364230872029,0.999507478168797
"VPS28",8.28275973186863,-0.175527143811571,0.339828915643596,-0.516516210750176,0.605493919824894,0.999507478168797
"RPL8",141.881823184814,0.105449563316824,0.184871086870443,0.570395106676271,0.568409747712948,0.999507478168797
"DOCK8",3.77481770763632,-0.404750396357345,0.516765411520207,-0.783238172165318,0.433487262848767,0.999507478168797
"SMARCA2",6.28506166333713,-0.0411787306223295,0.442042849425554,-0.093155518013338,0.925780012144608,0.999507478168797
"PSIP1",7.91072599735908,-0.0682706737380649,0.318994118587342,-0.214018597083858,0.830532554790379,0.999507478168797
"RPS6",203.773161249163,0.151137018563893,0.229628442928262,0.65818074031495,0.510421999040654,0.999507478168797
"HACD4",3.05845041485306,0.213010167617464,0.66138874039339,0.322065004449225,0.74740344931474,0.999507478168797
"NDUFB6",7.11246565156475,0.184859749436141,0.348919538265842,0.529806242307061,0.596246276762699,0.999507478168797
"DNAJA1",6.76857370633555,0.008984354251713,0.390546717658403,0.0230045570619064,0.981646637902514,0.999507478168797
"UBE2R2",4.72439414363136,-0.0330644318425634,0.484607493745599,-0.0682293036515053,0.945603100377304,0.999507478168797
"DCTN3",4.51572037834775,0.303453602817953,0.419698981108578,0.72302677985165,0.469663431590189,0.999507478168797
"VCP",7.61336301161746,-0.00730057117371834,0.32112837237037,-0.0227341206877177,0.981862358490473,0.999507478168797
"STOML2",4.78544370970638,-0.258175851773354,0.452841479358361,-0.570124124095628,0.568593514073577,0.999507478168797
"TLN1",10.8841156533427,0.0505472666164511,0.404451235218502,0.124977406952765,0.900541436724147,0.999507478168797
"GRHPR",5.17512289144916,-0.200094807336182,0.397554922666074,-0.503313620151678,0.614743791978994,0.999507478168797
"ALDH1A1",4.47331510224824,-0.485862387384735,0.554323099140889,-0.876496736538209,0.380760049743344,0.999507478168797
"ANXA1",32.9692230430348,-0.124239528943975,0.769496696880623,-0.161455571476285,0.87173460102405,0.999507478168797
"GNAQ",4.45123015309351,0.207306510926558,0.492288137473233,0.421108077051379,0.673676163824884,0.999507478168797
"HNRNPK",16.4401778624693,-0.168925078010286,0.22681716664214,-0.74476319632723,0.456414887453861,0.999507478168797
"DAPK1",2.53965417848906,0.347125466021506,0.532639684180691,0.651707854917825,0.514589654378617,0.999507478168797
"CKS2",3.46785673662002,0.0385279128347025,0.472582892281956,0.0815262538359422,0.935023446826099,0.999507478168797
"SEC61B",12.1359886749172,0.0932937435658757,0.266202564476849,0.350461475640627,0.725992397069466,0.999507478168797
"TXN",22.1001898259029,0.0809696881482387,0.225194845292543,0.359553914491488,0.719180752545375,0.999507478168797
"ATP6V1G1",11.8325556888488,-0.123501816809406,0.258180562776892,-0.478354433351093,0.632397959685324,0.999507478168797
"CNTRL",3.76993907691605,-0.181106807900564,0.460428450935467,-0.393344085346167,0.694065361476368,0.999507478168797
"RAB14",3.97009359323571,0.0953733659058369,0.426502984618912,0.223617112529833,0.823055246963297,0.999507478168797
"PSMB7",4.91696855373603,0.17096314960274,0.441211423277334,0.387485773448065,0.698396615083938,0.999507478168797
"HSPA5",6.99647494664327,-0.354648625299669,0.538220990427454,-0.658927525323766,0.509942309454667,0.999507478168797
"C9orf16",13.2884363411983,0.135982708170935,0.262976138596405,0.517091432312914,0.605092334175019,0.999507478168797
"SET",18.630451663593,0.0316453122852275,0.225656198515471,0.140236840350113,0.888472865107047,0.999507478168797
"C9orf78",3.72685793747248,0.200962254397377,0.453008409274065,0.443617050551918,0.657319476214027,0.999507478168797
"FNBP1",6.29303521720454,-0.100179242095167,0.427106915432595,-0.234553079042752,0.814555631078049,0.999507478168797
"RPL7A",217.831884417867,0.103193101965803,0.223539095404933,0.461633352228041,0.644344272830824,0.999507478168797
"DIPK1B",4.14141044836933,-0.386836276694004,0.513634064655062,-0.753135945050275,0.451368226297316,0.999507478168797
"SNHG7",29.2073954229686,-0.109212291582246,0.279898453520504,-0.390185405487588,0.696399452802296,0.999507478168797
"PTGDS",0.571573212140907,-2.66852931882714,3.70451946193163,-0.72034425685962,0.471313062012903,0.999507478168797
"MRPL41",3.44996703789159,0.0470320883866321,0.559450906765094,0.0840683030770032,0.933002125885138,0.999507478168797
"KLF6",21.9491748812966,0.363708403693396,0.430159174540329,0.845520507802856,0.397820287475409,0.999507478168797
"GDI2",10.9516879492642,-0.243450302071564,0.29392289062158,-0.828279490436156,0.40751223518622,0.999507478168797
"RBM17",4.37653919445261,-0.202884459311862,0.43513419677751,-0.466257216312511,0.641031398891419,0.999507478168797
"ATP5F1C",12.5616581833191,0.0425472280616056,0.250337660701979,0.169959357862088,0.865042099283176,0.999507478168797
"VIM",81.8735887269329,-0.531949865379577,0.661475449779787,-0.80418686068647,0.421289065945839,0.999507478168797
"COMMD3",5.61538337228558,-0.283208438149442,0.450159508627201,-0.629129081407409,0.529264552893716,0.999507478168797
"APBB1IP",6.44863707596619,-0.233142592031187,0.455119870107076,-0.512266344197046,0.608464616464005,0.999507478168797
"EPC1",4.54536959395895,-0.0953393030621789,0.422670492028462,-0.225564132960005,0.821540439653005,0.999507478168797
"CCNY",3.78335867410032,-0.307738775651875,0.478997198975832,-0.642464666411133,0.52057152400903,0.999507478168797
"ZNF22",6.42238515464687,-0.0149737735607343,0.363083795091032,-0.0412405449187841,0.967104130981051,0.999507478168797
"NCOA4",5.86509369776001,0.2506100753255,0.411331915382019,0.609264844165447,0.542348905541582,0.999507478168797
"HNRNPH3",5.46268679679172,-0.227255679409338,0.399211032660476,-0.569262021379595,0.569178336321626,0.999507478168797
"VSIR",3.89838554425077,-0.173649889192508,0.585922960985734,-0.296369831454234,0.766947661978513,0.999507478168797
"PSAP",7.33168161117853,0.153100156906815,0.354316095897605,0.432100485073814,0.665668382157326,0.999507478168797
"ANAPC16",7.40493535050227,-0.0270351794587109,0.370798180372581,-0.0729107662598176,0.941877126511806,0.999507478168797
"ANXA7",4.59443166522879,0.126860849259316,0.403905057237692,0.314085815431275,0.753455862458214,0.999507478168797
"KAT6B",3.38425708394597,0.304019128003612,0.487064646057876,0.62418640002766,0.532505177336656,0.999507478168797
"ANXA11",4.74662465781485,-0.0072940349024664,0.409978849590986,-0.0177912468161303,0.985805387685064,0.999507478168797
"GHITM",5.7758365539769,0.231632999103876,0.367834109006815,0.629721370128796,0.528876898268446,0.999507478168797
"NUTM2A-AS1",6.64293122048166,-0.0809073533615821,0.394624152520227,-0.205023825442197,0.837553510397262,0.999507478168797
"IFIT3",5.1350006404292,-0.25374046386153,0.86624491271972,-0.292920004649573,0.76958329768805,0.999507478168797
"IFIT1",4.14675620278565,-0.0826834492309832,0.846915507971384,-0.0976289233728106,0.922226956681198,0.999507478168797
"IFIT5",1.64544522126237,-0.47488656898922,0.753003181955995,-0.630656789199294,0.528264958340999,0.999507478168797
"PDLIM1",4.37168514027651,0.388478740981967,0.513256210127592,0.756890483381378,0.449115477298107,0.999507478168797
"NDUFB8",7.90350982184248,-0.11175053496948,0.328836418075204,-0.339836249353388,0.733979847767738,0.999507478168797
"ATP5MD",8.08007787645702,0.00116691203732523,0.369558020473573,0.00315758818014526,0.997480613328222,0.999507478168797
"GSTO1",3.9237877429372,0.137666801443948,0.457223602777156,0.301092945787938,0.763343620033948,0.999507478168797
"PDCD4",5.53467281889532,0.298695050100572,0.359167973145246,0.831630525085212,0.40561752670123,0.999507478168797
"EIF3A",6.10404176250034,0.181209153950539,0.362953330488471,0.499262959528884,0.617594145831313,0.999507478168797
"RGS10",3.2527708493838,0.407006744674355,0.533330123256879,0.763142239536168,0.445378571532067,0.999507478168797
"MGMT",3.47157619212366,0.104523191721402,0.510679658908728,0.204674672072816,0.837826310230484,0.999507478168797
"ECHS1",3.778840968582,-0.0195624398830427,0.47880867878086,-0.0408564855859599,0.967410307931461,0.999507478168797
"PSMD13",4.15161560419503,-0.215294292621625,0.422678465134502,-0.509357136406547,0.610501915394591,0.999507478168797
"IFITM1",36.9866668785844,-0.0737318789143633,0.527978988261194,-0.139649267402073,0.888937112232904,0.999507478168797
"IFITM3",19.1600031664884,-0.0505164325752634,0.564239210309184,-0.0895301702757987,0.928660577439998,0.999507478168797
"TALDO1",23.7163124142781,0.0104762123767366,0.244877742316856,0.0427813989038702,0.965875791936878,0.999507478168797
"PNPLA2",4.53246457030304,0.113687554690743,0.416926716090315,0.272679946626677,0.785099251014125,0.999507478168797
"POLR2L",5.92639527085197,0.301926643642607,0.362751375129449,0.832323912031659,0.405226136976218,0.999507478168797
"CTSD",8.39591420682696,-0.224229125209056,0.405534136730227,-0.552922935210802,0.580316181703347,0.999507478168797
"CD81",7.68611317746092,0.382765497831486,0.466839032354014,0.819908943563285,0.412268017899797,0.999507478168797
"NAP1L4",4.12566381479993,-0.0202241329186501,0.422781954134064,-0.0478358471095884,0.961847067383776,0.999507478168797
"RHOG",8.00653794547249,-0.187201872988585,0.328816322554109,-0.569320499464499,0.569138657624605,0.999507478168797
"TRIM22",5.04887735710347,-0.426507270840415,0.517976379976774,-0.823410656021689,0.410274505334919,0.999507478168797
"TAF10",7.91806817996157,0.308656270254466,0.385842357199136,0.799954345331676,0.42373724919336,0.999507478168797
"RPL27A",30.1861799107516,-0.0522329593918949,0.24805758037808,-0.210567882312983,0.833224476566109,0.999507478168797
"EIF4G2",10.802475319359,-0.0843156172553795,0.412723190935341,-0.204290960884213,0.83812613319643,0.999507478168797
"PSMA1",5.88641881822119,0.0844122512680031,0.37408671696706,0.225648886847367,0.82147451508943,0.999507478168797
"C11orf58",8.3869163230234,-0.261333550271391,0.329351715560127,-0.793478636742311,0.4274990111829,0.999507478168797
"NUCB2",12.3384585422399,-0.142122144099018,0.355321744350331,-0.39998155575554,0.689170101758454,0.999507478168797
"CAT",15.9320935969233,-0.0171961246619747,0.333866920312026,-0.051505925312707,0.958922380403595,0.999507478168797
"TTC17",3.29611902361937,0.141446062437638,0.448872998227912,0.315113769364715,0.752675274267486,0.999507478168797
"CD82",8.92810871173384,0.162624620029924,0.417765321452282,0.389272665008648,0.697074454932523,0.999507478168797
"MDK",3.69278948631036,-0.736030877760631,0.875044795358215,-0.841135084357966,0.400272262219642,0.999507478168797
"SPI1",6.36834773574952,0.133360655966872,0.379545398847821,0.351369444529461,0.725311202551061,0.999507478168797
"NDUFS3",4.28705717254276,-0.215816216584456,0.468044903518066,-0.46110152030771,0.644725771049957,0.999507478168797
"FNBP4",3.31163809993665,-0.09058019585339,0.490999449910802,-0.184481257300482,0.853635929319168,0.999507478168797
"SSRP1",3.88525721306849,0.238172561067529,0.483410653914147,0.492691998281503,0.622230232367504,0.999507478168797
"UBE2L6",15.3758305510948,0.19257040856289,0.367791731215657,0.523585475742995,0.600566885739835,0.999507478168797
"SELENOH",14.0137541308957,-0.0153655616767727,0.255801095480994,-0.060068396688764,0.952101160284067,0.999507478168797
"AHNAK",11.6820016451191,0.083709177372701,0.538953331120499,0.155318044326152,0.876570590920329,0.999507478168797
"PLAAT4",5.56674755073346,-0.134115667885227,0.487766526833985,-0.274958736417914,0.783347940382399,0.999507478168797
"RTN3",5.94929657903936,-0.126887015267582,0.412354906515536,-0.307713121058259,0.758300634711792,0.999507478168797
"OTUB1",6.00863074425964,0.193985501787199,0.383170334227886,0.506264406345792,0.612671046505118,0.999507478168797
"FERMT3",5.89855698485981,-0.111070823135859,0.395098601367574,-0.281121782642115,0.778616994458877,0.999507478168797
"DNAJC4",8.27446196274709,-0.166766549681431,0.313023347054579,-0.532760738937321,0.594199214743429,0.999507478168797
"PPP1R14B",7.28797365219437,0.21868692233855,0.442192508508548,0.494551395898021,0.620916818278731,0.999507478168797
"TRMT112",7.89588737626594,0.236927670299291,0.330137608243339,0.717663375463289,0.472964870728094,0.999507478168797
"PRDX5",8.59526783157592,-0.192181568620373,0.327330044287189,-0.587118634462284,0.557124033270452,0.999507478168797
"RASGRP2",4.45342954235798,0.0220160783671582,0.431374698530096,0.0510370182631891,0.959296022663917,0.999507478168797
"SF1",10.4360718904103,-0.04625470530654,0.312731369902192,-0.147905550124397,0.882417308019956,0.999507478168797
"ARL2",5.17454766411199,0.116741984549391,0.396020563511838,0.294787683533765,0.76815607569135,0.999507478168797
"FAU",122.653343855886,0.0623448240810754,0.137283756319663,0.454131105911077,0.649734465934997,0.999507478168797
"CAPN1",4.58946655767823,0.00185013180999744,0.393995862145195,0.00469581533147073,0.996253295216209,0.999507478168797
"MALAT1",404.576909290872,-0.300224313053048,0.384563336594369,-0.780688860544497,0.434985513869734,0.999507478168797
"CFL1",38.9316753435206,-0.0600684620355743,0.198453197581,-0.30268326621977,0.762131251560198,0.999507478168797
"FIBP",4.51683148537499,-0.181017271126913,0.413420049666919,-0.437853150259048,0.661492739103509,0.999507478168797
"DRAP1",17.7955709788715,0.021354064191917,0.231523115299905,0.0922329684630233,0.92651294462852,0.999507478168797
"BANF1",8.69877856821126,0.158997324780018,0.350415139041666,0.453739884683214,0.650016056220304,0.999507478168797
"SF3B2",8.3689967025088,-0.0865578287316822,0.337879799337786,-0.256179354022726,0.797812349918856,0.999507478168797
"RAB1B",3.79840857752395,-0.0959572341304926,0.459815649261762,-0.20868631653697,0.834693122783195,0.999507478168797
"CCS",3.80059496259808,-0.0265252495078023,0.494116446618177,-0.0536821829942029,0.957188378241769,0.999507478168797
"POLD4",5.26314887959862,-0.0948368640904321,0.398366830619191,-0.2380641579597,0.811831333419841,0.999507478168797
"PPP1CA",8.69532789283501,-0.0901568804039324,0.301591540016402,-0.298937033840635,0.764988089444662,0.999507478168797
"CDK2AP2",3.54050896481373,0.309411682700835,0.646221977519034,0.478800928264192,0.632080256251347,0.999507478168797
"NDUFV1",5.00551781292896,0.246096454926707,0.417759366405891,0.589086624302284,0.555803165626798,0.999507478168797
"NDUFS8",5.6057883776453,-0.0638474233063313,0.375890187688467,-0.169856584176779,0.865122925681847,0.999507478168797
"MRPL21",3.61010751124004,-0.402105209751406,0.478113234040153,-0.841025056666044,0.400333897404088,0.999507478168797
"NUMA1",3.60131204852029,-0.105813081759612,0.583792665679406,-0.181251132431527,0.85617046130785,0.999507478168797
"UCP2",12.3244960992525,-0.0911390277632166,0.32090029273426,-0.2840104226352,0.776402393292424,0.999507478168797
"SPCS2",5.64831882578985,-0.315690999562602,0.404169186923992,-0.781086262327986,0.43475176115756,0.999507478168797
"RPS3",273.750706650304,0.0663727021665457,0.180328717921936,0.368065069897953,0.712824715614598,0.999507478168797
"CLNS1A",9.73574558890372,0.118735600334554,0.311094219273898,0.381670866825124,0.702705511987753,0.999507478168797
"TAF1D",7.44759448822594,-0.121571132909666,0.342071305309597,-0.355397050330299,0.72229215832032,0.999507478168797
"CWC15",3.6050799829245,0.0372111818974126,0.49265779924935,0.0755314986469519,0.939791836812129,0.999507478168797
"CEP57",4.29021740706921,0.0368181344998164,0.447599139200631,0.0822569376821638,0.934442397077025,0.999507478168797
"TMEM123",5.3685612549021,-0.0532200308121316,0.417613043411577,-0.127438622073116,0.898593249431219,0.999507478168797
"CASP4",4.09086080067224,0.231594643714305,0.47246538665065,0.490183302857593,0.624004195023361,0.999507478168797
"SDHD",4.68588406458106,0.216294526531355,0.423586464316938,0.510626624673064,0.609612528896483,0.999507478168797
"IL18",5.73456854576915,0.104207975971485,0.439865099555062,0.236908943393997,0.812727431651831,0.999507478168797
"CD3E",4.1929073486025,-1.1314422795484,1.97000620876808,-0.574334372405828,0.565741553662529,0.999507478168797
"ATP5MG",34.9535639975918,-0.14411482419198,0.215085402657238,-0.670035355312527,0.502835252355275,0.999507478168797
"KMT2A",4.54767588031314,-0.0502535473063985,0.467667204066405,-0.107455786656494,0.914427399302867,0.999507478168797
"HSPA8",20.801766920094,0.249381841378467,0.315598426426378,0.790187214183217,0.429418441914595,0.999507478168797
"THYN1",4.10567790733858,0.0641936823875838,0.439665598445291,0.146005697545089,0.883916890639642,0.999507478168797
"TNFRSF1A",4.18385555060722,-0.209319122315582,0.511679876375737,-0.409082185913199,0.68247934889703,0.999507478168797
"MRPL51",5.54526988345443,0.187632283663489,0.352031995972392,0.532997812159676,0.594035094798335,0.999507478168797
"GAPDH",118.976672214664,0.125145994588332,0.240446944583579,0.520472384479942,0.602734370631905,0.999507478168797
"CHD4",3.6716701188691,0.278428762333494,0.504837074226505,0.551522018782185,0.581275876824404,0.999507478168797
"ING4",2.96698081393166,0.275732016266447,0.571980507663209,0.482065407076428,0.629759483035648,0.999507478168797
"MLF2",6.90319292091621,-0.0680705307621185,0.336613956130488,-0.202221356311593,0.839743678094278,0.999507478168797
"PTMS",5.1061100657742,-0.157562092090333,0.505665315795843,-0.311593631535423,0.755349374750711,0.999507478168797
"PTPN6",10.6077458460727,0.257915435891261,0.329427248664078,0.782920772149791,0.433673638594231,0.999507478168797
"PHB2",12.4424900828128,0.061701364758037,0.247820536681038,0.248975995227751,0.803379349861817,0.999507478168797
"ETV6",10.3249675000888,-0.0409723323609975,0.393544547701422,-0.104111040542436,0.917081229388063,0.999507478168797
"HEBP1",3.42497761112412,0.0416262989171439,0.430859990037984,0.0966121243085815,0.92303442773371,0.999507478168797
"LDHB",36.1153340928392,0.0214475316120502,0.189943142383897,0.112915535369539,0.910097519658373,0.999507478168797
"KRAS",3.41091567190537,-0.201446483731747,0.485444633388862,-0.41497313983154,0.678161566270868,0.999507478168797
"FGFR1OP2",5.11637545425291,-0.348277807019536,0.408732961275854,-0.852091316375345,0.394163411217272,0.999507478168797
"TM7SF3",5.94644321978861,0.184210319135603,0.385274308750865,0.478127700060897,0.632559317730745,0.999507478168797
"SINHCAF",2.90731932995681,-0.279063072711718,0.568626868449805,-0.490766596155581,0.623591538352252,0.999507478168797
"ZCRB1",4.1238866558567,-0.186728281065276,0.477890537504509,-0.390734418053871,0.695993555370755,0.999507478168797
"SCAF11",5.24588391969707,0.0221639229294991,0.409776664989291,0.054087811296132,0.956865203209559,0.999507478168797
"HDAC7",2.90391756155243,0.228507915549806,0.53417297428536,0.427778877910313,0.668812116297001,0.999507478168797
"TUBA1B",15.1379986391643,0.258809895164913,0.292365475527249,0.885227281703415,0.37603406093169,0.999507478168797
"TUBA1A",18.8403913903158,-0.213391384526204,0.397965548581831,-0.536205672291568,0.591816413701071,0.999507478168797
"TMBIM6",8.90515074826914,0.143498350469009,0.295754559127704,0.485194043642952,0.627538706807306,0.999507478168797
"BIN2",3.94206180263687,-0.363013028137662,0.455809057398994,-0.796414687784269,0.425791043946585,0.999507478168797
"EIF4B",10.2496400222129,0.231556282598108,0.28644248696493,0.808386650498738,0.418868034410984,0.999507478168797
"PFDN5",42.1188791619363,-0.0193576799689911,0.227196581090026,-0.0852023383279727,0.932100531626518,0.999507478168797
"PRR13",9.98258205186433,0.0113457381991554,0.299742948819135,0.0378515599578006,0.969806034899372,0.999507478168797
"PCBP2",32.045680686091,-0.1119439838007,0.311487456878234,-0.359385205820536,0.719306940544421,0.999507478168797
"ATP5MC2",59.7347784577533,-0.0126456244736268,0.163859733652417,-0.0771734714304552,0.938485545424721,0.999507478168797
"HNRNPA1",77.7724474706679,-0.0437079368734914,0.255534292915802,-0.17104528857852,0.864188155144749,0.999507478168797
"NFE2",10.9393131354687,0.0876416819064516,0.456744937236216,0.191883203865981,0.847833694341012,0.999507478168797
"COPZ1",3.25975297502703,0.413857892307517,0.513185444889344,0.806449006746004,0.419983999400837,0.999507478168797
"TESPA1",6.54325398775218,0.314351369606332,0.403610349304046,0.778848634947975,0.436068884476123,0.999507478168797
"BLOC1S1",5.24207457072687,-0.0777815596821368,0.413631497625301,-0.188045543264206,0.850840949594705,0.999507478168797
"RPS26",97.3729966379707,0.168564810820913,0.394018997320859,0.427808841622037,0.668790299244379,0.999507478168797
"PA2G4",6.22085193117668,-0.0355447985481285,0.350288948738134,-0.101472794606206,0.91917515282662,0.999507478168797
"MYL6B",5.03147680849658,0.202113689989557,0.400535100240183,0.504609183735355,0.613833358235579,0.999507478168797
"SMARCC2",3.89373084510115,-0.147562492595661,0.448634114936389,-0.328915005976715,0.742219931695371,0.999507478168797
"CNPY2",3.84211923653689,0.261932990951867,0.436416977114724,0.600189737538581,0.548379792266456,0.999507478168797
"ATP5F1B",21.0115317063159,0.126993723437612,0.23413779229788,0.542388830915625,0.587550672298339,0.999507478168797
"PTGES3",9.5586110800435,0.119368502319083,0.332956882896996,0.358510391136773,0.719961392994859,0.999507478168797
"ARHGAP9",3.37685512905436,0.14843974312167,0.485004370312801,0.306058568144313,0.759560052968006,0.999507478168797
"DCTN2",5.4385523372993,-0.354035241993366,0.399013529980117,-0.887276283616267,0.374930170935787,0.999507478168797
"USP15",4.47750476958573,0.178142375632089,0.486679152074419,0.366036586676819,0.714337774987386,0.999507478168797
"TMBIM4",7.45889042302938,0.140668950060084,0.320653369748184,0.4386947505668,0.660882731267278,0.999507478168797
"RAP1B",9.81560755576281,0.12499485765938,0.357560296875449,0.349577004918196,0.726656170781871,0.999507478168797
"CCT2",8.32158398131859,0.0767486230967881,0.310434670657625,0.247229547312495,0.804730579468945,0.999507478168797
"CNOT2",3.0464377827438,-0.276883483118285,0.501164103585904,-0.552480676762646,0.580619069804463,0.999507478168797
"OSBPL8",4.075297134294,-0.367616355986194,0.574793133482792,-0.639562887188178,0.522456816890598,0.999507478168797
"BTG1",13.2833164679712,0.0189884891259506,0.299713859723207,0.0633553921846891,0.949483507730201,0.999507478168797
"NDUFA12",4.72390881335212,-0.0516132310118664,0.410111121459219,-0.12585181993656,0.899849221455623,0.999507478168797
"METAP2",4.25261734642163,0.242724674153301,0.483042589922766,0.50249124863319,0.615322006798088,0.999507478168797
"SLC25A3",19.436303526352,0.16627768680819,0.199060091831405,0.835314026424844,0.403540921992628,0.999507478168797
"TDG",1.93998704884994,0.343826734285975,0.640060054392118,0.537178866149546,0.591144068014319,0.999507478168797
"CHST11",3.49111471225585,-0.050095321680432,0.513908295420669,-0.0974791069278723,0.922345925460257,0.999507478168797
"SELPLG",3.38529416199355,-0.174708221415266,0.587921420304138,-0.297162538022323,0.766342421015442,0.999507478168797
"ARPC3",30.538628651816,-0.121464960659249,0.222277019055215,-0.546457574316654,0.584751443205299,0.999507478168797
"PPP1CC",5.37028066229111,-0.221341198032401,0.458353379433774,-0.48290512945674,0.629163099518451,0.999507478168797
"RPL6",130.123608404903,0.175213701902118,0.218127840001369,0.803261527281518,0.421823589851682,0.999507478168797
"TAOK3",6.41009153749463,-0.0456645545682079,0.441178431376313,-0.103505863660994,0.91756149596397,0.999507478168797
"RPLP0",238.537902087173,0.0712527372804154,0.178046945107093,0.400190731930603,0.689016040389251,0.999507478168797
"SRSF9",10.6060052155281,0.138568245426368,0.276154324794985,0.501778292008425,0.615823484704522,0.999507478168797
"DYNLL1",12.5727065381598,-0.124433933587528,0.29257633841703,-0.425304159115435,0.670614962024878,0.999507478168797
"RNF10",3.64179588632634,0.0999935406915598,0.532046972010374,0.187941189315913,0.85092275361284,0.999507478168797
"ANAPC5",6.17609620009587,0.209602935731096,0.393729950898156,0.532352022631148,0.594482207635351,0.999507478168797
"RSRC2",4.62407850383444,-0.355415309741357,0.495438053577638,-0.717375880142524,0.473142198177849,0.999507478168797
"DENR",3.56163249552475,0.163915338110209,0.415069693503811,0.394910398604431,0.692909015475301,0.999507478168797
"CDK2AP1",7.72266795315121,-0.0817572118431352,0.333506136973798,-0.245144549917408,0.806344509232082,0.999507478168797
"TMED2",4.0359169248667,0.286329615503871,0.413982161731645,0.691647230175773,0.489158893652666,0.999507478168797
"ATP6V0A2",5.05350793833474,0.354909727091918,0.467881558421735,0.758546090786533,0.448124131581226,0.999507478168797
"MPHOSPH8",6.27470893457874,-0.167253476549987,0.38776350779319,-0.43132856287031,0.66622948470561,0.999507478168797
"SAP18",10.5155269538474,-0.0128934270072782,0.266261796098925,-0.0484238715286358,0.961378434889336,0.999507478168797
"MRPL57",9.25859894973962,-0.273624099738901,0.315874873661343,-0.866242055176126,0.386357435167571,0.999507478168797
"GTF3A",8.14443074426231,0.0509521512905147,0.366214451870775,0.139132005933217,0.88934583710722,0.999507478168797
"POLR1D",8.57173169048376,-0.166684126557242,0.352879714243943,-0.472353949034358,0.636674168679213,0.999507478168797
"POMP",5.41535619890143,0.10126471708722,0.384293293887646,0.263508936267897,0.792158336729797,0.999507478168797
"N4BP2L2",5.55892463315964,0.134858916586027,0.403964965646664,0.333838149479488,0.73850169414202,0.999507478168797
"ELF1",4.63353497178221,0.140207099580268,0.481942570405677,0.290920761497055,0.77111192236192,0.999507478168797
"DNAJC15",5.17690337778807,-0.0161482749388644,0.403211802337425,-0.0400491127622074,0.968053971354626,0.999507478168797
"TPT1",182.024268523749,0.129944273581914,0.229565170240777,0.566045247393683,0.571363022123504,0.999507478168797
"AL138963.4",14.0533359875299,0.491649660401811,0.995124394197366,0.494058494866222,0.621264869047786,0.999507478168797
"ZC3H13",2.59650246970312,0.378766680250363,0.544737275014531,0.695319923242372,0.486854831269231,0.999507478168797
"LCP1",8.66002030630758,0.0587279776109396,0.434138722332792,0.135274682008027,0.892394701892191,0.999507478168797
"ESD",6.48233326147996,0.115918328549418,0.328165921348676,0.353230853688355,0.72391537894933,0.999507478168797
"ITM2B",19.8071298866052,0.0178091690042543,0.304073797121588,0.0585685750394767,0.953295741184743,0.999507478168797
"EBPL",11.2010947691762,0.09199827227145,0.283446993110632,0.324569582699868,0.745506851353543,0.999507478168797
"RNASEH2B",5.52543564202358,-0.0252215828493329,0.44562233322524,-0.0565985610882402,0.954864980794592,0.999507478168797
"VPS36",3.3543115553661,0.0703418462751067,0.4811365223111,0.146199348860954,0.883764019571662,0.999507478168797
"TM9SF2",4.28542601997251,0.293914967719514,0.423467182676252,0.694067875253081,0.487639643653091,0.999507478168797
"ARGLU1",9.80466335136928,0.0607446619305732,0.36222212069828,0.167700033927999,0.866819269497312,0.999507478168797
"UPF3A",4.99274357198746,0.176972495663589,0.600364875286895,0.29477489931272,0.768165842329641,0.999507478168797
"CCNB1IP1",4.44731924167528,-0.147851580347882,0.434630534553476,-0.340177618905169,0.733722771730604,0.999507478168797
"APEX1",17.1037772085052,0.0867011068215434,0.284389939946729,0.304866996483013,0.7604674528857,0.999507478168797
"HNRNPC",15.9164964801238,-0.0766206995722672,0.223363836565435,-0.343030907556161,0.73157520842528,0.999507478168797
"AC244502.1",4.21701473236624,0.00856177247588759,0.747564785227111,0.0114528836096613,0.990862120758667,0.999507478168797
"MRPL52",5.79990665725431,0.323515837779091,0.436406438185592,0.741317747566107,0.458500803302605,0.999507478168797
"ACIN1",3.21812311619756,0.334091003726983,0.54098686644866,0.617558437083959,0.536866449307082,0.999507478168797
"PABPN1",11.5070965549461,0.166723995323426,0.288559409797385,0.577780483542343,0.563412333249202,0.999507478168797
"DCAF11",2.71778042086195,0.0282564684213097,0.562998853207091,0.0501892113284927,0.959971608832754,0.999507478168797
"PSME1",22.2243056951045,-0.138657435096811,0.2244576565737,-0.617744287334138,0.5367439135004,0.999507478168797
"PSME2",9.99196055261895,-0.00295515996123734,0.438658227047289,-0.00673681645304868,0.994624838821523,0.999507478168797
"REC8",6.05523542125433,0.152189762303835,0.409284214822912,0.371843713468608,0.71000921492854,0.999507478168797
"NEDD8",9.07726790059295,-0.265566650254053,0.31851505681696,-0.833764823892348,0.404413521043755,0.999507478168797
"SDR39U1",3.99081976442844,-0.174112655860345,0.464255071312083,-0.375036626672201,0.707633227212367,0.999507478168797
"SNX6",4.66140284429653,-0.0229703932388471,0.456754392448219,-0.0502904703679478,0.959890917706731,0.999507478168797
"PSMA6",9.86521221918647,0.00725033577480154,0.295981782883081,0.0244958852000212,0.980457065866279,0.999507478168797
"PNN",8.38745795471176,-0.308877812149909,0.384396093933595,-0.803540454818639,0.421662423979842,0.999507478168797
"MIS18BP1",3.34072061022023,0.0399655162693697,0.580610235061583,0.0688336406352374,0.94512204022776,0.999507478168797
"RPL36AL",22.1008861650241,0.00458453014596524,0.229818923644067,0.0199484449464464,0.984084499342469,0.999507478168797
"NIN",3.42963485636397,-0.288170943954841,0.568913069382841,-0.506528957521489,0.612485366542818,0.999507478168797
"RTRAF",11.5114783051898,0.0373592191442138,0.273906693193421,0.136393962150579,0.891509846580191,0.999507478168797
"CNIH1",4.68278234999772,0.0356209713149814,0.448193100043725,0.0794768400305722,0.936653352309698,0.999507478168797
"KTN1",7.00084431077434,-0.0410602450606648,0.357504306175316,-0.114852448911565,0.90856207585853,0.999507478168797
"HIF1A",2.43212267238426,-0.0641993167427403,0.638836944437497,-0.100494057680506,0.919952100241317,0.999507478168797
"ERH",8.94791227839356,-0.165518683837454,0.295970215829204,-0.559241014754573,0.575997245126016,0.999507478168797
"COX16",3.30586603844389,0.373635826745914,0.487096328936458,0.767067630260575,0.443041306410552,0.999507478168797
"RBM25",7.05841702642793,0.320203526740477,0.371294948653626,0.862396668474984,0.388469273218054,0.999507478168797
"NPC2",6.14344178526579,0.0813773034308045,0.369968846525807,0.2199571780029,0.825904504953917,0.999507478168797
"TMED10",4.8811751439582,0.135903132106308,0.509291250383636,0.266847569055891,0.789586526961688,0.999507478168797
"IFI27",0.898624669163614,0.593600288661953,1.68560593799371,0.352158399114613,0.72471947373115,0.999507478168797
"PAPOLA",5.41159902476233,-0.202455397534217,0.462528406280814,-0.437714516092446,0.661593245349333,0.999507478168797
"EVL",6.50175260396444,-0.594317148600187,0.728086860308278,-0.816272317218508,0.414344403622295,0.999507478168797
"YY1",4.27483641024175,0.0872897691664452,0.413699028777731,0.210998245329078,0.832888640559249,0.999507478168797
"DYNC1H1",3.88492843580809,-0.244300281443375,0.631473458260074,-0.386873396257234,0.698849937240973,0.999507478168797
"HSP90AA1",27.2437280528296,-0.20856769192365,0.26670711690326,-0.782010222844192,0.434208565737329,0.999507478168797
"EIF5",5.53066419179306,-0.0737353767386535,0.402968615088498,-0.182980445567604,0.854813361748937,0.999507478168797
"PLD4",3.29272636548439,-0.213420972673209,1.04188101231614,-0.204841983057898,0.837695584701488,0.999507478168797
"MTA1",2.90339793400049,0.266686824326488,0.557450842614376,0.478404199867669,0.632362544961462,0.999507478168797
"CRIP1",13.7171874078988,0.0691511094354592,0.845148941924898,0.0818212104460093,0.934788889127872,0.999507478168797
"IGHM",9.82402072239449,-0.368013294222691,1.47587783198024,-0.249352138942905,0.803088403604552,0.999507478168797
"FAM30A",10.0640824299961,-0.0905429823922895,0.587946924459045,-0.153998564539811,0.87761086741559,0.999507478168797
"LINC02256",3.19797746349374,-0.377511883101357,0.516949014906922,-0.730269083053246,0.465225722443718,0.999507478168797
"NOP10",5.91623760534356,0.23230752378395,0.350859782994324,0.662109295631948,0.507901178861127,0.999507478168797
"SRP14",25.8136379394601,-0.0662937538761652,0.199502804833505,-0.332294846338078,0.739666631050274,0.999507478168797
"OIP5-AS1",3.45436620134052,-0.122980834726415,0.477411446730047,-0.257599258603354,0.796716201954202,0.999507478168797
"RTF1",4.01300990027281,0.0746814286396632,0.429732062774853,0.173786028804629,0.862033624711472,0.999507478168797
"SNAP23",2.34157995045272,-0.474288444299861,0.656000595019027,-0.723000021495566,0.46967987099623,0.999507478168797
"CCNDBP1",4.48806743764608,0.00285857754099533,0.398446097435719,0.00717431431601989,0.994275774478007,0.999507478168797
"PDIA3",9.52080191870938,0.251855396921531,0.345193770003986,0.729605858525844,0.465631140134015,0.999507478168797
"DUT",10.0078389173337,0.173311014936704,0.279063398387261,0.621045310629369,0.534569811036975,0.999507478168797
"GABPB1-AS1",3.019751404822,-0.115788614607397,0.489055978669654,-0.236759429712665,0.812843427144388,0.999507478168797
"RSL24D1",8.34682508981519,0.152468329923018,0.370949558814938,0.41102173139147,0.681056599963889,0.999507478168797
"SLTM",5.12224159008676,0.162304392741852,0.387666760449535,0.418669871395849,0.675457417538171,0.999507478168797
"GTF2A2",4.67450089055738,0.311845091215221,0.407980967476568,0.764361860172145,0.444651630647542,0.999507478168797
"VPS13C",3.96307928811562,-0.461749682185265,0.641630480944588,-0.719650477803816,0.471740224332104,0.999507478168797
"RPS27L",5.07918609663173,0.0401451423548501,0.37547920431511,0.106917085935762,0.914854758271893,0.999507478168797
"RAB11A",5.28302118574366,0.230783631419362,0.382254671346192,0.603743129172517,0.546014435044694,0.999507478168797
"ANP32A",6.6718807897193,0.0276311734973861,0.352858395030927,0.0783066915411332,0.937584094730017,0.999507478168797
"RPLP1",487.684736736571,0.0962799663592266,0.168947743576483,0.569880155372659,0.568758985322722,0.999507478168797
"PKM",4.45217076655388,0.179002372243145,0.500668635653316,0.357526634376781,0.720697590664702,0.999507478168797
"PML",3.42682750114523,0.365743212141066,0.454125753358701,0.805378707188571,0.420601175198556,0.999507478168797
"UBL7",4.4914235656167,-0.374992771238394,0.507323062569404,-0.739159716767446,0.459810018678308,0.999507478168797
"CSK",4.65056756168252,0.000973578177939417,0.450925414069885,0.00215906699325785,0.998277315118743,0.999507478168797
"SCAMP2",2.8713360297727,-0.426609007478184,0.677683941020818,-0.629510280021641,0.529015040759054,0.999507478168797
"TSPAN3",5.66324760405693,-0.213218243290229,0.383275510955493,-0.55630541789295,0.578002084033595,0.999507478168797
"TMED3",4.24840688174027,0.100733564640083,0.508000591689325,0.198294187621121,0.842814899007512,0.999507478168797
"AKAP13",4.00247325172212,0.285512905190657,0.412194701551202,0.692665150998287,0.488519713754599,0.999507478168797
"ISG20",3.31862416603468,0.190019980988514,0.658363889371656,0.288624549517546,0.772868706862803,0.999507478168797
"IDH2",7.52516036124158,0.0253194613736086,0.340269974603366,0.074409919368061,0.940684216171678,0.999507478168797
"FES",2.52779294302975,-0.427120642683967,0.730926030977994,-0.584355495059427,0.558981162707117,0.999507478168797
"CHD2",3.59802939609154,-0.22297472523173,0.55781867348088,-0.399726175963832,0.68935821025477,0.999507478168797
"MPG",4.22559919342479,0.0132653703925483,0.408536490815913,0.0324704663861367,0.974096868015045,0.999507478168797
"NME4",6.0079126686671,-0.0500485878655457,0.398592479472921,-0.125563301976313,0.900077613760642,0.999507478168797
"METTL26",5.68577394646652,0.22721116835034,0.468690851375306,0.48477833028663,0.627833595748973,0.999507478168797
"STUB1",3.82517802522868,-0.0580816092242152,0.446671221856981,-0.130032127395063,0.89654100848577,0.999507478168797
"UBE2I",8.23193530639615,-0.0572350141180538,0.31692787188817,-0.180593186004952,0.856686904721626,0.999507478168797
"NME3",3.88661629321491,0.260963274462762,0.392668569182732,0.664589159773877,0.50631330459511,0.999507478168797
"MRPS34",4.39190127747075,0.289628331997892,0.439123188198851,0.659560551074195,0.509535876741403,0.999507478168797
"SPSB3",5.10473995245197,-0.023711845558707,0.402182480369553,-0.0589579275977386,0.95298561869929,0.999507478168797
"NDUFB10",6.71329164139693,0.249170556187155,0.348934377945675,0.714090017882812,0.475171518057403,0.999507478168797
"RNPS1",6.8271402490818,-0.224073917286356,0.39995471533405,-0.560248219849601,0.575310140797741,0.999507478168797
"ATP6V0C",10.7462552594215,0.0487164496551853,0.331035794290885,0.147163691949208,0.883002818146865,0.999507478168797
"SRRM2",14.6025278817834,-0.0358652359624115,0.39745797464482,-0.0902365488941609,0.928099240967787,0.999507478168797
"ELOB",11.7883046782244,-0.0160018857676841,0.279199511039847,-0.0573134448125889,0.954295510546609,0.999507478168797
"RSL1D1",10.5060700807418,-0.250242171586044,0.333449792010475,-0.750464320512105,0.45297510487717,0.999507478168797
"GSPT1",4.5732427246345,0.0785937641677342,0.451212248408228,0.174183578670558,0.861721190582363,0.999507478168797
"CPPED1",3.21941429144919,-0.468992833120027,0.935148897259515,-0.501516747220069,0.616007494514609,0.999507478168797
"ARL6IP1",6.36354656330167,0.065259122125324,0.378448364944638,0.172438642018894,0.863092695210694,0.999507478168797
"METTL9",5.28447176827667,-0.0737526402775876,0.40020151683021,-0.184288757478343,0.853786933112842,0.999507478168797
"UQCRC2",5.6230328261166,0.0060743528398471,0.381583652326603,0.0159187973667383,0.98729917377219,0.999507478168797
"NDUFAB1",5.14840315187225,0.253855633645222,0.361167310080511,0.702875444592791,0.482133375177062,0.999507478168797
"TUFM",7.3622417011585,-0.111028575656462,0.326559249200468,-0.339995195139318,0.733860146348108,0.999507478168797
"TMEM219",7.11893899113932,-0.154317960372208,0.331364273272365,-0.465704883777156,0.641426756127736,0.999507478168797
"ALDOA",15.008932066352,0.0888068764705551,0.323364844869296,0.274633677345015,0.783597690051899,0.999507478168797
"PPP4C",5.7656154607914,0.201416253263498,0.368597242841801,0.546439934576355,0.584763565664385,0.999507478168797
"YPEL3",9.89075405637602,0.0248244224221569,0.354627977297,0.0700013084454601,0.944192618205215,0.999507478168797
"CORO1A",15.642806135032,-0.141494418124873,0.537437370377906,-0.263276106061214,0.792337774828851,0.999507478168797
"ORAI3",4.18449045518794,-0.0444102597450208,0.554212848785868,-0.0801321366733229,0.936132163552406,0.999507478168797
"FUS",8.44284155210775,0.0069907998855855,0.333176926976418,0.020982244926223,0.983259819055011,0.999507478168797
"PYCARD",8.01323115386991,0.264758996247959,0.352559268349162,0.750963086256892,0.452674871634901,0.999507478168797
"CHD9",4.05237962924989,-0.00552689010135683,0.499369177292828,-0.0110677437708893,0.991169398406673,0.999507478168797
"CIAO2B",4.24959105182328,-0.155070698899188,0.434495479040638,-0.356898302466998,0.721167940526609,0.999507478168797
"NUTF2",3.40053003537229,-0.443553269781052,0.506695464489911,-0.875384330166792,0.381364822982432,0.999507478168797
"PSMB10",7.3644641558764,0.00217872147773291,0.374796049870521,0.00581308548605458,0.995361854962069,0.999507478168797
"NOB1",3.81662573695487,-0.287657279124974,0.509152888954506,-0.564972300786998,0.572092604664235,0.999507478168797
"PSMD7",4.24626322154053,-0.145144062383383,0.460931740596525,-0.314892747883974,0.752843088064524,0.999507478168797
"GABARAPL2",7.63641601154033,0.110907722165228,0.358520571024353,0.30934828048596,0.75705660825851,0.999507478168797
"COX4I1",37.1429083692619,-0.109783199432444,0.169782801177418,-0.646609660525767,0.517884604106202,0.999507478168797
"CYBA",22.2300448919775,0.0315254032771109,0.216159172698143,0.14584346749483,0.884044960646837,0.999507478168797
"APRT",12.2818989349423,0.0314290091045817,0.293627048642144,0.107037172664858,0.91475948961975,0.999507478168797
"RPL13",322.902664168671,0.12227887919997,0.202245532230859,0.604606083759573,0.545440763381325,0.999507478168797
"YWHAE",9.13688453451775,-0.268797214642399,0.321427651828116,-0.836260393633273,0.403008429302941,0.999507478168797
"P2RX1",3.45043814326089,0.261010593298413,0.477268842830838,0.546883789334065,0.584458573394215,0.999507478168797
"PFN1",49.6133273941387,0.0365168159306845,0.166197957018884,0.219718801516527,0.826090160967765,0.999507478168797
"RPAIN",3.50068025625112,0.0513601362050415,0.528873585885655,0.0971123110998889,0.922637204230087,0.999507478168797
"XAF1",9.76817721568764,-0.306282375049928,0.394783181059166,-0.775824274550402,0.437852749094818,0.999507478168797
"RNASEK",15.669483531241,-0.149062158162512,0.260275717969722,-0.5727086618962,0.566841971615685,0.999507478168797
"C17orf49",6.28327153556883,-0.110919398471009,0.362822908234443,-0.305712224762104,0.759823764657725,0.999507478168797
"ACADVL",4.31481752816363,0.0197174339222907,0.415743538456891,0.0474269161114941,0.962172977197847,0.999507478168797
"EIF5A",8.75100867373572,0.0202249504607451,0.35337194418716,0.0572341715108914,0.954358657834439,0.999507478168797
"GPS2",4.3610254268589,-0.206193719087173,0.448721007189117,-0.459514299049232,0.645864886146554,0.999507478168797
"ACAP1",7.14097050496578,-0.136979323208831,0.345900594968505,-0.396007769866089,0.692099296293848,0.999507478168797
"TMEM256",6.50334769136134,-0.170128016366425,0.381769193010919,-0.44563055238865,0.655864137359925,0.999507478168797
"NAA38",12.2981740597838,0.293965391601239,0.368002011617198,0.798814632315181,0.424397904754901,0.999507478168797
"CHD3",2.94075627235463,-0.142619926538638,0.617998677089783,-0.230777074168263,0.817487992679448,0.999507478168797
"VAMP2",5.10924080470851,-0.226033544641815,0.390292698724297,-0.579138542382739,0.562495695341532,0.999507478168797
"NCOR1",5.16546615300232,0.0204080194995153,0.368974422687994,0.055310119739038,0.955891400123311,0.999507478168797
"UBB",29.7612056597583,-0.15446180734321,0.183452138976647,-0.841973324513117,0.399802885099215,0.999507478168797
"RASD1",2.31248161295321,-1.75179417944838,2.20550760549918,-0.794281631620982,0.427031494917754,0.999507478168797
"USP22",5.24669464423906,-0.0272402378926103,0.396340291054846,-0.0687294189044252,0.945205000666636,0.999507478168797
"WSB1",4.94924328592322,0.1531476879846,0.378013310143994,0.405138347975796,0.685375819802943,0.999507478168797
"RPL23A",73.7057100994685,0.121168249922942,0.176147488698378,0.687879519704201,0.49152865462756,0.999507478168797
"ZNF207",5.03384677793017,-0.109285554926958,0.377623909320301,-0.289403166032747,0.772272872469083,0.999507478168797
"MRPL45",3.28884263012147,0.064423852774055,0.495250524942493,0.130083360904132,0.89650047433163,0.999507478168797
"PSMB3",6.41327622517474,-0.0151735148707571,0.339153530970537,-0.0447393687081359,0.964315053408915,0.999507478168797
"RPL23",21.7191119019289,-0.00661214349859638,0.241621819200523,-0.0273656721916696,0.978168077611338,0.999507478168797
"CCR7",4.41616122624748,-0.202390136299203,1.41832054334478,-0.142697035059447,0.886529458434362,0.999507478168797
"SMARCE1",4.6212658613579,0.295957346076572,0.382523549789887,0.773697060583946,0.439109958683039,0.999507478168797
"STAT5A",3.38365837226997,-0.31137134271621,0.533509810415421,-0.583628148231722,0.559470518021414,0.999507478168797
"VAT1",3.72321879286206,-0.0480330491474107,0.515089373035702,-0.0932518736783984,0.925703464651563,0.999507478168797
"AC008105.3",3.57086727169792,0.193880273703857,0.478824476613647,0.404908861541544,0.685544504369878,0.999507478168797
"KPNB1",4.93460965798166,0.331630375229212,0.409448688664501,0.809943674043482,0.417972549137676,0.999507478168797
"ATP5MC1",4.41323759760491,0.180022891514259,0.407688707677234,0.441569482117671,0.658800771749519,0.999507478168797
"NME1",4.36247897479527,-0.252494998338644,0.498245595209704,-0.506768149615798,0.612317506720835,0.999507478168797
"NME2",33.8406870270005,0.125107629651245,0.203026779643856,0.616212451730286,0.537754311376422,0.999507478168797
"SUPT4H1",5.2553918050769,-0.291486664170145,0.436102588267282,-0.668390126571541,0.503884596311795,0.999507478168797
"LIMD2",20.066636848762,-0.00684253052372779,0.249844637286844,-0.0273871418575694,0.978150953714497,0.999507478168797
"ICAM2",4.47431414603176,0.175465186494525,0.386600607144677,0.453866815653656,0.64992468931693,0.999507478168797
"BPTF",6.10510508956227,0.267561743365072,0.376591204943368,0.710483250412894,0.47740451407458,0.999507478168797
"RPL38",35.4708532727011,0.181300617428963,0.244814871099724,0.74056210970579,0.458958989152852,0.999507478168797
"RAB37",5.40397713128869,-0.317479000791744,0.402729488299431,-0.788318238459104,0.430510582051028,0.999507478168797
"SLC9A3R1",5.69221697819961,-0.16524386952143,0.547937356225657,-0.301574381895907,0.762976539530738,0.999507478168797
"NT5C",5.26949032627944,-0.0144103061103385,0.404675214397177,-0.0356095594631481,0.971593685808071,0.999507478168797
"SUMO2",28.7376969226737,-0.027740716376831,0.174485239544734,-0.158986034860095,0.873679876451803,0.999507478168797
"RNF213",5.10929674367832,0.254865021751889,0.691961035267618,0.368322793859801,0.712632558305255,0.999507478168797
"OXLD1",3.34486148173372,0.0708844203366209,0.465169170543055,0.152384175103152,0.878883937752358,0.999507478168797
"ARHGDIA",5.01932192719665,0.210471560751759,0.382285303968687,0.550561474811489,0.581934324381031,0.999507478168797
"ALYREF",2.54143886073773,0.490145984981314,0.557449242340991,0.879265676141133,0.37925724183073,0.999507478168797
"CD7",4.91097648491196,-0.136221304155272,0.882584117484793,-0.15434370668654,0.877338737216563,0.999507478168797
"MYL12A",19.7389658247977,-0.225524792265044,0.301589959826503,-0.747786141139389,0.45458916276555,0.999507478168797
"NDUFV2",6.72562016572349,-0.14660656672102,0.381448572306963,-0.384341631781077,0.700725255388327,0.999507478168797
"ANKRD12",5.08133370026191,-0.107997076119216,0.44264240998745,-0.243982667910827,0.807244243357911,0.999507478168797
"RALBP1",5.35793103291199,-0.00404831448524518,0.392264990443337,-0.0103203563506134,0.991765693178455,0.999507478168797
"PSMG2",5.71405569054664,-0.0463692411778655,0.390635556859948,-0.118702049425803,0.905511412822919,0.999507478168797
"SNRPD1",5.6182970618129,-0.401366583745607,0.453818211277815,-0.884421501322036,0.376468720344463,0.999507478168797
"ZNF24",2.61548556051382,0.0475624839049432,0.535543239654071,0.0888116596069175,0.929231591283808,0.999507478168797
"ATP5F1A",14.1721139821027,-0.083689050954355,0.250379546164265,-0.334248752489749,0.738191858192141,0.999507478168797
"TXNL1",6.28349747343713,0.196519119456424,0.344431123732975,0.570561444408777,0.568296960139355,0.999507478168797
"BSG",7.90746918147453,-0.23957952025521,0.328349683707017,-0.729647482983367,0.465605690050521,0.999507478168797
"PRSS57",19.9082027064122,0.256446675857935,0.354698595916614,0.722998846937142,0.469680592611481,0.999507478168797
"R3HDM4",4.94095066756447,-0.421927855302965,0.615869972503476,-0.68509242882528,0.493285597572912,0.999507478168797
"TMEM259",4.26069313803827,0.220513880344609,0.539688863691178,0.408594460957401,0.68283729623808,0.999507478168797
"POLR2E",4.41509034335177,-0.380670537180738,0.487643163348176,-0.78063339300615,0.435018145781721,0.999507478168797
"GPX4",11.9184291654777,0.170297465940153,0.257201365275714,0.662117270480261,0.507896068325206,0.999507478168797
"NDUFS7",5.16928661974842,0.172075871144256,0.408323132924702,0.421420824021715,0.673447815720671,0.999507478168797
"DAZAP1",3.07391499581472,0.145167257652302,0.514098155611208,0.282372648234293,0.77765778553702,0.999507478168797
"UQCR11",11.1981942940637,-0.119758140281454,0.283988902819269,-0.421700070293479,0.673243953143332,0.999507478168797
"SF3A2",5.37507264643098,0.0184739620957218,0.397137673644989,0.0465177778934066,0.962897564714227,0.999507478168797
"OAZ1",23.1246027454634,0.138682684446944,0.24257383869831,0.571713277866803,0.567516237516327,0.999507478168797
"LSM7",12.0179326949226,-0.256954156945124,0.309358602850047,-0.830602913828374,0.406197988129216,0.999507478168797
"TIMM13",5.73326497202095,0.314134447887141,0.475533372153831,0.660593906300062,0.508872777982816,0.999507478168797
"SLC39A3",8.43291398276713,0.170985325234147,0.424212191450294,0.403065561717082,0.686899994411924,0.999507478168797
"TLE5",10.8741672471731,0.02097647347099,0.371227838959956,0.0565056584381127,0.954938987947431,0.999507478168797
"S1PR4",4.74580727010085,-0.375839634135928,0.453843711924182,-0.828125683492372,0.407599325623588,0.999507478168797
"HMG20B",5.10616117300528,-0.319833612912594,0.49154842703817,-0.650665520058227,0.515262425445279,0.999507478168797
"EEF2",83.3197141492089,0.123993804568344,0.190917473492348,0.649462840148645,0.516039257745448,0.999507478168797
"MAP2K2",7.3042919984942,-0.161800942486397,0.351834781166794,-0.459877621961692,0.645604063552536,0.999507478168797
"MYDGF",3.4663527729794,0.264088427713086,0.478550829356693,0.551850318738544,0.581050908970286,0.999507478168797
"MICOS13",5.68915452949578,0.143610976102756,0.395685184168719,0.362942515536595,0.716647826282299,0.999507478168797
"PET100",3.73749493778143,0.0891972746504462,0.485089544078618,0.183877957666286,0.854109197188392,0.999507478168797
"TRAPPC5",7.3409413676783,-0.183118088715454,0.342945016862024,-0.533957572531595,0.593370888337259,0.999507478168797
"NDUFA7",3.89979033227106,-0.0999950250939367,0.461224943758528,-0.216803159601638,0.82836174951821,0.999507478168797
"RAB11B",5.35609182636459,-0.274977784965147,0.399454270333055,-0.688383640850496,0.491211222915614,0.999507478168797
"HNRNPM",4.70077637044892,0.188263644971831,0.429660149997357,0.438168736320995,0.661263969985854,0.999507478168797
"UBL5",11.7637058296258,-0.161034592140276,0.289550237699027,-0.556154239139888,0.578105418995331,0.999507478168797
"EIF3G",16.2060610518869,-0.11353171886049,0.246368361749886,-0.460821016359835,0.644927022233775,0.999507478168797
"DNMT1",2.76080051685099,0.340705572150989,0.538335406558642,0.632887170340476,0.52680732650044,0.999507478168797
"ICAM3",9.73244740845037,-0.177476302487738,0.322176791241455,-0.550866193073257,0.581725403964143,0.999507478168797
"CDC37",10.2899523968003,-0.0725146698721148,0.286323957504461,-0.253260923410452,0.800066590513717,0.999507478168797
"ILF3",4.90566039906785,0.0254464315164262,0.466098777735066,0.054594503851907,0.956461517520907,0.999507478168797
"PRKCSH",4.1810185537167,0.341855511908146,0.406909513915765,0.840126613453708,0.400837399699836,0.999507478168797
"WDR83OS",11.8362623746376,0.0693069485244202,0.263510656684554,0.263013835555754,0.792539915215936,0.999507478168797
"DHPS",3.50843762944395,-0.105059928319782,0.480125686865502,-0.218817553806931,0.826792172264073,0.999507478168797
"TRIR",12.2639542664151,0.0518629004732621,0.250637434526494,0.206923999885499,0.836069212934644,0.999507478168797
"PRDX2",7.24462390050558,0.248207772396937,0.33296550759394,0.74544589975858,0.456002204845185,0.999507478168797
"FARSA",3.84046190446648,0.28456103271397,0.431343158022116,0.659709160610772,0.50944048691973,0.999507478168797
"RAD23A",5.23623759096545,0.372670798337059,0.461394518730384,0.807705300363201,0.419260251629254,0.999507478168797
"GADD45GIP1",5.92439149173028,0.18817766818143,0.388104952047194,0.48486283720118,0.627773645411666,0.999507478168797
"LYL1",10.5307045577965,0.0101199667544766,0.363328345276283,0.0278535018972471,0.977778994150157,0.999507478168797
"C19orf53",7.3501785735809,-0.251072956405934,0.352736809564794,-0.711785528467267,0.476597595380875,0.999507478168797
"TECR",6.75362076483091,0.142788009000488,0.356832886572619,0.40015372566124,0.689043295119182,0.999507478168797
"NDUFB7",7.18802232088992,-0.258594776871756,0.354240716733244,-0.729997328529817,0.465391817552413,0.999507478168797
"BRD4",5.74804759596215,0.32542797224203,0.369972195062446,0.879601160803728,0.37907540980637,0.999507478168797
"BST2",22.6039469781876,-0.223515761515505,0.301383435378221,-0.741632536091455,0.458310004970423,0.999507478168797
"PGLS",9.55383698674896,-0.193734142055118,0.317384821916609,-0.610407709118556,0.541591762664687,0.999507478168797
"JUND",17.9577500283544,0.265317691027219,0.513753743700107,0.516429698626378,0.605554327795161,0.999507478168797
"ISYNA1",2.9282596929857,0.355171584758335,0.520094387237568,0.682898322830967,0.494671093818061,0.999507478168797
"FKBP8",8.37012246070762,0.254366404787315,0.308349453361162,0.82492899538039,0.409411903548506,0.999507478168797
"REX1BD",5.2325547781682,0.107187109343083,0.419223404126181,0.255680165487185,0.798197811862175,0.999507478168797
"COPE",8.45365805413045,-0.02941096473525,0.298623943148075,-0.0984883007879456,0.921544561412813,0.999507478168797
"NDUFA13",14.7673069040163,-0.0706933488840001,0.264779956685926,-0.26698904920456,0.789477592615755,0.999507478168797
"UQCRFS1",7.76003593045026,-0.224564013600738,0.32968935589853,-0.681138197466869,0.4957840493975,0.999507478168797
"URI1",4.20860137694805,0.0541359614640701,0.504277492319854,0.107353515254122,0.914508530767127,0.999507478168797
"PDCD5",3.62687109089107,-0.21553815913222,0.475186594938921,-0.453586362552851,0.650126570888952,0.999507478168797
"GPI",4.57638826493165,0.212567307633492,0.419065640471194,0.507241078973889,0.611985675048379,0.999507478168797
"FXYD5",45.9300391408335,-0.0209245848407646,0.303501221363752,-0.0689439889129345,0.945034203709701,0.999507478168797
"TMEM147",3.43542243170341,0.0457035623053662,0.467454513940513,0.0977711433784172,0.922114021821218,0.999507478168797
"RBM42",3.37046352097449,-0.106951764761057,0.505292101651951,-0.211663242729107,0.832369766382906,0.999507478168797
"COX6B1",25.4059214555341,0.170477178014954,0.213043838829045,0.800197644540903,0.423596294312225,0.999507478168797
"TBCB",5.33513080176729,-0.22037289807215,0.410746525318456,-0.536517984908801,0.591600609546769,0.999507478168797
"ECH1",6.80309764283805,-0.26306707738403,0.352387194132666,-0.746528482771685,0.455348232330342,0.999507478168797
"HNRNPL",7.68018012562945,-0.0012026994943045,0.420795331170682,-0.0028581578863019,0.997719523055078,0.999507478168797
"FBL",5.76296824377793,0.0167679027222175,0.354166786910657,0.0473446504356927,0.96223854205902,0.999507478168797
"SNRPA",6.0413184803006,0.227454438607285,0.367339684657334,0.619193754738102,0.535788725587424,0.999507478168797
"HNRNPUL1",7.79092810397074,-0.00806859523708235,0.334928887833577,-0.0240904727247402,0.980780442782944,0.999507478168797
"TGFB1",12.6066134752684,0.285939138633019,0.367450079296913,0.77817138910445,0.436467981304098,0.999507478168797
"RPS19",239.519462362864,0.0162329789863857,0.185851893465,0.0873436298320128,0.930398374920853,0.999507478168797
"RABAC1",10.5708369709444,0.0315202394165548,0.303882359267794,0.103725137229101,0.917387477626904,0.999507478168797
"PAFAH1B3",4.03411620575945,0.0741068910705724,0.422147526414254,0.175547377240465,0.860649547054862,0.999507478168797
"ZNF428",8.47536442743298,-0.0798101358070209,0.302015556088198,-0.264258360863087,0.791580843313918,0.999507478168797
"TRAPPC6A",4.0726980962656,0.00206708467321834,0.417619716386627,0.00494968171307472,0.996050741505966,0.999507478168797
"CALM3",5.12420349914013,0.0265935877043925,0.476040882276572,0.0558640837257797,0.955450083161996,0.999507478168797
"AP2S1",5.24175797590972,0.245737354171877,0.356928450042407,0.688477912429456,0.491151874825846,0.999507478168797
"NOP53",17.242257612144,-0.0142250650742216,0.224751291795678,-0.0632924730290478,0.949533609400434,0.999507478168797
"KDELR1",8.91028394708745,-0.229379968431163,0.348533861053689,-0.658128216689479,0.510455745923935,0.999507478168797
"NUCB1",5.74540820281831,-0.253990526315001,0.391477742761283,-0.648799404337733,0.516468042534461,0.999507478168797
"BAX",6.20499880565256,0.11918247279313,0.369906951210462,0.322195818172988,0.747304352331329,0.999507478168797
"FTL",88.3494572934778,0.0788308424544216,0.112856777403818,0.698503397561614,0.484862433838695,0.999507478168797
"RUVBL2",3.24963438933505,0.0417431149669558,0.451085370409572,0.0925392790483412,0.926269584923243,0.999507478168797
"SNRNP70",4.6107612163468,-0.171227780173418,0.455051775566359,-0.376281973540939,0.706707279268908,0.999507478168797
"NOSIP",5.05385080945498,-0.00918544714395334,0.513254934199643,-0.0178964614500529,0.985721451916895,0.999507478168797
"PTOV1",4.86862832577041,0.117329245016558,0.403904645238417,0.290487486092914,0.771443322910222,0.999507478168797
"ETFB",4.67588938658146,0.0956483331426373,0.382737432758679,0.249905875297399,0.802660139533468,0.999507478168797
"NKG7",2.71111141011737,0.447645070797485,0.838839413989578,0.53364811349106,0.593585013699743,0.999507478168797
"PPP2R1A",7.31081024744975,-0.246634452376145,0.344589721770526,-0.715733629862551,0.474155841061605,0.999507478168797
"NDUFA3",5.35116642198842,-0.204055142438033,0.486008321534234,-0.419859359185189,0.674588198410446,0.999507478168797
"RPS9",149.936717980948,0.0327888394041274,0.154444972614244,0.212301111840163,0.831872128078568,0.999507478168797
"RPS5",128.517812236596,0.0942810169815726,0.163392567256602,0.577021455532354,0.563924961729092,0.999507478168797
"TRIM28",5.25022112390236,-0.0539777553401398,0.482643124703747,-0.111837820901877,0.910951998879072,0.999507478168797
"CHMP2A",4.00694574000277,0.0243358214206007,0.476923994751789,0.0510266241338225,0.959304305187369,0.999507478168797
"RBCK1",4.86037762302118,0.0845414263941792,0.42408113037178,0.199352011536245,0.841987396235716,0.999507478168797
"PSMF1",4.54637249264164,-0.256278586224851,0.490870412979028,-0.522090106571162,0.601607594535972,0.999507478168797
"FKBP1A",8.34490037892968,-0.131282826764133,0.312808725837422,-0.419690423956924,0.674711621541706,0.999507478168797
"SNRPB",5.56180317817589,0.0821732902653044,0.393270030886786,0.208948772628343,0.83448822933928,0.999507478168797
"CPXM1",2.77144119607539,0.34942083637229,0.591123713258847,0.591112872880608,0.554444795191951,0.999507478168797
"RNF24",3.02325101868519,-0.0941879905383853,0.494641037790354,-0.190416854531802,0.848982491285991,0.999507478168797
"TMEM230",4.40164506991778,-0.356605250424711,0.551141535672956,-0.64703025873252,0.517612360136232,0.999507478168797
"SNX5",6.46067110081644,0.0900779735421179,0.392814556797573,0.229314245063829,0.818624682490035,0.999507478168797
"COMMD7",5.68911024385181,-0.0666964037613578,0.445801698467346,-0.149610026140901,0.881072297504749,0.999507478168797
"RALY",7.78012775209382,-0.136517421264871,0.328188047105653,-0.415973166813482,0.677429638450625,0.999507478168797
"EIF2S2",5.11891264502671,0.249385758317966,0.403206491260102,0.61850630811668,0.536241640890677,0.999507478168797
"DYNLRB1",1.49150336186073,-0.831032068603509,0.962809052928717,-0.863132794686171,0.388064458799145,0.999507478168797
"EIF6",4.22496747209598,-0.0787508618774998,0.420841789626675,-0.187127000736688,0.851561058539913,0.999507478168797
"ERGIC3",8.78799569580389,-0.140665272787743,0.288121974422943,-0.488214316417448,0.625398045019502,0.999507478168797
"CPNE1",4.48435319687334,-0.207987596436829,0.462357315744671,-0.449841690299297,0.652824594472486,0.999507478168797
"ROMO1",6.62124664412604,0.307015037199118,0.383526002869928,0.800506445199864,0.423417430820266,0.999507478168797
"SCAND1",5.99212668834161,0.226517851844252,0.346908874130541,0.652960672776027,0.513781632453128,0.999507478168797
"NORAD",4.63560767477298,0.065637317315855,0.807666654882992,0.0812678311268948,0.935228956386746,0.999507478168797
"RPN2",7.39638464583847,-0.187349516162456,0.341771211090398,-0.548172315522802,0.583573589479231,0.999507478168797
"CTNNBL1",5.30714397644435,0.0944998563726875,0.489799468878852,0.192935808176757,0.847009240989765,0.999507478168797
"TOP1",5.71499673233574,0.355456381430235,0.477324318756116,0.744685253742231,0.456462015770715,0.999507478168797
"YWHAB",15.9560764838821,-0.093413557091067,0.247428267370718,-0.377537934867833,0.705773878562767,0.999507478168797
"STK4",5.33791763259477,-0.390367058318772,0.440343587640517,-0.886505604431454,0.375345135468418,0.999507478168797
"STAU1",3.13941780864516,0.366948010381281,0.480213648483676,0.764134904411727,0.444786853741457,0.999507478168797
"ZFAS1",49.1714188274121,0.0383604596160574,0.227315500244486,0.1687542625769,0.865989935425476,0.999507478168797
"UBE2V1",5.61050528825459,0.105208472538291,0.399666844176996,0.263240431552282,0.792365269510393,0.999507478168797
"ADNP",2.33304711466044,-0.226930625453624,0.633707806553218,-0.358099778962666,0.720268644463363,0.999507478168797
"PFDN4",4.21428255350128,0.207572789395641,0.538622064698829,0.385377434382873,0.699957798700531,0.999507478168797
"ATP5F1E",32.161603541099,0.112927598498001,0.280642301224743,0.402389796567293,0.687397178046424,0.999507478168797
"PPDPF",16.27545947106,0.0515417625399861,0.259791221039057,0.198396860116521,0.842734573884247,0.999507478168797
"PRPF6",4.60693210970557,-0.207161458557288,0.427934601992312,-0.484096068868509,0.628317691068148,0.999507478168797
"SOD1",11.7275410776438,0.0264527593312929,0.312439398860631,0.0846652484538054,0.932527524449353,0.999507478168797
"SON",11.0123777390719,0.128348168329115,0.27254193912133,0.470929974090985,0.637690742250566,0.999507478168797
"ATP5PO",14.5671975336384,-0.0341342198875902,0.228864253325702,-0.149146139650796,0.881438318838877,0.999507478168797
"RUNX1",2.49570701987458,-0.405390095786103,0.727938412539256,-0.556901640032962,0.577594634040561,0.999507478168797
"TTC3",6.6410013242981,0.095681357667026,0.341142162319334,0.280473562741451,0.779114205694112,0.999507478168797
"ETS2",4.32873382915761,-0.397254993104355,0.475686861971258,-0.835118698586968,0.403650879591596,0.999507478168797
"MX1",13.9232402881672,-0.493346581834222,0.584507155356193,-0.844038567044712,0.398647854597709,0.999507478168797
"SUMO3",4.25479091594711,-0.0580544879817184,0.511495645778705,-0.113499476409688,0.90963457816462,0.999507478168797
"COMT",7.87140736621058,-0.274011873675262,0.379512815326946,-0.722009541204039,0.470288611464695,0.999507478168797
"SMARCB1",5.60081779142058,0.108817728641397,0.385777806283587,0.282073584506322,0.777887087646145,0.999507478168797
"DDT",7.07190099867219,0.210859796038261,0.352323928609484,0.598482756679231,0.549517861113008,0.999507478168797
"UQCR10",10.6334457168158,0.187550304090421,0.295755790044398,0.634139078265438,0.525990061683631,0.999507478168797
"YWHAH",3.92727942976921,-0.0971094978129756,0.489652195061348,-0.198323419750643,0.842792029284719,0.999507478168797
"TXN2",4.95379190868574,0.150729186039207,0.376385576794189,0.40046483003685,0.688814182572335,0.999507478168797
"EIF3D",11.4200533038184,-0.138506319354357,0.327562709780967,-0.422839093763062,0.672412662594237,0.999507478168797
"MPST",3.88877838280514,0.338916168782147,0.451441167257858,0.750742717685208,0.452807509165868,0.999507478168797
"RAC2",21.0747054503042,-0.154959435265344,0.229869157542386,-0.674120168717156,0.500234917944883,0.999507478168797
"EIF3L",19.9629803341195,0.0499743367563877,0.264325298377404,0.189063767498464,0.850042838647857,0.999507478168797
"DDX17",13.8148889203119,0.0044965055449668,0.322565392804421,0.0139398262965337,0.988877988021479,0.999507478168797
"RPL3",188.569390176689,-0.026983129881941,0.197884754423601,-0.13635780058215,0.891538432273711,0.999507478168797
"SYNGR1",2.29631156351604,-0.0147118721471901,0.676351224115365,-0.0217518230508602,0.982645924718946,0.999507478168797
"ATF4",4.24654309253072,0.373173017405665,0.434312103069299,0.859227764477293,0.390214868248205,0.999507478168797
"ADSL",3.74559612022026,0.155901624997595,0.461441355599248,0.337857938188342,0.735470246009092,0.999507478168797
"ST13",13.2729955177925,0.217007216944022,0.25397985831268,0.854426876153542,0.392868509706296,0.999507478168797
"RBX1",7.24684765523219,-0.255956865574343,0.348617572141778,-0.734205289773084,0.462823630027934,0.999507478168797
"XRCC6",8.16235745356971,0.292068993086339,0.328673785064668,0.888628805698248,0.37420260465113,0.999507478168797
"SMDT1",12.9916294975961,0.0988834760579351,0.294189486078874,0.336121719970046,0.736779080151969,0.999507478168797
"NDUFA6",4.28243438525301,0.167298263153996,0.473232945715227,0.353522012084657,0.723697129509324,0.999507478168797
"CYB5R3",4.00853688529741,-0.0141857855493364,0.461464493876536,-0.0307407953105311,0.975476256571014,0.999507478168797
"TSPO",8.75961015599017,-0.139866681875593,0.314760203154518,-0.444359485328364,0.656782700221402,0.999507478168797
"PARVG",3.69288045985094,0.287041144112146,0.540696331366891,0.530873112059961,0.595506711373321,0.999507478168797
"TRABD",3.26361394405331,0.427312421599969,0.580120200211125,0.736592901685643,0.461369952909749,0.999507478168797
"ODF3B",3.13111881058536,-0.580213512896653,0.758745021410624,-0.764701575000711,0.444449268116307,0.999507478168797
"EIF1AX",4.76372563584077,-0.186426740216472,0.501605617406443,-0.371659992925105,0.710146015576776,0.999507478168797
"SAT1",14.1070936451903,-0.156529692678853,0.488013231437878,-0.320748870307584,0.74840070920769,0.999507478168797
"UBA1",3.85601355856951,-0.134707806612847,0.46373797210741,-0.290482588692663,0.771447069036719,0.999507478168797
"USP11",3.99939647608873,0.303364107715186,0.443796633834764,0.683565589702367,0.494249519635993,0.999507478168797
"TIMP1",5.57428185401938,0.400938741312476,0.503152323122097,0.796853602552446,0.425536059918539,0.999507478168797
"UXT",15.2145658850832,-0.132825383074511,0.258522731810618,-0.51378608814877,0.60740155545062,0.999507478168797
"PQBP1",4.94704361757607,-0.182354436702237,0.438755322012105,-0.415617606336878,0.677689841189759,0.999507478168797
"SMC1A",1.97541776783562,-0.261322325132698,0.644333244995288,-0.405570141169123,0.685058471676006,0.999507478168797
"MAGED2",5.30797716555802,-0.0560751208885933,0.413052235769169,-0.135757940600836,0.892012641686882,0.999507478168797
"NBDY",5.01687878815031,-0.0260258385624859,0.393006635491885,-0.0662223896802968,0.947200771511178,0.999507478168797
"MSN",6.93707900379981,-0.243329873646179,0.351032412779312,-0.693183491859358,0.488194406659973,0.999507478168797
"IGBP1",6.84342104459811,-0.0953480706713585,0.341941798913698,-0.278842981391178,0.780365327731392,0.999507478168797
"IL2RG",9.17029438003138,-0.0138288560813156,0.604621309392211,-0.02287192969632,0.981752431393806,0.999507478168797
"NONO",9.4701931942572,-0.00898312065294149,0.30764209442124,-0.0291999073463637,0.97670515513024,0.999507478168797
"RPS4X",306.27896597411,0.0608695449631679,0.243767650629453,0.249703128392924,0.802816938721002,0.999507478168797
"ATRX",6.52325699212639,-0.132579381642468,0.33547617944334,-0.395197601995048,0.692697062283744,0.999507478168797
"BEX4",5.98434946526271,-0.165568233841373,0.396269903079615,-0.417816827759713,0.676081046497384,0.999507478168797
"BEX3",8.49026052051615,-0.257440876927283,0.34883684467074,-0.73799795193732,0.460515693689722,0.999507478168797
"SLC25A5",22.4570931332216,-0.120457809153246,0.259838994899844,-0.463586341994885,0.642944141556933,0.999507478168797
"RBMX",8.37678569417178,-0.0614340462514516,0.343442627519523,-0.178877172863347,0.858034147099908,0.999507478168797
"IDH3G",3.61222615563869,0.0442043898831859,0.433491433560599,0.101972926016326,0.918778164946714,0.999507478168797
"ATP6AP1",3.3259578167971,0.182298016147034,0.499361345898093,0.365062329402317,0.7150648799326,0.999507478168797
"FUNDC2",3.09532483202132,0.126291092137262,0.527940882138375,0.23921445830399,0.810939291977186,0.999507478168797
"MT-ND1",60.492825615647,-0.0240620509338865,0.247702917196127,-0.0971407652612933,0.922614607927607,0.999507478168797
"MT-CO1",282.988478170773,-0.0896714843001592,0.153606865634127,-0.583772632362319,0.559373293276864,0.999507478168797
"MT-CO2",207.456150018141,0.00393825424527436,0.179862357292033,0.0218959336715465,0.982530968458792,0.999507478168797
"MT-ATP6",110.353329794262,-0.0709087426012175,0.210642514757943,-0.336630725676159,0.736395290975171,0.999507478168797
"MT-CO3",102.228293342644,-0.0323063578569616,0.219715846265798,-0.147036995310204,0.88310281962337,0.999507478168797
"MT-ND5",41.6573630331421,-0.011854065629584,0.355631497758907,-0.0333324401924044,0.973409484593392,0.999507478168797
"MT-ND6",12.3198030757783,0.0147890695297152,0.486616351438815,0.0303916411480775,0.975754711175584,0.999507478168797
"CCT7",7.2659331568247,0.000156157354911977,0.342118334198738,0.000456442520912266,0.999635811572316,0.999635811572316
"TRA2B",5.5741687046906,0.000218199531332633,0.414056115609021,0.000526980578494029,0.999579530352038,0.999635811572316
"IL32",1.98736293616248,0.210559616814813,2.40679073811979,0.0874856353233704,NA,NA
"RPS4Y1",3.9913162557695,0.843010308121757,3.55651663547977,0.237032578369491,NA,NA
