"ID","Description","setSize","enrichmentScore","NES","pvalue","p.adjust","qvalue","rank","leading_edge","core_enrichment","log2err"
"GO:0045912","negative regulation of carbohydrate metabolic process",25,0.640268575548746,2.13107998203378,9.26002637123603e-05,0.0250761514133072,0.0182924961446242,1447,"tags=44%, list=15%, signal=37%","GIT1/GSK3A/PLEK/EP300/PRKACA/TGFB1/CLK2/AP2A1/USP7/TIGAR/KAT2A",0.538434096309916
"GO:0050853","B cell receptor signaling pathway",66,0.513470146984883,2.10349872636162,2.68212214455179e-05,0.0108947801511694,0.00794750042089934,966,"tags=35%, list=10%, signal=32%","IGHM/CD79B/LAT2/IGHD/IGHG4/MS4A1/IGKC/IGHG3/FOXP1/SYK/BTK/SH2B2/PLEKHA1/CD72/FCMR/NFATC2/RFTN1/CD19/IGLC1/VAV3/LYN/IGLC3/CD79A",0.575610261071129
"GO:0042554","superoxide anion generation",19,0.670706291220648,2.06739430514663,0.000234114606275203,0.032792190713444,0.0239211756346763,751,"tags=53%, list=8%, signal=49%","NCF1/SYK/NCF2/RAC2/ITGB2/TGFB1/GNAI2/GSTP1/NCF4/CYBA",0.518848077743792
"GO:0046530","photoreceptor cell differentiation",11,-0.775909692886656,-2.03683990920012,0.000159136430219339,0.0307815323595692,0.0224544449717368,1383,"tags=64%, list=14%, signal=54%","AHI1/BBS4/ARL3/RDH13/TOPORS/STAT3/RAB37",0.518848077743792
"GO:0002275","myeloid cell activation involved in immune response",51,0.527591887634739,2.03332180800889,4.49719642525852e-05,0.0140520091380001,0.0102506289240495,1697,"tags=41%, list=18%, signal=34%","LAT2/SBNO2/FES/SPI1/LGALS9/SYK/BTK/RAC2/SNAP23/ITGB2/NMI/GRN/STXBP2/LYN/FGR/IGHE/VAMP8/CX3CR1/CD300A/TYROBP/PTGDR",0.557332238758646
"GO:0043300","regulation of leukocyte degranulation",26,0.604289652217877,2.03218319834655,0.000233306541949331,0.032792190713444,0.0239211756346763,1544,"tags=46%, list=16%, signal=39%","FES/SPI1/LGALS9/SYK/RAC2/ITGB2/STXBP2/LYN/FGR/VAMP8/LAMP1/CD300A",0.518848077743792
"GO:0060392","negative regulation of SMAD protein signal transduction",10,0.796950674806352,2.01868441435523,0.000341722348942464,0.0356067884874185,0.0259743622692798,197,"tags=40%, list=2%, signal=39%","PMEPA1/FAM89B/EID2/ENG",0.49849310876659
"GO:0003229","ventricular cardiac muscle tissue development",16,0.682170613924914,1.99503991103369,0.000860739235115463,0.0554579296602017,0.0404553293596614,1131,"tags=44%, list=12%, signal=39%","MBD2/DSP/ENG/MBD3/TGFB1/HOPX/FKBP1A",0.477270815362862
"GO:0043299","leukocyte degranulation",44,0.529752010333575,1.98959478325425,0.000197161719647479,0.0312484166319103,0.0227950266906385,1697,"tags=43%, list=18%, signal=36%","LAT2/FES/SPI1/LGALS9/SYK/BTK/RAC2/SNAP23/ITGB2/STXBP2/LYN/HCK/FGR/IGHE/VAMP8/LAMP1/CD300A/NKG7/PTGDR",0.518848077743792
"GO:0043303","mast cell degranulation",27,0.592444111617944,1.97956424548797,0.000312780839163671,0.0356067884874185,0.0259743622692798,1697,"tags=48%, list=18%, signal=40%","LAT2/FES/LGALS9/BTK/RAC2/SNAP23/STXBP2/LYN/FGR/IGHE/VAMP8/CD300A/PTGDR",0.49849310876659
"GO:0002279","mast cell activation involved in immune response",29,0.58167885222037,1.97147969893663,0.000342407163269002,0.0356067884874185,0.0259743622692798,1697,"tags=45%, list=18%, signal=37%","LAT2/FES/LGALS9/BTK/RAC2/SNAP23/STXBP2/LYN/FGR/IGHE/VAMP8/CD300A/PTGDR",0.49849310876659
"GO:0014003","oligodendrocyte development",14,0.705569799426239,1.97036936894172,0.000783184865976009,0.0521524086163041,0.0380440250907223,844,"tags=50%, list=9%, signal=46%","B4GALT5/TGFB1/PTEN/GSTP1/MIOS/LYN/NSUN5",0.477270815362862
"GO:0050858","negative regulation of antigen receptor-mediated signaling pathway",33,0.555421117460344,1.95378695991299,0.00088743609746753,0.0554579296602017,0.0404553293596614,3290,"tags=67%, list=34%, signal=44%","PTPRJ/CSK/CD72/LILRB4/LYN/PVRIG/DGKZ/CD300A/DUSP22/DUSP3/PHPT1/GPS2/LPXN/GBP1/LAG3/FYN/LAPTM5/CD5/NCK1/PTPN6/PTPN2/FCRL3",0.477270815362862
"GO:0048644","muscle organ morphogenesis",15,0.676864265516873,1.946825868242,0.000718943240187886,0.0510432687794361,0.0372349321858601,1668,"tags=53%, list=17%, signal=44%","ZFPM1/DSP/ENG/TGFB1/FKBP1A/S1PR1/TTN/NOTCH1",0.477270815362862
"GO:0055008","cardiac muscle tissue morphogenesis",15,0.676864265516873,1.946825868242,0.000718943240187886,0.0510432687794361,0.0372349321858601,1668,"tags=53%, list=17%, signal=44%","ZFPM1/DSP/ENG/TGFB1/FKBP1A/S1PR1/TTN/NOTCH1",0.477270815362862
"GO:0060415","muscle tissue morphogenesis",15,0.676864265516873,1.946825868242,0.000718943240187886,0.0510432687794361,0.0372349321858601,1668,"tags=53%, list=17%, signal=44%","ZFPM1/DSP/ENG/TGFB1/FKBP1A/S1PR1/TTN/NOTCH1",0.477270815362862
"GO:0048738","cardiac muscle tissue development",55,0.490326489458263,1.94647144342138,0.000183575719670896,0.0310701905542992,0.0226650147209452,1668,"tags=40%, list=17%, signal=33%","MBD2/FES/ZFPM1/DSP/FOXP1/GSK3A/TOMM70/ENG/MBD3/YY1/ARRB2/TGFB1/G6PD/HOPX/FKBP1A/PDLIM5/S1PR1/MAML1/TTN/KAT2A/KRAS/NOTCH1",0.518848077743792
"GO:0010591","regulation of lamellipodium assembly",23,0.605451537494247,1.93583796138093,0.000941413731920208,0.0555286422045356,0.0405069125920037,1248,"tags=43%, list=13%, signal=38%","CFL1/RAC2/BRK1/ARPC2/WAS/TWF2/PIK3R1/ACTR3/AKIRIN1/ABI3",0.477270815362862
"GO:0002886","regulation of myeloid leukocyte mediated immunity",33,0.550316930217207,1.93583212499026,0.00105487483816047,0.0579040755757813,0.0422397385376257,1607,"tags=42%, list=17%, signal=35%","FES/SPI1/LGALS9/SYK/BTK/RAC2/ITGB2/STXBP2/LYN/FGR/VAMP8/CX3CR1/CD300A/TYROBP",0.45505986738723
"GO:0043113","receptor clustering",22,0.616954113535215,1.93564147856668,0.000732047569387102,0.0510432687794361,0.0372349321858601,1970,"tags=59%, list=21%, signal=47%","GIT1/GSN/ZDHHC2/ITGB2/CD53/PICK1/ITGAL/SCRIB/CD81/LARGE1/DAG1/FLNA/MESD",0.477270815362862
"GO:0010592","positive regulation of lamellipodium assembly",19,0.625661615055293,1.92854797523977,0.00134694976090521,0.0629455834482696,0.0459174066853641,932,"tags=42%, list=10%, signal=38%","CFL1/RAC2/BRK1/ARPC2/TWF2/PIK3R1/ACTR3/AKIRIN1",0.45505986738723
"GO:0060323","head morphogenesis",12,0.708842837495816,1.91971313291257,0.00325592281121881,0.0989730740458319,0.0721986618107684,511,"tags=33%, list=5%, signal=32%","RRAS/SCX/EP300/TGFB1",0.431707695803346
"GO:0060325","face morphogenesis",10,0.757759144874399,1.91941185816146,0.00157272053887357,0.0679616045628132,0.0495764828086025,511,"tags=40%, list=5%, signal=38%","RRAS/SCX/EP300/TGFB1",0.45505986738723
"GO:0010171","body morphogenesis",15,0.666368908159493,1.91663867379144,0.0012355669889515,0.0612091013638291,0.0446506815284096,511,"tags=27%, list=5%, signal=25%","RRAS/SCX/EP300/TGFB1",0.45505986738723
"GO:0045576","mast cell activation",35,0.537789788684169,1.91660534964151,0.000464523555491785,0.0410194496175572,0.029922778484484,1697,"tags=40%, list=18%, signal=33%","LAT2/FES/LGALS9/BTK/RAC2/SNAP23/STXBP2/LYN/PTPRE/FGR/IGHE/VAMP8/CD300A/PTGDR",0.49849310876659
"GO:0061615","glycolytic process through fructose-6-phosphate",18,0.632713768959607,1.91431366401271,0.00171164552289997,0.0724240011877048,0.052831702148732,1653,"tags=56%, list=17%, signal=46%","PFKL/FOXK2/TPI1/GAPDH/PRKACA/PKM/ENO1/PGK1/ENO3/PFKP",0.45505986738723
"GO:0002448","mast cell mediated immunity",28,0.57368038469405,1.89777101440309,0.000960935313072491,0.0557617034528637,0.0406769256022236,1697,"tags=46%, list=18%, signal=38%","LAT2/FES/LGALS9/BTK/RAC2/SNAP23/STXBP2/LYN/FGR/IGHE/VAMP8/CD300A/PTGDR",0.477270815362862
"GO:0050855","regulation of B cell receptor signaling pathway",18,0.62676781869292,1.89632383290824,0.00225573776731312,0.0802974830718379,0.0585752325109647,2098,"tags=56%, list=22%, signal=43%","FOXP1/CD72/FCMR/CD19/LYN/CD300A/CD81/GPS2/PRKCH/LPXN",0.431707695803346
"GO:0060324","face development",11,0.707713188646648,1.87252318958254,0.00338703186657924,0.101912025496629,0.0743425616938425,511,"tags=36%, list=5%, signal=34%","RRAS/SCX/EP300/TGFB1",0.431707695803346
"GO:0060390","regulation of SMAD protein signal transduction",24,0.550457404076094,1.86388638004519,0.00547218920097432,0.134715348693077,0.0982718582278977,2579,"tags=54%, list=27%, signal=40%","PMEPA1/FAM89B/EID2/ENG/TGFB1/CSNK2B/PIN1/PARP1/BMPR2/GDF11/CRKL/SH2B1/TGFBR3",0.407017918923954
"GO:0002431","Fc receptor mediated stimulatory signaling pathway",26,0.553521675214175,1.86145409599917,0.00192429882340327,0.0748436601151496,0.0545967896564626,2557,"tags=62%, list=27%, signal=45%","PTPRJ/SYK/CSK/LIMK1/VAV3/LYN/HCK/VAV2/FGR/PLA2G6/FCER2/PLSCR1/PAK1/PTK2/FYN/PRKCD",0.45505986738723
"GO:0001909","leukocyte mediated cytotoxicity",78,0.436650947633988,1.86035501388056,0.000336340894628409,0.0356067884874185,0.0259743622692798,1660,"tags=32%, list=17%, signal=27%","CD1C/PLEKHM2/SPI1/LGALS9/CD1D/KLRC4/GSDMB/ARRB2/TGFB1/HLA-DRB1/PIK3R1/SLAMF6/STXBP2/KLRB1/KLRD1/PRF1/IGHE/PIK3R6/CX3CR1/LILRB1/NCR3/LAMP1/TYROBP/HLA-DRA/NKG7",0.49849310876659
"GO:0002274","myeloid leukocyte activation",110,0.414018048513504,1.84534945339967,5.30966507048036e-05,0.015405613940208,0.0112380535977015,2557,"tags=45%, list=27%, signal=33%","LAT2/SBNO2/FES/SPI1/LGALS9/FOXP1/SYK/BTK/RAC2/BATF/SNAP23/ITGB2/NMI/JUND/LILRB4/PREX1/GRN/STXBP2/LYN/MFHAS1/PTPRE/AIF1/FGR/IGHE/APP/VAMP8/CX3CR1/ANXA1/CD200/STK39/CD300A/TYROBP/IL4R/PTGDR/CD2/SYT11/IL16/CD74/CST7/FCER2/PLSCR1/MILR1/FCER1G/CCL5/PTGDS/MYO18A/ITGAM/LRRK2/PRKCD",0.557332238758646
"GO:0071867","response to monoamine",19,0.597185059517044,1.84077144843424,0.00366381804622786,0.105549141161543,0.0769957568824269,1209,"tags=42%, list=13%, signal=37%","MBD2/GSK3A/GNAS/ARRB2/AKT1/SIN3A/GNB1/APP",0.431707695803346
"GO:0071868","cellular response to monoamine stimulus",19,0.597185059517044,1.84077144843424,0.00366381804622786,0.105549141161543,0.0769957568824269,1209,"tags=42%, list=13%, signal=37%","MBD2/GSK3A/GNAS/ARRB2/AKT1/SIN3A/GNB1/APP",0.431707695803346
"GO:0030575","nuclear body organization",12,-0.697608245718092,-1.84002299305907,0.00186645416939315,0.0748436601151496,0.0545967896564626,316,"tags=33%, list=3%, signal=32%","USPL1/HIPK2/CDKN2A/NEAT1",0.45505986738723
"GO:0001910","regulation of leukocyte mediated cytotoxicity",49,0.479796703285112,1.83919746263135,0.000614685566004647,0.0499370553822176,0.0364279740537995,1633,"tags=37%, list=17%, signal=31%","CD1C/SPI1/LGALS9/CD1D/KLRC4/ARRB2/TGFB1/HLA-DRB1/SLAMF6/KLRB1/KLRD1/PIK3R6/CX3CR1/LILRB1/NCR3/LAMP1/TYROBP/HLA-DRA",0.477270815362862
"GO:0001779","natural killer cell differentiation",11,-0.699254260725505,-1.83561179603925,0.00262122368647998,0.0872738574957515,0.0636643428831876,1243,"tags=45%, list=13%, signal=40%","KAT7/TOX/RABL3/ZBTB1/PRDM1",0.431707695803346
"GO:0032928","regulation of superoxide anion generation",13,0.671383300749974,1.83346082931107,0.00393027496162458,0.110101909614614,0.0803169004663252,1607,"tags=62%, list=17%, signal=51%","SYK/ITGB2/TGFB1/GNAI2/GSTP1/CYBA/APP/TYROBP",0.407017918923954
"GO:0032930","positive regulation of superoxide anion generation",13,0.671383300749974,1.83346082931107,0.00393027496162458,0.110101909614614,0.0803169004663252,1607,"tags=62%, list=17%, signal=51%","SYK/ITGB2/TGFB1/GNAI2/GSTP1/CYBA/APP/TYROBP",0.407017918923954
"GO:0098901","regulation of cardiac muscle cell action potential",11,0.692764138972523,1.83296981877346,0.00486656390818436,0.127258082575688,0.0928319480338086,825,"tags=36%, list=9%, signal=33%","DSP/CAMK2D/JUP/BIN1",0.407017918923954
"GO:0002263","cell activation involved in immune response",178,0.379843438998684,1.82871512886608,7.02144472251406e-06,0.00570422169257042,0.00416110317726243,1697,"tags=30%, list=18%, signal=25%","CD1C/BRD4/LAT2/SBNO2/FES/LFNG/CCR6/SPI1/LGALS9/PSMB4/SYK/BTK/RAC2/PSMB8/TNFSF13/BATF/SNAP23/ITGB2/EP300/TGFB1/PSMA2/NMI/PSMA7/HLA-DRB1/GRN/GAPT/CD19/PMS2/TBX21/SLAMF6/STXBP2/LYN/DOCK11/CLCF1/ITGAL/EXOSC3/SPN/FGR/IGHE/APP/VAMP8/PSMB9/CX3CR1/LILRB1/ANXA1/LAMP1/CD300A/CD81/TYROBP/PSMB3/HLA-DRA/NKG7/PTGDR",0.610526878385931
"GO:0006007","glucose catabolic process",15,0.635799199548988,1.82871277411035,0.00323935764096881,0.0989730740458319,0.0721986618107684,1653,"tags=60%, list=17%, signal=50%","PFKL/FOXK2/TPI1/GAPDH/PKM/ENO1/PGK1/ENO3/PFKP",0.431707695803346
"GO:0061621","canonical glycolysis",15,0.635799199548988,1.82871277411035,0.00323935764096881,0.0989730740458319,0.0721986618107684,1653,"tags=60%, list=17%, signal=50%","PFKL/FOXK2/TPI1/GAPDH/PKM/ENO1/PGK1/ENO3/PFKP",0.431707695803346
"GO:0061718","glucose catabolic process to pyruvate",15,0.635799199548988,1.82871277411035,0.00323935764096881,0.0989730740458319,0.0721986618107684,1653,"tags=60%, list=17%, signal=50%","PFKL/FOXK2/TPI1/GAPDH/PKM/ENO1/PGK1/ENO3/PFKP",0.431707695803346
"GO:0002719","negative regulation of cytokine production involved in immune response",12,0.673747190199591,1.82466586508569,0.00753665666535997,0.156529659306566,0.114184913872597,1426,"tags=50%, list=15%, signal=43%","TGFB1/LILRB4/TBX21/CUEDC2/TNFRSF14/LILRB1",0.407017918923954
"GO:0051897","positive regulation of phosphatidylinositol 3-kinase/protein kinase B signal transduction",67,0.443137776034103,1.82028476057072,0.000323275839862738,0.0356067884874185,0.0259743622692798,1706,"tags=34%, list=18%, signal=28%","MAZ/VEGFB/LTK/PTPRJ/ENG/ARRB2/AKT1/TGFB1/OSBPL8/CD19/HCLS1/VAV3/VAV2/MFHAS1/FGR/APP/ADAM8/PARK7/PECAM1/CX3CR1/LARGE1/CCDC88A/DAG1",0.49849310876659
"GO:0002223","stimulatory C-type lectin receptor signaling pathway",16,0.622190181573164,1.81962432733637,0.00667533445440755,0.148984662383536,0.108681006002091,2974,"tags=81%, list=31%, signal=56%","SYK/KLRC4/EP300/LYN/KLRD1/TYROBP/PAK1/CREBBP/FYN/KLRC1/TRAF6/PLCG2/IKBKB",0.407017918923954
"GO:1990840","response to lectin",16,0.622190181573164,1.81962432733637,0.00667533445440755,0.148984662383536,0.108681006002091,2974,"tags=81%, list=31%, signal=56%","SYK/KLRC4/EP300/LYN/KLRD1/TYROBP/PAK1/CREBBP/FYN/KLRC1/TRAF6/PLCG2/IKBKB",0.407017918923954
"GO:1990858","cellular response to lectin",16,0.622190181573164,1.81962432733637,0.00667533445440755,0.148984662383536,0.108681006002091,2974,"tags=81%, list=31%, signal=56%","SYK/KLRC4/EP300/LYN/KLRD1/TYROBP/PAK1/CREBBP/FYN/KLRC1/TRAF6/PLCG2/IKBKB",0.407017918923954
"GO:0001570","vasculogenesis",16,0.621472522443374,1.81752549959853,0.00684759879010055,0.1503510610021,0.109677763480945,511,"tags=31%, list=5%, signal=30%","CCM2/RRAS/DSP/ENG/TGFB1",0.407017918923954
"GO:0061620","glycolytic process through glucose-6-phosphate",16,0.620935150207432,1.81595392932578,0.00684759879010055,0.1503510610021,0.109677763480945,1653,"tags=56%, list=17%, signal=47%","PFKL/FOXK2/TPI1/GAPDH/PKM/ENO1/PGK1/ENO3/PFKP",0.407017918923954
"GO:0002366","leukocyte activation involved in immune response",175,0.380580802564129,1.81565911717885,6.13718309002091e-06,0.00570422169257042,0.00416110317726243,1697,"tags=30%, list=18%, signal=25%","CD1C/BRD4/LAT2/SBNO2/FES/LFNG/CCR6/SPI1/LGALS9/PSMB4/SYK/BTK/RAC2/PSMB8/TNFSF13/BATF/SNAP23/ITGB2/EP300/TGFB1/PSMA2/NMI/PSMA7/HLA-DRB1/GRN/GAPT/CD19/PMS2/TBX21/SLAMF6/STXBP2/LYN/DOCK11/CLCF1/ITGAL/EXOSC3/SPN/FGR/IGHE/VAMP8/PSMB9/CX3CR1/LILRB1/ANXA1/LAMP1/CD300A/CD81/TYROBP/PSMB3/HLA-DRA/NKG7/PTGDR",0.610526878385931
"GO:1903305","regulation of regulated secretory pathway",53,0.455313410786342,1.81250023213964,0.00206684052723103,0.0792028888831362,0.0577767503337463,1544,"tags=36%, list=16%, signal=30%","FES/GIT1/SPI1/LGALS9/SYK/FBXO45/RAC2/ITGB2/GNAI2/SNAPIN/STXBP2/LYN/FGR/RAB27A/VAMP8/RAP1B/FMR1/LAMP1/CD300A",0.431707695803346
"GO:0045055","regulated exocytosis",98,0.413210915156303,1.80284223485383,0.000116851147393405,0.027102394347938,0.0197705954134832,1788,"tags=36%, list=19%, signal=29%","LAT2/FES/GIT1/SPI1/LGALS9/SYK/BTK/FBXO45/RAC2/PIP5K1C/ORAI1/PLEK/SNAP23/ITGB2/TMEM79/GNAI2/SNAPIN/DNAJC5/STXBP2/LYN/HCK/SCRIB/FGR/SYNGR2/IGHE/RAB27A/VAMP8/RAP1B/FMR1/LAMP1/CD300A/NKG7/PTGDR/CDK5/RAB10",0.538434096309916
"GO:0006801","superoxide metabolic process",31,0.531098855121045,1.7946986513626,0.00147171598101486,0.0643535663730365,0.0469444989930509,1627,"tags=48%, list=17%, signal=40%","NCF1/SYK/NCF2/RAC2/ITGB2/TGFB1/GNAI2/GSTP1/NCF4/PREX1/CYBA/APP/PARK7/TYROBP/PRDX1",0.45505986738723
"GO:0001912","positive regulation of leukocyte mediated cytotoxicity",30,0.517320460704378,1.79459836968636,0.00278689292384877,0.0920354394851522,0.0671378113093355,1633,"tags=37%, list=17%, signal=30%","CD1C/SPI1/CD1D/KLRC4/HLA-DRB1/SLAMF6/KLRD1/NCR3/LAMP1/TYROBP/HLA-DRA",0.431707695803346
"GO:0032692","negative regulation of interleukin-1 production",15,0.622488746442017,1.79042868120306,0.0048873118862155,0.127258082575688,0.0928319480338086,2368,"tags=67%, list=25%, signal=50%","GIT1/CARD16/ELF4/ARRB2/LILRB4/GSTP1/CX3CR1/SERPINB1/PML/CARD8",0.407017918923954
"GO:0031343","positive regulation of cell killing",32,0.508206501664263,1.78631781801266,0.00441833837687066,0.118856228389726,0.0867029817992672,1633,"tags=38%, list=17%, signal=31%","CD1C/SPI1/CD1D/KLRC4/HLA-DRB1/SLAMF6/KLRD1/PRF1/NCR3/LAMP1/TYROBP/HLA-DRA",0.407017918923954
"GO:0002862","negative regulation of inflammatory response to antigenic stimulus",19,0.579157802262643,1.78520398250614,0.00583722344728003,0.141135724064592,0.102955379626168,1076,"tags=47%, list=11%, signal=42%","FURIN/PSMB4/SYK/GNAS/HLA-DRB1/PLCG1/LYN/HCK/FGR",0.407017918923954
"GO:0008064","regulation of actin polymerization or depolymerization",76,0.422362244148164,1.78090182147537,0.000738442796511327,0.0510432687794361,0.0372349321858601,863,"tags=28%, list=9%, signal=25%","FLII/CFL1/COTL1/GSN/SH3BP1/ARPC5/PFN1/ARPC3/PLEK/CAPZB/BRK1/PDXP/WAS/TWF2/PREX1/NCK2/HCLS1/CAPG/CAPZA2/BIN1/HCK",0.477270815362862
"GO:0030832","regulation of actin filament length",76,0.422362244148164,1.78090182147537,0.000738442796511327,0.0510432687794361,0.0372349321858601,863,"tags=28%, list=9%, signal=25%","FLII/CFL1/COTL1/GSN/SH3BP1/ARPC5/PFN1/ARPC3/PLEK/CAPZB/BRK1/PDXP/WAS/TWF2/PREX1/NCK2/HCLS1/CAPG/CAPZA2/BIN1/HCK",0.477270815362862
"GO:0002861","regulation of inflammatory response to antigenic stimulus",25,0.53488546665802,1.78032118739977,0.00525021253622023,0.131591883791057,0.0959933598755645,1568,"tags=48%, list=16%, signal=40%","FURIN/PSMB4/SYK/BTK/GNAS/HLA-DRB1/PLCG1/LYN/HCK/FGR/PARK7/CD81",0.407017918923954
"GO:0007229","integrin-mediated signaling pathway",47,0.472029385636907,1.77707568362634,0.00147338298195283,0.0643535663730365,0.0469444989930509,2670,"tags=62%, list=28%, signal=45%","CCM2/ADAM15/ITGAE/SYK/SEMA7A/PLEK/ITGB2/ZYX/NME2/ICAM3/HCK/ITGAL/FGR/CD63/TYROBP/PLPP3/TLN1/FLNA/LIMS1/TEC/ISG15/FCER1G/PTK2/ITGAM/ITGB7/NEDD9/MYH9/ITGAX/ILK",0.45505986738723
"GO:0098840","protein transport along microtubule",10,-0.700345661994827,-1.7750375013656,0.00470365193493818,0.124877347449143,0.0910952545753146,510,"tags=40%, list=5%, signal=38%","MECP2/HOOK2/NETO1/BLOC1S6",0.407017918923954
"GO:0099118","microtubule-based protein transport",10,-0.700345661994827,-1.7750375013656,0.00470365193493818,0.124877347449143,0.0910952545753146,510,"tags=40%, list=5%, signal=38%","MECP2/HOOK2/NETO1/BLOC1S6",0.407017918923954
"GO:0014032","neural crest cell development",13,0.648105651704094,1.76989258494694,0.0083586560842637,0.156529659306566,0.114184913872597,1231,"tags=46%, list=13%, signal=40%","SEMA7A/PDCD6/TAPT1/TCOF1/CORO1C/SEMA4B",0.380730400722792
"GO:0018230","peptidyl-L-cysteine S-palmitoylation",10,0.698579312763214,1.76950872299436,0.00836171867847109,0.156529659306566,0.114184913872597,997,"tags=60%, list=10%, signal=54%","ZDHHC8/ZDHHC2/GOLGA7/ZDHHC14/ZDHHC18/ZDHHC3",0.380730400722792
"GO:0018231","peptidyl-S-diacylglycerol-L-cysteine biosynthetic process from peptidyl-cysteine",10,0.698579312763214,1.76950872299436,0.00836171867847109,0.156529659306566,0.114184913872597,997,"tags=60%, list=10%, signal=54%","ZDHHC8/ZDHHC2/GOLGA7/ZDHHC14/ZDHHC18/ZDHHC3",0.380730400722792
"GO:0051438","regulation of ubiquitin-protein transferase activity",11,-0.673885300858393,-1.76901575994645,0.00481875240083773,0.127102417222097,0.0927183936117805,2107,"tags=55%, list=22%, signal=43%","MAD2L2/ABL1/BMI1/ARRDC3/CDKN2A/CDC14B",0.407017918923954
"GO:0045589","regulation of regulatory T cell differentiation",32,0.502583601617945,1.76655363453852,0.00527624339713545,0.131591883791057,0.0959933598755645,2053,"tags=47%, list=21%, signal=37%","VSIR/PSMB4/PSMB8/TGFB1/PSMA2/PSMA7/LILRB4/HLA-DRB1/PSMB9/KAT2A/SOX12/PSMB3/HLA-DRA/PSMB10/PSMA3",0.407017918923954
"GO:0090257","regulation of muscle system process",75,0.423847068450741,1.76500158456125,0.000373475138394709,0.0356067884874185,0.0259743622692798,1885,"tags=35%, list=20%, signal=28%","GRK2/DSP/FOXO1/CAMK2D/FOXP1/GSK3A/TOMM70/ADRB2/YY1/GNAS/JUP/ARRB2/PRKACA/JUND/ENO1/BIN1/G6PD/FKBP1A/C12orf57/ROCK2/SUMO1/NOTCH1/DAG1/SRI/PARP1/GSTO1",0.49849310876659
"GO:0048640","negative regulation of developmental growth",24,0.521047832649804,1.76430356179528,0.0145283022631687,0.204654460300904,0.149290888555083,903,"tags=38%, list=9%, signal=34%","CFL1/FOXP1/GSK3A/TOMM70/YY1/GNAS/CDKN1A/PTEN/G6PD",0.380730400722792
"GO:0003073","regulation of systemic arterial blood pressure",16,0.60298469258531,1.76345697526995,0.0104400351794719,0.168953876091692,0.123248104387602,1935,"tags=56%, list=20%, signal=45%","GSK3A/ENG/ADRB2/ACE/CTSZ/CYBA/PRCP/BMPR2/PTPN1",0.380730400722792
"GO:0048709","oligodendrocyte differentiation",25,0.527855768889422,1.75692343094801,0.00630905609912199,0.148984662383536,0.108681006002091,1738,"tags=48%, list=18%, signal=39%","B4GALT5/CSK/QKI/TGFB1/PTEN/GSTP1/MIOS/LYN/NSUN5/NOTCH1/DAG1/CDK5",0.407017918923954
"GO:0008306","associative learning",20,-0.559725025641987,-1.75665655318338,0.0122348622186388,0.182422576281489,0.133073222374576,586,"tags=35%, list=6%, signal=33%","CREB1/FOS/MECP2/TUBA1A/NETO1/PIAS1/LGMN",0.380730400722792
"GO:0007015","actin filament organization",224,0.351938196979895,1.75161486432865,1.51838283451847e-05,0.00770958884226752,0.00562397402413902,2151,"tags=38%, list=23%, signal=30%","TESK1/GIPC1/TMSB10/FLII/CFL1/RHOQ/TPM4/RAC2/PXN/EFHD2/COTL1/PDLIM1/GSN/SH3BP1/ARPC5/PFN1/ARPC3/ARPC1B/RUFY3/INPPL1/PLEK/CAPZB/ZYX/RGCC/BRK1/ARPC2/PDXP/WAS/LIMK1/GMFG/TWF2/PREX1/PIK3R1/NCK2/RHOC/ARPC4/HCLS1/CAPG/CAPZA2/BIN1/CAP1/PICK1/ACTR3/HCK/WASHC1/LIMD2/IQGAP1/AIF1/CORO1C/ACTN1/WDR1/FHOD1/S1PR1/ARHGAP18/TPM3/MYO1E/ROCK2/TTN/TNFAIP1/ARHGEF12/CNN2/GBA2/ACTG1/SYNPO/IQGAP2/DIAPH1/CCDC88A/TAGLN2/ARAP1/HSP90B1/SH3KBP1/PPP1R9A/VASP/FLNA/PHACTR1/LIMS1/RHOA/PAWR/BIN3/RHOG/PAK1/DSTN/WASF2/SNX9",0.593325476396405
"GO:0032418","lysosome localization",56,0.439596212743286,1.74839921768716,0.00192347586638263,0.0748436601151496,0.0545967896564626,1222,"tags=32%, list=13%, signal=28%","PLEKHM2/LAT2/FES/LGALS9/BTK/RAC2/SNAP23/SNAPIN/STXBP2/LYN/BLOC1S2/BLOC1S1/BORCS8/BORCS7/DEF8/FGR/IGHE/VAMP8",0.45505986738723
"GO:1990849","vacuolar localization",56,0.439596212743286,1.74839921768716,0.00192347586638263,0.0748436601151496,0.0545967896564626,1222,"tags=32%, list=13%, signal=28%","PLEKHM2/LAT2/FES/LGALS9/BTK/RAC2/SNAP23/SNAPIN/STXBP2/LYN/BLOC1S2/BLOC1S1/BORCS8/BORCS7/DEF8/FGR/IGHE/VAMP8",0.45505986738723
"GO:0010453","regulation of cell fate commitment",22,0.55726597880912,1.74837499177388,0.00541566492094218,0.134136773834556,0.0978498007042196,753,"tags=32%, list=8%, signal=29%","BRD4/CHD3/CHD4/MBD3/EP300/TBX21/MTA1",0.407017918923954
"GO:0002523","leukocyte migration involved in inflammatory response",10,0.690167638192749,1.74820186312107,0.0106734468679469,0.171366107090938,0.125007773386499,1238,"tags=50%, list=13%, signal=44%","CCR6/ITGB2/TBX21/NINJ1/ADAM8",0.380730400722792
"GO:0002396","MHC protein complex assembly",19,0.566654522028435,1.74666369938936,0.00877740975000223,0.156529659306566,0.114184913872597,2564,"tags=47%, list=27%, signal=35%","HLA-DQA1/HLA-DMA/HLA-DRB1/PDIA3/HLA-DOB/HLA-DRA/HLA-DRB5/TAPBPL/HLA-DPB1",0.380730400722792
"GO:0002501","peptide antigen assembly with MHC protein complex",19,0.566654522028435,1.74666369938936,0.00877740975000223,0.156529659306566,0.114184913872597,2564,"tags=47%, list=27%, signal=35%","HLA-DQA1/HLA-DMA/HLA-DRB1/PDIA3/HLA-DOB/HLA-DRA/HLA-DRB5/TAPBPL/HLA-DPB1",0.380730400722792
"GO:0050860","negative regulation of T cell receptor signaling pathway",23,0.546185793164677,1.74634487964313,0.00754394433555068,0.156529659306566,0.114184913872597,2848,"tags=57%, list=30%, signal=40%","PTPRJ/CSK/LILRB4/PVRIG/DGKZ/DUSP22/DUSP3/PHPT1/GBP1/LAG3/FYN/LAPTM5/NCK1",0.407017918923954
"GO:0051132","NK T cell activation",16,0.596909589694982,1.74569005232951,0.0124770739992185,0.182967056262908,0.133470408441799,1544,"tags=44%, list=16%, signal=37%","LGALS9/RASAL3/ELF4/KLRF1/CLEC2B/NCR3/CD300A",0.380730400722792
"GO:0043304","regulation of mast cell degranulation",15,0.606530476114759,1.74452882347932,0.00691263761638611,0.150461613066187,0.109758408759113,1544,"tags=53%, list=16%, signal=45%","FES/LGALS9/RAC2/STXBP2/LYN/FGR/VAMP8/CD300A",0.407017918923954
"GO:0016051","carbohydrate biosynthetic process",88,0.404311004750781,1.74111610959471,0.000757258934684426,0.0512664298781357,0.0373977232565595,1650,"tags=34%, list=17%, signal=28%","DGKQ/FOXO1/PPP1CA/GSK3A/TPI1/PLEK/CHST15/EP300/ST3GAL2/AKT1/PRKACA/TGFB1/PCK2/CLK2/DGAT2/ENO1/AP2A1/G6PC3/FUT8/G6PD/USP7/PGK1/AKT2/CHST12/GYG1/ENO3/AKR1B1/KAT2A/B3GALT4/MDH2",0.477270815362862
"GO:0030029","actin filament-based process",349,0.332350081208818,1.73946233990281,6.5104640304031e-07,0.00221809094850302,0.00161804813885378,2168,"tags=36%, list=23%, signal=29%","TESK1/GIPC1/TMSB10/DSP/FLII/CFL1/CAMK2D/ABRACL/MRTFA/RHOQ/TPM4/RAC2/PXN/PDLIM2/ADRB2/EFHD2/COTL1/PDLIM1/GSN/SH3BP1/PIP5K1C/ARPC5/PFN1/QKI/ARPC3/ARPC1B/JUP/MYL6/RUFY3/INPPL1/PLEK/NUAK2/CAPZB/ZYX/RGCC/BRK1/ARPC2/PDXP/WAS/MYO9B/LIMK1/GMFG/TWF2/LLGL2/PREX1/PIK3R1/SUN2/NCK2/PARVG/RHOC/ARPC4/HCLS1/CAPG/CAPZA2/BIN1/CAP1/PICK1/ACTR3/HCK/WASHC1/LIMD2/DVL3/PHACTR2/IQGAP1/ACTA2/MICALL1/AIF1/CORO1C/SLC4A2/PDLIM5/ABI3/ARHGAP17/ACTN1/WDR1/FHOD1/S1PR1/ARHGAP18/MYOM2/TPM3/MYO1E/EHBP1L1/ROCK2/TTN/TNFAIP1/ARHGEF12/ANXA1/CNN2/GBA2/ACTG1/DVL2/SYNPO/IQGAP2/SDCBP/DBNL/TYROBP/SUMO1/DIAPH1/CCDC88A/PHPT1/ACTB/TAGLN2/CDK5/ACTN4/SRI/ARAP1/FGD3/HSP90B1/SH3KBP1/TLN1/PPP1R9A/VASP/FLNA/PHACTR1/PTPN1/PARVB/LIMS1/RHOA/ARHGAP26/PAWR/BIN3/RHOG/PAK1/DSTN/WASF2/SNX9/ACAP1",0.659444398037935
"GO:0019748","secondary metabolic process",17,0.578181913232142,1.73934149758064,0.0115555388834857,0.17915495780427,0.130689567187165,1431,"tags=41%, list=15%, signal=35%","GIPC1/AKR1A1/BDH2/DDT/MFSD12/AKR1B1/MGRN1",0.380730400722792
"GO:0032691","negative regulation of interleukin-1 beta production",14,0.622698087693772,1.73894239675243,0.00844618048330413,0.156529659306566,0.114184913872597,2368,"tags=71%, list=25%, signal=54%","GIT1/CARD16/ELF4/ARRB2/LILRB4/GSTP1/CX3CR1/SERPINB1/PML/CARD8",0.380730400722792
"GO:0002429","immune response-activating cell surface receptor signaling pathway",234,0.345890695094854,1.73859893351752,1.87394761891676e-05,0.00845775025337763,0.00616974117567352,1712,"tags=29%, list=18%, signal=25%","IGHM/CD79B/LAT2/IGHD/FCHO1/PTPRJ/IGHG4/MS4A1/IGKC/IGHG3/FOXP1/SYK/BTK/SH2B2/CSK/SKAP1/PLEKHA1/KLRC4/CD72/EP300/RGCC/AKT1/FCMR/LIMK1/NMI/NFATC2/LILRB4/RFTN1/HLA-DRB1/PLCG1/PIK3R1/CD19/SPPL3/CYBA/IGLC1/ICOSLG/VAV3/LYN/MYD88/KLRD1/IGLC3/CLEC2B/TRBC1/HCK/VAV2/CD79A/MFHAS1/FGR/PVRIG/IGHE/NINJ1/SLC39A6/TRBC2/CD247/ZAP70/TRDC/DGKZ/IRAK1/CR2/TIRAP/NCR3/CD300A/CD81/DUSP22/TYROBP/DUSP3/BLNK/CARD11/PHPT1",0.575610261071129
"GO:0046040","IMP metabolic process",12,0.640213141426923,1.73384777336871,0.0167209195657194,0.212245714169303,0.154828539841032,2138,"tags=67%, list=22%, signal=52%","PNP/GART/AMPD3/APRT/AMPD2/PAICS/NT5C2/ADSL",0.352487857583619
"GO:0050772","positive regulation of axonogenesis",24,0.511024622561009,1.73036428760168,0.0175587109427075,0.212245714169303,0.154828539841032,2105,"tags=50%, list=22%, signal=39%","SEMA7A/GDI1/JUP/RUFY3/TRPV2/LIMK1/TWF2/ANAPC2/VIM/BMPR2/METRN/PAK1",0.352487857583619
"GO:0032233","positive regulation of actin filament bundle assembly",30,0.498713285574238,1.73004958669882,0.00496527717204205,0.12846468708812,0.0937121392572525,2255,"tags=50%, list=24%, signal=38%","TESK1/PXN/PFN1/PLEK/RGCC/LIMK1/RHOC/FHOD1/ROCK2/SYNPO/CCDC88A/FLNA/RHOA/PAK1/EVL",0.407017918923954
"GO:0002399","MHC class II protein complex assembly",14,0.619263901428218,1.7293521118077,0.00905629824908434,0.157610258733527,0.114973187181599,1798,"tags=43%, list=19%, signal=35%","HLA-DQA1/HLA-DMA/HLA-DRB1/HLA-DOB/HLA-DRA/HLA-DRB5",0.380730400722792
"GO:0002503","peptide antigen assembly with MHC class II protein complex",14,0.619263901428218,1.7293521118077,0.00905629824908434,0.157610258733527,0.114973187181599,1798,"tags=43%, list=19%, signal=35%","HLA-DQA1/HLA-DMA/HLA-DRB1/HLA-DOB/HLA-DRA/HLA-DRB5",0.380730400722792
"GO:0038094","Fc-gamma receptor signaling pathway",25,0.519235234746753,1.7282307097253,0.00780908929321834,0.156529659306566,0.114184913872597,2923,"tags=68%, list=31%, signal=47%","SYK/LIMK1/VAV3/LYN/HCK/VAV2/FGR/CD247/PLA2G6/FCER2/PAK1/FCER1G/PTK2/FYN/PRKCD/PRKCE/FCGR3A",0.407017918923954
"GO:0002327","immature B cell differentiation",10,0.681132866764278,1.72531669237403,0.0122103924942015,0.182422576281489,0.133073222374576,118,"tags=30%, list=1%, signal=30%","IGHM/SPIB/SPI1",0.380730400722792
"GO:0045773","positive regulation of axon extension",18,0.570193887276219,1.72515599169626,0.0110205471581675,0.172621202331583,0.125923337520413,906,"tags=44%, list=9%, signal=40%","SEMA7A/GDI1/JUP/RUFY3/TRPV2/LIMK1/TWF2/ANAPC2",0.380730400722792
"GO:0018198","peptidyl-cysteine modification",14,0.616092649151047,1.72049609451047,0.00957378578455019,0.160035875954086,0.116742621131972,997,"tags=50%, list=10%, signal=45%","ZDHHC8/ZDHHC2/GAPDH/GOLGA7/ZDHHC14/ZDHHC18/ZDHHC3",0.380730400722792
"GO:0097494","regulation of vesicle size",14,0.615700172054551,1.71940006567027,0.00957378578455019,0.160035875954086,0.116742621131972,994,"tags=50%, list=10%, signal=45%","RIN3/SNAPIN/BLOC1S2/AP2M1/BLOC1S1/BORCS8/BORCS7",0.380730400722792
"GO:0050851","antigen receptor-mediated signaling pathway",166,0.361664067171001,1.71809365967327,0.000128214010932268,0.027102394347938,0.0197705954134832,1712,"tags=30%, list=18%, signal=25%","IGHM/CD79B/LAT2/IGHD/FCHO1/PTPRJ/IGHG4/MS4A1/IGKC/IGHG3/FOXP1/SYK/BTK/SH2B2/CSK/SKAP1/PLEKHA1/CD72/FCMR/NFATC2/LILRB4/RFTN1/HLA-DRB1/PLCG1/CD19/SPPL3/IGLC1/ICOSLG/VAV3/LYN/IGLC3/CLEC2B/TRBC1/CD79A/PVRIG/IGHE/SLC39A6/TRBC2/CD247/ZAP70/TRDC/DGKZ/CD300A/CD81/DUSP22/DUSP3/BLNK/CARD11/PHPT1",0.518848077743792
"GO:0032205","negative regulation of telomere maintenance",34,-0.486202971844774,-1.71727048368719,0.00326499062583493,0.0989730740458319,0.0721986618107684,1727,"tags=44%, list=18%, signal=36%","POT1/RAD50/ATM/NBN/TNKS2/XRN1/PARP3/TERF2IP/DCP2/TENT4B/SMG6/PIF1/GNL3L/CTC1/TNKS",0.431707695803346
"GO:0014706","striated muscle tissue development",82,0.398952966978703,1.71611307911674,0.00295587850708272,0.0945415629588191,0.0689659727853296,1711,"tags=34%, list=18%, signal=28%","MBD2/FES/ZFPM1/DSP/FOXP1/GSK3A/TOMM70/ENG/MBD3/YY1/MYL6/ARRB2/TGFB1/IGSF8/G6PD/AKIRIN1/HOPX/FKBP1A/PDLIM5/UQCC2/SIRT2/S1PR1/MAML1/TTN/KAT2A/KRAS/NOTCH1/ZBTB18",0.431707695803346
"GO:0070316","regulation of G0 to G1 transition",24,0.50524440548792,1.71079207766053,0.0202014060808694,0.229426368280164,0.167361445864174,2332,"tags=46%, list=24%, signal=35%","BCL7C/BCL7A/ARID1A/PBRM1/SMARCC2/SMARCB1/DPF3/ACTB/SMARCE1/DPF2/SMARCD2",0.352487857583619
"GO:0019882","antigen processing and presentation",73,0.416295846947282,1.70797340815751,0.00118781212499882,0.0610745930600658,0.0445525607048647,2179,"tags=40%, list=23%, signal=31%","CD1C/HLA-DQA1/CD1D/ACE/RAB33A/WAS/HLA-DMA/ERAP2/RFTN1/HLA-DRB1/MFSD6/PDIA3/IFI30/IGHE/ERAP1/RAB27A/HLA-DOB/CTSS/HLA-DRA/RAB10/HLA-DRB5/PSMB10/CD68/YTHDF1/CD74/CST7/MR1/FCER2/TAPBPL",0.45505986738723
"GO:0044872","lipoprotein localization",11,0.645266910120901,1.70729791680474,0.0151931335900705,0.205918122822178,0.150212702330153,2692,"tags=73%, list=28%, signal=52%","UNC119/ZDHHC3/PREB/SURF4/ZDHHC17/PGRMC1/SAR1B/MIA2",0.380730400722792
"GO:0032970","regulation of actin filament-based process",186,0.352624943456057,1.70700140412506,4.07247986164341e-05,0.0137853443316629,0.010056102863753,1510,"tags=28%, list=16%, signal=24%","TESK1/DSP/FLII/CFL1/CAMK2D/ABRACL/RHOQ/RAC2/PXN/ADRB2/COTL1/GSN/SH3BP1/ARPC5/PFN1/ARPC3/JUP/INPPL1/PLEK/CAPZB/RGCC/BRK1/PDXP/WAS/LIMK1/GMFG/TWF2/PREX1/PIK3R1/NCK2/RHOC/HCLS1/CAPG/CAPZA2/BIN1/PICK1/HCK/WASHC1/DVL3/IQGAP1/ACTA2/SLC4A2/ARHGAP17/WDR1/FHOD1/S1PR1/ARHGAP18/ROCK2/CNN2/GBA2/ACTG1/DVL2/SYNPO",0.557332238758646
"GO:0002443","leukocyte mediated immunity",263,0.338794045878596,1.70630709822716,1.26419654308906e-05,0.00770958884226752,0.00562397402413902,1660,"tags=27%, list=17%, signal=23%","CD1C/PLEKHM2/LAT2/FES/IL2RG/IGHD/IGHV1-69D/IGHG4/CCR6/SPI1/IGKC/LGALS9/IGHG3/SYK/IGHV2-5/BTK/RAC2/CD1D/IL21R/KLRC4/ACE/GSDMB/TNFSF13/BATF/SNAP23/ARRB2/ITGB2/WAS/FCMR/TGFB1/IL2RB/LILRB4/RFTN1/HLA-DRB1/IGHV3-21/PIK3R1/IGHV4-34/CD19/PMS2/TBX21/SLAMF6/STXBP2/IGHV6-1/IGLC1/LYN/KLRB1/KLRD1/IGHV4-59/IGLC3/CLCF1/EXOSC3/TRAF2/PRF1/FGR/IGHE/PIK3R6/VAMP8/WDR1/TNFRSF14/CR2/CX3CR1/LILRB1/NCR3/LAMP1/CD300A/CD81/TYROBP/HLA-DRA/IGHV7-4-1/IGHV4-39/NKG7",0.593325476396405
"GO:0038096","Fc-gamma receptor signaling pathway involved in phagocytosis",19,0.552736155620868,1.70376153517142,0.0128677450455795,0.186009894573466,0.135690091484351,2811,"tags=74%, list=29%, signal=52%","SYK/LIMK1/VAV3/LYN/HCK/VAV2/FGR/PLA2G6/FCER2/PAK1/PTK2/FYN/PRKCD/PRKCE",0.380730400722792
"GO:2000819","regulation of nucleotide-excision repair",26,0.506283837573221,1.70259660170344,0.00792203066729381,0.156529659306566,0.114184913872597,2332,"tags=50%, list=24%, signal=38%","BCL7C/EP300/BCL7A/ARID1A/PBRM1/SMARCC2/SMARCB1/DPF3/ACTB/SMARCE1/DPF2/CREBBP/SMARCD2",0.380730400722792
"GO:0000381","regulation of alternative mRNA splicing, via spliceosome",51,-0.443517025484433,-1.70183773630019,0.00215147408330299,0.0800891352769718,0.0584232474167805,2804,"tags=51%, list=29%, signal=36%","RBM19/RBM7/RBM5/DDX5/SRSF10/TIA1/NSRP1/RBM47/KHDRBS1/PUF60/RBM25/RBM15/RBM4B/WTAP/TRA2B/DYRK1A/SRSF4/KHDRBS2/RBPMS2/SRSF7/SRSF3/SRSF5/CELF2/RBMX/ARGLU1/DDX17",0.431707695803346
"GO:0042116","macrophage activation",51,0.441256832618353,1.70058934135277,0.00288066684741652,0.0936101498736471,0.0682865276029832,2923,"tags=55%, list=31%, signal=38%","SBNO2/FOXP1/SYK/ITGB2/NMI/JUND/GRN/MFHAS1/AIF1/IGHE/APP/CX3CR1/CD200/STK39/TYROBP/IL4R/SYT11/CD74/CST7/FCER2/MYO18A/ITGAM/LRRK2/IFI35/TMEM106A/MIF/PLCG2/FCGR3A",0.431707695803346
"GO:0110096","cellular response to aldehyde",12,0.627896521805664,1.70049147040662,0.0215794252611059,0.236907095704357,0.172818470561091,1638,"tags=58%, list=17%, signal=48%","AKR1A1/TGFB1/RDH11/PARK7/ADH5/GATD1/PNKD",0.352487857583619
"GO:0002444","myeloid leukocyte mediated immunity",61,0.424909934872221,1.69877964194265,0.00357710098067977,0.105549141161543,0.0769957568824269,1697,"tags=33%, list=18%, signal=27%","LAT2/FES/SPI1/LGALS9/SYK/BTK/RAC2/ACE/SNAP23/ITGB2/STXBP2/LYN/FGR/IGHE/VAMP8/WDR1/CX3CR1/CD300A/TYROBP/PTGDR",0.431707695803346
"GO:0009263","deoxyribonucleotide biosynthetic process",12,-0.643658413613015,-1.69772402776683,0.00820483003673498,0.156529659306566,0.114184913872597,2108,"tags=58%, list=22%, signal=46%","RRM2B/RRM1/NME3/CMPK2/DUT/ADK/DCK",0.380730400722792
"GO:0009265","2'-deoxyribonucleotide biosynthetic process",12,-0.643658413613015,-1.69772402776683,0.00820483003673498,0.156529659306566,0.114184913872597,2108,"tags=58%, list=22%, signal=46%","RRM2B/RRM1/NME3/CMPK2/DUT/ADK/DCK",0.380730400722792
"GO:0046385","deoxyribose phosphate biosynthetic process",12,-0.643658413613015,-1.69772402776683,0.00820483003673498,0.156529659306566,0.114184913872597,2108,"tags=58%, list=22%, signal=46%","RRM2B/RRM1/NME3/CMPK2/DUT/ADK/DCK",0.380730400722792
"GO:0034162","toll-like receptor 9 signaling pathway",22,0.54065229587694,1.69625096327683,0.00805280269227144,0.156529659306566,0.114184913872597,1411,"tags=32%, list=15%, signal=27%","SYK/UNC93B1/IRF5/LYN/MYD88/ZDHHC3/IRAK1",0.380730400722792
"GO:0000729","DNA double-strand break processing",12,-0.64092504952861,-1.69051446166067,0.00898370267193737,0.157610258733527,0.114973187181599,2191,"tags=58%, list=23%, signal=45%","UBE2V2/RNF138/RAD50/ATM/NBN/BLM/UBE2N",0.380730400722792
"GO:0021762","substantia nigra development",29,0.49775923537063,1.68705158137611,0.0079443617122681,0.156529659306566,0.114184913872597,2547,"tags=59%, list=27%, signal=43%","LDHA/SEC16A/ATP5PF/NDUFS3/CNP/G6PD/GNB4/COX6B1/SIRT2/DYNLL1/ACTB/RHOA/YWHAH/BASP1/GLUD1/ATP5PB/YWHAE",0.380730400722792
"GO:0062014","negative regulation of small molecule metabolic process",44,0.449119743163943,1.68676339235184,0.00528052118610099,0.131591883791057,0.0959933598755645,1447,"tags=30%, list=15%, signal=25%","GIT1/ATP5IF1/PLEK/EP300/AKT1/PRKACA/CLK2/DGAT2/USP7/PGK1/INSIG1/TIGAR/KAT2A",0.407017918923954
"GO:0002281","macrophage activation involved in immune response",11,0.637246232985167,1.68607617871401,0.0175647380692821,0.212245714169303,0.154828539841032,1607,"tags=55%, list=17%, signal=45%","SBNO2/SYK/NMI/GRN/CX3CR1/TYROBP",0.352487857583619
"GO:0060537","muscle tissue development",86,0.390428243176033,1.68490425833376,0.00227925520210345,0.0802974830718379,0.0585752325109647,1711,"tags=33%, list=18%, signal=27%","MBD2/FES/ZFPM1/DSP/FOXP1/GSK3A/TOMM70/ENG/MBD3/YY1/MYL6/ARRB2/TGFB1/IGSF8/G6PD/AKIRIN1/HOPX/FKBP1A/PDLIM5/UQCC2/SIRT2/S1PR1/MAML1/TTN/KAT2A/KRAS/NOTCH1/ZBTB18",0.431707695803346
"GO:0002252","immune effector process",377,0.323449851355518,1.68164352348648,1.63817647599927e-06,0.00221809094850302,0.00161804813885378,1660,"tags=25%, list=17%, signal=22%","CD1C/PLEKHM2/BRD4/NCF1/LAT2/SBNO2/FES/IL2RG/IGHD/LFNG/IGHV1-69D/IGHG4/CCR6/SPI1/IGKC/LGALS9/IGHG3/PSMB4/SYK/IGHV2-5/BTK/RAC2/CD1D/SEMA7A/IL21R/PSMB8/KLRC4/ACE/GSDMB/TNFSF13/BATF/SNAP23/ARRB2/ITGB2/EP300/IRF5/WAS/FCMR/TGFB1/PSMA2/NMI/PSMA7/IL2RB/LILRB4/RFTN1/HLA-DRB1/GRN/IGHV3-21/GAPT/PIK3R1/IGHV4-34/CD19/PMS2/TBX21/SLAMF6/STXBP2/IGHV6-1/IGLC1/LYN/KLRB1/KLRD1/PHB2/IGHV4-59/IGLC3/DOCK11/HCK/CLCF1/ITGAL/EXOSC3/TRAF2/PRF1/SPN/GALNT2/FGR/CUEDC2/IGHE/PIK3R6/APP/VAMP8/WDR1/PSMB9/TNFRSF14/CR2/CX3CR1/LILRB1/ANXA1/NCR3/LAMP1/CD300A/CD81/TYROBP/PSMB3/HLA-DRA/IGHV7-4-1/IGHV4-39/NKG7",0.643551836150722
"GO:0032881","regulation of polysaccharide metabolic process",18,0.555739331466408,1.68142286140663,0.0153592682535825,0.205918122822178,0.150212702330153,1157,"tags=39%, list=12%, signal=34%","PPP1CA/GSK3A/AKT1/TGFB1/AP2A1/PHKG2/AKT2",0.380730400722792
"GO:0033617","mitochondrial respiratory chain complex IV assembly",26,0.498795748117555,1.67741468848737,0.00872765272888067,0.156529659306566,0.114184913872597,2066,"tags=54%, list=22%, signal=42%","COX20/SURF1/CMC1/SMIM20/COA4/COA3/SCO2/COX16/TMEM223/STMP1/COX17/BCS1L/COA8/COA6",0.380730400722792
"GO:0051017","actin filament bundle assembly",78,0.393701199294198,1.67736725191236,0.00378642410899576,0.107555627487698,0.0784594441437005,2320,"tags=44%, list=24%, signal=33%","TESK1/CFL1/PXN/PDLIM1/PFN1/PLEK/ZYX/RGCC/PDXP/WAS/LIMK1/PIK3R1/RHOC/LIMD2/AIF1/ACTN1/FHOD1/S1PR1/ROCK2/TNFAIP1/ACTG1/SYNPO/CCDC88A/ARAP1/HSP90B1/FLNA/PHACTR1/LIMS1/RHOA/PAWR/PAK1/WASF2/EVL/LCP1",0.431707695803346
"GO:0061572","actin filament bundle organization",78,0.393701199294198,1.67736725191236,0.00378642410899576,0.107555627487698,0.0784594441437005,2320,"tags=44%, list=24%, signal=33%","TESK1/CFL1/PXN/PDLIM1/PFN1/PLEK/ZYX/RGCC/PDXP/WAS/LIMK1/PIK3R1/RHOC/LIMD2/AIF1/ACTN1/FHOD1/S1PR1/ROCK2/TNFAIP1/ACTG1/SYNPO/CCDC88A/ARAP1/HSP90B1/FLNA/PHACTR1/LIMS1/RHOA/PAWR/PAK1/WASF2/EVL/LCP1",0.431707695803346
"GO:0031341","regulation of cell killing",54,0.426628449562613,1.67598463324798,0.00436491247596897,0.11820182984924,0.0862256125817349,1633,"tags=35%, list=17%, signal=29%","CD1C/SPI1/LGALS9/CD1D/KLRC4/ARRB2/TGFB1/HLA-DRB1/SLAMF6/KLRB1/KLRD1/PRF1/PIK3R6/CX3CR1/LILRB1/NCR3/LAMP1/TYROBP/HLA-DRA",0.407017918923954
"GO:0032602","chemokine production",38,0.459616390662783,1.67576382592577,0.00730528999565546,0.156179410328171,0.11392941501309,2672,"tags=55%, list=28%, signal=40%","LGALS9/FOXP1/SYK/TGFB1/LILRB4/GSTP1/AIF1/HIF1A/APP/MUL1/IL17RA/TIRAP/IL4R/HMOX1/CD74/AIRE/SIGIRR/OAS1/ERBIN/TLR7/ADAM17",0.407017918923954
"GO:0032642","regulation of chemokine production",38,0.459616390662783,1.67576382592577,0.00730528999565546,0.156179410328171,0.11392941501309,2672,"tags=55%, list=28%, signal=40%","LGALS9/FOXP1/SYK/TGFB1/LILRB4/GSTP1/AIF1/HIF1A/APP/MUL1/IL17RA/TIRAP/IL4R/HMOX1/CD74/AIRE/SIGIRR/OAS1/ERBIN/TLR7/ADAM17",0.407017918923954
"GO:0098900","regulation of action potential",17,0.556066514787227,1.67281186500231,0.0182542629108448,0.216745269386867,0.158110865550157,1906,"tags=41%, list=20%, signal=33%","DSP/CAMK2D/JUP/BIN1/FMR1/SUMO1/FLNA",0.352487857583619
"GO:0002768","immune response-regulating cell surface receptor signaling pathway",252,0.332464206941122,1.67061514127992,3.41374494210892e-05,0.0126060290498604,0.00919581852864479,1753,"tags=29%, list=18%, signal=24%","IGHM/CD79B/LAT2/IGHD/FCHO1/PTPRJ/IGHG4/MS4A1/IGKC/IGHG3/FOXP1/SYK/BTK/SH2B2/CSK/SKAP1/PLEKHA1/KLRC4/CD72/EP300/RGCC/AKT1/FCMR/LIMK1/NMI/NFATC2/LILRB4/RFTN1/HLA-DRB1/PLCG1/PIK3R1/CD19/SPPL3/CYBA/IGLC1/ICOSLG/VAV3/LYN/MYD88/KLRD1/IGLC3/CLEC2B/TRBC1/HCK/VAV2/CD79A/MFHAS1/FGR/PVRIG/IGHE/NINJ1/SLC39A6/TRBC2/CD247/ZAP70/TRDC/DGKZ/TNFRSF14/IRAK1/CR2/LILRB1/TIRAP/NCR3/CD300A/CD81/DUSP22/TYROBP/DUSP3/BLNK/CARD11/PHPT1/CD24/IRF3",0.557332238758646
"GO:0045023","G0 to G1 transition",25,0.50187424166723,1.67044610771154,0.0122603060868652,0.182422576281489,0.133073222374576,2332,"tags=44%, list=24%, signal=33%","BCL7C/BCL7A/ARID1A/PBRM1/SMARCC2/SMARCB1/DPF3/ACTB/SMARCE1/DPF2/SMARCD2",0.380730400722792
"GO:0006909","phagocytosis",122,0.364258180635813,1.66842031001253,0.000943248722824459,0.0555286422045356,0.0405069125920037,2811,"tags=51%, list=29%, signal=36%","IL2RG/PTPRJ/SYK/NCF2/BTK/ABCA7/CSK/GSN/SH3BP1/PIP5K1C/ITGB2/PLD4/LIMK1/PRKACA/TGFB1/IL2RB/NCF4/ICAM3/CYBA/VAV3/LYN/MYD88/HCK/ITGAL/VAV2/AIF1/FGR/CORO1C/SNX3/RAB27A/CLN3/PECAM1/ANXA1/CD300A/TYROBP/ARAP1/TM9SF4/SYT11/MESD/PLA2G6/DNASE2/FCER2/PLSCR1/PAK1/TMEM175/PTK2/BIN2/GZMK/RARA/FYN/MYO18A/SIRPG/LYAR/ITGAM/PRKCD/PIK3CA/MYH9/ITGAX/SCARB1/BECN1/LMAN2/PRKCE",0.477270815362862
"GO:0030036","actin cytoskeleton organization",324,0.320156331711524,1.66262585532376,1.36732192209082e-05,0.00770958884226752,0.00562397402413902,2168,"tags=35%, list=23%, signal=28%","TESK1/GIPC1/TMSB10/FLII/CFL1/MRTFA/RHOQ/TPM4/RAC2/PXN/PDLIM2/EFHD2/COTL1/PDLIM1/GSN/SH3BP1/PIP5K1C/ARPC5/PFN1/ARPC3/ARPC1B/RUFY3/INPPL1/PLEK/NUAK2/CAPZB/ZYX/RGCC/BRK1/ARPC2/PDXP/WAS/LIMK1/GMFG/TWF2/LLGL2/PREX1/PIK3R1/NCK2/PARVG/RHOC/ARPC4/HCLS1/CAPG/CAPZA2/BIN1/CAP1/PICK1/ACTR3/HCK/WASHC1/LIMD2/DVL3/PHACTR2/IQGAP1/MICALL1/AIF1/CORO1C/SLC4A2/PDLIM5/ABI3/ARHGAP17/ACTN1/WDR1/FHOD1/S1PR1/ARHGAP18/MYOM2/TPM3/MYO1E/EHBP1L1/ROCK2/TTN/TNFAIP1/ARHGEF12/ANXA1/CNN2/GBA2/ACTG1/DVL2/SYNPO/IQGAP2/SDCBP/DBNL/TYROBP/DIAPH1/CCDC88A/PHPT1/ACTB/TAGLN2/CDK5/ACTN4/ARAP1/FGD3/HSP90B1/SH3KBP1/TLN1/PPP1R9A/VASP/FLNA/PHACTR1/PTPN1/PARVB/LIMS1/RHOA/ARHGAP26/PAWR/BIN3/RHOG/PAK1/DSTN/WASF2/SNX9/ACAP1",0.593325476396405
"GO:0009060","aerobic respiration",208,0.339327983963159,1.66242505602504,0.00020001448361144,0.0312484166319103,0.0227950266906385,2220,"tags=38%, list=23%, signal=29%","GIT1/PFKL/FOXK2/LDHA/BPGM/ATP5IF1/TPI1/GAPDH/ATP5MF/UQCRQ/UQCR11/SURF1/EP300/EIF6/PRKACA/COX7B/NDUFA12/ATP5F1E/PDHA1/ATP5PF/COX5A/PDHB/PKM/ENO1/ATP5MG/NDUFA11/OXA1L/NDUFB7/NDUFS3/NDUFB2/COX6A1/BLOC1S1/NDUFB3/NDUFB11/PGK1/NDUFC2/NDUFB4/NDUFV1/COX6C/HIF1A/ATP5F1D/COX8A/APP/COX6B1/DLAT/UQCC2/PARK7/JMJD8/ENO3/NDUFC1/CYC1/UCP2/TIGAR/CHCHD2/NDUFB8/SUCLG1/MT-ND4/MDH2/PFKP/UQCR10/SLC25A33/P2RX7/COX7C/NDUFB5/UQCC3/NDUFA1/UQCRC2/NDUFS2/PSEN1/RHOA/PGM1/NDUFS6/GPI/ADSL/NDUFB9/FLCN/SHMT2/SUCLA2",0.518848077743792
"GO:1903306","negative regulation of regulated secretory pathway",14,0.594396655518109,1.659908011917,0.0173361518205453,0.212245714169303,0.154828539841032,1738,"tags=50%, list=18%, signal=41%","SPI1/LGALS9/GNAI2/RAP1B/FMR1/CD300A/CDK5",0.352487857583619
"GO:0160165","CD8-positive, alpha-beta T cell homeostasis",14,0.594306177669827,1.6596553441002,0.0175086494274708,0.212245714169303,0.154828539841032,2053,"tags=57%, list=21%, signal=45%","PSMB4/PSMB8/PSMA2/PSMA7/PSMB9/PSMB3/PSMB10/PSMA3",0.352487857583619
"GO:0000079","regulation of cyclin-dependent protein serine/threonine kinase activity",20,-0.528392264642415,-1.65832094655922,0.0247875690837461,0.255551029487758,0.186418806642668,2223,"tags=55%, list=23%, signal=42%","HERC5/LATS1/CCNT1/CDKN1B/APC/PSMD10/CDK5RAP3/GTF2H1/BLM/CCNT2/CDKN2A",0.352487857583619
"GO:0045039","protein insertion into mitochondrial inner membrane",18,0.547966906162241,1.65790691993004,0.0176154094849554,0.212245714169303,0.154828539841032,2012,"tags=56%, list=21%, signal=44%","TIMM10/TOMM70/TIMM8B/TIMM29/OXA1L/TIMM13/ROMO1/BCS1L/TRMT10B/MAIP1",0.352487857583619
"GO:0043255","regulation of carbohydrate biosynthetic process",44,0.44126851938015,1.65727647474192,0.0074425861582976,0.156529659306566,0.114184913872597,1157,"tags=32%, list=12%, signal=28%","DGKQ/FOXO1/PPP1CA/GSK3A/PLEK/EP300/AKT1/PRKACA/TGFB1/CLK2/DGAT2/AP2A1/USP7/AKT2",0.407017918923954
"GO:0050854","regulation of antigen receptor-mediated signaling pathway",56,0.416543548789724,1.65671221390137,0.00521739348624619,0.131591883791057,0.0959933598755645,3387,"tags=62%, list=35%, signal=41%","PTPRJ/FOXP1/CSK/CD72/FCMR/LILRB4/CD19/LYN/PVRIG/DGKZ/CD300A/CD81/DUSP22/DUSP3/CARD11/PHPT1/GPS2/PRKCH/LPXN/TESPA1/GBP1/LAG3/FYN/RC3H1/LAPTM5/CD5/NCK1/CCR7/IKBKG/PTPN6/PTPRC/PTPN2/FCRL3/LCK/CD226",0.407017918923954
"GO:0046034","ATP metabolic process",157,0.348794036744925,1.65453578947211,0.000455047016074534,0.0410194496175572,0.029922778484484,2185,"tags=39%, list=23%, signal=31%","GIT1/PFKL/FOXK2/LDHA/BPGM/ATP5IF1/TPI1/NADK/CLPX/GAPDH/ATP5MF/EP300/EIF6/PRKACA/TGFB1/NDUFA12/NUDT2/ATP5F1E/ATP5MC2/ATP5PF/PKM/ENO1/ATP5MG/NDUFA11/ATP5MC3/NDUFB7/NDUFS3/NDUFB2/NMNAT1/NDUFB3/NDUFB11/PGK1/NDUFC2/NDUFB4/HSPA8/NDUFV1/HIF1A/ATP5F1D/APP/JMJD8/ENO3/NDUFC1/UCP2/TIGAR/NDUFB8/ATP6V1B2/MT-ND4/PFKP/NUDT5/P2RX7/PARP1/NDUFB5/UQCC3/AMPD2/NDUFA1/NDUFS2/PSEN1/PGM1/NDUFS6/GPI/NDUFB9/FLCN",0.49849310876659
"GO:0050867","positive regulation of cell activation",214,0.335145700559941,1.65438480486255,0.000174903034691975,0.0308893968225566,0.022533129704526,2341,"tags=36%, list=24%, signal=28%","BRD4/TCF3/HLA-DQA1/IL2RG/VSIR/FCHO1/RPS6KA1/PTPRJ/SPI1/LGALS9/RASAL3/SYK/BTK/ZMIZ1/CD1D/CSK/TNFSF13/PLEK/EP300/AKT1/HLA-DMA/TGFB1/PNP/NFATC2/JUND/LILRB4/HLA-DRB1/PMS2/NCK2/ICOSLG/VAV3/LYN/ARID1A/SOX4/CLCF1/ACTA2/AIF1/PBRM1/PIK3R6/SMARCC2/HLA-DOB/APP/ADAM8/ZAP70/SMARCB1/TNFRSF14/PCID2/ANXA1/TIRAP/CD200/SOX12/CD81/TYROBP/HLA-DRA/IL4R/CARD11/ACTB/CD24/SMARCE1/HLA-DRB5/CD2/SH3KBP1/FLNA/IL16/LEF1/CD74/RHOA/FADD/CD38/KLHL22/ZBTB7B/TESPA1/DDRGK1/TMIGD2/CCL5/SMARCD2/NKAP",0.518848077743792
"GO:1990166","protein localization to site of double-strand break",15,-0.574269507224555,-1.65420255691708,0.0193034427523062,0.222757342215533,0.162496539301562,3560,"tags=67%, list=37%, signal=42%","XRCC4/IFFO1/SLF1/TOPBP1/CYREN/RPA1/NBN/PARP3/TP53BP1/RAD17",0.352487857583619
"GO:0019318","hexose metabolic process",113,0.367173267101172,1.65305302718,0.00115117754832318,0.0602166126312358,0.0439266830162252,1653,"tags=32%, list=17%, signal=27%","MAN2B1/HECTD4/DGKQ/PFKL/FOXK2/FOXO1/PPP1CA/TPI1/GAPDH/GALK1/CHST15/EP300/AKT1/PRKACA/PCK2/CLK2/DGAT2/PDHA1/PDHB/PKM/ENO1/PHKG2/GALM/G6PC3/FUT8/G6PD/USP7/PGK1/AKT2/DLAT/ENO3/AKR1B1/KAT2A/FUCA2/MDH2/PFKP",0.45505986738723
"GO:1902905","positive regulation of supramolecular fiber organization",82,0.384097485948145,1.65221159848313,0.00599820263815714,0.14338452200925,0.104595827837486,2261,"tags=39%, list=24%, signal=30%","TESK1/FES/GIT1/CFL1/PXN/GSN/PFN1/PLEK/RGCC/BRK1/PDXP/LIMK1/NCK2/RHOC/NUMA1/BIN1/HCK/APP/FHOD1/ROCK2/SYNPO/CCDC88A/TOGARAM1/VASP/FLNA/PSEN1/RHOA/PAK1/WASF2/SNX9/EVL/PDE4DIP",0.407017918923954
"GO:0046621","negative regulation of organ growth",12,0.610056440165599,1.65217633310812,0.028939720703375,0.270237116085309,0.197131981006528,903,"tags=50%, list=9%, signal=45%","FOXP1/GSK3A/TOMM70/YY1/PTEN/G6PD",0.352487857583619
"GO:0006006","glucose metabolic process",89,0.386064809786206,1.64813574544772,0.00143147739254678,0.0643535663730365,0.0469444989930509,1447,"tags=31%, list=15%, signal=27%","HECTD4/DGKQ/PFKL/FOXK2/FOXO1/PPP1CA/TPI1/GAPDH/EP300/AKT1/PRKACA/PCK2/CLK2/DGAT2/PDHA1/PDHB/PKM/ENO1/PHKG2/GALM/G6PC3/G6PD/USP7/PGK1/AKT2/DLAT/ENO3/KAT2A",0.45505986738723
"GO:0045621","positive regulation of lymphocyte differentiation",84,0.383536855116534,1.64757163479514,0.00260037896531513,0.0872738574957515,0.0636643428831876,2341,"tags=39%, list=24%, signal=30%","BRD4/IL2RG/VSIR/SPI1/SYK/BTK/ZMIZ1/EP300/TGFB1/PNP/LILRB4/HLA-DRB1/ARID1A/SOX4/PBRM1/PIK3R6/SMARCC2/ADAM8/ZAP70/SMARCB1/PCID2/ANXA1/SOX12/HLA-DRA/ACTB/SMARCE1/LEF1/RHOA/ZBTB7B/TESPA1/DDRGK1/SMARCD2/NKAP",0.431707695803346
"GO:0046649","lymphocyte activation",479,0.306092180273811,1.64728807909128,1.35254240402509e-06,0.00221809094850302,0.00161804813885378,1808,"tags=27%, list=19%, signal=23%","CD1C/IGHM/BRD4/TCF3/HLA-DQA1/CD79B/LAT2/ZFPM1/IL2RG/SPIB/VSIR/FCHO1/LFNG/PTPRJ/CCR6/MS4A1/SPI1/LGALS9/PDCD5/FOXP1/MOV10/RASAL3/PSMB4/SYK/BTK/RAC2/ELF4/ZMIZ1/CD1D/METTL3/CSK/IL21R/GSN/YY1/PSMB8/TNFSF13/BATF/EP300/TNFAIP8L2/KLRF1/AKT1/HLA-DMA/SLC25A5/TGFB1/PSMA2/PNP/PSMA7/NFATC2/LILRB4/HLA-DRB1/GAPT/PIK3R1/CD19/PRELID1/PMS2/ICAM3/TBX21/SLAMF6/NCK2/MSN/ICOSLG/VAV3/LYN/KLRD1/PHB2/CLEC2B/ARID1A/DOCK11/TRBC1/SOX4/CLCF1/ITGAL/EXOSC3/TRAF2/CD79A/PRF1/SPN/SCRIB/AIF1/LST1/PBRM1/FGR/FKBP1A/IGHE/SLC4A2/PIK3R6/SLC39A6/SMARCC2/HLA-DOB/PAX5/TRBC2/ADAM8/CD247/ZAP70/TRDC/SMARCB1/PSMB9/PECAM1/TNFRSF14/PCID2/CR2/LILRB1/AKAP17A/KAT2A/ANXA1/TIRAP/NCR3/CD48/SOX12/LAMP1/CD300A/CD81/DDA1/CXCR5/TYROBP/DUSP3/PSMB3/PRDX1/HLA-DRA/NKG7/BLNK/CARD11/ACTB/CD24/SH2D2A/SMARCE1/NFATC3/HLA-DRB5/CD2",0.643551836150722
"GO:0033490","cholesterol biosynthetic process via lathosterol",18,0.544421277910148,1.64717940783298,0.0189835551954231,0.220949000583978,0.161177394199183,1896,"tags=44%, list=20%, signal=36%","FDFT1/TM7SF2/NSDHL/FDPS/PMVK/DHCR7/SQLE/HMGCR",0.352487857583619
"GO:0006968","cellular defense response",27,0.492942564197743,1.64709456306369,0.0108948914839717,0.172621202331583,0.125923337520413,1607,"tags=37%, list=17%, signal=31%","NCF1/CCR6/NCF2/TCIRG1/FCMR/PRF1/SPN/LSP1/CX3CR1/TYROBP",0.380730400722792
"GO:0009299","mRNA transcription",38,-0.441595885229982,-1.64660970137457,0.0166757948539509,0.212245714169303,0.154828539841032,1588,"tags=37%, list=17%, signal=31%","TAF3/NFKBIZ/NCBP1/NCBP2/TAF9/RXRB/ATF2/CREB1/TFCP2/TAF2/TAF7/NR1H2/ZBTB1/HIPK3",0.352487857583619
"GO:0055010","ventricular cardiac muscle tissue morphogenesis",12,0.607838631101514,1.64616998450529,0.0292742802437768,0.271030863898208,0.197711002426839,1668,"tags=42%, list=17%, signal=34%","DSP/ENG/TGFB1/FKBP1A/NOTCH1",0.352487857583619
"GO:0010611","regulation of cardiac muscle hypertrophy",32,0.467788843843208,1.64425198042173,0.016992861685485,0.212245714169303,0.154828539841032,2508,"tags=50%, list=26%, signal=37%","FOXO1/CAMK2D/FOXP1/GSK3A/TOMM70/YY1/ARRB2/JUND/G6PD/ROCK2/NOTCH1/PARP1/PAK1/STUB1/TWF1/LMNA",0.352487857583619
"GO:0014743","regulation of muscle hypertrophy",32,0.467788843843208,1.64425198042173,0.016992861685485,0.212245714169303,0.154828539841032,2508,"tags=50%, list=26%, signal=37%","FOXO1/CAMK2D/FOXP1/GSK3A/TOMM70/YY1/ARRB2/JUND/G6PD/ROCK2/NOTCH1/PARP1/PAK1/STUB1/TWF1/LMNA",0.352487857583619
"GO:0003208","cardiac ventricle morphogenesis",17,0.546463484784702,1.64392312219725,0.0210357863475845,0.232193924304044,0.169380316585699,1131,"tags=35%, list=12%, signal=31%","DSP/GSK3A/ENG/TGFB1/SOX4/FKBP1A",0.352487857583619
"GO:0048864","stem cell development",15,0.571279693584222,1.64313901934508,0.0157063667088894,0.208351826607358,0.151988035250018,1231,"tags=40%, list=13%, signal=35%","SEMA7A/PDCD6/TAPT1/TCOF1/CORO1C/SEMA4B",0.352487857583619
"GO:0032612","interleukin-1 production",53,0.412620870031188,1.64255083421677,0.0110491168405247,0.172621202331583,0.125923337520413,2045,"tags=42%, list=21%, signal=33%","IGHD/GIT1/LGALS9/FOXP1/CARD16/ELF4/ARRB2/NLRP2/LILRB4/GSTP1/MYD88/APP/CX3CR1/ANXA1/TYROBP/STMP1/P2RX7/HSPB1/SERPINB1/IL16/CASP1/PML",0.380730400722792
"GO:0032652","regulation of interleukin-1 production",53,0.412620870031188,1.64255083421677,0.0110491168405247,0.172621202331583,0.125923337520413,2045,"tags=42%, list=21%, signal=33%","IGHD/GIT1/LGALS9/FOXP1/CARD16/ELF4/ARRB2/NLRP2/LILRB4/GSTP1/MYD88/APP/CX3CR1/ANXA1/TYROBP/STMP1/P2RX7/HSPB1/SERPINB1/IL16/CASP1/PML",0.380730400722792
"GO:0010614","negative regulation of cardiac muscle hypertrophy",21,0.52928293858193,1.64234342893864,0.00666200468585372,0.148984662383536,0.108681006002091,903,"tags=33%, list=9%, signal=30%","FOXO1/FOXP1/GSK3A/TOMM70/YY1/JUND/G6PD",0.407017918923954
"GO:0014741","negative regulation of muscle hypertrophy",21,0.52928293858193,1.64234342893864,0.00666200468585372,0.148984662383536,0.108681006002091,903,"tags=33%, list=9%, signal=30%","FOXO1/FOXP1/GSK3A/TOMM70/YY1/JUND/G6PD",0.407017918923954
"GO:0019320","hexose catabolic process",25,0.492890899997381,1.64054581221761,0.0152166472015995,0.205918122822178,0.150212702330153,996,"tags=40%, list=10%, signal=36%","PFKL/FOXK2/TPI1/GAPDH/GALK1/PKM/ENO1/GALM/FUT8/PGK1",0.380730400722792
"GO:0021782","glial cell development",44,0.436812549400592,1.64054114490318,0.00909601528474539,0.157610258733527,0.114973187181599,1265,"tags=32%, list=13%, signal=28%","B4GALT5/TGFB1/PTEN/GSTP1/GRN/MIOS/NDRG1/LYN/NSUN5/PICK1/SOX4/MAP2K2/APP/SIRT2",0.380730400722792
"GO:0110053","regulation of actin filament organization",136,0.352313596217061,1.64045970684216,0.00110632361820569,0.0599184871620203,0.0437092071003099,1510,"tags=29%, list=16%, signal=24%","TESK1/FLII/CFL1/PXN/COTL1/GSN/SH3BP1/ARPC5/PFN1/ARPC3/INPPL1/PLEK/CAPZB/RGCC/BRK1/PDXP/WAS/LIMK1/GMFG/TWF2/PREX1/PIK3R1/NCK2/RHOC/HCLS1/CAPG/CAPZA2/BIN1/PICK1/HCK/WASHC1/WDR1/FHOD1/S1PR1/ARHGAP18/ROCK2/GBA2/ACTG1/SYNPO",0.45505986738723
"GO:0032640","tumor necrosis factor production",101,0.370943866795287,1.64038081335428,0.00189031364067353,0.0748436601151496,0.0545967896564626,2672,"tags=45%, list=28%, signal=32%","MAPKAPK2/VSIR/PTPRJ/LGALS9/FOXP1/PSMB4/SYK/BTK/ELF4/PSMB8/ARRB2/TGFB1/PSMA2/PSMA7/DDT/LILRB4/GSTP1/CYBA/SPN/APP/AKAP8/PSMB9/CX3CR1/LILRB1/SETD4/TIRAP/TYROBP/PSMB3/CD2/HSPB1/PSMB10/SYT11/LY96/PSEN1/PSMA3/FADD/FXR1/IL27RA/OAS1/RARA/LRRK2/HDAC2/NLRC3/PSMB2/ADAM17",0.45505986738723
"GO:0032680","regulation of tumor necrosis factor production",101,0.370943866795287,1.64038081335428,0.00189031364067353,0.0748436601151496,0.0545967896564626,2672,"tags=45%, list=28%, signal=32%","MAPKAPK2/VSIR/PTPRJ/LGALS9/FOXP1/PSMB4/SYK/BTK/ELF4/PSMB8/ARRB2/TGFB1/PSMA2/PSMA7/DDT/LILRB4/GSTP1/CYBA/SPN/APP/AKAP8/PSMB9/CX3CR1/LILRB1/SETD4/TIRAP/TYROBP/PSMB3/CD2/HSPB1/PSMB10/SYT11/LY96/PSEN1/PSMA3/FADD/FXR1/IL27RA/OAS1/RARA/LRRK2/HDAC2/NLRC3/PSMB2/ADAM17",0.45505986738723
"GO:0030150","protein import into mitochondrial matrix",21,0.52800637190778,1.63838229447526,0.00692671630806917,0.150461613066187,0.109758408759113,1220,"tags=33%, list=13%, signal=29%","DNLZ/TIMM17A/TOMM70/HSPA4/TIMM17B/TOMM34/SAMM50",0.407017918923954
"GO:0055007","cardiac muscle cell differentiation",27,0.489678308161823,1.63618753502491,0.0123120837147468,0.182524394340517,0.133147496389815,1447,"tags=41%, list=15%, signal=35%","FOXP1/GSK3A/TOMM70/YY1/ARRB2/TGFB1/G6PD/PDLIM5/MAML1/TTN/KAT2A",0.380730400722792
"GO:0072526","pyridine-containing compound catabolic process",58,0.408012719323494,1.63521711939411,0.00509956931374844,0.130668418577969,0.0953197124895813,1429,"tags=36%, list=15%, signal=31%","GIT1/PFKL/FOXK2/LDHA/BPGM/TPI1/GAPDH/EP300/PDXP/EIF6/PRKACA/PNP/PKM/ENO1/PGK1/HIF1A/APP/JMJD8/ENO3/UCP2/TIGAR",0.407017918923954
"GO:0005996","monosaccharide metabolic process",123,0.360657122887883,1.6345680975136,0.00123072118849132,0.0612091013638291,0.0446506815284096,1767,"tags=34%, list=18%, signal=28%","MAN2B1/HECTD4/DGKQ/PFKL/FOXK2/FOXO1/PPP1CA/CLSTN3/TPI1/GAPDH/GALK1/CHST15/EP300/AKT1/PRKACA/PCK2/CLK2/DGAT2/PDHA1/PDHB/PKM/ENO1/PHKG2/GALM/G6PC3/FUT8/G6PD/USP7/PGK1/AKT2/DLAT/FGGY/ENO3/AKR1B1/KAT2A/FUCA2/SLC2A1/MDH2/PFKP/UXS1/NUDT5/PGM2L1",0.45505986738723
"GO:1902107","positive regulation of leukocyte differentiation",114,0.362342711956972,1.63402132265542,0.0023128521711977,0.0802974830718379,0.0585752325109647,2341,"tags=39%, list=24%, signal=29%","BRD4/FES/IL2RG/VSIR/SPI1/LGALS9/SYK/BTK/ZMIZ1/EP300/TGFB1/PNP/IL2RB/LILRB4/HLA-DRB1/HCLS1/ARID1A/SOX4/PBRM1/CORO1C/PIK3R6/SMARCC2/ADAM8/ZAP70/SMARCB1/PCID2/ANXA1/SOX12/TYROBP/HLA-DRA/IL4R/ACTB/SMARCE1/LEF1/CD74/ACIN1/RHOA/FADD/ZBTB7B/TESPA1/ID2/DDRGK1/SMARCD2/NKAP",0.431707695803346
"GO:1903708","positive regulation of hemopoiesis",114,0.362342711956972,1.63402132265542,0.0023128521711977,0.0802974830718379,0.0585752325109647,2341,"tags=39%, list=24%, signal=29%","BRD4/FES/IL2RG/VSIR/SPI1/LGALS9/SYK/BTK/ZMIZ1/EP300/TGFB1/PNP/IL2RB/LILRB4/HLA-DRB1/HCLS1/ARID1A/SOX4/PBRM1/CORO1C/PIK3R6/SMARCC2/ADAM8/ZAP70/SMARCB1/PCID2/ANXA1/SOX12/TYROBP/HLA-DRA/IL4R/ACTB/SMARCE1/LEF1/CD74/ACIN1/RHOA/FADD/ZBTB7B/TESPA1/ID2/DDRGK1/SMARCD2/NKAP",0.431707695803346
"GO:0045066","regulatory T cell differentiation",34,0.458297352394781,1.63378255224764,0.0106734675268358,0.171366107090938,0.125007773386499,2053,"tags=44%, list=21%, signal=35%","VSIR/PSMB4/PSMB8/TGFB1/PSMA2/PSMA7/LILRB4/HLA-DRB1/PSMB9/KAT2A/SOX12/PSMB3/HLA-DRA/PSMB10/PSMA3",0.380730400722792
"GO:0048010","vascular endothelial growth factor receptor signaling pathway",22,0.520265986849954,1.63229063870521,0.0121584365643632,0.182422576281489,0.133073222374576,2456,"tags=45%, list=26%, signal=34%","MAPKAPK2/VEGFB/PDCD6/VAV2/HIF1A/HSPB1/PTPN1/HHEX/PTK2/FYN",0.380730400722792
"GO:0030834","regulation of actin filament depolymerization",31,0.483027029370628,1.63225348694373,0.00846727878217515,0.156529659306566,0.114184913872597,801,"tags=32%, list=8%, signal=30%","FLII/CFL1/GSN/SH3BP1/PLEK/CAPZB/PDXP/TWF2/CAPG/CAPZA2",0.380730400722792
"GO:0034242","negative regulation of syncytium formation by plasma membrane fusion",46,-0.427322922564801,-1.6304778207368,0.00875144258815554,0.156529659306566,0.114184913872597,4128,"tags=70%, list=43%, signal=40%","RPL7A/RPL34/RPL29/RPL31/RPL37/RPL17/RPL11/RPL18A/RPL10/RPL6/RPL18/RPL19/RPL39/RPL35/RPL23A/RPL10A/RPL35A/RPL30/RPL5/RPL37A/RPL4/RPL15/RPLP0/RPL14/RPL32/RPL8/RPL13/CFLAR/TMEM182/RPL13A/RPLP1/RPL27A",0.380730400722792
"GO:1901740","negative regulation of myoblast fusion",46,-0.427322922564801,-1.6304778207368,0.00875144258815554,0.156529659306566,0.114184913872597,4128,"tags=70%, list=43%, signal=40%","RPL7A/RPL34/RPL29/RPL31/RPL37/RPL17/RPL11/RPL18A/RPL10/RPL6/RPL18/RPL19/RPL39/RPL35/RPL23A/RPL10A/RPL35A/RPL30/RPL5/RPL37A/RPL4/RPL15/RPLP0/RPL14/RPL32/RPL8/RPL13/CFLAR/TMEM182/RPL13A/RPLP1/RPL27A",0.380730400722792
"GO:0043502","regulation of muscle adaptation",37,0.446344922132558,1.63037677228955,0.0118215624512111,0.179299745037989,0.130795186262076,2969,"tags=57%, list=31%, signal=39%","FOXO1/CAMK2D/FOXP1/GSK3A/TOMM70/YY1/ARRB2/JUND/G6PD/ROCK2/NOTCH1/DAG1/PARP1/PAK1/STUB1/TWF1/LMNA/PPARA/CAMK2G/FBXO32/TNFRSF1A",0.380730400722792
"GO:0097529","myeloid leukocyte migration",81,0.379701035674683,1.62990390454209,0.00559177141861507,0.136829972906111,0.0998144296786238,1568,"tags=33%, list=16%, signal=28%","VEGFB/PTPRJ/SPI1/SYK/RAC2/RIN3/PIP5K1C/ITGB2/BSG/DDT/LYN/CKLF/AKIRIN1/AIF1/CORO1C/NINJ1/APP/ADAM8/WDR1/IL17RA/PECAM1/CX3CR1/ANXA1/TIRAP/CD200/CD300A/CD81",0.407017918923954
"GO:0101023","vascular endothelial cell proliferation",13,-0.58359314242595,-1.62771064314771,0.0267198802843254,0.260105076259545,0.18974088273171,620,"tags=31%, list=6%, signal=29%","MEF2C/COL4A3/STAT3/AKT3",0.352487857583619
"GO:1902903","regulation of supramolecular fiber organization",198,0.33017378499555,1.6271299050524,0.00036641511687496,0.0356067884874185,0.0259743622692798,1510,"tags=25%, list=16%, signal=22%","TESK1/MID1IP1/FES/GIT1/FLII/CFL1/PXN/COTL1/GSN/SH3BP1/ARPC5/PFN1/PPP2CB/ARPC3/INPPL1/PLEK/CAPZB/RGCC/BRK1/PDXP/WAS/LIMK1/GMFG/TWF2/PREX1/PIK3R1/HAUS1/NCK2/RHOC/NUMA1/HCLS1/CAPG/CAPZA2/BIN1/TBCD/PICK1/HCK/WASHC1/MAP1S/HSPA8/APP/WDR1/PARK7/FHOD1/S1PR1/ARHGAP18/ROCK2/GBA2/ACTG1/SYNPO",0.49849310876659
"GO:0003206","cardiac chamber morphogenesis",22,0.518281270834979,1.62606375965946,0.012715300942525,0.185170434447876,0.135077723946054,1851,"tags=41%, list=19%, signal=33%","ZFPM1/DSP/GSK3A/ENG/TGFB1/SOX4/FKBP1A/NOTCH1/BMPR2",0.380730400722792
"GO:0061337","cardiac conduction",24,0.479865768303864,1.62485827816724,0.0342542766094251,0.290481986612703,0.21190016492626,825,"tags=29%, list=9%, signal=27%","DSP/CAMK2D/ATP2A3/JUP/ACE/PRKACA/BIN1",0.321775918075361
"GO:0060211","regulation of nuclear-transcribed mRNA poly(A) tail shortening",14,-0.585554094509148,-1.62360807553612,0.0174261602541398,0.212245714169303,0.154828539841032,2266,"tags=57%, list=24%, signal=44%","CPEB3/CNOT7/TOB1/TENT4B/TNRC6A/TNRC6B/ZFP36/BTG2",0.352487857583619
"GO:0051469","vesicle fusion with vacuole",10,0.640526727415139,1.62246091569605,0.0250745601351127,0.256215749095228,0.186903704849593,1514,"tags=40%, list=16%, signal=34%","CHMP4B/CHMP7/CHMP5/CHMP2A",0.352487857583619
"GO:0061763","multivesicular body-lysosome fusion",10,0.640526727415139,1.62246091569605,0.0250745601351127,0.256215749095228,0.186903704849593,1514,"tags=40%, list=16%, signal=34%","CHMP4B/CHMP7/CHMP5/CHMP2A",0.352487857583619
"GO:0034453","microtubule anchoring",17,-0.54638061063952,-1.62097098155572,0.026152469699137,0.258470393960814,0.188548418260014,2217,"tags=47%, list=23%, signal=36%","CEP350/PCM1/BICD1/BBS4/GCC2/NIN/CLASP1/CLASP2",0.352487857583619
"GO:0042119","neutrophil activation",24,0.478380999916738,1.61983075096207,0.0356595681892468,0.293707936081709,0.214253423496602,2557,"tags=58%, list=27%, signal=43%","SPI1/SYK/ITGB2/PREX1/GRN/STXBP2/ANXA1/CD300A/TYROBP/IL16/FCER1G/CCL5/ITGAM/PRKCD",0.321775918075361
"GO:0003298","physiological muscle hypertrophy",10,0.638996440074658,1.61858468181939,0.0257476927150147,0.256778392987249,0.187314141086636,1196,"tags=60%, list=13%, signal=53%","FOXP1/GSK3A/TOMM70/YY1/G6PD/PDLIM5",0.352487857583619
"GO:0003301","physiological cardiac muscle hypertrophy",10,0.638996440074658,1.61858468181939,0.0257476927150147,0.256778392987249,0.187314141086636,1196,"tags=60%, list=13%, signal=53%","FOXP1/GSK3A/TOMM70/YY1/G6PD/PDLIM5",0.352487857583619
"GO:0061049","cell growth involved in cardiac muscle cell development",10,0.638996440074658,1.61858468181939,0.0257476927150147,0.256778392987249,0.187314141086636,1196,"tags=60%, list=13%, signal=53%","FOXP1/GSK3A/TOMM70/YY1/G6PD/PDLIM5",0.352487857583619
"GO:0034605","cellular response to heat",44,0.430833993148654,1.61808742297628,0.0107348960069233,0.171673809370561,0.125232235373147,2586,"tags=39%, list=27%, signal=28%","MAPKAPK2/HSPA6/EP300/PDCD6/PRKACA/LYN/HSBP1/HTRA2/IRAK1/SUMO1/HMOX1/HIKESHI/RBBP7/CREBBP/STUB1/YWHAE/HDAC2",0.380730400722792
"GO:0035196","miRNA processing",37,-0.4521882857246,-1.61788072728299,0.00836171867847109,0.156529659306566,0.114184913872597,1835,"tags=49%, list=19%, signal=39%","HNRNPA2B1/PUM1/ZC3H7B/TRUB1/SMAD3/NCBP1/NCBP2/ZC3H7A/AGO3/ADAR/SMAD2/TNRC6A/SRSF3/TNRC6B/TUT7/STAT3/PUM2/SNIP1",0.380730400722792
"GO:1905517","macrophage migration",20,0.527564309575411,1.61783833477494,0.0239213337787148,0.251731755982227,0.183632731350503,2337,"tags=55%, list=24%, signal=42%","PTPRJ/DDT/CKLF/AKIRIN1/CORO1C/CX3CR1/CD200/CD81/MAPK3/CCL5/PTK2",0.352487857583619
"GO:0042269","regulation of natural killer cell mediated cytotoxicity",30,0.466288139496363,1.61756589678452,0.0141157338419023,0.2004829051252,0.146247831599854,1531,"tags=37%, list=16%, signal=31%","LGALS9/KLRC4/ARRB2/TGFB1/SLAMF6/KLRB1/KLRD1/PIK3R6/LILRB1/NCR3/LAMP1",0.380730400722792
"GO:0018212","peptidyl-tyrosine modification",54,0.411462260793916,1.61640515760042,0.00780028457340754,0.156529659306566,0.114184913872597,863,"tags=24%, list=9%, signal=22%","VEGFB/FES/IL2RG/LTK/UNC119/SYK/IL10RB/BTK/ZGPAT/ITGB2/TPST2/LYN/HCK",0.407017918923954
"GO:0051014","actin filament severing",12,0.596702197221072,1.61600990212424,0.0359361999587911,0.293707936081709,0.214253423496602,740,"tags=42%, list=8%, signal=38%","FLII/CFL1/GSN/GMFG/CAPG",0.321775918075361
"GO:0010720","positive regulation of cell development",190,0.332278576423816,1.61556531531134,0.000383440845096746,0.0356067884874185,0.0259743622692798,2341,"tags=38%, list=24%, signal=30%","BRD4/FES/IL2RG/VSIR/SPI1/LGALS9/SYK/BTK/ZMIZ1/SEMA7A/QKI/GDI1/JUP/RUFY3/EP300/TRPV2/LIMK1/TWF2/TGFB1/PNP/IL2RB/LILRB4/HLA-DRB1/HCLS1/LYN/BIN1/FXR2/ARID1A/SOX4/CLCF1/ANAPC2/SRRT/PBRM1/CORO1C/PIK3R6/SMARCC2/ADAM8/SNW1/SIRT2/ZAP70/SMARCB1/FMR1/PCID2/CX3CR1/ANXA1/SOX12/TYROBP/HLA-DRA/NOTCH1/IL4R/DAG1/VIM/ACTB/SMARCE1/BMPR2/LEF1/SPINT1/CD74/ACIN1/PRKCH/ANKRD27/RHOA/METRN/PAK1/PPP1CC/FADD/FXR1/ZBTB7B/TESPA1/ID2/DDRGK1/SMARCD2/NKAP",0.49849310876659
"GO:1902743","regulation of lamellipodium organization",29,0.476096568708407,1.6136304704205,0.0129193191740187,0.186093171932141,0.135750840470007,1248,"tags=38%, list=13%, signal=33%","CFL1/RAC2/BRK1/ARPC2/WAS/TWF2/PIK3R1/ACTR3/AKIRIN1/CORO1C/ABI3",0.380730400722792
"GO:0045590","negative regulation of regulatory T cell differentiation",16,0.551504892100758,1.61290188760967,0.0352768388132503,0.29219523125764,0.213149938886616,2624,"tags=62%, list=27%, signal=45%","PSMB4/PSMB8/PSMA2/PSMA7/PSMB9/PSMB3/PSMB10/PSMA3/LAG3/PSMB2",0.321775918075361
"GO:0002449","lymphocyte mediated immunity",212,0.327047569045764,1.61179363715539,0.000170994318482032,0.0308893968225566,0.022533129704526,970,"tags=20%, list=10%, signal=19%","CD1C/PLEKHM2/IL2RG/IGHD/IGHV1-69D/IGHG4/CCR6/IGKC/LGALS9/IGHG3/IGHV2-5/BTK/CD1D/IL21R/KLRC4/GSDMB/TNFSF13/BATF/ARRB2/WAS/FCMR/TGFB1/IL2RB/LILRB4/RFTN1/HLA-DRB1/IGHV3-21/PIK3R1/IGHV4-34/CD19/PMS2/TBX21/SLAMF6/IGHV6-1/IGLC1/KLRB1/KLRD1/IGHV4-59/IGLC3/CLCF1/EXOSC3/TRAF2/PRF1",0.518848077743792
"GO:0090322","regulation of superoxide metabolic process",17,0.535711990771249,1.61157946136903,0.0279896266614731,0.262572433022872,0.191540764752546,1607,"tags=47%, list=17%, signal=39%","SYK/ITGB2/TGFB1/GNAI2/GSTP1/CYBA/APP/TYROBP",0.352487857583619
"GO:0016114","terpenoid biosynthetic process",14,0.57701922714263,1.61137992495825,0.0246479068956387,0.255551029487758,0.186418806642668,2681,"tags=57%, list=28%, signal=41%","DHRS9/FDPS/PMVK/DPM3/HMGCR/DPM2/LSS/DPM1",0.352487857583619
"GO:0034086","maintenance of sister chromatid cohesion",10,-0.635507489430239,-1.61070409563801,0.0206167392094141,0.230663360263883,0.168263804073779,2939,"tags=70%, list=31%, signal=49%","SLF1/NIPBL/ATRX/MAU2/NSMCE2/TNKS/RB1",0.352487857583619
"GO:0034088","maintenance of mitotic sister chromatid cohesion",10,-0.635507489430239,-1.61070409563801,0.0206167392094141,0.230663360263883,0.168263804073779,2939,"tags=70%, list=31%, signal=49%","SLF1/NIPBL/ATRX/MAU2/NSMCE2/TNKS/RB1",0.352487857583619
"GO:0140507","granzyme-mediated programmed cell death signaling pathway",10,0.635512456568458,1.6097597150728,0.026757392049063,0.260105076259545,0.18974088273171,1660,"tags=60%, list=17%, signal=50%","GSDMB/UBE4B/PRF1/GZMA/LAMP1/NKG7",0.352487857583619
"GO:0032535","regulation of cellular component size",161,0.337403987004007,1.60789336129844,0.00123563424712801,0.0612091013638291,0.0446506815284096,1851,"tags=34%, list=19%, signal=28%","FLII/CFL1/RIN3/SEMA7A/COTL1/GSN/SH3BP1/ARPC5/PFN1/GDI1/ARPC3/JUP/RUFY3/PLEK/CAPZB/BRK1/TRPV2/PDXP/WAS/LIMK1/TWF2/PTEN/PREX1/SNAPIN/NCK2/MSN/HCLS1/CAPG/VAV3/CAPZA2/BIN1/BLOC1S2/HCK/AP2M1/ANAPC2/BLOC1S1/BORCS8/VAV2/BORCS7/SIN3A/CLN3/WDR1/ARHGAP4/ARHGAP18/LAMTOR4/GBA2/STK39/BORCS6/ULK1/VIM/P2RX7/SLC12A2/ABCB8/BMPR2",0.45505986738723
"GO:0052547","regulation of peptidase activity",10,0.63412116452182,1.60623555773264,0.0270939586083059,0.260105076259545,0.18974088273171,746,"tags=60%, list=8%, signal=55%","VSIR/SERPINB8/GRN/PRELID1/SVBP/PSENEN",0.352487857583619
"GO:0032729","positive regulation of type II interferon production",44,0.427437073046618,1.60532957707422,0.0117182269618057,0.179299745037989,0.130795186262076,2624,"tags=48%, list=27%, signal=35%","ZFPM1/LGALS9/PSMB4/PSMB8/PSMA2/PSMA7/SLAMF6/SCRIB/APP/PSMB9/LILRB1/PSMB3/CD2/PSMB10/PSMA3/FADD/ISG15/CEBPG/TLR7/HLA-DPB1/PSMB2",0.380730400722792
"GO:0042953","lipoprotein transport",10,0.633723178828338,1.60522745579865,0.0270939586083059,0.260105076259545,0.18974088273171,2692,"tags=70%, list=28%, signal=50%","UNC119/PREB/SURF4/ZDHHC17/PGRMC1/SAR1B/MIA2",0.352487857583619
"GO:0032720","negative regulation of tumor necrosis factor production",29,0.473459874777813,1.60469394378449,0.0149726929378464,0.204654460300904,0.149290888555083,2620,"tags=45%, list=27%, signal=33%","VSIR/LGALS9/ELF4/ARRB2/LILRB4/GSTP1/AKAP8/LILRB1/SYT11/FXR1/IL27RA/RARA/NLRC3",0.380730400722792
"GO:1903556","negative regulation of tumor necrosis factor superfamily cytokine production",29,0.473459874777813,1.60469394378449,0.0149726929378464,0.204654460300904,0.149290888555083,2620,"tags=45%, list=27%, signal=33%","VSIR/LGALS9/ELF4/ARRB2/LILRB4/GSTP1/AKAP8/LILRB1/SYT11/FXR1/IL27RA/RARA/NLRC3",0.380730400722792
"GO:0006555","methionine metabolic process",11,-0.610770121778014,-1.60333215423075,0.0190544915742783,0.221140985070624,0.161317442623038,1950,"tags=64%, list=20%, signal=51%","APIP/MTAP/MTHFR/MSRA/MTRR/ENOPH1/MTR",0.352487857583619
"GO:0019731","antibacterial humoral response",20,0.522446995223722,1.60214548524173,0.0262632460692256,0.258712992773857,0.188725388712104,1209,"tags=35%, list=13%, signal=31%","IGHM/IGHD/IGHG4/IGHG3/RNASE6/IGHE/APP",0.352487857583619
"GO:0042789","mRNA transcription by RNA polymerase II",34,-0.45360201187551,-1.60212378665516,0.00858604884724383,0.156529659306566,0.114184913872597,1588,"tags=38%, list=17%, signal=32%","TAF3/NFKBIZ/NCBP1/NCBP2/TAF9/RXRB/ATF2/CREB1/TFCP2/TAF2/TAF7/NR1H2/ZBTB1",0.380730400722792
"GO:1902745","positive regulation of lamellipodium organization",24,0.472738325389414,1.60072426947844,0.0384291595119414,0.306678282784884,0.223715003670996,1138,"tags=38%, list=12%, signal=33%","CFL1/RAC2/BRK1/ARPC2/TWF2/PIK3R1/ACTR3/AKIRIN1/CORO1C",0.321775918075361
"GO:0032956","regulation of actin cytoskeleton organization",169,0.334971803381263,1.5999889416205,0.000383457913448148,0.0356067884874185,0.0259743622692798,1563,"tags=28%, list=16%, signal=24%","TESK1/FLII/CFL1/RHOQ/RAC2/PXN/COTL1/GSN/SH3BP1/ARPC5/PFN1/ARPC3/INPPL1/PLEK/CAPZB/RGCC/BRK1/PDXP/WAS/LIMK1/GMFG/TWF2/PREX1/PIK3R1/NCK2/RHOC/HCLS1/CAPG/CAPZA2/BIN1/PICK1/HCK/WASHC1/DVL3/IQGAP1/SLC4A2/ARHGAP17/WDR1/FHOD1/S1PR1/ARHGAP18/ROCK2/GBA2/ACTG1/DVL2/SYNPO/IQGAP2",0.49849310876659
"GO:0000380","alternative mRNA splicing, via spliceosome",66,-0.392324846739058,-1.59963394615008,0.00922449233866579,0.158672645264571,0.115748174587078,2804,"tags=48%, list=29%, signal=34%","RBM19/RBM7/RBM5/DDX5/SRSF10/CDK13/TIA1/STRAP/SFPQ/NSRP1/RBM47/RSRC1/KHDRBS1/PUF60/RBM25/RBM15/RBM4B/WTAP/TRA2B/DYRK1A/NCBP1/SRSF4/KHDRBS2/NCBP2/RBPMS2/SRSF7/SRSF3/SRSF5/CELF2/RBMX/ARGLU1/DDX17",0.380730400722792
"GO:0032231","regulation of actin filament bundle assembly",49,0.417283547001149,1.59956672396364,0.00818172082042181,0.156529659306566,0.114184913872597,2255,"tags=45%, list=24%, signal=34%","TESK1/CFL1/PXN/PFN1/PLEK/RGCC/WAS/LIMK1/PIK3R1/RHOC/FHOD1/S1PR1/ROCK2/ACTG1/SYNPO/CCDC88A/ARAP1/FLNA/RHOA/PAK1/WASF2/EVL",0.380730400722792
"GO:0006878","intracellular copper ion homeostasis",10,0.631339521301535,1.59918962629347,0.0294499259252395,0.271030863898208,0.197711002426839,1385,"tags=50%, list=14%, signal=43%","CCDC22/ATOX1/APP/MT2A/SCO2",0.352487857583619
"GO:0001916","positive regulation of T cell mediated cytotoxicity",13,0.585587377418491,1.59916327593562,0.0273676349578848,0.260105076259545,0.18974088273171,2148,"tags=46%, list=22%, signal=36%","CD1C/CD1D/HLA-DRB1/HLA-DRA/MR1/FADD",0.352487857583619
"GO:0120034","positive regulation of plasma membrane bounded cell projection assembly",69,0.389894556716736,1.59864540014243,0.00911826952298841,0.157610258733527,0.114973187181599,1805,"tags=35%, list=19%, signal=28%","MIEN1/CFL1/RHOQ/RAC2/MARK4/PFN1/BRK1/ARPC2/TWF2/PPP1R35/PIK3R1/TAPT1/ACTR3/DOCK11/ENTR1/AKIRIN1/WASHC1/DEF8/RAB11FIP3/FMR1/GPM6A/CCDC88A/P2RX7/ARAP1",0.380730400722792
"GO:0019884","antigen processing and presentation of exogenous antigen",35,0.448226367478871,1.59741421617973,0.0101293176218944,0.166580114089616,0.12151649766871,2039,"tags=37%, list=21%, signal=29%","CD1C/HLA-DQA1/CD1D/HLA-DMA/HLA-DRB1/MFSD6/IFI30/HLA-DOB/CTSS/HLA-DRA/HLA-DRB5/PSMB10/MR1",0.380730400722792
"GO:0071357","cellular response to type I interferon",92,0.367125690574995,1.59639843722779,0.00287226493334084,0.0936101498736471,0.0682865276029832,2148,"tags=33%, list=22%, signal=26%","PSMD4/PSMB4/METTL3/CDC37/IKBKE/IFITM2/PSMA2/PSMA7/PSMB6/PSMD8/PSME2/MYD88/RNF220/SEM1/SIN3A/EIF4E2/PSMC3/MUL1/PSMC4/IRAK1/CR2/ADRM1/PSMC2/PSMB3/IRF3/PTPN1/OASL/PSMA3/PSMD7/FADD",0.431707695803346
"GO:0006096","glycolytic process",54,0.406331651149883,1.59624986103871,0.00939969759468558,0.158817033203631,0.115853502385394,2185,"tags=46%, list=23%, signal=36%","GIT1/PFKL/FOXK2/LDHA/BPGM/TPI1/GAPDH/EP300/EIF6/PRKACA/PKM/ENO1/PGK1/HIF1A/APP/JMJD8/ENO3/UCP2/TIGAR/PFKP/P2RX7/PSEN1/PGM1/GPI/FLCN",0.380730400722792
"GO:0002703","regulation of leukocyte mediated immunity",131,0.350318408291249,1.59569650556628,0.00101507891430287,0.0564828842451816,0.0412030109909109,1633,"tags=29%, list=17%, signal=24%","CD1C/FES/SPI1/LGALS9/SYK/BTK/RAC2/CD1D/KLRC4/TNFSF13/ARRB2/ITGB2/WAS/TGFB1/LILRB4/HLA-DRB1/PMS2/TBX21/SLAMF6/STXBP2/LYN/KLRB1/KLRD1/CLCF1/TRAF2/FGR/PIK3R6/VAMP8/TNFRSF14/CR2/CX3CR1/LILRB1/NCR3/LAMP1/CD300A/CD81/TYROBP/HLA-DRA",0.45505986738723
"GO:0050859","negative regulation of B cell receptor signaling pathway",10,0.629627259181321,1.59485244839196,0.0311327610143114,0.274646659750126,0.200348645284819,3290,"tags=80%, list=34%, signal=53%","CD72/LYN/CD300A/GPS2/LPXN/CD5/PTPN6/FCRL3",0.352487857583619
"GO:0071706","tumor necrosis factor superfamily cytokine production",104,0.359332495045494,1.59460321551041,0.0021179827891566,0.0796596860143898,0.0581099737070068,2174,"tags=37%, list=23%, signal=29%","MAPKAPK2/VSIR/PTPRJ/LGALS9/FOXP1/PSMB4/SYK/BTK/ELF4/PSMB8/ARRB2/TGFB1/PSMA2/PSMA7/DDT/LILRB4/GSTP1/CYBA/SPN/APP/ADAM8/AKAP8/PSMB9/CX3CR1/LILRB1/SETD4/TIRAP/TYROBP/PSMB3/CD2/HSPB1/PSMB10/SYT11/LY96/PSEN1/PSMA3/FADD/FXR1",0.431707695803346
"GO:1903555","regulation of tumor necrosis factor superfamily cytokine production",104,0.359332495045494,1.59460321551041,0.0021179827891566,0.0796596860143898,0.0581099737070068,2174,"tags=37%, list=23%, signal=29%","MAPKAPK2/VSIR/PTPRJ/LGALS9/FOXP1/PSMB4/SYK/BTK/ELF4/PSMB8/ARRB2/TGFB1/PSMA2/PSMA7/DDT/LILRB4/GSTP1/CYBA/SPN/APP/ADAM8/AKAP8/PSMB9/CX3CR1/LILRB1/SETD4/TIRAP/TYROBP/PSMB3/CD2/HSPB1/PSMB10/SYT11/LY96/PSEN1/PSMA3/FADD/FXR1",0.431707695803346
"GO:0002228","natural killer cell mediated immunity",55,0.40137151631826,1.59334282669371,0.00717785753438285,0.155087538854591,0.11313291899615,1808,"tags=31%, list=19%, signal=25%","PLEKHM2/LGALS9/KLRC4/GSDMB/ARRB2/TGFB1/PIK3R1/SLAMF6/KLRB1/KLRD1/PIK3R6/LILRB1/NCR3/LAMP1/TYROBP/NKG7/CD2",0.407017918923954
"GO:0019883","antigen processing and presentation of endogenous antigen",17,0.529638917249887,1.59330986740247,0.0311188634759563,0.274646659750126,0.200348645284819,1966,"tags=41%, list=21%, signal=33%","CD1C/CD1D/ERAP2/HLA-DRB1/ERAP1/HLA-DRA/CD74",0.352487857583619
"GO:0055013","cardiac muscle cell development",17,0.529602104376909,1.59319912343737,0.0311188634759563,0.274646659750126,0.200348645284819,1394,"tags=47%, list=15%, signal=40%","FOXP1/GSK3A/TOMM70/YY1/G6PD/PDLIM5/MAML1/TTN",0.352487857583619
"GO:0048589","developmental growth",146,0.338935489238728,1.59154020398367,0.00141472081805767,0.0643535663730365,0.0469444989930509,2105,"tags=38%, list=22%, signal=30%","FES/ADAM15/CFL1/FOXP1/FBXO45/GSK3A/TOMM70/CLSTN3/SEMA7A/PTPN12/CPQ/YY1/GNAS/GDI1/JUP/RUFY3/EP300/CDKN1A/BSG/TRPV2/LIMK1/TWF2/PTEN/DCAF13/PSAP/G6PD/ANAPC2/AKIRIN1/P2RX5/SIN3A/NINJ1/PDLIM5/TSC22D4/APP/HDGFL2/MUL1/S1PR1/ARHGAP4/ANXA1/CD81/LARGE1/KRAS/NOTCH1/DAG1/ULK1/VIM/CDK5/SSNA1/BMPR2/CPNE5/KMT2D/CPNE1/BASP1/BIN3/PAK1",0.45505986738723
"GO:0019432","triglyceride biosynthetic process",19,0.51541433821641,1.5887202514237,0.0307347244718173,0.274646659750126,0.200348645284819,1114,"tags=32%, list=12%, signal=28%","CTDNEP1/AGPAT2/PCK2/DGAT1/DGAT2/CNEP1R1",0.352487857583619
"GO:0032885","regulation of polysaccharide biosynthetic process",17,0.527836219353269,1.58788682114759,0.0318142499181415,0.277799261044442,0.202648397988945,1157,"tags=35%, list=12%, signal=31%","PPP1CA/GSK3A/AKT1/TGFB1/AP2A1/AKT2",0.321775918075361
"GO:0051016","barbed-end actin filament capping",19,0.515045297918034,1.5875827165277,0.0310706197747619,0.274646659750126,0.200348645284819,801,"tags=37%, list=8%, signal=34%","FLII/CFL1/GSN/CAPZB/TWF2/CAPG/CAPZA2",0.352487857583619
"GO:0030042","actin filament depolymerization",35,0.445241905372129,1.58677802307986,0.0107990097989291,0.172021873738235,0.125486140607599,801,"tags=29%, list=8%, signal=26%","FLII/CFL1/GSN/SH3BP1/PLEK/CAPZB/PDXP/TWF2/CAPG/CAPZA2",0.380730400722792
"GO:0000289","nuclear-transcribed mRNA poly(A) tail shortening",29,-0.462046160594057,-1.58665966167792,0.0185684078651057,0.217833270941784,0.158904538547286,2728,"tags=52%, list=29%, signal=37%","CNOT8/CNOT9/CPEB3/CNOT4/CNOT7/ZFP36L2/TOB1/CNOT3/PARN/TENT4B/CNOT2/TNRC6A/TNRC6B/ZFP36/BTG2",0.352487857583619
"GO:0018108","peptidyl-tyrosine phosphorylation",53,0.398461483248622,1.58618550162963,0.0174132971874884,0.212245714169303,0.154828539841032,863,"tags=23%, list=9%, signal=21%","VEGFB/FES/IL2RG/LTK/UNC119/SYK/IL10RB/BTK/ZGPAT/ITGB2/LYN/HCK",0.352487857583619
"GO:0050435","amyloid-beta metabolic process",33,0.450759781113452,1.58562315098791,0.0300390797473603,0.274199420075905,0.200022393864433,2229,"tags=45%, list=23%, signal=35%","GSK3A/ABCA7/ACE/BACE2/PSENEN/BIN1/ROCK2/ABCG1/PIN1/RTN3/CASP3/PSEN1/APEH/APH1A/GGA3",0.352487857583619
"GO:0042267","natural killer cell mediated cytotoxicity",50,0.413881263024654,1.58481457295341,0.00851649984027872,0.156529659306566,0.114184913872597,1808,"tags=32%, list=19%, signal=26%","PLEKHM2/LGALS9/KLRC4/GSDMB/ARRB2/TGFB1/PIK3R1/SLAMF6/KLRB1/KLRD1/PIK3R6/LILRB1/NCR3/LAMP1/NKG7/CD2",0.380730400722792
"GO:0040001","establishment of mitotic spindle localization",21,-0.50791906992923,-1.58473433440464,0.0238761524722918,0.251731755982227,0.183632731350503,991,"tags=29%, list=10%, signal=26%","ITGB1/CCDC66/PAFAH1B1/NDEL1/CLASP1/CLASP2",0.352487857583619
"GO:0045058","T cell selection",48,0.407733234683468,1.58305368245131,0.0157469253492021,0.208351826607358,0.151988035250018,2084,"tags=42%, list=22%, signal=33%","BRD4/ZFPM1/PSMB4/CD1D/BATF/EP300/PSMA2/PSMA7/TBX21/SLAMF6/SPN/ZAP70/PSMB9/PSMB3/NFATC3/PSMB10/CD74/RHOA/PSMA3/AIRE",0.352487857583619
"GO:0071869","response to catecholamine",17,0.526050248165733,1.58251409376046,0.0349434906504488,0.292058557658689,0.213050238528269,1209,"tags=41%, list=13%, signal=36%","GSK3A/GNAS/ARRB2/AKT1/SIN3A/GNB1/APP",0.321775918075361
"GO:0071870","cellular response to catecholamine stimulus",17,0.526050248165733,1.58251409376046,0.0349434906504488,0.292058557658689,0.213050238528269,1209,"tags=41%, list=13%, signal=36%","GSK3A/GNAS/ARRB2/AKT1/SIN3A/GNB1/APP",0.321775918075361
"GO:0002224","toll-like receptor signaling pathway",55,0.39854226789702,1.58211143011064,0.0080374714667246,0.156529659306566,0.114184913872597,1956,"tags=36%, list=20%, signal=29%","MAPKAPK2/RPS6KA3/BTK/UNC93B1/GDI1/ARRB2/MYD88/TRAF2/MFHAS1/APP/CTSS/GPR108/IRAK1/TIRAP/CD300A/BIRC3/IRF3/HSP90B1/GPS2/LY96",0.380730400722792
"GO:0032365","intracellular lipid transport",32,-0.450585253289919,-1.58200970749411,0.0148611420157538,0.204654460300904,0.149290888555083,2010,"tags=38%, list=21%, signal=30%","NPC2/VPS53/ARV1/CERT1/CPT2/CPT1B/RAB7A/SLC25A20/VPS4A/CPT1A/TMEM41B/GRAMD1C",0.380730400722792
"GO:0030397","membrane disassembly",10,0.623993028081966,1.58058088194914,0.0341618663252984,0.290373170539672,0.211820786015055,178,"tags=20%, list=2%, signal=20%","CTDNEP1/PADI4",0.321775918075361
"GO:0141162","negative regulation of cAMP/PKA signal transduction",11,-0.601893220166271,-1.58002940696698,0.0224268865482223,0.241401451050102,0.176097003079082,1783,"tags=45%, list=19%, signal=37%","PDE4B/PDE3B/PRKAR2A/PRKAR1A/PDE4D",0.352487857583619
"GO:0010457","centriole-centriole cohesion",11,-0.601185999081212,-1.57817288146681,0.0227641266549428,0.242697854258209,0.177042700458848,1653,"tags=36%, list=17%, signal=30%","CROCC/CEP44/NIN/RTTN",0.352487857583619
"GO:0051896","regulation of phosphatidylinositol 3-kinase/protein kinase B signal transduction",105,0.352882985701007,1.57799068513146,0.00248667418166067,0.0847272605891801,0.0618066569357878,1419,"tags=25%, list=15%, signal=21%","MAZ/VEGFB/RRAS/LTK/PTPRJ/ENG/PLEKHA1/PIP5K1C/ARRB2/PDCD6/AKT1/TGFB1/OSBPL8/PTEN/CD19/HCLS1/VAV3/VAV2/MFHAS1/FGR/APP/ADAM8/MUL1/PARK7/PECAM1/CX3CR1",0.431707695803346
"GO:0060213","positive regulation of nuclear-transcribed mRNA poly(A) tail shortening",13,-0.564873165496068,-1.57549840233627,0.0389234797816133,0.308803075923659,0.225264993127454,2266,"tags=54%, list=24%, signal=41%","CPEB3/CNOT7/TOB1/TNRC6A/TNRC6B/ZFP36/BTG2",0.321775918075361
"GO:0042659","regulation of cell fate specification",12,0.581468430248889,1.57475327798518,0.041211099974744,0.32254236627632,0.235287500635227,753,"tags=33%, list=8%, signal=31%","CHD3/CHD4/MBD3/MTA1",0.321775918075361
"GO:0001706","endoderm formation",12,-0.59697487879612,-1.574590767821,0.0274854962137426,0.260105076259545,0.18974088273171,1051,"tags=42%, list=11%, signal=37%","DUSP5/LEO1/DUSP2/CDC73/DUSP1",0.352487857583619
"GO:0048857","neural nucleus development",30,0.453813630174504,1.57429149379423,0.0196277353199522,0.225219945959452,0.164292954100184,2547,"tags=57%, list=27%, signal=42%","LDHA/SEC16A/ATP5PF/NDUFS3/CNP/G6PD/GNB4/COX6B1/SIRT2/DYNLL1/ACTB/RHOA/YWHAH/BASP1/GLUD1/ATP5PB/YWHAE",0.352487857583619
"GO:0010499","proteasomal ubiquitin-independent protein catabolic process",19,0.510461955487953,1.57345495872593,0.0367416515094211,0.299075282935641,0.218168783952605,3195,"tags=63%, list=33%, signal=42%","PSMB4/PSMA2/PSMA7/PSMB6/PSMB3/PSMB10/PSMA3/PSME4/PSMB2/PSMB5/PSMA4/MIDN",0.321775918075361
"GO:0036196","zymosterol metabolic process",14,0.563428036860583,1.57342526045734,0.0341669686359943,0.290373170539672,0.211820786015055,2723,"tags=57%, list=28%, signal=41%","FDFT1/NSDHL/FDPS/PMVK/SQLE/HMGCR/LSS/MSMO1",0.321775918075361
"GO:0036197","zymosterol biosynthetic process",14,0.563428036860583,1.57342526045734,0.0341669686359943,0.290373170539672,0.211820786015055,2723,"tags=57%, list=28%, signal=41%","FDFT1/NSDHL/FDPS/PMVK/SQLE/HMGCR/LSS/MSMO1",0.321775918075361
"GO:0018958","phenol-containing compound metabolic process",22,0.500403379433253,1.56997338375095,0.0199383197799249,0.227533976985004,0.165980988396827,1431,"tags=36%, list=15%, signal=31%","GIPC1/COMT/CPQ/ITGB2/DDT/MFSD12/PARK7/MGRN1",0.352487857583619
"GO:0051495","positive regulation of cytoskeleton organization",92,0.360996203341636,1.56974515718896,0.00395782602339474,0.11011431032212,0.0803259465073423,2261,"tags=37%, list=24%, signal=28%","TESK1/FES/GIT1/CFL1/PXN/GSN/PFN1/PLEK/RGCC/BRK1/PDXP/LIMK1/PPP1R35/NCK2/RHOC/NUMA1/BIN1/HCK/VPS4B/FHOD1/ROCK2/SYNPO/CCDC88A/P2RX7/TOGARAM1/VASP/FLNA/RHOA/PAK1/WASF2/SNX9/CEP295/EVL/PDE4DIP",0.407017918923954
"GO:0072663","establishment of protein localization to peroxisome",16,-0.533653440320357,-1.5687374478441,0.0388828553586512,0.308803075923659,0.225264993127454,2498,"tags=50%, list=26%, signal=37%","PEX1/PEX13/USP9X/PEX6/TRIM37/HACL1/LONP2/ZFAND6",0.321775918075361
"GO:0018345","protein palmitoylation",15,0.545102883030008,1.56784816040736,0.0275345107807987,0.260105076259545,0.18974088273171,997,"tags=47%, list=10%, signal=42%","ZDHHC8/ZDHHC2/GOLGA7/GLUL/ZDHHC14/ZDHHC18/ZDHHC3",0.352487857583619
"GO:0002697","regulation of immune effector process",189,0.32105288906124,1.56648254999344,0.000714586008429171,0.0510432687794361,0.0372349321858601,1633,"tags=26%, list=17%, signal=22%","CD1C/BRD4/NCF1/FES/SPI1/LGALS9/SYK/BTK/RAC2/CD1D/SEMA7A/KLRC4/TNFSF13/BATF/ARRB2/ITGB2/EP300/IRF5/WAS/TGFB1/LILRB4/HLA-DRB1/GRN/PMS2/TBX21/SLAMF6/STXBP2/LYN/KLRB1/KLRD1/PHB2/CLCF1/TRAF2/GALNT2/FGR/CUEDC2/PIK3R6/VAMP8/TNFRSF14/CR2/CX3CR1/LILRB1/ANXA1/NCR3/LAMP1/CD300A/CD81/TYROBP/HLA-DRA",0.477270815362862
"GO:0002577","regulation of antigen processing and presentation",15,0.544558472009296,1.56628230221086,0.0275345107807987,0.260105076259545,0.18974088273171,3338,"tags=80%, list=35%, signal=52%","WAS/HLA-DOB/CTSS/CD68/YTHDF1/CD74/CST7/TAPBPL/CCR7/LILRB2/HLA-DOA/PYCARD",0.352487857583619
"GO:0070918","regulatory ncRNA processing",44,-0.413714569439902,-1.5660403988182,0.0204672677831105,0.230299284584473,0.167998218942625,2036,"tags=48%, list=21%, signal=38%","PRKRA/PARN/HNRNPA2B1/PUM1/TSN/ZC3H7B/TRUB1/SMAD3/NCBP1/NCBP2/ZC3H7A/AGO3/ADAR/SMAD2/TNRC6A/SRSF3/TNRC6B/TUT7/STAT3/PUM2/SNIP1",0.352487857583619
"GO:0042246","tissue regeneration",25,0.469822269458618,1.56376382004822,0.0255341752903388,0.256778392987249,0.187314141086636,1706,"tags=52%, list=18%, signal=43%","ADAM15/PTPN12/CPQ/CDKN1A/AKIRIN1/P2RX5/NINJ1/HDGFL2/ANXA1/CD81/LARGE1/NOTCH1/DAG1",0.352487857583619
"GO:0045579","positive regulation of B cell differentiation",10,0.617161049576095,1.56327540876868,0.0388050896479339,0.308803075923659,0.225264993127454,165,"tags=30%, list=2%, signal=30%","SPI1/SYK/BTK",0.321775918075361
"GO:0051493","regulation of cytoskeleton organization",283,0.306845344211944,1.56289499033276,0.000266387077147981,0.0328992183498702,0.023999249921054,1514,"tags=24%, list=16%, signal=21%","TESK1/MID1IP1/FES/GIT1/CHMP4B/FLII/CFL1/RHOQ/RAC2/PXN/GSK3A/COTL1/GSN/SH3BP1/CDK2AP2/ARPC5/PFN1/PPP2CB/ARPC3/INPPL1/PLEK/CAPZB/CHMP7/RGCC/BRK1/PDXP/WAS/LIMK1/GMFG/TWF2/PRKACA/PPP1R35/MARK2/PREX1/PIK3R1/HAUS1/NCK2/RHOC/NUMA1/HCLS1/CAPG/CAPZA2/STMN3/BIN1/TBCD/PICK1/HCK/WASHC1/DVL3/MAP1S/IQGAP1/VPS4B/SLC4A2/ARHGAP17/CLN3/WDR1/FHOD1/S1PR1/ARHGAP18/BORA/ROCK2/KAT2A/CHMP5/GBA2/ACTG1/DVL2/SYNPO/CHMP2A",0.49849310876659
"GO:0048168","regulation of neuronal synaptic plasticity",19,0.506802974242862,1.56217646456573,0.0407136197348052,0.319818010088697,0.233300143235868,1796,"tags=53%, list=19%, signal=43%","CAMK2D/ZDHHC2/FXR2/SHISA8/RAB8A/APP/CLN3/FMR1/RAB11A/NSMF",0.321775918075361
"GO:2000191","regulation of fatty acid transport",11,0.590306488929254,1.56187931384301,0.0478047450150747,0.35761118646636,0.26086942696633,1602,"tags=45%, list=17%, signal=38%","SYK/AKT1/AKT2/REPIN1/ACSL5",0.321775918075361
"GO:0032963","collagen metabolic process",28,0.470785273207654,1.55738747452173,0.0250675643556115,0.256215749095228,0.186903704849593,1710,"tags=43%, list=18%, signal=35%","FURIN/VSIR/ADAM15/SCX/RGCC/PLOD3/TGFB1/HIF1A/CTSS/CST3/NOTCH1/VIM",0.352487857583619
"GO:0009410","response to xenobiotic stimulus",134,-0.332879383767567,-1.55672171847633,0.00234881907724059,0.0808551109470449,0.0589820096750213,1848,"tags=32%, list=19%, signal=26%","TRAF3IP2/ABL1/PPOX/PDE4B/GSTM4/TSPO/CCNB1/RBBP9/CYP2U1/TOP1/CES2/MDM2/NFKBIZ/SUFU/MT-ND1/ENO2/OXCT1/CBR3/SOD2/MTHFR/PRKAA1/PARP4/RPTOR/TFRC/AHR/CDK4/XPO1/MEF2C/CREB1/CYP2R1/FOS/CYBB/CPT1A/ABCC4/HDAC5/FOSB/BCL2/TXNIP/XPC/CD69/AIM2/COL18A1/OXSR1",0.431707695803346
"GO:0008053","mitochondrial fusion",29,-0.452823269958029,-1.55498839204236,0.022583099802816,0.241401451050102,0.176097003079082,1323,"tags=31%, list=14%, signal=27%","NME3/MFN1/OPA1/OMA1/GDAP1/TFRC/MIGA1/YME1L1/TRABD",0.352487857583619
"GO:0006942","regulation of striated muscle contraction",32,0.442122163781475,1.55403501591349,0.0301580463998251,0.274646659750126,0.200348645284819,1885,"tags=41%, list=20%, signal=33%","GRK2/DSP/CAMK2D/ADRB2/GNAS/JUP/PRKACA/BIN1/FKBP1A/C12orf57/SUMO1/SRI/GSTO1",0.352487857583619
"GO:0016064","immunoglobulin mediated immune response",108,0.347127240983548,1.55375623842153,0.00663497829767581,0.148984662383536,0.108681006002091,947,"tags=23%, list=10%, signal=21%","IL2RG/IGHD/IGHV1-69D/IGHG4/CCR6/IGKC/IGHG3/IGHV2-5/BTK/IL21R/TNFSF13/BATF/FCMR/TGFB1/IL2RB/IGHV3-21/IGHV4-34/CD19/PMS2/IGHV6-1/IGLC1/IGHV4-59/IGLC3/CLCF1/EXOSC3",0.407017918923954
"GO:1903131","mononuclear cell differentiation",287,0.305129530745773,1.55366454193033,0.000254911324539907,0.0328992183498702,0.023999249921054,1448,"tags=23%, list=15%, signal=20%","IGHM/BRD4/TCF3/CD79B/FES/ZFPM1/IL2RG/SPIB/VSIR/LFNG/PTPRJ/CCR6/MS4A1/SPI1/LGALS9/FOXP1/PSMB4/SYK/BTK/ZMIZ1/CD1D/METTL3/YY1/PSMB8/QKI/BATF/EP300/SLC25A5/TGFB1/PSMA2/PNP/PSMA7/LILRB4/HLA-DRB1/PIK3R1/CD19/PRELID1/TBX21/SLAMF6/HCLS1/ICOSLG/LYN/ARID1A/DOCK11/SOX4/CLCF1/CD79A/SPN/PBRM1/IGHE/SLC4A2/PIK3R6/SMARCC2/APP/PAX5/ADAM8/ZAP70/SMARCB1/PSMB9/PCID2/CR2/UCP2/LILRB1/KAT2A/ANXA1",0.49849310876659
"GO:0032722","positive regulation of chemokine production",30,0.447814837487193,1.55348152319674,0.0223584860486754,0.241401451050102,0.176097003079082,2818,"tags=53%, list=29%, signal=38%","LGALS9/SYK/TGFB1/AIF1/HIF1A/APP/IL17RA/TIRAP/IL4R/HMOX1/CD74/AIRE/OAS1/TLR7/ADAM17/MIF",0.352487857583619
"GO:0001914","regulation of T cell mediated cytotoxicity",20,0.506432866171169,1.55303626498363,0.0329544376561044,0.285265998034272,0.208095216974369,2148,"tags=40%, list=22%, signal=31%","CD1C/CD1D/HLA-DRB1/KLRD1/LILRB1/HLA-DRA/MR1/FADD",0.321775918075361
"GO:0016447","somatic recombination of immunoglobulin gene segments",38,0.425496439777551,1.55136230196492,0.0247671797197641,0.255551029487758,0.186418806642668,947,"tags=24%, list=10%, signal=21%","TCF3/CCR6/YY1/TNFSF13/BATF/TGFB1/PMS2/CLCF1/EXOSC3",0.352487857583619
"GO:1905562","regulation of vascular endothelial cell proliferation",12,-0.588042237160786,-1.55102988519288,0.0318696345757533,0.277799261044442,0.202648397988945,620,"tags=33%, list=6%, signal=31%","MEF2C/COL4A3/STAT3/AKT3",0.321775918075361
"GO:2000629","negative regulation of miRNA metabolic process",19,0.503031730854419,1.55055193202944,0.0413756153439047,0.323207210628732,0.23577248984082,2047,"tags=47%, list=21%, signal=37%","YY1/QKI/TGFB1/LILRB4/ZNF512B/HIF1A/APP/NFATC3/NCOR2",0.321775918075361
"GO:0061136","regulation of proteasomal protein catabolic process",160,0.326394719779599,1.5505217679528,0.00220021005064199,0.0802974830718379,0.0585752325109647,1816,"tags=28%, list=19%, signal=23%","GIPC1/PSMD4/TMEM259/CSNK2A2/PSMB4/CBX4/GSK3A/RYBP/ALAD/AXIN1/UBB/AKT1/PRKACA/PSMA2/PSMA7/PSMB6/COMMD1/GABARAPL2/PSMD8/PSME2/ELOB/UBQLN4/USP7/UBXN1/ARAF/SEM1/CSNK2B/PSMC3/CCAR2/SIRT2/PARK7/PSMF1/PSMC4/FMR1/KAT2A/ADRM1/PSMC2/DDA1/PSMB3/SUMO1/PSME3/BCAP31/BAG2/OSBPL7",0.431707695803346
"GO:0010662","regulation of striated muscle cell apoptotic process",18,0.512438857335473,1.55041466567323,0.035391446031206,0.29219523125764,0.213149938886616,280,"tags=22%, list=3%, signal=22%","LTK/CAMK2D/ADRB2/ATP5IF1",0.321775918075361
"GO:1902894","negative regulation of miRNA transcription",17,0.515243107221359,1.55000303057332,0.0435141388443492,0.337962585058789,0.246536208141351,2701,"tags=59%, list=28%, signal=42%","YY1/TGFB1/LILRB4/ZNF512B/HIF1A/APP/NFATC3/NCOR2/RARA/PPARA",0.321775918075361
"GO:1903902","positive regulation of viral life cycle",16,0.529599203663589,1.54883767578534,0.0484641104263462,0.35989253482965,0.262533619985913,1919,"tags=56%, list=20%, signal=45%","FURIN/LGALS9/BSG/TRIM21/P4HB/FMR1/TSG101/TRIM11/VPS37B",0.321775918075361
"GO:0070213","protein auto-ADP-ribosylation",12,-0.587096066112406,-1.54853424885964,0.0322068762556502,0.280137754497754,0.204354277083942,1477,"tags=58%, list=15%, signal=49%","PARP6/TNKS2/PARP3/PARP2/TIPARP/PARP8/TNKS",0.321775918075361
"GO:0050728","negative regulation of inflammatory response",80,0.368650126822671,1.54797378602571,0.00562957841863155,0.136930224769349,0.0998875611887808,1076,"tags=25%, list=11%, signal=22%","FURIN/GIT1/METRNL/PSMB4/SYK/IL10RB/SIGLEC10/ELF4/GNAS/SHARPIN/TNFAIP8L2/HLA-DRB1/GSTP1/GRN/PLCG1/LYN/FEM1A/HCK/MFHAS1/FGR",0.407017918923954
"GO:0046324","regulation of D-glucose import across plasma membrane",21,0.497317308881899,1.54315538023563,0.0179940188367594,0.214975601514461,0.156819932097105,1157,"tags=33%, list=12%, signal=29%","RHOQ/GSK3A/AKT1/OSBPL8/PEA15/PIK3R1/AKT2",0.352487857583619
"GO:0030183","B cell differentiation",87,0.356692381600308,1.54309130967534,0.00852085653290267,0.156529659306566,0.114184913872597,966,"tags=20%, list=10%, signal=18%","IGHM/TCF3/CD79B/SPIB/LFNG/PTPRJ/MS4A1/SPI1/SYK/BTK/YY1/SLC25A5/PIK3R1/CD19/DOCK11/CLCF1/CD79A",0.380730400722792
"GO:0042110","T cell activation",331,0.295575899395175,1.54295334389637,0.000208774089721071,0.0314089019424811,0.0229120971643527,1808,"tags=27%, list=19%, signal=23%","CD1C/BRD4/HLA-DQA1/ZFPM1/IL2RG/VSIR/FCHO1/LFNG/CCR6/SPI1/LGALS9/PDCD5/FOXP1/MOV10/RASAL3/PSMB4/RAC2/ELF4/ZMIZ1/CD1D/METTL3/CSK/GSN/PSMB8/BATF/EP300/TNFAIP8L2/KLRF1/AKT1/HLA-DMA/TGFB1/PSMA2/PNP/PSMA7/LILRB4/HLA-DRB1/PIK3R1/PRELID1/ICAM3/TBX21/SLAMF6/NCK2/MSN/ICOSLG/LYN/CLEC2B/ARID1A/TRBC1/SOX4/ITGAL/TRAF2/SPN/SCRIB/AIF1/PBRM1/FKBP1A/SLC4A2/PIK3R6/SMARCC2/HLA-DOB/TRBC2/ADAM8/CD247/ZAP70/TRDC/SMARCB1/PSMB9/PECAM1/TNFRSF14/LILRB1/KAT2A/ANXA1/NCR3/SOX12/CD300A/CD81/TYROBP/DUSP3/PSMB3/HLA-DRA/NKG7/CARD11/ACTB/CD24/SH2D2A/SMARCE1/NFATC3/HLA-DRB5/CD2",0.518848077743792
"GO:0030833","regulation of actin filament polymerization",65,0.380939461869658,1.5424929144955,0.00637396408368086,0.148984662383536,0.108681006002091,863,"tags=25%, list=9%, signal=23%","FLII/CFL1/COTL1/GSN/ARPC5/PFN1/ARPC3/CAPZB/TWF2/PREX1/NCK2/HCLS1/CAPG/CAPZA2/BIN1/HCK",0.407017918923954
"GO:0035051","cardiocyte differentiation",36,0.425443840389132,1.54225744276418,0.0353045089438905,0.29219523125764,0.213149938886616,1668,"tags=33%, list=17%, signal=28%","FOXP1/GSK3A/TOMM70/YY1/ARRB2/TGFB1/G6PD/PDLIM5/MAML1/TTN/KAT2A/NOTCH1",0.321775918075361
"GO:0010665","regulation of cardiac muscle cell apoptotic process",17,0.51266443449733,1.54224562347542,0.0441993868222706,0.341326823711147,0.248990345603019,280,"tags=24%, list=3%, signal=23%","LTK/CAMK2D/ADRB2/ATP5IF1",0.321775918075361
"GO:0009205","purine ribonucleoside triphosphate metabolic process",175,0.323187076028562,1.54184750568641,0.00088743609746753,0.0554579296602017,0.0404553293596614,2197,"tags=38%, list=23%, signal=30%","GIT1/PFKL/FOXK2/RHOQ/LDHA/BPGM/ATP5IF1/TPI1/NADK/CLPX/GAPDH/ATP5MF/EP300/NME2/EIF6/PRKACA/TGFB1/NDUFA12/NUDT2/ATP5F1E/ATP5MC2/ATP5PF/PKM/ENO1/ATP5MG/NDUFA11/ATP5MC3/NDUFB7/NDUFS3/NDUFB2/NMNAT1/NDUFB3/NDUFB11/PGK1/NDUFC2/NDUFB4/HSPA8/NDUFV1/HIF1A/ATP5F1D/APP/JMJD8/ENO3/NDUFC1/UCP2/TIGAR/NDUFB8/ATP6V1B2/MT-ND4/PFKP/NUDT5/P2RX7/PARP1/NDUFB5/UQCC3/AMPD2/NDUFA1/NDUFS2/PSEN1/PGM1/NME6/NDUFS6/GPI/IMPDH2/NDUFB9/FLCN/GIMAP7",0.477270815362862
"GO:0048661","positive regulation of smooth muscle cell proliferation",35,0.432289448792947,1.5406173333587,0.0148171764328679,0.204654460300904,0.149290888555083,2329,"tags=51%, list=24%, signal=39%","FOXP1/MEF2D/RGCC/AKT1/TGFB1/GNAI2/PIK3R1/CYBA/MYD88/AIF1/S1PR1/IRAK1/HMOX1/POLDIP2/DNMT1/PAK1/ID2/CCL5",0.380730400722792
"GO:1903405","protein localization to nuclear body",12,0.568672026374025,1.54009760641288,0.0478047450150747,0.35761118646636,0.26086942696633,3103,"tags=75%, list=32%, signal=51%","CCT5/CCT2/LARP7/CCT6A/CCT3/CCT7/DKC1/CCT4/WRAP53",0.321775918075361
"GO:1904867","protein localization to Cajal body",12,0.568672026374025,1.54009760641288,0.0478047450150747,0.35761118646636,0.26086942696633,3103,"tags=75%, list=32%, signal=51%","CCT5/CCT2/LARP7/CCT6A/CCT3/CCT7/DKC1/CCT4/WRAP53",0.321775918075361
"GO:0043500","muscle adaptation",44,0.410042809374321,1.54000177163718,0.0218028775447533,0.238073356416096,0.173669231876952,1839,"tags=36%, list=19%, signal=30%","FOXO1/CAMK2D/FOXP1/GSK3A/TOMM70/GSN/YY1/ARRB2/JUND/CYBA/G6PD/ROCK2/NOTCH1/DAG1/HMOX1/PARP1",0.352487857583619
"GO:0050727","regulation of inflammatory response",185,0.320101116881554,1.53999038490293,0.000939407230702232,0.0555286422045356,0.0405069125920037,2632,"tags=40%, list=28%, signal=30%","BRD4/NCF1/SBNO2/FURIN/GIT1/METRNL/FOXP1/PSMB4/SYK/IL10RB/BTK/SIGLEC10/ELF4/SEMA7A/GNAS/SHARPIN/TNFAIP8L2/DAGLB/TGFB1/NMI/NLRP2/DDT/HLA-DRB1/GSTP1/GRN/PLCG1/LYN/MGLL/MYD88/FEM1A/HCK/TRAF2/MFHAS1/FGR/NINJ1/APP/VAMP8/ADAM8/PARK7/IL17RA/AKNA/ANXA1/SETD4/CD200/CD81/BIRC3/NKG7/CASP3/GPS2/SYT11/IL16/CST7/CASP1/IL10RA/FXR1/TNIP1/MAPK3/GBP1/CCL5/SIGIRR/GZMK/CARD8/FYN/AREL1/PRMT2/MAPK7/TLR7/LRRK2/FUT7/PRKCD/CCR1/TMSB4X/NLRC3/IFI35",0.477270815362862
"GO:1903055","positive regulation of extracellular matrix organization",16,-0.523686610267201,-1.53943877128859,0.0468586480150595,0.354450331912797,0.258563653692682,254,"tags=31%, list=3%, signal=30%","STAT3/CLASP1/RB1/RUNX1/CLASP2",0.321775918075361
"GO:0001906","cell killing",101,0.347851069762766,1.53826029170743,0.00643036237760006,0.148984662383536,0.108681006002091,1660,"tags=28%, list=17%, signal=23%","CD1C/PLEKHM2/SPI1/LGALS9/CD1D/KLRC4/GSDMB/ARRB2/TGFB1/HLA-DRB1/PIK3R1/SLAMF6/STXBP2/KLRB1/KLRD1/PRF1/GZMA/IGHE/NINJ1/PIK3R6/RAB27A/CX3CR1/LILRB1/NCR3/LAMP1/TYROBP/HLA-DRA/NKG7",0.407017918923954
"GO:0006346","DNA methylation-dependent constitutive heterochromatin formation",17,0.511312155695296,1.5381775705273,0.0455698834069553,0.347288679923175,0.253339387446636,627,"tags=18%, list=7%, signal=17%","MBD2/MBD3/TRIM28",0.321775918075361
"GO:0070252","actin-mediated cell contraction",30,0.443318879477874,1.53788492587153,0.0247478984043431,0.255551029487758,0.186418806642668,1906,"tags=43%, list=20%, signal=35%","DSP/CAMK2D/ADRB2/GSN/QKI/JUP/MYL6/BIN1/ACTA2/TTN/SUMO1/SRI/FLNA",0.352487857583619
"GO:0008154","actin polymerization or depolymerization",100,0.349768059266317,1.53788066787439,0.00907980533237505,0.157610258733527,0.114973187181599,863,"tags=23%, list=9%, signal=21%","FLII/CFL1/COTL1/GSN/SH3BP1/ARPC5/PFN1/ARPC3/PLEK/CAPZB/BRK1/ARPC2/PDXP/WAS/TWF2/PREX1/NCK2/ARPC4/HCLS1/CAPG/CAPZA2/BIN1/HCK",0.380730400722792
"GO:0060491","regulation of cell projection assembly",116,0.340428216176214,1.5373660011021,0.0124089354615869,0.182627158858573,0.133222460825918,1818,"tags=31%, list=19%, signal=25%","TESK1/GDI2/MIEN1/CFL1/RHOQ/RAC2/MARK4/PFN1/RABEP2/BRK1/ARPC2/AKT1/WAS/TWF2/PPP1R35/PIK3R1/TAPT1/ACTR3/DOCK11/ENTR1/AKIRIN1/WASHC1/DEF8/TBC1D7/CORO1C/ABI3/RAB11FIP3/FMR1/WDR44/GPM6A/RAB11A/CCDC88A/P2RX7/RAB10/ARAP1/CDKL1",0.380730400722792
"GO:0120032","regulation of plasma membrane bounded cell projection assembly",116,0.340428216176214,1.5373660011021,0.0124089354615869,0.182627158858573,0.133222460825918,1818,"tags=31%, list=19%, signal=25%","TESK1/GDI2/MIEN1/CFL1/RHOQ/RAC2/MARK4/PFN1/RABEP2/BRK1/ARPC2/AKT1/WAS/TWF2/PPP1R35/PIK3R1/TAPT1/ACTR3/DOCK11/ENTR1/AKIRIN1/WASHC1/DEF8/TBC1D7/CORO1C/ABI3/RAB11FIP3/FMR1/WDR44/GPM6A/RAB11A/CCDC88A/P2RX7/RAB10/ARAP1/CDKL1",0.380730400722792
"GO:0009144","purine nucleoside triphosphate metabolic process",179,0.319230420726391,1.5369158471437,0.00178061264871983,0.0745654492690715,0.0543938410163226,2197,"tags=37%, list=23%, signal=29%","GIT1/PFKL/FOXK2/RHOQ/LDHA/BPGM/ATP5IF1/TPI1/NADK/CLPX/GAPDH/ATP5MF/EP300/NME2/EIF6/PRKACA/TGFB1/NDUFA12/NUDT2/ATP5F1E/ATP5MC2/ATP5PF/PKM/ENO1/ATP5MG/NDUFA11/ATP5MC3/NDUFB7/NDUFS3/NDUFB2/NMNAT1/NDUFB3/NDUFB11/PGK1/NDUFC2/NDUFB4/HSPA8/NDUFV1/HIF1A/ATP5F1D/APP/JMJD8/ENO3/NDUFC1/UCP2/TIGAR/NDUFB8/ATP6V1B2/MT-ND4/PFKP/NUDT5/P2RX7/PARP1/NDUFB5/UQCC3/AMPD2/NDUFA1/NDUFS2/PSEN1/PGM1/NME6/NDUFS6/GPI/IMPDH2/NDUFB9/FLCN/GIMAP7",0.45505986738723
"GO:0098609","cell-cell adhesion",367,0.294073392333927,1.53663393484616,0.000108627860460704,0.027102394347938,0.0197705954134832,2721,"tags=39%, list=28%, signal=29%","BRD4/HLA-DQA1/IL2RG/VSIR/FCHO1/DSP/PPP1CA/SPI1/LGALS9/RASAL3/ITGAE/PSMB4/SYK/RAC2/ZMIZ1/CLSTN3/CD1D/CLIC1/METTL3/CSK/PDLIM1/SERPINB8/SKAP1/ZDHHC2/GNAS/PIP5K1C/PSMB8/JUP/PLEK/ITGB2/EP300/RGCC/BSG/TNFAIP8L2/AKT1/HLA-DMA/TGFB1/PSMA2/PNP/PTPN23/PSMA7/LILRB4/CHST2/HLA-DRB1/ICAM3/TBX21/NCK2/MSN/ICOSLG/LYN/GTPBP4/ARID1A/SOX4/ITGAL/FIBP/STK10/SPN/SCRIB/AIF1/PBRM1/SLC4A2/NINJ1/PIK3R6/SMARCC2/PDLIM5/HLA-DOB/S100A11/ADAM8/ZAP70/SMARCB1/PSMB9/PECAM1/TNFRSF14/IRAK1/CX3CR1/AKNA/LILRB1/ANXA1/CD200/SOX12/ACTG1/CD300A/CD81/DUSP3/PSMB3/HLA-DRA/NOTCH1/CARD11/ACTB/CD24/PLPP3/SMARCE1/RAB10/HLA-DRB5/CD2/HSPB1/TLN1/PSMB10/FLNA/LEF1/LIMS1/FXYD5/PSEN1/RHOA/PSMA3/SELPLG/PIEZO1/FADD/KLHL22/ZBTB7B/PKD1/TESPA1/AFDN/TNIP1/TMIGD2/CCL5/SMARCD2/PTK2/NKAP/HSPH1/PPIA/LAG3/RARA/FYN/EMILIN2/SIRPG/MAPK7/RC3H1/ITGAM/FUT7/PRKCD/HLA-DPB1/CYFIP2/PSMB2/ITGB7/MYH9/ITGAX/ILK/LAPTM5/CD3E/CTNNB1/PPARA/CD6/ASCL2",0.538434096309916
"GO:0002715","regulation of natural killer cell mediated immunity",34,0.430799744833991,1.5357564318116,0.020669981077315,0.230663360263883,0.168263804073779,1531,"tags=32%, list=16%, signal=27%","LGALS9/KLRC4/ARRB2/TGFB1/SLAMF6/KLRB1/KLRD1/PIK3R6/LILRB1/NCR3/LAMP1",0.352487857583619
"GO:0010543","regulation of platelet activation",19,0.497953889343584,1.53489992345378,0.0460095903885547,0.349983063966871,0.255304880831928,2807,"tags=58%, list=29%, signal=41%","PTPRJ/SYK/PLEK/LYN/FUNDC2/FLNA/TEC/FCER1G/EMILIN2/PRKCD/ADGRG1",0.321775918075361
"GO:0014896","muscle hypertrophy",40,0.419680639106948,1.53485712268009,0.0277116685490375,0.260566661218033,0.190077598718721,2701,"tags=52%, list=28%, signal=38%","FOXO1/CAMK2D/FOXP1/GSK3A/TOMM70/YY1/ARRB2/JUND/CYBA/G6PD/PDLIM5/ROCK2/TTN/NOTCH1/PARP1/PAK1/STUB1/TWF1/LMNA/HDAC2/PPARA",0.352487857583619
"GO:0034340","response to type I interferon",97,0.350811817004877,1.53477332671338,0.00646954379685356,0.148984662383536,0.108681006002091,2274,"tags=33%, list=24%, signal=25%","PSMD4/PSMB4/METTL3/CDC37/IKBKE/IFITM2/PSMA2/PSMA7/PSMB6/PSMD8/PSME2/MYD88/RNF220/SEM1/SIN3A/EIF4E2/PSMC3/MUL1/PSMC4/IRAK1/CR2/ADRM1/PSMC2/PSMB3/IRF3/PTPN1/OASL/PSMA3/PSMD7/FADD/SHMT2/ISG15",0.407017918923954
"GO:0072593","reactive oxygen species metabolic process",100,0.348962274847116,1.53433774779369,0.00935634528670451,0.158817033203631,0.115853502385394,1833,"tags=34%, list=19%, signal=28%","NCF1/SYK/NCF2/RAC2/ITGB2/CDKN1A/CBR1/EIF6/TGFB1/GNAI2/GSTP1/NCF4/PREX1/CYBA/NDUFS3/G6PD/NDUFC2/HIF1A/HVCN1/RAB27A/APP/SIRT2/PARK7/STK17A/UCP2/CAT/SESN2/TYROBP/PRDX1/SLC5A3/SLC25A33/VDAC1/ROMO1/TP53I3",0.380730400722792
"GO:0009141","nucleoside triphosphate metabolic process",189,0.314450170224711,1.53426653764053,0.00127314457069774,0.0615656338830264,0.0449107640915333,2197,"tags=37%, list=23%, signal=29%","GIT1/PFKL/FOXK2/DCTPP1/RHOQ/LDHA/BPGM/ATP5IF1/TPI1/NADK/CLPX/GAPDH/ATP5MF/EP300/NME2/EIF6/PRKACA/TGFB1/NDUFA12/NUDT2/ATP5F1E/ATP5MC2/ATP5PF/PKM/ENO1/ATP5MG/NDUFA11/ATP5MC3/NDUFB7/NDUFS3/NDUFB2/NMNAT1/NDUFB3/NDUFB11/PGK1/NDUFC2/NDUFB4/HSPA8/NDUFV1/HIF1A/ATP5F1D/APP/JMJD8/UCKL1/ENO3/NDUFC1/UCP2/TIGAR/NDUFB8/ATP6V1B2/MT-ND4/PFKP/NUDT5/CAD/P2RX7/PARP1/NDUFB5/UQCC3/AMPD2/NDUFA1/NDUFS2/PSEN1/PGM1/NME6/NDUFS6/GPI/IMPDH2/NDUFB9/FLCN/GIMAP7",0.45505986738723
"GO:0042773","ATP synthesis coupled electron transport",82,0.356664206094498,1.53420618366834,0.0148832146931979,0.204654460300904,0.149290888555083,2068,"tags=38%, list=22%, signal=30%","UQCRQ/UQCR11/COX7B/NDUFA12/COX5A/NDUFA11/NDUFB7/NDUFS3/NDUFB2/COX6A1/NDUFB3/NDUFC2/NDUFB4/NDUFV1/COX6C/COX8A/COX6B1/PARK7/NDUFC1/CYC1/CHCHD2/NDUFB8/MT-ND4/UQCR10/COX7C/NDUFB5/UQCC3/NDUFA1/UQCRC2/NDUFS2/NDUFS6",0.380730400722792
"GO:0042775","mitochondrial ATP synthesis coupled electron transport",82,0.356664206094498,1.53420618366834,0.0148832146931979,0.204654460300904,0.149290888555083,2068,"tags=38%, list=22%, signal=30%","UQCRQ/UQCR11/COX7B/NDUFA12/COX5A/NDUFA11/NDUFB7/NDUFS3/NDUFB2/COX6A1/NDUFB3/NDUFC2/NDUFB4/NDUFV1/COX6C/COX8A/COX6B1/PARK7/NDUFC1/CYC1/CHCHD2/NDUFB8/MT-ND4/UQCR10/COX7C/NDUFB5/UQCC3/NDUFA1/UQCRC2/NDUFS2/NDUFS6",0.380730400722792
"GO:0097576","vacuole fusion",12,0.566045116318714,1.53298331609999,0.0478047450150747,0.35761118646636,0.26086942696633,2498,"tags=50%, list=26%, signal=37%","CHMP4B/CHMP7/CHMP5/CHMP2A/VPS16/VPS39",0.321775918075361
"GO:0002312","B cell activation involved in immune response",50,0.399979754519397,1.53158357354996,0.0159240018128997,0.209099371773941,0.152533352864841,947,"tags=24%, list=10%, signal=22%","LFNG/CCR6/SPI1/TNFSF13/BATF/TGFB1/GAPT/CD19/PMS2/DOCK11/CLCF1/EXOSC3",0.352487857583619
"GO:0007189","adenylate cyclase-activating G protein-coupled receptor signaling pathway",42,0.405950362601007,1.53114437920215,0.0347245595363305,0.291428018257385,0.212590274023458,1431,"tags=31%, list=15%, signal=26%","ADGRG5/DGKQ/GSK3A/ADRB2/GNAS/S1PR5/PRKACA/GNAI2/GNB1/APP/S1PR1/RAP1B/MGRN1",0.321775918075361
"GO:0030048","actin filament-based movement",42,0.405861489719733,1.53080917267159,0.0347245595363305,0.291428018257385,0.212590274023458,1906,"tags=38%, list=20%, signal=31%","DSP/CAMK2D/ADRB2/GSN/QKI/JUP/MYL6/MYO9B/SUN2/BIN1/ACTA2/TTN/SUMO1/ACTN4/SRI/FLNA",0.321775918075361
"GO:0002696","positive regulation of leukocyte activation",207,0.311857762831576,1.53050107371891,0.000922983989492173,0.0555286422045356,0.0405069125920037,2341,"tags=34%, list=24%, signal=26%","BRD4/TCF3/HLA-DQA1/IL2RG/VSIR/FCHO1/SPI1/LGALS9/RASAL3/SYK/BTK/ZMIZ1/CD1D/CSK/TNFSF13/EP300/AKT1/HLA-DMA/TGFB1/PNP/NFATC2/JUND/LILRB4/HLA-DRB1/PMS2/NCK2/ICOSLG/VAV3/LYN/ARID1A/SOX4/CLCF1/AIF1/PBRM1/PIK3R6/SMARCC2/HLA-DOB/ADAM8/ZAP70/SMARCB1/TNFRSF14/PCID2/ANXA1/TIRAP/CD200/SOX12/CD81/TYROBP/HLA-DRA/IL4R/CARD11/ACTB/CD24/SMARCE1/HLA-DRB5/CD2/SH3KBP1/IL16/LEF1/CD74/RHOA/FADD/CD38/KLHL22/ZBTB7B/TESPA1/DDRGK1/TMIGD2/CCL5/SMARCD2/NKAP",0.477270815362862
"GO:0019364","pyridine nucleotide catabolic process",56,0.384663918079753,1.52991785176245,0.0173474857957917,0.212245714169303,0.154828539841032,2185,"tags=45%, list=23%, signal=35%","GIT1/PFKL/FOXK2/LDHA/BPGM/TPI1/GAPDH/EP300/EIF6/PRKACA/PKM/ENO1/PGK1/HIF1A/APP/JMJD8/ENO3/UCP2/TIGAR/PFKP/P2RX7/PSEN1/PGM1/GPI/FLCN",0.352487857583619
"GO:0009266","response to temperature stimulus",79,0.36571969726192,1.52982272981075,0.00857023660258961,0.156529659306566,0.114184913872597,1904,"tags=29%, list=20%, signal=24%","MAPKAPK2/HSPA6/FOXO1/METRNL/ERO1A/EP300/PDCD6/TRPV2/AKT1/PRKACA/JUND/LYN/GLRX2/HSBP1/HTRA2/IRAK1/UCP2/SCRN3/SUMO1/HMOX1/DNAJC3/HSPB1/HIKESHI",0.380730400722792
"GO:0006119","oxidative phosphorylation",117,0.335426302847254,1.52971069279669,0.0102296078953785,0.167551077705756,0.122224794085974,2215,"tags=37%, list=23%, signal=29%","ATP5IF1/ATP5MF/UQCRQ/UQCR11/COX7B/NDUFA12/ATP5F1E/ATP5PF/COX5A/ATP5MG/NDUFA11/NDUFB7/NDUFS3/NDUFB2/COX6A1/NDUFB3/NDUFB11/NDUFC2/NDUFB4/NDUFV1/COX6C/ATP5F1D/COX8A/COX6B1/UQCC2/PARK7/NDUFC1/CYC1/CHCHD2/NDUFB8/MT-ND4/UQCR10/SLC25A33/COX7C/NDUFB5/UQCC3/NDUFA1/UQCRC2/NDUFS2/RHOA/NDUFS6/NDUFB9/SHMT2",0.380730400722792
"GO:0046631","alpha-beta T cell activation",125,0.331757584499292,1.52956092913441,0.00366381753108938,0.105549141161543,0.0769957568824269,1660,"tags=30%, list=17%, signal=25%","BRD4/ZFPM1/VSIR/LGALS9/FOXP1/RASAL3/PSMB4/ELF4/PSMB8/BATF/EP300/KLRF1/PSMA2/PNP/PSMA7/LILRB4/HLA-DRB1/PIK3R1/TBX21/SLAMF6/ICOSLG/CLEC2B/TRBC1/SPN/SLC4A2/TRBC2/CD247/PSMB9/TNFRSF14/LILRB1/ANXA1/NCR3/CD300A/CD81/PSMB3/HLA-DRA/NKG7",0.431707695803346
"GO:2000379","positive regulation of reactive oxygen species metabolic process",38,0.419224057766819,1.52849316350618,0.0306718597887914,0.274646659750126,0.200348645284819,1940,"tags=39%, list=20%, signal=32%","SYK/ITGB2/CDKN1A/CBR1/TGFB1/GNAI2/GSTP1/CYBA/RAB27A/APP/PARK7/TYROBP/SLC5A3/ROMO1/DCXR",0.352487857583619
"GO:1901379","regulation of potassium ion transmembrane transport",19,-0.504730453596181,-1.52829118106588,0.0230091458276832,0.244667932858768,0.178479829092,1406,"tags=37%, list=15%, signal=31%","ATP1B3/KCNN4/NEDD4L/AKAP7/ANO6/OXSR1/ANK3",0.352487857583619
"GO:0006308","DNA catabolic process",18,0.504882912496684,1.52755369889957,0.0407842760280514,0.319818010088697,0.233300143235868,2655,"tags=61%, list=28%, signal=44%","DFFB/FBH1/ENDOG/APEX1/CASP3/DNASE2/BAX/NME1/REXO4/DNASE1L1/ISG20",0.321775918075361
"GO:0055001","muscle cell development",43,0.409735298055652,1.52748940626639,0.0225588690013098,0.241401451050102,0.176097003079082,1751,"tags=37%, list=18%, signal=31%","FLII/FOXP1/GSK3A/TOMM70/ENG/YY1/BIN1/G6PD/PDLIM5/ACTN1/WDR1/MAML1/MYOM2/TTN/NOTCH1/ACTN4",0.352487857583619
"GO:1905521","regulation of macrophage migration",17,0.507603403249629,1.5270205507635,0.0483108788419725,0.359411703033136,0.262182863857552,2337,"tags=53%, list=24%, signal=40%","PTPRJ/DDT/AKIRIN1/CX3CR1/CD200/CD81/MAPK3/CCL5/PTK2",0.321775918075361
"GO:0030098","lymphocyte differentiation",255,0.301281642298735,1.52564823645253,0.000564063552717433,0.0477338781487128,0.0348208051391779,1448,"tags=22%, list=15%, signal=19%","IGHM/BRD4/TCF3/CD79B/ZFPM1/IL2RG/SPIB/VSIR/LFNG/PTPRJ/CCR6/MS4A1/SPI1/FOXP1/PSMB4/SYK/BTK/ZMIZ1/CD1D/METTL3/YY1/PSMB8/BATF/EP300/SLC25A5/TGFB1/PSMA2/PNP/PSMA7/LILRB4/HLA-DRB1/PIK3R1/CD19/PRELID1/TBX21/SLAMF6/ICOSLG/ARID1A/DOCK11/SOX4/CLCF1/CD79A/SPN/PBRM1/SLC4A2/PIK3R6/SMARCC2/PAX5/ADAM8/ZAP70/SMARCB1/PSMB9/PCID2/CR2/KAT2A/ANXA1",0.477270815362862
"GO:0050764","regulation of phagocytosis",49,0.397136506687963,1.52233737834739,0.0159578545666966,0.209099371773941,0.152533352864841,1200,"tags=29%, list=13%, signal=25%","IL2RG/PTPRJ/SYK/BTK/ABCA7/CSK/PRKACA/TGFB1/IL2RB/CYBA/HCK/FGR/SNX3/RAB27A",0.352487857583619
"GO:0006090","pyruvate metabolic process",70,0.374309676832653,1.52229697522696,0.0092578574415813,0.158672645264571,0.115748174587078,1778,"tags=37%, list=19%, signal=30%","GIT1/PFKL/FOXK2/LDHA/BPGM/TPI1/GAPDH/EP300/EIF6/PRKACA/PCK2/PDHA1/PDHB/PKM/ENO1/PGK1/HIF1A/APP/DLAT/JMJD8/ENO3/UCP2/TIGAR/PFKP/VDAC1/P2RX7",0.380730400722792
"GO:0090596","sensory organ morphogenesis",34,-0.430032720337408,-1.51887697200442,0.0153602144793501,0.205918122822178,0.150212702330153,1378,"tags=29%, list=14%, signal=25%","BBS4/WNT16/TTC39C/ABI2/RDH13/PAX8/TOPORS/STAT3/HIPK2/RAB37",0.380730400722792
"GO:0000244","spliceosomal tri-snRNP complex assembly",35,0.425652886329456,1.51696558059508,0.0173236534291155,0.212245714169303,0.154828539841032,3383,"tags=63%, list=35%, signal=41%","TSSC4/DDX23/SNRPG/LSM6/LSM3/LSM7/LSM4/SNRNP40/SNRPD1/PRPF19/SNRPD2/CD2BP2/AAR2/DDX20/USP39/PRPF31/TXNL4B/SART1/LSM2/SNRPE/EFTUD2/SNU13",0.352487857583619
"GO:1902105","regulation of leukocyte differentiation",186,0.313364658015443,1.51694859130743,0.00141092296006769,0.0643535663730365,0.0469444989930509,2008,"tags=31%, list=21%, signal=25%","BRD4/FES/ZFPM1/IL2RG/VSIR/SPI1/LGALS9/FOXP1/PSMB4/SYK/BTK/ZMIZ1/METTL3/PSMB8/QKI/BATF/EP300/TGFB1/PSMA2/PNP/PSMA7/IL2RB/LILRB4/HLA-DRB1/PRELID1/TBX21/HCLS1/LYN/ARID1A/SOX4/GPR137/PBRM1/CORO1C/SLC4A2/PIK3R6/SMARCC2/ADAM8/ZAP70/SMARCB1/PSMB9/PCID2/LILRB1/KAT2A/ANXA1/SOX12/TYROBP/PSMB3/HLA-DRA/IL4R/ACTB/SMARCE1/CD2/PSMB10/LEF1/CD74/ACIN1/RHOA",0.45505986738723
"GO:0046032","ADP catabolic process",56,0.381182129427459,1.51606978760869,0.0199414317593948,0.227533976985004,0.165980988396827,2185,"tags=45%, list=23%, signal=35%","GIT1/PFKL/FOXK2/LDHA/BPGM/TPI1/GAPDH/EP300/EIF6/PRKACA/PKM/ENO1/PGK1/HIF1A/APP/JMJD8/ENO3/UCP2/TIGAR/PFKP/P2RX7/PSEN1/PGM1/GPI/FLCN",0.352487857583619
"GO:0002285","lymphocyte activation involved in immune response",129,0.33147088837214,1.51466302452321,0.00661550651023622,0.148984662383536,0.108681006002091,1660,"tags=26%, list=17%, signal=22%","CD1C/BRD4/LFNG/CCR6/SPI1/LGALS9/PSMB4/PSMB8/TNFSF13/BATF/EP300/TGFB1/PSMA2/PSMA7/HLA-DRB1/GAPT/CD19/PMS2/TBX21/SLAMF6/DOCK11/CLCF1/ITGAL/EXOSC3/SPN/PSMB9/LILRB1/ANXA1/LAMP1/CD81/TYROBP/PSMB3/HLA-DRA/NKG7",0.407017918923954
"GO:0097435","supramolecular fiber organization",381,0.285531972542836,1.51194097234415,0.000255341712065338,0.0328992183498702,0.023999249921054,2178,"tags=32%, list=23%, signal=26%","TESK1/MID1IP1/GIPC1/FES/FURIN/GIT1/TMSB10/DSP/FLII/CFL1/RHOQ/TPM4/RAC2/PXN/EFHD2/COTL1/PDLIM1/GSN/SH3BP1/ARPC5/PFN1/PPP2CB/ARPC3/ARPC1B/RUFY3/INPPL1/PLEK/BID/CAPZB/ZYX/RGCC/BRK1/ARPC2/PDXP/WAS/LIMK1/GMFG/TWF2/TUBGCP6/PREX1/PIK3R1/HAUS1/NCK2/MZT1/RHOC/ARPC4/NUMA1/HCLS1/CAPG/CAPZA2/STMN3/BIN1/CAP1/TBCD/PICK1/ACTR3/BLOC1S2/HCK/WASHC1/LIMD2/TUBG1/MAP1S/IQGAP1/AIF1/HSPA8/FKBP1A/CORO1C/APP/ACTN1/WDR1/PARK7/FHOD1/S1PR1/ARHGAP18/MYOM2/TPM3/MYO1E/ROCK2/GOLGA2/TTN/TNFAIP1/ARHGEF12/CNN2/GBA2/ACTG1/SYNPO/IQGAP2/TACC1/TBCB/CST3/DIAPH1/RAB11A/CCDC88A/VIM/ACTB/TAGLN2/PFDN6/SSNA1/SIAH2/ARAP1/NEDD1/HSP90B1/SH3KBP1/TLN1/PPP1R9A/TOGARAM1/VASP/FLNA/PHACTR1/LIMS1/PSEN1/RHOA/BASP1/PAWR/BIN3/RHOG/PAK1/DSTN/WASF2/EML2/SNX9/TUBGCP4/BAX",0.49849310876659
"GO:0019724","B cell mediated immunity",111,0.338422163706659,1.51186905634132,0.00600082933076627,0.14338452200925,0.104595827837486,947,"tags=23%, list=10%, signal=21%","IL2RG/IGHD/IGHV1-69D/IGHG4/CCR6/IGKC/IGHG3/IGHV2-5/BTK/IL21R/TNFSF13/BATF/FCMR/TGFB1/IL2RB/IGHV3-21/IGHV4-34/CD19/PMS2/IGHV6-1/IGLC1/IGHV4-59/IGLC3/CLCF1/EXOSC3",0.407017918923954
"GO:0032611","interleukin-1 beta production",46,0.396053791920578,1.51167776473171,0.0296252347540139,0.271030863898208,0.197711002426839,2045,"tags=41%, list=21%, signal=33%","GIT1/LGALS9/FOXP1/CARD16/ELF4/ARRB2/NLRP2/LILRB4/GSTP1/MYD88/APP/CX3CR1/TYROBP/STMP1/P2RX7/HSPB1/SERPINB1/CASP1/PML",0.352487857583619
"GO:0032651","regulation of interleukin-1 beta production",46,0.396053791920578,1.51167776473171,0.0296252347540139,0.271030863898208,0.197711002426839,2045,"tags=41%, list=21%, signal=33%","GIT1/LGALS9/FOXP1/CARD16/ELF4/ARRB2/NLRP2/LILRB4/GSTP1/MYD88/APP/CX3CR1/TYROBP/STMP1/P2RX7/HSPB1/SERPINB1/CASP1/PML",0.352487857583619
"GO:0046364","monosaccharide biosynthetic process",49,0.39383134978095,1.50966777025014,0.0172897519546945,0.212245714169303,0.154828539841032,1447,"tags=35%, list=15%, signal=30%","DGKQ/FOXO1/TPI1/CHST15/EP300/PRKACA/PCK2/CLK2/DGAT2/ENO1/G6PC3/G6PD/USP7/PGK1/ENO3/AKR1B1/KAT2A",0.352487857583619
"GO:0046365","monosaccharide catabolic process",27,0.451422010393491,1.50835978259757,0.0423185134587913,0.329306133466686,0.240221518747243,1741,"tags=48%, list=18%, signal=39%","PFKL/FOXK2/TPI1/GAPDH/GALK1/PKM/ENO1/GALM/FUT8/PGK1/ENO3/PFKP/NUDT5",0.321775918075361
"GO:0038093","Fc receptor signaling pathway",40,0.412409741083572,1.50826597555639,0.0334218878259496,0.288143918845647,0.210194596359943,2974,"tags=57%, list=31%, signal=40%","SYK/BTK/FCMR/LIMK1/PLCG1/VAV3/LYN/HCK/VAV2/FGR/CD247/PLA2G6/FCER2/PAK1/FCER1G/PTK2/FYN/PRKCD/PRKCE/TRAF6/PLCG2/FCGR3A/IKBKB",0.321775918075361
"GO:0051961","negative regulation of nervous system development",34,0.422949448518236,1.50777093924081,0.0257916258835051,0.256778392987249,0.187314141086636,1714,"tags=32%, list=18%, signal=27%","CLSTN3/GDI1/RUFY3/TGFB1/PTEN/GORASP1/SIRT2/ARHGAP4/NOTCH1/ULK1/TRIM11",0.352487857583619
"GO:1902991","regulation of amyloid precursor protein catabolic process",28,0.455733684103302,1.50759586531728,0.0369671873397185,0.299662372756962,0.218597052952742,1873,"tags=39%, list=20%, signal=32%","GSK3A/ABCA7/LYN/BIN1/FKBP1A/APP/ROCK2/ABCG1/PIN1/RTN3/CASP3",0.321775918075361
"GO:0040017","positive regulation of locomotion",241,0.298994482567245,1.50559550925059,0.00133801817939571,0.0629455834482696,0.0459174066853641,1966,"tags=31%, list=21%, signal=25%","MAZ/FAM89B/VEGFB/RRAS/VSIR/PTPRJ/CCR6/MIEN1/SPI1/LGALS9/CFL1/FOXP1/RAC2/SEMA7A/PFN1/RUFY3/BSG/PDCD6/AKT1/TGFB1/ELP6/GNAI2/PREX1/GRN/PLCG1/SUN2/RHOC/LYN/AAMP/IGSF8/AKIRIN1/WASHC1/SPN/EMC10/ACTA2/AIF1/HSPA8/FGR/PDCD10/SPOCK2/HIF1A/IQSEC1/AKT2/MAP2K2/APP/S100A11/SEMA4B/ADAM8/S1PR1/P4HB/ROCK2/PECAM1/TNFRSF14/CX3CR1/ANXA1/TIRAP/ACTG1/STK39/ZNF609/SDCBP/NOTCH1/RAB11A/PHPT1/TMEM102/RIPOR1/ACTN4/PLPP3/HMOX1/NSMF/HSPB1/BMPR2/FLNA/IL16/LEF1/CD74",0.45505986738723
"GO:0009150","purine ribonucleotide metabolic process",212,0.305485298602886,1.50552796331518,0.00112185041204669,0.059959952285969,0.0437394549883317,2197,"tags=37%, list=23%, signal=29%","GIT1/PFKL/FOXK2/RHOQ/LDHA/BPGM/ATP5IF1/TPI1/NADK/CLPX/GAPDH/ATP5MF/EP300/NME2/EIF6/PRKACA/TGFB1/PNP/NDUFA12/NUDT2/GART/ATP5F1E/ATP5MC2/ATP5PF/PKM/ENO1/NUDT3/TPST2/ATP5MG/NDUFA11/ATP5MC3/NDUFB7/NDUFS3/NDUFB2/NMNAT1/NDUFB3/NDUFB11/PGK1/NDUFC2/NDUFB4/AMPD3/HSPA8/NDUFV1/HIF1A/ATP5F1D/APP/JMJD8/ENO3/NDUFC1/UCP2/TIGAR/NDUFB8/ATP6V1B2/MT-ND4/PFKP/CARD11/NUDT5/APRT/P2RX7/PARP1/NDUFB5/UQCC3/AMPD2/NDUFA1/PAICS/NDUFS2/PSEN1/PGM1/NME6/NDUFS6/GMPR2/GPI/NT5C2/IMPDH2/ADSL/NDUFB9/FLCN/GIMAP7",0.45505986738723
"GO:0051251","positive regulation of lymphocyte activation",196,0.308898983146978,1.50240093858727,0.00216883428864276,0.0800891352769718,0.0584232474167805,2485,"tags=36%, list=26%, signal=27%","BRD4/TCF3/HLA-DQA1/IL2RG/VSIR/FCHO1/SPI1/LGALS9/RASAL3/SYK/BTK/ZMIZ1/CD1D/CSK/TNFSF13/EP300/AKT1/HLA-DMA/TGFB1/PNP/NFATC2/LILRB4/HLA-DRB1/PMS2/NCK2/ICOSLG/VAV3/LYN/ARID1A/SOX4/CLCF1/AIF1/PBRM1/PIK3R6/SMARCC2/HLA-DOB/ADAM8/ZAP70/SMARCB1/TNFRSF14/PCID2/ANXA1/TIRAP/SOX12/CD81/TYROBP/HLA-DRA/CARD11/ACTB/CD24/SMARCE1/HLA-DRB5/SH3KBP1/LEF1/CD74/RHOA/FADD/CD38/KLHL22/ZBTB7B/TESPA1/DDRGK1/TMIGD2/CCL5/SMARCD2/NKAP/HSPH1/RARA/FYN/SIRPG",0.431707695803346
"GO:1904357","negative regulation of telomere maintenance via telomere lengthening",27,-0.44352763810163,-1.50185749303368,0.0449662795375283,0.344628353738566,0.251398738513977,1727,"tags=37%, list=18%, signal=30%","POT1/TNKS2/XRN1/PARP3/DCP2/TENT4B/PIF1/GNL3L/CTC1/TNKS",0.321775918075361
"GO:0046460","neutral lipid biosynthetic process",20,0.489347028553897,1.50064052369247,0.0497828416585493,0.365674326974733,0.266751309087393,1114,"tags=30%, list=12%, signal=27%","CTDNEP1/AGPAT2/PCK2/DGAT1/DGAT2/CNEP1R1",0.321775918075361
"GO:0046463","acylglycerol biosynthetic process",20,0.489347028553897,1.50064052369247,0.0497828416585493,0.365674326974733,0.266751309087393,1114,"tags=30%, list=12%, signal=27%","CTDNEP1/AGPAT2/PCK2/DGAT1/DGAT2/CNEP1R1",0.321775918075361
"GO:0045333","cellular respiration",234,0.298412307969661,1.49995165450253,0.00115630127652299,0.0602166126312358,0.0439266830162252,2220,"tags=35%, list=23%, signal=27%","GIT1/PFKL/FOXK2/IL10RB/LDHA/BPGM/ATP5IF1/TPI1/GAPDH/ATP5MF/UQCRQ/UQCR11/SURF1/EP300/EIF6/PRKACA/COX7B/NDUFA12/ATP5F1E/PDHA1/PRELID1/ATP5PF/COX5A/PDHB/PKM/ENO1/ATP5MG/NDUFA11/OXA1L/NDUFB7/NDUFS3/NDUFB2/COX6A1/BLOC1S1/NDUFB3/NDUFB11/PGK1/NDUFC2/HCCS/NDUFB4/NDUFV1/COX6C/HIF1A/ATP5F1D/COX8A/APP/COX6B1/DLAT/UQCC2/PARK7/JMJD8/ENO3/NDUFC1/CYC1/UCP2/TIGAR/CHCHD2/NDUFB8/SUCLG1/MT-ND4/MDH2/PFKP/UQCR10/SLC25A33/P2RX7/COX7C/NDUFB5/UQCC3/NDUFA1/UQCRC2/NDUFS2/PSEN1/RHOA/PGM1/NDUFS6/GPI/ADSL/NDUFB9/FLCN/SHMT2/SUCLA2",0.45505986738723
"GO:0002521","leukocyte differentiation",333,0.289304011164671,1.49908017444764,0.000385696379479668,0.0356067884874185,0.0259743622692798,1448,"tags=22%, list=15%, signal=19%","IGHM/BRD4/TCF3/CD79B/SBNO2/FES/ZFPM1/IL2RG/SPIB/RRAS/VSIR/LFNG/PTPRJ/CCR6/MS4A1/SPI1/LGALS9/FOXP1/PSMB4/SYK/BTK/ZMIZ1/CD1D/METTL3/YY1/PSMB8/QKI/BATF/SNX10/EP300/SLC25A5/TGFB1/PSMA2/PNP/PSMA7/IL2RB/LILRB4/HLA-DRB1/PIK3R1/CD19/PRELID1/TBX21/SLAMF6/HCLS1/ICOSLG/LYN/ARID1A/DOCK11/SOX4/CLCF1/GPR137/CD79A/SPN/P2RX5/PBRM1/ATP6AP1/IGHE/CORO1C/SLC4A2/PIK3R6/SMARCC2/APP/PAX5/ADAM8/ZAP70/SMARCB1/PSMB9/PCID2/CR2/UCP2/LILRB1/KAT2A/ANXA1",0.49849310876659
"GO:0009134","nucleoside diphosphate catabolic process",59,0.373301327951858,1.49761057356562,0.0118297222230874,0.179299745037989,0.130795186262076,2185,"tags=44%, list=23%, signal=34%","GIT1/PFKL/FOXK2/LDHA/BPGM/TPI1/GAPDH/EP300/EIF6/PRKACA/PKM/ENO1/PGK1/HIF1A/APP/JMJD8/ENO3/UCP2/TIGAR/PFKP/NUDT5/P2RX7/PSEN1/PGM1/GPI/FLCN",0.380730400722792
"GO:0009191","ribonucleoside diphosphate catabolic process",59,0.373301327951858,1.49761057356562,0.0118297222230874,0.179299745037989,0.130795186262076,2185,"tags=44%, list=23%, signal=34%","GIT1/PFKL/FOXK2/LDHA/BPGM/TPI1/GAPDH/EP300/EIF6/PRKACA/PKM/ENO1/PGK1/HIF1A/APP/JMJD8/ENO3/UCP2/TIGAR/PFKP/NUDT5/P2RX7/PSEN1/PGM1/GPI/FLCN",0.380730400722792
"GO:0016445","somatic diversification of immunoglobulins",44,0.39866071143556,1.49725391558433,0.0311698941764668,0.274646659750126,0.200348645284819,953,"tags=23%, list=10%, signal=21%","TCF3/CCR6/YY1/TNFSF13/BATF/TGFB1/PMS2/CLCF1/EXOSC3/CTNNBL1",0.352487857583619
"GO:0046496","nicotinamide nucleotide metabolic process",96,0.34302072730044,1.49639995004845,0.00998146623023765,0.164815917996851,0.120229555757515,1429,"tags=29%, list=15%, signal=25%","GIT1/PFKL/FOXK2/PGLS/LDHA/BPGM/TALDO1/TPI1/NADK/GAPDH/EP300/EIF6/PRKACA/PNP/TKT/NAPRT/PKM/ENO1/KMO/G6PD/NMNAT1/PGK1/HIF1A/APP/JMJD8/ENO3/UCP2/TIGAR",0.380730400722792
"GO:1903053","regulation of extracellular matrix organization",24,-0.466104814276465,-1.49265472238814,0.0370985560687705,0.299662372756962,0.218597052952742,534,"tags=29%, list=6%, signal=28%","RECK/STAT3/CLASP1/RB1/RUNX1/RIC1/CLASP2",0.321775918075361
"GO:0019646","aerobic electron transport chain",78,0.350165567319038,1.49188332781623,0.0260047495527962,0.257909207110203,0.188139044902356,2177,"tags=38%, list=23%, signal=30%","UQCRQ/UQCR11/COX7B/COX5A/NDUFA11/NDUFB7/NDUFS3/NDUFB2/COX6A1/NDUFB3/NDUFC2/NDUFB4/NDUFV1/COX6C/COX8A/COX6B1/PARK7/NDUFC1/CYC1/NDUFB8/MT-ND4/UQCR10/COX7C/NDUFB5/UQCC3/NDUFA1/UQCRC2/NDUFS2/NDUFS6/NDUFB9",0.352487857583619
"GO:1901136","carbohydrate derivative catabolic process",147,0.317023343641637,1.49158036979688,0.00424717574345953,0.115785421945857,0.0844628966239336,1653,"tags=28%, list=17%, signal=23%","MAN2B1/GIT1/PFKL/FOXK2/NUDT1/DCTPP1/BTK/FBXO2/LDHA/BPGM/TPI1/GAPDH/GALK1/CHI3L2/EP300/EIF6/PRKACA/TGFB1/PNP/GM2A/PKM/ENO1/NUDT3/GALM/PGK1/AMPD3/DPYD/MAN1A1/HIF1A/APP/JMJD8/ENO3/IDUA/UCP2/TIGAR/GBA2/GUSB/GLA/FUCA2/CST3/PFKP",0.407017918923954
"GO:0030856","regulation of epithelial cell differentiation",42,-0.403063387817032,-1.49069829007335,0.0401918620148227,0.317625181914805,0.231700523730642,1010,"tags=26%, list=11%, signal=24%","NFE2L1/VCL/RPTOR/NCOA3/KLF7/STAT1/PAX8/ZEB1/ZFP36/RFX3/AQP3",0.321775918075361
"GO:0050770","regulation of axonogenesis",39,0.412137687392582,1.48863726046817,0.0260321947107788,0.257909207110203,0.188139044902356,2105,"tags=41%, list=22%, signal=32%","SEMA7A/GDI1/JUP/RUFY3/TRPV2/LIMK1/TWF2/PTEN/MARK2/ANAPC2/ARHGAP4/ULK1/VIM/BMPR2/METRN/PAK1",0.352487857583619
"GO:0006935","chemotaxis",148,0.318248345826652,1.48841002941829,0.00879761856210655,0.156529659306566,0.114184913872597,2087,"tags=35%, list=22%, signal=28%","VEGFB/FES/PTPRJ/CCR6/SPI1/LGALS9/SYK/RAC2/CMTM3/ENG/RIN3/CMTM7/SEMA7A/PIP5K1C/ARRB2/ITGB2/BSG/S100A4/TGFB1/DDT/GSTP1/LYN/CKLF/AKIRIN1/SPN/SCRIB/AIF1/CORO1C/NINJ1/APP/SEMA4B/ADAM8/S1PR1/IL17RA/CX3CR1/ANXA1/TIRAP/STK39/CXCR5/DUSP3/NOTCH1/SLC12A2/HSPB1/PLCB2/BMPR2/IL16/LEF1/YTHDF1/CD74/RHOA/PLA2G6/RHOG",0.380730400722792
"GO:0042330","taxis",148,0.318248345826652,1.48841002941829,0.00879761856210655,0.156529659306566,0.114184913872597,2087,"tags=35%, list=22%, signal=28%","VEGFB/FES/PTPRJ/CCR6/SPI1/LGALS9/SYK/RAC2/CMTM3/ENG/RIN3/CMTM7/SEMA7A/PIP5K1C/ARRB2/ITGB2/BSG/S100A4/TGFB1/DDT/GSTP1/LYN/CKLF/AKIRIN1/SPN/SCRIB/AIF1/CORO1C/NINJ1/APP/SEMA4B/ADAM8/S1PR1/IL17RA/CX3CR1/ANXA1/TIRAP/STK39/CXCR5/DUSP3/NOTCH1/SLC12A2/HSPB1/PLCB2/BMPR2/IL16/LEF1/YTHDF1/CD74/RHOA/PLA2G6/RHOG",0.380730400722792
"GO:0002821","positive regulation of adaptive immune response",64,0.360902352845399,1.48661820284589,0.018940620110687,0.220949000583978,0.161177394199183,949,"tags=20%, list=10%, signal=18%","CD1C/BRD4/BTK/CD1D/SKAP1/TNFSF13/EP300/TGFB1/HLA-DRB1/PMS2/TBX21/CLCF1/TRAF2",0.352487857583619
"GO:0048592","eye morphogenesis",25,-0.453680550671194,-1.48642011426843,0.0347245595363305,0.291428018257385,0.212590274023458,1378,"tags=32%, list=14%, signal=27%","BBS4/WNT16/ABI2/RDH13/TOPORS/STAT3/HIPK2/RAB37",0.321775918075361
"GO:0006359","regulation of transcription by RNA polymerase III",26,-0.451855811844013,-1.48212061210857,0.0482625482625483,0.359411703033136,0.262182863857552,3172,"tags=46%, list=33%, signal=31%","CHD8/BRF2/DDX21/TBP/ZNF76/MYBBP1A/SMARCA5/POLR3F/MAF1/RPTOR/SETD5/SF3B1",0.287857117255149
"GO:0019319","hexose biosynthetic process",48,0.381174464655016,1.47993734284863,0.030702920132457,0.274646659750126,0.200348645284819,1447,"tags=33%, list=15%, signal=28%","DGKQ/FOXO1/TPI1/CHST15/EP300/PRKACA/PCK2/CLK2/DGAT2/ENO1/G6PC3/USP7/PGK1/ENO3/AKR1B1/KAT2A",0.352487857583619
"GO:0098657","import into cell",453,0.273603614847824,1.4783162229695,0.000126239140036015,0.027102394347938,0.0197705954134832,2128,"tags=32%, list=22%, signal=26%","MAPKAPK2/CSNK1G2/GRK2/IL2RG/GRK3/DGKQ/FCHO1/PTPRJ/MS4A1/UNC119/CACNA1A/SMAP1/SYK/RHOQ/NCF2/BTK/GSK3A/SLC27A4/ABCA7/RIN3/SLC1A5/ADRB2/RAB5C/CSK/GSN/SH3BP1/PIP5K1C/ARPC3/INPPL1/RABEP2/ARRB2/CLTA/ITGB2/TRPV2/BMP2K/AKT1/PLD4/FCMR/LIMK1/PRKACA/TGFB1/OSBPL8/IL2RB/LILRB4/NCF4/PEA15/PIK3R1/ICAM3/SLC39A1/CYBA/VAV3/LYN/AP2A1/SGSM3/MYD88/BIN1/PICK1/HCK/DPYSL2/AP2M1/ITGAL/SNX1/RUFY1/SH3GLB2/VAV2/SLC9A7/VAC14/RNF220/SCRIB/LRP10/MICALL1/P2RX5/AP2S1/AIF1/FGR/CD63/IQSEC1/IGHE/CORO1C/AKT2/SHOC2/SNX3/SLC39A6/RINL/RAB27A/APP/IGF2R/CTBP1/SYNRG/CLN3/PARK7/MYO1E/PECAM1/SLC39A11/FMR1/SH3GL1/LILRB1/SNX5/ANXA1/MX2/ACTG1/STK39/CD300A/CD81/SDCBP/DBNL/TSG101/ACSL5/TYROBP/SLC2A1/AAK1/SLC5A3/EPN1/SNX12/ACTB/FKBP15/CDK5/ANKRD13D/ARAP1/SLC12A2/SH3KBP1/SLC9A9/TM9SF4/SLC1A4/SYT11/LY75/PTPN1/SLC7A7/FXYD5/MESD/LRPAP1/RABGEF1/PLA2G6/DNASE2/FXYD1/FCER2/PLSCR1/AP4B1/BIN3/IL10RA/PAK1/TMEM175/CD151",0.518848077743792
"GO:0030041","actin filament polymerization",83,0.344783481390754,1.47819857058708,0.0150140396774174,0.204654460300904,0.149290888555083,863,"tags=23%, list=9%, signal=21%","FLII/CFL1/COTL1/GSN/ARPC5/PFN1/ARPC3/CAPZB/ARPC2/WAS/TWF2/PREX1/NCK2/ARPC4/HCLS1/CAPG/CAPZA2/BIN1/HCK",0.380730400722792
"GO:2000147","positive regulation of cell motility",238,0.2987091801784,1.47774627595698,0.00126855073321954,0.0615656338830264,0.0449107640915333,1851,"tags=30%, list=19%, signal=25%","MAZ/FAM89B/VEGFB/RRAS/VSIR/PTPRJ/CCR6/MIEN1/SPI1/LGALS9/CFL1/FOXP1/RAC2/SEMA7A/PFN1/RUFY3/BSG/PDCD6/AKT1/TGFB1/ELP6/GNAI2/PREX1/GRN/PLCG1/SUN2/RHOC/LYN/AAMP/IGSF8/AKIRIN1/WASHC1/SPN/EMC10/ACTA2/AIF1/HSPA8/FGR/PDCD10/SPOCK2/HIF1A/IQSEC1/AKT2/MAP2K2/APP/S100A11/SEMA4B/ADAM8/S1PR1/P4HB/ROCK2/PECAM1/TNFRSF14/CX3CR1/ANXA1/TIRAP/ACTG1/STK39/ZNF609/SDCBP/NOTCH1/RAB11A/PHPT1/TMEM102/RIPOR1/ACTN4/PLPP3/HMOX1/NSMF/HSPB1/BMPR2",0.45505986738723
"GO:0003300","cardiac muscle hypertrophy",39,0.408595896448037,1.47584434652188,0.0270398788506047,0.260105076259545,0.18974088273171,2701,"tags=51%, list=28%, signal=37%","FOXO1/CAMK2D/FOXP1/GSK3A/TOMM70/YY1/ARRB2/JUND/G6PD/PDLIM5/ROCK2/TTN/NOTCH1/PARP1/PAK1/STUB1/TWF1/LMNA/HDAC2/PPARA",0.352487857583619
"GO:0014897","striated muscle hypertrophy",39,0.408595896448037,1.47584434652188,0.0270398788506047,0.260105076259545,0.18974088273171,2701,"tags=51%, list=28%, signal=37%","FOXO1/CAMK2D/FOXP1/GSK3A/TOMM70/YY1/ARRB2/JUND/G6PD/PDLIM5/ROCK2/TTN/NOTCH1/PARP1/PAK1/STUB1/TWF1/LMNA/HDAC2/PPARA",0.352487857583619
"GO:0040011","locomotion",470,0.274445434738018,1.47558407536726,0.000133443596001664,0.027102394347938,0.0197705954134832,1974,"tags=30%, list=21%, signal=25%","MAZ/FAM89B/VEGFB/FES/RRAS/TMSB10/VSIR/PTPRJ/CCR6/ADAM15/MIEN1/SPI1/LGALS9/CFL1/FOXP1/SYK/LDB1/RAC2/CMTM3/ENG/RIN3/CMTM7/SEMA7A/SH3BP1/PIP5K1C/PFN1/PKN1/JUP/ACE/RUFY3/ARRB2/ITGB2/EP300/RGCC/BSG/PDCD6/AKT1/S100A4/WAS/TGFB1/PTPN23/PTEN/DDT/ELP6/CHST2/GNAI2/GSTP1/CERS2/PREX1/GRN/PLCG1/SUN2/SVBP/RHOC/MSN/GLUL/LYN/AAMP/CKLF/GTPBP4/IGSF8/AKIRIN1/STK10/WASHC1/SPN/SCRIB/EMC10/CSNK2B/ACTA2/AIF1/HSPA8/FGR/SIN3A/PDCD10/SPOCK2/CD63/HIF1A/IQSEC1/CORO1C/AKT2/NINJ1/ING2/MAP2K2/APP/S100A11/SEMA4B/ADAM8/ABI3/CLN3/ARHGDIB/WDR1/S1PR1/ARHGAP4/ARHGAP18/P4HB/ROCK2/IL17RA/PECAM1/TNFRSF14/CX3CR1/ANXA1/TIRAP/CD200/ACTG1/STK39/ZNF609/CD300A/PRCP/CD81/ARID4A/SDCBP/CXCR5/DUSP22/DUSP3/NOTCH1/RAB11A/DAG1/PHPT1/PNOC/TMEM102/RIPOR1/ACTN4/PLPP3/PIN1/HMOX1/NSMF/SLC12A2/HSPB1/PLCB2/BMPR2/MIIP/FLNA/SERPINB1/PHACTR1/IL16/PTPN1/LEF1/YTHDF1/CD74/TBXA2R",0.518848077743792
"GO:1903350","response to dopamine",16,0.504516501125155,1.47548213742105,0.0497017892644135,0.365674326974733,0.266751309087393,1178,"tags=38%, list=12%, signal=33%","GSK3A/GNAS/ARRB2/AKT1/SIN3A/GNB1",0.287857117255149
"GO:1903351","cellular response to dopamine",16,0.504516501125155,1.47548213742105,0.0497017892644135,0.365674326974733,0.266751309087393,1178,"tags=38%, list=12%, signal=33%","GSK3A/GNAS/ARRB2/AKT1/SIN3A/GNB1",0.287857117255149
"GO:0009137","purine nucleoside diphosphate catabolic process",58,0.367901450408705,1.47446077405557,0.0207902105893739,0.230737255229609,0.168317708811926,1429,"tags=33%, list=15%, signal=28%","GIT1/PFKL/FOXK2/LDHA/BPGM/TPI1/GAPDH/EP300/EIF6/PRKACA/PKM/ENO1/PGK1/HIF1A/APP/JMJD8/ENO3/UCP2/TIGAR",0.352487857583619
"GO:0009181","purine ribonucleoside diphosphate catabolic process",58,0.367901450408705,1.47446077405557,0.0207902105893739,0.230737255229609,0.168317708811926,1429,"tags=33%, list=15%, signal=28%","GIT1/PFKL/FOXK2/LDHA/BPGM/TPI1/GAPDH/EP300/EIF6/PRKACA/PKM/ENO1/PGK1/HIF1A/APP/JMJD8/ENO3/UCP2/TIGAR",0.352487857583619
"GO:0019693","ribose phosphate metabolic process",232,0.29932247845919,1.47353277710941,0.00134816980797623,0.0629455834482696,0.0459174066853641,2197,"tags=36%, list=23%, signal=28%","GIT1/PFKL/FOXK2/RHOQ/LDHA/BPGM/ATP5IF1/TPI1/NADK/CLPX/GAPDH/ATP5MF/EP300/NME2/EIF6/PRKACA/TGFB1/PNP/NDUFA12/NUDT2/GART/ATP5F1E/ATP5MC2/ATP5PF/PKM/ENO1/NUDT3/TPST2/ATP5MG/NDUFA11/ATP5MC3/NDUFB7/NDUFS3/NDUFB2/G6PD/NMNAT1/NDUFB3/NDUFB11/PGK1/NDUFC2/NDUFB4/AMPD3/DPYD/PRPS1/HSPA8/NDUFV1/HIF1A/ATP5F1D/APP/JMJD8/UCKL1/ENO3/NDUFC1/UCP2/TIGAR/NDUFB8/ATP6V1B2/MT-ND4/PFKP/CARD11/NUDT5/APRT/CAD/P2RX7/PARP1/NDUFB5/UQCC3/AMPD2/NDUFA1/PAICS/NDUFS2/PSEN1/PGM1/NME6/NDUFS6/GMPR2/GPI/NT5C2/IMPDH2/ADSL/NDUFB9/FLCN/GIMAP7",0.45505986738723
"GO:0042987","amyloid precursor protein catabolic process",38,0.404119600477606,1.47342223120326,0.0442868309788482,0.341353145040002,0.249009546428484,2229,"tags=42%, list=23%, signal=32%","GSK3A/ABCA7/PSENEN/LYN/BIN1/FKBP1A/APP/CLN3/ROCK2/ABCG1/PIN1/RTN3/CASP3/PSEN1/APH1A/GGA3",0.321775918075361
"GO:0030038","contractile actin filament bundle assembly",54,0.374478457415853,1.47111647325636,0.0296057532646987,0.271030863898208,0.197711002426839,2255,"tags=43%, list=24%, signal=33%","TESK1/PXN/PDLIM1/PFN1/ZYX/RGCC/WAS/LIMK1/PIK3R1/RHOC/FHOD1/S1PR1/ROCK2/TNFAIP1/ACTG1/SYNPO/CCDC88A/ARAP1/PHACTR1/RHOA/PAK1/WASF2/EVL",0.352487857583619
"GO:0043149","stress fiber assembly",54,0.374478457415853,1.47111647325636,0.0296057532646987,0.271030863898208,0.197711002426839,2255,"tags=43%, list=24%, signal=33%","TESK1/PXN/PDLIM1/PFN1/ZYX/RGCC/WAS/LIMK1/PIK3R1/RHOC/FHOD1/S1PR1/ROCK2/TNFAIP1/ACTG1/SYNPO/CCDC88A/ARAP1/PHACTR1/RHOA/PAK1/WASF2/EVL",0.352487857583619
"GO:0032271","regulation of protein polymerization",109,0.329881851560719,1.47036456255541,0.0136393482549929,0.195081100745708,0.142307335143391,863,"tags=20%, list=9%, signal=19%","FES/GIT1/FLII/CFL1/COTL1/GSN/ARPC5/PFN1/PPP2CB/ARPC3/CAPZB/TWF2/PREX1/HAUS1/NCK2/NUMA1/HCLS1/CAPG/CAPZA2/BIN1/TBCD/HCK",0.380730400722792
"GO:0002824","positive regulation of adaptive immune response based on somatic recombination of immune receptors built from immunoglobulin superfamily domains",57,0.368985656540219,1.46974682431643,0.0314693281433,0.276640561724063,0.201803152540332,949,"tags=21%, list=10%, signal=19%","CD1C/BRD4/BTK/CD1D/TNFSF13/EP300/TGFB1/HLA-DRB1/PMS2/TBX21/CLCF1/TRAF2",0.321775918075361
"GO:0002244","hematopoietic progenitor cell differentiation",43,0.394076472451401,1.46911344906043,0.0379697550371174,0.304368078180877,0.222029760663983,865,"tags=26%, list=9%, signal=23%","SPI1/METTL3/ACE/ARMC6/PLEK/BATF/TGFB1/ZNHIT1/LYN/BLOC1S2/SOX4",0.321775918075361
"GO:2001251","negative regulation of chromosome organization",69,-0.358401101117622,-1.46899276706623,0.0233450398446175,0.247591519187563,0.180612520459447,3209,"tags=52%, list=34%, signal=35%","HNRNPC/DYNLRB1/HNRNPU/DYNC1H1/TPR/CDK5RAP2/ACD/GEN1/IK/ERCC4/ZNF207/STN1/ATRX/BUB3/MAD2L2/SMARCA5/APC/POT1/RAD50/CCNB1/ATM/DYNC1I2/NBN/TNKS2/XRN1/PARP3/TERF2IP/DCP2/DYNLT3/TENT4B/SMG6/PIF1/GNL3L/CTC1/TNKS/DUSP1",0.352487857583619
"GO:0043491","phosphatidylinositol 3-kinase/protein kinase B signal transduction",123,0.323728771667699,1.46720164065575,0.0104400351794719,0.168953876091692,0.123248104387602,1419,"tags=23%, list=15%, signal=20%","MAZ/VEGFB/RRAS/LTK/PTPRJ/ENG/PLEKHA1/PIP5K1C/ARRB2/RGCC/PDCD6/AKT1/TGFB1/OSBPL8/PTEN/PIK3R1/CD19/HCLS1/VAV3/VAV2/MFHAS1/FGR/APP/ADAM8/MUL1/PARK7/PECAM1/CX3CR1",0.380730400722792
"GO:0051204","protein insertion into mitochondrial membrane",31,0.434103387426415,1.46692985016614,0.0292161963544042,0.271030863898208,0.197711002426839,2012,"tags=42%, list=21%, signal=33%","TIMM10/TOMM70/TIMM8B/TIMM29/OXA1L/TIMM13/SAMM50/MTCH2/ROMO1/BCS1L/MTX2/TRMT10B/MAIP1",0.352487857583619
"GO:0009259","ribonucleotide metabolic process",226,0.296182674378392,1.46582685177791,0.0022194485258224,0.0802974830718379,0.0585752325109647,2197,"tags=36%, list=23%, signal=28%","GIT1/PFKL/FOXK2/RHOQ/LDHA/BPGM/ATP5IF1/TPI1/NADK/CLPX/GAPDH/ATP5MF/EP300/NME2/EIF6/PRKACA/TGFB1/PNP/NDUFA12/NUDT2/GART/ATP5F1E/ATP5MC2/ATP5PF/PKM/ENO1/NUDT3/TPST2/ATP5MG/NDUFA11/ATP5MC3/NDUFB7/NDUFS3/NDUFB2/NMNAT1/NDUFB3/NDUFB11/PGK1/NDUFC2/NDUFB4/AMPD3/DPYD/HSPA8/NDUFV1/HIF1A/ATP5F1D/APP/JMJD8/UCKL1/ENO3/NDUFC1/UCP2/TIGAR/NDUFB8/ATP6V1B2/MT-ND4/PFKP/CARD11/NUDT5/APRT/CAD/P2RX7/PARP1/NDUFB5/UQCC3/AMPD2/NDUFA1/PAICS/NDUFS2/PSEN1/PGM1/NME6/NDUFS6/GMPR2/GPI/NT5C2/IMPDH2/ADSL/NDUFB9/FLCN/GIMAP7",0.431707695803346
"GO:0002437","inflammatory response to antigenic stimulus",38,0.401788596124464,1.46492337682725,0.0462263664975466,0.350974767687915,0.256028306695602,1270,"tags=32%, list=13%, signal=27%","FURIN/PSMB4/SYK/BTK/GNAS/HLA-DRB1/PLCG1/LYN/HCK/FGR/IGHE/PARK7",0.321775918075361
"GO:0000288","nuclear-transcribed mRNA catabolic process, deadenylation-dependent decay",61,-0.361833720076233,-1.46270637164067,0.0345069356821196,0.291428018257385,0.212590274023458,2266,"tags=38%, list=24%, signal=29%","CPEB3/CNOT4/CNOT7/ZFP36L2/TOB1/SYNCRIP/CNOT3/PARN/HELZ/DCP1A/XRN1/DCP2/DCP1B/CSDE1/TENT4B/DIS3/CNOT2/TNRC6A/TNRC6B/ZFP36/BTG2/DDX6/PATL2",0.321775918075361
"GO:0006814","sodium ion transport",57,-0.371171439386408,-1.46242532373068,0.0243042109827513,0.25378844476076,0.185133040187051,1406,"tags=26%, list=15%, signal=23%","ATP1B3/ATP1A1/NEDD4L/SLC9A8/TMEM43/MAGED2/SLC20A1/COMMD3/SLC9B2/TESC/WNK1/ANO6/SLMAP/OXSR1/ANK3",0.352487857583619
"GO:0005975","carbohydrate metabolic process",267,0.288769224648424,1.46125575992561,0.00298401596468894,0.0946958816294255,0.069078544831996,2005,"tags=30%, list=21%, signal=25%","MAN2B1/HECTD4/GIT1/DGKQ/PFKL/FOXK2/FOXO1/PPP1CA/B4GALT5/GSK3A/CLSTN3/PGLS/LDHA/BPGM/TALDO1/TPI1/GAPDH/PLEK/GALK1/CHI3L2/CHST15/EP300/ST3GAL2/AKT1/EIF6/PRKACA/TGFB1/PCK2/CLK2/CHST2/DGAT2/PDHA1/PDHB/PKM/ENO1/AP2A1/PHKG2/GALM/G6PC3/FUT8/G6PD/USP7/PGK1/MAN1A1/HIF1A/MOGS/AKT2/CHST12/APP/GYG1/DLAT/HEXD/JMJD8/FGGY/ENO3/AKR1B1/IDUA/UCP2/TIGAR/PHKA2/KAT2A/GBA2/GUSB/GLA/FUCA2/SLC2A1/B3GALT4/MDH2/PFKP/UXS1/NUDT5/PGM2L1/P2RX7/PHKB/PARP1/GSTO1/DCXR/ENOSF1/MLYCD/PSEN1/HEXA",0.431707695803346
"GO:0002705","positive regulation of leukocyte mediated immunity",76,0.346438709267923,1.46076818397713,0.0219576366972051,0.239120429662325,0.174433048580882,1633,"tags=26%, list=17%, signal=22%","CD1C/SPI1/BTK/CD1D/KLRC4/TNFSF13/ITGB2/TGFB1/HLA-DRB1/PMS2/TBX21/SLAMF6/KLRD1/CLCF1/TRAF2/NCR3/LAMP1/CD81/TYROBP/HLA-DRA",0.352487857583619
"GO:0072524","pyridine-containing compound metabolic process",104,0.329141595789405,1.46062561622088,0.0118140882156825,0.179299745037989,0.130795186262076,1429,"tags=28%, list=15%, signal=24%","GIT1/PFKL/FOXK2/PGLS/LDHA/BPGM/TALDO1/TPI1/NADK/GAPDH/EP300/PDXP/EIF6/PRKACA/PNP/TKT/NAPRT/PKM/ENO1/KMO/G6PD/NMNAT1/PGK1/HIF1A/APP/JMJD8/ENO3/UCP2/TIGAR",0.380730400722792
"GO:0002757","immune response-activating signaling pathway",368,0.277407547948847,1.45977026979393,0.000741396567697372,0.0510432687794361,0.0372349321858601,1877,"tags=26%, list=20%, signal=22%","IGHM/MAPKAPK2/CD79B/LAT2/IGHD/FCHO1/PTPRJ/IGHG4/MS4A1/RPS6KA3/IGKC/IGHG3/FOXP1/SYK/BTK/UNC93B1/MARK4/SH2B2/CSK/SKAP1/PLEKHA1/GDI1/KLRC4/CD72/ARRB2/EP300/RGCC/IRF5/AKT1/ABHD17A/FCMR/TRAF3IP3/LIMK1/NMI/NFATC2/LILRB4/RFTN1/HLA-DRB1/PLCG1/PIK3R1/CD19/SPPL3/CYBA/IGLC1/ICOSLG/VAV3/LYN/TARBP2/MYD88/KLRD1/PHB2/IGLC3/CLEC2B/TRBC1/HCK/ZDHHC18/TRAF2/VAV2/CD79A/MFHAS1/ZDHHC3/HSPA8/FGR/PVRIG/IGHE/NINJ1/SLC39A6/APP/TRBC2/CD247/ZAP70/TRDC/CTSS/GPR108/DGKZ/IRAK1/CR2/TIRAP/NCR3/CD300A/CD81/BIRC3/DUSP22/TYROBP/DUSP3/BLNK/CARD11/PHPT1/TRIM11/IRF3/STMP1/P2RX7/RBCK1/PARP1/HSP90B1/IRF2/GPS2",0.477270815362862
"GO:1902750","negative regulation of cell cycle G2/M phase transition",50,-0.377755813721338,-1.45973865749842,0.0357231394847271,0.293707936081709,0.214253423496602,1676,"tags=28%, list=18%, signal=23%","RAD50/ATM/NBN/CDK5RAP3/TAOK1/GPR132/RAD17/VPS4A/NABP1/BLM/MBTPS2/ATF5/DBF4/CDC14B",0.321775918075361
"GO:0030097","hemopoiesis",460,0.272710714105216,1.45789771360949,0.000267275776845326,0.0328992183498702,0.023999249921054,1501,"tags=22%, list=16%, signal=19%","IGHM/BRD4/TCF3/CD79B/SBNO2/FES/ZFPM1/IL2RG/SPIB/RRAS/VSIR/LFNG/PTPRJ/CCR6/MS4A1/GLRX5/SPI1/LGALS9/FOXP1/PSMB4/SYK/LDB1/BTK/TPM4/ZMIZ1/SLC1A5/CD1D/METTL3/ATP5IF1/YY1/KLF13/PSMB8/QKI/ACE/ARMC6/PLEK/BATF/SNX10/EP300/MKNK2/SLC25A5/EIF6/TGFB1/PSMA2/PNP/PSMA7/LMO2/IL2RB/LILRB4/HLA-DRB1/PIK3R1/CD19/PRELID1/KLF3/TBX21/SLAMF6/ZNHIT1/HCLS1/ZNF385A/ICOSLG/GLUL/LYN/ARID1A/DOCK11/BLOC1S2/SOX4/CLCF1/G6PD/GPR137/CD79A/MFHAS1/SPN/P2RX5/PBRM1/ATP6AP1/ETV6/HIF1A/IGHE/CORO1C/SLC4A2/PIK3R6/SMARCC2/APP/PAX5/ADAM8/ACTN1/WDR1/ZAP70/SMARCB1/HOXB4/PSMB9/PCID2/CR2/UCP2/PBXIP1/LILRB1/KAT2A/ANXA1/TIRAP/ASH2L/SOX12",0.49849310876659
"GO:0030335","positive regulation of cell migration",231,0.292557635244272,1.45716381944137,0.00228205361353603,0.0802974830718379,0.0585752325109647,1851,"tags=29%, list=19%, signal=24%","MAZ/FAM89B/VEGFB/RRAS/VSIR/PTPRJ/CCR6/MIEN1/SPI1/LGALS9/FOXP1/RAC2/SEMA7A/PFN1/RUFY3/BSG/PDCD6/AKT1/TGFB1/ELP6/GNAI2/PREX1/GRN/PLCG1/SUN2/RHOC/LYN/AAMP/IGSF8/AKIRIN1/WASHC1/SPN/EMC10/ACTA2/AIF1/HSPA8/FGR/PDCD10/HIF1A/IQSEC1/AKT2/APP/S100A11/SEMA4B/ADAM8/S1PR1/P4HB/ROCK2/PECAM1/TNFRSF14/CX3CR1/ANXA1/TIRAP/ACTG1/STK39/ZNF609/SDCBP/NOTCH1/RAB11A/TMEM102/RIPOR1/ACTN4/PLPP3/HMOX1/NSMF/HSPB1/BMPR2",0.431707695803346
"GO:0030100","regulation of endocytosis",151,0.309966605636199,1.45621560649141,0.00942267479125431,0.158817033203631,0.115853502385394,1805,"tags=30%, list=19%, signal=25%","IL2RG/DGKQ/PTPRJ/UNC119/SMAP1/SYK/BTK/ABCA7/RIN3/CSK/ARPC3/ARRB2/BMP2K/PRKACA/TGFB1/IL2RB/CYBA/AP2A1/SGSM3/BIN1/PICK1/HCK/AP2M1/RUFY1/VAC14/RNF220/AP2S1/FGR/CD63/IQSEC1/SNX3/RAB27A/APP/CLN3/PARK7/FMR1/LILRB1/ACTG1/CD300A/SDCBP/TSG101/AAK1/SNX12/ACTB/ANKRD13D/ARAP1",0.380730400722792
"GO:0048488","synaptic vesicle endocytosis",43,0.390601210866014,1.45615770597246,0.0399168757086838,0.316066957365835,0.230563833491191,1913,"tags=40%, list=20%, signal=32%","DGKQ/PIP5K1C/ARPC3/CLTA/AP2A1/BIN1/AP2M1/SCRIB/AP2S1/CTBP1/PARK7/SH3GL1/MX2/ACTG1/ACTB/CDK5/SYT11",0.321775918075361
"GO:0032609","type II interferon production",63,0.357906940135852,1.45599657509707,0.0257476927150147,0.256778392987249,0.187314141086636,2673,"tags=44%, list=28%, signal=32%","ZFPM1/VSIR/LGALS9/PSMB4/PSMB8/PSMA2/PSMA7/LILRB4/HLA-DRB1/SLAMF6/SCRIB/APP/PSMB9/TNFRSF14/LILRB1/PSMB3/CD2/PSMB10/PSMA3/UFC1/FADD/ISG15/CEBPG/RARA/TLR7/HLA-DPB1/PSMB2/LAPTM5",0.352487857583619
"GO:0032649","regulation of type II interferon production",63,0.357906940135852,1.45599657509707,0.0257476927150147,0.256778392987249,0.187314141086636,2673,"tags=44%, list=28%, signal=32%","ZFPM1/VSIR/LGALS9/PSMB4/PSMB8/PSMA2/PSMA7/LILRB4/HLA-DRB1/SLAMF6/SCRIB/APP/PSMB9/TNFRSF14/LILRB1/PSMB3/CD2/PSMB10/PSMA3/UFC1/FADD/ISG15/CEBPG/RARA/TLR7/HLA-DPB1/PSMB2/LAPTM5",0.352487857583619
"GO:0045582","positive regulation of T cell differentiation",75,0.34962193547765,1.45591019980628,0.0158763968434214,0.209099371773941,0.152533352864841,2341,"tags=37%, list=24%, signal=28%","BRD4/IL2RG/VSIR/ZMIZ1/EP300/TGFB1/PNP/LILRB4/HLA-DRB1/ARID1A/SOX4/PBRM1/PIK3R6/SMARCC2/ADAM8/ZAP70/SMARCB1/ANXA1/SOX12/HLA-DRA/ACTB/SMARCE1/LEF1/RHOA/ZBTB7B/TESPA1/SMARCD2/NKAP",0.352487857583619
"GO:0043542","endothelial cell migration",100,0.331075544410907,1.45569232486105,0.0177132686123569,0.212245714169303,0.154828539841032,1157,"tags=24%, list=12%, signal=21%","GIPC1/RRAS/FOXP1/PXN/SH3BP1/JUP/ITGB2/RGCC/BSG/PDCD6/AKT1/TGFB1/GRN/PLCG1/TNFSF12/SVBP/GLUL/AAMP/EMC10/CSNK2B/MICALL1/PDCD10/HIF1A/AKT2",0.352487857583619
"GO:0046031","ADP metabolic process",59,0.362662985776089,1.45493166370196,0.0166326899000947,0.212245714169303,0.154828539841032,1429,"tags=32%, list=15%, signal=28%","GIT1/PFKL/FOXK2/LDHA/BPGM/TPI1/GAPDH/EP300/EIF6/PRKACA/PKM/ENO1/PGK1/HIF1A/APP/JMJD8/ENO3/UCP2/TIGAR",0.352487857583619
"GO:0050865","regulation of cell activation",353,0.277671070864206,1.45350702533809,0.00082951212609393,0.0543464234869926,0.0396445102649353,2502,"tags=35%, list=26%, signal=27%","BRD4/TCF3/HLA-DQA1/IL2RG/VSIR/FCHO1/RPS6KA1/PTPRJ/SPI1/LGALS9/RASAL3/PSMB4/SYK/BTK/RAC2/ZMIZ1/CD1D/METTL3/CSK/PSMB8/TNFSF13/PLEK/BATF/EP300/TNFAIP8L2/AKT1/HLA-DMA/TGFB1/PSMA2/PNP/PSMA7/NFATC2/JUND/LILRB4/HLA-DRB1/GRN/CD19/PRELID1/PMS2/TBX21/NCK2/ICOSLG/VAV3/LYN/KLRD1/ARID1A/SOX4/CLCF1/MFHAS1/SPN/SCRIB/PTPRE/ACTA2/AIF1/LST1/PBRM1/FGR/FUNDC2/SLC4A2/PIK3R6/SMARCC2/HLA-DOB/APP/ADAM8/ZAP70/SMARCB1/PSMB9/TNFRSF14/PCID2/LILRB1/KAT2A/ANXA1/TIRAP/CD200/SOX12/CD300A/CD81/DDA1/TYROBP/DUSP3/PSMB3/HLA-DRA/IL4R/CARD11/ACTB/CD24/SMARCE1/HLA-DRB5/CD2/SH3KBP1/PSMB10/FLNA/SYT11/IL16/LEF1/CD74/CST7/RHOA/PSMA3/PLSCR1/FADD/TEC/CD38/KLHL22/ZBTB7B/TESPA1/ID2/DDRGK1/MILR1/FCER1G/TMIGD2/CCL5/SMARCD2/NKAP/IL27RA/HSPH1/LAG3/RARA/FYN/MYO18A/EMILIN2/SIRPG/RC3H1",0.477270815362862
"GO:0010001","glial cell differentiation",65,0.358594437032511,1.45201385959171,0.0148461218660314,0.204654460300904,0.149290888555083,2050,"tags=38%, list=21%, signal=30%","B4GALT5/METTL3/CSK/QKI/TGFB1/PTEN/GSTP1/GRN/MIOS/NDRG1/LYN/BIN1/NSUN5/PICK1/SOX4/CLCF1/MAP2K2/APP/SIRT2/NOTCH1/DAG1/CDK5/SPINT1/PSEN1/METRN",0.380730400722792
"GO:0030168","platelet activation",58,0.362281964024355,1.45193922043065,0.0273381893004923,0.260105076259545,0.18974088273171,2670,"tags=45%, list=28%, signal=33%","DGKQ/PTPRJ/SYK/CLIC1/GNAS/PLEK/VAV3/LYN/FIBP/VAV2/FUNDC2/DGKZ/ACTG1/ACTB/HSPB1/TLN1/FLNA/PLSCR1/TEC/FCER1G/PPIA/EMILIN2/PRKCD/PIK3CA/MYH9/ILK",0.352487857583619
"GO:0009261","ribonucleotide catabolic process",74,0.347600873874612,1.45130332551511,0.0245059692274817,0.255239094877002,0.186191257264353,1429,"tags=31%, list=15%, signal=27%","GIT1/PFKL/FOXK2/LDHA/BPGM/TPI1/GAPDH/EP300/EIF6/PRKACA/PNP/PKM/ENO1/NUDT3/PGK1/AMPD3/DPYD/HIF1A/APP/JMJD8/ENO3/UCP2/TIGAR",0.352487857583619
"GO:0071805","potassium ion transmembrane transport",46,-0.380180097171782,-1.45060136864095,0.0358989011395495,0.293707936081709,0.214253423496602,1406,"tags=28%, list=15%, signal=24%","ATP1B3/ATP1A1/KCNN4/NEDD4L/KCNH8/KCNA3/SLC9A8/TMEM43/AKAP7/TMEM38B/ANO6/OXSR1/ANK3",0.321775918075361
"GO:0006937","regulation of muscle contraction",43,0.388759712546067,1.44929261724633,0.0405659164134956,0.319338667580657,0.232950473510408,1885,"tags=33%, list=20%, signal=26%","GRK2/DSP/CAMK2D/ADRB2/GNAS/JUP/PRKACA/ENO1/BIN1/FKBP1A/C12orf57/SUMO1/SRI/GSTO1",0.321775918075361
"GO:0048660","regulation of smooth muscle cell proliferation",51,0.375845400830677,1.44849583145588,0.021739525951958,0.238021440476693,0.173631360350906,2329,"tags=45%, list=24%, signal=34%","FOXP1/MEF2D/CDKN1A/RGCC/AKT1/TGFB1/PTEN/GNAI2/GSTP1/PIK3R1/CYBA/MYD88/AIF1/S1PR1/IRAK1/XRCC5/HMOX1/BMPR2/POLDIP2/DNMT1/PAK1/ID2/CCL5",0.352487857583619
"GO:0140238","presynaptic endocytosis",47,0.384346635828795,1.44697148397521,0.0294746182433716,0.271030863898208,0.197711002426839,1913,"tags=38%, list=20%, signal=31%","DGKQ/PIP5K1C/ARPC3/CLTA/AP2A1/BIN1/AP2M1/SCRIB/AP2S1/CTBP1/PARK7/SH3GL1/MX2/ACTG1/AAK1/ACTB/CDK5/SYT11",0.352487857583619
"GO:0040012","regulation of locomotion",416,0.273787390088969,1.44641907205639,0.000531671784343561,0.0459500167660328,0.0335195178352618,1974,"tags=30%, list=21%, signal=25%","MAZ/FAM89B/VEGFB/FES/RRAS/TMSB10/VSIR/PTPRJ/CCR6/ADAM15/MIEN1/SPI1/LGALS9/CFL1/FOXP1/LDB1/RAC2/ENG/RIN3/SEMA7A/SH3BP1/PFN1/PKN1/JUP/ACE/RUFY3/RGCC/BSG/PDCD6/AKT1/WAS/TGFB1/PTPN23/PTEN/DDT/ELP6/CHST2/GNAI2/GSTP1/CERS2/PREX1/GRN/PLCG1/SUN2/SVBP/RHOC/MSN/GLUL/LYN/AAMP/GTPBP4/IGSF8/AKIRIN1/STK10/WASHC1/SPN/EMC10/CSNK2B/ACTA2/AIF1/HSPA8/FGR/SIN3A/PDCD10/SPOCK2/CD63/HIF1A/IQSEC1/CORO1C/AKT2/NINJ1/ING2/MAP2K2/APP/S100A11/SEMA4B/ADAM8/ABI3/CLN3/ARHGDIB/S1PR1/ARHGAP4/ARHGAP18/P4HB/ROCK2/PECAM1/TNFRSF14/CX3CR1/ANXA1/TIRAP/CD200/ACTG1/STK39/ZNF609/CD300A/PRCP/CD81/ARID4A/SDCBP/DUSP22/DUSP3/NOTCH1/RAB11A/DAG1/PHPT1/TMEM102/RIPOR1/ACTN4/PLPP3/PIN1/HMOX1/NSMF/HSPB1/BMPR2/MIIP/FLNA/SERPINB1/PHACTR1/IL16/PTPN1/LEF1/YTHDF1/CD74/TBXA2R",0.477270815362862
"GO:0045619","regulation of lymphocyte differentiation",138,0.315590261450651,1.44550043942032,0.0117924161966966,0.179299745037989,0.130795186262076,2341,"tags=36%, list=24%, signal=27%","BRD4/IL2RG/VSIR/SPI1/PSMB4/SYK/BTK/ZMIZ1/METTL3/PSMB8/BATF/EP300/TGFB1/PSMA2/PNP/PSMA7/LILRB4/HLA-DRB1/PRELID1/TBX21/ARID1A/SOX4/PBRM1/SLC4A2/PIK3R6/SMARCC2/ADAM8/ZAP70/SMARCB1/PSMB9/PCID2/KAT2A/ANXA1/SOX12/PSMB3/HLA-DRA/ACTB/SMARCE1/CD2/PSMB10/LEF1/RHOA/PSMA3/ZBTB7B/TESPA1/ID2/DDRGK1/SMARCD2/NKAP",0.380730400722792
"GO:0050778","positive regulation of immune response",488,0.268948666957618,1.44383263289581,0.000299241770594139,0.0356067884874185,0.0259743622692798,1877,"tags=25%, list=20%, signal=21%","CD1C/IGHM/MAPKAPK2/BRD4/HLA-DQA1/CD79B/LAT2/IGHD/FCHO1/PTPRJ/IGHG4/MS4A1/SPI1/RPS6KA3/IGKC/LGALS9/IGHG3/FOXP1/SYK/BTK/UNC93B1/TOMM70/MARK4/SH2B2/CD1D/CSK/SKAP1/PLEKHA1/GDI1/KLRC4/TNFSF13/CD72/IKBKE/ARRB2/ITGB2/EP300/RGCC/IRF5/AKT1/ABHD17A/FCMR/TRAF3IP3/HLA-DMA/LIMK1/TGFB1/NMI/NFATC2/LILRB4/RFTN1/HLA-DRB1/PLCG1/PIK3R1/CD19/PMS2/SPPL3/TBX21/SLAMF6/CYBA/IGLC1/ICOSLG/VAV3/LYN/TARBP2/MYD88/KLRD1/PHB2/IGLC3/CLEC2B/TRBC1/HCK/CLCF1/ZDHHC18/TRAF2/VAV2/CD79A/MFHAS1/RNF220/ZDHHC3/HSPA8/FGR/SIN3A/PVRIG/IGHE/NINJ1/SLC39A6/HLA-DOB/APP/TRBC2/ADAM8/CD247/PARK7/ZAP70/TRDC/CTSS/GPR108/DGKZ/IRAK1/CR2/ANXA1/XRCC5/TIRAP/NCR3/LAMP1/CD300A/CD81/BIRC3/DUSP22/TYROBP/DUSP3/HLA-DRA/BLNK/CARD11/PHPT1/TRIM11/IRF3/STMP1/P2RX7/HLA-DRB5/RBCK1/PARP1/HSP90B1/IRF2/GPS2",0.49849310876659
"GO:0002377","immunoglobulin production",64,0.350508131270114,1.443802635487,0.0276564660220474,0.260566661218033,0.190077598718721,1031,"tags=20%, list=11%, signal=18%","TCF3/CCR6/BTK/YY1/TNFSF13/BATF/TGFB1/PMS2/PHB2/CLCF1/EXOSC3/CTNNBL1/GALNT2",0.352487857583619
"GO:0002460","adaptive immune response based on somatic recombination of immune receptors built from immunoglobulin superfamily domains",230,0.287199742347041,1.44295537127357,0.00365677075282701,0.105549141161543,0.0769957568824269,1004,"tags=19%, list=11%, signal=18%","CD1C/BRD4/IL2RG/IGHD/IGHV1-69D/IGHG4/CCR6/IGKC/LGALS9/IGHG3/PSMB4/IGHV2-5/BTK/CD1D/IL21R/PSMB8/TNFSF13/BATF/EP300/WAS/FCMR/TGFB1/PSMA2/PSMA7/IL2RB/LILRB4/RFTN1/HLA-DRB1/IGHV3-21/IGHV4-34/CD19/PMS2/TBX21/SLAMF6/IGHV6-1/IGLC1/KLRD1/IGHV4-59/IGLC3/CLCF1/EXOSC3/TRAF2/PRF1/SPN",0.431707695803346
"GO:0030334","regulation of cell migration",384,0.273468804369254,1.44292140516488,0.000593817366342849,0.049226247797646,0.0359094556900347,1974,"tags=29%, list=21%, signal=24%","MAZ/FAM89B/VEGFB/RRAS/TMSB10/VSIR/PTPRJ/CCR6/ADAM15/MIEN1/SPI1/LGALS9/FOXP1/LDB1/RAC2/ENG/RIN3/SEMA7A/SH3BP1/PFN1/JUP/ACE/RUFY3/RGCC/BSG/PDCD6/AKT1/TGFB1/PTPN23/PTEN/DDT/ELP6/CHST2/GNAI2/GSTP1/CERS2/PREX1/GRN/PLCG1/SUN2/SVBP/RHOC/MSN/GLUL/LYN/AAMP/GTPBP4/IGSF8/AKIRIN1/STK10/WASHC1/SPN/EMC10/CSNK2B/ACTA2/AIF1/HSPA8/FGR/SIN3A/PDCD10/CD63/HIF1A/IQSEC1/CORO1C/AKT2/NINJ1/ING2/APP/S100A11/SEMA4B/ADAM8/ABI3/CLN3/ARHGDIB/S1PR1/ARHGAP4/P4HB/ROCK2/PECAM1/TNFRSF14/CX3CR1/ANXA1/TIRAP/CD200/ACTG1/STK39/ZNF609/CD300A/PRCP/CD81/ARID4A/SDCBP/DUSP22/DUSP3/NOTCH1/RAB11A/DAG1/TMEM102/RIPOR1/ACTN4/PLPP3/HMOX1/NSMF/HSPB1/BMPR2/MIIP/FLNA/SERPINB1/PHACTR1/PTPN1/LEF1/CD74/TBXA2R",0.477270815362862
"GO:2000145","regulation of cell motility",407,0.275380262290699,1.44286292716354,0.000640809037796065,0.0510385551279925,0.0372314936817038,1974,"tags=30%, list=21%, signal=25%","MAZ/FAM89B/VEGFB/FES/RRAS/TMSB10/VSIR/PTPRJ/CCR6/ADAM15/MIEN1/SPI1/LGALS9/CFL1/FOXP1/LDB1/RAC2/ENG/RIN3/SEMA7A/SH3BP1/PFN1/PKN1/JUP/ACE/RUFY3/RGCC/BSG/PDCD6/AKT1/WAS/TGFB1/PTPN23/PTEN/DDT/ELP6/CHST2/GNAI2/GSTP1/CERS2/PREX1/GRN/PLCG1/SUN2/SVBP/RHOC/MSN/GLUL/LYN/AAMP/GTPBP4/IGSF8/AKIRIN1/STK10/WASHC1/SPN/EMC10/CSNK2B/ACTA2/AIF1/HSPA8/FGR/SIN3A/PDCD10/SPOCK2/CD63/HIF1A/IQSEC1/CORO1C/AKT2/NINJ1/ING2/MAP2K2/APP/S100A11/SEMA4B/ADAM8/ABI3/CLN3/ARHGDIB/S1PR1/ARHGAP4/ARHGAP18/P4HB/ROCK2/PECAM1/TNFRSF14/CX3CR1/ANXA1/TIRAP/CD200/ACTG1/STK39/ZNF609/CD300A/PRCP/CD81/ARID4A/SDCBP/DUSP22/DUSP3/NOTCH1/RAB11A/DAG1/PHPT1/TMEM102/RIPOR1/ACTN4/PLPP3/PIN1/HMOX1/NSMF/HSPB1/BMPR2/MIIP/FLNA/SERPINB1/PHACTR1/PTPN1/LEF1/CD74/TBXA2R",0.477270815362862
"GO:0015980","energy derivation by oxidation of organic compounds",274,0.285260673702535,1.44230178172872,0.00183045759325195,0.0748436601151496,0.0545967896564626,2220,"tags=33%, list=23%, signal=26%","GIT1/PFKL/FOXK2/PPP1CA/IL10RB/GSK3A/LDHA/BPGM/ATP5IF1/TPI1/GAPDH/ATP5MF/UQCRQ/UQCR11/SURF1/EP300/AKT1/EIF6/PRKACA/COX7B/NDUFA12/ATP5F1E/PDHA1/PRELID1/ATP5PF/COX5A/PDHB/PKM/ENO1/ATP5MG/NDUFA11/PHKG2/OXA1L/NDUFB7/NDUFS3/NDUFB2/COX6A1/BLOC1S1/NDUFB3/NDUFB11/PGK1/NDUFC2/HCCS/NDUFB4/NDUFV1/COX6C/HIF1A/ATP5F1D/AKT2/COX8A/APP/COX6B1/GYG1/DLAT/UQCC2/PARK7/JMJD8/ENO3/NDUFC1/CYC1/UCP2/TIGAR/PHKA2/CHCHD2/NDUFB8/SUCLG1/MT-ND4/MDH2/PFKP/UQCR10/SLC25A33/P2RX7/COX7C/PHKB/NDUFB5/UQCC3/NDUFA1/UQCRC2/NDUFS2/PSEN1/RHOA/PGM1/NDUFS6/GPI/PPP1CC/ADSL/NDUFB9/FLCN/SHMT2/SUCLA2",0.45505986738723
"GO:0006897","endocytosis",369,0.27240498137339,1.44197526232434,0.000982469444116408,0.0562083222817021,0.0410027241296765,2557,"tags=38%, list=27%, signal=29%","MAPKAPK2/CSNK1G2/GRK2/IL2RG/GRK3/DGKQ/FCHO1/PTPRJ/UNC119/SMAP1/SYK/RHOQ/NCF2/BTK/ABCA7/RIN3/ADRB2/RAB5C/CSK/GSN/SH3BP1/PIP5K1C/ARPC3/INPPL1/RABEP2/ARRB2/CLTA/ITGB2/BMP2K/PLD4/FCMR/LIMK1/PRKACA/TGFB1/IL2RB/LILRB4/NCF4/ICAM3/CYBA/VAV3/LYN/AP2A1/SGSM3/MYD88/BIN1/PICK1/HCK/DPYSL2/AP2M1/ITGAL/SNX1/RUFY1/SH3GLB2/VAV2/VAC14/RNF220/SCRIB/LRP10/MICALL1/AP2S1/AIF1/FGR/CD63/IQSEC1/IGHE/CORO1C/SNX3/RINL/RAB27A/APP/IGF2R/CTBP1/SYNRG/CLN3/PARK7/MYO1E/PECAM1/FMR1/SH3GL1/LILRB1/SNX5/ANXA1/MX2/ACTG1/CD300A/CD81/SDCBP/DBNL/TSG101/TYROBP/AAK1/EPN1/SNX12/ACTB/FKBP15/CDK5/ANKRD13D/ARAP1/SH3KBP1/TM9SF4/SYT11/LY75/PTPN1/MESD/LRPAP1/RABGEF1/PLA2G6/DNASE2/FCER2/PLSCR1/AP4B1/BIN3/IL10RA/PAK1/TMEM175/CD151/SNX9/MAPK3/FCER1G/DNAJC13/PTK2/BIN2/GZMK/LRSAM1/NME1/RNASEK/RARA/FYN/MYO18A/SIRPG/LYAR/ITGAM/ARF1/LRRK2/ARFGAP1/ARHGAP27/MTMR2/TOM1/PRKCD",0.45505986738723
"GO:0051492","regulation of stress fiber assembly",44,0.383510069946591,1.44035250382673,0.0436068028640098,0.338035941285511,0.246589719881346,2255,"tags=43%, list=24%, signal=33%","TESK1/PXN/PFN1/RGCC/WAS/LIMK1/PIK3R1/RHOC/FHOD1/S1PR1/ROCK2/ACTG1/SYNPO/CCDC88A/ARAP1/RHOA/PAK1/WASF2/EVL",0.321775918075361
"GO:0048588","developmental cell growth",76,0.341586429784366,1.44030841634804,0.0269860145501055,0.260105076259545,0.18974088273171,1965,"tags=39%, list=21%, signal=32%","FOXP1/GSK3A/TOMM70/CLSTN3/SEMA7A/YY1/GDI1/JUP/RUFY3/BSG/TRPV2/LIMK1/TWF2/DCAF13/G6PD/ANAPC2/SIN3A/PDLIM5/TSC22D4/APP/MUL1/ARHGAP4/ULK1/VIM/CDK5/SSNA1/BMPR2/CPNE5/KMT2D/CPNE1",0.352487857583619
"GO:0007264","small GTPase-mediated signal transduction",266,0.283372157979644,1.43847644924129,0.00511479038746851,0.130668418577969,0.0953197124895813,2200,"tags=33%, list=23%, signal=26%","GIPC1/GDI2/RRAS/GIT1/SIPA1/PPP1CA/CFL1/RASAL3/RHOQ/RAC2/SH3BP1/PSD4/NKIRAS2/PPP2CB/GDI1/BCAR3/ARHGAP9/CDKN1A/BRK1/RAB33A/WAS/MYO9B/RASA4/LIMK1/PREX1/MADD/RHOC/VAV3/KCTD10/SGSM3/STMN3/ARHGAP30/DOCK11/RASGRP3/SH2D3C/VAV2/DVL3/SIPA1L3/CYTH4/RASGEF1B/AIF1/IQSEC1/RASGRP2/RALGDS/SHOC2/GNB1/ARHGEF3/ARHGAP17/ARHGDIB/PARK7/RGS19/ARHGAP4/ARHGAP18/ROCK2/RAP1B/TNFAIP1/ARHGEF12/DNMBP/DVL2/KBTBD7/DBNL/LARGE1/KRAS/NOTCH1/CCDC88A/DAG1/RIPOR1/PIN1/ARHGDIA/RAB39B/SIAH2/ARAP1/FGD3/TAX1BP3/RABIF/NET1/RAPGEF1/HEG1/RHOA/ARHGAP26/DOK2/RHOG/PPP1CC/ARHGAP45/FXR1/FLCN/GNA12/ARHGAP21/GRAP",0.407017918923954
"GO:0097530","granulocyte migration",52,0.375247648391249,1.4359800042839,0.0336238841784433,0.288143918845647,0.210194596359943,1544,"tags=29%, list=16%, signal=24%","PTPRJ/SYK/RAC2/PIP5K1C/ITGB2/BSG/CKLF/AKIRIN1/ADAM8/WDR1/IL17RA/PECAM1/ANXA1/TIRAP/CD300A",0.321775918075361
"GO:0015986","proton motive force-driven ATP synthesis",71,0.348069189299272,1.43467933474023,0.0215366089411434,0.236907095704357,0.172818470561091,2454,"tags=41%, list=26%, signal=31%","ATP5IF1/ATP5MF/NDUFA12/ATP5F1E/ATP5MC2/ATP5PF/ATP5MG/NDUFA11/ATP5MC3/NDUFB7/NDUFS3/NDUFB2/NDUFB3/NDUFB11/NDUFC2/NDUFB4/NDUFV1/ATP5F1D/NDUFC1/NDUFB8/MT-ND4/NDUFB5/NDUFA1/NDUFS2/NDUFS6/NDUFB9/NDUFA3/NDUFA6/ATP5PB",0.352487857583619
"GO:0032635","interleukin-6 production",71,0.347404271559982,1.43193866199703,0.022538292065112,0.241401451050102,0.176097003079082,1966,"tags=32%, list=21%, signal=26%","MAPKAPK2/LGALS9/SYK/BTK/ELF4/CSK/ARRB2/BSG/TGFB1/LILRB4/CYBA/MYD88/AIF1/APP/IL17RA/SETD4/TIRAP/CD200/TYROBP/POU2F2/SYT11/IL16/CD74",0.352487857583619
"GO:0032675","regulation of interleukin-6 production",71,0.347404271559982,1.43193866199703,0.022538292065112,0.241401451050102,0.176097003079082,1966,"tags=32%, list=21%, signal=26%","MAPKAPK2/LGALS9/SYK/BTK/ELF4/CSK/ARRB2/BSG/TGFB1/LILRB4/CYBA/MYD88/AIF1/APP/IL17RA/SETD4/TIRAP/CD200/TYROBP/POU2F2/SYT11/IL16/CD74",0.352487857583619
"GO:0031346","positive regulation of cell projection organization",164,0.297388636943874,1.43069909958482,0.0175130513289182,0.212245714169303,0.154828539841032,1534,"tags=26%, list=16%, signal=22%","FES/LTK/MIEN1/CFL1/RHOQ/RAC2/MARK4/SEMA7A/PFN1/GDI1/JUP/RUFY3/EP300/BRK1/ARPC2/TRPV2/LIMK1/TWF2/PPP1R35/MARK2/GRN/PIK3R1/TAPT1/LYN/AP2A1/ACTR3/DOCK11/ANAPC2/ENTR1/AKIRIN1/WASHC1/DVL3/DEF8/CORO1C/SHOC2/SNX3/RAB11FIP3/FMR1/KAT2A/DVL2/DDX56/GPM6A",0.352487857583619
"GO:1903313","positive regulation of mRNA metabolic process",111,-0.320570619818357,-1.4301931572544,0.0165404942871845,0.212245714169303,0.154828539841032,2301,"tags=37%, list=24%, signal=28%","ZC3HAV1/CPEB3/CNOT4/WDR77/CNOT7/ZFP36L2/TOB1/SYNCRIP/GTPBP1/CNOT3/PARN/HELZ/PUM1/CCNB1/PRMT5/DCP1A/FTO/TRA2B/XRN1/NCBP1/DCP2/NCBP2/DCP1B/CSDE1/AGO3/TENT4B/METTL16/DIS3/TTC5/CNOT2/TNRC6A/TNRC6B/ZFP36/TUT7/BTG2/CDC73/TARDBP/DDX6/PATL2/RBMX/PUM2",0.352487857583619
"GO:0002708","positive regulation of lymphocyte mediated immunity",62,0.355796212255641,1.42700255604871,0.0270705179770912,0.260105076259545,0.18974088273171,949,"tags=21%, list=10%, signal=19%","CD1C/BTK/CD1D/KLRC4/TNFSF13/TGFB1/HLA-DRB1/PMS2/TBX21/SLAMF6/KLRD1/CLCF1/TRAF2",0.352487857583619
"GO:0071806","protein transmembrane transport",57,0.35824506902188,1.42696482421272,0.0467649307190294,0.354401396605779,0.258527956471836,1490,"tags=25%, list=16%, signal=21%","DNLZ/TIMM17A/TOMM70/SEC61G/SRP14/SEC61B/HSPA4/TIMM17B/PRF1/TOMM34/MCL1/SAMM50/PEX2/SEC62",0.321775918075361
"GO:0044839","cell cycle G2/M phase transition",89,-0.330155454460796,-1.42572320372263,0.0305527457701941,0.274646659750126,0.200348645284819,2108,"tags=33%, list=22%, signal=26%","RRM2B/LATS1/KHDRBS1/NPM1/RAD51B/RAD50/CCNB1/DNM2/ATM/RRM1/NBN/CDK5RAP3/TAOK1/ENSA/GPR132/ING4/CDK4/RAD17/TAF2/VPS4A/NABP1/BLM/PPME1/MBTPS2/ARPP19/CDK14/ATF5/DBF4/CDC14B",0.352487857583619
"GO:0090066","regulation of anatomical structure size",198,0.289263997649957,1.42552232315354,0.00976550470163734,0.16257163974611,0.118592404562641,1377,"tags=25%, list=14%, signal=22%","FLII/CFL1/RIN3/ADRB2/SEMA7A/COTL1/GSN/SH3BP1/ARPC5/PFN1/GDI1/ARPC3/JUP/ACE/RUFY3/PLEK/CAPZB/BRK1/TRPV2/PDXP/WAS/LIMK1/TWF2/PTEN/PREX1/SNAPIN/NCK2/MSN/HCLS1/CAPG/VAV3/CAPZA2/BIN1/BLOC1S2/HCK/AP2M1/ANAPC2/BLOC1S1/BORCS8/VAV2/BORCS7/SIN3A/CLN3/WDR1/ARHGAP4/ARHGAP18/LAMTOR4/ROCK2/PECAM1",0.380730400722792
"GO:0007507","heart development",142,0.305986060123512,1.42354344406117,0.0110969857531886,0.172704812756522,0.125984329470519,1529,"tags=25%, list=16%, signal=21%","MBD2/CCM2/FES/ZFPM1/DSP/SCX/FOXP1/GSK3A/TOMM70/ENG/PDLIM2/MBD3/PDLIM1/MEF2D/YY1/ARRB2/CDKN1A/TGFB1/PTEN/SMYD4/SMG9/SOX4/G6PD/HOPX/BORCS8/FKBP1A/PDLIM5/S1PR1/MAML1/ROCK2/BCOR/TTN/KAT2A/DVL2/MTHFD1",0.380730400722792
"GO:0006109","regulation of carbohydrate metabolic process",81,0.331262650290455,1.42197738854725,0.0306128656958595,0.274646659750126,0.200348645284819,1447,"tags=28%, list=15%, signal=24%","GIT1/DGKQ/FOXK2/FOXO1/PPP1CA/GSK3A/PLEK/EP300/AKT1/EIF6/PRKACA/TGFB1/CLK2/DGAT2/AP2A1/PHKG2/USP7/HIF1A/AKT2/APP/JMJD8/TIGAR/KAT2A",0.352487857583619
"GO:0009154","purine ribonucleotide catabolic process",71,0.344920705969053,1.421701846044,0.0255433459474352,0.256778392987249,0.187314141086636,1429,"tags=31%, list=15%, signal=27%","GIT1/PFKL/FOXK2/LDHA/BPGM/TPI1/GAPDH/EP300/EIF6/PRKACA/PNP/PKM/ENO1/NUDT3/PGK1/AMPD3/HIF1A/APP/JMJD8/ENO3/UCP2/TIGAR",0.352487857583619
"GO:0002699","positive regulation of immune effector process",126,0.310733059555368,1.42161304475918,0.0109879780345915,0.172621202331583,0.125923337520413,1633,"tags=25%, list=17%, signal=21%","CD1C/BRD4/SPI1/LGALS9/BTK/CD1D/SEMA7A/KLRC4/TNFSF13/ITGB2/EP300/IRF5/TGFB1/HLA-DRB1/PMS2/TBX21/SLAMF6/KLRD1/PHB2/CLCF1/TRAF2/GALNT2/FGR/VAMP8/TNFRSF14/LILRB1/ANXA1/NCR3/LAMP1/CD81/TYROBP/HLA-DRA",0.380730400722792
"GO:0010721","negative regulation of cell development",93,0.327690936548713,1.41931802092282,0.0186086029091085,0.217833270941784,0.158904538547286,1714,"tags=29%, list=18%, signal=24%","ZFPM1/CFL1/PSMB4/GSK3A/PSMB8/QKI/GDI1/RUFY3/TGFB1/PSMA2/PSMA7/PTEN/LILRB4/TBX21/LYN/GPR137/GORASP1/SLC4A2/SIRT2/ARHGAP4/PSMB9/LILRB1/ANXA1/PSMB3/NOTCH1/ULK1/TRIM11",0.352487857583619
"GO:0043523","regulation of neuron apoptotic process",96,0.325285428622165,1.41903115585013,0.0203332084147856,0.229426368280164,0.167361445864174,2071,"tags=34%, list=22%, signal=27%","VEGFB/HRK/GSK3A/SET/GRINA/UBB/AKT1/CASP2/CASP10/GRN/MAP3K11/BBC3/CLCF1/G6PD/HIF1A/APP/MCL1/ADAM8/EGLN2/CLN3/PARK7/HTRA2/CX3CR1/RETREG1/KDM2B/CDK5/NSMF/PARP1/CASP3/PSEN1/CASP1/NONO/PAWR",0.352487857583619
"GO:0031348","negative regulation of defense response",146,0.301900642093047,1.41763558185888,0.0172743185780623,0.212245714169303,0.154828539841032,1268,"tags=22%, list=13%, signal=19%","FURIN/GIT1/LGALS9/METRNL/PSMB4/SYK/IL10RB/SIGLEC10/ELF4/METTL3/GNAS/SHARPIN/ARRB2/TNFAIP8L2/TGFB1/NMI/TRIM21/HLA-DRB1/GSTP1/GRN/PLCG1/LYN/TARBP2/KLRD1/FEM1A/HCK/ZDHHC18/MFHAS1/FGR/EIF4E2/DDX39A/MUL1",0.352487857583619
"GO:0002764","immune response-regulating signaling pathway",386,0.271329121072413,1.41674953859362,0.00100054002228806,0.0564471329240848,0.0411769311953094,1877,"tags=26%, list=20%, signal=22%","IGHM/MAPKAPK2/CD79B/LAT2/IGHD/FCHO1/PTPRJ/IGHG4/MS4A1/RPS6KA3/IGKC/IGHG3/FOXP1/SYK/BTK/UNC93B1/MARK4/SH2B2/CSK/SKAP1/PLEKHA1/GDI1/KLRC4/CD72/ARRB2/EP300/RGCC/IRF5/AKT1/ABHD17A/FCMR/TRAF3IP3/LIMK1/NMI/NFATC2/LILRB4/RFTN1/HLA-DRB1/PLCG1/PIK3R1/CD19/SPPL3/CYBA/IGLC1/ICOSLG/VAV3/LYN/TARBP2/MYD88/KLRD1/PHB2/IGLC3/CLEC2B/TRBC1/HCK/ZDHHC18/TRAF2/VAV2/CD79A/MFHAS1/ZDHHC3/HSPA8/FGR/PVRIG/IGHE/NINJ1/SLC39A6/APP/TRBC2/CD247/ZAP70/TRDC/CTSS/GPR108/DGKZ/TNFRSF14/IRAK1/CR2/LILRB1/TIRAP/NCR3/CD300A/CD81/BIRC3/DUSP22/TYROBP/DUSP3/BLNK/CARD11/PHPT1/TRIM11/CD24/IRF3/STMP1/P2RX7/RBCK1/PARP1/HSP90B1/IRF2/GPS2",0.45505986738723
"GO:0007159","leukocyte cell-cell adhesion",251,0.282203081074424,1.41627905177659,0.00348767345616277,0.104168599845097,0.0759886826192214,1798,"tags=26%, list=19%, signal=22%","BRD4/HLA-DQA1/IL2RG/VSIR/FCHO1/LGALS9/RASAL3/PSMB4/SYK/RAC2/ZMIZ1/CD1D/CSK/SKAP1/PSMB8/ITGB2/EP300/TNFAIP8L2/AKT1/HLA-DMA/TGFB1/PSMA2/PNP/PSMA7/LILRB4/CHST2/HLA-DRB1/ICAM3/TBX21/NCK2/MSN/ICOSLG/LYN/ARID1A/SOX4/ITGAL/STK10/SPN/SCRIB/AIF1/PBRM1/SLC4A2/PIK3R6/SMARCC2/HLA-DOB/ADAM8/ZAP70/SMARCB1/PSMB9/PECAM1/TNFRSF14/IRAK1/CX3CR1/LILRB1/ANXA1/SOX12/CD300A/CD81/DUSP3/PSMB3/HLA-DRA/CARD11/ACTB/CD24/SMARCE1/HLA-DRB5",0.431707695803346
"GO:0050684","regulation of mRNA processing",111,-0.317369823144311,-1.41591312902356,0.0192863920802533,0.222757342215533,0.162496539301562,2230,"tags=31%, list=23%, signal=24%","TIA1/WDR77/KAT8/NSRP1/RBM47/KHDRBS1/PUF60/RBM25/SRRM1/RBM15/CCNB1/RBM4B/WTAP/PRMT5/TRA2B/DYRK1A/PNN/NCBP1/SRSF4/KHDRBS2/NCBP2/RBPMS2/METTL16/SNRPD3/SRSF7/SRSF3/SRSF5/CELF2/CDC73/RBMX/CCNL1/ARGLU1/RBM39/DDX17",0.352487857583619
"GO:0031344","regulation of cell projection organization",275,0.279557713654945,1.41421290169423,0.00405738693432428,0.112116365491328,0.0817864013379284,2183,"tags=32%, list=23%, signal=25%","TESK1/GDI2/FES/LTK/MIEN1/CFL1/MOV10/RHOQ/RAC2/GSK3A/MARK4/SEMA7A/PFN1/GDI1/JUP/RUFY3/RABEP2/EP300/BRK1/ARPC2/TRPV2/DENND5A/AKT1/WAS/LIMK1/TWF2/PPP1R35/PTEN/MARK2/CERS2/PREX1/GRN/PIK3R1/SNAPIN/TAPT1/LYN/AP2A1/STMN3/ACTR3/DOCK11/ANAPC2/ENTR1/AKIRIN1/WASHC1/DVL3/GORASP1/DEF8/TBC1D7/CORO1C/SHOC2/SNX3/PDLIM5/APP/ABI3/RAB11FIP3/ARHGAP4/FMR1/WDR44/KAT2A/PTPN9/DVL2/DDX56/GPM6A/RAB11A/CCDC88A/ULK1/VIM/CDK5/P2RX7/RAB10/NSMF/ARAP1/CDKL1/BMPR2/RAPGEF1/PTPN1/YTHDF1/SEPTIN9/PSEN1/ANKRD27/METRN/YWHAH/SDCCAG8/PAK1/WASF2/TCHP/CD38",0.407017918923954
"GO:0002253","activation of immune response",390,0.268177777666791,1.41407197682609,0.00145347240111563,0.0643535663730365,0.0469444989930509,1877,"tags=26%, list=20%, signal=22%","IGHM/MAPKAPK2/CD79B/LAT2/IGHD/FCHO1/PTPRJ/IGHG4/MS4A1/RPS6KA3/IGKC/IGHG3/FOXP1/SYK/BTK/UNC93B1/TOMM70/MARK4/SH2B2/CSK/SKAP1/PLEKHA1/GDI1/KLRC4/CD72/IKBKE/ARRB2/EP300/RGCC/IRF5/AKT1/ABHD17A/FCMR/TRAF3IP3/LIMK1/NMI/NFATC2/LILRB4/RFTN1/HLA-DRB1/PLCG1/PIK3R1/CD19/SPPL3/CYBA/IGLC1/ICOSLG/VAV3/LYN/TARBP2/MYD88/KLRD1/PHB2/IGLC3/CLEC2B/TRBC1/HCK/ZDHHC18/TRAF2/VAV2/CD79A/MFHAS1/ZDHHC3/HSPA8/FGR/SIN3A/PVRIG/IGHE/NINJ1/SLC39A6/APP/TRBC2/CD247/ZAP70/TRDC/CTSS/GPR108/DGKZ/IRAK1/CR2/XRCC5/TIRAP/NCR3/CD300A/CD81/BIRC3/DUSP22/TYROBP/DUSP3/BLNK/CARD11/PHPT1/TRIM11/IRF3/STMP1/P2RX7/RBCK1/PARP1/HSP90B1/IRF2/GPS2",0.45505986738723
"GO:0006091","generation of precursor metabolites and energy",304,0.276220095947852,1.41322057083695,0.00193465886560579,0.0748436601151496,0.0545967896564626,2220,"tags=32%, list=23%, signal=25%","GIT1/PFKL/FOXK2/PPP1CA/IL10RB/GSK3A/PGLS/LDHA/BPGM/ATP5IF1/TALDO1/TPI1/CXXC5/GAPDH/ATP5MF/UQCRQ/UQCR11/SURF1/EP300/AKT1/EIF6/PRKACA/COX7B/NDUFA12/TKT/ATP5F1E/PDHA1/PRELID1/ATP5PF/COX5A/PDHB/PKM/ENO1/ATP5MG/NDUFA11/FDX2/PHKG2/OXA1L/NDUFB7/NDUFS3/NDUFB2/COX6A1/G6PD/BLOC1S1/NDUFB3/NDUFB11/PGK1/NDUFC2/HCCS/NDUFB4/NDUFV1/COX6C/HIF1A/ATP5F1D/AKT2/COX8A/APP/COX6B1/GYG1/DLAT/UQCC2/PARK7/JMJD8/ENO3/NDUFC1/CYC1/UCP2/TIGAR/PHKA2/CHCHD2/NDUFB8/SUCLG1/MT-ND4/MDH2/PFKP/UQCR10/SLC25A33/P2RX7/COX7C/PHKB/NDUFB5/UQCC3/NDUFA1/UQCRC2/NDUFS2/PSEN1/RHOA/PGM1/NDUFS6/GPI/PPP1CC/ADSL/NDUFB9/FLCN/SHMT2/SUCLA2",0.45505986738723
"GO:0072523","purine-containing compound catabolic process",88,0.327852346198605,1.4118562067997,0.0363700373828409,0.296656810941967,0.216404562286728,2220,"tags=40%, list=23%, signal=31%","GIT1/PFKL/FOXK2/NUDT1/LDHA/BPGM/TPI1/GAPDH/EP300/EIF6/PRKACA/PNP/PKM/ENO1/NUDT3/PGK1/AMPD3/DPYD/HIF1A/APP/JMJD8/ENO3/UCP2/TIGAR/NUDT7/SUCLG1/PFKP/P2RX7/MLYCD/PSEN1/PGM1/GPI/NT5C2/FLCN/SUCLA2",0.321775918075361
"GO:0072359","circulatory system development",321,0.270805099514866,1.40905469308397,0.00302497031729484,0.0952513909213305,0.0694837765365343,1820,"tags=27%, list=19%, signal=22%","MBD2/CCM2/VEGFB/FES/ZFPM1/RRAS/DSP/PTPRJ/ADAM15/SCX/FOXP1/SYK/GSK3A/TOMM70/ENG/PDLIM2/MBD3/PDLIM1/ATP5IF1/MEF2D/YY1/QKI/JUP/ARRB2/ITGB2/CDKN1A/RGCC/BSG/PDCD6/AKT1/TGFB1/NFATC2/PTEN/GNAI2/GRN/PLCG1/TNFSF12/PKM/SMYD4/VAV3/GLUL/AAMP/SMG9/SOX4/G6PD/HOPX/BORCS8/VAV2/IGFBP7/PGK1/EMC10/ACTA2/MICALL1/PDCD10/HIF1A/FKBP1A/ERAP1/NINJ1/PIK3R6/PDLIM5/ADAM8/S1PR1/MAML1/JMJD8/ROCK2/PECAM1/BCOR/TTN/KAT2A/ANXA1/RNF213/ACTG1/DVL2/MTHFD1/PRCP/KRAS/NOTCH1/EPN1/DAG1/SH2D2A/CAD/HMOX1/NFATC3/SLC12A2/CDKL1/HSPB1",0.431707695803346
"GO:0048024","regulation of mRNA splicing, via spliceosome",92,-0.323731448288162,-1.40442084359416,0.018100599139822,0.215614761601047,0.15728618520058,2230,"tags=32%, list=23%, signal=24%","TIA1/WDR77/NSRP1/RBM47/KHDRBS1/PUF60/RBM25/SRRM1/RBM15/RBM4B/WTAP/PRMT5/TRA2B/DYRK1A/NCBP1/SRSF4/KHDRBS2/RBPMS2/METTL16/SNRPD3/SRSF7/SRSF3/SRSF5/CELF2/RBMX/CCNL1/ARGLU1/RBM39/DDX17",0.352487857583619
"GO:1903039","positive regulation of leukocyte cell-cell adhesion",167,0.295143325470195,1.40090223198158,0.0079567976186741,0.156529659306566,0.114184913872597,1798,"tags=26%, list=19%, signal=22%","BRD4/HLA-DQA1/IL2RG/VSIR/FCHO1/LGALS9/RASAL3/ZMIZ1/CD1D/CSK/SKAP1/ITGB2/EP300/AKT1/HLA-DMA/TGFB1/PNP/LILRB4/CHST2/HLA-DRB1/NCK2/ICOSLG/LYN/ARID1A/SOX4/AIF1/PBRM1/PIK3R6/SMARCC2/HLA-DOB/ADAM8/ZAP70/SMARCB1/TNFRSF14/IRAK1/ANXA1/SOX12/CD81/HLA-DRA/CARD11/ACTB/CD24/SMARCE1/HLA-DRB5",0.380730400722792
"GO:2000045","regulation of G1/S transition of mitotic cell cycle",103,0.311737414921862,1.40022808277384,0.0403739714402441,0.31844479998111,0.232298416926883,1953,"tags=30%, list=20%, signal=24%","TCF3/PSMB4/CDK2AP2/TFDP1/BCL7C/CDKN1A/RGCC/AKT1/PSMA2/PSMA7/PTEN/PSMB6/PSME2/BCL7A/ARID1A/CDKN2D/AIF1/PBRM1/SMARCC2/SMARCB1/DGKZ/UBE2E2/DPF3/PSMB3/PSME3/ACTB/CCND2/SMARCE1/CCNE1/DPF2/RPA2",0.321775918075361
"GO:0043410","positive regulation of MAPK cascade",153,0.295224011010288,1.39988907094453,0.015700218061652,0.208351826607358,0.151988035250018,1668,"tags=27%, list=17%, signal=22%","VEGFB/IL2RG/PTPRJ/SPI1/LGALS9/ABCA7/TRAF4/ADRB2/SEMA7A/BCAR3/ARRB2/AXIN1/TGFB1/DDT/IL2RB/GNAI2/MAP3K5/MAP3K11/MADD/LYN/PHB2/TRAF2/DVL3/MFHAS1/IQGAP1/ACTA2/PDCD10/PIK3R6/APP/ADAM8/ROCK2/ZNF622/PECAM1/TIRAP/RELL2/DVL2/STK39/CD81/SDCBP/DUSP22/NOTCH1",0.352487857583619
"GO:0044057","regulation of system process",139,0.301966673158359,1.39987329227171,0.0165177984256694,0.212245714169303,0.154828539841032,2105,"tags=32%, list=22%, signal=25%","GRK2/DSP/FOXO1/CAMK2D/FOXP1/GSK3A/TOMM70/ADRB2/ATP2A3/YY1/GNAS/QKI/JUP/ACE/ARRB2/PRKACA/PTEN/JUND/ENO1/CYBA/MGLL/BIN1/G6PD/RNF220/FKBP1A/APP/C12orf57/ROCK2/FMR1/STK39/SUMO1/NOTCH1/DAG1/PNOC/SRI/PARP1/BMPR2/GSTO1/FLNA/PTPN1/TBXA2R/CST7/FXYD1/PAK1",0.352487857583619
"GO:0070661","leukocyte proliferation",153,0.295187609167513,1.39971646119749,0.015700218061652,0.208351826607358,0.151988035250018,1607,"tags=27%, list=17%, signal=23%","TCF3/IL2RG/VSIR/MS4A1/LGALS9/RASAL3/BTK/RAC2/ELF4/CD1D/ACE/TNFSF13/PNP/NFATC2/IL2RB/LILRB4/HLA-DRB1/GSTP1/GAPT/CD19/ICAM3/NCK2/MSN/ICOSLG/VAV3/LYN/CLCF1/CD79A/SPN/SCRIB/AIF1/LST1/IGHE/SLC4A2/TNFRSF14/CR2/LILRB1/ANXA1/TIRAP/CD300A/CD81/TYROBP",0.352487857583619
"GO:0030155","regulation of cell adhesion",378,0.265696623075857,1.39899355342286,0.00293246866395535,0.0945372040713224,0.0689627930736022,1760,"tags=25%, list=18%, signal=21%","TESK1/BRD4/HLA-DQA1/FES/IL2RG/RRAS/VSIR/FCHO1/PTPRJ/ADAM15/SIPA1/SPI1/LGALS9/CFL1/RASAL3/PSMB4/SYK/LDB1/RAC2/GSK3A/ENG/ZMIZ1/CD1D/METTL3/CSK/SKAP1/ZDHHC2/PSMB8/JUP/ITGB2/EP300/RGCC/TNFAIP8L2/AKT1/HLA-DMA/TGFB1/PSMA2/PNP/PTPN23/PSMA7/PTEN/LILRB4/CHST2/HLA-DRB1/TBX21/NCK2/ICOSLG/LYN/GTPBP4/TBCD/ARID1A/SOX4/PLEKHA2/SPN/SCRIB/AIF1/PBRM1/SPOCK2/CD63/CORO1C/SLC4A2/PIK3R6/SMARCC2/HLA-DOB/ADAM8/ZAP70/SMARCB1/P4HB/PSMB9/ROCK2/TNFRSF14/IRAK1/AKNA/LILRB1/ANXA1/RELL2/SOX12/ACTG1/CD300A/CD81/DUSP22/DUSP3/PSMB3/HLA-DRA/NOTCH1/CARD11/DAG1/TMEM102/ACTB/CD24/ACTN4/PLPP3/SMARCE1",0.431707695803346
"GO:0050870","positive regulation of T cell activation",153,0.294695610434403,1.39738350851169,0.0162510967328228,0.210900814468774,0.153847465345933,2485,"tags=35%, list=26%, signal=27%","BRD4/HLA-DQA1/IL2RG/VSIR/FCHO1/LGALS9/RASAL3/ZMIZ1/CD1D/CSK/EP300/AKT1/HLA-DMA/TGFB1/PNP/LILRB4/HLA-DRB1/NCK2/ICOSLG/LYN/ARID1A/SOX4/AIF1/PBRM1/PIK3R6/SMARCC2/HLA-DOB/ADAM8/ZAP70/SMARCB1/TNFRSF14/ANXA1/SOX12/CD81/HLA-DRA/CARD11/ACTB/CD24/SMARCE1/HLA-DRB5/LEF1/RHOA/FADD/KLHL22/ZBTB7B/TESPA1/TMIGD2/CCL5/SMARCD2/NKAP/HSPH1/RARA/FYN/SIRPG",0.352487857583619
"GO:0051258","protein polymerization",165,0.29012135017298,1.39718147162474,0.016345514573657,0.211450573879601,0.154248502639786,863,"tags=18%, list=9%, signal=17%","MID1IP1/FES/GIT1/CHMP4B/FLII/CFL1/COTL1/GSN/ARPC5/PFN1/PPP2CB/ARPC3/CAPZB/ARPC2/WAS/TWF2/TUBGCP6/PREX1/HAUS1/NCK2/MZT1/ARPC4/NUMA1/HCLS1/CAPG/CAPZA2/BIN1/TBCD/BLOC1S2/HCK",0.352487857583619
"GO:0099536","synaptic signaling",230,0.2779685230546,1.39657567276627,0.00745689882398663,0.156529659306566,0.114184913872597,1945,"tags=30%, list=20%, signal=24%","GIPC1/GRK2/GIT1/RPS6KA1/UNC119/RPS6KA3/CFL1/CACNA1A/CAMK2D/FBXO45/GSK3A/FBXO2/CLSTN3/ADRB2/TPRG1L/ZDHHC2/PIP5K1C/PFN1/ACE/SNAP23/ARRB2/AKT1/PRKACA/PXK/PTEN/GNAI2/SNAPIN/DNAJC5/STXBP2/KMO/PICK1/FXR2/SHISA8/CNP/APBA2/ANAPC2/ZDHHC3/SCRIB/RAB8A/P2RX5/GNB1/APP/CLN3/RGS10/RAP1B/APBA3/FMR1/CX3CR1/KAT2A/LY6E/SDCBP/TYROBP/C22orf39/PNKD/NOTCH1/RAB11A/MCTP2/DAG1/PNOC/CDK5/P2RX7/NSMF/SLC12A2/SLC1A4/SYT11/STAC3/CBLN3/YTHDF1",0.407017918923954
"GO:0045597","positive regulation of cell differentiation",329,0.274992665234411,1.39612183598621,0.00250302099229483,0.0847272605891801,0.0618066569357878,2341,"tags=33%, list=24%, signal=26%","BRD4/TCF3/FES/IL2RG/RRAS/VSIR/DSP/RPS6KA1/SPI1/RPS6KA3/LGALS9/METRNL/SYK/BTK/CBX4/ENG/ZMIZ1/SEMA7A/QKI/GDI1/JUP/RUFY3/ARRB2/EP300/RGCC/NME2/TRPV2/AKT1/LIMK1/TWF2/TGFB1/PNP/IL2RB/LILRB4/HLA-DRB1/MAP3K5/ZNHIT1/NUMA1/HCLS1/ZNF385A/GLUL/LYN/BIN1/PA2G4/FXR2/ARID1A/SOX4/CLCF1/ANAPC2/SRRT/AKIRIN1/PBRM1/SIN3A/HIF1A/CORO1C/SHOC2/PIK3R6/SMARCC2/APP/ADAM8/SNW1/SIRT2/ZAP70/MAML1/SMARCB1/HOXB4/MTCH2/FMR1/PCID2/CX3CR1/KAT2A/ANXA1/SOX12/DPF3/ABCB10/SDCBP/TYROBP/HLA-DRA/NOTCH1/IL4R/DAG1/VIM/ACTB/CD24/SMARCE1/PARP1/BMPR2/LEF1/SPINT1/CPNE1/CD74/ACIN1/PRKCH/ANKRD27/RHOA/METRN/PAK1/PPP1CC/PIEZO1/TCF4/FADD/FXR1/ZBTB7B/TESPA1/ID2/ISG15/DDRGK1/SMARCD2/PTK2/NKAP",0.431707695803346
"GO:0009152","purine ribonucleotide biosynthetic process",113,0.309886326672153,1.39514113985304,0.0315323929291583,0.276640561724063,0.201803152540332,2454,"tags=41%, list=26%, signal=31%","ATP5IF1/ATP5MF/NME2/TGFB1/NDUFA12/NUDT2/GART/ATP5F1E/ATP5MC2/ATP5PF/ENO1/ATP5MG/NDUFA11/ATP5MC3/NDUFB7/NDUFS3/NDUFB2/NDUFB3/NDUFB11/NDUFC2/NDUFB4/AMPD3/NDUFV1/ATP5F1D/NDUFC1/NDUFB8/MT-ND4/APRT/PARP1/NDUFB5/UQCC3/AMPD2/NDUFA1/PAICS/NDUFS2/NME6/NDUFS6/IMPDH2/ADSL/NDUFB9/NME1/NDUFA3/PAPSS1/GMPS/NDUFA6/ATP5PB",0.321775918075361
"GO:0009201","ribonucleoside triphosphate biosynthetic process",100,0.317138181444767,1.39441171189789,0.0324038583657695,0.281248873251615,0.205164813564848,2454,"tags=41%, list=26%, signal=31%","ATP5IF1/ATP5MF/NME2/TGFB1/NDUFA12/NUDT2/ATP5F1E/ATP5MC2/ATP5PF/ENO1/ATP5MG/NDUFA11/ATP5MC3/NDUFB7/NDUFS3/NDUFB2/NDUFB3/NDUFB11/NDUFC2/NDUFB4/NDUFV1/ATP5F1D/UCKL1/NDUFC1/NDUFB8/MT-ND4/CAD/PARP1/NDUFB5/UQCC3/NDUFA1/NDUFS2/NME6/NDUFS6/IMPDH2/NDUFB9/CTPS1/NME1/NDUFA3/NDUFA6/ATP5PB",0.321775918075361
"GO:0009408","response to heat",59,0.347490678070699,1.39406338720895,0.0257687436933111,0.256778392987249,0.187314141086636,2586,"tags=32%, list=27%, signal=24%","MAPKAPK2/HSPA6/EP300/PDCD6/AKT1/PRKACA/LYN/HSBP1/HTRA2/IRAK1/SUMO1/HMOX1/HSPB1/HIKESHI/RBBP7/CREBBP/STUB1/YWHAE/HDAC2",0.352487857583619
"GO:0045580","regulation of T cell differentiation",123,0.306896618326064,1.390915053982,0.0239213337787148,0.251731755982227,0.183632731350503,2053,"tags=32%, list=21%, signal=25%","BRD4/IL2RG/VSIR/PSMB4/ZMIZ1/METTL3/PSMB8/BATF/EP300/TGFB1/PSMA2/PNP/PSMA7/LILRB4/HLA-DRB1/PRELID1/TBX21/ARID1A/SOX4/PBRM1/SLC4A2/PIK3R6/SMARCC2/ADAM8/ZAP70/SMARCB1/PSMB9/KAT2A/ANXA1/SOX12/PSMB3/HLA-DRA/ACTB/SMARCE1/CD2/PSMB10/LEF1/RHOA/PSMA3",0.352487857583619
"GO:2000377","regulation of reactive oxygen species metabolic process",73,0.3377629818385,1.38576974877484,0.0336228846673844,0.288143918845647,0.210194596359943,2008,"tags=36%, list=21%, signal=28%","SYK/RAC2/ITGB2/CDKN1A/CBR1/EIF6/TGFB1/GNAI2/GSTP1/CYBA/G6PD/NDUFC2/HIF1A/HVCN1/RAB27A/APP/SIRT2/PARK7/STK17A/TYROBP/SLC5A3/SLC25A33/VDAC1/ROMO1/DCXR/RHOA",0.321775918075361
"GO:0051962","positive regulation of nervous system development",76,0.328569092373551,1.3854204612174,0.0379898118261213,0.304368078180877,0.222029760663983,2240,"tags=41%, list=23%, signal=31%","CLSTN3/SEMA7A/QKI/GDI1/JUP/RUFY3/TRPV2/LIMK1/TWF2/TGFB1/LYN/BIN1/FXR2/CLCF1/ANAPC2/SRRT/SNW1/FMR1/CX3CR1/NOTCH1/DAG1/VIM/BMPR2/SPINT1/PRKCH/ANKRD27/METRN/PAK1/PPP1CC/FXR1/ID2",0.321775918075361
"GO:0006163","purine nucleotide metabolic process",259,0.275086778861453,1.38524497836093,0.00938233563549629,0.158817033203631,0.115853502385394,2197,"tags=34%, list=23%, signal=27%","GIT1/PFKL/FOXK2/RHOQ/PGLS/LDHA/BPGM/ATP5IF1/TALDO1/TPI1/NADK/CLPX/GAPDH/ATP5MF/EP300/NME2/EIF6/PRKACA/TGFB1/PNP/NDUFA12/NUDT2/TKT/GART/ATP5F1E/ATP5MC2/NAPRT/ATP5PF/PKM/ENO1/NUDT3/TPST2/ATP5MG/NDUFA11/ATP5MC3/NDUFB7/NDUFS3/KMO/NDUFB2/G6PD/NMNAT1/NDUFB3/NDUFB11/PGK1/NDUFC2/NDUFB4/AMPD3/PRPS1/HSPA8/NDUFV1/HIF1A/ATP5F1D/APP/JMJD8/ENO3/NDUFC1/UCP2/TIGAR/NDUFB8/MTHFD1/ATP6V1B2/MT-ND4/MDH2/PFKP/CARD11/NUDT5/APRT/P2RX7/PARP1/NDUFB5/UQCC3/AMPD2/NDUFA1/PAICS/NDUFS2/PSEN1/PGM1/NME6/NDUFS6/GMPR2/GPI/NT5C2/IMPDH2/ADSL/NDUFB9/FLCN/GIMAP7",0.380730400722792
"GO:0046390","ribose phosphate biosynthetic process",130,0.299897183590852,1.38513868280405,0.0147921764873606,0.204654460300904,0.149290888555083,2454,"tags=39%, list=26%, signal=30%","ATP5IF1/ATP5MF/NME2/TGFB1/NDUFA12/NUDT2/GART/ATP5F1E/ATP5MC2/ATP5PF/ENO1/ATP5MG/NDUFA11/ATP5MC3/NDUFB7/NDUFS3/NDUFB2/G6PD/NDUFB3/NDUFB11/NDUFC2/NDUFB4/AMPD3/PRPS1/NDUFV1/ATP5F1D/UCKL1/NDUFC1/NDUFB8/MT-ND4/APRT/CAD/PARP1/NDUFB5/UQCC3/AMPD2/NDUFA1/PAICS/NDUFS2/NME6/NDUFS6/IMPDH2/ADSL/NDUFB9/CTPS1/NME1/NDUFA3/PAPSS1/GMPS/NDUFA6/ATP5PB",0.380730400722792
"GO:1903828","negative regulation of protein localization",109,0.310726866420678,1.38498608170555,0.0341699595071303,0.290373170539672,0.211820786015055,1700,"tags=29%, list=18%, signal=24%","GRK2/GDI2/FOXO1/SPI1/RHOQ/CSK/CDK9/COPS9/AKT1/ABHD17A/PRKACA/TGFB1/LILRB4/COMMD1/RANGAP1/OS9/AP2M1/YWHAB/DPH3/MFHAS1/SIN3A/SNX3/APP/ABI3/RAB11FIP3/PARK7/ROCK2/UCP2/CD200/LZTFL1/SUMO1/SNX12",0.321775918075361
"GO:0050900","leukocyte migration",155,0.29135910542159,1.38487228417238,0.0172989650031897,0.212245714169303,0.154828539841032,1568,"tags=28%, list=16%, signal=24%","VEGFB/PTPRJ/CCR6/SPI1/LGALS9/SYK/RAC2/RIN3/PIP5K1C/ITGB2/BSG/AKT1/TGFB1/DDT/CHST2/TBX21/MSN/LYN/CKLF/HCK/ITGAL/AKIRIN1/STK10/SPN/AIF1/CORO1C/NINJ1/APP/ADAM8/WDR1/ZAP70/S1PR1/P4HB/IL17RA/PECAM1/TNFRSF14/CX3CR1/ANXA1/TIRAP/CD200/STK39/CD300A/CD81",0.352487857583619
"GO:0045785","positive regulation of cell adhesion",235,0.276376275403056,1.38301615299105,0.00658574032776401,0.148984662383536,0.108681006002091,1798,"tags=25%, list=19%, signal=21%","TESK1/BRD4/HLA-DQA1/IL2RG/RRAS/VSIR/FCHO1/PTPRJ/LGALS9/CFL1/RASAL3/SYK/GSK3A/ZMIZ1/CD1D/CSK/SKAP1/JUP/ITGB2/EP300/AKT1/HLA-DMA/TGFB1/PNP/PTPN23/LILRB4/CHST2/HLA-DRB1/NCK2/ICOSLG/LYN/ARID1A/SOX4/PLEKHA2/AIF1/PBRM1/CD63/PIK3R6/SMARCC2/HLA-DOB/ADAM8/ZAP70/SMARCB1/P4HB/TNFRSF14/IRAK1/ANXA1/RELL2/SOX12/CD81/HLA-DRA/CARD11/DAG1/TMEM102/ACTB/CD24/PLPP3/SMARCE1/HLA-DRB5",0.407017918923954
"GO:0051402","neuron apoptotic process",110,0.309980557179942,1.38163651031719,0.0241632340252797,0.253620301319602,0.185010383276969,2071,"tags=33%, list=22%, signal=26%","VEGFB/HRK/GSK3A/SET/GRINA/GAPDH/BID/UBB/AKT1/CASP2/CASP10/MAP3K5/GRN/MAP3K11/BBC3/CLCF1/G6PD/HIF1A/APP/MCL1/ADAM8/EGLN2/CLN3/PARK7/HTRA2/CX3CR1/RETREG1/KDM2B/CDK5/NSMF/PARP1/CASP3/PSEN1/CASP1/NONO/PAWR",0.352487857583619
"GO:0007409","axonogenesis",116,0.305711741011457,1.3805871970538,0.0475253360965746,0.35761118646636,0.26086942696633,2105,"tags=35%, list=22%, signal=28%","PTPRJ/B4GALT5/SEMA7A/APLP2/GDI1/JUP/RUFY3/BSG/TRPV2/LIMK1/TWF2/PTEN/PITPNA/MARK2/FEZ2/ANAPC2/MAP1S/RAB8A/SIN3A/APP/EFNA4/SEMA4B/ARHGAP4/C12orf57/AFG3L2/ACTG1/S100A6/NOTCH1/DAG1/ULK1/VIM/ACTB/CDK5/RAB10/SSNA1/BMPR2/VASP/YTHDF1/METRN/ZDHHC17/PAK1",0.321775918075361
"GO:0042776","proton motive force-driven mitochondrial ATP synthesis",67,0.336090860216302,1.38056628007213,0.0353196581082218,0.29219523125764,0.213149938886616,2454,"tags=40%, list=26%, signal=30%","ATP5IF1/ATP5MF/NDUFA12/ATP5F1E/ATP5PF/ATP5MG/NDUFA11/NDUFB7/NDUFS3/NDUFB2/NDUFB3/NDUFB11/NDUFC2/NDUFB4/NDUFV1/ATP5F1D/NDUFC1/NDUFB8/MT-ND4/NDUFB5/NDUFA1/NDUFS2/NDUFS6/NDUFB9/NDUFA3/NDUFA6/ATP5PB",0.321775918075361
"GO:0009166","nucleotide catabolic process",94,0.317437619833764,1.38029912582589,0.0263360157963219,0.258712992773857,0.188725388712104,1429,"tags=27%, list=15%, signal=23%","GIT1/PFKL/FOXK2/DCTPP1/LDHA/BPGM/TPI1/GAPDH/EP300/EIF6/PRKACA/PNP/PKM/ENO1/NUDT3/CNP/PGK1/AMPD3/DPYD/HIF1A/APP/JMJD8/ENO3/UCP2/TIGAR",0.352487857583619
"GO:0046165","alcohol biosynthetic process",73,0.336362824588608,1.38002520107495,0.0353196581082218,0.29219523125764,0.213149938886616,2104,"tags=34%, list=22%, signal=27%","DGKQ/IMPA1/FDFT1/TM7SF2/QKI/PLEK/NSDHL/PRKACA/PCK2/FDPS/G6PD/CYB5R3/INSIG1/DHDDS/PARK7/PMVK/ITPKB/ABCG1/DHCR7/PPIP5K2/SQLE/HMGCR/ISYNA1/ACER3/SCP2",0.321775918075361
"GO:0050863","regulation of T cell activation",228,0.276252256055947,1.37953687563129,0.00989878036763002,0.164117738176788,0.119720249067814,1808,"tags=26%, list=19%, signal=22%","BRD4/HLA-DQA1/IL2RG/VSIR/FCHO1/LGALS9/RASAL3/PSMB4/RAC2/ZMIZ1/CD1D/METTL3/CSK/PSMB8/BATF/EP300/TNFAIP8L2/AKT1/HLA-DMA/TGFB1/PSMA2/PNP/PSMA7/LILRB4/HLA-DRB1/PRELID1/TBX21/NCK2/ICOSLG/LYN/ARID1A/SOX4/SPN/SCRIB/AIF1/PBRM1/SLC4A2/PIK3R6/SMARCC2/HLA-DOB/ADAM8/ZAP70/SMARCB1/PSMB9/TNFRSF14/LILRB1/KAT2A/ANXA1/SOX12/CD300A/CD81/DUSP3/PSMB3/HLA-DRA/CARD11/ACTB/CD24/SMARCE1/HLA-DRB5/CD2",0.380730400722792
"GO:0002286","T cell activation involved in immune response",75,0.330918764228064,1.37802567647454,0.0316142552907796,0.276761002136092,0.201891011148952,2053,"tags=33%, list=21%, signal=26%","CD1C/BRD4/LGALS9/PSMB4/PSMB8/BATF/EP300/PSMA2/PSMA7/HLA-DRB1/TBX21/SLAMF6/ITGAL/SPN/PSMB9/LILRB1/ANXA1/CD81/TYROBP/PSMB3/HLA-DRA/PSMB10/LEF1/CD74/PSMA3",0.321775918075361
"GO:0051249","regulation of lymphocyte activation",306,0.265125304509863,1.37635523409629,0.00882454258522982,0.156529659306566,0.114184913872597,1863,"tags=26%, list=19%, signal=21%","BRD4/TCF3/HLA-DQA1/IL2RG/VSIR/FCHO1/SPI1/LGALS9/RASAL3/PSMB4/SYK/BTK/RAC2/ZMIZ1/CD1D/METTL3/CSK/PSMB8/TNFSF13/BATF/EP300/TNFAIP8L2/AKT1/HLA-DMA/TGFB1/PSMA2/PNP/PSMA7/NFATC2/LILRB4/HLA-DRB1/CD19/PRELID1/PMS2/TBX21/NCK2/ICOSLG/VAV3/LYN/KLRD1/ARID1A/SOX4/CLCF1/SPN/SCRIB/AIF1/LST1/PBRM1/FGR/SLC4A2/PIK3R6/SMARCC2/HLA-DOB/ADAM8/ZAP70/SMARCB1/PSMB9/TNFRSF14/PCID2/LILRB1/KAT2A/ANXA1/TIRAP/SOX12/CD300A/CD81/DDA1/TYROBP/DUSP3/PSMB3/HLA-DRA/CARD11/ACTB/CD24/SMARCE1/HLA-DRB5/CD2/SH3KBP1/PSMB10",0.380730400722792
"GO:0016052","carbohydrate catabolic process",93,0.317674817027819,1.37593549992469,0.0309062139453259,0.274646659750126,0.200348645284819,2581,"tags=42%, list=27%, signal=31%","GIT1/PFKL/FOXK2/PPP1CA/LDHA/BPGM/TPI1/GAPDH/GALK1/EP300/EIF6/PRKACA/PKM/ENO1/PHKG2/GALM/FUT8/PGK1/HIF1A/APP/JMJD8/ENO3/UCP2/TIGAR/PFKP/NUDT5/P2RX7/PHKB/ENOSF1/PSEN1/PGM1/GPI/FLCN/RB1CC1/GLB1/FUT7/NAGA/WDR45/PGAM1",0.352487857583619
"GO:0007186","G protein-coupled receptor signaling pathway",204,0.277966657599287,1.37463585541884,0.0145968134028254,0.204654460300904,0.149290888555083,1719,"tags=28%, list=18%, signal=24%","ADGRG5/GIPC1/GRK2/GIT1/GRK3/DGKQ/CCR6/GSK3A/RGS3/ADRB2/APLP2/GNAS/BCAR3/ACE/ORAI1/PLEK/GPR18/S1PR5/ARRB2/GNG3/AKT1/PRKACA/GNAI2/PREX1/TAPT1/PSAP/LYN/MGLL/YWHAB/GNB4/ZDHHC3/GNG10/AGTRAP/HIF1A/GNG5/PIK3R6/GNB1/APP/IGF2R/S1PR1/RGS19/RGS10/ROCK2/RAP1B/DGKZ/P2RY10/CX3CR1/MGRN1/ARHGEF12/ANXA1/RGS13/STK39/IQGAP2/CXCR5/NMT1/S1PR4/PTGDR/PNOC",0.380730400722792
"GO:0031047","regulatory ncRNA-mediated gene silencing",102,-0.308642873523879,-1.37401323734059,0.0306118690506085,0.274646659750126,0.200348645284819,2275,"tags=36%, list=24%, signal=28%","ERI1/TENT2/SND1/CNOT7/ZNFX1/PRKRA/CNOT3/MIR29B2CHG/PARN/HELZ/HNRNPA2B1/PUM1/TSN/ZC3H7B/TRUB1/CUL4A/SMAD3/STAU1/NCBP1/NCBP2/ZC3H7A/AGO3/ADAR/SPEN/CNOT2/SMAD2/TNRC6A/SRSF3/TNRC6B/ZFP36/TUT7/STAT3/DDX6/PUM2/SNIP1/DDX17/NEAT1",0.352487857583619
"GO:0014902","myotube differentiation",74,-0.326636543719686,-1.37227583919204,0.0489236790606654,0.362642307197852,0.264539517925149,3162,"tags=46%, list=33%, signal=31%","CD9/RPL39/RPL35/RPL23A/RPL10A/RPL35A/RPL30/BHLHE41/RPL5/RPL37A/RPL4/HDAC4/RPL15/FBXO22/PPP3CA/RPLP0/PPP3CB/RPL14/EHD1/RPL32/RPL8/MAPK14/RPL13/CFLAR/CAPN2/TMEM182/RPL13A/ITGB1/RIPOR2/RPLP1/MEF2C/MYEF2/RPL27A/HDAC5",0.287857117255149
"GO:0001818","negative regulation of cytokine production",154,0.29076546026962,1.37097440969167,0.0169592789548813,0.212245714169303,0.154828539841032,2400,"tags=32%, list=25%, signal=24%","ZFPM1/FURIN/GIT1/VSIR/LGALS9/BTK/CARD16/ELF4/CSK/YY1/QKI/ARRB2/RGCC/RNF216/PRKACA/TGFB1/LILRB4/HLA-DRB1/GSTP1/ANXA4/TBX21/CUEDC2/MUL1/AKAP8/TNFRSF14/CX3CR1/LILRB1/ANXA1/CD200/DDX56/TYROBP/CD24/HMOX1/IRF2/CASP3/SYT11/SERPINB1/LEF1/PML/FXR1/KLHL22/CTPS1/GBP1/SIGIRR/KLF2/IL27RA/CARD8/OAS1/ERBIN",0.352487857583619
"GO:0120035","regulation of plasma membrane bounded cell projection organization",269,0.271127228651259,1.37005007789513,0.00863868118667262,0.156529659306566,0.114184913872597,2183,"tags=31%, list=23%, signal=24%","TESK1/GDI2/FES/LTK/MIEN1/CFL1/RHOQ/RAC2/GSK3A/MARK4/SEMA7A/PFN1/GDI1/JUP/RUFY3/RABEP2/EP300/BRK1/ARPC2/TRPV2/DENND5A/AKT1/WAS/LIMK1/TWF2/PPP1R35/PTEN/MARK2/CERS2/PREX1/GRN/PIK3R1/SNAPIN/TAPT1/LYN/AP2A1/STMN3/ACTR3/DOCK11/ANAPC2/ENTR1/AKIRIN1/WASHC1/GORASP1/DEF8/TBC1D7/CORO1C/SHOC2/SNX3/PDLIM5/APP/ABI3/RAB11FIP3/ARHGAP4/FMR1/WDR44/PTPN9/DDX56/GPM6A/RAB11A/CCDC88A/ULK1/VIM/CDK5/P2RX7/RAB10/NSMF/ARAP1/CDKL1/BMPR2/RAPGEF1/PTPN1/YTHDF1/SEPTIN9/PSEN1/ANKRD27/METRN/YWHAH/SDCCAG8/PAK1/WASF2/TCHP/CD38",0.380730400722792
"GO:1903829","positive regulation of protein localization",263,0.271915431404008,1.36947870355555,0.00771833058860619,0.156529659306566,0.114184913872597,2665,"tags=39%, list=28%, signal=29%","TESK1/GIT1/DSP/CFL1/CSNK2A2/RAC2/GSK3A/ABCA7/MARK4/CCT5/ZDHHC8/ZDHHC2/NADK/GNAS/JUP/RUFY3/CDK9/EP300/BSG/AKT1/ABHD17A/PRKACA/TGFB1/CCT2/PTPN23/HLA-DRB1/TRIM28/PIK3R1/LARP7/NUMA1/MSN/HCLS1/SOX4/ENTR1/CCT6A/PDCD10/APP/ADAM8/CLN3/PARK7/UBL5/DYNLL1/SEC24D/HTRA2/ROCK2/PECAM1/PTPN9/SESN2/TRAPPC12/CD81/TSG101/TYROBP/OSBP/ABCG1/NMT1/LARGE1/SLC5A3/RAB11A/CCDC88A/DAG1/VIM/PHPT1/RIPOR1/BCAP31/PARP1/CCT3/FLNA/SYT11/STAC3/CEP250/MESD/PSMD9/PRKCH/PML/PLA2G6/GOLPH3L/RHOG/PPID/CD38/PGRMC1/CNPY4/DMAP1/GLUD1/DDRGK1/CREBBP/CCT7/TERF2/PPIA/FYN/MYO18A/SAE1/EDEM2/SAR1B/TM7SF3/YWHAE/PLK3/UBE2L3/PRKCD/CIB1/PIK3CA/NEDD9/SH3GLB1/NUP62",0.407017918923954
"GO:0000086","G2/M transition of mitotic cell cycle",81,-0.31780241701243,-1.366707428757,0.0451976564405214,0.34509939936353,0.251742355847298,2108,"tags=32%, list=22%, signal=25%","RRM2B/LATS1/KHDRBS1/RAD51B/RAD50/CCNB1/DNM2/ATM/RRM1/NBN/CDK5RAP3/TAOK1/ENSA/GPR132/CDK4/RAD17/TAF2/VPS4A/NABP1/BLM/PPME1/MBTPS2/ARPP19/CDK14/DBF4/CDC14B",0.321775918075361
"GO:0051094","positive regulation of developmental process",493,0.254389461270722,1.36521160569483,0.00166050922657926,0.0709998787196311,0.0517928364022568,2174,"tags=30%, list=23%, signal=24%","BRD4/TCF3/VEGFB/FES/IL2RG/RRAS/VSIR/DSP/RPS6KA1/SCX/SPI1/RPS6KA3/LGALS9/CFL1/METRNL/B4GALT5/SYK/BTK/CBX4/ENG/ZMIZ1/CLSTN3/SEMA7A/PGAM5/QKI/GDI1/JUP/RUFY3/BCL7C/TNFSF13/CCDC18/ARRB2/ITGB2/EP300/RGCC/PDCD6/NME2/TRPV2/AKT1/LIMK1/TWF2/CD53/TGFB1/PNP/TMEM79/NLRP2/IL2RB/LILRB4/HLA-DRB1/MAP3K5/GRN/PLCG1/TNFSF12/PMS2/TAPT1/PKM/ZNHIT1/NUMA1/HCLS1/ZNF385A/GLUL/LYN/BCL7A/BIN1/PA2G4/FXR2/ARID1A/SOX4/CLCF1/ANAPC2/SRRT/AKIRIN1/DVL3/EMC10/PBRM1/SIN3A/HIF1A/CORO1C/SLC4A2/NINJ1/SHOC2/PIK3R6/SMARCC2/ING2/APP/LBH/ADAM8/SNW1/SIRT2/MUL1/ZAP70/MAML1/SMARCB1/JMJD8/HOXB4/MTCH2/FMR1/PCID2/CX3CR1/KAT2A/ANXA1/SOX12/DVL2/DPF3/ABCB10/ARID4A/SDCBP/TYROBP/HLA-DRA/NOTCH1/IL4R/DAG1/VIM/ACTB/CD24/SMARCE1/HMOX1/NFATC3/P2RX7/PLD6/HSPB1/PARP1/BMPR2/CPNE5/LEF1/DPF2/SPINT1/CPNE1/CD74/TBXA2R/ACIN1/PRKCH/PSEN1/ANKRD27/RHOA/PML/SS18/METRN/BASP1/PAK1/PPP1CC/PIEZO1/TCF4/FADD/RBBP7/FXR1",0.45505986738723
"GO:0060485","mesenchyme development",89,0.319554823560538,1.36420029484691,0.0377978796842299,0.304029677776914,0.221782905076664,1668,"tags=29%, list=17%, signal=24%","SCX/ENG/SEMA7A/QKI/RGCC/PDCD6/S100A4/TGFB1/PTEN/TRIM28/TAPT1/TCOF1/SOX4/ACTA2/HIF1A/CORO1C/SLC39A6/TAF10/SEMA4B/ADAM8/NCLN/ROCK2/AKNA/SDCBP/FBXL17/NOTCH1",0.321775918075361
"GO:1903037","regulation of leukocyte cell-cell adhesion",225,0.274004305679048,1.36291780337649,0.0144678935219498,0.204654460300904,0.149290888555083,1798,"tags=26%, list=19%, signal=21%","BRD4/HLA-DQA1/IL2RG/VSIR/FCHO1/LGALS9/RASAL3/PSMB4/ZMIZ1/CD1D/CSK/SKAP1/PSMB8/ITGB2/EP300/TNFAIP8L2/AKT1/HLA-DMA/TGFB1/PSMA2/PNP/PSMA7/LILRB4/CHST2/HLA-DRB1/TBX21/NCK2/ICOSLG/LYN/ARID1A/SOX4/SPN/SCRIB/AIF1/PBRM1/SLC4A2/PIK3R6/SMARCC2/HLA-DOB/ADAM8/ZAP70/SMARCB1/PSMB9/TNFRSF14/IRAK1/LILRB1/ANXA1/SOX12/CD300A/CD81/DUSP3/PSMB3/HLA-DRA/CARD11/ACTB/CD24/SMARCE1/HLA-DRB5",0.380730400722792
"GO:0006164","purine nucleotide biosynthetic process",135,0.293864989551645,1.3626959146618,0.0371996853733016,0.299811749972919,0.218706020317867,2454,"tags=39%, list=26%, signal=30%","ATP5IF1/NADK/ATP5MF/NME2/TGFB1/PNP/NDUFA12/NUDT2/GART/ATP5F1E/ATP5MC2/NAPRT/ATP5PF/ENO1/ATP5MG/NDUFA11/ATP5MC3/NDUFB7/NDUFS3/KMO/NDUFB2/NMNAT1/NDUFB3/NDUFB11/NDUFC2/NDUFB4/AMPD3/PRPS1/NDUFV1/ATP5F1D/NDUFC1/NDUFB8/MTHFD1/MT-ND4/APRT/PARP1/NDUFB5/UQCC3/AMPD2/NDUFA1/PAICS/NDUFS2/NME6/NDUFS6/IMPDH2/ADSL/NDUFB9/NME1/NDUFA3/PAPSS1/GMPS/NDUFA6/ATP5PB",0.321775918075361
"GO:0002694","regulation of leukocyte activation",333,0.262846210428692,1.36198437552276,0.00675361214004035,0.149908046518273,0.109354594243216,2502,"tags=34%, list=26%, signal=26%","BRD4/TCF3/HLA-DQA1/IL2RG/VSIR/FCHO1/SPI1/LGALS9/RASAL3/PSMB4/SYK/BTK/RAC2/ZMIZ1/CD1D/METTL3/CSK/PSMB8/TNFSF13/BATF/EP300/TNFAIP8L2/AKT1/HLA-DMA/TGFB1/PSMA2/PNP/PSMA7/NFATC2/JUND/LILRB4/HLA-DRB1/GRN/CD19/PRELID1/PMS2/TBX21/NCK2/ICOSLG/VAV3/LYN/KLRD1/ARID1A/SOX4/CLCF1/MFHAS1/SPN/SCRIB/PTPRE/AIF1/LST1/PBRM1/FGR/SLC4A2/PIK3R6/SMARCC2/HLA-DOB/ADAM8/ZAP70/SMARCB1/PSMB9/TNFRSF14/PCID2/LILRB1/KAT2A/ANXA1/TIRAP/CD200/SOX12/CD300A/CD81/DDA1/TYROBP/DUSP3/PSMB3/HLA-DRA/IL4R/CARD11/ACTB/CD24/SMARCE1/HLA-DRB5/CD2/SH3KBP1/PSMB10/SYT11/IL16/LEF1/CD74/CST7/RHOA/PSMA3/PLSCR1/FADD/CD38/KLHL22/ZBTB7B/TESPA1/ID2/DDRGK1/MILR1/TMIGD2/CCL5/SMARCD2/NKAP/IL27RA/HSPH1/LAG3/RARA/FYN/MYO18A/SIRPG/RC3H1",0.407017918923954
"GO:0006195","purine nucleotide catabolic process",76,0.322343944725635,1.35917195785629,0.0478999735908019,0.35766487633426,0.26090859253386,1429,"tags=29%, list=15%, signal=25%","GIT1/PFKL/FOXK2/LDHA/BPGM/TPI1/GAPDH/EP300/EIF6/PRKACA/PNP/PKM/ENO1/NUDT3/PGK1/AMPD3/HIF1A/APP/JMJD8/ENO3/UCP2/TIGAR",0.321775918075361
"GO:0007030","Golgi organization",106,-0.30388609221518,-1.35896817689055,0.0268926717856031,0.260105076259545,0.18974088273171,2571,"tags=40%, list=27%, signal=29%","COG8/TMED1/BLZF1/ATP8B2/GOLPH3/UBXN2A/TBC1D20/STX5/RAB2B/ARL1/TMED7/TMED10/GORASP2/COG3/STX18/STX17/RBSN/BAG5/RAB1A/COG7/TRIP11/PRMT5/VCPIP1/GOLGA8B/COG6/TMED5/TANGO2/TMED2/RAB33B/YIPF4/USO1/VAMP4/VPS13B/GCC2/LYSMD3/PI4K2B/CSNK1A1/ARFGEF1/CLASP1/PI4K2A/YWHAZ/CLASP2",0.352487857583619
"GO:1901292","nucleoside phosphate catabolic process",106,0.306385590493771,1.35882304523896,0.0330071440364618,0.285265998034272,0.208095216974369,2267,"tags=36%, list=24%, signal=28%","GIT1/PFKL/FOXK2/DCTPP1/LDHA/BPGM/TPI1/GAPDH/EP300/EIF6/PRKACA/PNP/PKM/ENO1/NUDT3/CNP/PGK1/AMPD3/DPYD/HIF1A/APP/JMJD8/ENO3/UCP2/TIGAR/NUDT7/SUCLG1/PFKP/NUDT5/P2RX7/MLYCD/PSEN1/PGM1/GPI/NT5C2/FLCN/SUCLA2/FHIT",0.321775918075361
"GO:0032943","mononuclear cell proliferation",141,0.290542548296608,1.35680495953686,0.024293619878086,0.25378844476076,0.185133040187051,1607,"tags=28%, list=17%, signal=23%","TCF3/VSIR/MS4A1/LGALS9/RASAL3/BTK/RAC2/ELF4/CD1D/ACE/TNFSF13/PNP/NFATC2/LILRB4/HLA-DRB1/GAPT/CD19/ICAM3/NCK2/MSN/ICOSLG/VAV3/LYN/CLCF1/CD79A/SPN/SCRIB/AIF1/LST1/IGHE/SLC4A2/TNFRSF14/CR2/LILRB1/ANXA1/TIRAP/CD300A/CD81/TYROBP",0.352487857583619
"GO:0000902","cell morphogenesis",288,0.266110175752762,1.35628309222745,0.012764087061892,0.185170434447876,0.135077723946054,2105,"tags=32%, list=22%, signal=26%","FES/ZFPM1/PTPRJ/SPI1/CFL1/MOV10/B4GALT5/TPM4/RAC2/CLSTN3/METTL3/SEMA7A/APLP2/GDI1/JUP/RUFY3/ITGB2/BSG/UBB/TRPV2/MYO9B/LIMK1/TWF2/PTEN/PITPNA/MARK2/FEZ2/PARVG/MSN/CAP1/TBCD/HCK/SNX1/ANAPC2/DVL3/SIPA1L3/GORASP1/MAP1S/RAB8A/LST1/FGR/SIN3A/CORO1C/PDLIM5/TSC22D4/APP/EFNA4/SEMA4B/ADAM8/ABI3/ACTN1/MUL1/WDR1/ARHGAP4/ARHGAP18/C12orf57/ANXA1/AFG3L2/DNMBP/ACTG1/DVL2/GPM6A/S100A6/DBNL/NOTCH1/DAG1/ULK1/VIM/ACTB/CDK5/RAB10/SSNA1/NSMF/ARAP1/FGD3/BMPR2/CPNE5/CASP3/VASP/FLNA/PHACTR1/SNX2/PARVB/YTHDF1/CPNE1/ANKRD27/METRN/YWHAH/BIN3/RHOG/ZDHHC17/PAK1",0.380730400722792
"GO:0009260","ribonucleotide biosynthetic process",125,0.293982642923154,1.35540040520125,0.0273837198088122,0.260105076259545,0.18974088273171,2454,"tags=39%, list=26%, signal=30%","ATP5IF1/ATP5MF/NME2/TGFB1/NDUFA12/NUDT2/GART/ATP5F1E/ATP5MC2/ATP5PF/ENO1/ATP5MG/NDUFA11/ATP5MC3/NDUFB7/NDUFS3/NDUFB2/NDUFB3/NDUFB11/NDUFC2/NDUFB4/AMPD3/NDUFV1/ATP5F1D/UCKL1/NDUFC1/NDUFB8/MT-ND4/APRT/CAD/PARP1/NDUFB5/UQCC3/AMPD2/NDUFA1/PAICS/NDUFS2/NME6/NDUFS6/IMPDH2/ADSL/NDUFB9/CTPS1/NME1/NDUFA3/PAPSS1/GMPS/NDUFA6/ATP5PB",0.352487857583619
"GO:0060627","regulation of vesicle-mediated transport",278,0.266283364458089,1.35460908113534,0.00802762215164285,0.156529659306566,0.114184913872597,1810,"tags=28%, list=19%, signal=24%","FES/IL2RG/GIT1/DGKQ/PTPRJ/UNC119/SPI1/LGALS9/SMAP1/SYK/BTK/FBXO45/RAC2/ABCA7/RIN3/YIPF5/CSK/ZDHHC2/ARPC3/ARRB2/ITGB2/BMP2K/PRKACA/TGFB1/SEPTIN1/PTPN23/IL2RB/GNAI2/SNAPIN/DNAJC5/STXBP2/MSN/CYBA/LYN/AP2A1/SGSM3/BIN1/PICK1/HCK/AP2M1/RUFY1/USP7/VAC14/RNF220/AP2S1/FGR/CD63/IQSEC1/VPS4B/SNX3/RAB27A/MAP2K2/APP/VAMP8/RAB11FIP3/CLN3/PARK7/SEC24D/RAP1B/FMR1/LILRB1/WDR44/ANXA1/ACTG1/CHMP2A/LAMP1/CD300A/SDCBP/TSG101/AAK1/RAB11A/SNX12/SNF8/ACTB/CDK5/ARHGDIA/ANKRD13D/ARAP1/SCFD1",0.380730400722792
"GO:0007268","chemical synaptic transmission",213,0.274002897514292,1.35215785525482,0.0202933393786782,0.229426368280164,0.167361445864174,1945,"tags=30%, list=20%, signal=24%","GIPC1/GIT1/RPS6KA1/UNC119/RPS6KA3/CFL1/CACNA1A/CAMK2D/FBXO45/GSK3A/FBXO2/CLSTN3/ADRB2/TPRG1L/ZDHHC2/PIP5K1C/PFN1/ACE/SNAP23/ARRB2/AKT1/PRKACA/PXK/PTEN/GNAI2/SNAPIN/DNAJC5/STXBP2/KMO/PICK1/FXR2/SHISA8/CNP/APBA2/ANAPC2/ZDHHC3/SCRIB/RAB8A/P2RX5/APP/CLN3/RAP1B/APBA3/FMR1/CX3CR1/KAT2A/SDCBP/TYROBP/C22orf39/PNKD/NOTCH1/RAB11A/MCTP2/PNOC/CDK5/P2RX7/NSMF/SLC12A2/SLC1A4/SYT11/STAC3/CBLN3/YTHDF1",0.352487857583619
"GO:0098916","anterograde trans-synaptic signaling",213,0.274002897514292,1.35215785525482,0.0202933393786782,0.229426368280164,0.167361445864174,1945,"tags=30%, list=20%, signal=24%","GIPC1/GIT1/RPS6KA1/UNC119/RPS6KA3/CFL1/CACNA1A/CAMK2D/FBXO45/GSK3A/FBXO2/CLSTN3/ADRB2/TPRG1L/ZDHHC2/PIP5K1C/PFN1/ACE/SNAP23/ARRB2/AKT1/PRKACA/PXK/PTEN/GNAI2/SNAPIN/DNAJC5/STXBP2/KMO/PICK1/FXR2/SHISA8/CNP/APBA2/ANAPC2/ZDHHC3/SCRIB/RAB8A/P2RX5/APP/CLN3/RAP1B/APBA3/FMR1/CX3CR1/KAT2A/SDCBP/TYROBP/C22orf39/PNKD/NOTCH1/RAB11A/MCTP2/PNOC/CDK5/P2RX7/NSMF/SLC12A2/SLC1A4/SYT11/STAC3/CBLN3/YTHDF1",0.352487857583619
"GO:0042113","B cell activation",172,0.278617201442089,1.34815993452642,0.0184399605672299,0.217110492243733,0.158377287521817,1607,"tags=24%, list=17%, signal=21%","IGHM/TCF3/CD79B/LAT2/SPIB/LFNG/PTPRJ/CCR6/MS4A1/SPI1/SYK/BTK/YY1/TNFSF13/BATF/SLC25A5/TGFB1/NFATC2/GAPT/PIK3R1/CD19/PMS2/ICOSLG/VAV3/LYN/PHB2/DOCK11/CLCF1/EXOSC3/CD79A/IGHE/PAX5/ZAP70/TNFRSF14/PCID2/CR2/AKAP17A/TIRAP/CD300A/CD81/CXCR5/TYROBP",0.352487857583619
"GO:0032543","mitochondrial translation",123,0.296809090728447,1.34519642055582,0.0359361999587911,0.293707936081709,0.214253423496602,2043,"tags=31%, list=21%, signal=25%","MRPL57/MRPL40/MRPL52/MRPL15/MRPL23/MRPS18B/MRPL39/MRPS18C/MRPL32/MRPS33/OXA1L/MRPS11/COA3/TUFM/MRPL44/MRPS21/MRPL17/MRPS12/QRSL1/MRPS6/MRPL37/MRPL2/MTRF1/MRPS7/UQCC2/MRPS5/MRPL16/CHCHD1/MRPL20/MRPL27/MRPS14/MRPL9/RPUSD3/MTIF3/MRPS16/MRPL28/MRPL36/MRPS2",0.321775918075361
"GO:0022407","regulation of cell-cell adhesion",271,0.264974308909062,1.34192377941718,0.0120396205773016,0.181802746412637,0.132621070236098,2721,"tags=38%, list=28%, signal=28%","BRD4/HLA-DQA1/IL2RG/VSIR/FCHO1/SPI1/LGALS9/RASAL3/PSMB4/SYK/ZMIZ1/CD1D/METTL3/CSK/SKAP1/ZDHHC2/PSMB8/ITGB2/EP300/RGCC/TNFAIP8L2/AKT1/HLA-DMA/TGFB1/PSMA2/PNP/PTPN23/PSMA7/LILRB4/CHST2/HLA-DRB1/TBX21/NCK2/ICOSLG/LYN/GTPBP4/ARID1A/SOX4/SPN/SCRIB/AIF1/PBRM1/SLC4A2/PIK3R6/SMARCC2/HLA-DOB/ADAM8/ZAP70/SMARCB1/PSMB9/TNFRSF14/IRAK1/AKNA/LILRB1/ANXA1/SOX12/CD300A/CD81/DUSP3/PSMB3/HLA-DRA/NOTCH1/CARD11/ACTB/CD24/PLPP3/SMARCE1/HLA-DRB5/PSMB10/LEF1/FXYD5/RHOA/PSMA3/PIEZO1/FADD/KLHL22/ZBTB7B/TESPA1/AFDN/TMIGD2/CCL5/SMARCD2/PTK2/NKAP/HSPH1/LAG3/RARA/FYN/EMILIN2/SIRPG/MAPK7/RC3H1/FUT7/PRKCD/HLA-DPB1/PSMB2/LAPTM5/CD3E/CTNNB1/PPARA/CD6/ASCL2",0.380730400722792
"GO:0099537","trans-synaptic signaling",216,0.273914763437635,1.34171450976782,0.0167336968203353,0.212245714169303,0.154828539841032,1945,"tags=30%, list=20%, signal=24%","GIPC1/GIT1/RPS6KA1/UNC119/RPS6KA3/CFL1/CACNA1A/CAMK2D/FBXO45/GSK3A/FBXO2/CLSTN3/ADRB2/TPRG1L/ZDHHC2/PIP5K1C/PFN1/ACE/SNAP23/ARRB2/AKT1/PRKACA/PXK/PTEN/GNAI2/SNAPIN/DNAJC5/STXBP2/KMO/PICK1/FXR2/SHISA8/CNP/APBA2/ANAPC2/ZDHHC3/SCRIB/RAB8A/P2RX5/APP/CLN3/RAP1B/APBA3/FMR1/CX3CR1/KAT2A/SDCBP/TYROBP/C22orf39/PNKD/NOTCH1/RAB11A/MCTP2/DAG1/PNOC/CDK5/P2RX7/NSMF/SLC12A2/SLC1A4/SYT11/STAC3/CBLN3/YTHDF1",0.352487857583619
"GO:0044089","positive regulation of cellular component biogenesis",260,0.265567282932473,1.34151530815727,0.0160534652422729,0.209675806476246,0.152953849192038,2274,"tags=30%, list=24%, signal=23%","TESK1/FES/GIT1/PTPRJ/MIEN1/CFL1/SYK/RHOQ/BTK/HRK/RAC2/PXN/MARK4/CLSTN3/SKAP1/PFN1/PLEK/BID/RGCC/BRK1/ARPC2/LIMK1/TWF2/TGFB1/PPP1R35/PIK3R1/BBC3/TAPT1/NCK2/RHOC/NUMA1/MYD88/BIN1/ACTR3/DOCK11/HCK/ENTR1/AKIRIN1/HOPX/WASHC1/DEF8/VPS4B/RAB11FIP3/PARK7/FHOD1/ROCK2/RAP1B/FMR1/TIRAP/SYNPO/CHMP2A/GPM6A/SDCBP/TSG101/SUMO1/CCDC88A/ULK1/SNF8/STMP1/P2RX7/ARAP1/TOGARAM1/VASP/FLNA/SEPTIN9/POLDIP2/MED25/RHOA/PAK1/PIEZO1/WASF2/SNX9/BAX/CEP295/EVL/PDE4DIP/ISG15",0.352487857583619
"GO:0002250","adaptive immune response",429,0.25225306172806,1.33915251073497,0.00409526537320641,0.112398432067327,0.0819921626475069,1448,"tags=21%, list=15%, signal=18%","CD1C/IGHM/BRD4/HLA-DQA1/CD79B/LAT2/IL2RG/IGHD/IGHV1-69D/IGHG4/CCR6/SIPA1/IGKC/LGALS9/IGHG3/PSMB4/SYK/IGHV2-5/BTK/UNC93B1/SIGLEC10/CD1D/CSK/IL21R/SKAP1/PSMB8/TNFSF13/ORAI1/BATF/IGKV1D-39/EP300/IGLV4-60/IGLV3-21/WAS/FCMR/HLA-DMA/TGFB1/PSMA2/PSMA7/ERAP2/IL2RB/LILRB4/RFTN1/HLA-DRB1/IGHV3-21/IGHV4-34/CD19/PMS2/TBX21/SLAMF6/IGHV6-1/IGLC1/ICOSLG/LYN/PDIA3/KLRD1/IGHV4-59/IGLC3/IGKV1D-12/IGKV1-27/TRBC1/CLCF1/MCOLN1/TRBV5-1/EXOSC3/TRAF2/CTNNBL1/RNF19B/CD79A/PRF1/SPN/IGHE/ERAP1/HLA-DOB/TRBC2/CD247/IGLV6-57/ZAP70/IGLV1-40/TRDC/CTSS/PSMB9/IL17RA/IGKV1D-8/TNFRSF14/CR2/CX3CR1/LILRB1/ANXA1",0.407017918923954
"GO:0032940","secretion by cell",328,0.258149733238421,1.33771950863315,0.0152603049211356,0.205918122822178,0.150212702330153,1809,"tags=28%, list=19%, signal=23%","GIPC1/GRK2/LAT2/FES/SYTL1/FURIN/GIT1/FOXO1/SPI1/LGALS9/SYK/BTK/FBXO45/RAC2/CLSTN3/SLC1A5/NADK/GNAS/PIP5K1C/ORAI1/PLEK/SNAP23/TMEM258/ITGB2/RGCC/BSG/PRKACA/TGFB1/SEPTIN1/PTPN23/TMEM79/GNAI2/LLGL2/HLA-DRB1/SNAPIN/SVBP/DNAJC5/STXBP2/LYN/CKLF/KMO/PICK1/HCK/SOX4/WASHC1/PRF1/DPH3/SCRIB/RAB8A/FGR/SYNGR2/IGHE/VPS4B/RAB27A/VTI1B/VAMP8/ADAM8/UQCC2/RAB11FIP3/PARK7/DYNLL1/MON1A/RAP1B/FMR1/UCP2/LILRB1/ANXA1/SCAMP3/CD200/CHMP2A/LAMP1/CD300A/TRAPPC11/SDCBP/TSG101/OSBP/ABCG1/PNKD/NKG7/NOTCH1/RAB11A/PTGDR/USE1/MCTP2/PHPT1/SNF8/PNOC/CDK5/RAB10/SRI/SLC12A2",0.380730400722792
"GO:0006954","inflammatory response",373,0.253793489093231,1.3350904985929,0.00793209687033161,0.156529659306566,0.114184913872597,2031,"tags=27%, list=21%, signal=22%","MAPKAPK2/BRD4/NCF1/SBNO2/FURIN/GIT1/CCR6/LGALS9/METRNL/FOXP1/PSMB4/SYK/IL10RB/BTK/SIGLEC10/ELF4/MARK4/SEMA7A/GNAS/GSDMB/SNAP23/SHARPIN/ITGB2/TNFAIP8L2/DAGLB/IRF5/PLD4/ABHD17A/TGFB1/NMI/NLRP2/PXK/DDT/TRIM21/LILRB4/CHST2/HLA-DRB1/GSTP1/GRN/PLCG1/TBX21/CYBA/LYN/MGLL/MYD88/FEM1A/HCK/ITGAL/TRAF2/GZMA/MFHAS1/CERS6/TOLLIP/AIF1/HSPA8/FGR/HIF1A/CUEDC2/IGHE/NINJ1/APP/VAMP8/ADAM8/PARK7/TUSC2/IL17RA/IRAK1/CX3CR1/AKNA/ANXA1/SETD4/TIRAP/NCR3/CD200/STK39/CD81/BIRC3/TYROBP/NKG7/BLNK/IL4R/PTGDR/TRIM11/IRF3/HMOX1/NFATC3/STMP1/P2RX7/CASP3/GPS2/CD68/SYT11/IL16/LY75/LY96/TBXA2R/PSEN1/CST7/CASP1/ACER3",0.380730400722792
"GO:0071345","cellular response to cytokine stimulus",390,0.253169720199663,1.33493613762456,0.00782024250816448,0.156529659306566,0.114184913872597,2400,"tags=32%, list=25%, signal=25%","MAPKAPK2/SBNO2/PSMD4/TXNDC17/IL2RG/PTPRJ/CCR6/SPI1/LGALS9/CFL1/FOXP1/PSMB4/SYK/IL10RB/GSK3A/CARD16/METTL3/AGPAT2/IL21R/YY1/PPP2CB/CDK9/GAPDH/CDC37/IKBKE/IFITM2/SHARPIN/ARRB2/IRF5/COMMD7/AKT1/TRAF3IP3/PRKACA/PSMA2/PSMA7/IL2RB/LILRB4/PSMB6/GSTP1/ANXA4/PSMD8/PIK3R1/PSME2/HCLS1/CDC34/CYBA/LYN/MYD88/KMO/TMC8/HCK/CLCF1/USP7/TRAF2/RNF220/SEM1/CSNK2B/TOLLIP/AIF1/SIN3A/HIF1A/STAT6/EIF4E2/PSMC3/MUL1/P4HB/MT2A/HTRA2/IL17RA/PSMC4/TNFRSF14/IRAK1/CR2/CX3CR1/LILRB1/KAT2A/CD200/ADRM1/STK39/PSMC2/BIRC3/CXCR5/PSMB3/KRAS/NOTCH1/IL4R/ULK1/CD24/RIPOR1/ACTN4/IRF3/SLC12A2/YBX3/GPS2/IL16/PTPN1/LEF1/LIMS1/CPNE1/CD74/OASL/RHOA/CASP1/PSMA3/SELPLG/IL10RA/SMPD4/UPF1/PSMD7/FADD/PDE12/TNFRSF17/ISG15/MAPK3/FCER1G/GBP1/CCL5/SIGIRR/KLF2/IL27RA/CARD8/OAS1/ZNF268/ERBIN",0.380730400722792
"GO:0032102","negative regulation of response to external stimulus",176,0.277033405266285,1.33257966417394,0.0251043496159283,0.256215749095228,0.186903704849593,1268,"tags=22%, list=13%, signal=19%","FURIN/GIT1/LGALS9/METRNL/PSMB4/SYK/IL10RB/SIGLEC10/CARD16/RIN3/ELF4/METTL3/GNAS/SHARPIN/ARRB2/TNFAIP8L2/TGFB1/NMI/PTEN/DDT/TRIM21/HLA-DRB1/GSTP1/CERS2/GRN/PLCG1/LYN/TARBP2/KLRD1/FEM1A/HCK/ZDHHC18/MFHAS1/AIF1/FGR/EIF4E2/DDX39A/MUL1",0.352487857583619
"GO:1903311","regulation of mRNA metabolic process",260,-0.263201983695482,-1.32798656732525,0.0129755144710469,0.186242190040256,0.135859545873927,2230,"tags=30%, list=23%, signal=24%","TIA1/CNOT4/WDR77/CNOT7/ZFP36L2/KAT8/NSRP1/SLC11A1/TOB1/RBM47/KHDRBS1/NPM1/SYNCRIP/PUF60/GTPBP1/CNOT3/PARN/HELZ/TRAF3IP2/PUM1/RBM25/MAPK14/SMG1/SRRM1/RBM15/CCNB1/RBM4B/WTAP/PRMT5/DCP1A/FTO/TRA2B/XRN1/DYRK1A/SENP1/PNN/NCBP1/SRSF4/KHDRBS2/DCP2/NCBP2/DCP1B/CSDE1/RBPMS2/AGO3/TENT4B/METTL16/DIS3/HNRNPA0/TTC5/CNOT2/SNRPD3/TNRC6A/FASTKD3/SRSF7/LRPPRC/NBAS/SRSF3/TNRC6B/ZFP36/TUT7/BTG2/SRSF5/CELF2/CIRBP/CDC73/RBM33/TARDBP/DDX6/PATL2/RBMX/CCNL1/PUM2/SNIP1/ARGLU1/RBM39/BCLAF1/DDX17/FUS",0.380730400722792
"GO:1902806","regulation of cell cycle G1/S phase transition",115,0.297654886698551,1.32777930652039,0.0446855965780899,0.343687004369163,0.25071204503272,2672,"tags=37%, list=28%, signal=27%","TCF3/PSMB4/CDK2AP2/TFDP1/BCL7C/CDKN1A/RGCC/AKT1/PSMA2/PSMA7/PTEN/PSMB6/PSME2/BCL7A/ARID1A/CDKN2D/AIF1/PBRM1/SMARCC2/SMARCB1/DGKZ/PAGR1/UBE2E2/DPF3/PSMB3/PSME3/ACTB/CCND2/SMARCE1/CCNE1/DPF2/RPA2/PSMA3/PKD1/ID2/DDRGK1/SMARCD2/RPS27L/PRMT2/PLK3/TMSB4X/PSMB2/ADAM17",0.321775918075361
"GO:0009117","nucleotide metabolic process",300,0.259156214122992,1.32643833860035,0.016166385817518,0.210473907662686,0.153536046301768,2267,"tags=32%, list=24%, signal=25%","GIT1/PFKL/FOXK2/DCTPP1/RHOQ/PGLS/LDHA/BPGM/ATP5IF1/TALDO1/TPI1/NADK/CLPX/GAPDH/ATP5MF/EP300/NME2/EIF6/PRKACA/TGFB1/PNP/NDUFA12/NUDT2/TKT/GART/ATP5F1E/ATP5MC2/NAPRT/ATP5PF/PKM/ENO1/NUDT3/TPST2/ATP5MG/NDUFA11/ATP5MC3/NDUFB7/NDUFS3/KMO/CNP/NDUFB2/G6PD/NMNAT1/NDUFB3/NDUFB11/PGK1/NDUFC2/NDUFB4/AMPD3/DPYD/PRPS1/HSPA8/NDUFV1/HIF1A/ATP5F1D/APP/FLAD1/JMJD8/UCKL1/ENO3/NDUFC1/UCP2/TIGAR/NDUFB8/MTHFD1/ATP6V1B2/MT-ND4/MDH2/PFKP/CARD11/NUDT5/APRT/CAD/P2RX7/PARP1/NDUFB5/UQCC3/AMPD2/NDUFA1/PAICS/NDUFS2/PSEN1/PGM1/NME6/NDUFS6/GMPR2/GPI/NT5C2/IMPDH2/ADSL/NDUFB9/FLCN/GIMAP7/CTPS1/IDH1/FHIT",0.352487857583619
"GO:0031023","microtubule organizing center organization",97,-0.303331038549448,-1.32573944995148,0.0336221839874517,0.288143918845647,0.210194596359943,2198,"tags=31%, list=23%, signal=24%","PARD6A/PCM1/NDE1/HAUS3/NPM1/CEP76/POC1B/CROCC/DNM2/MAP9/BBS4/BRCA2/CCP110/TRIM37/ARL2/CEP44/PDCD6IP/USP33/GCC2/PAFAH1B1/SPICE1/TUBA1A/NIN/NDEL1/CLASP1/RTTN/CCNL1/UVRAG/ATF5/CLASP2",0.321775918075361
"GO:0030217","T cell differentiation",185,0.275453342413384,1.32519218595214,0.0183367517882198,0.216745269386867,0.158110865550157,2210,"tags=30%, list=23%, signal=24%","BRD4/ZFPM1/IL2RG/VSIR/LFNG/CCR6/SPI1/FOXP1/PSMB4/ZMIZ1/CD1D/METTL3/PSMB8/BATF/EP300/TGFB1/PSMA2/PNP/PSMA7/LILRB4/HLA-DRB1/PIK3R1/PRELID1/TBX21/SLAMF6/ICOSLG/ARID1A/SOX4/SPN/PBRM1/SLC4A2/PIK3R6/SMARCC2/ADAM8/ZAP70/SMARCB1/PSMB9/KAT2A/ANXA1/SOX12/PSMB3/HLA-DRA/ACTB/SMARCE1/NFATC3/CD2/PSMB10/LEF1/CD74/RHOA/MR1/PSMA3/AIRE/FADD/ZBTB7B/TESPA1",0.352487857583619
"GO:0022408","negative regulation of cell-cell adhesion",104,0.297840792533111,1.32172261632875,0.0477099236641221,0.35761118646636,0.26086942696633,1668,"tags=28%, list=17%, signal=23%","VSIR/SPI1/LGALS9/PSMB4/METTL3/CSK/PSMB8/RGCC/TNFAIP8L2/AKT1/TGFB1/PSMA2/PSMA7/LILRB4/HLA-DRB1/TBX21/GTPBP4/SPN/SCRIB/SLC4A2/PSMB9/TNFRSF14/AKNA/LILRB1/ANXA1/CD300A/DUSP3/PSMB3/NOTCH1",0.287857117255149
"GO:0033500","carbohydrate homeostasis",104,0.297291419015689,1.31928467155761,0.049618320610687,0.365674326974733,0.266751309087393,1420,"tags=24%, list=15%, signal=21%","NCF1/HECTD4/PTPRJ/FOXK2/FOXO1/NADK/USF2/GNAS/CYB561A3/BACE2/PRKACA/TGFB1/PCK2/HLA-DRB1/GLCCI1/PIK3R1/CYBA/SOX4/HIF1A/TSC22D4/PARK7/DYNLL1/SMARCB1/ENDOG/UCP2",0.282013350011725
"GO:0061061","muscle structure development",245,0.26299126863511,1.31900397063106,0.0176190707006182,0.212245714169303,0.154828539841032,1776,"tags=24%, list=19%, signal=20%","ZFPM1/EID2/DSP/FLII/FOXP1/MRTFA/TAGLN/UNC45A/GSK3A/TOMM70/ENG/PDLIM2/SRA1/PDLIM1/MEF2D/YY1/QKI/MYL6/CDK9/PLEKHO1/ARRB2/CD53/TGFB1/NFATC2/MAP3K5/ZNHIT1/BIN1/IGSF8/ARID1A/SOX4/G6PD/AKIRIN1/PBRM1/FKBP1A/NINJ1/SMARCC2/PDLIM5/HDGFL2/UQCC2/ACTN1/SIRT2/WDR1/S1PR1/MAML1/SMARCB1/MYOM2/TTN/KAT2A/ZNF609/DPF3/CD81/RPL12/LARGE1/NOTCH1/DAG1/ZBTB18/ACTB/ACTN4/SMARCE1/NFATC3",0.352487857583619
"GO:0051668","localization within membrane",437,0.247822565558377,1.31885126261169,0.00838131730313144,0.156529659306566,0.114184913872597,2317,"tags=31%, list=24%, signal=25%","TIMM10/NCF1/GRK2/GIT1/CHMP4B/CAMK2D/ARL4C/RHOQ/TOMM70/ZDHHC8/CSK/SEC61G/PLEKHF1/GSN/ZDHHC2/GDI1/TIMM8B/JUP/RAB5IF/BID/ITGB2/BSG/COMMD7/AKT1/ABHD17A/CD53/TGFB1/PTPN23/LLGL2/SRP14/SEC16A/RFTN1/COMMD1/SRP72/CCDC22/SEC61B/PIK3R1/GOLGA7/TIMM29/PSAP/ZDHHC14/OXA1L/PICK1/AP2M1/ITGAL/ENTR1/ZDHHC18/WASHC1/RTP4/TTC7A/ZDHHC3/SCRIB/GORASP1/SRP19/EMC10/RAB8A/MICALL1/ATP6AP1/CCDC47/TIMM13/AKT2/SNX3/VTI1B/SAMM50/VAMP8/ABI3/RAB11FIP3/CLN3/EMC8/ATP13A1/TSPAN14/MTCH2/NCLN/TSPAN33/EHBP1L1/ROCK2/PTPN9/SESN2/SEC62/COMMD4/LZTFL1/PPIL2/CD81/SDCBP/PACS1/NMT1/SYS1/LARGE1/SLC5A3/RAB11A/SNX12/CCDC88A/DAG1/SNF8/VPS52/ACTB/CD24/CDK5/ROMO1/RAB10/CD2/HSP90B1/BCS1L/MTX2/TM9SF4/TRMT10B/FLNA/VAMP5/STAC3/VPS37B/MESD/PRKCH/ANKRD27/MAIP1/RABGEF1/EMC3/GOLPH3L/YIF1B/RHOG/SCP2/PAK1/VPS29/EMC1/FXR1/PGRMC1/CNPY4/TMEM150A/TM9SF2/GGA3/AFDN/COMMD9/GGA2/WDR83OS/SEC61A1/EXOC5/GBP1/VPS26B",0.380730400722792
"GO:0046651","lymphocyte proliferation",140,0.282759028458989,1.31659504945023,0.0447588442420697,0.343687004369163,0.25071204503272,1607,"tags=27%, list=17%, signal=23%","TCF3/VSIR/MS4A1/LGALS9/RASAL3/BTK/RAC2/ELF4/CD1D/TNFSF13/PNP/NFATC2/LILRB4/HLA-DRB1/GAPT/CD19/ICAM3/NCK2/MSN/ICOSLG/VAV3/LYN/CLCF1/CD79A/SPN/SCRIB/AIF1/LST1/IGHE/SLC4A2/TNFRSF14/CR2/LILRB1/ANXA1/TIRAP/CD300A/CD81/TYROBP",0.321775918075361
"GO:0072521","purine-containing compound metabolic process",337,0.255370189054796,1.31657590143336,0.0103319039743323,0.168546963629469,0.122951270773714,2220,"tags=32%, list=23%, signal=25%","GIT1/PFKL/FOXK2/NUDT1/RHOQ/PGLS/LDHA/BPGM/ATP5IF1/TALDO1/TPI1/NADK/CLPX/GAPDH/ATP5MF/ACSS1/EP300/NME2/EIF6/PRKACA/TGFB1/PNP/NDUFA12/NUDT2/DGAT1/TKT/GART/DGAT2/ATP5F1E/PDHA1/ATP5MC2/NAPRT/ATP5PF/PDHB/PKM/ENO1/NUDT3/TPST2/ATP5MG/NDUFA11/ATP5MC3/NDUFB7/NDUFS3/KMO/NDUFB2/G6PD/BCKDHB/NMNAT1/NDUFB3/NDUFB11/PGK1/NDUFC2/NDUFB4/AMPD3/DPYD/PRPS1/HSPA8/NDUFV1/HIF1A/ATP5F1D/APP/DLAT/PPCDC/JMJD8/ENO3/NDUFC1/UCP2/TIGAR/PMVK/NDUFB8/MTHFD1/NUDT7/SUCLG1/ACSL5/ATP6V1B2/MT-ND4/MDH2/PFKP/CARD11/NUDT5/APRT/P2RX7/ACOT9/PARP1/NDUFB5/UQCC3/AMPD2/HMGCR/NDUFA1/PAICS/NDUFS2/MLYCD/PCCA/PSEN1/PGM1/NME6/NDUFS6/GMPR2/GPI/NT5C2/IMPDH2/ADSL/TECR/NDUFB9/FLCN/GIMAP7/SUCLA2",0.380730400722792
"GO:0090150","establishment of protein localization to membrane",194,0.270055394711241,1.31317452197714,0.0263680893669072,0.258712992773857,0.188725388712104,2287,"tags=33%, list=24%, signal=26%","TIMM10/NCF1/CHMP4B/TOMM70/CSK/SEC61G/ZDHHC2/GDI1/TIMM8B/RAB5IF/BID/ITGB2/SRP14/RFTN1/SRP72/SEC61B/GOLGA7/TIMM29/ZDHHC14/OXA1L/ZDHHC18/RTP4/ZDHHC3/SCRIB/GORASP1/SRP19/EMC10/RAB8A/MICALL1/ATP6AP1/CCDC47/TIMM13/AKT2/SAMM50/RAB11FIP3/CLN3/EMC8/ATP13A1/MTCH2/NCLN/SEC62/SDCBP/SYS1/RAB11A/CD24/ROMO1/RAB10/BCS1L/MTX2/TRMT10B/VAMP5/VPS37B/MAIP1/RABGEF1/EMC3/GOLPH3L/YIF1B/PAK1/EMC1/GGA3/AFDN/GGA2/WDR83OS/SEC61A1",0.352487857583619
"GO:0022409","positive regulation of cell-cell adhesion",183,0.275012226642463,1.30644600983212,0.0420470249235218,0.327821526371105,0.239138530806845,2485,"tags=35%, list=26%, signal=26%","BRD4/HLA-DQA1/IL2RG/VSIR/FCHO1/LGALS9/RASAL3/ZMIZ1/CD1D/CSK/SKAP1/ITGB2/EP300/AKT1/HLA-DMA/TGFB1/PNP/PTPN23/LILRB4/CHST2/HLA-DRB1/NCK2/ICOSLG/LYN/ARID1A/SOX4/AIF1/PBRM1/PIK3R6/SMARCC2/HLA-DOB/ADAM8/ZAP70/SMARCB1/TNFRSF14/IRAK1/ANXA1/SOX12/CD81/HLA-DRA/CARD11/ACTB/CD24/PLPP3/SMARCE1/HLA-DRB5/LEF1/RHOA/PIEZO1/FADD/KLHL22/ZBTB7B/TESPA1/AFDN/TMIGD2/CCL5/SMARCD2/PTK2/NKAP/HSPH1/RARA/FYN/EMILIN2/SIRPG",0.321775918075361
"GO:0140053","mitochondrial gene expression",160,0.274864443614885,1.30572977206524,0.0451318633375084,0.34509939936353,0.251742355847298,2416,"tags=32%, list=25%, signal=25%","MRPL57/MRPL40/MRPL52/TFB2M/MRPL15/MRPL23/MRPS18B/MRPL39/MRPS18C/MRPL32/MRPS33/OXA1L/MRPS11/COA3/TUFM/MRPL44/MRPS21/MTERF3/MRPL17/MRPS12/QRSL1/MRPS6/MRPL37/FASTKD5/MRPL2/MTRF1/MRPS7/UQCC2/TFAM/MRPS5/MRPL16/CHCHD1/MRPL20/SLIRP/MRPL27/FASTKD1/MRPS14/MRPL9/SLC25A33/RPUSD3/MTIF3/MRPS16/MRPL28/MRPL36/MRPS2/CDK5RAP1/SHMT2/MRPS24/GTPBP3/MRPL14/MRPL1/MRPL41",0.321775918075361
"GO:0048514","blood vessel morphogenesis",190,0.266553811831654,1.2960061936403,0.0303438216513756,0.274646659750126,0.200348645284819,1820,"tags=27%, list=19%, signal=23%","CCM2/VEGFB/RRAS/DSP/PTPRJ/ADAM15/SYK/ENG/ATP5IF1/QKI/JUP/ITGB2/RGCC/BSG/PDCD6/AKT1/TGFB1/GNAI2/GRN/PLCG1/TNFSF12/PKM/VAV3/GLUL/AAMP/SOX4/VAV2/IGFBP7/PGK1/EMC10/MICALL1/PDCD10/HIF1A/ERAP1/NINJ1/PIK3R6/ADAM8/S1PR1/JMJD8/ROCK2/ANXA1/RNF213/ACTG1/PRCP/NOTCH1/EPN1/DAG1/SH2D2A/HMOX1/NFATC3/SLC12A2/HSPB1",0.352487857583619
"GO:0060284","regulation of cell development",359,0.246207774496142,1.29550060392814,0.0193903321326965,0.2231261448244,0.162765572622889,2058,"tags=28%, list=22%, signal=22%","BRD4/FES/ZFPM1/IL2RG/VSIR/SPI1/LGALS9/CFL1/FOXP1/PSMB4/SYK/LDB1/BTK/GSK3A/ZMIZ1/METTL3/SEMA7A/KLF13/PSMB8/QKI/GDI1/JUP/RUFY3/BATF/EP300/TRPV2/AKT1/LIMK1/TWF2/EIF6/TGFB1/PSMA2/PNP/PSMA7/PTEN/IL2RB/LILRB4/HLA-DRB1/GRN/PRELID1/TBX21/HCLS1/GLUL/LYN/BIN1/FXR2/ARID1A/SOX4/CLCF1/ANAPC2/SRRT/GPR137/GORASP1/PBRM1/HIF1A/CORO1C/SLC4A2/PIK3R6/SMARCC2/ADAM8/SNW1/SIRT2/ZAP70/ARHGAP4/SMARCB1/PSMB9/ROCK2/FMR1/PCID2/CX3CR1/LILRB1/KAT2A/ANXA1/SOX12/ABCB10/TYROBP/PSMB3/HLA-DRA/NOTCH1/IL4R/DAG1/ULK1/VIM/TRIM11/ACTB/SMARCE1/CD2/BMPR2/PSMB10/LEF1/SPINT1/CD74/ACIN1/PRKCH/ANKRD27/RHOA/METRN/PSMA3/YWHAH",0.352487857583619
"GO:0006887","exocytosis",175,0.271430496620598,1.2949293620414,0.0273837198088122,0.260105076259545,0.18974088273171,1788,"tags=29%, list=19%, signal=24%","LAT2/FES/SYTL1/GIT1/SPI1/LGALS9/SYK/BTK/FBXO45/RAC2/PIP5K1C/ORAI1/PLEK/SNAP23/ITGB2/SEPTIN1/TMEM79/GNAI2/LLGL2/SNAPIN/DNAJC5/STXBP2/LYN/HCK/WASHC1/SCRIB/RAB8A/FGR/SYNGR2/IGHE/VPS4B/RAB27A/VTI1B/VAMP8/RAP1B/FMR1/ANXA1/SCAMP3/CHMP2A/LAMP1/CD300A/TRAPPC11/SDCBP/TSG101/NKG7/RAB11A/PTGDR/SNF8/CDK5/RAB10",0.352487857583619
"GO:1903706","regulation of hemopoiesis",233,0.258140828026727,1.290454062903,0.0281029894899737,0.263028440802472,0.191873412311287,1633,"tags=23%, list=17%, signal=20%","BRD4/FES/ZFPM1/IL2RG/VSIR/SPI1/LGALS9/FOXP1/PSMB4/SYK/LDB1/BTK/ZMIZ1/METTL3/KLF13/PSMB8/QKI/BATF/EP300/EIF6/TGFB1/PSMA2/PNP/PSMA7/IL2RB/LILRB4/HLA-DRB1/PRELID1/TBX21/HCLS1/GLUL/LYN/ARID1A/SOX4/GPR137/PBRM1/HIF1A/CORO1C/SLC4A2/PIK3R6/SMARCC2/ADAM8/ZAP70/SMARCB1/PSMB9/PCID2/LILRB1/KAT2A/ANXA1/SOX12/ABCB10/TYROBP/PSMB3/HLA-DRA",0.352487857583619
"GO:0048858","cell projection morphogenesis",197,0.263858674304141,1.29014631355212,0.0293640736462113,0.271030863898208,0.197711002426839,2105,"tags=32%, list=22%, signal=26%","PTPRJ/CFL1/MOV10/B4GALT5/CLSTN3/SEMA7A/APLP2/GDI1/JUP/RUFY3/BSG/UBB/TRPV2/MYO9B/LIMK1/TWF2/PTEN/PITPNA/MARK2/FEZ2/SNX1/ANAPC2/DVL3/GORASP1/MAP1S/RAB8A/SIN3A/CORO1C/PDLIM5/TSC22D4/APP/EFNA4/SEMA4B/ABI3/MUL1/ARHGAP4/C12orf57/AFG3L2/ACTG1/DVL2/GPM6A/S100A6/DBNL/NOTCH1/DAG1/ULK1/VIM/ACTB/CDK5/RAB10/SSNA1/NSMF/BMPR2/CPNE5/VASP/PHACTR1/SNX2/YTHDF1/CPNE1/ANKRD27/METRN/YWHAH/ZDHHC17/PAK1",0.352487857583619
"GO:0040007","growth",277,0.252076577377863,1.28995305193229,0.0254535891576503,0.256778392987249,0.187314141086636,2191,"tags=31%, list=23%, signal=25%","FES/RPS6KA1/PTPRJ/ADAM15/SIPA1/RPS6KA3/CFL1/CAMK2D/FOXP1/FBXO45/GSK3A/TOMM70/CLSTN3/SEMA7A/PTPN12/CPQ/YY1/GNAS/GDI1/JUP/RUFY3/EP300/CDKN1A/BSG/TRPV2/AKT1/LIMK1/TWF2/TGFB1/PTEN/CCDC85B/RFTN1/DCAF13/ENO1/CYBA/PSAP/OGFR/CDKN2D/G6PD/ANAPC2/AKIRIN1/IGFBP7/P2RX5/SIN3A/RASGRP2/NINJ1/PDLIM5/TSC22D4/APP/HDGFL2/CCAR2/EGLN2/MUL1/S1PR1/ARHGAP4/MT1F/MT2A/IL17RA/ANXA1/SESN2/CD81/SDCBP/LARGE1/KRAS/NOTCH1/DAG1/ULK1/VIM/SLC25A33/CDK5/SSNA1/NET1/BMPR2/CPNE5/KMT2D/CPNE1/PML/NME6/BASP1/BIN3/EXOSC4/PAK1/TCHP/RBBP7/CD38/KLHL22",0.352487857583619
"GO:0046903","secretion",356,0.248269765898558,1.28360597375699,0.0140666693615957,0.2004829051252,0.146247831599854,1809,"tags=26%, list=19%, signal=22%","GIPC1/GRK2/LAT2/FES/SYTL1/FURIN/GIT1/FOXO1/SPI1/LGALS9/SYK/BTK/FBXO45/RAC2/CLSTN3/SLC1A5/NADK/GNAS/PIP5K1C/ACE/ORAI1/PLEK/SNAP23/TMEM258/ITGB2/RGCC/BSG/PRKACA/TGFB1/SEPTIN1/PTPN23/TMEM79/GNAI2/LLGL2/HLA-DRB1/SNAPIN/SVBP/DNAJC5/STXBP2/LYN/CKLF/KMO/PICK1/HCK/SOX4/WASHC1/PRF1/DPH3/SCRIB/RAB8A/FGR/SYNGR2/IGHE/VPS4B/RAB27A/VTI1B/VAMP8/ADAM8/UQCC2/RAB11FIP3/PARK7/DYNLL1/MON1A/RAP1B/FMR1/UCP2/LILRB1/ANXA1/SCAMP3/CD200/STK39/CHMP2A/LAMP1/CD300A/TRAPPC11/SDCBP/TSG101/OSBP/ABCG1/PNKD/NKG7/NOTCH1/RAB11A/PTGDR/USE1/MCTP2/PHPT1/SNF8/PNOC/CDK5/CAD/RAB10/SRI/SLC12A2",0.380730400722792
"GO:0044283","small molecule biosynthetic process",290,0.246579378727649,1.27782258932862,0.0371073789996927,0.299662372756962,0.218597052952742,2283,"tags=31%, list=24%, signal=25%","MID1IP1/DGKQ/FOXO1/IMPA1/FDFT1/DHRS9/TM7SF2/TPI1/MTHFD2/QKI/PTGS1/PLEK/CHST15/ACSS1/EP300/CBR1/DAGLB/NME2/ALOX5AP/HACD4/NSDHL/EIF6/PRKACA/PNP/PCK2/CLK2/DGAT2/GSTP1/ENO1/PSPH/FDX2/FDPS/GLUL/MGLL/SLC25A19/KMO/G6PC3/G6PD/SEPHS1/USP7/KDM3A/PGK1/DPYD/PRPS1/CYB5R3/INSIG1/ADI1/UGDH/DHDDS/CLN3/SIRT2/PARK7/UCKL1/ENO3/AKR1B1/SEPHS2/KAT2A/PRKAB1/PMVK/GATD1/ITPKB/MTHFD1/OSBP/ABCG1/MDH2/DHCR7/APRT/VDAC1/CAD/PRXL2B/PPIP5K2/SQLE/OSBPL7/OAT/BCAT2/HMGCR/MLYCD/CD74/ISYNA1/CASP1/ACER3/PGM1/GPI/SCP2/TECR/SHMT2/SUCLA2/TOX4/UBIAD1/GLUD1/PTGES2",0.321775918075361
"GO:0043254","regulation of protein-containing complex assembly",251,0.253786678632743,1.27366701738001,0.0208739440506467,0.231035315350754,0.168535137057874,1106,"tags=18%, list=12%, signal=16%","FES/GIT1/FLII/CFL1/SYK/BTK/HRK/MARK4/COTL1/GSN/SKAP1/ARPC5/PFN1/PPP2CB/ARPC3/GAPDH/PLEK/IKBKE/BID/CAPZB/EP300/BRK1/ABHD17A/TWF2/TGFB1/SEC16A/PREX1/HAUS1/BBC3/NCK2/RHOC/NUMA1/HCLS1/CAPG/CAPZA2/MYD88/BIN1/TBCD/TMC8/HCK/TRAF2/PREB/HSPA8/UBLCP1/DRAP1",0.352487857583619
"GO:0034097","response to cytokine",444,0.235474230277619,1.26643853993211,0.012733189699976,0.185170434447876,0.135077723946054,2400,"tags=32%, list=25%, signal=25%","MAPKAPK2/SBNO2/PSMD4/TXNDC17/IL2RG/PTPRJ/CCR6/SPI1/LGALS9/CFL1/FOXP1/PSMB4/SYK/IL10RB/GSK3A/CARD16/METTL3/AGPAT2/IL21R/YY1/PSMB8/PPP2CB/CDK9/GAPDH/CDC37/IKBKE/IFITM2/SHARPIN/ARRB2/IRF5/COMMD7/AKT1/TRAF3IP3/PRKACA/PSMA2/PSMA7/TRIM21/IL2RB/LILRB4/PSMB6/GSTP1/ANXA4/PSMD8/PIK3R1/TLE5/PSME2/HCLS1/CDC34/CYBA/LYN/MYD88/KMO/TMC8/HCK/CLCF1/USP7/TRAF2/RNF220/SEM1/CSNK2B/TOLLIP/AIF1/SIN3A/HIF1A/STAT6/EIF4E2/PSMC3/APP/MCL1/MUL1/P4HB/MT2A/HTRA2/PSMB9/IL17RA/PSMC4/TNFRSF14/IRAK1/CR2/CX3CR1/LILRB1/KAT2A/CD200/MX2/ADRM1/STK39/PSMC2/BIRC3/CXCR5/PSMB3/KRAS/NOTCH1/IL4R/ULK1/TMEM102/CD24/RIPOR1/ACTN4/IRF3/SLC12A2/PSMB10/YBX3/CASP3/GPS2/IL16/PTPN1/LEF1/LIMS1/CPNE1/CD74/OASL/RHOA/CASP1/PML/PSMA3/IGBP1/PLSCR1/SELPLG/IL10RA/SMPD4/UPF1/PSMD7/FADD/CD38/SHMT2/PDE12/TNFRSF17/ISG15/SEC61A1/MAPK3/FCER1G/GBP1/CCL5/SIGIRR/KLF2/IL27RA/CARD8/OAS1/ZNF268/ERBIN",0.380730400722792
"GO:0007167","enzyme-linked receptor protein signaling pathway",359,0.240006605979718,1.26287118117929,0.0307752209594031,0.274646659750126,0.200348645284819,1255,"tags=17%, list=13%, signal=15%","PMEPA1/MAPKAPK2/FAM89B/GIPC1/VEGFB/FURIN/DGKQ/LTK/EID2/PTPRJ/SCX/FOXO1/SPI1/RHOQ/PXN/GSK3A/SLC27A4/ZGPAT/ENG/ZMIZ1/SHKBP1/SH2B2/PTPN12/BCAR3/MVP/INPPL1/ARRB2/EP300/ZYX/RGCC/PDCD6/AKT1/TGFB1/OSBPL8/UBE2O/PLCG1/PIK3R1/TSPAN32/NCK2/NUMA1/KIF16B/LYN/HCK/FIBP/VAV2/PTPRE/CSNK2B/IQGAP1/FGR/SIN3A/CD63/HIF1A/STAT6/FKBP1A/AKT2/SHOC2/ING2/MAP2K2/IGF2R/EFNA4/SNW1",0.352487857583619
"GO:0140352","export from cell",353,0.240822132123059,1.26061623851679,0.030613228612515,0.274646659750126,0.200348645284819,1809,"tags=26%, list=19%, signal=22%","GIPC1/GRK2/LAT2/FES/SYTL1/FURIN/GIT1/FOXO1/SPI1/LGALS9/SYK/BTK/FBXO45/RAC2/CLSTN3/SLC1A5/NADK/GNAS/PIP5K1C/ORAI1/PLEK/SNAP23/TMEM258/ITGB2/RGCC/BSG/PRKACA/TGFB1/SEPTIN1/PTPN23/TMEM79/GNAI2/LLGL2/HLA-DRB1/SNAPIN/SVBP/DNAJC5/STXBP2/LYN/CKLF/KMO/PICK1/HCK/SOX4/WASHC1/PRF1/DPH3/SCRIB/RAB8A/FGR/SYNGR2/IGHE/VPS4B/RAB27A/ABCC5/VTI1B/VAMP8/ADAM8/UQCC2/RAB11FIP3/PARK7/DYNLL1/MON1A/RAP1B/SURF4/FMR1/UCP2/LILRB1/ANXA1/SCAMP3/CD200/CHMP2A/LAMP1/CD300A/TRAPPC11/SDCBP/TSG101/OSBP/ABCG1/PNKD/NKG7/NOTCH1/RAB11A/PTGDR/USE1/MCTP2/PHPT1/SNF8/PNOC/CDK5/RAB10/SRI/SLC12A2",0.352487857583619
"GO:0007267","cell-cell signaling",358,0.237816194187002,1.25858474370554,0.0381939858739507,0.30540151696848,0.222783631332824,1945,"tags=27%, list=20%, signal=22%","GIPC1/GRK2/GIT1/RPS6KA1/UNC119/FOXO1/RPS6KA3/CFL1/CACNA1A/CAMK2D/SYK/BTK/FBXO45/GSK3A/FBXO2/CLSTN3/ADRB2/TPRG1L/ZDHHC2/NADK/GNAS/PIP5K1C/PFN1/ACE/SNAP23/ARRB2/ITGB2/ZYX/AKT1/PRKACA/PTPN23/PXK/PTEN/GNAI2/HLA-DRB1/SNAPIN/TSPAN32/DNAJC5/NUDT3/STXBP2/LYN/KMO/PICK1/FXR2/SHISA8/SOX4/CNP/APBA2/ANAPC2/ZDHHC3/SCRIB/RAB8A/P2RX5/GNB1/APP/VAMP8/EFNA4/ADAM8/UQCC2/RAB11FIP3/CLN3/PARK7/DYNLL1/RGS10/RAP1B/APBA3/FMR1/CX3CR1/UCP2/LILRB1/KAT2A/ANXA1/LY6E/SDCBP/FGFBP2/TYROBP/OSBP/C22orf39/PNKD/NOTCH1/RAB11A/MCTP2/DAG1/PHPT1/PNOC/CDK5/P2RX7/NSMF/SRI/SLC12A2/SH3KBP1/CD68/SLC1A4/SYT11/STAC3/CBLN3/YTHDF1",0.321775918075361
"GO:0006753","nucleoside phosphate metabolic process",397,0.237551161533866,1.24842556535041,0.0352512964227384,0.29219523125764,0.213149938886616,2267,"tags=30%, list=24%, signal=24%","GIT1/PFKL/FOXK2/DCTPP1/RHOQ/PGLS/LDHA/BPGM/ATP5IF1/TALDO1/TPI1/NADK/CLPX/GAPDH/ATP5MF/ACSS1/EP300/NME2/EIF6/PRKACA/TGFB1/PNP/NDUFA12/NUDT2/DGAT1/TKT/GART/DGAT2/ATP5F1E/PDHA1/ATP5MC2/NAPRT/ATP5PF/PDHB/PKM/ENO1/NUDT3/TPST2/ATP5MG/NDUFA11/ATP5MC3/NDUFB7/NDUFS3/KMO/CNP/NDUFB2/FUT8/G6PD/BCKDHB/NMNAT1/NDUFB3/NDUFB11/PGK1/NDUFC2/NDUFB4/AMPD3/DPYD/PRPS1/HSPA8/NDUFV1/HIF1A/ATP5F1D/UGDH/APP/DLAT/FLAD1/PPCDC/JMJD8/UCKL1/ENO3/NDUFC1/UCP2/TIGAR/PMVK/NDUFB8/MTHFD1/NUDT7/SUCLG1/ACSL5/ATP6V1B2/MT-ND4/MDH2/PFKP/CARD11/UXS1/NUDT5/APRT/CMAS/CAD/P2RX7/ACOT9/PARP1/SLC35C1/NDUFB5/UQCC3/AMPD2/HMGCR/UAP1/NDUFA1/PAICS/NDUFS2/MLYCD/PCCA/PSEN1/PGM1/NME6/NDUFS6/GMPR2/GPI/NT5C2/IMPDH2/ADSL/TECR/NDUFB9/FLCN/GIMAP7/SUCLA2/CTPS1/IDH1/FHIT",0.321775918075361
"GO:0055086","nucleobase-containing small molecule metabolic process",411,0.234558231369748,1.24532303901993,0.0345487925542725,0.291428018257385,0.212590274023458,2267,"tags=30%, list=24%, signal=24%","GIT1/PFKL/FOXK2/NUDT1/DCTPP1/RHOQ/PGLS/LDHA/BPGM/ATP5IF1/TALDO1/TPI1/NADK/CLPX/GAPDH/ATP5MF/ACSS1/EP300/NME2/EIF6/PRKACA/TGFB1/PNP/NDUFA12/NUDT2/DGAT1/TKT/GART/DGAT2/ATP5F1E/PDHA1/ATP5MC2/NAPRT/ATP5PF/PDHB/PKM/ENO1/NUDT3/TPST2/ATP5MG/NDUFA11/ATP5MC3/NDUFB7/NDUFS3/KMO/CNP/NDUFB2/FUT8/G6PD/BCKDHB/GLRX/NMNAT1/NDUFB3/NDUFB11/PGK1/NDUFC2/NDUFB4/AMPD3/DPYD/PRPS1/HSPA8/NDUFV1/HIF1A/ATP5F1D/UGDH/APP/DLAT/FLAD1/PPCDC/JMJD8/UCKL1/ENO3/NDUFC1/UCP2/TIGAR/PMVK/NDUFB8/MTHFD1/NUDT7/SUCLG1/ACSL5/ATP6V1B2/MT-ND4/MDH2/PFKP/CARD11/UXS1/NUDT5/APRT/CMAS/CAD/P2RX7/ACOT9/PARP1/SLC35C1/NDUFB5/UQCC3/AMPD2/HMGCR/UAP1/NDUFA1/PAICS/NDUFS2/MLYCD/PCCA/PSEN1/PGM1/NME6/NDUFS6/ERH/GMPR2/GPI/NT5C2/IMPDH2/ADSL/TECR/NDUFB9/FLCN/GIMAP7/SUCLA2/CTPS1/IDH1/FHIT",0.321775918075361
"GO:0032880","regulation of protein localization",482,0.231292239586948,1.23395826910782,0.0177058438200105,0.212245714169303,0.154828539841032,1987,"tags=27%, list=21%, signal=22%","TESK1/PLEKHM2/GRK2/GDI2/GIT1/DSP/FOXO1/SPI1/CFL1/CAMK2D/CSNK2A2/RHOQ/RAC2/GSK3A/ABCA7/MARK4/CCT5/ZDHHC8/CSK/ATP5IF1/GSN/ZDHHC2/NADK/GNAS/GDI1/JUP/RUFY3/CDK9/COPS9/INPPL1/STX10/ITGB2/EP300/BSG/AKT1/ABHD17A/PRKACA/TGFB1/CCT2/PTPN23/LILRB4/HLA-DRB1/COMMD1/TRIM28/PIK3R1/RANGAP1/LARP7/OS9/NUMA1/MSN/HCLS1/GLUL/PICK1/SOX4/AP2M1/USP7/ENTR1/YWHAB/DVL3/CCT6A/DPH3/MFHAS1/RAB8A/HSPA8/SIN3A/PDCD10/FKBP1A/AKT2/SNX3/APP/VTI1B/VAMP8/ADAM8/ABI3/UQCC2/RAB11FIP3/CLN3/PARK7/UBL5/DYNLL1/SEC24D/BORA/HTRA2/ROCK2/PECAM1/RSL1D1/UCP2/PTPN9/SESN2/CD200/TRAPPC12/LZTFL1/CD81/TSG101/TYROBP/OSBP/ABCG1/AAK1/SUMO1/NMT1/LARGE1/SLC5A3/RAB11A/SNX12/CCDC88A/DAG1/VIM/PHPT1/ACTB/RIPOR1/CDK5/BCAP31/PIN1/SRI/SLC12A2/SCFD1/FRAT1/TAX1BP3/PARP1/CASP3/CCT3/HMGCR/FLNA/SYT11/STAC3/PTPN1/CEP250/MESD/PSMD9/PRKCH",0.352487857583619
"GO:0022411","cellular component disassembly",278,0.242535851672207,1.23380320000342,0.0441603836373211,0.341326823711147,0.248990345603019,2650,"tags=35%, list=28%, signal=26%","CTDNEP1/MID1IP1/FURIN/CHMP4B/ADAM15/PPP1CA/FLII/CFL1/PADI4/ENG/SET/ADRB2/GSN/SH3BP1/PLEK/CAPZB/CHMP7/OGFOD1/PDXP/PHF23/TWF2/TGFB1/TRIM21/CHKA/PTRH1/GABARAPL2/SAYSD1/DFFB/PIK3R1/CAPG/CAPZA2/STMN3/ZNF598/UBQLN4/TRAF2/WASHC1/MAP1S/DNAJC17/HSPA8/IQSEC1/MTRF1/VPS4B/TECPR1/SMARCC2/EIF4E2/VAMP8/ADAM8/CLN3/WDR1/CTSS/GOLGA2/ENDOG/CX3CR1/SH3GL1/CHMP5/PEX2/CHMP2A/TSG101/DUSP3/FAF2/CST3/RUBCNL/TBC1D25/PLIN3/SMARCE1/CASP3/MTIF3/ACIN1/APEH/DNASE2/GRWD1/DSTN/UPF1/BAX/MRRF/DDRGK1/RPL23/SMARCD2/MAPRE2/NME1/VPS16/SPTAN1/STMN1/RNF14/TWF1/ETF1/DEDD2/ADD3/VPS39/ITGAM/KLC1/PLK3/TOM1/CIB1/CLTC/PIK3CA/NEDD9/UFD1",0.321775918075361
"GO:1901652","response to peptide",449,0.230879578789941,1.2327731974332,0.0223373580590079,0.241401451050102,0.176097003079082,2400,"tags=31%, list=25%, signal=25%","MAPKAPK2/SBNO2/PSMD4/TXNDC17/IL2RG/PTPRJ/CCR6/SPI1/LGALS9/CFL1/FOXP1/PSMB4/SYK/IL10RB/GSK3A/CARD16/METTL3/AGPAT2/IL21R/YY1/PSMB8/PPP2CB/CDK9/GAPDH/CDC37/IKBKE/IFITM2/SHARPIN/ARRB2/IRF5/COMMD7/AKT1/TRAF3IP3/PRKACA/PSMA2/PSMA7/TRIM21/IL2RB/LILRB4/PSMB6/GSTP1/ANXA4/PSMD8/PIK3R1/TLE5/PSME2/HCLS1/CDC34/CYBA/LYN/MYD88/KMO/TMC8/HCK/CLCF1/USP7/TRAF2/RNF220/SEM1/CSNK2B/TOLLIP/AIF1/SIN3A/HIF1A/STAT6/EIF4E2/PSMC3/APP/MCL1/MUL1/P4HB/MT2A/HTRA2/PSMB9/IL17RA/PSMC4/TNFRSF14/IRAK1/CR2/CX3CR1/LILRB1/KAT2A/CD200/MX2/ADRM1/STK39/PSMC2/BIRC3/CXCR5/PSMB3/KRAS/NOTCH1/IL4R/ULK1/TMEM102/CD24/RIPOR1/ACTN4/IRF3/SLC12A2/PSMB10/YBX3/CASP3/GPS2/IL16/PTPN1/LEF1/LIMS1/CPNE1/CD74/OASL/RHOA/CASP1/PML/PSMA3/IGBP1/PLSCR1/SELPLG/IL10RA/SMPD4/UPF1/PSMD7/FADD/CD38/SHMT2/PDE12/TNFRSF17/ISG15/SEC61A1/MAPK3/FCER1G/GBP1/CCL5/SIGIRR/KLF2/IL27RA/CARD8/OAS1/ZNF268/ERBIN",0.352487857583619
"GO:0031347","regulation of defense response",470,0.228943692418732,1.23093928310867,0.0183555816516696,0.216745269386867,0.158110865550157,1607,"tags=20%, list=17%, signal=18%","MAPKAPK2/BRD4/NCF1/SBNO2/FURIN/GIT1/SPI1/RPS6KA3/LGALS9/METRNL/FOXP1/PSMB4/SYK/IL10RB/BTK/UNC93B1/SIGLEC10/TOMM70/ELF4/MARK4/CD1D/METTL3/SEMA7A/GNAS/GDI1/KLRC4/CDC37/IKBKE/SHARPIN/ARRB2/EP300/RNF216/TNFAIP8L2/DAGLB/IRF5/AKT1/ABHD17A/TRAF3IP3/TGFB1/NMI/NLRP2/DDT/TRIM21/RFTN1/HLA-DRB1/GSTP1/GRN/PLCG1/PIK3R1/SLAMF6/CYBA/LYN/TARBP2/MGLL/KLRB1/MYD88/KLRD1/PHB2/FEM1A/HCK/ZDHHC18/TRAF2/MFHAS1/RNF220/ZDHHC3/HSPA8/FGR/SIN3A/ERAP1/NINJ1/PIK3R6/EIF4E2/APP/VAMP8/ADAM8/DDX39A/MUL1/PARK7/CTSS/GPR108/IL17RA/IRAK1/AKNA/LILRB1/ANXA1/SETD4/XRCC5/TIRAP/NCR3/CD200/LAMP1/CD300A/CD81/BIRC3/TYROBP",0.352487857583619
"GO:0009888","tissue development",494,0.224906039361135,1.20815017866123,0.0368137965208815,0.299075282935641,0.218168783952605,1745,"tags=24%, list=18%, signal=20%","MBD2/CCM2/FES/ZFPM1/DSP/LFNG/SCX/SPI1/FOXP1/MRTFA/TAGLN/BTK/GSK3A/TOMM70/ENG/DHRS9/MBD3/BDH2/AGPAT2/SEMA7A/SH3BP1/YY1/GNAS/QKI/MYL6/CCDC18/ARRB2/ITGB2/YBX1/RGCC/BSG/PDCD6/CBR1/NME2/BMP2K/AKT1/S100A4/WAS/TGFB1/TMEM79/CNFN/NFATC2/PCK2/PTEN/CTSZ/DYRK1B/DGAT2/HLA-DRB1/CREB3L2/ANXA4/TRIM28/DCAF13/TAPT1/TCOF1/RHOC/NUMA1/MSN/PSAP/KIF16B/IGSF8/HCK/SOX4/G6PD/AKIRIN1/HOPX/PGK1/SIPA1L3/SCRIB/CSNK2B/IQGAP1/ACTA2/TOLLIP/PDCD10/CD63/HIF1A/FKBP1A/CORO1C/SLC4A2/AKT2/SLC39A6/TAF10/PDLIM5/SEMA4B/LBH/ADAM8/UQCC2/SIRT2/WDR1/S1PR1/MAML1/NCLN/MYO1E/ROCK2/PECAM1/RAP1B/BCOR/TTN/AKNA/CAT/KAT2A/ANXA1/ACTG1/DVL2/MTHFD1/MINPP1/DEAF1/SDCBP/FBXL17/KDM2B/KRAS/NOTCH1/DAG1/ZBTB18/ACTB/CD24/TAGLN2/VDAC1",0.321775918075361
