"ID","Description","setSize","enrichmentScore","NES","pvalue","p.adjust","qvalue","rank","leading_edge","core_enrichment","log2err"
"GO:0061620","glycolytic process through glucose-6-phosphate",17,0.748245372438777,2.24112549419994,3.14367034740564e-05,0.0182865919544465,0.0111815544716209,1158,"tags=53%, list=11%, signal=47%","FOXK2/TPI1/PKM/PGK1/PGAM1/PFKL/PFKM/ENO1/HK2",0.557332238758646
"GO:0006007","glucose catabolic process",16,0.753453631576886,2.19004821379833,2.88315199203604e-05,0.0182865919544465,0.0111815544716209,1158,"tags=56%, list=11%, signal=50%","FOXK2/TPI1/PKM/PGK1/PGAM1/PFKL/PFKM/ENO1/HK2",0.575610261071129
"GO:0061621","canonical glycolysis",16,0.753453631576886,2.19004821379833,2.88315199203604e-05,0.0182865919544465,0.0111815544716209,1158,"tags=56%, list=11%, signal=50%","FOXK2/TPI1/PKM/PGK1/PGAM1/PFKL/PFKM/ENO1/HK2",0.575610261071129
"GO:0061718","glucose catabolic process to pyruvate",16,0.753453631576886,2.19004821379833,2.88315199203604e-05,0.0182865919544465,0.0111815544716209,1158,"tags=56%, list=11%, signal=50%","FOXK2/TPI1/PKM/PGK1/PGAM1/PFKL/PFKM/ENO1/HK2",0.575610261071129
"GO:0042554","superoxide anion generation",21,0.694129421215561,2.18190247054281,3.87559898889257e-05,0.0182865919544465,0.0111815544716209,1498,"tags=57%, list=14%, signal=49%","NCF1/NCF4/GNAI2/NCF2/RAC2/CYBB/ITGB2/SYK/PRKCD/CYBA/SH3PXD2A/TGFB1",0.557332238758646
"GO:0071867","response to monoamine",22,0.678859461536828,2.16712485734195,6.19493847082535e-05,0.0218694182770341,0.0133723163034684,738,"tags=32%, list=7%, signal=30%","MBD2/AKT1/GNB1/GSK3A/HTR3A/GNAS/GNG2",0.538434096309916
"GO:0071868","cellular response to monoamine stimulus",21,0.687351602921704,2.16059731039795,5.63871290796721e-05,0.0218694182770341,0.0133723163034684,738,"tags=33%, list=7%, signal=31%","MBD2/AKT1/GNB1/GSK3A/HTR3A/GNAS/GNG2",0.557332238758646
"GO:0003073","regulation of systemic arterial blood pressure",17,0.715903688305948,2.14425650508851,0.000175173196899448,0.0255988503915789,0.0156527219931057,1085,"tags=47%, list=10%, signal=42%","CTSZ/GSK3A/PRCP/KLK1/MME/CYBA/ECE1/ENG",0.518848077743792
"GO:0061615","glycolytic process through fructose-6-phosphate",19,0.681927113108851,2.13020380429409,0.000105732635698065,0.0230218902043629,0.014077008991124,1158,"tags=47%, list=11%, signal=42%","FOXK2/TPI1/PKM/PGK1/PGAM1/PFKL/PFKM/ENO1/HK2",0.538434096309916
"GO:0006801","superoxide metabolic process",34,0.559214788943233,2.04300090767362,0.000238830758132964,0.0279213860101395,0.0170728640620001,1163,"tags=38%, list=11%, signal=34%","NCF1/NCF4/GNAI2/NCF2/RAC2/CYBB/ITGB2/SYK/PRDX1/PRKCD/CCS/CYBA/SH3PXD2A",0.518848077743792
"GO:0072526","pyridine-containing compound catabolic process",63,0.486771972115971,2.00760416115165,9.21731890498719e-05,0.0218694182770341,0.0133723163034684,1158,"tags=32%, list=11%, signal=28%","FOXK2/LDHA/TPI1/PKM/PGK1/TIGAR/PGAM1/CBFA2T3/GIT1/GPI/PFKL/JMJD8/PDXP/SIRT6/ZBTB7A/PFKM/EIF6/PNP/ENO1/HK2",0.538434096309916
"GO:0071870","cellular response to catecholamine stimulus",19,0.63763124701132,1.99183238503011,0.000565911809332543,0.0433551325038654,0.0265100121949425,738,"tags=32%, list=7%, signal=29%","AKT1/GNB1/GSK3A/HTR3A/GNAS/GNG2",0.477270815362862
"GO:0006096","glycolytic process",57,0.485098712187574,1.9799063432357,0.000168328358091368,0.0255988503915789,0.0156527219931057,1158,"tags=32%, list=11%, signal=28%","FOXK2/LDHA/TPI1/PKM/PGK1/TIGAR/PGAM1/CBFA2T3/GIT1/GPI/PFKL/JMJD8/SIRT6/ZBTB7A/PFKM/EIF6/ENO1/HK2",0.518848077743792
"GO:0099024","plasma membrane invagination",28,0.56839570344331,1.96499475163848,0.000862089032206247,0.0557259738474569,0.0340743104899845,1261,"tags=39%, list=12%, signal=35%","SH3BP1/SNX9/CDC42/ITGB2/ALKBH4/PLCG2/XKR8/ANO6/ABCA7/RHOA/MYH9",0.477270815362862
"GO:1903350","response to dopamine",17,0.653219422200254,1.9565061867714,0.00196762072057289,0.0796234645959763,0.0486867158635649,738,"tags=35%, list=7%, signal=33%","AKT1/GNB1/GSK3A/HTR3A/GNAS/GNG2",0.431707695803346
"GO:1903351","cellular response to dopamine",17,0.653219422200254,1.9565061867714,0.00196762072057289,0.0796234645959763,0.0486867158635649,738,"tags=35%, list=7%, signal=33%","AKT1/GNB1/GSK3A/HTR3A/GNAS/GNG2",0.431707695803346
"GO:0071869","response to catecholamine",20,0.62710159824819,1.93959048944993,0.00105791043641008,0.0625225067918359,0.0382301315158515,738,"tags=30%, list=7%, signal=28%","AKT1/GNB1/GSK3A/HTR3A/GNAS/GNG2",0.45505986738723
"GO:0006177","GMP biosynthetic process",11,0.73672550402081,1.93870130643885,0.000983433310120203,0.0598303471171659,0.0365839784150653,2128,"tags=91%, list=20%, signal=72%","AMPD2/ADSL/IMPDH2/GART/PAICS/PFAS/HPRT1/GMPS/ATIC/PPAT",0.45505986738723
"GO:0006188","IMP biosynthetic process",10,0.752243741074934,1.91700346722936,0.00198748757044388,0.0796234645959763,0.0486867158635649,2128,"tags=90%, list=20%, signal=72%","AMPD2/ADSL/AMPD3/GART/PAICS/PFAS/HPRT1/ATIC/PPAT",0.431707695803346
"GO:0006304","DNA modification",22,0.599370871456307,1.91337322066506,0.00129562222985802,0.0669872596131582,0.040960157810434,2661,"tags=50%, list=26%, signal=37%","APOBEC3C/NEIL1/EXOSC4/PARP1/EXOSC5/NTHL1/OGG1/MBD4/TDG/NEIL2/APOBEC3G",0.45505986738723
"GO:0019320","hexose catabolic process",27,0.5658929311407,1.90950434633734,0.000560392942589351,0.0433551325038654,0.0265100121949425,1158,"tags=37%, list=11%, signal=33%","FOXK2/TPI1/PKM/PGK1/PGAM1/PFKL/GLB1/PFKM/ENO1/HK2",0.477270815362862
"GO:0019883","antigen processing and presentation of endogenous antigen",18,0.629465428045927,1.90528275272452,0.00218875849324166,0.0827613826035518,0.0506054332066647,1702,"tags=44%, list=16%, signal=37%","ERAP2/CD1C/CD74/CD1D/CD1A/HLA-DRB1/ERAP1/TAP1",0.431707695803346
"GO:0014812","muscle cell migration",26,-0.584053530191447,-1.90371793367579,0.00100648226748771,0.0603451759506764,0.0368987766377084,1955,"tags=46%, list=19%, signal=38%","CRK/CCL5/NFE2L2/DDR1/ANXA1/S100A11/MEF2C/SORL1/ITGB1BP1/DDIT3/TCP11L2/MDM2",0.45505986738723
"GO:0019364","pyridine nucleotide catabolic process",61,0.467056213864397,1.90199029085181,0.000201983673062682,0.0255988503915789,0.0156527219931057,1158,"tags=30%, list=11%, signal=26%","FOXK2/LDHA/TPI1/PKM/PGK1/TIGAR/PGAM1/CBFA2T3/GIT1/GPI/PFKL/JMJD8/SIRT6/ZBTB7A/PFKM/EIF6/ENO1/HK2",0.518848077743792
"GO:0014909","smooth muscle cell migration",21,-0.620599918023992,-1.9002499588718,0.000621167896500282,0.0458887783539584,0.0280592401295507,1955,"tags=43%, list=19%, signal=35%","CRK/CCL5/NFE2L2/DDR1/S100A11/MEF2C/SORL1/DDIT3/MDM2",0.477270815362862
"GO:1903557","positive regulation of tumor necrosis factor superfamily cytokine production",75,0.449993826980209,1.88054666849177,0.000153631374505014,0.0255988503915789,0.0156527219931057,2215,"tags=43%, list=21%, signal=34%","PTPRJ/TLR9/PSMB8/ADAM8/PSMB4/PSMA2/CYBB/SYK/PLCG2/IFIH1/HSPB1/DDT/SETD4/PYCARD/CYBA/OAS2/ARHGEF2/LGALS9/TIRAP/CCL3/FRMD8/PSMB2/TGFB1/OAS1/PSMA7/ADAM17/HDAC2/PSMB1/CLU/FCGR2B/LRRK2/PSMB9",0.518848077743792
"GO:0032760","positive regulation of tumor necrosis factor production",72,0.443920651249249,1.87325649952234,0.000173044981300355,0.0255988503915789,0.0156527219931057,2215,"tags=43%, list=21%, signal=34%","PTPRJ/TLR9/PSMB8/PSMB4/PSMA2/CYBB/SYK/PLCG2/IFIH1/HSPB1/DDT/SETD4/PYCARD/CYBA/OAS2/ARHGEF2/LGALS9/TIRAP/CCL3/FRMD8/PSMB2/TGFB1/OAS1/PSMA7/ADAM17/HDAC2/PSMB1/CLU/FCGR2B/LRRK2/PSMB9",0.518848077743792
"GO:0016925","protein sumoylation",55,-0.474112844275728,-1.87311682439536,0.000429061732809964,0.0362250691558127,0.0221502500308956,1206,"tags=33%, list=12%, signal=29%","CDKN2A/PIAS1/SENP1/SUMO3/MUL1/HDAC4/BCL11A/RANBP2/TRIM38/SENP6/EID3/SENP5/SLF1/SMC5/TOPORS/UHRF2/NSMCE3/MDM2",0.49849310876659
"GO:0046032","ADP catabolic process",59,0.461219336411722,1.87050941061885,0.000210384557242853,0.0255988503915789,0.0156527219931057,1158,"tags=31%, list=11%, signal=27%","FOXK2/LDHA/TPI1/PKM/PGK1/TIGAR/PGAM1/CBFA2T3/GIT1/GPI/PFKL/JMJD8/SIRT6/ZBTB7A/PFKM/EIF6/ENO1/HK2",0.518848077743792
"GO:0008217","regulation of blood pressure",44,0.488846541804427,1.86830808285947,0.00112516143480951,0.0632603201000372,0.0386812762516279,1531,"tags=36%, list=15%, signal=31%","ERAP2/CTSZ/GSK3A/PRCP/PTGS1/KLK1/AGTRAP/MME/ABAT/CYBA/ECE1/ENG/GNA12/P2RX4/ERAP1/GNA13",0.45505986738723
"GO:0008064","regulation of actin polymerization or depolymerization",77,0.426560109819218,1.84848264425681,0.000207389562122754,0.0255988503915789,0.0156527219931057,1380,"tags=34%, list=13%, signal=30%","CAPG/SH3BP1/SNX9/TMOD3/COTL1/PLEK/WAS/HCLS1/ADD3/VASP/ADD1/FLII/PDXP/HCK/VILL/PRKCD/CFL1/PYCARD/CARMIL2/BIN1/ESAM/NCK2/PFN1/BRK1/TRIOBP/CYFIP2",0.518848077743792
"GO:0030832","regulation of actin filament length",77,0.426560109819218,1.84848264425681,0.000207389562122754,0.0255988503915789,0.0156527219931057,1380,"tags=34%, list=13%, signal=30%","CAPG/SH3BP1/SNX9/TMOD3/COTL1/PLEK/WAS/HCLS1/ADD3/VASP/ADD1/FLII/PDXP/HCK/VILL/PRKCD/CFL1/PYCARD/CARMIL2/BIN1/ESAM/NCK2/PFN1/BRK1/TRIOBP/CYFIP2",0.518848077743792
"GO:0060055","angiogenesis involved in wound healing",10,0.72453492774054,1.8463908607902,0.00386956275704444,0.112951296624869,0.0690654157427121,429,"tags=50%, list=4%, signal=48%","VEGFB/PRCP/SRF/ALOX5/ADIPOR2",0.431707695803346
"GO:0050435","amyloid-beta metabolic process",35,0.503639575470004,1.84246512515042,0.0039588924366947,0.112951296624869,0.0690654157427121,2168,"tags=40%, list=21%, signal=32%","GSK3A/APEH/CSNK1E/ROCK2/MME/CASP3/ABCA7/BIN1/ROCK1/PSENEN/NCSTN/RTN4/ABCG1/CLU",0.407017918923954
"GO:0010324","membrane invagination",34,0.503751549658084,1.84037492130404,0.00251228152277804,0.0880788869468878,0.0538568845769478,1261,"tags=35%, list=12%, signal=31%","SH3BP1/SNX9/CDC42/ITGB2/ALKBH4/PLCG2/XKR8/ANO6/ABCA7/HGS/RHOA/MYH9",0.431707695803346
"GO:0046365","monosaccharide catabolic process",29,0.542374728537071,1.82469289254814,0.00185025945749832,0.0781073813843932,0.0477596887249895,2082,"tags=48%, list=20%, signal=39%","FOXK2/TPI1/PKM/PGK1/PGAM1/PFKL/GLB1/PFKM/ENO1/HK2/GALK1/NUDT5/GLYCTK/FUT7",0.45505986738723
"GO:0009952","anterior/posterior pattern specification",20,0.586508625252599,1.81403867363462,0.0031008157633368,0.0994424404102661,0.0608052646993054,1379,"tags=45%, list=13%, signal=39%","LFNG/HHEX/HOXB4/SKI/SSBP3/KDM2B/BASP1/PRICKLE1/TAF10",0.431707695803346
"GO:0021915","neural tube development",33,0.502533878704848,1.80995407998997,0.00250266304342491,0.0880788869468878,0.0538568845769478,2078,"tags=55%, list=20%, signal=44%","ZNF358/VASP/SCRIB/MTHFD1/FUZ/SKI/DSP/MARCKS/DVL1/MTHFD1L/SSBP3/KDM2B/DEAF1/PRICKLE1/TGFB1/DVL2/RALA/PKD2",0.431707695803346
"GO:0072524","pyridine-containing compound metabolic process",113,0.389427187847799,1.80690627007962,0.000135149327847085,0.0255450850565615,0.0156198465385825,1266,"tags=26%, list=12%, signal=23%","FOXK2/NADK/LDHA/G6PD/TPI1/PKM/PGK1/TIGAR/PGAM1/AFMID/CBFA2T3/GIT1/GPI/PFKL/JMJD8/VCP/PDXP/PARP10/NAPRT/SIRT6/ZBTB7A/PFKM/TP53/EIF6/PNP/ENO1/KMO/HK2/LDHB",0.518848077743792
"GO:0006090","pyruvate metabolic process",75,0.431587226841191,1.80362456757768,0.000332145096192067,0.0313625049232802,0.0191769772103908,1266,"tags=28%, list=12%, signal=25%","FOXK2/LDHA/TPI1/PKM/PGK1/TIGAR/PGAM1/CBFA2T3/GIT1/GPI/PFKL/JMJD8/VDAC1/SIRT6/ZBTB7A/PFKM/EIF6/PDHB/ENO1/HK2/LDHB",0.49849310876659
"GO:0060390","regulation of SMAD protein signal transduction",23,0.549349444602232,1.80358957791224,0.0068168973125578,0.154703270382167,0.0945951574260116,1889,"tags=43%, list=18%, signal=36%","FAM89B/GDF11/PMEPA1/CSNK2B/PARP1/SKI/ENG/TGFB1/EID2/SH2B1",0.407017918923954
"GO:0009060","aerobic respiration",214,0.359786273421978,1.80334054468976,1.34350279776025e-06,0.00555807107433416,0.00339854876346691,2717,"tags=40%, list=26%, signal=30%","FOXK2/LDHA/ABCD1/TPI1/PKM/PGK1/ADSL/NDUFB11/TIGAR/PGAM1/CBFA2T3/GIT1/FH/GPI/PFKL/JMJD8/VCP/SHMT2/OXA1L/SIRT6/SDHD/ZBTB7A/NDUFB2/ANTKMT/ATP5F1D/ACO2/PFKM/EIF6/NDUFA3/UQCR11/NDUFA1/COX7C/PDHB/ATP5F1B/ENO1/HK2/ATP5F1C/NDUFS8/RHOA/ATP5F1E/COX6C/COX5B/SURF1/STOML2/UQCRH/NDUFB9/COX7A2/CHCHD2/NDUFA2/ATP5PB/COX6A1/NDUFA13/ATP5MG/COX5A/ATP5MF/UQCR10/NDUFS6/SUCLG1/PRKAG1/UCP2/MFN2/MDH1/SDHA/MLST8/CCNB1/NDUFB1/MT-CO1/UQCC2/CS/MT-ATP6/DHTKD1/NDUFB4/NDUFAB1/IDH3A/ATP5F1A/HIF1A/COX7B/PRKACA/UQCRC2/UQCRC1/SUCLG2/ALDOC/ATP5PD/ATP5IF1/ENO3",0.643551836150722
"GO:0046496","nicotinamide nucleotide metabolic process",104,0.399334771587568,1.8015619037475,8.50321539151256e-05,0.0218694182770341,0.0133723163034684,1266,"tags=26%, list=12%, signal=23%","FOXK2/NADK/LDHA/G6PD/TPI1/PKM/PGK1/TIGAR/PGAM1/AFMID/CBFA2T3/GIT1/GPI/PFKL/JMJD8/VCP/NAPRT/SIRT6/ZBTB7A/PFKM/TP53/EIF6/PNP/ENO1/KMO/HK2/LDHB",0.538434096309916
"GO:0009137","purine nucleoside diphosphate catabolic process",61,0.44174272453495,1.79890631615456,0.000730912183306508,0.0517542376373635,0.0316457450749143,1158,"tags=30%, list=11%, signal=26%","FOXK2/LDHA/TPI1/PKM/PGK1/TIGAR/PGAM1/CBFA2T3/GIT1/GPI/PFKL/JMJD8/SIRT6/ZBTB7A/PFKM/EIF6/ENO1/HK2",0.477270815362862
"GO:0009181","purine ribonucleoside diphosphate catabolic process",61,0.44174272453495,1.79890631615456,0.000730912183306508,0.0517542376373635,0.0316457450749143,1158,"tags=30%, list=11%, signal=26%","FOXK2/LDHA/TPI1/PKM/PGK1/TIGAR/PGAM1/CBFA2T3/GIT1/GPI/PFKL/JMJD8/SIRT6/ZBTB7A/PFKM/EIF6/ENO1/HK2",0.477270815362862
"GO:0003044","regulation of systemic arterial blood pressure mediated by a chemical signal",11,0.683600501459591,1.79890227503856,0.00480567296610887,0.126631013126066,0.0774300413435627,974,"tags=45%, list=9%, signal=41%","CTSZ/PRCP/MME/CYBA/ECE1",0.407017918923954
"GO:0051261","protein depolymerization",64,0.435240287104708,1.79886901409474,0.000974176999072999,0.0598303471171659,0.0365839784150653,1356,"tags=31%, list=13%, signal=27%","CAPG/SH3BP1/HSPA8/TMOD3/PLEK/SH3GL1/ADD3/STMN1/PPP1R9B/ADD1/FLII/PDXP/VILL/MID1IP1/ATXN7/CFL1/CARMIL2/ARHGEF2/SPAST/TRIOBP",0.477270815362862
"GO:0043299","leukocyte degranulation",42,0.467408952591791,1.79354367157444,0.00267643214002356,0.0907960821158958,0.0555183459289577,2600,"tags=43%, list=25%, signal=32%","MILR1/SPI1/FES/RAC2/ITGB2/SYK/VAMP8/HCK/LGALS9/CCL3/FGR/FCGR2B/LAT2/PIK3CD/CBL/BTK/LYN/CEACAM1",0.431707695803346
"GO:0042476","odontogenesis",17,0.597876898037396,1.79074566704977,0.0108413696474656,0.185701546497984,0.11354942259356,2843,"tags=59%, list=27%, signal=43%","BSG/RELT/HDAC1/RHOA/ROGDI/TGFB1/WNT10A/HDAC2/STIM1/APCDD1",0.380730400722792
"GO:0046040","IMP metabolic process",13,0.65062598266652,1.78326208248663,0.00684329187332285,0.154703270382167,0.0945951574260116,2128,"tags=77%, list=20%, signal=61%","AMPD2/ADSL/AMPD3/PNP/GART/PAICS/PFAS/HPRT1/ATIC/PPAT",0.407017918923954
"GO:0051043","regulation of membrane protein ectodomain proteolysis",13,0.650437868927962,1.78274649272215,0.00684329187332285,0.154703270382167,0.0945951574260116,309,"tags=38%, list=3%, signal=37%","SNX9/ADAM8/FURIN/ADAM9/TIMP2",0.407017918923954
"GO:0034340","response to type I interferon",96,0.395002643559247,1.77512454158259,0.000398227598017136,0.0350525015531254,0.021433269603172,2184,"tags=35%, list=21%, signal=28%","RNF220/PTPN6/CR2/IRAK1/PSMB4/PSMA2/PSMD4/SHMT2/PSMC1/IFITM2/EIF4E2/PSME2/TRIM65/PSMB5/OAS2/IFIT1/TYK2/PSMB2/PSMD7/SEM1/OAS1/PSMA7/IRF7/IKBKE/RNF185/PSMC2/CDC37/ISG15/PSMC4/PSMD3/PSMB1/SIN3A/PSME1/CACTIN",0.49849310876659
"GO:0035025","positive regulation of Rho protein signal transduction",10,-0.736766149456841,-1.7740732990978,0.00566683140883122,0.140381326576855,0.0858378342901577,699,"tags=40%, list=7%, signal=37%","CSNK1A1/ARHGEF5/ARHGEF3/AKAP13",0.407017918923954
"GO:0046034","ATP metabolic process",161,0.364298714914748,1.77279947315718,3.37764066096912e-05,0.0182865919544465,0.0111815544716209,2120,"tags=34%, list=20%, signal=28%","FOXK2/NADK/LDHA/HSPA8/TPI1/PKM/AMPD2/PGK1/NDUFB11/TIGAR/PGAM1/CBFA2T3/GIT1/GPI/PFKL/JMJD8/VCP/PARP1/SIRT6/SDHD/ZBTB7A/NDUFB2/ANTKMT/ATP5F1D/PFKM/EIF6/NDUFA3/NDUFA1/MAP2K1/ATP5F1B/ENO1/ATP5MC3/HK2/ATP5F1C/NDUFS8/FIS1/ATP5F1E/OLA1/TGFB1/STOML2/ATP5MC1/NDUFB9/NDUFA2/ATP5PB/NDUFA13/ATP5MG/ATP5MF/NDUFS6/PRKAG1/UCP2/SDHA/NUDT5/ATP5MC2/MLST8/NDUFB1",0.557332238758646
"GO:0071357","cellular response to type I interferon",91,0.410243862526324,1.77146033901136,0.000187190012705384,0.0255988503915789,0.0156527219931057,2184,"tags=36%, list=21%, signal=29%","RNF220/PTPN6/CR2/IRAK1/PSMB4/PSMA2/PSMD4/PSMC1/IFITM2/EIF4E2/PSME2/TRIM65/PSMB5/OAS2/IFIT1/TYK2/PSMB2/PSMD7/SEM1/OAS1/PSMA7/IRF7/IKBKE/RNF185/PSMC2/CDC37/ISG15/PSMC4/PSMD3/PSMB1/SIN3A/PSME1/CACTIN",0.518848077743792
"GO:0043300","regulation of leukocyte degranulation",25,0.540779278865082,1.77004460717603,0.0045046919142151,0.12341662549078,0.0754645657357301,520,"tags=24%, list=5%, signal=23%","SPI1/FES/RAC2/ITGB2/SYK/VAMP8",0.407017918923954
"GO:0009134","nucleoside diphosphate catabolic process",62,0.434952788495793,1.76951348036408,0.00117743404585518,0.0632603201000372,0.0386812762516279,1158,"tags=29%, list=11%, signal=26%","FOXK2/LDHA/TPI1/PKM/PGK1/TIGAR/PGAM1/CBFA2T3/GIT1/GPI/PFKL/JMJD8/SIRT6/ZBTB7A/PFKM/EIF6/ENO1/HK2",0.45505986738723
"GO:0009191","ribonucleoside diphosphate catabolic process",62,0.434952788495793,1.76951348036408,0.00117743404585518,0.0632603201000372,0.0386812762516279,1158,"tags=29%, list=11%, signal=26%","FOXK2/LDHA/TPI1/PKM/PGK1/TIGAR/PGAM1/CBFA2T3/GIT1/GPI/PFKL/JMJD8/SIRT6/ZBTB7A/PFKM/EIF6/ENO1/HK2",0.45505986738723
"GO:0032928","regulation of superoxide anion generation",13,0.64360175055772,1.76400978222208,0.00807034692471647,0.162863537695376,0.0995848500758463,1498,"tags=46%, list=14%, signal=40%","GNAI2/ITGB2/SYK/PRKCD/CYBA/TGFB1",0.380730400722792
"GO:0032930","positive regulation of superoxide anion generation",13,0.64360175055772,1.76400978222208,0.00807034692471647,0.162863537695376,0.0995848500758463,1498,"tags=46%, list=14%, signal=40%","GNAI2/ITGB2/SYK/PRKCD/CYBA/TGFB1",0.380730400722792
"GO:2000819","regulation of nucleotide-excision repair",27,0.516694192240963,1.74349201327286,0.00434073473071757,0.12041591634649,0.0736297463864516,1301,"tags=37%, list=13%, signal=32%","SMARCA4/BCL7C/SMARCD2/SMARCB1/CREBBP/ARID1A/PHF10/SMARCC1/PBRM1/ACTB",0.407017918923954
"GO:0046031","ADP metabolic process",62,0.428239842989557,1.74220328054374,0.00162823753092869,0.0739036511158133,0.0451892677794564,1158,"tags=29%, list=11%, signal=26%","FOXK2/LDHA/TPI1/PKM/PGK1/TIGAR/PGAM1/CBFA2T3/GIT1/GPI/PFKL/JMJD8/SIRT6/ZBTB7A/PFKM/EIF6/ENO1/HK2",0.45505986738723
"GO:0042339","keratan sulfate proteoglycan metabolic process",10,0.6801044108593,1.73316498696582,0.0100510550220435,0.180787889679105,0.110544908602544,595,"tags=40%, list=6%, signal=38%","ST3GAL2/CHST2/GLB1/B3GNT2",0.380730400722792
"GO:0007229","integrin-mediated signaling pathway",48,0.444183110565214,1.73294496711022,0.00277976368238148,0.0919990588320974,0.0562539203713583,747,"tags=23%, list=7%, signal=21%","LIMS2/CDC42/PLEK/ADAM9/CCM2/ITGB2/TLN1/LAMA5/SYK/HCK/RCC2",0.431707695803346
"GO:0000463","maturation of LSU-rRNA from tricistronic rRNA transcript (SSU-rRNA, 5.8S rRNA, LSU-rRNA)",23,0.527713553171544,1.73255597866743,0.0126389491883879,0.197310689782493,0.120647971537397,2433,"tags=48%, list=23%, signal=37%","RPF2/BOP1/PPAN/RPL7/NOL9/TEX10/PAK1IP1/URB1/WDR18/RPL7L1/MDN1",0.380730400722792
"GO:0160165","CD8-positive, alpha-beta T cell homeostasis",14,0.610134711004459,1.73025880395048,0.0175908795082367,0.227911521530792,0.139359214612261,2648,"tags=57%, list=25%, signal=43%","PSMB8/PSMB4/PSMA2/PSMB2/PSMA7/PSMB1/PSMB9/PSMA3",0.352487857583619
"GO:0002431","Fc receptor mediated stimulatory signaling pathway",26,0.508551545845042,1.72786567365178,0.0149657135141029,0.209166070296769,0.127897085168432,2773,"tags=54%, list=27%, signal=40%","PTPRJ/CSK/SYK/HCK/LIMK1/PRKCD/RAP1A/VAV2/PLSCR1/FGR/LYN/VAV3/PTPRC/FYN",0.380730400722792
"GO:0043303","mast cell degranulation",25,0.527886878239769,1.72784601508448,0.00664590214709318,0.154703270382167,0.0945951574260116,2526,"tags=44%, list=24%, signal=33%","MILR1/FES/RAC2/VAMP8/LGALS9/FGR/LAT2/PIK3CD/CBL/BTK/LYN",0.407017918923954
"GO:0006164","purine nucleotide biosynthetic process",136,0.361529195733603,1.72693875859537,0.000187029504532986,0.0255988503915789,0.0156527219931057,2432,"tags=41%, list=23%, signal=32%","NADK/AMPD2/ADSL/NDUFB11/AFMID/AMPD3/VCP/PARP1/NAPRT/ADCY3/SDHD/NDUFB2/ANTKMT/ATP5F1D/MTHFD1/NME1/IMPDH2/NDUFA3/PNP/NDUFA1/MAP2K1/GART/ATP5F1B/ENO1/KMO/ATP5MC3/ATP5F1C/NDUFS8/ATP5F1E/PAICS/PFAS/PAPSS1/HPRT1/TGFB1/STOML2/GMPS/ATP5MC1/NDUFB9/NDUFA2/ATP5PB/NDUFA13/ATP5MG/ATP5MF/NDUFS6/ATIC/SDHA/ATP5MC2/NDUFB1/PPAT/NME3/MT-ATP6/NDUFB4/NADK2/NDUFAB1/NME2/ATP5F1A",0.518848077743792
"GO:2000191","regulation of fatty acid transport",11,0.654493899973819,1.72230793153003,0.0110085091083957,0.185701546497984,0.11354942259356,1561,"tags=55%, list=15%, signal=46%","AKT1/SYK/REPIN1/FIS1/P2RX4/ACSL5",0.380730400722792
"GO:0014910","regulation of smooth muscle cell migration",18,-0.580423421980873,-1.72197735014625,0.0130947644771166,0.198229474359629,0.121209773311206,1955,"tags=39%, list=19%, signal=32%","CRK/CCL5/NFE2L2/S100A11/MEF2C/SORL1/MDM2",0.380730400722792
"GO:0046037","GMP metabolic process",19,0.550761812249417,1.72046965894189,0.00805026055397419,0.162863537695376,0.0995848500758463,2128,"tags=63%, list=20%, signal=50%","AMPD2/ADSL/IMPDH2/GART/PAICS/PFAS/HPRT1/GMPS/CARD11/GMPR2/ATIC/PPAT",0.380730400722792
"GO:0030397","membrane disassembly",10,0.674819656751853,1.7196974213428,0.0118952375754942,0.19298273666596,0.118001593051799,14,"tags=10%, list=0%, signal=10%","CTDNEP1",0.380730400722792
"GO:0051081","nuclear membrane disassembly",10,0.674819656751853,1.7196974213428,0.0118952375754942,0.19298273666596,0.118001593051799,14,"tags=10%, list=0%, signal=10%","CTDNEP1",0.380730400722792
"GO:0001738","morphogenesis of a polarized epithelium",16,0.591564747452365,1.71948911546511,0.00981966536544922,0.177551729003097,0.108566119609612,2448,"tags=62%, list=24%, signal=48%","SH3BP1/CDC42/ACTG1/SCRIB/FUZ/RHOA/ACTB/ZDHHC7/WDR1/CELSR1",0.380730400722792
"GO:0030323","respiratory tube development",18,0.567939674032569,1.71905495887423,0.0105078136659697,0.184198411593715,0.112630312851727,796,"tags=33%, list=8%, signal=31%","HECA/CTSZ/CDC42/BAG6/PHF14/MME",0.380730400722792
"GO:1902950","regulation of dendritic spine maintenance",10,0.672833380713221,1.71463563372661,0.0128173312106004,0.197855594097962,0.120981159771728,3350,"tags=80%, list=32%, signal=54%","CFL1/ZNF804A/ZMYND8/FCGR2B/ABHD17B/FYN/NEDD9/APP",0.380730400722792
"GO:0019359","nicotinamide nucleotide biosynthetic process",12,0.631089724158341,1.71366519767893,0.0103022260072877,0.181363016987869,0.110896577046127,1148,"tags=42%, list=11%, signal=37%","NADK/AFMID/NAPRT/PNP/KMO",0.380730400722792
"GO:0019363","pyridine nucleotide biosynthetic process",12,0.631089724158341,1.71366519767893,0.0103022260072877,0.181363016987869,0.110896577046127,1148,"tags=42%, list=11%, signal=37%","NADK/AFMID/NAPRT/PNP/KMO",0.380730400722792
"GO:0042273","ribosomal large subunit biogenesis",73,0.402541323259049,1.71064771932532,0.00258545477101429,0.0898825746864381,0.0549597709299553,2723,"tags=41%, list=26%, signal=31%","TUFM/NOP2/RPF2/MTG2/BOP1/PPAN/GTPBP6/RPL7/NOP16/EIF6/NSA2/NOL9/GTF3A/MRM2/TEX10/PAK1IP1/URB1/HEATR3/WDR18/GTPBP4/SDAD1/MRTO4/TMA16/NPM1/RPL7L1/NDUFAB1/MDN1/RRS1/RPL7A/MTG1",0.431707695803346
"GO:0002279","mast cell activation involved in immune response",27,0.506769743568617,1.71000373866825,0.00535313883825309,0.134217790144564,0.0820690665215563,2526,"tags=44%, list=24%, signal=34%","MILR1/PTPN6/FES/RAC2/VAMP8/LGALS9/FGR/LAT2/PIK3CD/CBL/BTK/LYN",0.407017918923954
"GO:0034242","negative regulation of syncytium formation by plasma membrane fusion",46,0.447639920380941,1.70904093422834,0.00226058405467763,0.0827613826035518,0.0506054332066647,4253,"tags=83%, list=41%, signal=49%","RPL7/RPL36A/RPL23/RPLP2/RPL12/RPL36/RPL41/RPL38/RPL34/RPL10/RPL7A/RPL17/RPL27/RPL15/TMEM182/RPL11/RPL39/RPL19/RPL28/RPL18/RPL9/RPL4/RPL31/UBA52/RPL18A/RPL30/RPL37/RPL24/RPL5/RPL29/RPL35A/RPLP0/RPL23A/RPL14/RPL32/RPL10A/RPL21/RPL6",0.431707695803346
"GO:1901740","negative regulation of myoblast fusion",46,0.447639920380941,1.70904093422834,0.00226058405467763,0.0827613826035518,0.0506054332066647,4253,"tags=83%, list=41%, signal=49%","RPL7/RPL36A/RPL23/RPLP2/RPL12/RPL36/RPL41/RPL38/RPL34/RPL10/RPL7A/RPL17/RPL27/RPL15/TMEM182/RPL11/RPL39/RPL19/RPL28/RPL18/RPL9/RPL4/RPL31/UBA52/RPL18A/RPL30/RPL37/RPL24/RPL5/RPL29/RPL35A/RPLP0/RPL23A/RPL14/RPL32/RPL10A/RPL21/RPL6",0.431707695803346
"GO:0072540","T-helper 17 cell lineage commitment",20,-0.555355481453331,-1.708681469425,0.0109374244258262,0.185701546497984,0.11354942259356,1578,"tags=45%, list=15%, signal=38%","BATF/SOCS3/IL12RB1/SLAMF6/IL6/OPA1/CD69/STAT3/IL6ST",0.380730400722792
"GO:1901879","regulation of protein depolymerization",47,0.443905894113764,1.70800818799999,0.00206324382312896,0.0812918066312812,0.0497068434735388,1356,"tags=34%, list=13%, signal=30%","CAPG/SH3BP1/TMOD3/PLEK/ADD3/ADD1/FLII/PDXP/VILL/MID1IP1/ATXN7/CFL1/CARMIL2/ARHGEF2/SPAST/TRIOBP",0.431707695803346
"GO:0030168","platelet activation",66,0.408666970970406,1.70512658725343,0.00235279791134014,0.0853817978878435,0.0522077173453695,2644,"tags=47%, list=25%, signal=35%","PTPRJ/DGKQ/CLIC1/PLEK/GNAS/ACTG1/TLN1/SYK/PLCG2/HSPB1/GP1BB/PRKCD/VAV2/MYL9/MYH9/ACTB/PLSCR1/UBASH3B/DGKZ/ITPR3/FUNDC2/CD9/VPS33B/VCL/PPIA/CD40LG/LYN/CEACAM1/VAV3/TUBB1/SH2B3",0.431707695803346
"GO:0001776","leukocyte homeostasis",64,0.41251283766848,1.70493537382399,0.0026252386133868,0.0905051011965099,0.0553404221797746,2648,"tags=47%, list=25%, signal=35%","AKT1/GAPT/CD74/TNFRSF13B/IL2RG/PSMB8/SIT1/PSMB4/PSMA2/XKR8/TNFSF13/SLC15A4/CAMLG/MTHFD1/LTB/LGALS9/PSMB2/DOCK11/PSMA7/PACS1/IL7/ADAM17/PSMB1/PSMB9/MIF/PIK3CD/BTK/LYN/SH2B3/PSMA3",0.431707695803346
"GO:1904779","regulation of protein localization to centrosome",12,0.625737862646058,1.69913271764429,0.0123440579719173,0.195943692895865,0.119812105008059,1706,"tags=50%, list=16%, signal=42%","MARK4/RAB11FIP3/NUP62/BICD1/RAB11A/CEP250",0.380730400722792
"GO:0070741","response to interleukin-6",19,-0.572205005193491,-1.69785719702949,0.00849287448629453,0.168110151912921,0.102792954834305,1631,"tags=47%, list=16%, signal=40%","SELPLG/SOCS3/STAT4/FER/NFKB1/IL6/JAK2/STAT3/IL6ST",0.380730400722792
"GO:0010591","regulation of lamellipodium assembly",21,0.539752844621594,1.69664046670144,0.0150201341559632,0.209219848495689,0.127929968488742,1283,"tags=43%, list=12%, signal=38%","CDC42/RAC2/WAS/HSP90AA1/ABI3/CFL1/CARMIL2/AKIRIN1/BRK1",0.380730400722792
"GO:0016051","carbohydrate biosynthetic process",95,0.380536669444173,1.69584906747158,0.000738095243075766,0.0517542376373635,0.0316457450749143,2105,"tags=34%, list=20%, signal=27%","USP7/AKT1/GSK3A/ST3GAL2/G6PD/TPI1/PGK1/DGKQ/PLEK/PGAM1/GPI/NR1D1/PARP1/SORD/SIRT6/GYG1/KAT2A/SIRT7/DDB1/ENO1/CRTC2/FOXO1/NANS/TGFB1/AKR1B1/CHST12/PGM2/PRKAG1/PPP1CA/FUT7/ZNF692/B4GALT1",0.477270815362862
"GO:0006911","phagocytosis, engulfment",23,0.515570008128909,1.69268705462827,0.0176148251299828,0.227911521530792,0.139359214612261,1261,"tags=35%, list=12%, signal=31%","SH3BP1/CDC42/ITGB2/PLCG2/XKR8/ANO6/ABCA7/MYH9",0.352487857583619
"GO:0036344","platelet morphogenesis",15,0.584341934791326,1.69220141115393,0.0139064283395574,0.201156972170452,0.122999826718577,2651,"tags=73%, list=25%, signal=55%","PTPRJ/CASP3/MYH9/TPM4/ZFPM1/NBEAL2/WDR1/BAP1/TUBB1/CASP9/VPS33A",0.380730400722792
"GO:0046427","positive regulation of receptor signaling pathway via JAK-STAT",18,-0.570230263117073,-1.69173668785526,0.0178670704240947,0.229312243265671,0.140215702601775,3943,"tags=78%, list=38%, signal=48%","CALM1/PTK2B/WDR48/EP300/OCIAD2/IL23A/CRLF3/NOTCH1/IL10RA/ADIPOR1/IL12RB1/IL6/JAK2/PIBF1",0.352487857583619
"GO:0060392","negative regulation of SMAD protein signal transduction",10,0.663502881470388,1.69085796909103,0.0170589738643591,0.226001184596202,0.138191116338593,1085,"tags=40%, list=10%, signal=36%","FAM89B/PMEPA1/SKI/ENG",0.352487857583619
"GO:1902459","positive regulation of stem cell population maintenance",41,0.447569674808135,1.6897800549338,0.00871208924901001,0.169791516478479,0.103821045225521,2787,"tags=51%, list=27%, signal=38%","SMARCA4/BCL7C/SAP30L/SMARCB1/SIRT6/HDAC1/ARID1A/ING1/PHF10/SMARCC1/ACTB/BRMS1/HDAC2/SAP130/ACTL6A/SIN3A/BCLAF3/SMARCD1/SS18/SINHCAF/RBBP7",0.380730400722792
"GO:0030834","regulation of actin filament depolymerization",32,0.476156620787253,1.68975824546408,0.0070124076438391,0.15663567907356,0.0957767517382852,927,"tags=34%, list=9%, signal=31%","CAPG/SH3BP1/TMOD3/PLEK/ADD3/ADD1/FLII/PDXP/VILL/CFL1/CARMIL2",0.407017918923954
"GO:0042790","nucleolar large rRNA transcription by RNA polymerase I",24,0.511664291387932,1.68898403906874,0.020037756704603,0.243097359199246,0.14864477594102,2185,"tags=50%, list=21%, signal=40%","POLR2E/SMARCA4/PWP1/SMARCB1/CREBBP/SIRT7/TCOF1/POLR2L/POLR1C/POLR2K/POLR2F/NCL",0.352487857583619
"GO:1905521","regulation of macrophage migration",17,0.562495448387206,1.68477204963288,0.0232575350182604,0.257579522989804,0.157500067495316,2328,"tags=65%, list=22%, signal=50%","PTPRJ/CD81/DDT/AKIRIN1/P2RX4/CCL3/MAPK1/RTN4/STAP1/CD9/MIF",0.352487857583619
"GO:0045730","respiratory burst",21,0.535953139284995,1.68469660406161,0.0157483743749033,0.214129875708034,0.130932263113609,1556,"tags=48%, list=15%, signal=41%","NCF1/NCF4/NCF2/RAC2/CYBB/HCK/JCHAIN/CYBA/CD24/CYBC1",0.352487857583619
"GO:0045333","cellular respiration",241,0.328694953256591,1.68415351958323,3.97822885158373e-05,0.0182865919544465,0.0111815544716209,2717,"tags=38%, list=26%, signal=29%","FOXK2/LDHA/ABCD1/TPI1/PKM/PGK1/ADSL/NDUFB11/TIGAR/PGAM1/CBFA2T3/GIT1/PRELID1/FH/GPI/PFKL/JMJD8/VCP/SHMT2/OXA1L/SIRT6/SDHD/ZBTB7A/NDUFB2/ANTKMT/ATP5F1D/ACO2/PFKM/HIGD2A/EIF6/NDUFA3/UQCR11/NDUFA1/MTLN/COX7C/TRAP1/PDHB/ATP5F1B/ENO1/HK2/ATP5F1C/NDUFS8/RHOA/ATP5F1E/COX6C/COX5B/SURF1/STOML2/UQCRH/NDUFB9/COX7A2/CHCHD2/NDUFA2/ATP5PB/COX6A1/NDUFA13/OAS1/ATP5MG/COX5A/ATP5MF/UQCR10/NDUFS6/SUCLG1/PRKAG1/UCP2/MFN2/MDH1/SDHA/MLST8/CCNB1/NDUFB1/MT-CO1/UQCC2/STARD7/CS/MT-ATP6/VPS54/DHTKD1/NDUFB4/NDUFAB1/IDH3A/ATP5F1A/HIF1A/COX7B/PRKACA/UQCRC2/UQCRC1/SUCLG2/ALDOC/ATP5PD/ATP5IF1/ENO3",0.557332238758646
"GO:0008015","blood circulation",127,0.361042246121624,1.68378786391456,0.000344422530826882,0.031663911334018,0.0193612757504444,1804,"tags=32%, list=17%, signal=27%","PTPRJ/ERAP2/CTSZ/GSK3A/ATP2A3/PRCP/PTGS1/GRK2/KLK1/SCARB1/ADD3/ROCK2/HSP90AA1/FXYD1/CYB5R3/AGTRAP/YWHAE/MME/ABAT/CAMK2D/MAP2K1/CYBA/ECE1/DSP/JUP/BIN1/ENG/DMPK/GNA12/ROCK1/ADORA2A/P2RX4/RANGRF/TGFB1/GCLC/ERAP1/GNA13/SRI/PECAM1/GLRX3/KAT2B",0.49849310876659
"GO:0035335","peptidyl-tyrosine dephosphorylation",12,0.619566877295326,1.68237598333834,0.01382903094808,0.201156972170452,0.122999826718577,859,"tags=33%, list=8%, signal=31%","PTPRJ/PTPN6/PTPN12/DUSP6",0.380730400722792
"GO:1901836","regulation of transcription of nucleolar large rRNA by RNA polymerase I",12,0.619464876034668,1.68209900844267,0.01382903094808,0.201156972170452,0.122999826718577,1034,"tags=42%, list=10%, signal=38%","SMARCA4/PWP1/SMARCB1/CREBBP/SIRT7",0.380730400722792
"GO:0043304","regulation of mast cell degranulation",14,0.592312674882812,1.67971794084659,0.0245495180890801,0.258425843090393,0.158017560001779,3945,"tags=79%, list=38%, signal=49%","FES/RAC2/VAMP8/LGALS9/FGR/LYN/PDPK1/SNX4/UNC13D/VAMP7/SPHK2",0.352487857583619
"GO:0060213","positive regulation of nuclear-transcribed mRNA poly(A) tail shortening",13,-0.629536076596599,-1.67874180969244,0.00982821995206896,0.177551729003097,0.108566119609612,2031,"tags=62%, list=20%, signal=50%","POLR2G/CPEB3/TNRC6C/TNRC6B/ZFP36/BTG2/TNRC6A/CNOT1",0.380730400722792
"GO:0034205","amyloid-beta formation",31,0.477892254186935,1.67733833251615,0.00832803059504723,0.167247876561701,0.102265706299793,2168,"tags=39%, list=21%, signal=31%","GSK3A/CSNK1E/ROCK2/CASP3/ABCA7/BIN1/ROCK1/PSENEN/NCSTN/RTN4/ABCG1/CLU",0.380730400722792
"GO:0000470","maturation of LSU-rRNA",32,0.472630322658014,1.67724431395559,0.0076377097699894,0.161822694283205,0.0989484139734493,1781,"tags=38%, list=17%, signal=31%","NOP2/RPF2/BOP1/PPAN/RPL7/EIF6/NSA2/NOL9/TEX10/PAK1IP1/URB1/WDR18",0.407017918923954
"GO:0050764","regulation of phagocytosis",45,0.431254860664207,1.67614981343611,0.00788216684286084,0.16253642886694,0.0993848354863366,2530,"tags=51%, list=24%, signal=39%","PTPRJ/IL2RG/CSK/SCARB1/SYK/PLCG2/HCK/ANO6/IL15RA/ABCA7/PYCARD/CYBA/RAP1A/PIP4P2/PLSCR1/TGFB1/FGR/STAP1/SNX3/FCGR2B/BTK/RACK1/PRKACA",0.380730400722792
"GO:0000479","endonucleolytic cleavage of tricistronic rRNA transcript (SSU-rRNA, 5.8S rRNA, LSU-rRNA)",22,0.523904880094646,1.67246293653413,0.0131290490632193,0.198229474359629,0.121209773311206,3836,"tags=77%, list=37%, signal=49%","BOP1/RPP40/NOL9/TEX10/WDR18/ABT1/MDN1/RRS1/RPS21/NOP14/TSR1/RCL1/BMS1/RPL37/TBL3/LAS1L/SDE2",0.380730400722792
"GO:0002275","myeloid cell activation involved in immune response",50,0.427732648563786,1.67153548034256,0.00423547885700136,0.11862301981238,0.0725334584445507,2526,"tags=44%, list=24%, signal=33%","MILR1/PTPN6/SPI1/FES/RAC2/ITGB2/SYK/PLCG2/VAMP8/DNASE1/PYCARD/NMI/LGALS9/CCL3/FGR/GRN/SBNO2/LAT2/PIK3CD/CBL/BTK/LYN",0.407017918923954
"GO:0010499","proteasomal ubiquitin-independent protein catabolic process",18,0.55184870621646,1.67035038815642,0.0175128711733886,0.227911521530792,0.139359214612261,2140,"tags=44%, list=21%, signal=35%","PSMB4/PSMA2/MIDN/PSME4/PSMB5/PSMB2/PSMA7/PSMB1",0.352487857583619
"GO:0046621","negative regulation of organ growth",13,0.609286592986053,1.66995740653719,0.01385915955581,0.201156972170452,0.122999826718577,1718,"tags=54%, list=17%, signal=45%","PTEN/GSK3A/G6PD/VGLL4/YY1/WWC3/TOMM70",0.380730400722792
"GO:0009205","purine ribonucleoside triphosphate metabolic process",179,0.339878304806879,1.66735375867362,0.000135845267402551,0.0255450850565615,0.0156198465385825,2435,"tags=37%, list=23%, signal=29%","FOXK2/NADK/LDHA/HSPA8/TPI1/PKM/AMPD2/PGK1/NDUFB11/TIGAR/PGAM1/CBFA2T3/GIT1/GPI/PFKL/JMJD8/VCP/PARP1/SIRT6/SDHD/ZBTB7A/NDUFB2/ANTKMT/ATP5F1D/PFKM/NME1/IMPDH2/EIF6/NDUFA3/NDUFA1/MAP2K1/ATP5F1B/ENO1/ATP5MC3/HK2/ATP5F1C/NDUFS8/FIS1/ATP5F1E/OLA1/TGFB1/STOML2/ATP5MC1/NDUFB9/NDUFA2/ATP5PB/NDUFA13/ATP5MG/ATP5MF/NDUFS6/PRKAG1/UCP2/SDHA/NUDT5/ATP5MC2/MLST8/NDUFB1/RHOQ/NME3/LRRK2/MT-ATP6/DHTKD1/NDUFB4/NDUFAB1/NME2/ATP5F1A/HIF1A",0.518848077743792
"GO:1900153","positive regulation of nuclear-transcribed mRNA catabolic process, deadenylation-dependent decay",13,-0.624143691187707,-1.66436229567186,0.0117152011714858,0.19156437646813,0.117134319814013,2004,"tags=62%, list=19%, signal=50%","CPEB3/TNRC6C/HELZ/ZFP36L2/TNRC6B/ZFP36/ZFP36L1/CNOT1",0.380730400722792
"GO:0016486","peptide hormone processing",14,0.5866688260353,1.66371275546631,0.0282974681430712,0.274189323208149,0.167656327686762,974,"tags=36%, list=9%, signal=32%","CTSZ/PRCP/FURIN/MME/ECE1",0.352487857583619
"GO:0006346","DNA methylation-dependent constitutive heterochromatin formation",17,0.554393195891395,1.66050438918665,0.0251483514327257,0.259301167976004,0.158552787829534,1359,"tags=29%, list=13%, signal=26%","MBD2/TRIM28/HDAC1/SMARCA5/DNMT1",0.352487857583619
"GO:0090100","positive regulation of transmembrane receptor protein serine/threonine kinase signaling pathway",38,0.445004109634645,1.65756174232047,0.0120365799252925,0.193756152338268,0.118474507277187,1889,"tags=39%, list=18%, signal=32%","GDF11/MEN1/HIPK2/CSNK2B/UBE2O/HSP90AB1/PARP1/CREBBP/ENG/SNW1/STK11/TGFB1/GIPC1/TSC22D1/SH2B1",0.380730400722792
"GO:0060078","regulation of postsynaptic membrane potential",28,0.479174727461576,1.6565498628434,0.0124109847301708,0.195943692895865,0.119812105008059,1319,"tags=36%, list=13%, signal=31%","PTEN/AKT1/GSK3A/HTR3A/PNOC/ABAT/DVL1/P2RX5/ADORA2A/P2RX4",0.380730400722792
"GO:0030042","actin filament depolymerization",36,0.467801150456546,1.65580255154295,0.00715594472924894,0.15663567907356,0.0957767517382852,927,"tags=33%, list=9%, signal=30%","CAPG/SH3BP1/TMOD3/PLEK/ADD3/PPP1R9B/ADD1/FLII/PDXP/VILL/CFL1/CARMIL2",0.407017918923954
"GO:0007030","Golgi organization",110,-0.380974213010702,-1.65565153251633,0.000417553928849522,0.0359879292427181,0.0220052480063376,1986,"tags=31%, list=19%, signal=25%","SURF4/YIPF5/COG1/ARHGEF7/ATP8B2/TMED2/LYSMD3/SYNE1/HACE1/BAG5/CLASP2/ATP8B1/VPS13B/HUWE1/STX5/BLZF1/USP6NL/RBSN/PI4K2B/CSNK1A1/VCPIP1/GOLGA8B/RAB33B/COG5/ARMH3/GOLGA2/AKAP9/BET1/UBXN2A/RAB30/GCC2/HTT/GOLGA8A/VTI1A",0.49849310876659
"GO:0007596","blood coagulation",84,0.380810928537945,1.65517784089569,0.00135245060940145,0.0669872596131582,0.040960157810434,2644,"tags=45%, list=25%, signal=34%","PTPRJ/DGKQ/CLIC1/PLEK/WAS/GNAS/ACTG1/TLN1/SYK/PLCG2/HSPB1/GP1BB/VKORC1/ANO6/PRKCD/GNA12/VAV2/MYL9/MYH9/ACTB/ADORA2A/PLSCR1/UBASH3B/PABPC4/DGKZ/ITPR3/FUNDC2/CD9/VPS33B/VCL/PPIA/ITPK1/CD40LG/LYN/CEACAM1/VAV3/TUBB1/SH2B3",0.45505986738723
"GO:0050817","coagulation",84,0.380810928537945,1.65517784089569,0.00135245060940145,0.0669872596131582,0.040960157810434,2644,"tags=45%, list=25%, signal=34%","PTPRJ/DGKQ/CLIC1/PLEK/WAS/GNAS/ACTG1/TLN1/SYK/PLCG2/HSPB1/GP1BB/VKORC1/ANO6/PRKCD/GNA12/VAV2/MYL9/MYH9/ACTB/ADORA2A/PLSCR1/UBASH3B/PABPC4/DGKZ/ITPR3/FUNDC2/CD9/VPS33B/VCL/PPIA/ITPK1/CD40LG/LYN/CEACAM1/VAV3/TUBB1/SH2B3",0.45505986738723
"GO:0046364","monosaccharide biosynthetic process",53,0.414207998675332,1.65456727551874,0.00674061809218239,0.154703270382167,0.0945951574260116,1260,"tags=28%, list=12%, signal=25%","USP7/G6PD/TPI1/PGK1/DGKQ/PGAM1/GPI/SORD/SIRT6/KAT2A/SIRT7/DDB1/ENO1/CRTC2/FOXO1",0.407017918923954
"GO:0002448","mast cell mediated immunity",26,0.486832169584786,1.65407145357746,0.0222572109314535,0.253658627061772,0.155102588976297,2526,"tags=42%, list=24%, signal=32%","MILR1/FES/RAC2/VAMP8/LGALS9/FGR/LAT2/PIK3CD/CBL/BTK/LYN",0.352487857583619
"GO:0097242","amyloid-beta clearance",22,0.518071146922187,1.65383989467431,0.0152685614115414,0.210906771344776,0.128961457558628,1333,"tags=36%, list=13%, signal=32%","SRF/ITGB2/SYK/LRPAP1/MME/ABCA7/ROCK1/RAB11A",0.380730400722792
"GO:0001841","neural tube formation",20,0.534582674648336,1.6534345861486,0.0141985830849028,0.201640235136122,0.123295323615332,2024,"tags=60%, list=19%, signal=48%","VASP/SCRIB/MTHFD1/FUZ/SKI/MTHFD1L/KDM2B/DEAF1/PRICKLE1/TGFB1/DVL2/RALA",0.380730400722792
"GO:0001843","neural tube closure",20,0.534582674648336,1.6534345861486,0.0141985830849028,0.201640235136122,0.123295323615332,2024,"tags=60%, list=19%, signal=48%","VASP/SCRIB/MTHFD1/FUZ/SKI/MTHFD1L/KDM2B/DEAF1/PRICKLE1/TGFB1/DVL2/RALA",0.380730400722792
"GO:0014020","primary neural tube formation",20,0.534582674648336,1.6534345861486,0.0141985830849028,0.201640235136122,0.123295323615332,2024,"tags=60%, list=19%, signal=48%","VASP/SCRIB/MTHFD1/FUZ/SKI/MTHFD1L/KDM2B/DEAF1/PRICKLE1/TGFB1/DVL2/RALA",0.380730400722792
"GO:0060606","tube closure",20,0.534582674648336,1.6534345861486,0.0141985830849028,0.201640235136122,0.123295323615332,2024,"tags=60%, list=19%, signal=48%","VASP/SCRIB/MTHFD1/FUZ/SKI/MTHFD1L/KDM2B/DEAF1/PRICKLE1/TGFB1/DVL2/RALA",0.380730400722792
"GO:1900182","positive regulation of protein localization to nucleus",61,0.405829930496593,1.65265885481975,0.00377669184681672,0.112951296624869,0.0690654157427121,1582,"tags=31%, list=15%, signal=27%","TESK1/AKT1/TRIM28/LARP7/HCLS1/CCT2/CCT6A/HSP90AA1/PARP1/CREBBP/ORMDL3/CCT3/PRKCD/JUP/IPO5/IPO7/TYK2/TGFB1/CCT5",0.431707695803346
"GO:0031126","sno(s)RNA 3'-end processing",11,0.627987439394813,1.65255588755554,0.0232053880787576,0.257579522989804,0.157500067495316,2119,"tags=64%, list=20%, signal=51%","LARP7/EXOSC4/EXOSC2/EXOSC5/EXOSC10/FBL/DKC1",0.352487857583619
"GO:0043144","sno(s)RNA processing",11,0.627987439394813,1.65255588755554,0.0232053880787576,0.257579522989804,0.157500067495316,2119,"tags=64%, list=20%, signal=51%","LARP7/EXOSC4/EXOSC2/EXOSC5/EXOSC10/FBL/DKC1",0.352487857583619
"GO:1900017","positive regulation of cytokine production involved in inflammatory response",16,-0.58225642470599,-1.65119872108462,0.0137256348503971,0.201156972170452,0.122999826718577,996,"tags=25%, list=10%, signal=23%","TICAM1/IL6/GBP5/STAT3",0.380730400722792
"GO:0002281","macrophage activation involved in immune response",10,0.647489811569159,1.65005057004537,0.0274418211581835,0.274189323208149,0.167656327686762,2065,"tags=50%, list=20%, signal=40%","SYK/PLCG2/NMI/GRN/SBNO2",0.352487857583619
"GO:0009152","purine ribonucleotide biosynthetic process",114,0.356529293894636,1.65004469874109,0.00113052875551437,0.0632603201000372,0.0386812762516279,2432,"tags=43%, list=23%, signal=33%","AMPD2/ADSL/NDUFB11/AMPD3/VCP/PARP1/ADCY3/SDHD/NDUFB2/ANTKMT/ATP5F1D/NME1/IMPDH2/NDUFA3/NDUFA1/MAP2K1/GART/ATP5F1B/ENO1/ATP5MC3/ATP5F1C/NDUFS8/ATP5F1E/PAICS/PFAS/PAPSS1/HPRT1/TGFB1/STOML2/GMPS/ATP5MC1/NDUFB9/NDUFA2/ATP5PB/NDUFA13/ATP5MG/ATP5MF/NDUFS6/ATIC/SDHA/ATP5MC2/NDUFB1/PPAT/NME3/MT-ATP6/NDUFB4/NDUFAB1/NME2/ATP5F1A",0.45505986738723
"GO:0009303","rRNA transcription",35,0.450664550757943,1.64866654320843,0.0205181814290055,0.246237523947817,0.150564867080664,2185,"tags=43%, list=21%, signal=34%","GTF3C6/POLR2E/SMARCA4/PWP1/SMARCB1/CREBBP/SIRT7/GTF3A/TCOF1/POLR2L/NIFK/POLR1C/POLR2K/POLR2F/NCL",0.352487857583619
"GO:0009144","purine nucleoside triphosphate metabolic process",184,0.332741714991233,1.64857501223651,0.000249719913554547,0.0279213860101395,0.0170728640620001,2435,"tags=37%, list=23%, signal=29%","FOXK2/NADK/LDHA/HSPA8/TPI1/PKM/AMPD2/PGK1/NDUFB11/TIGAR/PGAM1/CBFA2T3/GIT1/GPI/PFKL/JMJD8/VCP/PARP1/SIRT6/SDHD/ZBTB7A/NDUFB2/ANTKMT/ATP5F1D/PFKM/NME1/IMPDH2/EIF6/NDUFA3/NDUFA1/MAP2K1/ATP5F1B/ENO1/ATP5MC3/HK2/ATP5F1C/NDUFS8/FIS1/ATP5F1E/ITPA/OLA1/TGFB1/STOML2/ATP5MC1/NDUFB9/NDUFA2/ATP5PB/NDUFA13/ATP5MG/ATP5MF/NDUFS6/PRKAG1/UCP2/SDHA/NUDT5/ATP5MC2/MLST8/NDUFB1/RHOQ/NME3/LRRK2/MT-ATP6/DHTKD1/NDUFB4/NDUFAB1/NME2/ATP5F1A/HIF1A",0.49849310876659
"GO:0042987","amyloid precursor protein catabolic process",42,0.429499882965625,1.64807882425761,0.0105977958233966,0.184214627400805,0.112640228200127,2544,"tags=38%, list=24%, signal=29%","GSK3A/ADAM9/CSNK1E/ROCK2/CASP3/ABCA7/BIN1/ROCK1/PSENEN/NCSTN/RTN4/ADAM17/ABCG1/CLU/LYN/FKBP1A",0.380730400722792
"GO:0071354","cellular response to interleukin-6",18,-0.555449945802126,-1.64788702452249,0.0239753407855181,0.258213176923283,0.157887522740722,1631,"tags=44%, list=16%, signal=38%","SELPLG/SOCS3/FER/NFKB1/IL6/JAK2/STAT3/IL6ST",0.352487857583619
"GO:0035295","tube development",274,0.316274815448012,1.64761735721268,2.24141172738843e-05,0.0182865919544465,0.0111815544716209,1521,"tags=27%, list=15%, signal=23%","AKT1/HECA/VEGFB/PTPRJ/CTSZ/PTPN6/TLR9/GNAI2/HIPK2/ZNF358/CDC42/ADAM8/PKM/PRCP/PGK1/BSG/QKI/CYBB/SRF/CCM2/ITGB2/CSNK2B/ACTG1/ALOX5/SYK/JMJD8/HSPB1/ADIPOR2/VASP/ROCK2/HHEX/BAG6/EPN1/EHD4/PHF14/SIRT6/SCRIB/MTHFD1/MME/CAT/FUZ/PACSIN2/PDCD6/SKI/ECE1/DSP/MARCKS/DVL1/KRIT1/JUP/MTHFD1L/RAP1A/ATP5F1B/HGS/ENG/SSBP3/KDM2B/HK2/VAV2/RHOA/BASP1/CTNND1/ROCK1/MYH9/DEAF1/CD24/PRICKLE1/RNF213/FMNL3/TNFSF12/TGFB1/ERAP1/GLUL",0.575610261071129
"GO:0070102","interleukin-6-mediated signaling pathway",13,-0.617750306301343,-1.64731348319995,0.0129731913796441,0.198229474359629,0.121209773311206,1557,"tags=46%, list=15%, signal=39%","SOCS3/FER/IL6/JAK2/STAT3/IL6ST",0.380730400722792
"GO:0015866","ADP transport",10,0.644958754928898,1.64360047403234,0.0292591345662051,0.279549745266491,0.170934021605101,1868,"tags=40%, list=18%, signal=33%","SLC17A9/SLC25A5/SLC25A25/SLC25A6",0.352487857583619
"GO:0009135","purine nucleoside diphosphate metabolic process",69,0.387850898540027,1.64336561142166,0.00392552310803999,0.112951296624869,0.0690654157427121,1158,"tags=26%, list=11%, signal=23%","FOXK2/LDHA/TPI1/PKM/PGK1/TIGAR/PGAM1/CBFA2T3/GIT1/GPI/PFKL/JMJD8/SIRT6/ZBTB7A/PFKM/EIF6/ENO1/HK2",0.407017918923954
"GO:0009179","purine ribonucleoside diphosphate metabolic process",69,0.387850898540027,1.64336561142166,0.00392552310803999,0.112951296624869,0.0690654157427121,1158,"tags=26%, list=11%, signal=23%","FOXK2/LDHA/TPI1/PKM/PGK1/TIGAR/PGAM1/CBFA2T3/GIT1/GPI/PFKL/JMJD8/SIRT6/ZBTB7A/PFKM/EIF6/ENO1/HK2",0.407017918923954
"GO:0099172","presynapse organization",11,0.624290792646695,1.64282812078093,0.0243373338707091,0.258213176923283,0.157887522740722,1779,"tags=45%, list=17%, signal=38%","PTEN/EIF4G1/DVL1/DAAM1/CHD4",0.352487857583619
"GO:0030166","proteoglycan biosynthetic process",35,0.448930974441719,1.64232459936605,0.0212711214665881,0.248441772790084,0.151912681291218,1634,"tags=34%, list=16%, signal=29%","ST3GAL2/CHST2/HS6ST1/B3GALT6/HS3ST1/B3GNT2/CHPF2/CHSY1/CSGALNACT1/XYLT1/UGDH/CHST12",0.352487857583619
"GO:0010592","positive regulation of lamellipodium assembly",17,0.547522317035592,1.63992490772442,0.0277954988152569,0.274189323208149,0.167656327686762,1283,"tags=41%, list=12%, signal=36%","CDC42/RAC2/HSP90AA1/CFL1/CARMIL2/AKIRIN1/BRK1",0.352487857583619
"GO:0010573","vascular endothelial growth factor production",14,-0.601207603477929,-1.63952680610614,0.0248015598746068,0.258527443427766,0.158079684738279,752,"tags=36%, list=7%, signal=33%","EIF2AK3/RORA/IL6/STAT3/IL6ST",0.352487857583619
"GO:0160049","negative regulation of cGAS/STING signaling pathway",10,0.642486389401361,1.63729994532103,0.0299860603521983,0.281937117447828,0.172393808762607,547,"tags=30%, list=5%, signal=28%","AKT1/BANF1/PARP1",0.352487857583619
"GO:0150105","protein localization to cell-cell junction",15,0.564725231010786,1.63539321060698,0.0197265379576035,0.240923491491901,0.147315538637299,2367,"tags=67%, list=23%, signal=52%","ACTG1/SCRIB/ARHGEF18/DSP/CTNND1/ACTB/PECAM1/ZDHHC7/MPP7/VCL",0.352487857583619
"GO:0006006","glucose metabolic process",96,0.363740161213548,1.63463231818227,0.00239825576981027,0.0862746445191748,0.052753659053256,1287,"tags=26%, list=12%, signal=23%","FOXK2/USP7/AKT1/G6PD/TPI1/PKM/PGK1/DGKQ/PGAM1/GPI/PFKL/PGM2L1/SORD/SIRT6/DCXR/PFKM/KAT2A/PDHB/SIRT7/DDB1/ENO1/CRTC2/HK2/FOXO1/HECTD4",0.431707695803346
"GO:0060074","synapse maturation",11,0.621146508190391,1.63455390148218,0.0269785445979676,0.270242709447438,0.165243123692613,2015,"tags=45%, list=19%, signal=37%","PTEN/SNX27/PFN1/ROCK1/ANAPC2",0.352487857583619
"GO:0048568","embryonic organ development",77,0.377157206030932,1.63439696646749,0.0047335428369931,0.126261959916366,0.0772043793625074,1498,"tags=25%, list=14%, signal=21%","MBD2/HIPK2/CDC42/BLOC1S2/SRF/HSCB/MTHFD1/CDC40/FUZ/HOXB4/ECE1/DVL1/MTHFD1L/PPP1R35/ENG/KDM2B/PRICKLE1/TAF10/TGFB1",0.407017918923954
"GO:0045621","positive regulation of lymphocyte differentiation",80,0.38124540723697,1.63425513193873,0.00355306086958311,0.109430235301178,0.0669124208551551,1893,"tags=38%, list=18%, signal=31%","IL2RG/SPI1/BRD4/ADAM8/ZBTB7B/SMARCA4/SYK/SMARCD2/SOX12/SMARCB1/GPR65/XRCC6/ARID1A/PHF10/TESPA1/SMARCC1/PNP/NFKBID/HLA-DRB1/PBRM1/RUNX3/RHOA/DDRGK1/ACTB/SART1/TGFB1/IL7/SOX4/RARA/RASGRP1",0.431707695803346
"GO:0007599","hemostasis",87,0.370799779341927,1.63301061671744,0.00300736829563693,0.097199083117578,0.0594335371608999,2644,"tags=45%, list=25%, signal=34%","PTPRJ/DGKQ/CLIC1/PLEK/WAS/GNAS/ACTG1/TLN1/SYK/PLCG2/GPI/HSPB1/GP1BB/VKORC1/ANO6/PRKCD/GNA12/VAV2/MYL9/MYH9/ACTB/ADORA2A/PLSCR1/UBASH3B/PABPC4/DGKZ/ITPR3/FUNDC2/CD9/VPS33B/VCL/PPIA/ITPK1/CD40LG/LYN/CEACAM1/VAV3/TUBB1/SH2B3",0.431707695803346
"GO:0030220","platelet formation",14,0.575494535983206,1.63202399330967,0.0331698138805687,0.299614672541294,0.183202960391027,2651,"tags=71%, list=25%, signal=53%","PTPRJ/CASP3/MYH9/TPM4/ZFPM1/NBEAL2/WDR1/TUBB1/CASP9/VPS33A",0.321775918075361
"GO:0009150","purine ribonucleotide metabolic process",220,0.323999636199175,1.63200966942134,8.03075197211627e-05,0.0218694182770341,0.0133723163034684,2435,"tags=38%, list=23%, signal=30%","FOXK2/NADK/LDHA/HSPA8/TPI1/PKM/AMPD2/PGK1/ADSL/NDUFB11/TIGAR/PGAM1/CBFA2T3/GIT1/GPI/PFKL/JMJD8/AMPD3/VCP/PARP1/ADCY3/SIRT6/SDHD/BPNT1/ZBTB7A/NDUFB2/ANTKMT/ATP5F1D/PFKM/NME1/IMPDH2/EIF6/NDUFA3/PNP/NDUFA1/MAP2K1/GART/ATP5F1B/ENO1/ATP5MC3/HK2/ATP5F1C/NDUFS8/FIS1/ATP5F1E/PAICS/PFAS/PAPSS1/OLA1/HPRT1/TGFB1/STOML2/GMPS/ATP5MC1/NDUFB9/NDUFA2/ATP5PB/NDUFA13/ATP5MG/NUDT3/CARD11/ATP5MF/GMPR2/NDUFS6/PRKAG1/UCP2/ATIC/SDHA/NUDT5/ATP5MC2/MLST8/NDUFB1/PPAT/RHOQ/NME3/LRRK2/MT-ATP6/DHTKD1/NDUFB4/NDUFAB1/NME2/ATP5F1A/HIF1A",0.538434096309916
"GO:0000027","ribosomal large subunit assembly",26,0.480238727866367,1.63166943413704,0.0269618926184007,0.270242709447438,0.165243123692613,2723,"tags=50%, list=26%, signal=37%","TUFM/NOP2/RPF2/MTG2/BOP1/GTPBP6/EIF6/MRM2/MRTO4/NDUFAB1/MDN1/RRS1/MTG1",0.352487857583619
"GO:0000289","nuclear-transcribed mRNA poly(A) tail shortening",31,-0.479771055958661,-1.63091908615802,0.0136897825738453,0.201156972170452,0.122999826718577,2031,"tags=42%, list=20%, signal=34%","POLR2G/CPEB3/TNRC6C/ZFP36L2/TNRC6B/CNOT2/ZFP36/PARN/SAMD4A/BTG2/ZFP36L1/TNRC6A/CNOT1",0.380730400722792
"GO:0032722","positive regulation of chemokine production",28,0.471438610560138,1.62980541523886,0.0157867082646726,0.214129875708034,0.130932263113609,2435,"tags=46%, list=23%, signal=36%","CD74/TLR9/SYK/PYCARD/LGALS9/TIRAP/TGFB1/OAS1/IL7/ADAM17/MIF/EGR1/HIF1A",0.352487857583619
"GO:1903306","negative regulation of regulated secretory pathway",14,0.574651827638743,1.62963418740964,0.0342942025843663,0.305829344166563,0.187002995382473,2600,"tags=50%, list=25%, signal=38%","GNAI2/SPI1/RAP1A/LGALS9/CDK5/FCGR2B/CEACAM1",0.321775918075361
"GO:0140588","chromatin looping",14,-0.597571301596116,-1.62961040721857,0.0251058696981335,0.259301167976004,0.158552787829534,401,"tags=29%, list=4%, signal=28%","EID3/SLF1/SMC5/NSMCE3",0.352487857583619
"GO:0033003","regulation of mast cell activation",10,0.639169976924268,1.62884846361343,0.0310764494311956,0.286940856469195,0.175453404589351,201,"tags=30%, list=2%, signal=29%","MILR1/PTPN6/PTPRE",0.352487857583619
"GO:0003229","ventricular cardiac muscle tissue development",15,0.56236948299185,1.62857117733397,0.0207739381009653,0.247670841278655,0.151441286035591,1498,"tags=27%, list=14%, signal=23%","MBD2/DSP/ENG/TGFB1",0.352487857583619
"GO:0045912","negative regulation of carbohydrate metabolic process",26,0.479057367123431,1.62765561745986,0.0284094898340226,0.274189323208149,0.167656327686762,829,"tags=31%, list=8%, signal=28%","USP7/GSK3A/PLEK/TIGAR/CBFA2T3/GIT1/SIRT6/KAT2A",0.352487857583619
"GO:0045576","mast cell activation",32,0.457831483970018,1.62472701480518,0.0115317130301176,0.19068648258808,0.116597521144007,2526,"tags=44%, list=24%, signal=33%","MILR1/PTPN6/FES/PTPRE/RAC2/VAMP8/LGALS9/PLSCR1/FGR/LAT2/PIK3CD/CBL/BTK/LYN",0.380730400722792
"GO:0140448","signaling receptor ligand precursor processing",16,0.558408700446728,1.62311511383035,0.0197420990127519,0.240923491491901,0.147315538637299,1136,"tags=38%, list=11%, signal=33%","CTSZ/PRCP/FURIN/MME/ECE1/CASP1",0.352487857583619
"GO:0009154","purine ribonucleotide catabolic process",75,0.388198843123145,1.62230234589351,0.00282361936502812,0.0927088358184232,0.0566879219641688,1158,"tags=27%, list=11%, signal=24%","FOXK2/LDHA/TPI1/PKM/PGK1/TIGAR/PGAM1/CBFA2T3/GIT1/GPI/PFKL/JMJD8/AMPD3/SIRT6/ZBTB7A/PFKM/EIF6/PNP/ENO1/HK2",0.431707695803346
"GO:1904738","vascular associated smooth muscle cell migration",11,-0.618932502928418,-1.61680828155855,0.0234570675361514,0.257628912876234,0.157530267529682,1712,"tags=36%, list=16%, signal=30%","NFE2L2/MEF2C/DDIT3/MDM2",0.352487857583619
"GO:0099565","chemical synaptic transmission, postsynaptic",30,0.456503446467896,1.61619875546514,0.0218287268374194,0.250664652435564,0.153271887528319,1319,"tags=33%, list=13%, signal=29%","PTEN/AKT1/GSK3A/HTR3A/PNOC/ABAT/DVL1/P2RX5/ADORA2A/P2RX4",0.352487857583619
"GO:0009141","nucleoside triphosphate metabolic process",193,0.329940011646595,1.61277699573762,0.000315690998859239,0.0310955633876351,0.0190137526287416,2435,"tags=36%, list=23%, signal=28%","FOXK2/NADK/LDHA/HSPA8/TPI1/PKM/AMPD2/PGK1/NDUFB11/TIGAR/PGAM1/CBFA2T3/GIT1/DCTPP1/GPI/PFKL/JMJD8/VCP/PARP1/SIRT6/SDHD/ZBTB7A/NDUFB2/ANTKMT/ATP5F1D/PFKM/NME1/IMPDH2/EIF6/NDUFA3/NDUFA1/MAP2K1/ATP5F1B/ENO1/ATP5MC3/HK2/ATP5F1C/DTYMK/NDUFS8/FIS1/ATP5F1E/ITPA/OLA1/TGFB1/STOML2/ATP5MC1/NDUFB9/NDUFA2/ATP5PB/NDUFA13/ATP5MG/ATP5MF/NDUFS6/PRKAG1/UCP2/SDHA/NUDT5/ATP5MC2/MLST8/NDUFB1/RHOQ/NME3/LRRK2/MT-ATP6/DHTKD1/NDUFB4/NDUFAB1/NME2/ATP5F1A/HIF1A",0.49849310876659
"GO:1902003","regulation of amyloid-beta formation",25,0.492689447583734,1.6126400063596,0.0156976544722873,0.214129875708034,0.130932263113609,2168,"tags=40%, list=21%, signal=32%","GSK3A/CSNK1E/ROCK2/CASP3/ABCA7/BIN1/ROCK1/RTN4/ABCG1/CLU",0.352487857583619
"GO:0043954","cellular component maintenance",27,0.477607645376627,1.61160146116732,0.0133109758400769,0.200245480183266,0.122442484085758,2773,"tags=48%, list=27%, signal=35%","GIT1/SDF4/CFL1/ZNF804A/DSP/CBLN3/PRICKLE1/ZMYND8/GRN/FCGR2B/ABHD17B/DCTN1/FYN",0.380730400722792
"GO:0002260","lymphocyte homeostasis",46,0.421755174565638,1.61021576659628,0.00625692804680615,0.14761276057074,0.0902595807430772,1754,"tags=33%, list=17%, signal=27%","AKT1/GAPT/CD74/TNFRSF13B/PSMB8/SIT1/PSMB4/PSMA2/TNFSF13/CAMLG/LGALS9/PSMB2/DOCK11/PSMA7/PACS1",0.407017918923954
"GO:0030183","B cell differentiation",87,0.365472027048997,1.60954707509119,0.00385899263766744,0.112951296624869,0.0690654157427121,768,"tags=22%, list=7%, signal=20%","LFNG/PTPRJ/LYL1/TLR9/SPI1/CR2/SPIB/MS4A1/CD79A/TCF3/SLC25A5/SYK/PLCG2/HHEX/PHF14/ZBTB7A/LRRC8A/CD79B/YY1",0.431707695803346
"GO:0009166","nucleotide catabolic process",101,0.354813860512109,1.60931971888056,0.00357096489380204,0.109430235301178,0.0669124208551551,1883,"tags=31%, list=18%, signal=25%","FOXK2/LDHA/TPI1/PKM/PGK1/TIGAR/PGAM1/CBFA2T3/GIT1/DCTPP1/GPI/PFKL/JMJD8/NEIL1/AMPD3/VCP/SIRT6/ZBTB7A/PFKM/EIF6/PNP/ENO1/HK2/NT5C3A/HPRT1/NTHL1/NUDT3/PRKAG1/OGG1/UCP2/MBD4",0.431707695803346
"GO:2000772","regulation of cellular senescence",26,0.473577938999109,1.60903859457474,0.0302189877429098,0.28348288501682,0.173338986755106,839,"tags=27%, list=8%, signal=25%","PTEN/YBX1/TERF2/SIRT6/ABI3/TP53/RSL1D1",0.352487857583619
"GO:0071677","positive regulation of mononuclear cell migration",47,0.417908248959458,1.60797754776503,0.00500282708591857,0.128550904685995,0.0786039819067044,1826,"tags=36%, list=18%, signal=30%","PTPRJ/SPI1/ADAM8/CCR6/ANO6/PYCARD/AKIRIN1/RHOA/LGALS9/P2RX4/CCL3/TGFB1/MAPK1/TNFRSF14/STK39/RTN4/ADAM17",0.407017918923954
"GO:0002687","positive regulation of leukocyte migration",66,0.385247618609639,1.607411422576,0.00846191585418764,0.168110151912921,0.102792954834305,1826,"tags=33%, list=18%, signal=28%","VEGFB/PTPRJ/CD74/SPI1/TNFRSF18/ADAM8/RAC2/CCR6/ANO6/PYCARD/AKIRIN1/RHOA/LGALS9/P2RX4/TIRAP/CCL3/TGFB1/MAPK1/TNFRSF14/STK39/RTN4/ADAM17",0.380730400722792
"GO:0071706","tumor necrosis factor superfamily cytokine production",107,0.354917365017993,1.60713551876037,0.00143035049073914,0.067242727047589,0.0411163664162217,2215,"tags=35%, list=21%, signal=27%","MAPKAPK2/PTPRJ/PTPN6/TLR9/PSMB8/ADAM8/PSMB4/PSMA2/CYBB/SYK/PLCG2/IFIH1/HSPB1/DDT/SETD4/PYCARD/CYBA/OAS2/ARHGEF2/LGALS9/TIRAP/CCL3/ELF4/FRMD8/PSMB2/TGFB1/OAS1/PSMA7/ADAM17/RARA/HDAC2/PSMB1/CLU/CACTIN/FCGR2B/LRRK2/PSMB9",0.45505986738723
"GO:1903555","regulation of tumor necrosis factor superfamily cytokine production",107,0.354917365017993,1.60713551876037,0.00143035049073914,0.067242727047589,0.0411163664162217,2215,"tags=35%, list=21%, signal=27%","MAPKAPK2/PTPRJ/PTPN6/TLR9/PSMB8/ADAM8/PSMB4/PSMA2/CYBB/SYK/PLCG2/IFIH1/HSPB1/DDT/SETD4/PYCARD/CYBA/OAS2/ARHGEF2/LGALS9/TIRAP/CCL3/ELF4/FRMD8/PSMB2/TGFB1/OAS1/PSMA7/ADAM17/RARA/HDAC2/PSMB1/CLU/CACTIN/FCGR2B/LRRK2/PSMB9",0.45505986738723
"GO:0034331","cell junction maintenance",14,0.566519547686498,1.60657215089578,0.0402581482834564,0.328803561090763,0.20105085397858,2488,"tags=50%, list=24%, signal=38%","GIT1/SDF4/DSP/CBLN3/PRICKLE1/GRN/DCTN1",0.321775918075361
"GO:1903829","positive regulation of protein localization",276,0.310112526978005,1.60570326177455,7.36256376701098e-05,0.0218694182770341,0.0133723163034684,1500,"tags=25%, list=14%, signal=22%","TESK1/AKT1/RUFY3/GSK3A/NADK/EIF4G1/TRIM28/ZDHHC2/ADAM8/CSNK2A2/BSG/RAC2/LARP7/ADAM9/HCLS1/GNAS/CCT2/CCT6A/GIT1/OSBP/CD81/PPP1R9B/ROCK2/HSP90AB1/HSP90AA1/ZDHHC8/TERF2/PARP1/MARK4/DYNLL1/SIRT6/PPID/CREBBP/LRRC8A/YWHAE/PSMD9/NUP62/ABAT/ORMDL3/MLLT6/CCT3/PRKCD/CFL1/ENTR1/CDK9/ABCA7/ABHD17A/TOMM7/DSP/DVL1/JUP/HLA-DRB1/IPO5/ANP32B/BICD1/HTRA2/PLK3/CTNND1/DDRGK1/ADORA2A/RAB11A/IPO7/NPEPPS/TYK2/SEC13/RANGRF/TGFB1/GNL3",0.538434096309916
"GO:1902107","positive regulation of leukocyte differentiation",111,0.350693853665212,1.60395548325928,0.0017104845526563,0.0739036511158133,0.0451892677794564,1388,"tags=28%, list=13%, signal=24%","CD74/IL2RG/SPI1/BRD4/ADAM8/ZBTB7B/FES/EVI2B/HCLS1/SMARCA4/SYK/SMARCD2/SOX12/TMEM64/SMARCB1/GPR65/XRCC6/ARID1A/PHF10/TESPA1/SMARCC1/PNP/NFKBID/HLA-DRB1/PBRM1/RUNX3/RHOA/LGALS9/DDRGK1/ACTB/SART1",0.45505986738723
"GO:1903708","positive regulation of hemopoiesis",111,0.350693853665212,1.60395548325928,0.0017104845526563,0.0739036511158133,0.0451892677794564,1388,"tags=28%, list=13%, signal=24%","CD74/IL2RG/SPI1/BRD4/ADAM8/ZBTB7B/FES/EVI2B/HCLS1/SMARCA4/SYK/SMARCD2/SOX12/TMEM64/SMARCB1/GPR65/XRCC6/ARID1A/PHF10/TESPA1/SMARCC1/PNP/NFKBID/HLA-DRB1/PBRM1/RUNX3/RHOA/LGALS9/DDRGK1/ACTB/SART1",0.45505986738723
"GO:0002886","regulation of myeloid leukocyte mediated immunity",32,0.45171858526427,1.60303389842123,0.014348570688779,0.201904887549248,0.123457148485749,2526,"tags=41%, list=24%, signal=31%","SPI1/FES/RAC2/ITGB2/SYK/VAMP8/DNASE1/LGALS9/FGR/STAP1/FCGR2B/BTK/LYN",0.380730400722792
"GO:0009165","nucleotide biosynthetic process",158,0.332447519128687,1.60190937144901,0.000386273963582203,0.0347394649421646,0.0212418596386588,2432,"tags=38%, list=23%, signal=30%","NADK/AK8/AMPD2/ADSL/TK2/NDUFB11/AFMID/AMPD3/VCP/PARP1/NAPRT/ADCY3/SDHD/NDUFB2/ANTKMT/ATP5F1D/MTHFD1/NME1/IMPDH2/NDUFA3/PNP/NDUFA1/MAP2K1/GART/ATP5F1B/ENO1/KMO/ATP5MC3/ATP5F1C/DTYMK/NDUFS8/ATP5F1E/PAICS/PFAS/PAPSS1/HPRT1/TGFB1/STOML2/GMPS/ATP5MC1/NDUFB9/NDUFA2/ATP5PB/NDUFA13/ATP5MG/SHMT1/ATP5MF/NDUFS6/ATIC/SDHA/ATP5MC2/NDUFB1/PPAT/NME3/MT-ATP6/NDUFB4/NADK2/NDUFAB1/NME2/ATP5F1A",0.49849310876659
"GO:0010574","regulation of vascular endothelial growth factor production",12,-0.604948761896858,-1.60094688180989,0.0262363702618573,0.26408725978906,0.161479300678247,752,"tags=42%, list=7%, signal=39%","EIF2AK3/RORA/IL6/STAT3/IL6ST",0.352487857583619
"GO:0010575","positive regulation of vascular endothelial growth factor production",12,-0.604948761896858,-1.60094688180989,0.0262363702618573,0.26408725978906,0.161479300678247,752,"tags=42%, list=7%, signal=39%","EIF2AK3/RORA/IL6/STAT3/IL6ST",0.352487857583619
"GO:0006119","oxidative phosphorylation",117,0.343700186987116,1.60006332264591,0.00137754819331718,0.0669872596131582,0.040960157810434,3291,"tags=50%, list=32%, signal=35%","ABCD1/NDUFB11/VCP/SHMT2/SDHD/NDUFB2/ANTKMT/ATP5F1D/NDUFA3/UQCR11/NDUFA1/COX7C/ATP5F1B/ATP5F1C/NDUFS8/RHOA/ATP5F1E/COX6C/COX5B/STOML2/UQCRH/NDUFB9/COX7A2/CHCHD2/NDUFA2/ATP5PB/COX6A1/NDUFA13/ATP5MG/COX5A/ATP5MF/UQCR10/NDUFS6/SDHA/CCNB1/NDUFB1/MT-CO1/UQCC2/MT-ATP6/NDUFB4/NDUFAB1/ATP5F1A/COX7B/UQCRC2/UQCRC1/ATP5PD/ATP5IF1/DGUOK/NDUFS2/COX6B1/ATP5ME/MT-ND4/TEFM/NDUFA6/COX4I1/NDUFS1/NDUFS3/NDUFA5/COX8A",0.45505986738723
"GO:0048871","multicellular organismal-level homeostasis",324,0.29786377437553,1.5987354648844,9.50353265516845e-05,0.0218694182770341,0.0133723163034684,1968,"tags=28%, list=19%, signal=24%","AKT1/LDB1/CHMP4B/KLF13/GAPT/CD74/TNFRSF13B/EIF4G1/IL2RG/TLR9/PSMB8/HIPK2/SPI1/G6PD/SIT1/ADAM8/ZBTB7B/CSK/PSMB4/AMPD2/BSG/PSMA2/QKI/RAC2/HCLS1/GNAS/SMARCA4/BARD1/SLC25A5/ACTG1/SYK/XKR8/FH/HSPB1/ADIPOR2/TNFSF13/APBB2/NR1D1/TMEM64/SLC15A4/ADCY3/HSCB/SIRT6/ZBTB7A/ACP5/SCRIB/DECR1/CAMLG/PWWP2B/IRF4/MTHFD1/ABAT/CASP3/RPS24/PPRC1/GPR137/ESAM/HADH/FABP5/LTB/LGALS9/FOXO1/ACTB/P2RX4/STK11/TMEM63B/PRICKLE1/ABCB10/PSMB2/DOCK11/GLUL/UBASH3B/TFE3/PECAM1/HEATR3/OAS1/ZFPM1/PSMA7/PACS1/IL7/STK39/PLCL2/ADAM17/MAP2K6/UCP2/PRMT1/MFN2/HNRNPU/NAPSA/SLC39A8/ISG15/PPARGC1B",0.538434096309916
"GO:0032535","regulation of cellular component size",162,0.331068783025573,1.59639663177583,0.000599446446288697,0.0450892717872061,0.027570372315973,1383,"tags=25%, list=13%, signal=22%","PTEN/CAPG/SH3BP1/RUFY3/SNX9/TMOD3/COTL1/PLEK/BLOC1S2/WAS/HCLS1/ADD3/VASP/ADD1/AP2M1/FLII/HSP90AA1/PDXP/HCK/VILL/ULK1/LRRC8A/ANO6/SNAPIN/LIMK1/PRKCD/CFL1/PYCARD/CARMIL2/JUP/BIN1/ESAM/VAV2/NCK2/PFN1/RHOA/BRK1/TRIOBP/CYFIP2/RNF6",0.477270815362862
"GO:0030833","regulation of actin filament polymerization",66,0.382258402851972,1.59493918570466,0.00923556866453244,0.174398839014815,0.10663824747057,1380,"tags=32%, list=13%, signal=28%","CAPG/SNX9/TMOD3/COTL1/HCLS1/ADD3/VASP/ADD1/FLII/HCK/VILL/PRKCD/CFL1/PYCARD/CARMIL2/BIN1/ESAM/NCK2/PFN1/TRIOBP/CYFIP2",0.380730400722792
"GO:0009261","ribonucleotide catabolic process",78,0.373736330342118,1.59463124967532,0.00513988043857208,0.129825559771972,0.0793833849421024,1158,"tags=26%, list=11%, signal=23%","FOXK2/LDHA/TPI1/PKM/PGK1/TIGAR/PGAM1/CBFA2T3/GIT1/GPI/PFKL/JMJD8/AMPD3/SIRT6/ZBTB7A/PFKM/EIF6/PNP/ENO1/HK2",0.407017918923954
"GO:0002295","T-helper cell lineage commitment",23,-0.507650594943697,-1.58996702669738,0.0242295740716716,0.258213176923283,0.157887522740722,1578,"tags=39%, list=15%, signal=33%","BATF/SOCS3/IL12RB1/SLAMF6/IL6/OPA1/CD69/STAT3/IL6ST",0.352487857583619
"GO:0043369","CD4-positive or CD8-positive, alpha-beta T cell lineage commitment",23,-0.507650594943697,-1.58996702669738,0.0242295740716716,0.258213176923283,0.157887522740722,1578,"tags=39%, list=15%, signal=33%","BATF/SOCS3/IL12RB1/SLAMF6/IL6/OPA1/CD69/STAT3/IL6ST",0.352487857583619
"GO:0043373","CD4-positive, alpha-beta T cell lineage commitment",23,-0.507650594943697,-1.58996702669738,0.0242295740716716,0.258213176923283,0.157887522740722,1578,"tags=39%, list=15%, signal=33%","BATF/SOCS3/IL12RB1/SLAMF6/IL6/OPA1/CD69/STAT3/IL6ST",0.352487857583619
"GO:0034162","toll-like receptor 9 signaling pathway",22,0.49799469393725,1.58974978062859,0.0243420688905198,0.258213176923283,0.157887522740722,1035,"tags=36%, list=10%, signal=33%","UNC93B1/TLR9/IRAK1/SYK/SLC15A4/PIK3AP1/GRAMD4/IRF5",0.352487857583619
"GO:1990776","response to angiotensin",17,0.530606468637493,1.58925898916693,0.0349806303531589,0.30760875000703,0.188091034279052,1248,"tags=47%, list=12%, signal=41%","CYBB/ROCK2/AGTRAP/PRKCD/CYBA/NONO/AHCYL1/ROCK1",0.321775918075361
"GO:0019693","ribose phosphate metabolic process",240,0.307748011568121,1.58849738037899,0.000455748689561076,0.0369692613473367,0.0226052952108619,2435,"tags=35%, list=23%, signal=28%","FOXK2/NADK/LDHA/HSPA8/G6PD/TPI1/PKM/AMPD2/PGK1/ADSL/NDUFB11/TIGAR/PGAM1/CBFA2T3/GIT1/GPI/PFKL/JMJD8/AMPD3/VCP/PARP1/ADCY3/SIRT6/SDHD/BPNT1/ZBTB7A/NDUFB2/ANTKMT/ATP5F1D/PFKM/NME1/IMPDH2/EIF6/NDUFA3/PNP/NDUFA1/MAP2K1/GART/ATP5F1B/ENO1/ATP5MC3/HK2/ATP5F1C/NDUFS8/FIS1/ATP5F1E/PAICS/PFAS/PAPSS1/NT5C3A/OLA1/HPRT1/TGFB1/STOML2/GMPS/ATP5MC1/NDUFB9/NDUFA2/ATP5PB/NDUFA13/ATP5MG/NUDT3/CARD11/ATP5MF/GMPR2/NDUFS6/PRKAG1/UCP2/ATIC/SDHA/NUDT5/ATP5MC2/MLST8/NDUFB1/PPAT/RHOQ/NME3/LRRK2/MT-ATP6/DHTKD1/NDUFB4/NDUFAB1/NME2/ATP5F1A/HIF1A",0.49849310876659
"GO:0009219","pyrimidine deoxyribonucleotide metabolic process",20,0.513347572208081,1.58775559114895,0.0245095601902252,0.258425843090393,0.158017560001779,2588,"tags=55%, list=25%, signal=41%","DCTPP1/NEIL1/DTYMK/NT5C3A/NTHL1/SHMT1/OGG1/MBD4/TDG/NME3/NEIL2",0.352487857583619
"GO:0016074","sno(s)RNA metabolic process",13,0.578857041504741,1.58655485762375,0.0240146702004292,0.258213176923283,0.157887522740722,2119,"tags=54%, list=20%, signal=43%","LARP7/EXOSC4/EXOSC2/EXOSC5/EXOSC10/FBL/DKC1",0.352487857583619
"GO:1902004","positive regulation of amyloid-beta formation",14,0.559377543797617,1.5863184022011,0.0454287828221323,0.356620255284936,0.218059702982669,2168,"tags=43%, list=21%, signal=34%","GSK3A/CSNK1E/ROCK2/CASP3/ABCG1/CLU",0.321775918075361
"GO:0050878","regulation of body fluid levels",119,0.339360536232018,1.58251451264311,0.0013400463579435,0.0669872596131582,0.040960157810434,1807,"tags=30%, list=17%, signal=25%","PTPRJ/GNAI2/ZBTB7B/DGKQ/CLIC1/PLEK/WAS/GNAS/ACTG1/TLN1/SYK/PLCG2/GPI/HSPB1/GP1BB/VAMP8/VKORC1/ADCY3/ANO6/PRKCD/OAS2/GNA12/HK2/VAV2/MYL9/MYH9/ACTB/ADORA2A/PRICKLE1/PLSCR1/UBASH3B/PABPC4/DGKZ/ITPR3/FUNDC2/STK39",0.45505986738723
"GO:0046530","photoreceptor cell differentiation",13,-0.59341950594543,-1.5824321629084,0.0224690863965767,0.2553698088534,0.156148911465562,1766,"tags=31%, list=17%, signal=26%","NRL/RAB37/TOPORS/STAT3",0.352487857583619
"GO:0009168","purine ribonucleoside monophosphate biosynthetic process",16,0.544273294582681,1.58202801959326,0.0231920742419838,0.257579522989804,0.157500067495316,2128,"tags=69%, list=20%, signal=55%","AMPD2/ADSL/AMPD3/IMPDH2/GART/PAICS/PFAS/HPRT1/GMPS/ATIC/PPAT",0.352487857583619
"GO:1990089","response to nerve growth factor",28,0.457497875202437,1.58161104704445,0.0232861352666634,0.257579522989804,0.157500067495316,1431,"tags=32%, list=14%, signal=28%","AKT1/BPTF/EEF2/RAPGEF1/CSNK1E/PARP1/KAT2A/RAP1A/SHOC2",0.352487857583619
"GO:1990090","cellular response to nerve growth factor stimulus",28,0.457497875202437,1.58161104704445,0.0232861352666634,0.257579522989804,0.157500067495316,1431,"tags=32%, list=14%, signal=28%","AKT1/BPTF/EEF2/RAPGEF1/CSNK1E/PARP1/KAT2A/RAP1A/SHOC2",0.352487857583619
"GO:1901292","nucleoside phosphate catabolic process",114,0.341570791687558,1.58081561240634,0.00225511048553798,0.0827613826035518,0.0506054332066647,2103,"tags=33%, list=20%, signal=27%","FOXK2/LDHA/ABCD1/TPI1/PKM/PGK1/TIGAR/PGAM1/CBFA2T3/GIT1/DCTPP1/GPI/PFKL/JMJD8/NEIL1/AMPD3/VCP/SIRT6/ZBTB7A/PFKM/NME1/EIF6/PNP/ENO1/HK2/NT5C3A/ITPA/HPRT1/NTHL1/NUDT3/SUCLG1/PRKAG1/OGG1/UCP2/MBD4/NUDT5/TDG/MLST8",0.431707695803346
"GO:0000460","maturation of 5.8S rRNA",40,0.41329018526243,1.57964998134459,0.0181988592147426,0.230946872918374,0.141215216373842,2669,"tags=45%, list=26%, signal=34%","EXOSC4/EXOSC2/BOP1/EIF6/NSA2/RPP40/NOL9/EXOSC10/TEX10/URB1/WDR18/ERI3/ABT1/MDN1/RRS1/RPS21/MTREX/NOP14",0.352487857583619
"GO:1904019","epithelial cell apoptotic process",24,-0.491243247722418,-1.57955693324361,0.0289694910048456,0.277526796095563,0.169697065238141,1115,"tags=33%, list=11%, signal=30%","ZFP36/CAST/ZFP36L1/IL6/NFKBIZ/JAK2/ATF2/RB1",0.352487857583619
"GO:0051495","positive regulation of cytoskeleton organization",94,0.349216554649426,1.57828374294701,0.00772505372735386,0.161822694283205,0.0989484139734493,1340,"tags=29%, list=13%, signal=25%","TESK1/SNX9/CDC42/FES/PLEK/GIT1/ADD3/VASP/ROCK2/PDXP/HCK/GPR65/NUP62/LIMK1/SYNPO/CFL1/PYCARD/CARMIL2/BIN1/PPP1R35/NCK2/PFN1/RHOA/SPAST/BRK1/SLAIN1/SASS6",0.407017918923954
"GO:0019319","hexose biosynthetic process",52,0.391103967881028,1.57685060186662,0.0124603959218413,0.195943692895865,0.119812105008059,1260,"tags=27%, list=12%, signal=24%","USP7/TPI1/PGK1/DGKQ/PGAM1/GPI/SORD/SIRT6/KAT2A/SIRT7/DDB1/ENO1/CRTC2/FOXO1",0.380730400722792
"GO:0051781","positive regulation of cell division",34,0.431581683461072,1.57671397194717,0.0240125485665823,0.258213176923283,0.157887522740722,1747,"tags=41%, list=17%, signal=34%","VEGFB/CDC42/YBX1/RAB11FIP3/HDGF/NUP62/CAT/RHOA/SPAST/RAB11A/CENPV/TGFB1/GIPC1/SIRT2",0.352487857583619
"GO:0140896","cGAS/STING signaling pathway",18,0.520458286953242,1.57533702958538,0.0337689876539062,0.303700656356978,0.185701383865398,547,"tags=22%, list=5%, signal=21%","AKT1/DDX41/BANF1/PARP1",0.321775918075361
"GO:0045926","negative regulation of growth",87,0.357680590306473,1.5752334114137,0.00571727184343576,0.140787819144606,0.0860863890126525,1718,"tags=32%, list=17%, signal=27%","PTEN/PTPRJ/SIPA1/GSK3A/G6PD/STK3/GNAS/SMARCA4/MT2A/PPP1R9B/IP6K2/CCDC85B/ULK1/VGLL4/TP53/YY1/ING1/CFL1/TCHP/ENO1/BST2/STK11/RNF6/TGFB1/NAIF1/OSGIN2/WWC3/TOMM70",0.407017918923954
"GO:0009994","oocyte differentiation",14,0.554519497314383,1.57254164512432,0.047644773322893,0.365689104335452,0.223604958758368,2449,"tags=43%, list=24%, signal=33%","RAB24/LSM14B/DCAF13/SIRT2/CCNB1/TUT4",0.321775918075361
"GO:0048599","oocyte development",14,0.554519497314383,1.57254164512432,0.047644773322893,0.365689104335452,0.223604958758368,2449,"tags=43%, list=24%, signal=33%","RAB24/LSM14B/DCAF13/SIRT2/CCNB1/TUT4",0.321775918075361
"GO:0032640","tumor necrosis factor production",104,0.34838633619565,1.5717127476304,0.00223947498489355,0.0827613826035518,0.0506054332066647,2809,"tags=43%, list=27%, signal=32%","MAPKAPK2/PTPRJ/PTPN6/TLR9/PSMB8/PSMB4/PSMA2/CYBB/SYK/PLCG2/IFIH1/HSPB1/DDT/SETD4/PYCARD/CYBA/OAS2/ARHGEF2/LGALS9/TIRAP/CCL3/ELF4/FRMD8/PSMB2/TGFB1/OAS1/PSMA7/ADAM17/RARA/HDAC2/PSMB1/CLU/CACTIN/FCGR2B/LRRK2/PSMB9/MIF/BTK/TLR6/RAD21/PSMA3/PTPRC/AKAP8/CLEC4A/IL27RA",0.431707695803346
"GO:0032680","regulation of tumor necrosis factor production",104,0.34838633619565,1.5717127476304,0.00223947498489355,0.0827613826035518,0.0506054332066647,2809,"tags=43%, list=27%, signal=32%","MAPKAPK2/PTPRJ/PTPN6/TLR9/PSMB8/PSMB4/PSMA2/CYBB/SYK/PLCG2/IFIH1/HSPB1/DDT/SETD4/PYCARD/CYBA/OAS2/ARHGEF2/LGALS9/TIRAP/CCL3/ELF4/FRMD8/PSMB2/TGFB1/OAS1/PSMA7/ADAM17/RARA/HDAC2/PSMB1/CLU/CACTIN/FCGR2B/LRRK2/PSMB9/MIF/BTK/TLR6/RAD21/PSMA3/PTPRC/AKAP8/CLEC4A/IL27RA",0.431707695803346
"GO:0008154","actin polymerization or depolymerization",102,0.348007408379733,1.57119862063256,0.00491722353378701,0.12714096099548,0.0777418550425694,1380,"tags=27%, list=13%, signal=24%","CAPG/SH3BP1/SNX9/TMOD3/COTL1/PLEK/WAS/HCLS1/ADD3/VASP/PPP1R9B/ADD1/FLII/PDXP/HCK/VILL/PRKCD/CFL1/ARPC4/PYCARD/CARMIL2/BIN1/ESAM/NCK2/PFN1/BRK1/TRIOBP/CYFIP2",0.407017918923954
"GO:0007179","transforming growth factor beta receptor signaling pathway",105,0.344903973933234,1.5688994662044,0.00476114714695506,0.126261959916366,0.0772043793625074,2014,"tags=31%, list=19%, signal=26%","FAM89B/GDF11/MEN1/HIPK2/SPI1/PMEPA1/FURIN/ADAM9/NREP/PEG10/SAP30L/HSP90AB1/PARP1/ZBTB7A/CREBBP/HDAC1/PPM1A/ING1/NRROS/SKI/ENG/SNW1/STK11/BRMS1/TGFB1/GIPC1/TSC22D1/GLG1/ADAM17/USP9Y/EID2/HDAC2/SAP130",0.407017918923954
"GO:0006195","purine nucleotide catabolic process",83,0.363304060993758,1.56835662485916,0.0042437048422123,0.11862301981238,0.0725334584445507,1158,"tags=24%, list=11%, signal=22%","FOXK2/LDHA/TPI1/PKM/PGK1/TIGAR/PGAM1/CBFA2T3/GIT1/GPI/PFKL/JMJD8/AMPD3/SIRT6/ZBTB7A/PFKM/EIF6/PNP/ENO1/HK2",0.407017918923954
"GO:0045055","regulated exocytosis",96,0.348722375369697,1.56714304780311,0.00545376626688182,0.135917054494519,0.0831081019491546,1406,"tags=25%, list=14%, signal=22%","MILR1/GNAI2/SPI1/FES/PLEK/RAC2/SYNGR2/ORAI1/ITGB2/GIT1/SYK/VAMP8/HCK/SDF4/FBXO45/SCRIB/SNAPIN/DVL1/RAP1A/LGALS9/MYH9/DNAJC5/CDK5/CCL3",0.407017918923954
"GO:0017015","regulation of transforming growth factor beta receptor signaling pathway",73,0.368459866890098,1.56581447553108,0.0101477168428047,0.180953036977082,0.110645889885047,2014,"tags=34%, list=19%, signal=28%","FAM89B/MEN1/HIPK2/PMEPA1/NREP/PEG10/SAP30L/HSP90AB1/ZBTB7A/CREBBP/HDAC1/PPM1A/ING1/SKI/ENG/SNW1/STK11/BRMS1/GIPC1/TSC22D1/GLG1/ADAM17/EID2/HDAC2/SAP130",0.380730400722792
"GO:1905517","macrophage migration",20,0.50599801497935,1.56502381795249,0.0283692591119021,0.274189323208149,0.167656327686762,2328,"tags=60%, list=22%, signal=47%","PTPRJ/CD81/DDT/CKLF/AKIRIN1/P2RX4/CCL3/MAPK1/RTN4/STAP1/CD9/MIF",0.352487857583619
"GO:0060562","epithelial tube morphogenesis",58,0.3873859697735,1.56502122936258,0.00768504725778379,0.161822694283205,0.0989484139734493,2078,"tags=41%, list=20%, signal=33%","CTSZ/BSG/SRF/CCM2/CSNK2B/VASP/SIRT6/SCRIB/MTHFD1/FUZ/SKI/DVL1/MTHFD1L/ENG/KDM2B/RHOA/CTNND1/DEAF1/PRICKLE1/TGFB1/DVL2/RALA/PRKD2/PKD2",0.407017918923954
"GO:0006163","purine nucleotide metabolic process",274,0.30031784043574,1.56449031795858,0.000130406188805008,0.0255450850565615,0.0156198465385825,2435,"tags=35%, list=23%, signal=28%","FOXK2/NADK/LDHA/HSPA8/G6PD/TPI1/PKM/AMPD2/PGK1/ADSL/NDUFB11/TIGAR/PGAM1/AFMID/CBFA2T3/GIT1/GPI/PFKL/JMJD8/AMPD3/VCP/PARP1/NAPRT/ADCY3/SIRT6/SDHD/BPNT1/ZBTB7A/NDUFB2/ANTKMT/ATP5F1D/PFKM/MTHFD1/NME1/IMPDH2/TP53/EIF6/NDUFA3/PNP/NDUFA1/MAP2K1/GART/ATP5F1B/ENO1/KMO/ATP5MC3/HK2/ATP5F1C/NDUFS8/FIS1/ATP5F1E/PAICS/LDHB/PFAS/PAPSS1/OLA1/HPRT1/TALDO1/TGFB1/STOML2/GMPS/TKT/ATP5MC1/NDUFB9/NDUFA2/ATP5PB/NDUFA13/SLC25A22/ATP5MG/NUDT3/CARD11/ATP5MF/GMPR2/NDUFS6/PRKAG1/UCP2/MDH1/ATIC/SDHA/NUDT5/PGLS/ATP5MC2/MLST8/NDUFB1/PPAT/RHOQ/NME3/LRRK2/MT-ATP6/DHTKD1/NDUFB4/NADK2/NDUFAB1/NME2/ATP5F1A/HIF1A",0.518848077743792
"GO:0097396","response to interleukin-17",13,-0.586266480037877,-1.56335766646057,0.0261880528212277,0.26408725978906,0.161479300678247,2553,"tags=62%, list=25%, signal=46%","TRAF5/NOTCH1/SOCS3/NFKB1/SRSF1/NFKBIZ/TRAF6/STAT3",0.352487857583619
"GO:0097398","cellular response to interleukin-17",13,-0.586266480037877,-1.56335766646057,0.0261880528212277,0.26408725978906,0.161479300678247,2553,"tags=62%, list=25%, signal=46%","TRAF5/NOTCH1/SOCS3/NFKB1/SRSF1/NFKBIZ/TRAF6/STAT3",0.352487857583619
"GO:1903232","melanosome assembly",16,-0.551266406786188,-1.56331531476342,0.022567607808595,0.255786831518239,0.156403904941351,1694,"tags=38%, list=16%, signal=31%","HPS1/AP3B1/AP1G1/HPS3/AP1S3/HPS4",0.352487857583619
"GO:0030534","adult behavior",18,-0.526819289733107,-1.56294672162703,0.0466498936861527,0.362083696397024,0.221400389128534,1105,"tags=39%, list=11%, signal=35%","BBS2/PAFAH1B1/FOSB/TSC1/INPP5F/TUBA1A/CNTNAP2",0.321775918075361
"GO:0015980","energy derivation by oxidation of organic compounds",284,0.30140519399708,1.56221727145354,0.000162688942997067,0.0255988503915789,0.0156527219931057,2717,"tags=37%, list=26%, signal=28%","FOXK2/AKT1/GSK3A/LDHA/ABCD1/TPI1/PKM/PGK1/ADSL/NDUFB11/TIGAR/PGAM1/CBFA2T3/GIT1/PRELID1/FH/GPI/PFKL/JMJD8/NR1D1/VCP/SHMT2/OXA1L/SIRT6/SDHD/ZBTB7A/NDUFB2/ANTKMT/ATP5F1D/ACO2/PFKM/GYG1/HIGD2A/EIF6/NDUFA3/UQCR11/NDUFA1/MTLN/COX7C/TRAP1/PDHB/ATP5F1B/ENO1/HK2/ATP5F1C/NDUFS8/RHOA/ATP5F1E/COX6C/ATG3/COX5B/SURF1/STOML2/UQCRH/NDUFB9/COX7A2/CHCHD2/NDUFA2/ATP5PB/COX6A1/NDUFA13/OAS1/PGM2/ATP5MG/COX5A/PHKB/ATP5MF/UQCR10/NDUFS6/SUCLG1/PRKAG1/UCP2/MFN2/MDH1/SDHA/GAA/PPP1CA/MLST8/CCNB1/NDUFB1/MT-CO1/UQCC2/STARD7/CS/MT-ATP6/VPS54/DHTKD1/NDUFB4/NDUFAB1/IDH3A/ATP5F1A/HIF1A/COX7B/PHKG2/PRKACA/PPP1R3F/UQCRC2/UQCRC1/PYGB/EPM2A/SUCLG2/ALDOC/ATP5PD/ATP5IF1/ENO3",0.518848077743792
"GO:0009117","nucleotide metabolic process",316,0.294790084007675,1.56195231284605,9.51533790153767e-05,0.0218694182770341,0.0133723163034684,2207,"tags=32%, list=21%, signal=26%","FOXK2/NADK/LDHA/AK8/HSPA8/G6PD/TPI1/PKM/AMPD2/PGK1/ADSL/TK2/NDUFB11/TIGAR/PGAM1/AFMID/CBFA2T3/GIT1/DCTPP1/GPI/PFKL/JMJD8/NEIL1/AMPD3/VCP/PARP1/NAPRT/ADCY3/SIRT6/SDHD/BPNT1/ZBTB7A/NDUFB2/ANTKMT/ATP5F1D/PFKM/MTHFD1/NME1/IMPDH2/TP53/EIF6/NDUFA3/PNP/NDUFA1/MAP2K1/GART/ATP5F1B/ENO1/KMO/ATP5MC3/HK2/ATP5F1C/DTYMK/NDUFS8/FIS1/ATP5F1E/PAICS/LDHB/PFAS/PAPSS1/NT5C3A/ITPA/OLA1/HPRT1/TALDO1/TGFB1/STOML2/GMPS/TKT/ATP5MC1/NDUFB9/NDUFA2/ATP5PB/NDUFA13/SLC25A22/ATP5MG/NTHL1/NUDT3/CARD11/SHMT1/ATP5MF/GMPR2/NDUFS6/PRKAG1/OGG1/UCP2/MBD4/MDH1/ATIC/SDHA/NUDT5/TDG/PGLS/ATP5MC2/MLST8/NDUFB1/PPAT/RHOQ/NME3/LRRK2",0.538434096309916
"GO:0048010","vascular endothelial growth factor receptor signaling pathway",23,0.47539018898055,1.56077119711639,0.0398156950178303,0.328777505566395,0.201034922017845,1161,"tags=30%, list=11%, signal=27%","MAPKAPK2/VEGFB/HSPB1/HHEX/PDCD6/HGS/VAV2",0.321775918075361
"GO:0000768","syncytium formation by plasma membrane fusion",60,0.380721047010961,1.56027322283447,0.00904215540006518,0.171593563715916,0.10492292847397,3451,"tags=60%, list=33%, signal=40%","PLEKHO1/ADAM9/CD81/RPL7/SH3PXD2A/RPL36A/RPL23/RPLP2/RPL12/CD9/RPL36/RPL41/CD53/RPL38/RPL34/RPL10/RPL7A/RPL17/RPL27/RPL15/TMEM182/RPL11/RPL39/RPL19/RPL28/RPL18/RPL9/RPL4/RPL31/UBA52/RPL18A/RPL30/RPL37/TYROBP/RPL24/CAPN2",0.380730400722792
"GO:0006949","syncytium formation",60,0.380721047010961,1.56027322283447,0.00904215540006518,0.171593563715916,0.10492292847397,3451,"tags=60%, list=33%, signal=40%","PLEKHO1/ADAM9/CD81/RPL7/SH3PXD2A/RPL36A/RPL23/RPLP2/RPL12/CD9/RPL36/RPL41/CD53/RPL38/RPL34/RPL10/RPL7A/RPL17/RPL27/RPL15/TMEM182/RPL11/RPL39/RPL19/RPL28/RPL18/RPL9/RPL4/RPL31/UBA52/RPL18A/RPL30/RPL37/TYROBP/RPL24/CAPN2",0.380730400722792
"GO:0140253","cell-cell fusion",60,0.380721047010961,1.56027322283447,0.00904215540006518,0.171593563715916,0.10492292847397,3451,"tags=60%, list=33%, signal=40%","PLEKHO1/ADAM9/CD81/RPL7/SH3PXD2A/RPL36A/RPL23/RPLP2/RPL12/CD9/RPL36/RPL41/CD53/RPL38/RPL34/RPL10/RPL7A/RPL17/RPL27/RPL15/TMEM182/RPL11/RPL39/RPL19/RPL28/RPL18/RPL9/RPL4/RPL31/UBA52/RPL18A/RPL30/RPL37/TYROBP/RPL24/CAPN2",0.380730400722792
"GO:0009259","ribonucleotide metabolic process",234,0.306212439852731,1.56019219691909,0.000246789027458299,0.0279213860101395,0.0170728640620001,2435,"tags=36%, list=23%, signal=28%","FOXK2/NADK/LDHA/HSPA8/TPI1/PKM/AMPD2/PGK1/ADSL/NDUFB11/TIGAR/PGAM1/CBFA2T3/GIT1/GPI/PFKL/JMJD8/AMPD3/VCP/PARP1/ADCY3/SIRT6/SDHD/BPNT1/ZBTB7A/NDUFB2/ANTKMT/ATP5F1D/PFKM/NME1/IMPDH2/EIF6/NDUFA3/PNP/NDUFA1/MAP2K1/GART/ATP5F1B/ENO1/ATP5MC3/HK2/ATP5F1C/NDUFS8/FIS1/ATP5F1E/PAICS/PFAS/PAPSS1/NT5C3A/OLA1/HPRT1/TGFB1/STOML2/GMPS/ATP5MC1/NDUFB9/NDUFA2/ATP5PB/NDUFA13/ATP5MG/NUDT3/CARD11/ATP5MF/GMPR2/NDUFS6/PRKAG1/UCP2/ATIC/SDHA/NUDT5/ATP5MC2/MLST8/NDUFB1/PPAT/RHOQ/NME3/LRRK2/MT-ATP6/DHTKD1/NDUFB4/NDUFAB1/NME2/ATP5F1A/HIF1A",0.49849310876659
"GO:1905037","autophagosome organization",96,-0.366667666113134,-1.55957376864691,0.00615371718845854,0.14761276057074,0.0902595807430772,3617,"tags=52%, list=35%, signal=34%","ZFYVE26/SNX18/ARFIP2/WDR45/STX17/CLN3/ATG2B/UBXN2B/RALB/TBC1D14/RETREG1/PIKFYVE/SEC22B/TRIM32/MTM1/PIP4K2B/ATG4A/PIP4K2A/PINK1/LRSAM1/TOM1/TP53INP1/RAB1A/LRBA/GABARAP/WIPI2/PIK3C3/USP33/ATG13/ATG5/STX12/BNIP3/ATG16L1/C9orf72/PIP4K2C/TMEM41B/ATG14/ATG12/RAB3GAP1/RB1CC1/WDR45B/RAB33B/TRAF6/RAB3GAP2/SPG11/UBXN2A/ATG10/MTMR3/ATM/MOAP1",0.407017918923954
"GO:1902991","regulation of amyloid precursor protein catabolic process",31,0.444302265617367,1.55944193448314,0.0192595143702179,0.237840629700273,0.145430486073244,2544,"tags=39%, list=24%, signal=29%","GSK3A/CSNK1E/ROCK2/CASP3/ABCA7/BIN1/ROCK1/RTN4/ABCG1/CLU/LYN/FKBP1A",0.352487857583619
"GO:0045590","negative regulation of regulatory T cell differentiation",15,0.538191959091435,1.55855525407646,0.0340410757176652,0.305265687057498,0.186658340529123,2648,"tags=53%, list=25%, signal=40%","PSMB8/PSMB4/PSMA2/PSMB2/PSMA7/PSMB1/PSMB9/PSMA3",0.321775918075361
"GO:0007507","heart development",146,0.325205002726753,1.55738362613864,0.00248948622107877,0.0880788869468878,0.0538568845769478,1871,"tags=27%, list=18%, signal=23%","MBD2/PTEN/GSK3A/G6PD/CDC42/FES/SRF/CCM2/ROCK2/SIRT6/NCOA6/SMG9/VGLL4/MTHFD1/SMYD2/PDLIM1/YY1/ADAP2/KAT2A/DUSP6/SKI/ECE1/DSP/PDLIM2/DVL1/ENG/HECTD1/RHOA/BASP1/ROCK1/PRICKLE1/TGFB1/ZFPM1/TOMM70/NFATC1/KAT2B/SOX4/KRAS/PDCD4/PRMT1",0.431707695803346
"GO:0060079","excitatory postsynaptic potential",27,0.46119517121115,1.55622050652285,0.0180436920446689,0.2303912160148,0.140875453341434,1319,"tags=33%, list=13%, signal=29%","PTEN/AKT1/GSK3A/HTR3A/PNOC/DVL1/P2RX5/ADORA2A/P2RX4",0.352487857583619
"GO:0060142","regulation of syncytium formation by plasma membrane fusion",54,0.391982272829628,1.55523663346541,0.0153961433275616,0.210906771344776,0.128961457558628,3451,"tags=61%, list=33%, signal=41%","PLEKHO1/ADAM9/RPL7/RPL36A/RPL23/RPLP2/RPL12/RPL36/RPL41/CD53/RPL38/RPL34/RPL10/RPL7A/RPL17/RPL27/RPL15/TMEM182/RPL11/RPL39/RPL19/RPL28/RPL18/RPL9/RPL4/RPL31/UBA52/RPL18A/RPL30/RPL37/TYROBP/RPL24/CAPN2",0.380730400722792
"GO:0002062","chondrocyte differentiation",22,-0.49099282295987,-1.55365837800587,0.044404973357016,0.351922173904167,0.215187005161116,3074,"tags=59%, list=30%, signal=42%","SMAD3/ZBTB16/CTDSPL2/DAG1/CREB3L2/RUNX2/SNX19/MEF2C/RARG/EIF2AK3/RUNX1/ATF2/RB1",0.287857117255149
"GO:1904894","positive regulation of receptor signaling pathway via STAT",21,-0.507042457475961,-1.55254195332927,0.0320467789167902,0.292020978807844,0.178559705905288,3943,"tags=71%, list=38%, signal=44%","CALM1/PTK2B/WDR48/EP300/OCIAD2/IL23A/CRLF3/NOTCH1/IL10RA/CCL5/ADIPOR1/IL12RB1/IL6/JAK2/PIBF1",0.321775918075361
"GO:0045668","negative regulation of osteoblast differentiation",19,0.496653805002823,1.55144707476277,0.028237117269271,0.274189323208149,0.167656327686762,1342,"tags=26%, list=13%, signal=23%","PTEN/MEN1/TMEM64/SKI/IPO7",0.352487857583619
"GO:0048872","homeostasis of number of cells",148,0.328356989130646,1.55109796859099,0.001900628249121,0.0794232228950868,0.0485642756903734,2526,"tags=36%, list=24%, signal=28%","AKT1/LDB1/KLF13/GAPT/CD74/TNFRSF13B/IL2RG/PSMB8/HIPK2/SPI1/G6PD/SIT1/PSMB4/PSMA2/HCLS1/SLC25A5/XKR8/TNFSF13/SLC15A4/HSCB/ZBTB7A/CAMLG/MTHFD1/CASP3/RPS24/LTB/LGALS9/TMEM63B/ABCB10/PSMB2/DOCK11/GLUL/HEATR3/ZFPM1/PSMA7/PACS1/IL7/ADAM17/PRMT1/ISG15/ZNHIT1/PSMB1/KCNQ1/PSMB9/VPS54/BAP1/SLC1A5/MIF/FLVCR1/PIK3CD/HIF1A/BTK/TRIM58/LYN",0.45505986738723
"GO:1903844","regulation of cellular response to transforming growth factor beta stimulus",74,0.366050597264047,1.55043594709852,0.00793627233046216,0.16253642886694,0.0993848354863366,2014,"tags=34%, list=19%, signal=27%","FAM89B/MEN1/HIPK2/PMEPA1/NREP/PEG10/SAP30L/HSP90AB1/ZBTB7A/CREBBP/HDAC1/PPM1A/ING1/SKI/ENG/SNW1/STK11/BRMS1/GIPC1/TSC22D1/GLG1/ADAM17/EID2/HDAC2/SAP130",0.380730400722792
"GO:1903405","protein localization to nuclear body",12,0.57081458176741,1.54999367864376,0.0360349611761316,0.309287623206756,0.189117601294953,2119,"tags=58%, list=20%, signal=47%","LARP7/CCT2/CCT6A/CCT3/CCT5/CCT8/DKC1",0.321775918075361
"GO:1904867","protein localization to Cajal body",12,0.57081458176741,1.54999367864376,0.0360349611761316,0.309287623206756,0.189117601294953,2119,"tags=58%, list=20%, signal=47%","LARP7/CCT2/CCT6A/CCT3/CCT5/CCT8/DKC1",0.321775918075361
"GO:2001239","regulation of extrinsic apoptotic signaling pathway in absence of ligand",16,0.533169903067726,1.54975401926289,0.0281753917375611,0.274189323208149,0.167656327686762,3177,"tags=56%, list=31%, signal=39%","AKT1/EYA3/HTRA2/IFI6/MCL1/MAPK7/FYN/PF4/HSPA1B",0.352487857583619
"GO:0016052","carbohydrate catabolic process",99,0.344531003344467,1.54907644904879,0.00709993619642263,0.15663567907356,0.0957767517382852,2103,"tags=34%, list=20%, signal=28%","FOXK2/LDHA/TPI1/PKM/PGK1/TIGAR/PGAM1/CBFA2T3/GIT1/GPI/PFKL/JMJD8/GLB1/SORD/SIRT6/ZBTB7A/PFKM/TP53/EIF6/ENOSF1/ENO1/HK2/ATG3/GALK1/PGM2/PHKB/PRKAG1/UCP2/GAA/NUDT5/PPP1CA/GLYCTK/FUT7/MLST8",0.407017918923954
"GO:0072593","reactive oxygen species metabolic process",104,0.343366406751507,1.54906580003274,0.00270181234198006,0.0907960821158958,0.0555183459289577,1578,"tags=29%, list=15%, signal=25%","NCF1/NCF4/GNAI2/NCF2/ABCD1/G6PD/RAC2/CYBB/ITGB2/ALOX5/SYK/PLCG2/PRDX1/VDAC1/DCXR/CBR1/TP53/CAT/PRKCD/EIF6/CCS/CYBA/TRAP1/HK2/SH3PXD2A/RHOA/DHRS4/STK17A/TGFB1/IFI6",0.431707695803346
"GO:0090092","regulation of transmembrane receptor protein serine/threonine kinase signaling pathway",106,0.340586538738147,1.54825542750069,0.00360158012270759,0.109556889467951,0.0669898650540717,2014,"tags=32%, list=19%, signal=26%","FAM89B/GDF11/MEN1/HIPK2/PMEPA1/CSNK2B/NREP/PEG10/SAP30L/UBE2O/HSP90AB1/PARP1/ZBTB7A/CREBBP/HDAC1/PPM1A/ING1/SKI/UBE2D1/ENG/SNW1/STK11/SKP1/BRMS1/TGFB1/GIPC1/TSC22D1/GLG1/ADAM17/PRMT1/EID2/SH2B1/HDAC2/SAP130",0.431707695803346
"GO:0006909","phagocytosis",119,0.331966847696281,1.54803607994235,0.00272146825776434,0.0907960821158958,0.0555183459289577,1498,"tags=25%, list=14%, signal=22%","PTPRJ/SH3BP1/NCF4/IL2RG/NCF2/CDC42/CSK/PLD4/ITGB2/SCARB1/SYK/PLCG2/XKR8/HCK/ANO6/IL15RA/LIMK1/PRKCD/ABCA7/PYCARD/CYBA/RAP1A/TMEM175/VAV2/MYH9/PIP4P2/ADORA2A/ICAM3/PLSCR1/TGFB1",0.431707695803346
"GO:0050921","positive regulation of chemotaxis",57,0.379262293756032,1.54794024863817,0.0165107899928861,0.222492306842247,0.136045571239876,1826,"tags=32%, list=18%, signal=26%","VEGFB/PTPRJ/CD74/SPI1/RAC2/HSPB1/CCR6/ANO6/AKIRIN1/LGALS9/P2RX4/TIRAP/CCL3/TGFB1/PPM1F/MAPK1/STK39/ADAM17",0.352487857583619
"GO:0043616","keratinocyte proliferation",14,-0.56698756423896,-1.54620684256321,0.0452079566003617,0.356391732430908,0.21791996996152,2587,"tags=50%, list=25%, signal=38%","AREG/NOTCH2/KLF9/ZFP36/ZFP36L1/NFKBIZ/STXBP4",0.287857117255149
"GO:0001678","intracellular glucose homeostasis",76,0.358429571575264,1.54558082576326,0.00873826134620521,0.169791516478479,0.103821045225521,1577,"tags=28%, list=15%, signal=24%","FOXK2/NCF1/NADK/USF2/SRF/GNAS/SMARCA4/OSBP/NR1D1/SMARCB1/DYNLL1/LRRC8A/GLCCI1/CYBA/HLA-DRB1/HK2/FIS1/FOXO1/TGFB1/GCLC/SRI",0.380730400722792
"GO:0003013","circulatory system process",159,0.32087641175625,1.54462315336427,0.00096009614933204,0.0598303471171659,0.0365839784150653,1577,"tags=26%, list=15%, signal=22%","PTPRJ/ERAP2/CTSZ/GSK3A/ATP2A3/CDC42/PRCP/PTGS1/GRK2/KLK1/SCARB1/ADD3/ROCK2/HSP90AA1/FXYD1/CYB5R3/AGTRAP/YWHAE/MME/ABAT/CAMK2D/MAP2K1/CYBA/ECE1/DSP/JUP/BIN1/FABP5/ENG/DMPK/SLC27A4/GNA12/ROCK1/ADORA2A/P2RX4/RANGRF/TGFB1/GCLC/ERAP1/GNA13/SRI",0.477270815362862
"GO:2000008","regulation of protein localization to cell surface",23,0.470326113732834,1.54414514346641,0.0429080825319812,0.344013057044198,0.210350881447498,1503,"tags=26%, list=14%, signal=22%","AKT1/HSP90AB1/TAX1BP3/ABCA7/RANGRF/COMMD1",0.321775918075361
"GO:0002360","T cell lineage commitment",24,-0.480172882161498,-1.54396097796816,0.0404540923174995,0.328803561090763,0.20105085397858,1578,"tags=38%, list=15%, signal=32%","BATF/SOCS3/IL12RB1/SLAMF6/IL6/OPA1/CD69/STAT3/IL6ST",0.321775918075361
"GO:0002363","alpha-beta T cell lineage commitment",24,-0.480172882161498,-1.54396097796816,0.0404540923174995,0.328803561090763,0.20105085397858,1578,"tags=38%, list=15%, signal=32%","BATF/SOCS3/IL12RB1/SLAMF6/IL6/OPA1/CD69/STAT3/IL6ST",0.321775918075361
"GO:0042551","neuron maturation",14,-0.565998332649499,-1.54350915261553,0.0452079566003617,0.356391732430908,0.21791996996152,1977,"tags=43%, list=19%, signal=35%","CLN5/FARP2/MAP3K13/KCNIP2/BCL11A/CNTNAP2",0.287857117255149
"GO:1902105","regulation of leukocyte differentiation",180,0.310579095577899,1.54348911324869,0.00114798624903706,0.0632603201000372,0.0386812762516279,1893,"tags=29%, list=18%, signal=24%","CD74/IL2RG/TLR9/PSMB8/SPI1/BRD4/ADAM8/ZBTB7B/FES/PSMB4/EVI2B/PSMA2/QKI/HCLS1/SMARCA4/SYK/PRELID1/SMARCD2/SOX12/TMEM64/SMARCB1/GPR65/XRCC6/IRF4/ARID1A/KAT2A/PHF10/TESPA1/SMARCC1/PNP/NFKBID/GPR137/HLA-DRB1/PBRM1/RUNX3/RHOA/LGALS9/DDRGK1/ACTB/SART1/CCL3/PSMB2/TGFB1/UBASH3B/TFE3/ZFPM1/PSMA7/IRF7/IL7/SOX4/RARA/RASGRP1",0.45505986738723
"GO:2000773","negative regulation of cellular senescence",12,0.568331809300173,1.5432519419176,0.0378534596681595,0.31894045345657,0.195019939331066,619,"tags=33%, list=6%, signal=31%","PTEN/YBX1/TERF2/SIRT6",0.321775918075361
"GO:0030512","negative regulation of transforming growth factor beta receptor signaling pathway",48,0.395094922379638,1.54143131736224,0.0137689660104593,0.201156972170452,0.122999826718577,2787,"tags=46%, list=27%, signal=34%","FAM89B/PMEPA1/PEG10/SAP30L/ZBTB7A/HDAC1/PPM1A/ING1/SKI/ENG/BRMS1/ADAM17/EID2/HDAC2/SAP130/SIN3A/FKBP1A/SNX25/INTS9/SMURF1/SINHCAF/RBBP7",0.380730400722792
"GO:0050858","negative regulation of antigen receptor-mediated signaling pathway",32,0.433325201206978,1.53776047573646,0.0248091358571001,0.258527443427766,0.158079684738279,2874,"tags=44%, list=28%, signal=32%","PTPRJ/CD72/PTPN6/CSK/LPXN/DGKZ/PVRIG/CBLB/FCGR2B/CBL/LYN/CEACAM1/FYN/DUSP22",0.352487857583619
"GO:0072175","epithelial tube formation",24,0.465522512213555,1.53667181038387,0.0473251504853804,0.365275801963013,0.223352240099682,2448,"tags=58%, list=24%, signal=45%","VASP/SCRIB/MTHFD1/FUZ/SKI/MTHFD1L/KDM2B/DEAF1/PRICKLE1/TGFB1/DVL2/RALA/PIK3CD/CELSR1",0.321775918075361
"GO:0019318","hexose metabolic process",123,0.332878923746745,1.53599170153873,0.00344552627473538,0.107922961291074,0.0659907802077547,2165,"tags=33%, list=21%, signal=27%","FOXK2/USP7/AKT1/G6PD/TPI1/PKM/PGK1/DGKQ/SLC35A2/PGAM1/GPI/PFKL/GLB1/PGM2L1/SORD/SIRT6/DCXR/PFKM/KAT2A/PDHB/SIRT7/DDB1/ENO1/CRTC2/POFUT1/HK2/MAN2A2/FOXO1/HECTD4/AKR1B1/OAS1/GALK1/PGM2/PRKAG1/GAA/PPP1CA/GLYCTK/FUT7/ZNF692/MAN2B1/KCNQ1",0.431707695803346
"GO:0035567","non-canonical Wnt signaling pathway",20,0.49649113428166,1.53561956282527,0.0318429952822656,0.291447945758258,0.178209318021425,3524,"tags=80%, list=34%, signal=53%","CDC42/CSNK1E/DVL1/RHOA/DAAM1/PRICKLE1/RNF213/ARHGEF19/DVL2/CELSR1/SMURF1/CCDC88C/DVL3/NPHP3/CSNK1D/RAC1",0.321775918075361
"GO:0090066","regulation of anatomical structure size",196,0.309203991464091,1.53435268945635,0.00114221681331669,0.0632603201000372,0.0386812762516279,1650,"tags=26%, list=16%, signal=22%","PTEN/CAPG/SH3BP1/RUFY3/SNX9/TMOD3/COTL1/PLEK/BLOC1S2/WAS/HCLS1/SCARB1/ADD3/VASP/ADD1/ROCK2/AP2M1/FLII/HSP90AA1/PDXP/HCK/VILL/ULK1/LRRC8A/ANO6/SNAPIN/LIMK1/PRKCD/CFL1/PYCARD/CARMIL2/MAP2K1/ECE1/JUP/BIN1/ESAM/VAV2/NCK2/PFN1/RHOA/ROCK1/BRK1/ADORA2A/TRIOBP/CYFIP2/RNF6/GCLC/RIN3/VIM/L1CAM/PECAM1",0.45505986738723
"GO:0110053","regulation of actin filament organization",142,0.324238453432606,1.5338677234897,0.00193790718367595,0.0796234645959763,0.0486867158635649,1380,"tags=26%, list=13%, signal=23%","TESK1/CAPG/SH3BP1/SNX9/TMOD3/CDC42/COTL1/PLEK/WAS/HCLS1/ACTG1/ADD3/VASP/ADD1/ROCK2/FLII/PDXP/HCK/VILL/GPR65/WASHC1/LIMK1/PRKCD/SYNPO/CFL1/PYCARD/ARHGEF18/CARMIL2/BIN1/ESAM/NCK2/PFN1/RHOA/ROCK1/BRK1/TRIOBP/CYFIP2",0.45505986738723
"GO:0048729","tissue morphogenesis",118,0.329884038285335,1.53360911619092,0.0045600018980097,0.12411005165833,0.0758885694256367,2620,"tags=42%, list=25%, signal=32%","PTEN/SH3BP1/CTSZ/CDC42/BSG/SRF/CCM2/CSNK2B/ACTG1/VASP/SIRT6/SCRIB/MTHFD1/FUZ/AHDC1/CARMIL2/SKI/DSP/CD151/DVL1/MTHFD1L/ENG/KDM2B/RHOA/CTNND1/ACTB/DEAF1/PRICKLE1/TAF10/TGFB1/KRT10/ZFPM1/ZDHHC7/ADAM17/WNT10A/DVL2/RALA/PRKD2/PKD2/MRTFA/WDR1/ARHGAP35/TTN/PIK3CD/VCL/CELSR1/TIMELESS/FKBP1A/CEACAM1/MAGED1",0.407017918923954
"GO:0050867","positive regulation of cell activation",218,0.30468191466089,1.5330552137996,0.00119599954492563,0.0634339758635555,0.038787460136735,1426,"tags=24%, list=14%, signal=21%","AKT1/PTPRJ/CD74/PTPN6/RPS6KA1/IL2RG/TLR9/SPI1/BRD4/ADAM8/ZBTB7B/CSK/ICOSLG/PLEK/TCF3/SMARCA4/CD1D/SYK/HMCES/CD81/TNFSF13/GP1BB/FCHO1/SMARCD2/SOX12/HLA-DQA1/SMARCB1/GPR65/XRCC6/JUND/ARID1A/PHF10/TESPA1/RASAL3/SMARCC1/PYCARD/PNP/NFKBID/HLA-DRB1/NCK2/PBRM1/RUNX3/RHOA/LGALS9/PMS2/DDRGK1/ACTB/TIRAP/CD24/SART1/CCL3/TYK2/CCDC88B",0.45505986738723
"GO:1903055","positive regulation of extracellular matrix organization",16,-0.540539719996243,-1.53289591403636,0.0246599395081133,0.258527443427766,0.158079684738279,1355,"tags=31%, list=13%, signal=27%","CLASP2/IL6/RUNX1/RB1/STAT3",0.352487857583619
"GO:0046324","regulation of D-glucose import across plasma membrane",23,0.466676000681138,1.53216132165148,0.0452273772120442,0.356391732430908,0.21791996996152,1064,"tags=26%, list=10%, signal=23%","AKT1/GSK3A/SIRT6/OSBPL8/PEA15/RAP1A",0.321775918075361
"GO:0035239","tube morphogenesis",238,0.3006081312396,1.53092951476743,0.00084088655841607,0.0552182173359886,0.0337638367228962,1521,"tags=25%, list=15%, signal=22%","AKT1/VEGFB/PTPRJ/CTSZ/PTPN6/GNAI2/HIPK2/ADAM8/PKM/PRCP/PGK1/BSG/QKI/CYBB/SRF/CCM2/ITGB2/CSNK2B/ACTG1/ALOX5/SYK/JMJD8/HSPB1/ADIPOR2/VASP/ROCK2/HHEX/EPN1/EHD4/SIRT6/SCRIB/MTHFD1/FUZ/PACSIN2/PDCD6/SKI/DSP/DVL1/KRIT1/JUP/MTHFD1L/RAP1A/ATP5F1B/HGS/ENG/KDM2B/HK2/VAV2/RHOA/CTNND1/ROCK1/MYH9/DEAF1/PRICKLE1/RNF213/FMNL3/TNFSF12/TGFB1/ERAP1/GLUL",0.477270815362862
"GO:0006029","proteoglycan metabolic process",50,0.391751774421826,1.53092590110195,0.0162498124399842,0.21969109171312,0.134332734882445,1634,"tags=32%, list=16%, signal=27%","ST3GAL2/CHST2/HS6ST1/GLB1/B3GALT6/HS3ST1/B3GNT2/CHPF2/CHSY1/HGSNAT/CSGALNACT1/IDUA/SGSH/XYLT1/UGDH/CHST12",0.352487857583619
"GO:0002690","positive regulation of leukocyte chemotaxis",43,0.398388470873354,1.53076440578823,0.0320450060996672,0.292020978807844,0.178559705905288,1826,"tags=33%, list=18%, signal=27%","VEGFB/PTPRJ/CD74/SPI1/RAC2/CCR6/ANO6/AKIRIN1/LGALS9/TIRAP/CCL3/MAPK1/STK39/ADAM17",0.321775918075361
"GO:0046434","organophosphate catabolic process",147,0.323668509258655,1.53034916391465,0.00200165344887153,0.0796234645959763,0.0486867158635649,1883,"tags=30%, list=18%, signal=25%","FOXK2/LDHA/ABCD1/TPI1/PKM/PGK1/PNPLA6/TIGAR/PGAM1/CBFA2T3/GIT1/SCARB1/DCTPP1/PLCG2/GPI/PFKL/JMJD8/NEIL1/AMPD3/VCP/PDXP/PLA2G4B/SIRT6/ZBTB7A/PFKM/NME1/PRKCD/EIF6/PNP/PAFAH1B3/ENO1/HK2/NT5C3A/ITPA/HPRT1/PLA2G4C/GALK1/NTHL1/NUDT3/SUCLG1/PRKAG1/OGG1/UCP2/MBD4",0.431707695803346
"GO:0046390","ribose phosphate biosynthetic process",131,0.32252891154953,1.52959223407337,0.00383073896688032,0.112951296624869,0.0690654157427121,2432,"tags=38%, list=23%, signal=30%","G6PD/AMPD2/ADSL/NDUFB11/AMPD3/VCP/PARP1/ADCY3/SDHD/NDUFB2/ANTKMT/ATP5F1D/NME1/IMPDH2/NDUFA3/NDUFA1/MAP2K1/GART/ATP5F1B/ENO1/ATP5MC3/ATP5F1C/NDUFS8/ATP5F1E/PAICS/PFAS/PAPSS1/HPRT1/TGFB1/STOML2/GMPS/ATP5MC1/NDUFB9/NDUFA2/ATP5PB/NDUFA13/ATP5MG/ATP5MF/NDUFS6/ATIC/SDHA/ATP5MC2/NDUFB1/PPAT/NME3/MT-ATP6/NDUFB4/NDUFAB1/NME2/ATP5F1A",0.431707695803346
"GO:0000045","autophagosome assembly",90,-0.361082900196791,-1.5280658123592,0.00839992193035147,0.167876700608039,0.102650208253176,3574,"tags=52%, list=34%, signal=35%","SNX18/ARFIP2/WDR45/STX17/ATG2B/UBXN2B/RALB/TBC1D14/RETREG1/PIKFYVE/SEC22B/TRIM32/MTM1/PIP4K2B/ATG4A/PIP4K2A/PINK1/LRSAM1/TOM1/TP53INP1/RAB1A/LRBA/GABARAP/WIPI2/PIK3C3/USP33/ATG13/ATG5/STX12/BNIP3/ATG16L1/C9orf72/PIP4K2C/TMEM41B/ATG14/ATG12/RAB3GAP1/RB1CC1/WDR45B/RAB33B/TRAF6/RAB3GAP2/UBXN2A/ATG10/MTMR3/ATM/MOAP1",0.380730400722792
"GO:0033619","membrane protein proteolysis",40,0.399124571121955,1.52550712262045,0.0261735004627107,0.26408725978906,0.161479300678247,2136,"tags=45%, list=21%, signal=36%","SNX9/ADAM8/FURIN/ADAM9/TIMP2/AFG3L2/ROCK1/MYH9/SPPL3/PSENEN/TGFB1/ERAP1/NCSTN/ADAM17/CLPP/NAPSA/TSPAN5/HM13",0.352487857583619
"GO:2000036","regulation of stem cell population maintenance",57,0.373733489082447,1.52537470647382,0.0202175360385558,0.244561247343583,0.149539887784006,2272,"tags=39%, list=22%, signal=30%","SMARCA4/BCL7C/SAP30L/SMARCB1/SIRT6/HDAC1/ARID1A/ING1/KAT2A/PHF10/SMARCC1/DDB1/ACTB/BRMS1/HDAC2/SAP130/ACTL6A/CUL4A/ZNF706/SIN3A/BCLAF3/SMARCD1",0.352487857583619
"GO:0031640","killing of cells of another organism",26,-0.467194577077455,-1.52281708597308,0.0404546803469176,0.328803561090763,0.20105085397858,965,"tags=23%, list=9%, signal=21%","GZMB/LGALS3/GZMA/HMGN2/GBP5/CCL28",0.321775918075361
"GO:0141061","disruption of cell in another organism",26,-0.467194577077455,-1.52281708597308,0.0404546803469176,0.328803561090763,0.20105085397858,965,"tags=23%, list=9%, signal=21%","GZMB/LGALS3/GZMA/HMGN2/GBP5/CCL28",0.321775918075361
"GO:0072522","purine-containing compound biosynthetic process",186,0.310386247834798,1.52266741595843,0.00172148426074875,0.0739036511158133,0.0451892677794564,2444,"tags=37%, list=23%, signal=29%","NADK/AMPD2/PGK1/ADSL/NDUFB11/AFMID/AMPD3/VCP/COASY/PARP1/NAPRT/ADCY3/SDHD/NDUFB2/ANTKMT/ATP5F1D/MTHFD1/NME1/IMPDH2/HACD2/NDUFA3/PNP/NDUFA1/MAP2K1/PDHB/GART/ATP5F1B/ENO1/PANK4/KMO/ATP5MC3/ATP5F1C/NDUFS8/ACSF3/ATP5F1E/PAICS/PFAS/PAPSS1/GCDH/HPRT1/TGFB1/STOML2/GMPS/FASN/ACSL5/ATP5MC1/NDUFB9/NDUFA2/ATP5PB/NDUFA13/PGM2/ATP5MG/SHMT1/ATP5MF/NDUFS6/ATIC/SDHA/ATP5MC2/NDUFB1/PPAT/ACLY/NME3/MT-ATP6/NDUFB4/NADK2/NDUFAB1/NME2/ATP5F1A/PANK3",0.45505986738723
"GO:0061136","regulation of proteasomal protein catabolic process",169,0.31093362763671,1.52081553970484,0.00173031238516285,0.0739036511158133,0.0451892677794564,2221,"tags=30%, list=21%, signal=24%","USP7/AKT1/ELOB/GSK3A/AXIN1/PSMB4/CSNK2A2/PSMA2/CSNK2B/CBFA2T3/CSNK1E/PSMD4/VCP/HSP90AB1/BAG6/TMEM259/PSMC1/SIRT6/CBX4/PSME2/CAMLG/UBB/UBQLN4/PSMB5/KAT2A/DVL1/HECTD1/GNA12/PLK3/DDRGK1/PRICKLE1/PSMB2/COMMD1/GIPC1/PSMD7/SEM1/HERPUD1/PSMA7/SIRT2/RNF185/PSMC2/RYBP/PSMC4/PSMD3/DESI1/PSMB1/CLU/PSME1/TLK2/LRRK2/PHF20L1",0.45505986738723
"GO:0034605","cellular response to heat",43,0.395373290259022,1.51917890194239,0.0347973047485405,0.307062316464072,0.187756910980357,1195,"tags=26%, list=11%, signal=23%","MAPKAPK2/IRAK1/DAXX/DNAJC2/VCP/HSP90AB1/HSP90AA1/CREBBP/YWHAE/PDCD6/HTRA2",0.321775918075361
"GO:2000045","regulation of G1/S transition of mitotic cell cycle",107,0.335373606120524,1.51863754094906,0.0051465776656039,0.129825559771972,0.0793833849421024,1484,"tags=22%, list=14%, signal=19%","PTEN/AKT1/EIF4G1/PTPN6/PSMB4/PSMA2/TCF3/SMARCA4/BCL7C/SMARCD2/SMARCB1/PSME2/ARID1A/TP53/PSMB5/TFDP1/PHF10/SMARCC1/PBRM1/PLK3/ACTB/SASS6/RPA2/PSMB2",0.407017918923954
"GO:0048488","synaptic vesicle endocytosis",44,0.39734406497487,1.51859748363687,0.0354601105532746,0.308813205509291,0.188827512942803,2483,"tags=39%, list=24%, signal=30%","DGKQ/SH3GL1/ACTG1/AP2M1/SCRIB/CTBP1/BIN1/ROCK1/MX2/ACTB/SYNJ2/CDK5/CLTA/LRRK2/ARPC3/PIP5K1C/DNM2",0.321775918075361
"GO:0006091","generation of precursor metabolites and energy",316,0.286550224091454,1.51829321794469,0.000288417048602947,0.0291019836602535,0.0177947545578728,2717,"tags=36%, list=26%, signal=27%","FOXK2/AKT1/GSK3A/LDHA/ABCD1/G6PD/TPI1/PKM/PGK1/ADSL/NDUFB11/TIGAR/PGAM1/CBFA2T3/GIT1/PRELID1/FH/GPI/PFKL/JMJD8/NR1D1/VCP/SHMT2/OXA1L/SIRT6/SDHD/ZBTB7A/CXXC5/NDUFB2/ANTKMT/ATP5F1D/ACO2/PFKM/GYG1/TP53/HIGD2A/EIF6/NDUFA3/UQCR11/NDUFA1/MTLN/COX7C/TRAP1/PDHB/ATP5F1B/ENO1/HK2/ATP5F1C/NDUFS8/RHOA/ATP5F1E/COX6C/ATG3/COX5B/SURF1/TALDO1/STOML2/UQCRH/TKT/NDUFB9/COX7A2/CHCHD2/NDUFA2/ATP5PB/COX6A1/NDUFA13/OAS1/PGM2/ATP5MG/FDX2/COX5A/PHKB/ATP5MF/UQCR10/NDUFS6/SUCLG1/PRKAG1/UCP2/MFN2/MDH1/SDHA/GAA/PPP1CA/PGLS/MLST8/CCNB1/NDUFB1/MT-CO1/UQCC2/STARD7/CS/MT-ATP6/VPS54/DHTKD1/NDUFB4/NDUFAB1/IDH3A/ATP5F1A/HIF1A/COX7B/PHKG2/PRKACA/PPP1R3F/UQCRC2/UQCRC1/PYGB/EPM2A/SUCLG2/ALDOC/ATP5PD/RPIA/ATP5IF1/ENO3",0.49849310876659
"GO:0010288","response to lead ion",12,0.558348015356568,1.51614188202117,0.0436214430560898,0.347042134467391,0.21220304691882,2171,"tags=50%, list=21%, signal=40%","PPP2CB/CAT/PLSCR1/UCP2/PPP1CA/PPP5C",0.321775918075361
"GO:1903131","mononuclear cell differentiation",284,0.292160862347802,1.51430285307863,0.000442780916587151,0.0366356930384209,0.0224013308950703,941,"tags=18%, list=9%, signal=17%","LFNG/PTPRJ/MEN1/CD74/LYL1/IL2RG/TLR9/PSMB8/SPI1/CR2/SPIB/BRD4/CDC42/ADAM8/ZBTB7B/FES/PSMB4/MS4A1/CD79A/ICOSLG/PSMA2/QKI/TCF3/HCLS1/SMARCA4/SLC25A5/CD1D/SYK/PLCG2/PRELID1/HHEX/SMARCD2/SOX12/PARP1/SMARCB1/PHF14/ZBTB7A/CCR6/GPR65/XRCC6/IRF4/LRRC8A/CD79B/ARID1A/YY1/NRROS/KAT2A/PHF10/TESPA1/SMARCC1/PNP/NFKBID",0.49849310876659
"GO:0000244","spliceosomal tri-snRNP complex assembly",35,0.413904716872906,1.51418800887899,0.0493418871788957,0.37385968362471,0.22860095678879,3109,"tags=54%, list=30%, signal=38%","SNRPE/PRPF19/TSSC4/LSM6/LSM3/DDX23/AAR2/SART1/SNRPG/SART3/DDX20/LSM7/SNRPB/PRPF4/SNU13/SNRPD2/SNRNP200/LSM2/USP39",0.321775918075361
"GO:0045619","regulation of lymphocyte differentiation",129,0.324563789765857,1.51418592630275,0.00346960450851167,0.107922961291074,0.0659907802077547,1498,"tags=26%, list=14%, signal=23%","IL2RG/TLR9/PSMB8/SPI1/BRD4/ADAM8/ZBTB7B/PSMB4/PSMA2/SMARCA4/SYK/PRELID1/SMARCD2/SOX12/SMARCB1/GPR65/XRCC6/IRF4/ARID1A/KAT2A/PHF10/TESPA1/SMARCC1/PNP/NFKBID/HLA-DRB1/PBRM1/RUNX3/RHOA/DDRGK1/ACTB/SART1/PSMB2/TGFB1",0.431707695803346
"GO:0010803","regulation of tumor necrosis factor-mediated signaling pathway",46,0.396438730022478,1.51356031192512,0.0127459652797921,0.197490855290262,0.120758135883167,1136,"tags=22%, list=11%, signal=19%","MAPKAPK2/PPP2CB/USP7/SYK/ANXA4/CARD16/ULK1/SHARPIN/PYCARD/CASP1",0.380730400722792
"GO:0009790","embryo development",231,0.295577372257878,1.51346531927221,0.000794890983942254,0.0541623359792537,0.0331182054901705,1586,"tags=24%, list=15%, signal=21%","MBD2/LFNG/HIPK2/ZNF358/CDC42/FURIN/YBX1/BLOC1S2/SRF/ITGB2/NLRP2/LAMA5/VASP/ROCK2/BAG6/HSCB/SCRIB/CREBBP/TADA3/MTHFD1/HDAC1/DCAF13/YY1/KAT2A/CDC40/FUZ/CFL1/AHDC1/PDCD6/HOXB4/SKI/ECE1/DSP/MARCKS/DVL1/MTHFD1L/PPP1R35/DDB1/ENG/SSBP3/KDM2B/DOP1B/MAP3K20/BASP1/TCOF1/ROCK1/DEAF1/PRICKLE1/TAF10/XYLT1/KLHL12/TGFB1/WDR5/UGDH/BRD3",0.477270815362862
"GO:0016525","negative regulation of angiogenesis",40,0.395843666704098,1.51296707016512,0.029663240455086,0.280175401284682,0.171316586429937,1248,"tags=28%, list=12%, signal=24%","PTPN6/PGK1/QKI/ALOX5/ROCK2/HHEX/EPN1/KRIT1/HGS/CTNND1/ROCK1",0.352487857583619
"GO:1901343","negative regulation of vasculature development",40,0.395843666704098,1.51296707016512,0.029663240455086,0.280175401284682,0.171316586429937,1248,"tags=28%, list=12%, signal=24%","PTPN6/PGK1/QKI/ALOX5/ROCK2/HHEX/EPN1/KRIT1/HGS/CTNND1/ROCK1",0.352487857583619
"GO:2000181","negative regulation of blood vessel morphogenesis",40,0.395843666704098,1.51296707016512,0.029663240455086,0.280175401284682,0.171316586429937,1248,"tags=28%, list=12%, signal=24%","PTPN6/PGK1/QKI/ALOX5/ROCK2/HHEX/EPN1/KRIT1/HGS/CTNND1/ROCK1",0.352487857583619
"GO:0014033","neural crest cell differentiation",19,0.484036076966755,1.5120318179893,0.0343013816034047,0.305829344166563,0.187002995382473,1444,"tags=32%, list=14%, signal=27%","CDC42/FBXL17/PDCD6/TCOF1/SKP1/KLHL12",0.321775918075361
"GO:0045862","positive regulation of proteolysis",41,0.400288749231107,1.51127295421675,0.0400164508830869,0.328803561090763,0.20105085397858,2018,"tags=41%, list=19%, signal=34%","SNX9/ADAM8/FURIN/ADAM9/PRELID1/BAK1/CFL1/ENO1/MYH9/CLN6/CYFIP2/PSENEN/AURKAIP1/CAPN3/TBC1D10A/HDAC2/GRN",0.321775918075361
"GO:0009132","nucleoside diphosphate metabolic process",81,0.348368103191834,1.50940703353425,0.0194724174440134,0.239754139779414,0.146600524603945,1194,"tags=25%, list=11%, signal=22%","FOXK2/LDHA/TPI1/PKM/PGK1/TIGAR/PGAM1/CBFA2T3/GIT1/GPI/PFKL/JMJD8/SIRT6/ZBTB7A/PFKM/NME1/EIF6/ENO1/HK2/DTYMK",0.352487857583619
"GO:0060395","SMAD protein signal transduction",31,0.429971570288987,1.50914309746433,0.0330961031830563,0.299603017217295,0.183195833604336,1889,"tags=35%, list=18%, signal=29%","FAM89B/GDF11/HIPK2/PMEPA1/CSNK2B/PARP1/SKI/ENG/TGFB1/EID2/SH2B1",0.321775918075361
"GO:0032635","interleukin-6 production",69,0.356105850618956,1.50885845858845,0.0170184045664278,0.226001184596202,0.138191116338593,1498,"tags=25%, list=14%, signal=21%","MAPKAPK2/CD74/PTPN6/TLR9/CSK/BSG/SYK/PLCG2/IFIH1/SETD4/PYCARD/CYBA/ARHGEF2/LGALS9/TIRAP/ELF4/TGFB1",0.352487857583619
"GO:0032675","regulation of interleukin-6 production",69,0.356105850618956,1.50885845858845,0.0170184045664278,0.226001184596202,0.138191116338593,1498,"tags=25%, list=14%, signal=21%","MAPKAPK2/CD74/PTPN6/TLR9/CSK/BSG/SYK/PLCG2/IFIH1/SETD4/PYCARD/CYBA/ARHGEF2/LGALS9/TIRAP/ELF4/TGFB1",0.352487857583619
"GO:0002686","negative regulation of leukocyte migration",19,-0.508408032224062,-1.50855764752938,0.036554701589852,0.312452067101689,0.191052538207841,1506,"tags=47%, list=14%, signal=41%","CD200/MIA3/KLRK1/DUSP1/GCSAM/CD69/PTGER4/RIPOR2/CCL28",0.321775918075361
"GO:0032418","lysosome localization",54,0.379971997206563,1.50758442589957,0.0232696584829888,0.257579522989804,0.157500067495316,2651,"tags=35%, list=25%, signal=26%","MILR1/FES/BLOC1S2/RAC2/VAMP8/PLEKHM2/SNAPIN/LGALS9/MYH9/FAM98A/FGR/VPS33B/LAT2/PIK3CD/CBL/BTK/LYN/TFEB/VPS33A",0.352487857583619
"GO:0042176","regulation of protein catabolic process",287,0.289993310084168,1.50635956903545,0.000333563020697203,0.0313625049232802,0.0191769772103908,2221,"tags=29%, list=21%, signal=23%","PTEN/USP7/AKT1/ELOB/GSK3A/SNX9/AXIN1/ZDHHC2/HIPK2/ADAM8/PSMB4/CSNK2A2/FURIN/PSMA2/DMWD/ADAM9/TIMP2/BARD1/CSNK2B/CBFA2T3/SNX1/CSNK1E/CHEK2/CD81/PSMD4/VCP/HSP90AB1/BAG6/HSP90AA1/TMEM259/PSMC1/SIRT6/CBX4/PSME2/VGLL4/CAMLG/UBB/TRAF7/UBQLN4/PSMB5/KAT2A/DVL1/CST3/HGS/DDB1/HECTD1/GNA12/EGLN2/WDR91/PLK3/ROCK1/FOXO1/DDRGK1/PRICKLE1/TNFSF12/PSMB2/COMMD1/GIPC1/PSMD7/SEM1/NDUFA13/RPL23/HERPUD1/SGSM3/PSMA7/SIRT2/KAT2B/RNF185/PSMC2/RYBP/PSMC4/TSPAN5/SNX3/PSMD3/DESI1/CUL4A/PSMB1/CLU/PSME1/TLK2/LRRK2/PHF20L1",0.49849310876659
"GO:0030098","lymphocyte differentiation",247,0.292670170512959,1.50522263705288,0.000811714969957391,0.0541623359792537,0.0331182054901705,941,"tags=19%, list=9%, signal=17%","LFNG/PTPRJ/MEN1/CD74/LYL1/IL2RG/TLR9/PSMB8/SPI1/CR2/SPIB/BRD4/ADAM8/ZBTB7B/PSMB4/MS4A1/CD79A/ICOSLG/PSMA2/TCF3/SMARCA4/SLC25A5/CD1D/SYK/PLCG2/PRELID1/HHEX/SMARCD2/SOX12/SMARCB1/PHF14/ZBTB7A/CCR6/GPR65/XRCC6/IRF4/LRRC8A/CD79B/ARID1A/YY1/KAT2A/PHF10/TESPA1/SMARCC1/PNP/NFKBID",0.477270815362862
"GO:1902903","regulation of supramolecular fiber organization",205,0.301774587022587,1.50397847151728,0.00168017216817885,0.0739036511158133,0.0451892677794564,1380,"tags=23%, list=13%, signal=21%","TESK1/PPP2CB/CAPG/SH3BP1/SNX9/HSPA8/TMOD3/CDC42/FES/COTL1/PLEK/WAS/HCLS1/ACTG1/GIT1/ADD3/FKBP4/VASP/ADD1/ROCK2/FLII/PDXP/HCK/VILL/GPR65/MID1IP1/HAUS8/ATXN7/WASHC1/LIMK1/PRKCD/SYNPO/CFL1/PYCARD/ARHGEF18/CARMIL2/ARHGEF2/BIN1/ESAM/NCK2/PFN1/RHOA/SPAST/ROCK1/BRK1/SLAIN1/TRIOBP/CYFIP2",0.45505986738723
"GO:0006094","gluconeogenesis",49,0.390795670225696,1.50346697748316,0.0142312266832186,0.201640235136122,0.123295323615332,1260,"tags=27%, list=12%, signal=23%","USP7/TPI1/PGK1/DGKQ/PGAM1/GPI/SIRT6/KAT2A/SIRT7/DDB1/ENO1/CRTC2/FOXO1",0.380730400722792
"GO:0048640","negative regulation of developmental growth",25,0.459296504990933,1.50334033408263,0.0340905843414465,0.305265687057498,0.186658340529123,2030,"tags=52%, list=20%, signal=42%","PTEN/GSK3A/G6PD/GNAS/ULK1/VGLL4/YY1/CFL1/RNF6/WWC3/TOMM70/RTN4/ARHGAP4",0.321775918075361
"GO:0000466","maturation of 5.8S rRNA from tricistronic rRNA transcript (SSU-rRNA, 5.8S rRNA, LSU-rRNA)",30,0.424323338896455,1.50226872884626,0.0474334882970709,0.365423353975758,0.223442462535444,2669,"tags=47%, list=26%, signal=35%","EXOSC2/BOP1/RPP40/NOL9/EXOSC10/TEX10/URB1/WDR18/ERI3/ABT1/MDN1/RRS1/RPS21/NOP14",0.321775918075361
"GO:0141137","positive regulation of gene expression, epigenetic",51,0.384419836341269,1.49989132465598,0.0130105023448156,0.198229474359629,0.121209773311206,2427,"tags=43%, list=23%, signal=33%","SAMD1/MEN1/SPI1/APOBEC3C/SMARCA4/ALKBH4/SMARCB1/ARID1A/TP53/APEX1/SIRT7/WDR5/KAT8/KAT2B/OGG1/KDM1B/TDG/ZNHIT1/SMARCD1/SGF29/EGR1/ALKBH1",0.380730400722792
"GO:0030097","hemopoiesis",464,0.273836861912578,1.49986614006277,6.83622250056574e-05,0.0218694182770341,0.0133723163034684,1968,"tags=27%, list=19%, signal=22%","LFNG/LDB1/PTPRJ/KLF13/MEN1/CD74/TNFRSF13B/LYL1/IL2RG/TLR9/PSMB8/MKNK2/HIPK2/SPI1/CR2/SPIB/BRD4/G6PD/CDC42/ADAM8/ZBTB7B/FES/PSMB4/MS4A1/CD79A/ICOSLG/PLEK/EVI2B/PSMA2/QKI/BLOC1S2/TCF3/HCLS1/SMARCA4/SLC25A5/CBFA2T3/CD1D/SYK/PLCG2/PRELID1/CD81/GP1BB/HHEX/SMARCD2/SOX12/TMEM64/PARP1/SMARCB1/PHF14/HSCB/ZBTB7A/NCOA6/CCR6/GPR65/XRCC6/IRF4/LRRC8A/CD79B/ARID1A/TP53/YY1/GLRX5/NRROS/KAT2A/SNX10/EIF6/PHF10/CASP3/TESPA1/SMARCC1/PNP/HOXB4/ZNF385A/NFKBID/GPR137/HLA-DRB1/BRPF1/SH3PXD2A/PBRM1/RUNX3/RHOA/LGALS9/MYH9/P2RX5/TPM4/DDRGK1/ACTB/TIRAP/PBXIP1/MTURN/SART1/ABCB10/CCL3/RBM15/PSMB2/DOCK11/TGFB1/GLUL/UBASH3B/FASN/KAT8/LBR/ANKLE1/TFE3/TSC22D1/HEATR3/ZFPM1/PSMA7/IRF7/ATP6AP1/IL7/NBEAL2/SOX4/ADAM17/UCP2/RARA/PRMT1/RASGRP1/SYVN1/MFNG/CIAPIN1/ISG15/PPARGC1B",0.538434096309916
"GO:0009145","purine nucleoside triphosphate biosynthetic process",96,0.333616483678692,1.49925783361424,0.0124931172069834,0.195943692895865,0.119812105008059,2432,"tags=39%, list=23%, signal=30%","NDUFB11/VCP/PARP1/SDHD/NDUFB2/ANTKMT/ATP5F1D/NME1/IMPDH2/NDUFA3/NDUFA1/MAP2K1/ATP5F1B/ENO1/ATP5MC3/ATP5F1C/NDUFS8/ATP5F1E/TGFB1/STOML2/ATP5MC1/NDUFB9/NDUFA2/ATP5PB/NDUFA13/ATP5MG/ATP5MF/NDUFS6/SDHA/ATP5MC2/NDUFB1/NME3/MT-ATP6/NDUFB4/NDUFAB1/NME2/ATP5F1A",0.380730400722792
"GO:0009206","purine ribonucleoside triphosphate biosynthetic process",96,0.333616483678692,1.49925783361424,0.0124931172069834,0.195943692895865,0.119812105008059,2432,"tags=39%, list=23%, signal=30%","NDUFB11/VCP/PARP1/SDHD/NDUFB2/ANTKMT/ATP5F1D/NME1/IMPDH2/NDUFA3/NDUFA1/MAP2K1/ATP5F1B/ENO1/ATP5MC3/ATP5F1C/NDUFS8/ATP5F1E/TGFB1/STOML2/ATP5MC1/NDUFB9/NDUFA2/ATP5PB/NDUFA13/ATP5MG/ATP5MF/NDUFS6/SDHA/ATP5MC2/NDUFB1/NME3/MT-ATP6/NDUFB4/NDUFAB1/NME2/ATP5F1A",0.380730400722792
"GO:0150116","regulation of cell-substrate junction organization",42,0.390623173433256,1.49890094487216,0.0348107871456731,0.307062316464072,0.187756910980357,1248,"tags=29%, list=12%, signal=25%","PTEN/LDB1/PTPRJ/LAMTOR2/ACTG1/TLN1/ROCK2/RCC2/RAB40C/CFL1/RHOA/ROCK1",0.321775918075361
"GO:0072359","circulatory system development",332,0.282873238594026,1.49865748867184,0.000194607777560204,0.0255988503915789,0.0156527219931057,1871,"tags=26%, list=18%, signal=22%","MBD2/PTEN/AKT1/VEGFB/PTPRJ/GSK3A/LYL1/PTPN6/GNAI2/HIPK2/G6PD/CDC42/ADAM8/FES/PKM/PRCP/PGK1/BSG/QKI/CYBB/SRF/CCM2/ITGB2/ACTG1/ALOX5/SYK/JMJD8/HSPB1/ADIPOR2/ROCK2/HHEX/EPN1/EHD4/SIRT6/NCOA6/SMG9/VGLL4/MTHFD1/SMYD2/PDLIM1/YY1/ADAP2/KAT2A/PACSIN2/DUSP6/PDCD6/SKI/ECE1/DSP/PDLIM2/DVL1/KRIT1/JUP/RAP1A/ATP5F1B/HGS/ENG/HECTD1/HK2/VAV2/RHOA/BASP1/CTNND1/ROCK1/MYH9/STK11/PRICKLE1/RNF213/FMNL3/TNFSF12/TGFB1/ERAP1/GLUL/GTF2I/PECAM1/ZFPM1/TOMM70/NFATC1/KAT2B/RNH1/SOX4/RTN4/KRAS/PDCD4/PRMT1",0.518848077743792
"GO:1990849","vacuolar localization",55,0.376242331092256,1.49645921627026,0.0179037598682165,0.229312243265671,0.140215702601775,2651,"tags=35%, list=25%, signal=26%","MILR1/FES/BLOC1S2/RAC2/VAMP8/PLEKHM2/SNAPIN/LGALS9/MYH9/FAM98A/FGR/VPS33B/LAT2/PIK3CD/CBL/BTK/LYN/TFEB/VPS33A",0.352487857583619
"GO:0002521","leukocyte differentiation",330,0.282124862042104,1.4962844807271,0.000260032830338511,0.0283093636608005,0.0173100976178996,1995,"tags=28%, list=19%, signal=23%","LFNG/PTPRJ/MEN1/CD74/LYL1/IL2RG/TLR9/PSMB8/SPI1/CR2/SPIB/BRD4/CDC42/ADAM8/ZBTB7B/FES/PSMB4/MS4A1/CD79A/ICOSLG/EVI2B/PSMA2/QKI/TCF3/HCLS1/SMARCA4/SLC25A5/CBFA2T3/CD1D/SYK/PLCG2/PRELID1/CD81/HHEX/SMARCD2/SOX12/TMEM64/PARP1/SMARCB1/PHF14/ZBTB7A/CCR6/GPR65/XRCC6/IRF4/LRRC8A/CD79B/ARID1A/YY1/NRROS/KAT2A/SNX10/PHF10/TESPA1/SMARCC1/PNP/NFKBID/GPR137/HLA-DRB1/SH3PXD2A/PBRM1/RUNX3/RHOA/LGALS9/MYH9/P2RX5/DDRGK1/ACTB/SART1/CCL3/PSMB2/DOCK11/TGFB1/UBASH3B/FASN/LBR/TFE3/ZFPM1/PSMA7/IRF7/ATP6AP1/IL7/SOX4/ADAM17/UCP2/RARA/RASGRP1/SYVN1/MFNG/PPARGC1B/RABL3",0.49849310876659
"GO:1903305","regulation of regulated secretory pathway",53,0.374271831222563,1.49504096026576,0.0289803180839457,0.277526796095563,0.169697065238141,1399,"tags=26%, list=13%, signal=23%","GNAI2/SPI1/FES/RAC2/ITGB2/GIT1/SYK/VAMP8/FBXO45/SNAPIN/DVL1/RAP1A/LGALS9/CDK5",0.352487857583619
"GO:0009185","ribonucleoside diphosphate metabolic process",77,0.344894694061653,1.49458855010944,0.0185940296734926,0.233810032702853,0.142965929528642,1158,"tags=23%, list=11%, signal=21%","FOXK2/LDHA/TPI1/PKM/PGK1/TIGAR/PGAM1/CBFA2T3/GIT1/GPI/PFKL/JMJD8/SIRT6/ZBTB7A/PFKM/EIF6/ENO1/HK2",0.352487857583619
"GO:0001838","embryonic epithelial tube formation",22,0.46810542038882,1.49433417350416,0.0464636070322036,0.361996124844118,0.221346842459399,2024,"tags=55%, list=19%, signal=44%","VASP/SCRIB/MTHFD1/FUZ/SKI/MTHFD1L/KDM2B/DEAF1/PRICKLE1/TGFB1/DVL2/RALA",0.321775918075361
"GO:0070527","platelet aggregation",42,0.389166017099521,1.4933095382327,0.0356064537171699,0.308813205509291,0.188827512942803,2644,"tags=48%, list=25%, signal=36%","CLIC1/PLEK/GNAS/ACTG1/TLN1/SYK/HSPB1/PRKCD/MYL9/MYH9/ACTB/UBASH3B/CD9/VPS33B/VCL/PPIA/LYN/CEACAM1/TUBB1/SH2B3",0.321775918075361
"GO:0072523","purine-containing compound catabolic process",97,0.335198861846938,1.4923746506225,0.00946804293297605,0.175566869215845,0.107352453450003,1158,"tags=23%, list=11%, signal=20%","FOXK2/LDHA/ABCD1/TPI1/PKM/PGK1/TIGAR/PGAM1/CBFA2T3/GIT1/GPI/PFKL/JMJD8/AMPD3/SIRT6/ZBTB7A/PFKM/NME1/EIF6/PNP/ENO1/HK2",0.380730400722792
"GO:0006356","regulation of transcription by RNA polymerase I",38,0.399970015905524,1.48981769400876,0.0371038480973024,0.315387541535384,0.192847469016281,2204,"tags=39%, list=21%, signal=31%","SMARCA4/PWP1/SMARCB1/CARM1/CREBBP/UBTF/DEK/SMARCA5/SIRT7/POLR2L/MYO1C/PHF8/POLR2K/NCL/MYBBP1A",0.321775918075361
"GO:0046889","positive regulation of lipid biosynthetic process",50,0.381183565600545,1.48962642099971,0.0216823335668214,0.250186430204222,0.152979472848612,2103,"tags=36%, list=20%, signal=29%","CTDNEP1/AKT1/CD74/ABCD1/QKI/SCARB1/NR1D1/MID1IP1/PRKCD/PITPNM2/PLCH2/MAPK1/KPNB1/SIRT2/KAT2B/LPGAT1/ABCG1/MLST8",0.352487857583619
"GO:1901739","regulation of myoblast fusion",52,0.369245571304722,1.4887220513333,0.0283648870306704,0.274189323208149,0.167656327686762,3570,"tags=62%, list=34%, signal=41%","PLEKHO1/RPL7/RPL36A/RPL23/RPLP2/RPL12/RPL36/RPL41/CD53/RPL38/RPL34/RPL10/RPL7A/RPL17/RPL27/RPL15/TMEM182/RPL11/RPL39/RPL19/RPL28/RPL18/RPL9/RPL4/RPL31/UBA52/RPL18A/RPL30/RPL37/RPL24/CAPN2/RPL5",0.352487857583619
"GO:0006509","membrane protein ectodomain proteolysis",29,0.442331801667549,1.48812186885589,0.0350429327820596,0.30760875000703,0.188091034279052,2040,"tags=41%, list=20%, signal=33%","SNX9/ADAM8/FURIN/ADAM9/TIMP2/ROCK1/MYH9/PSENEN/ERAP1/NCSTN/ADAM17/TSPAN5",0.321775918075361
"GO:0009260","ribonucleotide biosynthetic process",126,0.319345257170666,1.48514084889736,0.00974013880693313,0.177510811648821,0.108541100205952,2432,"tags=39%, list=23%, signal=30%","AMPD2/ADSL/NDUFB11/AMPD3/VCP/PARP1/ADCY3/SDHD/NDUFB2/ANTKMT/ATP5F1D/NME1/IMPDH2/NDUFA3/NDUFA1/MAP2K1/GART/ATP5F1B/ENO1/ATP5MC3/ATP5F1C/NDUFS8/ATP5F1E/PAICS/PFAS/PAPSS1/HPRT1/TGFB1/STOML2/GMPS/ATP5MC1/NDUFB9/NDUFA2/ATP5PB/NDUFA13/ATP5MG/ATP5MF/NDUFS6/ATIC/SDHA/ATP5MC2/NDUFB1/PPAT/NME3/MT-ATP6/NDUFB4/NDUFAB1/NME2/ATP5F1A",0.380730400722792
"GO:0005996","monosaccharide metabolic process",132,0.317379581613023,1.48421663997076,0.00462380636386982,0.124541603197176,0.076152446754498,2165,"tags=32%, list=21%, signal=26%","FOXK2/USP7/AKT1/G6PD/TPI1/PKM/PGK1/DGKQ/SLC35A2/PGAM1/GPI/PFKL/GLB1/PGM2L1/SORD/SIRT6/DCXR/PFKM/KAT2A/PDHB/SIRT7/DDB1/ENO1/CRTC2/POFUT1/HK2/MAN2A2/FOXO1/HECTD4/AKR1B1/OAS1/GALK1/PGM2/PRKAG1/GAA/NUDT5/PPP1CA/GLYCTK/FUT7/ZNF692/MAN2B1/KCNQ1",0.407017918923954
"GO:0032271","regulation of protein polymerization",110,0.328616898314398,1.48409941139437,0.00622670134126602,0.14761276057074,0.0902595807430772,1563,"tags=27%, list=15%, signal=23%","PPP2CB/CAPG/SNX9/TMOD3/FES/COTL1/HCLS1/GIT1/ADD3/FKBP4/VASP/ADD1/FLII/HSP90AA1/HCK/VILL/HAUS8/PRKCD/CFL1/PYCARD/CARMIL2/BIN1/ESAM/NCK2/PFN1/SLAIN1/TRIOBP/CYFIP2/TBCD/PRUNE1",0.407017918923954
"GO:0043009","chordate embryonic development",83,0.3435612404584,1.48312833620382,0.011569327321636,0.19068648258808,0.116597521144007,1498,"tags=29%, list=14%, signal=25%","LFNG/ZNF358/FURIN/SRF/VASP/SCRIB/MTHFD1/FUZ/PDCD6/HOXB4/SKI/DSP/MARCKS/DVL1/MTHFD1L/SSBP3/KDM2B/TCOF1/DEAF1/PRICKLE1/TAF10/XYLT1/KLHL12/TGFB1",0.380730400722792
"GO:0036465","synaptic vesicle recycling",50,0.378748815880981,1.48011166790412,0.0232736543822131,0.257579522989804,0.157500067495316,1399,"tags=26%, list=13%, signal=23%","DGKQ/SH3GL1/ACTG1/GIT1/AP2M1/SCRIB/CTBP1/BIN1/ROCK1/MX2/ACTB/SYNJ2/CDK5",0.352487857583619
"GO:0002009","morphogenesis of an epithelium",102,0.327371366955484,1.47803014478874,0.0111331064000147,0.186468263873931,0.114018241065852,2476,"tags=41%, list=24%, signal=32%","PTEN/SH3BP1/CTSZ/CDC42/BSG/SRF/CCM2/CSNK2B/ACTG1/VASP/SIRT6/SCRIB/MTHFD1/FUZ/CARMIL2/SKI/CD151/DVL1/MTHFD1L/ENG/KDM2B/RHOA/CTNND1/ACTB/DEAF1/PRICKLE1/TGFB1/KRT10/ZDHHC7/ADAM17/WNT10A/DVL2/RALA/PRKD2/PKD2/MRTFA/WDR1/ARHGAP35/PIK3CD/VCL/CELSR1/TIMELESS",0.380730400722792
"GO:1901880","negative regulation of protein depolymerization",38,0.39659385638652,1.47724209586593,0.0411588750907209,0.333217742172823,0.203749957580805,1007,"tags=29%, list=10%, signal=26%","CAPG/TMOD3/ADD3/ADD1/FLII/VILL/MID1IP1/ATXN7/CFL1/CARMIL2/ARHGEF2",0.321775918075361
"GO:0001525","angiogenesis",183,0.298701857530245,1.47720815055153,0.00395474927880063,0.112951296624869,0.0690654157427121,1521,"tags=25%, list=15%, signal=22%","AKT1/VEGFB/PTPRJ/PTPN6/GNAI2/HIPK2/ADAM8/PKM/PRCP/PGK1/BSG/QKI/CYBB/SRF/CCM2/ITGB2/ACTG1/ALOX5/SYK/JMJD8/HSPB1/ADIPOR2/ROCK2/HHEX/EPN1/EHD4/SIRT6/PACSIN2/PDCD6/KRIT1/JUP/ATP5F1B/HGS/ENG/HK2/VAV2/RHOA/CTNND1/ROCK1/MYH9/RNF213/FMNL3/TNFSF12/TGFB1/ERAP1/GLUL",0.407017918923954
"GO:0007015","actin filament organization",236,0.288541603472428,1.47340935195662,0.00173281463820012,0.0739036511158133,0.0451892677794564,1460,"tags=24%, list=14%, signal=21%","TESK1/MYO7B/CAPG/SH3BP1/RUFY3/SNX9/TMOD3/CDC42/CAP1/COTL1/PLEK/RAC2/WAS/HCLS1/ACTG1/ADD3/TMSB10/VASP/PPP1R9B/ARPC1B/ADD1/ROCK2/FLII/PDXP/MYO19/HCK/CORO2B/VILL/GPR65/PDLIM1/WASHC1/LIMK1/PRKCD/SYNPO/CFL1/ARPC4/PYCARD/ARHGEF18/CARMIL2/MARCKS/ARHGEF2/BIN1/ESAM/CNN2/NCK2/PFN1/RHOA/MYL9/ROCK1/EFHD2/BRK1/TPM4/TRIOBP/CYFIP2/MARCKSL1/MYO1C/IQGAP1",0.45505986738723
"GO:0043368","positive T cell selection",30,-0.441836135350807,-1.47278542646204,0.0394267937319324,0.327108819544886,0.200014584073409,1578,"tags=30%, list=15%, signal=26%","BATF/SOCS3/IL12RB1/SLAMF6/IL6/OPA1/CD69/STAT3/IL6ST",0.321775918075361
"GO:1902905","positive regulation of supramolecular fiber organization",86,0.34368302545738,1.47170511327566,0.0110212588590254,0.185701546497984,0.11354942259356,1284,"tags=27%, list=12%, signal=24%","TESK1/SNX9/CDC42/FES/PLEK/GIT1/VASP/ROCK2/PDXP/HCK/GPR65/LIMK1/SYNPO/CFL1/PYCARD/CARMIL2/BIN1/NCK2/PFN1/RHOA/SPAST/BRK1/SLAIN1",0.380730400722792
"GO:0034109","homotypic cell-cell adhesion",50,0.376471277401319,1.47121128026856,0.0244671467686191,0.258425843090393,0.158017560001779,2644,"tags=46%, list=25%, signal=34%","CLIC1/PLEK/GNAS/ACTG1/TLN1/SYK/HSPB1/PRKCD/MAP2K1/DSP/JUP/MYL9/MYH9/ACTB/UBASH3B/CD9/VPS33B/VCL/PPIA/LYN/CEACAM1/TUBB1/SH2B3",0.352487857583619
"GO:0007265","Ras protein signal transduction",67,0.347806496635232,1.47078873313935,0.0369453591990103,0.31514010516764,0.192696171101882,2256,"tags=36%, list=22%, signal=28%","PPP2CB/DOK3/GNB1/GRAP/DOK1/RAPGEF5/RAPGEF1/RASGEF1B/TP53/NUP62/RASA4/RASAL3/DOK2/RIT1/SHOC2/KRAS/MFN2/RASGRP1/RABL3/RALA/PPP1CA/RSU1/RRAS2/RASGRP2",0.321775918075361
"GO:0018205","peptidyl-lysine modification",98,-0.340021778663418,-1.46981805241573,0.0142810222129282,0.201640235136122,0.123295323615332,1206,"tags=23%, list=12%, signal=21%","CDKN2A/PIAS1/ESCO1/SENP1/SUMO3/MUL1/METTL18/HDAC4/LIPT2/BCL11A/RANBP2/SIRT3/TRIM38/SENP6/EID3/SENP5/SLF1/VCPKMT/SMC5/TOPORS/UHRF2/NSMCE3/MDM2",0.380730400722792
"GO:0048738","cardiac muscle tissue development",55,0.369460592225614,1.46948565484281,0.0235935267880022,0.258213176923283,0.157887522740722,1871,"tags=31%, list=18%, signal=25%","MBD2/GSK3A/G6PD/FES/SIRT6/VGLL4/YY1/KAT2A/SKI/DSP/ENG/PRICKLE1/TGFB1/ZFPM1/TOMM70/KRAS/PRMT1",0.352487857583619
"GO:0015914","phospholipid transport",61,0.360661884887791,1.46872128659025,0.0213349410616491,0.248441772790084,0.151912681291218,2172,"tags=41%, list=21%, signal=33%","CLPTM1L/PITPNA/ATP11B/SCARB1/PRELID1/XKR8/OSBP/SLC66A2/OSBPL8/ANO6/ABCA7/PITPNM2/VAT1/GLTP/VDAC2/TMEM63B/PLSCR1/PRELID3B/ABCB4/OSBPL11/ABCC1/ABCG1/ESYT1/ATP11C/STARD7",0.352487857583619
"GO:0007389","pattern specification process",60,0.358116111993875,1.46763354586369,0.0234774232908726,0.257628912876234,0.157530267529682,1379,"tags=27%, list=13%, signal=23%","LFNG/SRF/HHEX/TIGD5/RFNG/HOXB4/SKI/DSP/DVL1/ENG/SSBP3/KDM2B/DOP1B/BASP1/PRICKLE1/TAF10",0.352487857583619
"GO:0062014","negative regulation of small molecule metabolic process",47,0.381423463166395,1.46759573779517,0.0213188145640468,0.248441772790084,0.151912681291218,829,"tags=23%, list=8%, signal=22%","USP7/AKT1/PGK1/PLEK/TIGAR/CBFA2T3/GIT1/PARP1/SIRT6/TP53/KAT2A",0.352487857583619
"GO:0032755","positive regulation of interleukin-6 production",47,0.381418660657792,1.46757725927501,0.0213188145640468,0.248441772790084,0.151912681291218,1498,"tags=28%, list=14%, signal=24%","CD74/TLR9/BSG/SYK/PLCG2/IFIH1/SETD4/PYCARD/CYBA/ARHGEF2/LGALS9/TIRAP/TGFB1",0.352487857583619
"GO:0000082","G1/S transition of mitotic cell cycle",143,0.30549642885145,1.46692989978475,0.00874198525741263,0.169791516478479,0.103821045225521,2205,"tags=30%, list=21%, signal=24%","PTEN/AKT1/EIF4G1/PTPN6/PSMB4/PSMA2/TCF3/SMARCA4/BCL7C/CDC34/SMARCD2/SMARCB1/CCNI/PSME2/KHDRBS1/ARID1A/TP53/PSMB5/TFDP1/PHF10/SMARCC1/PBRM1/PLK3/ACTB/SASS6/RPA2/SKP1/PSMB2/GPR132/EIF4EBP1/DGKZ/PSMA7/ADAM17/ZNF324/PHF8/CCNG2/ACTL6A/PKD2/CUL4A/CCNB1/PSMB1/PSME1/RCC1",0.380730400722792
"GO:0140238","presynaptic endocytosis",48,0.375823448969586,1.46624520141054,0.0259652352379651,0.26408725978906,0.161479300678247,2483,"tags=38%, list=24%, signal=29%","DGKQ/SH3GL1/ACTG1/AP2M1/SCRIB/CTBP1/BIN1/ROCK1/MX2/ACTB/SYNJ2/CDK5/CLTA/LRRK2/AAK1/ARPC3/PIP5K1C/DNM2",0.352487857583619
"GO:1903706","regulation of hemopoiesis",228,0.290505737738616,1.46619621689754,0.00221573475407671,0.0827613826035518,0.0506054332066647,1968,"tags=28%, list=19%, signal=23%","LDB1/KLF13/CD74/IL2RG/TLR9/PSMB8/SPI1/BRD4/ADAM8/ZBTB7B/FES/PSMB4/EVI2B/PSMA2/QKI/HCLS1/SMARCA4/SYK/PRELID1/SMARCD2/SOX12/TMEM64/SMARCB1/GPR65/XRCC6/IRF4/ARID1A/KAT2A/EIF6/PHF10/TESPA1/SMARCC1/PNP/NFKBID/GPR137/HLA-DRB1/BRPF1/PBRM1/RUNX3/RHOA/LGALS9/DDRGK1/ACTB/MTURN/SART1/ABCB10/CCL3/RBM15/PSMB2/TGFB1/GLUL/UBASH3B/TFE3/TSC22D1/ZFPM1/PSMA7/IRF7/IL7/SOX4/RARA/PRMT1/RASGRP1/ISG15/PPARGC1B",0.431707695803346
"GO:0006892","post-Golgi vesicle-mediated transport",100,-0.33992021580485,-1.46610633820865,0.0172424354660835,0.227171832876393,0.138906923173714,2712,"tags=35%, list=26%, signal=26%","EXOC5/GOLGA4/VAMP4/VTI1B/RAB14/ANKFY1/KLHL20/RP2/AP3M2/EXOC1/LYPLAL1/TM9SF4/SCAMP1/ACSL3/ARFGEF2/EXOC8/PREPL/CNST/VPS13C/BBS2/SORL1/RAB34/BLZF1/AP1G1/RBSN/VAMP2/DOP1A/RAB31/EXOC4/GGA1/CCDC91/MACF1/MON2/NSF/VTI1A",0.352487857583619
"GO:0006470","protein dephosphorylation",60,0.357701637014239,1.46593494207665,0.0242286850587863,0.258213176923283,0.157887522740722,859,"tags=20%, list=8%, signal=18%","CTDNEP1/PPP2CB/PTEN/PTPRJ/PTPN6/PTPN12/PTPRE/PPP2R3B/PDXP/CTDSP1/PPM1A/DUSP6",0.352487857583619
"GO:0050865","regulation of cell activation",348,0.275039575717749,1.46438651235798,0.000271539818325559,0.0287964920481144,0.0176079580727614,1509,"tags=22%, list=15%, signal=20%","AKT1/PTPRJ/MILR1/CD74/TNFRSF13B/PTPN6/RPS6KA1/IL2RG/TLR9/PSMB8/LST1/SPI1/BRD4/SIT1/ADAM8/ZBTB7B/CSK/PTPRE/PSMB4/ICOSLG/PLEK/PSMA2/RAC2/TCF3/SMARCA4/CD1D/TNFRSF21/SYK/PRELID1/HMCES/CD81/TNFSF13/GP1BB/FCHO1/NR1D1/SMARCD2/SOX12/PAG1/HLA-DQA1/SLC15A4/SMARCB1/GPR65/SCRIB/XRCC6/IRF4/JUND/ARID1A/KAT2A/PRKCD/PHF10/TESPA1/RASAL3/SMARCC1/PYCARD/PNP/NFKBID/HLA-DRB1/DDB1/NCK2/PBRM1/RUNX3/TNFAIP8L2/RHOA/LGALS9/PMS2/DDRGK1/ACTB/TIRAP/CD24/SART1/CCL3/TYK2/CCDC88B/PLSCR1/PSMB2/TGFB1/GCLC",0.49849310876659
"GO:0071559","response to transforming growth factor beta",129,0.313887441570465,1.46437760913516,0.00694246885737221,0.156092356863852,0.095444530901367,2014,"tags=30%, list=19%, signal=25%","FAM89B/GDF11/MEN1/HIPK2/SPI1/PMEPA1/FURIN/ADAM9/NREP/PEG10/ROCK2/SAP30L/HSP90AB1/PARP1/ZBTB7A/CREBBP/HDAC1/PPM1A/ING1/NRROS/SKI/ENG/SNW1/RUNX3/ROCK1/SOX5/STK11/BRMS1/TGFB1/GIPC1/TSC22D1/WWOX/GLG1/ADAM17/WNT10A/USP9Y/EID2/HDAC2/SAP130",0.407017918923954
"GO:0001503","ossification",131,0.308482573379645,1.4629775244692,0.00863539476691586,0.169791516478479,0.103821045225521,1967,"tags=29%, list=19%, signal=24%","ALYREF/PTEN/AKT1/MEN1/TCIRG1/BMP2K/MINPP1/ALOX5/GIT1/TMEM64/RRBP1/BMP3/CHSY1/ANO6/CAT/RSL1D1/SKI/EBP/SIRT7/ATP5F1B/ANKH/RUNX3/RHOA/TPM4/IPO7/PRICKLE1/XYLT1/HSPE1/CCL3/FASN/ZHX3/FBL/GTPBP4/MAP2K6/FBXO5/HNRNPU/PSMC2/ISG15",0.380730400722792
"GO:0000288","nuclear-transcribed mRNA catabolic process, deadenylation-dependent decay",63,-0.367621331417715,-1.46147618282041,0.0304821392567823,0.284660519425076,0.174059065341447,2031,"tags=33%, list=20%, signal=27%","POLR2G/CPEB3/TNRC6C/HELZ/ZFP36L2/TNRC6B/CSDE1/CNOT2/ZFP36/DCP2/PATL2/DDX6/PARN/SAMD4A/BTG2/ZFP36L1/TNRC6A/CNOT1/DIS3/NT5C3B/XRN1",0.352487857583619
"GO:0051784","negative regulation of nuclear division",38,-0.41128014486588,-1.46137895857374,0.0442930153321976,0.351708645737623,0.215056440820238,2382,"tags=39%, list=23%, signal=31%","IK/DYNC1H1/DYNLRB1/TOM1L2/TPR/ZNF207/RAD1/USP44/KNTC1/DYNLT3/GEN1/DUSP1/DYNC1LI1/MAD1L1/ATM",0.282013350011725
"GO:0033500","carbohydrate homeostasis",113,0.314937972576643,1.46128317460287,0.0106476568638042,0.184306930734552,0.112696668173019,1958,"tags=30%, list=19%, signal=25%","FOXK2/NCF1/PTPRJ/NADK/USF2/CYB561A3/SRF/GNAS/SMARCA4/ALOX5/ADIPOR2/OSBP/NR1D1/SMARCB1/DYNLL1/SIRT6/LRRC8A/GLCCI1/CYBA/HLA-DRB1/CRTC2/HK2/FIS1/FOXO1/HECTD4/STK11/TGFB1/GCLC/SRI/OAS1/SOX4/UCP2/TSC22D4/RRAGA",0.380730400722792
"GO:0045582","positive regulation of T cell differentiation",71,0.350322228591465,1.46001967941388,0.0261133314961298,0.26408725978906,0.161479300678247,1893,"tags=37%, list=18%, signal=30%","IL2RG/BRD4/ADAM8/ZBTB7B/SMARCA4/SMARCD2/SOX12/SMARCB1/GPR65/ARID1A/PHF10/TESPA1/SMARCC1/PNP/NFKBID/HLA-DRB1/PBRM1/RUNX3/RHOA/ACTB/SART1/TGFB1/IL7/SOX4/RARA/RASGRP1",0.352487857583619
"GO:0048646","anatomical structure formation involved in morphogenesis",360,0.27560172730365,1.45987546676612,0.000278428736264098,0.0287964920481144,0.0176079580727614,1521,"tags=22%, list=15%, signal=20%","LFNG/AKT1/VEGFB/PTPRJ/PTPN6/GNAI2/HIPK2/TMOD3/PLEKHO1/ADAM8/PKM/PRCP/PGK1/FURIN/BSG/QKI/ADAM9/CYBB/SRF/GNAS/CCM2/ITGB2/SOCS7/ACTG1/ALOX5/SYK/JMJD8/HSPB1/ADIPOR2/RELT/CD81/VASP/ROCK2/HHEX/TIGD5/FLII/EPN1/EHD4/OBSCN/SIRT6/SCRIB/MTHFD1/HDAC1/RPL7/FUZ/PACSIN2/CASP3/AHDC1/PDCD6/SKI/KRIT1/JUP/MTHFD1L/ATP5F1B/HGS/ENG/SSBP3/KDM2B/HK2/VAV2/SH3PXD2A/RHOA/MYL9/CTNND1/TCOF1/ROCK1/MIOS/MYH9/TPM4/DEAF1/PRICKLE1/TAF10/RNF213/RPL36A/KLHL12/FMNL3/TNFSF12/TGFB1/ERAP1/GLUL",0.49849310876659
"GO:0098609","cell-cell adhesion",368,0.273663704430058,1.45903289786563,0.000541223438690282,0.0430584878050326,0.0263286252603524,1893,"tags=26%, list=18%, signal=22%","AKT1/PTPN6/IL2RG/PSMB8/ZDHHC2/SPI1/TMOD3/CHST2/BRD4/LIMS2/ADAM8/ZBTB7B/CSK/IRAK1/PSMB4/BSG/CLIC1/ICOSLG/PLEK/PSMA2/RAC2/ADAM9/GNAS/SMARCA4/ITGB2/ACTG1/ALOX5/TLN1/CD1D/TNFRSF21/SYK/HSPB1/CD81/FCHO1/SMARCD2/SKAP1/SOX12/PAG1/HLA-DQA1/SMARCB1/GPR65/SCRIB/ARID1A/PDLIM1/PRKCD/PHF10/TESPA1/RASAL3/SMARCC1/PYCARD/PNP/NFKBID/MAP2K1/DSP/JUP/ESAM/HLA-DRB1/NCK2/PBRM1/RUNX3/TNFAIP8L2/RHOA/LGALS9/MYL9/CTNND1/ROCK1/MYH9/ACTB/CD24/PRICKLE1/CYFIP2/SART1/ICAM3/TYK2/CCDC88B/PSMB2/TGFB1/PODXL2/UBASH3B/PPM1F/CD58/L1CAM/PECAM1/PSMA7/PIEZO1/CARD11/TNFRSF14/IL7/CBLB/GTPBP4/HLA-DRB5/SOX4/RARA/PCDH9/RASGRP1",0.477270815362862
"GO:0002263","cell activation involved in immune response",178,0.291106885708697,1.45212497997145,0.0062137717666815,0.14761276057074,0.0902595807430772,1525,"tags=21%, list=15%, signal=19%","LFNG/MILR1/MEN1/CD1C/GAPT/CD74/PTPN6/PSMB8/SPI1/BRD4/FES/PSMB4/PSMA2/RAC2/ITGB2/SYK/PLCG2/HMCES/CD81/TNFSF13/VAMP8/SLC15A4/PHF14/CCR6/IRF4/DNASE1/PYCARD/NFKBID/HLA-DRB1/NMI/LGALS9/PMS2/DDRGK1/CCL3/PSMB2/DOCK11/TGFB1/PCYT1A",0.407017918923954
"GO:2000059","negative regulation of ubiquitin-dependent protein catabolic process",49,0.377128160714266,1.45088540920989,0.0213790841463064,0.248441772790084,0.151912681291218,2221,"tags=35%, list=21%, signal=27%","USP7/HIPK2/CSNK2A2/DMWD/CSNK2B/HSP90AB1/BAG6/CBX4/CAMLG/KAT2A/DDRGK1/GIPC1/RPL23/KAT2B/RYBP/TLK2/PHF20L1",0.352487857583619
"GO:0090316","positive regulation of intracellular protein transport",67,0.342650135829629,1.44898374257635,0.0453659867799493,0.356620255284936,0.218059702982669,1498,"tags=25%, list=14%, signal=22%","AKT1/RUFY3/TRIM28/ZDHHC2/HCLS1/CD81/HSP90AA1/SIRT6/YWHAE/MLLT6/PRKCD/JUP/IPO5/ANP32B/PLK3/SEC13/TGFB1",0.321775918075361
"GO:0009201","ribonucleoside triphosphate biosynthetic process",100,0.322268072353696,1.44783085794728,0.0142675531112425,0.201640235136122,0.123295323615332,2432,"tags=37%, list=23%, signal=29%","NDUFB11/VCP/PARP1/SDHD/NDUFB2/ANTKMT/ATP5F1D/NME1/IMPDH2/NDUFA3/NDUFA1/MAP2K1/ATP5F1B/ENO1/ATP5MC3/ATP5F1C/NDUFS8/ATP5F1E/TGFB1/STOML2/ATP5MC1/NDUFB9/NDUFA2/ATP5PB/NDUFA13/ATP5MG/ATP5MF/NDUFS6/SDHA/ATP5MC2/NDUFB1/NME3/MT-ATP6/NDUFB4/NDUFAB1/NME2/ATP5F1A",0.380730400722792
"GO:0032434","regulation of proteasomal ubiquitin-dependent protein catabolic process",99,0.321798840280395,1.44686835138368,0.0219416916238408,0.250753531071352,0.153326233428851,1550,"tags=25%, list=15%, signal=22%","USP7/AKT1/ELOB/GSK3A/AXIN1/CSNK2A2/CSNK2B/CBFA2T3/CSNK1E/VCP/HSP90AB1/BAG6/SIRT6/CBX4/CAMLG/UBQLN4/KAT2A/DVL1/HECTD1/GNA12/PLK3/DDRGK1/PRICKLE1/COMMD1/GIPC1",0.352487857583619
"GO:0048514","blood vessel morphogenesis",197,0.291382566888327,1.44617382168344,0.00270883003637481,0.0907960821158958,0.0555183459289577,1521,"tags=24%, list=15%, signal=21%","AKT1/VEGFB/PTPRJ/PTPN6/GNAI2/HIPK2/ADAM8/PKM/PRCP/PGK1/BSG/QKI/CYBB/SRF/CCM2/ITGB2/ACTG1/ALOX5/SYK/JMJD8/HSPB1/ADIPOR2/ROCK2/HHEX/EPN1/EHD4/SIRT6/PACSIN2/PDCD6/DSP/KRIT1/JUP/RAP1A/ATP5F1B/HGS/ENG/HK2/VAV2/RHOA/CTNND1/ROCK1/MYH9/RNF213/FMNL3/TNFSF12/TGFB1/ERAP1/GLUL",0.431707695803346
"GO:0015986","proton motive force-driven ATP synthesis",71,0.346987772098966,1.44612283901419,0.0311424811589723,0.286940856469195,0.175453404589351,2432,"tags=39%, list=23%, signal=30%","NDUFB11/SDHD/NDUFB2/ANTKMT/ATP5F1D/NDUFA3/NDUFA1/ATP5F1B/ATP5MC3/ATP5F1C/NDUFS8/ATP5F1E/STOML2/ATP5MC1/NDUFB9/NDUFA2/ATP5PB/NDUFA13/ATP5MG/ATP5MF/NDUFS6/SDHA/ATP5MC2/NDUFB1/MT-ATP6/NDUFB4/NDUFAB1/ATP5F1A",0.352487857583619
"GO:0042100","B cell proliferation",57,0.354153861341319,1.44546142658067,0.0344657435294345,0.306499560611714,0.187412807211156,439,"tags=19%, list=4%, signal=19%","GAPT/CD74/TNFRSF13B/TLR9/CR2/MS4A1/CD79A/TCF3/TNFRSF21/CD81/TNFSF13",0.321775918075361
"GO:1900180","regulation of protein localization to nucleus",89,0.32930924118456,1.44447999208966,0.0100956278581551,0.18080351709605,0.110554464172781,1582,"tags=26%, list=15%, signal=22%","TESK1/AKT1/TRIM28/LARP7/HCLS1/CCT2/CCT6A/HSP90AA1/PARP1/SIRT6/CREBBP/YWHAE/ORMDL3/CCT3/PRKCD/JUP/COPS9/IPO5/IPO7/TYK2/TGFB1/GLUL/CCT5",0.380730400722792
"GO:0030041","actin filament polymerization",84,0.332193601595368,1.44386478181967,0.0153822750529581,0.210906771344776,0.128961457558628,1380,"tags=27%, list=13%, signal=24%","CAPG/SNX9/TMOD3/COTL1/WAS/HCLS1/ADD3/VASP/ADD1/FLII/HCK/VILL/PRKCD/CFL1/ARPC4/PYCARD/CARMIL2/BIN1/ESAM/NCK2/PFN1/TRIOBP/CYFIP2",0.380730400722792
"GO:1904951","positive regulation of establishment of protein localization",156,0.296970603806053,1.44209347094823,0.00891986363878447,0.171593563715916,0.10492292847397,1126,"tags=19%, list=11%, signal=17%","AKT1/RUFY3/GSK3A/NADK/TRIM28/ZDHHC2/ADAM8/BSG/ADAM9/HCLS1/GNAS/CCT6A/ITGB2/OSBP/CD81/HSP90AA1/CORO2B/DYNLL1/SIRT6/PPID/LRRC8A/YWHAE/PSMD9/ABAT/MLLT6/PRKCD/JUP/HLA-DRB1/IPO5/ANP32B",0.380730400722792
"GO:0007178","cell surface receptor protein serine/threonine kinase signaling pathway",144,0.301369470480624,1.44175540704914,0.0095061587392674,0.175566869215845,0.107352453450003,2014,"tags=29%, list=19%, signal=24%","FAM89B/GDF11/MEN1/HIPK2/SPI1/PMEPA1/FURIN/ADAM9/CSNK2B/NREP/PEG10/SAP30L/UBE2O/HSP90AB1/PARP1/ZBTB7A/BMP3/CREBBP/HDAC1/PPM1A/ECSIT/ING1/NRROS/SKI/UBE2D1/ENG/SNW1/STK11/SKP1/BRMS1/TGFB1/GIPC1/TSC22D1/GLG1/ADAM17/PDCD4/USP9Y/PRMT1/EID2/SH2B1/HDAC2/SAP130",0.380730400722792
"GO:0030308","negative regulation of cell growth",77,0.332451548230206,1.4406666324713,0.0345988143112571,0.306499560611714,0.187412807211156,2106,"tags=36%, list=20%, signal=29%","PTPRJ/SIPA1/GSK3A/G6PD/STK3/SMARCA4/PPP1R9B/IP6K2/CCDC85B/ULK1/VGLL4/TP53/YY1/ING1/CFL1/TCHP/ENO1/BST2/STK11/RNF6/TGFB1/NAIF1/OSGIN2/TOMM70/RTN4/ARHGAP4/EI24/NDRG3",0.321775918075361
"GO:0043242","negative regulation of protein-containing complex disassembly",47,0.374190875080007,1.43976704744483,0.0247146493766748,0.258527443427766,0.158079684738279,1007,"tags=28%, list=10%, signal=25%","CAPG/TMOD3/ADD3/ADD1/FLII/VILL/MID1IP1/UBQLN4/ATXN7/CFL1/CARMIL2/PHF23/ARHGEF2",0.352487857583619
"GO:0042129","regulation of T cell proliferation",80,-0.344204561993654,-1.43674605788839,0.0251545386130132,0.259301167976004,0.158552787829534,1917,"tags=31%, list=18%, signal=26%","HLA-DMB/CCL5/TNFRSF1B/IRF1/VSIR/CEBPB/IL12RB1/ANXA1/TMIGD2/CDKN2A/PRKAR1A/TGFBR2/SLC7A1/IL15/IL6/CLECL1/LGALS3/TMEM131L/TRAF6/JAK2/PPP3CA/SLAMF1/RIPOR2/IL6ST/TNFRSF13C",0.352487857583619
"GO:0016239","positive regulation of macroautophagy",74,-0.356225088815707,-1.43447447667703,0.0306559708580165,0.285639079818951,0.174657417750422,3161,"tags=46%, list=30%, signal=32%","TRIM32/PIP4K2B/WDR24/PIP4K2A/PINK1/LRSAM1/TOM1/UFL1/SIRT1/CDK5RAP3/ZDHHC19/SPTLC1/USP33/TBK1/BNIP3/C9orf72/PIP4K2C/SESN1/FBXO7/KAT5/HUWE1/VPS13D/SCOC/RAB3GAP1/CSNK2A1/MUL1/PAFAH1B2/SESN3/FYCO1/RAB3GAP2/GNAI3/UVRAG/HTT/MOAP1",0.352487857583619
"GO:0009142","nucleoside triphosphate biosynthetic process",103,0.314825895957051,1.43342870376785,0.0211886300028887,0.248441772790084,0.151912681291218,2432,"tags=37%, list=23%, signal=29%","NDUFB11/VCP/PARP1/SDHD/NDUFB2/ANTKMT/ATP5F1D/NME1/IMPDH2/NDUFA3/NDUFA1/MAP2K1/ATP5F1B/ENO1/ATP5MC3/ATP5F1C/DTYMK/NDUFS8/ATP5F1E/TGFB1/STOML2/ATP5MC1/NDUFB9/NDUFA2/ATP5PB/NDUFA13/ATP5MG/ATP5MF/NDUFS6/SDHA/ATP5MC2/NDUFB1/NME3/MT-ATP6/NDUFB4/NDUFAB1/NME2/ATP5F1A",0.352487857583619
"GO:0009408","response to heat",59,0.353269127831645,1.43270929018537,0.0226925806576727,0.256500563335498,0.156840324762643,907,"tags=20%, list=9%, signal=19%","MAPKAPK2/AKT1/IRAK1/DAXX/HSPB1/DNAJC2/VCP/HSP90AB1/HSP90AA1/CREBBP/YWHAE/PDCD6",0.352487857583619
"GO:0141091","transforming growth factor beta receptor superfamily signaling pathway",136,0.299291603607617,1.42964462204322,0.0109605565606277,0.185701546497984,0.11354942259356,1873,"tags=27%, list=18%, signal=23%","FAM89B/GDF11/MEN1/HIPK2/SPI1/PMEPA1/FURIN/ADAM9/CSNK2B/NREP/PEG10/SAP30L/UBE2O/HSP90AB1/PARP1/ZBTB7A/CREBBP/HDAC1/PPM1A/ING1/NRROS/SKI/UBE2D1/ENG/SNW1/STK11/SKP1/BRMS1/TGFB1/GIPC1/TSC22D1/GLG1/ADAM17/PDCD4/USP9Y/PRMT1/EID2",0.380730400722792
"GO:0043467","regulation of generation of precursor metabolites and energy",78,0.334972420122898,1.42923619017283,0.0240120819296529,0.258213176923283,0.157887522740722,2548,"tags=37%, list=24%, signal=28%","AKT1/GSK3A/ABCD1/TIGAR/CBFA2T3/GIT1/PRELID1/JMJD8/VCP/SHMT2/SIRT6/ZBTB7A/CXXC5/TP53/EIF6/TRAP1/RHOA/CHCHD2/OAS1/PRKAG1/PPP1CA/MLST8/CCNB1/UQCC2/STARD7/HIF1A/PHKG2/PRKACA/PPP1R3F",0.352487857583619
"GO:0006936","muscle contraction",133,0.307439440486324,1.42830055156703,0.0102233700371036,0.181363016987869,0.110896577046127,3281,"tags=48%, list=32%, signal=33%","PABPN1/TMOD3/GRK2/EEF2/SRF/GNAS/APBB2/ROCK2/HSP90AA1/FXYD1/MYL6/RPL7/ABAT/CAMK2D/MAP2K1/DSP/JUP/BIN1/SNTB1/ENO1/DMPK/MYL9/ROCK1/TPM4/P2RX4/RPL36A/RANGRF/SRI/RPL23/RPLP2/RPL12/GAA/EHD3/DAPK3/KCNQ1/VPS54/RPL36/TTN/RPL41/RPL38/RPL34/MYOM2/PRKACA/FKBP1A/CD38/RPL10/GAMT/RPL7A/RPL17/ADRB2/ASPH/RPL27/RPL15/RPL11/RPL39/RPL19/RPL28/RPL18/RPL9/RPL4/RPL31/UBA52/RPL18A/RPL30",0.380730400722792
"GO:0051493","regulation of cytoskeleton organization",294,0.273592415024192,1.42822810427794,0.00165080735416303,0.0739036511158133,0.0451892677794564,1380,"tags=22%, list=13%, signal=19%","TESK1/PPP2CB/CAPG/CHMP4B/SH3BP1/GSK3A/SNX9/TMOD3/MARK2/CDC42/ARHGAP17/FES/COTL1/PLEK/RAC2/WAS/HCLS1/ACTG1/GIT1/ADD3/CHMP7/FKBP4/STMN1/VASP/ADD1/ROCK2/FLII/PDXP/ATAT1/HCK/CORO2B/VILL/GPR65/MID1IP1/NUP62/HAUS8/ATXN7/RAE1/WASHC1/LIMK1/KAT2A/PRKCD/SYNPO/CFL1/PYCARD/ARHGEF18/CARMIL2/EML3/ARHGEF2/BIN1/ESAM/PPP1R35/NCK2/BICD1/BST2/PFN1/RHOA/SPAST/ROCK1/BRK1/SLAIN1/SASS6/TRIOBP/CYFIP2",0.45505986738723
"GO:0030099","myeloid cell differentiation",201,0.283770497910805,1.42748237937769,0.00678653438436535,0.154703270382167,0.0945951574260116,2651,"tags=37%, list=25%, signal=28%","LDB1/PTPRJ/KLF13/CD74/HIPK2/SPI1/G6PD/CDC42/FES/EVI2B/QKI/HCLS1/SLC25A5/CBFA2T3/CD81/GP1BB/TMEM64/PARP1/HSCB/ZBTB7A/NCOA6/NRROS/SNX10/EIF6/CASP3/ZNF385A/GPR137/HLA-DRB1/SH3PXD2A/MYH9/P2RX5/TPM4/TIRAP/MTURN/ABCB10/CCL3/RBM15/TGFB1/GLUL/UBASH3B/FASN/KAT8/LBR/TFE3/HEATR3/ZFPM1/IRF7/ATP6AP1/NBEAL2/UCP2/RARA/PRMT1/ISG15/PPARGC1B/SBNO2/KCNQ1/VPS33B/WDR1/NPM1/VPS54/BAP1/PRDX3/SLC1A5/FLVCR1/PIK3CD/CD4/HIF1A/TRIM58/LYN/CEACAM1/TUBB1/SH2B3/CASP9/VPS33A",0.407017918923954
"GO:0045580","regulation of T cell differentiation",114,0.308352752857079,1.42708000129831,0.011267889770475,0.187964757985705,0.114933290216013,1893,"tags=30%, list=18%, signal=25%","IL2RG/PSMB8/BRD4/ADAM8/ZBTB7B/PSMB4/PSMA2/SMARCA4/PRELID1/SMARCD2/SOX12/SMARCB1/GPR65/IRF4/ARID1A/KAT2A/PHF10/TESPA1/SMARCC1/PNP/NFKBID/HLA-DRB1/PBRM1/RUNX3/RHOA/ACTB/SART1/PSMB2/TGFB1/PSMA7/IL7/SOX4/RARA/RASGRP1",0.380730400722792
"GO:0042113","B cell activation",174,0.294002738921272,1.42696496346591,0.00731112236771824,0.158550264105121,0.0969474475614478,768,"tags=17%, list=7%, signal=16%","LFNG/PTPRJ/GAPT/CD74/TNFRSF13B/LYL1/TLR9/SPI1/CR2/SPIB/MS4A1/CD79A/ICOSLG/TCF3/SLC25A5/TNFRSF21/SYK/PLCG2/HMCES/CD81/TNFSF13/HHEX/SLC15A4/PHF14/ZBTB7A/CCR6/LRRC8A/CD79B/YY1",0.407017918923954
"GO:1902414","protein localization to cell junction",48,0.365035276547334,1.42415600743,0.0357264430635278,0.309205637978691,0.189067470450684,1723,"tags=31%, list=17%, signal=26%","ZDHHC2/ACTG1/GIT1/HSPB1/SCRIB/ARHGEF18/MAP2K1/DSP/DVL1/RAP1A/CTNND1/ACTB/RAB11A/PECAM1/ZDHHC7",0.321775918075361
"GO:0009612","response to mechanical stimulus",85,-0.337608883940269,-1.42221217869353,0.0470312187285748,0.364359834981487,0.22279216117827,1753,"tags=28%, list=17%, signal=24%","MAP2K4/PLEC/CASP2/BNIP3/IRF1/SUN1/BAD/MAPK8/NFKB1/BTG2/MKKS/TXNIP/USP53/FOS/TNFRSF10B/FOSB/CASP8AP2/GAB1/FAS/HTT/XPC/PTGER4/TUBA1A/CNTNAP2",0.321775918075361
"GO:0009887","animal organ morphogenesis",163,0.293277969784953,1.42100100134276,0.0097392797982685,0.177510811648821,0.108541100205952,2207,"tags=29%, list=21%, signal=24%","LFNG/PTEN/CTSZ/GSK3A/HIPK2/CDC42/BSG/SRF/LAMA5/SYK/RELT/SOX12/SCRIB/MTHFD1/HDAC1/RFNG/FUZ/AHDC1/HOXB4/SKI/DSP/DVL1/MTHFD1L/PPP1R35/ENG/KDM2B/RHOA/BASP1/SOX5/PRICKLE1/TAF10/ROGDI/TGFB1/WWOX/ZFPM1/IL7/SOX4/WNT10A/PDCD4/HDAC2/ASXL2/TLE1/DVL2/VPS51/PKD2/KCNQ1/VPS33B/LRRK2",0.380730400722792
"GO:0042060","wound healing",163,0.293230533330583,1.42077116052243,0.0097392797982685,0.177510811648821,0.108541100205952,1826,"tags=28%, list=18%, signal=23%","PTEN/VEGFB/PTPRJ/CHMP4B/PRCP/DGKQ/CLIC1/PLEK/WAS/SRF/GNAS/ACTG1/ALOX5/TLN1/SCARB1/SYK/PLCG2/HSPB1/ADIPOR2/CHMP7/GP1BB/VKORC1/ANO6/PRKCD/CARMIL2/DSP/CD151/ENG/GNA12/VAV2/RHOA/MYL9/MYH9/ACTB/ADORA2A/AHNAK/PLSCR1/TGFB1/UBASH3B/PABPC4/DGKZ/ITPR3/FUNDC2/ARHGEF19/ADAM17",0.380730400722792
"GO:0120034","positive regulation of plasma membrane bounded cell projection assembly",68,0.343615405586584,1.4203539109816,0.0353317463927127,0.308813205509291,0.188827512942803,2355,"tags=41%, list=23%, signal=32%","CDC42/GPM6A/RAC2/HSP90AA1/MARK4/RAB11FIP3/WASHC1/FUZ/CFL1/ENTR1/CARMIL2/PPP1R35/AKIRIN1/PFN1/BRK1/FAM98A/DOCK11/CEP135/WRAP73/CROCC/RABL3/ZMYND8/RALA/TMEM216/TWF2/RHOQ/ARHGAP35/ARPC2",0.321775918075361
"GO:0001568","blood vessel development",210,0.282942575413836,1.42022053111474,0.00791636223981926,0.16253642886694,0.0993848354863366,1521,"tags=24%, list=15%, signal=21%","AKT1/VEGFB/PTPRJ/LYL1/PTPN6/GNAI2/HIPK2/ADAM8/PKM/PRCP/PGK1/BSG/QKI/CYBB/SRF/CCM2/ITGB2/ACTG1/ALOX5/SYK/JMJD8/HSPB1/ADIPOR2/ROCK2/HHEX/EPN1/EHD4/SIRT6/PACSIN2/PDCD6/DSP/KRIT1/JUP/RAP1A/ATP5F1B/HGS/ENG/HECTD1/HK2/VAV2/RHOA/CTNND1/ROCK1/MYH9/RNF213/FMNL3/TNFSF12/TGFB1/ERAP1/GLUL",0.380730400722792
"GO:0060759","regulation of response to cytokine stimulus",113,0.305965310137577,1.41965084762011,0.0174702547866616,0.227911521530792,0.139359214612261,2436,"tags=33%, list=23%, signal=25%","MAPKAPK2/PPP2CB/USP7/CD74/RNF220/PTPN6/IRAK1/SYK/IFIH1/ANXA4/CARD16/EIF4E2/ULK1/SHARPIN/TLE5/PYCARD/AGPAT1/CASP1/CD24/SIGIRR/CASP4/OAS1/IL7/TMC8/IKBKE/ADAM17/RNF185/CDC37/ISG15/STAP1/CPNE1/CACTIN/MAPK7/PARP9/USP18/HIF1A/TRIM27",0.352487857583619
"GO:0030162","regulation of proteolysis",76,0.329061376496145,1.41894250459442,0.0298768042820998,0.281549747870266,0.172156947020247,2382,"tags=38%, list=23%, signal=30%","AKT1/CTSZ/SNX9/ADAM8/FURIN/ADAM9/TIMP2/PRELID1/BAG6/BAK1/CFL1/CST3/ENO1/ROCK1/MYH9/CLN6/CYFIP2/CDK5/PSENEN/AURKAIP1/CAPN3/TBC1D10A/HDAC2/GRN/TSPAN5/LRRK2/SPOP/DNAJC1/SNX12",0.352487857583619
"GO:0043410","positive regulation of MAPK cascade",157,0.297888453513774,1.41873690102562,0.00774495853712223,0.161822694283205,0.0989484139734493,1498,"tags=25%, list=14%, signal=22%","VEGFB/PTPRJ/CD74/IL2RG/AXIN1/TLR9/GNAI2/HIPK2/SPI1/ADAM8/ADAM9/MAP3K10/PLCG2/CD81/TAOK3/ROCK2/RASSF2/MAP4K1/ERP29/DDT/TRAF7/IL15RA/ABCA7/PYCARD/MAP2K1/TRAF4/MAP4K2/RAP1A/RELL2/LGALS9/ROCK1/ARL6IP5/MADD/ADORA2A/TIRAP/GLIPR2/MTURN/CCL3/IQGAP1/TGFB1",0.407017918923954
"GO:0010720","positive regulation of cell development",194,0.287429724697424,1.41742306354907,0.00412180522316512,0.11679389183722,0.0714150163564474,2053,"tags=29%, list=20%, signal=24%","RUFY3/CD74/IL2RG/TLR9/SPI1/BRD4/ADAM8/ZBTB7B/FES/EVI2B/QKI/HCLS1/SMARCA4/SYK/ADD1/SMARCD2/SOX12/TMEM64/SMARCB1/GPR65/XRCC6/ARID1A/MME/LIMK1/PHF10/TESPA1/SMARCC1/PNP/NFKBID/JUP/RGS14/BIN1/HLA-DRB1/SNW1/PBRM1/RUNX3/RHOA/LGALS9/DDRGK1/ACTB/SART1/PLXNC1/SPINT1/TGFB1/VIM/L1CAM/SIRT2/IL7/SOX4/RARA/RASGRP1/HDAC2/FXR2/PPARGC1B/ANAPC2/ACTL6A",0.407017918923954
"GO:0030155","regulation of cell adhesion",378,0.264360606883674,1.41725913967782,0.00111292341109007,0.0632603201000372,0.0386812762516279,1426,"tags=21%, list=14%, signal=19%","TESK1/PTEN/AKT1/LDB1/PTPRJ/SIPA1/GSK3A/PTPN6/IL2RG/PSMB8/ZDHHC2/SPI1/CHST2/BRD4/TNFRSF18/CDC42/ADAM8/ZBTB7B/FES/CSK/IRAK1/PSMB4/ICOSLG/PSMA2/RAC2/ADAM9/SMARCA4/ITGB2/ACTG1/ALOX5/TLN1/CD1D/TNFRSF21/LAMA5/SYK/CD81/FCHO1/ROCK2/SMARCD2/SKAP1/SOX12/PAG1/HLA-DQA1/SMARCB1/CORO2B/GPR65/SCRIB/ARID1A/RCC2/RAB40C/PRKCD/PHF10/CFL1/TESPA1/RASAL3/SMARCC1/PYCARD/PNP/NFKBID/MAP2K1/JUP/HLA-DRB1/ENG/LPXN/RELL2/NCK2/PBRM1/RUNX3/TNFAIP8L2/RHOA/LGALS9/ROCK1/ACTB/CD24/TRIOBP/SART1/PLXNC1/TYK2/CCDC88B",0.45505986738723
"GO:0045597","positive regulation of cell differentiation",337,0.268116522838912,1.41671117083925,0.0013925318652965,0.0669872596131582,0.040960157810434,2053,"tags=29%, list=20%, signal=24%","AKT1/RUFY3/CD74/RPS6KA1/IL2RG/TLR9/SPI1/BRD4/ADAM8/ZBTB7B/FES/EVI2B/QKI/TCF3/SRF/HCLS1/SMARCA4/RPS6KA3/SYK/XKR8/PA2G4/ADD1/SMARCD2/HSP90AB1/SOX12/TMEM64/PARP1/SMARCB1/CARM1/SIRT6/GPR65/CBX4/XRCC6/LRRC8A/MTCH2/ARID1A/MME/LIMK1/KAT2A/PHF10/TESPA1/SMARCC1/PNP/HOXB4/ZNF385A/NFKBID/DSP/ARHGEF2/JUP/RGS14/BIN1/HLA-DRB1/RAP1A/ENG/SNW1/AKIRIN1/PBRM1/RUNX3/RHOA/LGALS9/DDRGK1/ACTB/SOX5/GLIPR2/IPO7/CD24/MTURN/SART1/ABCB10/PLXNC1/SHOC2/SPINT1/TGFB1/GLUL/KAT8/VIM/ZHX3/TFE3/L1CAM/WDFY2/SIRT2/PIEZO1/IL7/SOX4/RARA/PRMT1/RASGRP1/FBXO5/HNRNPU/HDAC2/FXR2/ISG15/PPARGC1B/ASXL2/ANAPC2/PPP1R13L/CPNE1/ACTL6A",0.45505986738723
"GO:0006754","ATP biosynthetic process",88,0.319627602898173,1.41584078807765,0.0181955861804892,0.230946872918374,0.141215216373842,2432,"tags=38%, list=23%, signal=29%","NDUFB11/VCP/PARP1/SDHD/NDUFB2/ANTKMT/ATP5F1D/NDUFA3/NDUFA1/MAP2K1/ATP5F1B/ENO1/ATP5MC3/ATP5F1C/NDUFS8/ATP5F1E/TGFB1/STOML2/ATP5MC1/NDUFB9/NDUFA2/ATP5PB/NDUFA13/ATP5MG/ATP5MF/NDUFS6/SDHA/ATP5MC2/NDUFB1/MT-ATP6/NDUFB4/NDUFAB1/ATP5F1A",0.352487857583619
"GO:0002366","leukocyte activation involved in immune response",175,0.292888952233252,1.4150627173365,0.00742245925656675,0.159930801793837,0.0977915937755128,1525,"tags=22%, list=15%, signal=19%","LFNG/MILR1/MEN1/CD1C/GAPT/CD74/PTPN6/PSMB8/SPI1/BRD4/FES/PSMB4/PSMA2/RAC2/ITGB2/SYK/PLCG2/HMCES/CD81/TNFSF13/VAMP8/SLC15A4/PHF14/CCR6/IRF4/DNASE1/PYCARD/NFKBID/HLA-DRB1/NMI/LGALS9/PMS2/DDRGK1/CCL3/PSMB2/DOCK11/TGFB1/PCYT1A",0.407017918923954
"GO:0090287","regulation of cellular response to growth factor stimulus",118,0.304088538831066,1.41368754215724,0.0191455423310443,0.237141043783025,0.145002715931012,2069,"tags=31%, list=20%, signal=25%","FAM89B/VEGFB/MEN1/HIPK2/PMEPA1/NREP/PEG10/HHEX/SAP30L/UBE2O/HSP90AB1/ZBTB7A/CREBBP/HDAC1/PPM1A/ING1/PDCD6/SKI/UBE2D1/HGS/ENG/SNW1/TSPAN32/STK11/CYFIP2/SKP1/BRMS1/GIPC1/TSC22D1/GLG1/ADAM17/PRMT1/EID2/HDAC2/SAP130/PRKD2",0.352487857583619
"GO:1902806","regulation of cell cycle G1/S phase transition",120,0.306632895382984,1.41090231369463,0.0125040210114838,0.195943692895865,0.119812105008059,1370,"tags=22%, list=13%, signal=19%","PTEN/AKT1/EIF4G1/PTPN6/PSMB4/PSMA2/TCF3/SMARCA4/BCL7C/PLCG2/SMARCD2/SMARCB1/PSME2/ARID1A/TP53/PSMB5/TFDP1/PHF10/SMARCC1/PBRM1/PLK3/DDRGK1/ACTB/PAGR1/SASS6/RPA2",0.380730400722792
"GO:0051251","positive regulation of lymphocyte activation",198,0.284940144930776,1.40957349307716,0.00746789530739154,0.160076077133051,0.0978804241121252,1426,"tags=24%, list=14%, signal=21%","AKT1/CD74/PTPN6/IL2RG/TLR9/SPI1/BRD4/ADAM8/ZBTB7B/CSK/ICOSLG/TCF3/SMARCA4/CD1D/SYK/HMCES/CD81/TNFSF13/FCHO1/SMARCD2/SOX12/HLA-DQA1/SMARCB1/GPR65/XRCC6/ARID1A/PHF10/TESPA1/RASAL3/SMARCC1/PYCARD/PNP/NFKBID/HLA-DRB1/NCK2/PBRM1/RUNX3/RHOA/LGALS9/PMS2/DDRGK1/ACTB/TIRAP/CD24/SART1/TYK2/CCDC88B",0.407017918923954
"GO:0006282","regulation of DNA repair",200,0.282236162551589,1.40936028234171,0.00938351065018827,0.174862989008238,0.10692205751278,2058,"tags=28%, list=20%, signal=23%","MRGBP/TRIM28/TADA2B/TIGAR/WAS/KMT5A/SMARCA4/TAF2/BARD1/BCL7C/FH/HDGFL2/CBX8/SMARCD2/TERF2/PARP1/SMARCB1/EYA3/SIRT6/CREBBP/TADA3/ARID1A/YY1/UBQLN4/MRE11/ATXN7/PPP4C/DEK/KAT2A/PRKCD/PHF10/CDK9/SMARCC1/ATXN7L3/SIRT7/PBRM1/TFIP11/ACTB/RPA2/TAF10/RNF169/OTUB1/EP400/UIMC1/HDAC10/TAF5/TAF4/KAT2B/OGG1/SLF2/PRMT1/SUPT3H/ACTR8/HELB/ACTL6A/LIG3",0.380730400722792
"GO:0005975","carbohydrate metabolic process",284,0.271489068280614,1.40715860219354,0.00298887417560654,0.097199083117578,0.0594335371608999,2217,"tags=28%, list=21%, signal=23%","FOXK2/USP7/AKT1/GSK3A/LDHA/ST3GAL2/CHST2/G6PD/TPI1/PKM/MAN1A1/HEXD/PGK1/DGKQ/PLEK/SLC35A2/TIGAR/PGAM1/CBFA2T3/GIT1/GNPTAB/GPI/PFKL/JMJD8/GLB1/NR1D1/PARP1/PGM2L1/SORD/SIRT6/ZBTB7A/DCXR/PFKM/GYG1/TP53/KAT2A/EIF6/ENOSF1/PDHB/IDUA/SIRT7/ST6GALNAC4/DDB1/ENO1/CRTC2/POFUT1/HK2/MAN2A2/FOXO1/HECTD4/NANS/ATG3/TALDO1/CHI3L2/TGFB1/AKR1B1/CHST12/OAS1/GALK1/PGM2/PHKB/PRKAG1/AKR7A2/UCP2/D2HGDH/GAA/NUDT5/PPP1CA/PGLS/GLA/GLYCTK/FUT7/ZNF692/MLST8/B4GALT1/MAN2B1/KCNQ1/ST8SIA4/CS",0.431707695803346
"GO:0002696","positive regulation of leukocyte activation",211,0.280460716232677,1.40613673043177,0.0043660593309097,0.12041591634649,0.0736297463864516,1426,"tags=23%, list=14%, signal=20%","AKT1/CD74/PTPN6/IL2RG/TLR9/SPI1/BRD4/ADAM8/ZBTB7B/CSK/ICOSLG/TCF3/SMARCA4/CD1D/SYK/HMCES/CD81/TNFSF13/FCHO1/SMARCD2/SOX12/HLA-DQA1/SMARCB1/GPR65/XRCC6/JUND/ARID1A/PHF10/TESPA1/RASAL3/SMARCC1/PYCARD/PNP/NFKBID/HLA-DRB1/NCK2/PBRM1/RUNX3/RHOA/LGALS9/PMS2/DDRGK1/ACTB/TIRAP/CD24/SART1/CCL3/TYK2/CCDC88B",0.407017918923954
"GO:0072521","purine-containing compound metabolic process",358,0.265505578913927,1.40578099635977,0.000807129009675146,0.0541623359792537,0.0331182054901705,2279,"tags=31%, list=22%, signal=25%","FOXK2/NADK/LDHA/HSPA8/ABCD1/G6PD/TPI1/PKM/AMPD2/PGK1/ADSL/NDUFB11/TIGAR/PGAM1/AFMID/CBFA2T3/GIT1/DGAT1/GPI/PFKL/JMJD8/AMPD3/VCP/COASY/PARP1/NAPRT/ADCY3/SIRT6/ACSF2/SDHD/BPNT1/ZBTB7A/NDUFB2/ANTKMT/ATP5F1D/PFKM/MTHFD1/NME1/IMPDH2/TP53/HACD2/EIF6/NDUFA3/PNP/NDUFA1/MAP2K1/PDHB/GART/ATP5F1B/ENO1/PANK4/KMO/ATP5MC3/HK2/ATP5F1C/NDUFS8/FIS1/ACSF3/ATP5F1E/PAICS/LDHB/PFAS/PAPSS1/GCDH/OLA1/HPRT1/TALDO1/TGFB1/STOML2/GMPS/FASN/ACSL5/TKT/ATP5MC1/NDUFB9/NDUFA2/ATP5PB/NDUFA13/SLC25A22/PGM2/ATP5MG/NUDT3/CARD11/SHMT1/ATP5MF/GMPR2/NDUFS6/SUCLG1/PRKAG1/UCP2/PMVK/MDH1/ATIC/SDHA/NUDT5/PGLS/DBT/MACROD2/ATP5MC2/MLST8/NDUFB1/PPAT/ACOT8/ACLY/RHOQ/NME3/LRRK2/MT-ATP6/DHTKD1/NUDT1",0.477270815362862
"GO:0008643","carbohydrate transport",46,0.367625663248783,1.40355513071833,0.0377824769591158,0.31894045345657,0.195019939331066,1233,"tags=24%, list=12%, signal=21%","AKT1/GSK3A/MFSD12/SIRT6/OSBPL8/SLC50A1/PEA15/RAP1A/SLC27A4/RAB4B/CTNND1",0.321775918075361
"GO:0006360","transcription by RNA polymerase I",57,0.343215243923511,1.40081600191219,0.0481941492006065,0.36853825368375,0.22534710506508,2204,"tags=35%, list=21%, signal=28%","POLR2E/SMARCA4/PWP1/SMARCB1/CARM1/CREBBP/UBTF/DEK/SMARCA5/SIRT7/TCOF1/POLR2L/MYO1C/POLR1C/PHF8/TBP/POLR2K/POLR2F/NCL/MYBBP1A",0.321775918075361
"GO:0055086","nucleobase-containing small molecule metabolic process",435,0.257730719542791,1.40073616615755,0.000961224004431173,0.0598303471171659,0.0365839784150653,2179,"tags=29%, list=21%, signal=24%","FOXK2/NADK/LDHA/AK8/HSPA8/ABCD1/G6PD/TPI1/GLRX/PKM/AMPD2/PGK1/ADSL/TK2/NDUFB11/TIGAR/PGAM1/AFMID/CBFA2T3/GIT1/DCTPP1/DGAT1/GPI/PFKL/JMJD8/NEIL1/AMPD3/VCP/COASY/PARP1/NAPRT/ADCY3/SIRT6/ACSF2/SDHD/BPNT1/ZBTB7A/NDUFB2/ANTKMT/ATP5F1D/PFKM/MTHFD1/NME1/IMPDH2/TP53/HACD2/EIF6/NDUFA3/PNP/NDUFA1/MAP2K1/CSGALNACT1/PDHB/GART/ATP5F1B/ENO1/PANK4/KMO/ATP5MC3/HK2/ATP5F1C/DTYMK/NDUFS8/FIS1/ERH/ACSF3/ATP5F1E/PAICS/LDHB/PFAS/PAPSS1/NANS/NT5C3A/NUDT9/ITPA/GCDH/OLA1/HPRT1/TALDO1/TGFB1/STOML2/GMPS/FASN/ACSL5/TKT/ATP5MC1/UGDH/NDUFB9/NDUFA2/ATP5PB/NDUFA13/SLC25A22/PGM2/ATP5MG/NTHL1/NUDT3/CARD11/SHMT1/ATP5MF/GMPR2/NDUFS6/SUCLG1/PRKAG1/OGG1/UCP2/PMVK/MBD4/MDH1/ATIC/SDHA/NUDT5/TDG/ALDH6A1/PGLS/DBT/MACROD2/ATP5MC2/MLST8/NDUFB1/PPAT/ACOT8/ACLY/RHOQ/NME3",0.477270815362862
"GO:0071560","cellular response to transforming growth factor beta stimulus",125,0.296872753365009,1.39762482449711,0.0238872356934735,0.258213176923283,0.157887522740722,2014,"tags=29%, list=19%, signal=24%","FAM89B/GDF11/MEN1/HIPK2/SPI1/PMEPA1/FURIN/ADAM9/NREP/PEG10/SAP30L/HSP90AB1/PARP1/ZBTB7A/CREBBP/HDAC1/PPM1A/ING1/NRROS/SKI/ENG/SNW1/SOX5/STK11/BRMS1/TGFB1/GIPC1/TSC22D1/WWOX/GLG1/ADAM17/WNT10A/USP9Y/EID2/HDAC2/SAP130",0.352487857583619
"GO:0002694","regulation of leukocyte activation",326,0.263186325879212,1.39614959606514,0.00209138528827193,0.0816232163922735,0.049909487919491,1498,"tags=22%, list=14%, signal=19%","AKT1/MILR1/CD74/TNFRSF13B/PTPN6/IL2RG/TLR9/PSMB8/LST1/SPI1/BRD4/SIT1/ADAM8/ZBTB7B/CSK/PTPRE/PSMB4/ICOSLG/PSMA2/RAC2/TCF3/SMARCA4/CD1D/TNFRSF21/SYK/PRELID1/HMCES/CD81/TNFSF13/FCHO1/NR1D1/SMARCD2/SOX12/PAG1/HLA-DQA1/SLC15A4/SMARCB1/GPR65/SCRIB/XRCC6/IRF4/JUND/ARID1A/KAT2A/PHF10/TESPA1/RASAL3/SMARCC1/PYCARD/PNP/NFKBID/HLA-DRB1/DDB1/NCK2/PBRM1/RUNX3/TNFAIP8L2/RHOA/LGALS9/PMS2/DDRGK1/ACTB/TIRAP/CD24/SART1/CCL3/TYK2/CCDC88B/PLSCR1/PSMB2/TGFB1",0.431707695803346
"GO:0042593","glucose homeostasis",110,0.309014087756783,1.39556921176234,0.0168093159035213,0.225779674976843,0.13805567164332,1958,"tags=30%, list=19%, signal=25%","FOXK2/NCF1/PTPRJ/NADK/USF2/SRF/GNAS/SMARCA4/ALOX5/ADIPOR2/OSBP/NR1D1/SMARCB1/DYNLL1/SIRT6/LRRC8A/GLCCI1/CYBA/HLA-DRB1/CRTC2/HK2/FIS1/FOXO1/HECTD4/STK11/TGFB1/GCLC/SRI/OAS1/SOX4/UCP2/TSC22D4/RRAGA",0.352487857583619
"GO:0002262","myeloid cell homeostasis",85,0.31583073037902,1.39466032184235,0.0332707386482147,0.299871559450249,0.183360036951421,2526,"tags=35%, list=24%, signal=27%","LDB1/KLF13/HIPK2/SPI1/G6PD/HCLS1/SLC25A5/XKR8/SLC15A4/HSCB/ZBTB7A/MTHFD1/CASP3/RPS24/ABCB10/GLUL/HEATR3/ZFPM1/ADAM17/PRMT1/ISG15/KCNQ1/BAP1/SLC1A5/FLVCR1/PIK3CD/HIF1A/BTK/TRIM58/LYN",0.321775918075361
"GO:0034101","erythrocyte homeostasis",72,0.329971144027295,1.3924123341964,0.0398027325145568,0.328777505566395,0.201034922017845,3022,"tags=42%, list=29%, signal=30%","LDB1/KLF13/HIPK2/SPI1/G6PD/HCLS1/SLC25A5/HSCB/ZBTB7A/CASP3/RPS24/ABCB10/GLUL/HEATR3/ZFPM1/PRMT1/ISG15/KCNQ1/BAP1/SLC1A5/FLVCR1/HIF1A/TRIM58/LYN/SH2B3/ATP5IF1/RACGAP1/HSPA9/MAEA/ETS1",0.321775918075361
"GO:0035967","cellular response to topologically incorrect protein",99,-0.328043544503669,-1.39210757576983,0.0278073884690739,0.274189323208149,0.167656327686762,2603,"tags=36%, list=25%, signal=28%","PARP16/RPAP2/UFL1/SIRT1/CDK5RAP3/DNAJB9/NCK1/MBTPS1/TM7SF3/DERL1/CREBRF/NFE2L2/SELENOS/ATF6/PARP6/RHBDD1/PARP8/HERPUD2/CREB3/CREBZF/BFAR/AKT3/EIF2AK3/PPP1R15A/HSF1/BCL2L11/VAPB/RHBDD2/UBR5/DERL2/ERN1/DDIT3/DNAJB14/MBTPS2/PPP1R15B/STAT3",0.352487857583619
"GO:0030968","endoplasmic reticulum unfolded protein response",79,-0.337760847074372,-1.38751710811822,0.0402108748533613,0.328803561090763,0.20105085397858,2603,"tags=39%, list=25%, signal=30%","PARP16/RPAP2/UFL1/SIRT1/CDK5RAP3/DNAJB9/NCK1/MBTPS1/DERL1/CREBRF/NFE2L2/SELENOS/ATF6/PARP6/PARP8/HERPUD2/CREB3/CREBZF/BFAR/AKT3/EIF2AK3/PPP1R15A/BCL2L11/VAPB/RHBDD2/DERL2/ERN1/DDIT3/MBTPS2/PPP1R15B/STAT3",0.321775918075361
"GO:0032970","regulation of actin filament-based process",194,0.281099601190323,1.38620686604714,0.00627987572164619,0.14761276057074,0.0902595807430772,1577,"tags=26%, list=15%, signal=23%","TESK1/CAPG/SH3BP1/SNX9/TMOD3/CDC42/ARHGAP17/COTL1/PLEK/RAC2/WAS/HCLS1/ACTG1/ADD3/VASP/ADD1/ROCK2/FLII/PDXP/HCK/CORO2B/VILL/GPR65/WASHC1/LIMK1/PRKCD/CAMK2D/SYNPO/CFL1/PYCARD/ARHGEF18/CARMIL2/ABRACL/DSP/JUP/BIN1/ESAM/CNN2/NCK2/BST2/PFN1/RHOA/ROCK1/MYH9/BRK1/TRIOBP/CYFIP2/IQGAP1/RANGRF/PPM1F/SRI",0.407017918923954
"GO:2000058","regulation of ubiquitin-dependent protein catabolic process",130,0.296419920804535,1.38502187124138,0.0205346738607679,0.246237523947817,0.150564867080664,1804,"tags=25%, list=17%, signal=21%","PTEN/USP7/AKT1/ELOB/GSK3A/AXIN1/HIPK2/CSNK2A2/DMWD/CSNK2B/CBFA2T3/CSNK1E/VCP/HSP90AB1/BAG6/SIRT6/CBX4/CAMLG/TRAF7/UBQLN4/KAT2A/DVL1/HECTD1/GNA12/PLK3/DDRGK1/PRICKLE1/COMMD1/GIPC1/RPL23/HERPUD1/SIRT2/KAT2B",0.352487857583619
"GO:0006941","striated muscle contraction",94,0.306074471179317,1.38330315548291,0.0483853985635087,0.369318069847298,0.225823932947076,3281,"tags=49%, list=32%, signal=34%","GRK2/EEF2/GNAS/HSP90AA1/RPL7/CAMK2D/DSP/JUP/BIN1/DMPK/P2RX4/RPL36A/RANGRF/SRI/RPL23/RPLP2/RPL12/GAA/EHD3/KCNQ1/VPS54/RPL36/TTN/RPL41/RPL38/RPL34/PRKACA/FKBP1A/RPL10/RPL7A/RPL17/ADRB2/ASPH/RPL27/RPL15/RPL11/RPL39/RPL19/RPL28/RPL18/RPL9/RPL4/RPL31/UBA52/RPL18A/RPL30",0.321775918075361
"GO:0032956","regulation of actin cytoskeleton organization",178,0.277110172224046,1.38230534228378,0.0185380076819651,0.233810032702853,0.142965929528642,1380,"tags=23%, list=13%, signal=20%","TESK1/CAPG/SH3BP1/SNX9/TMOD3/CDC42/ARHGAP17/COTL1/PLEK/RAC2/WAS/HCLS1/ACTG1/ADD3/VASP/ADD1/ROCK2/FLII/PDXP/HCK/CORO2B/VILL/GPR65/WASHC1/LIMK1/PRKCD/SYNPO/CFL1/PYCARD/ARHGEF18/CARMIL2/BIN1/ESAM/NCK2/BST2/PFN1/RHOA/ROCK1/BRK1/TRIOBP/CYFIP2",0.352487857583619
"GO:0001649","osteoblast differentiation",85,0.31286375551161,1.38155861347307,0.0375636810270912,0.318444566412041,0.194716723290921,1951,"tags=28%, list=19%, signal=23%","ALYREF/PTEN/AKT1/MEN1/TMEM64/RRBP1/BMP3/CAT/RSL1D1/SKI/SIRT7/ATP5F1B/TPM4/IPO7/HSPE1/CCL3/FASN/ZHX3/FBL/GTPBP4/MAP2K6/FBXO5/HNRNPU/PSMC2",0.321775918075361
"GO:0070848","response to growth factor",288,0.263688390674414,1.38077366142676,0.00346939415111188,0.107922961291074,0.0659907802077547,1873,"tags=25%, list=18%, signal=21%","MAPKAPK2/FAM89B/AKT1/VEGFB/GDF11/MEN1/HIPK2/SPI1/BPTF/PMEPA1/PTPN12/FURIN/EEF2/RAPGEF1/ADAM9/GIT1/CSNK1E/HSPB1/NREP/PEG10/PPP1R9B/ROCK2/HHEX/SAP30L/UBE2O/HSP90AB1/PARP1/EHD4/ZBTB7A/CREBBP/HDAC1/PPM1A/ING1/NRROS/KAT2A/CAT/DUSP6/CFL1/CASP3/PDCD6/SKI/UBE2D1/RAP1A/HGS/ENG/SNW1/RUNX3/HTRA2/TSPAN32/ROCK1/SOX5/STK11/CYFIP2/SKP1/MYO1C/SHOC2/BRMS1/IQGAP1/SPINT1/TGFB1/CPNE3/GCLC/GIPC1/MAPK1/TSC22D1/WWOX/GLG1/ADAM17/WNT10A/PDCD4/USP9Y/PRMT1/EID2",0.431707695803346
"GO:0051249","regulation of lymphocyte activation",297,0.262425596525251,1.3806293467792,0.00486764865396959,0.126650707430643,0.0774420836606851,1498,"tags=22%, list=14%, signal=19%","AKT1/CD74/TNFRSF13B/PTPN6/IL2RG/TLR9/PSMB8/LST1/SPI1/BRD4/SIT1/ADAM8/ZBTB7B/CSK/PSMB4/ICOSLG/PSMA2/RAC2/TCF3/SMARCA4/CD1D/TNFRSF21/SYK/PRELID1/HMCES/CD81/TNFSF13/FCHO1/SMARCD2/SOX12/PAG1/HLA-DQA1/SLC15A4/SMARCB1/GPR65/SCRIB/XRCC6/IRF4/ARID1A/KAT2A/PHF10/TESPA1/RASAL3/SMARCC1/PYCARD/PNP/NFKBID/HLA-DRB1/DDB1/NCK2/PBRM1/RUNX3/TNFAIP8L2/RHOA/LGALS9/PMS2/DDRGK1/ACTB/TIRAP/CD24/SART1/TYK2/CCDC88B/PSMB2/TGFB1",0.407017918923954
"GO:0035966","response to topologically incorrect protein",126,-0.306395224561448,-1.37801870739767,0.0415279133040839,0.335486079751798,0.205136959612814,2721,"tags=38%, list=26%, signal=28%","XBP1/DNAJB4/PARP16/RPAP2/UFL1/SIRT1/CDK5RAP3/DNAJB9/CREB3L2/NCK1/MBTPS1/TM7SF3/TRAM1/EDEM1/TOR1B/DERL1/STT3B/CREBRF/NFE2L2/SELENOS/ATF6/PARP6/RHBDD1/PARP8/HERPUD2/CREB3/CREBZF/BFAR/DNAJB2/CREB3L4/AKT3/ERP44/EIF2AK3/PPP1R15A/HSF1/BCL2L11/VAPB/RHBDD2/UBR5/FAF2/DERL2/ERN1/DDIT3/DNAJB14/MBTPS2/PPP1R15B/UBXN4/STAT3",0.321775918075361
"GO:0015748","organophosphate ester transport",105,0.302907696405049,1.3778667661599,0.0360313849351427,0.309287623206756,0.189117601294953,2076,"tags=33%, list=20%, signal=27%","CLPTM1L/PITPNA/SLC17A9/ATP11B/ABCD1/SLC35A2/SLC25A5/SCARB1/PRELID1/XKR8/OSBP/SLC66A2/OSBPL8/LRRC8A/ANO6/ABCA7/PITPNM2/VAT1/ANKH/GLTP/VDAC2/SLC25A25/TMEM63B/SHOC2/SLC25A19/PLSCR1/PRELID3B/ABCB4/OSBPL11/SLC25A6/SLC25A53/ABCC1/ABCG1/ESYT1/ATP11C",0.321775918075361
"GO:0051222","positive regulation of protein transport",133,0.296201027984529,1.37608919329218,0.0210200254125911,0.248441772790084,0.151912681291218,1498,"tags=23%, list=14%, signal=20%","AKT1/RUFY3/NADK/TRIM28/ZDHHC2/ADAM8/BSG/ADAM9/HCLS1/GNAS/OSBP/CD81/HSP90AA1/DYNLL1/SIRT6/PPID/LRRC8A/YWHAE/PSMD9/ABAT/MLLT6/PRKCD/JUP/HLA-DRB1/IPO5/ANP32B/PLK3/ADORA2A/SEC13/TGFB1",0.352487857583619
"GO:0070507","regulation of microtubule cytoskeleton organization",101,0.303253698247741,1.37545967259892,0.0431779410019466,0.344840042326358,0.210856551448924,1563,"tags=25%, list=15%, signal=21%","PPP2CB/CHMP4B/GSK3A/MARK2/FES/GIT1/CHMP7/FKBP4/STMN1/ATAT1/MID1IP1/NUP62/HAUS8/ATXN7/RAE1/EML3/ARHGEF2/BICD1/RHOA/SPAST/ROCK1/SLAIN1/SASS6/TBCD/PRUNE1",0.321775918075361
"GO:0030100","regulation of endocytosis",150,0.288612903944238,1.37545138180457,0.011434570544913,0.189979190137772,0.116165038750339,2530,"tags=37%, list=24%, signal=29%","PTPRJ/RNF220/UNC119/IL2RG/BMP2K/CDC42/CSK/DGKQ/ACTG1/SCARB1/SYK/PLCG2/AP2M1/EHD4/HCK/LRPAP1/ANO6/IL15RA/PACSIN2/ABCA7/PYCARD/CYBA/CD151/BIN1/RAP1A/BICD1/RAB4B/ROCK1/ACTB/PIP4P2/PLSCR1/TGFB1/RIN3/SGSM3/CBLB/FGR/ANKRD13D/STAP1/RALA/SNX3/AHI1/CLU/FCGR2B/B2M/ARFGAP1/LRRK2/AAK1/SNX17/SDCBP/ARPC3/SNX12/CBL/LDLRAP1/BTK/RACK1/PRKACA",0.380730400722792
"GO:0046649","lymphocyte activation",468,0.251175596929643,1.37169606443874,0.0013739305957106,0.0669872596131582,0.040960157810434,1527,"tags=21%, list=15%, signal=18%","LFNG/AKT1/PTPRJ/MEN1/CD1C/GAPT/CD74/TNFRSF13B/LYL1/PTPN6/IL2RG/TLR9/PSMB8/LST1/SPI1/CR2/SPIB/BRD4/SIT1/ADAM8/ZBTB7B/CSK/PSMB4/MS4A1/CD79A/ICOSLG/PSMA2/RAC2/TCF3/SMARCA4/SLC25A5/CD1D/TNFRSF21/SYK/PLCG2/PRELID1/HMCES/CD81/TNFSF13/PRDX1/FCHO1/HHEX/SMARCD2/BAG6/SOX12/PAG1/HLA-DQA1/SLC15A4/SMARCB1/PHF14/ZBTB7A/CCR6/GPR65/SCRIB/XRCC6/IRF4/LRRC8A/CD79B/ARID1A/YY1/TRBC2/IL21R/KAT2A/PHF10/AKAP17A/TESPA1/RASAL3/SMARCC1/PYCARD/PNP/NFKBID/HLA-DRB1/DDB1/SNX27/NCK2/PBRM1/RUNX3/BST2/TNFAIP8L2/RHOA/LGALS9/PMS2/DDRGK1/ACTB/TIRAP/CD24/SART1/ICAM3/TYK2/CCDC88B/ELF4/PSMB2/DOCK11/TGFB1/PCYT1A/STOML2",0.45505986738723
"GO:0001667","ameboidal-type cell migration",78,0.321153789298056,1.37027585168809,0.0417568140224301,0.336085485624111,0.205503473473273,1566,"tags=24%, list=15%, signal=21%","TESK1/PTEN/AKT1/CDC42/ADAM9/PKN1/PLCG2/MTA2/RCC2/PDLIM1/GNA12/PFN1/ROCK1/RAB11A/GLIPR2/CENPV/IQGAP1/TGFB1/PPM1F",0.321775918075361
"GO:0060491","regulation of cell projection assembly",121,0.297037382506372,1.36945129829298,0.0170989535360433,0.226001184596202,0.138191116338593,2636,"tags=40%, list=25%, signal=31%","TESK1/AKT1/CDC42/GPM6A/RAC2/WAS/RABEP2/GDI2/HSP90AA1/MARK4/RAB11FIP3/ABI3/RCC2/WASHC1/DYNC2LI1/FUZ/PRKCD/CFL1/ENTR1/CARMIL2/TCHP/ODF2/PPP1R35/AKIRIN1/PFN1/BRK1/RAB11A/ATG3/FAM98A/DOCK11/CEP135/WRAP73/CROCC/RABL3/STAP1/ZMYND8/RALA/TMEM216/TWF2/RHOQ/LRRK2/ARHGAP35/ARPC2/TBC1D7/CDK10/CNTROB/SYNE2/EPS8L2/ACTR3",0.352487857583619
"GO:0120032","regulation of plasma membrane bounded cell projection assembly",121,0.297037382506372,1.36945129829298,0.0170989535360433,0.226001184596202,0.138191116338593,2636,"tags=40%, list=25%, signal=31%","TESK1/AKT1/CDC42/GPM6A/RAC2/WAS/RABEP2/GDI2/HSP90AA1/MARK4/RAB11FIP3/ABI3/RCC2/WASHC1/DYNC2LI1/FUZ/PRKCD/CFL1/ENTR1/CARMIL2/TCHP/ODF2/PPP1R35/AKIRIN1/PFN1/BRK1/RAB11A/ATG3/FAM98A/DOCK11/CEP135/WRAP73/CROCC/RABL3/STAP1/ZMYND8/RALA/TMEM216/TWF2/RHOQ/LRRK2/ARHGAP35/ARPC2/TBC1D7/CDK10/CNTROB/SYNE2/EPS8L2/ACTR3",0.352487857583619
"GO:1901136","carbohydrate derivative catabolic process",154,0.283703825296612,1.36791036428673,0.0276059990401862,0.274189323208149,0.167656327686762,1883,"tags=27%, list=18%, signal=22%","FOXK2/LDHA/TPI1/PKM/MAN1A1/PGK1/GM2A/TIGAR/PGAM1/CBFA2T3/GIT1/DCTPP1/GPI/PFKL/JMJD8/NEIL1/GLB1/AMPD3/SIRT6/ZBTB7A/PFKM/PRKCD/HGSNAT/EIF6/PNP/IDUA/CST3/SGSH/ENO1/HK2/NT5C3A/HPRT1/CHI3L2/TGFB1/GALK1/NTHL1/NUDT3/PRKAG1/OGG1/UCP2/MBD4",0.352487857583619
"GO:0009792","embryo development ending in birth or egg hatching",89,0.311542454016308,1.36654786818102,0.0218733235506982,0.250664652435564,0.153271887528319,1498,"tags=27%, list=14%, signal=23%","LFNG/ZNF358/FURIN/SRF/VASP/SCRIB/MTHFD1/FUZ/PDCD6/HOXB4/SKI/DSP/MARCKS/DVL1/MTHFD1L/SSBP3/KDM2B/TCOF1/DEAF1/PRICKLE1/TAF10/XYLT1/KLHL12/TGFB1",0.352487857583619
"GO:0006109","regulation of carbohydrate metabolic process",83,0.316538199949613,1.36647187910322,0.0304689764897817,0.284660519425076,0.174059065341447,1077,"tags=20%, list=10%, signal=19%","FOXK2/USP7/AKT1/GSK3A/DGKQ/PLEK/TIGAR/CBFA2T3/GIT1/JMJD8/SIRT6/ZBTB7A/TP53/KAT2A/EIF6/SIRT7/DDB1",0.352487857583619
"GO:1903039","positive regulation of leukocyte cell-cell adhesion",167,0.281205313742912,1.36625744710958,0.0146543491941038,0.205508619037313,0.125660693030041,1426,"tags=25%, list=14%, signal=22%","AKT1/PTPN6/IL2RG/CHST2/BRD4/ADAM8/ZBTB7B/CSK/IRAK1/ICOSLG/SMARCA4/ITGB2/ALOX5/CD1D/CD81/FCHO1/SMARCD2/SKAP1/SOX12/HLA-DQA1/SMARCB1/GPR65/ARID1A/PHF10/TESPA1/RASAL3/SMARCC1/PYCARD/PNP/NFKBID/HLA-DRB1/NCK2/PBRM1/RUNX3/RHOA/LGALS9/ACTB/CD24/SART1/TYK2/CCDC88B",0.380730400722792
"GO:0006753","nucleoside phosphate metabolic process",421,0.253624431611954,1.36620921416284,0.00155906397180221,0.0724701983297275,0.0443127659988051,2179,"tags=28%, list=21%, signal=23%","FOXK2/NADK/LDHA/AK8/HSPA8/ABCD1/G6PD/TPI1/PKM/AMPD2/PGK1/ADSL/TK2/NDUFB11/TIGAR/PGAM1/AFMID/CBFA2T3/GIT1/DCTPP1/DGAT1/GPI/PFKL/JMJD8/NEIL1/AMPD3/VCP/COASY/PARP1/NAPRT/ADCY3/SIRT6/ACSF2/SDHD/BPNT1/ZBTB7A/NDUFB2/ANTKMT/ATP5F1D/PFKM/MTHFD1/NME1/IMPDH2/TP53/HACD2/EIF6/NDUFA3/PNP/NDUFA1/MAP2K1/CSGALNACT1/PDHB/GART/ATP5F1B/ENO1/PANK4/KMO/ATP5MC3/HK2/ATP5F1C/DTYMK/NDUFS8/FIS1/ACSF3/ATP5F1E/PAICS/LDHB/PFAS/PAPSS1/NANS/NT5C3A/ITPA/GCDH/OLA1/HPRT1/TALDO1/TGFB1/STOML2/GMPS/FASN/ACSL5/TKT/ATP5MC1/UGDH/NDUFB9/NDUFA2/ATP5PB/NDUFA13/SLC25A22/ATP5MG/NTHL1/NUDT3/CARD11/SHMT1/ATP5MF/GMPR2/NDUFS6/SUCLG1/PRKAG1/OGG1/UCP2/PMVK/MBD4/MDH1/ATIC/SDHA/NUDT5/TDG/PGLS/DBT/ATP5MC2/MLST8/NDUFB1/PPAT/ACOT8/ACLY/RHOQ/NME3",0.45505986738723
"GO:0001944","vasculature development",220,0.270944523334795,1.3647672174771,0.00586007586552741,0.142606669739335,0.0871985468740717,1521,"tags=23%, list=15%, signal=20%","AKT1/VEGFB/PTPRJ/LYL1/PTPN6/GNAI2/HIPK2/ADAM8/PKM/PRCP/PGK1/BSG/QKI/CYBB/SRF/CCM2/ITGB2/ACTG1/ALOX5/SYK/JMJD8/HSPB1/ADIPOR2/ROCK2/HHEX/EPN1/EHD4/SIRT6/PACSIN2/PDCD6/DSP/KRIT1/JUP/RAP1A/ATP5F1B/HGS/ENG/HECTD1/HK2/VAV2/RHOA/CTNND1/ROCK1/MYH9/STK11/RNF213/FMNL3/TNFSF12/TGFB1/ERAP1/GLUL",0.407017918923954
"GO:0034620","cellular response to unfolded protein",86,-0.329666098349076,-1.3639992879179,0.0371268389479652,0.315387541535384,0.192847469016281,2603,"tags=40%, list=25%, signal=30%","PARP16/RPAP2/UFL1/SIRT1/CDK5RAP3/DNAJB9/NCK1/MBTPS1/TM7SF3/DERL1/CREBRF/NFE2L2/SELENOS/ATF6/PARP6/RHBDD1/PARP8/HERPUD2/CREB3/CREBZF/BFAR/AKT3/EIF2AK3/PPP1R15A/HSF1/BCL2L11/VAPB/RHBDD2/DERL2/ERN1/DDIT3/MBTPS2/PPP1R15B/STAT3",0.321775918075361
"GO:0097435","supramolecular fiber organization",401,0.254120808402441,1.36120681754545,0.00129826319401097,0.0669872596131582,0.040960157810434,1687,"tags=23%, list=16%, signal=20%","TESK1/PPP2CB/MYO7B/CAPG/SH3BP1/RUFY3/SNX9/MAP7D3/HSPA8/TMOD3/CDC42/CAP1/FES/FURIN/COTL1/PLEK/BLOC1S2/RAC2/TACC1/WAS/HCLS1/ACTG1/TLN1/GIT1/ADD3/FKBP4/TMSB10/STMN1/VASP/PPP1R9B/ARPC1B/ADD1/ROCK2/FLII/HSP90AB1/PDXP/SSNA1/MYO19/HCK/OBSCN/CORO2B/VILL/GPR65/MID1IP1/PDLIM1/HAUS8/ATXN7/WASHC1/LIMK1/PRKCD/SYNPO/CFL1/ARPC4/PYCARD/ARHGEF18/CARMIL2/DSP/MARCKS/ARHGEF2/CST3/BIN1/ESAM/CNN2/NCK2/PFN1/RHOA/MYL9/BASP1/PLK3/SPAST/MZT2B/ROCK1/EFHD2/BRK1/SLAIN1/TPM4/ACTB/RAB11A/TRIOBP/CYFIP2/MARCKSL1/MYO1C/CCDC88B/BID/IQGAP1/TBCD/GIPC1/PRUNE1/PPM1F/HSP90B1/VIM/KRT10/CAPN3/KPNB1",0.45505986738723
"GO:0048598","embryonic morphogenesis",107,0.30044882376034,1.36049126875079,0.0294994825118972,0.280175401284682,0.171316586429937,1586,"tags=27%, list=15%, signal=23%","HIPK2/ZNF358/YBX1/SRF/ITGB2/VASP/ROCK2/SCRIB/CREBBP/MTHFD1/HDAC1/FUZ/AHDC1/HOXB4/SKI/ECE1/DVL1/MTHFD1L/PPP1R35/ENG/KDM2B/MAP3K20/ROCK1/DEAF1/PRICKLE1/TAF10/TGFB1/UGDH/BRD3",0.352487857583619
"GO:0001959","regulation of cytokine-mediated signaling pathway",107,0.300380081326123,1.36017998951071,0.0294994825118972,0.280175401284682,0.171316586429937,2034,"tags=27%, list=20%, signal=22%","MAPKAPK2/PPP2CB/USP7/CD74/RNF220/PTPN6/IRAK1/SYK/ANXA4/CARD16/EIF4E2/ULK1/SHARPIN/PYCARD/AGPAT1/CASP1/CD24/SIGIRR/CASP4/OAS1/IL7/TMC8/IKBKE/ADAM17/RNF185/CDC37/ISG15/STAP1/CPNE1",0.352487857583619
"GO:0002274","myeloid leukocyte activation",110,0.30093035120171,1.35906144626158,0.0233731244268996,0.257628912876234,0.157530267529682,2386,"tags=34%, list=23%, signal=26%","MILR1/CD74/PTPN6/TLR9/SPI1/FES/PTPRE/RAC2/ADAM9/ITGB2/IFNGR2/SYK/PLCG2/NR1D1/VAMP8/CRTC3/JUND/PRKCD/DNASE1/PYCARD/NMI/LGALS9/CCL3/PLSCR1/STK39/FGR/STAP1/GRN/SBNO2/CLU/FCGR2B/LRRK2/HSPD1/LAT2/MIF/PIK3CD/CBL",0.352487857583619
"GO:0006986","response to unfolded protein",112,-0.31095543485713,-1.35874525329682,0.035575748649772,0.308813205509291,0.188827512942803,2721,"tags=41%, list=26%, signal=31%","XBP1/DNAJB4/PARP16/RPAP2/UFL1/SIRT1/CDK5RAP3/DNAJB9/CREB3L2/NCK1/MBTPS1/TM7SF3/TRAM1/EDEM1/TOR1B/DERL1/STT3B/CREBRF/NFE2L2/SELENOS/ATF6/PARP6/RHBDD1/PARP8/HERPUD2/CREB3/CREBZF/BFAR/DNAJB2/CREB3L4/AKT3/ERP44/EIF2AK3/PPP1R15A/HSF1/BCL2L11/VAPB/RHBDD2/FAF2/DERL2/ERN1/DDIT3/MBTPS2/PPP1R15B/UBXN4/STAT3",0.321775918075361
"GO:0014706","striated muscle tissue development",88,0.306604961851915,1.35815494932467,0.0406688884824981,0.329896454219793,0.201719116500342,2311,"tags=34%, list=22%, signal=27%","MBD2/GSK3A/G6PD/FES/EEF2/MYL6/SIRT6/VRK3/VGLL4/YY1/KAT2A/SKI/DSP/ZBTB18/ENG/AKIRIN1/PRICKLE1/TGFB1/RCAN1/KAT8/ZFPM1/TOMM70/SIRT2/KRAS/PRMT1/SELENON/CCNB1/UQCC2/VPS54/TTN",0.321775918075361
"GO:0061025","membrane fusion",107,-0.313576682250737,-1.35725800270464,0.0275614344078005,0.274189323208149,0.167656327686762,3553,"tags=46%, list=34%, signal=30%","CHMP3/STX17/CHMP6/CLN3/VPS16/UBXN2B/STX3/PIKFYVE/SEC22B/RABEP1/PIP4K2B/ARL8B/RUBCNL/PIP4K2A/YIPF4/VAMP4/CHMP2B/VTI1B/RAB14/ANKFY1/TOM1/TSNARE1/RAB2A/ANXA7/STX7/WDR54/BET1L/YIPF5/STX12/C9orf72/ANXA1/HACE1/STX16/HUWE1/STX5/RAB34/CHMP1B/VPS4A/VCPIP1/VAMP2/SNAP47/CHMP2A/UVRAG/GOSR2/BET1/OPA1/UBXN2A/NSF/VTI1A",0.352487857583619
"GO:0031344","regulation of cell projection organization",285,0.261373459588399,1.35705888412316,0.00345362186095325,0.107922961291074,0.0659907802077547,2064,"tags=29%, list=20%, signal=24%","TESK1/PTEN/AKT1/RUFY3/GSK3A/MARK2/CDC42/GPM6A/FES/RAC2/RAPGEF1/WAS/RABEP2/ZNF296/FKBP4/GDI2/HSP90AA1/MARK4/RAB11FIP3/CARM1/ARHGAP32/ULK1/ABI3/RCC2/SNAPIN/DENND5A/WASHC1/DYNC2LI1/IL15RA/LIMK1/KAT2A/FUZ/PRKCD/CFL1/ATF1/ENTR1/ZNF804A/CARMIL2/TCHP/STK24/DVL1/YTHDF1/JUP/ODF2/PPP1R35/RAP1A/ACAP3/AKIRIN1/NSMF/RETREG3/PFN1/ITM2C/BRK1/RAB11A/ATG3/RNF6/SETX/CDK5/DDX56/PLXNC1/FAM98A/SHOC2/DOCK11/CEP135/CERS2/VIM/L1CAM/WRAP73/KAT2B/RTN4/CROCC/P3H1/HDAC2/GPC2/RABL3/STAP1/DVL2/ZMYND8/ANAPC2/GRN/RALA/ARHGAP4/SNX3/TMEM216",0.431707695803346
"GO:0051258","protein polymerization",168,0.280226947686537,1.35628006963226,0.0137110644785231,0.201156972170452,0.122999826718577,1380,"tags=22%, list=13%, signal=19%","PPP2CB/CAPG/CHMP4B/SNX9/MAP7D3/TMOD3/FES/COTL1/BLOC1S2/WAS/HCLS1/GIT1/ADD3/FKBP4/VASP/ADD1/FLII/HSP90AA1/SSNA1/HCK/VILL/MID1IP1/HAUS8/PRKCD/CFL1/ARPC4/PYCARD/CARMIL2/BIN1/ESAM/NCK2/PFN1/MZT2B/SLAIN1/ACTB/TRIOBP/CYFIP2",0.380730400722792
"GO:0051146","striated muscle cell differentiation",116,0.293345426731501,1.35606917687774,0.02505026922055,0.259301167976004,0.158552787829534,3281,"tags=52%, list=32%, signal=36%","GSK3A/TMOD3/PLEKHO1/G6PD/BHLHA15/CD81/FLII/OBSCN/SIRT6/YY1/RPL7/KAT2A/CASP3/SKI/MTLN/DMPK/MYL9/PRICKLE1/RPL36A/TGFB1/RPL23/CAPN3/RBM38/TOMM70/PIEZO1/RPLP2/RPL12/SELENON/CCNB1/CD9/WDR1/RPL36/TTN/RPL41/CD53/RPL38/RPL34/CACYBP/MYOM2/RPL10/RPL7A/RPL17/RPL27/RPL15/TMEM182/RPL11/RPL39/RPL19/RPL28/RPL18/CASP7/RPL9/NACA/RPL4/RPL31/UBA52/CSRP1/MYBPC2/RPL18A/RPL30",0.352487857583619
"GO:0030218","erythrocyte differentiation",70,0.322334574914816,1.35444929417282,0.0390661868950348,0.326498616534867,0.199641468174488,3022,"tags=41%, list=29%, signal=30%","LDB1/KLF13/HIPK2/SPI1/G6PD/HCLS1/SLC25A5/HSCB/ZBTB7A/CASP3/ABCB10/GLUL/HEATR3/ZFPM1/PRMT1/ISG15/KCNQ1/BAP1/SLC1A5/FLVCR1/HIF1A/TRIM58/LYN/SH2B3/ATP5IF1/RACGAP1/HSPA9/MAEA/ETS1",0.321775918075361
"GO:0050808","synapse organization",188,0.271950606788271,1.35332743386593,0.0174145062637735,0.227911521530792,0.139359214612261,1417,"tags=23%, list=14%, signal=20%","UBE2M/PTEN/AKT1/EIF4G1/ZDHHC2/CDC42/CAP1/GPM6A/STRN4/ACTG1/GIT1/LAMA5/XKR8/APBB2/PPP1R9B/VCP/PDXP/ZDHHC8/SDF4/ARHGAP32/FBXO45/ABI3/CFL1/CASP3/ZNF804A/MAP2K1/ABHD17A/TUBB/DVL1/RPS6KA5/DMPK/SNX27/PFN1/RHOA/ROCK1/DAAM1/CBLN3/ACTB/PRICKLE1/CYFIP2/CDK5/SKP1/PLXNC1",0.352487857583619
"GO:0045785","positive regulation of cell adhesion",238,0.265339704623983,1.3513153605441,0.0135693480498045,0.201156972170452,0.122999826718577,1426,"tags=22%, list=14%, signal=20%","TESK1/AKT1/PTPRJ/GSK3A/PTPN6/IL2RG/CHST2/BRD4/TNFRSF18/CDC42/ADAM8/ZBTB7B/CSK/IRAK1/ICOSLG/ADAM9/SMARCA4/ITGB2/ALOX5/CD1D/SYK/CD81/FCHO1/SMARCD2/SKAP1/SOX12/HLA-DQA1/SMARCB1/GPR65/ARID1A/PHF10/CFL1/TESPA1/RASAL3/SMARCC1/PYCARD/PNP/NFKBID/JUP/HLA-DRB1/RELL2/NCK2/PBRM1/RUNX3/RHOA/LGALS9/ROCK1/ACTB/CD24/TRIOBP/SART1/TYK2/CCDC88B",0.380730400722792
"GO:0032886","regulation of microtubule-based process",154,0.280224383203728,1.35113383723139,0.0311394958173552,0.286940856469195,0.175453404589351,1414,"tags=23%, list=14%, signal=20%","PPP2CB/CHMP4B/CFAP298/RUFY3/GSK3A/MARK2/FES/GRK2/GIT1/CHMP7/FKBP4/STMN1/ROCK2/MARK4/ATAT1/CCR6/MID1IP1/NUP62/HAUS8/ATXN7/RAE1/KAT2A/EML3/FBXW5/ARHGEF2/PPP1R35/BICD1/MEMO1/RHOA/SPAST/ROCK1/SLAIN1/STK11/SASS6/SKP1",0.352487857583619
"GO:0045732","positive regulation of protein catabolic process",150,0.283268427951417,1.34998104839645,0.0152882030205658,0.210906771344776,0.128961457558628,1350,"tags=19%, list=13%, signal=17%","PTEN/AKT1/ELOB/GSK3A/SNX9/AXIN1/ADAM8/FURIN/ADAM9/BARD1/CBFA2T3/SNX1/CSNK1E/CD81/VCP/BAG6/HSP90AA1/TMEM259/SIRT6/VGLL4/TRAF7/DVL1/DDB1/HECTD1/EGLN2/PLK3/FOXO1/DDRGK1/PRICKLE1",0.380730400722792
"GO:0031175","neuron projection development",356,0.253188156229842,1.349307746467,0.00678980592885405,0.154703270382167,0.0945951574260116,1431,"tags=21%, list=14%, signal=19%","PTEN/AKT1/PTPRJ/RUFY3/PITPNA/GSK3A/ATXN10/LST1/MARK2/CDC42/GPM6A/FES/BSG/BLOC1S2/RAPGEF1/BHLHA15/ACTG1/TRIO/TNFRSF21/FOXO6/ZNF296/FKBP4/TAOK3/NREP/STMN1/VASP/PPP1R9B/CPNE5/SSNA1/CARM1/ARHGAP32/EPHB6/ULK1/UBB/ABI3/SNAPIN/DENND5A/IL15RA/LIMK1/AFG3L2/GAS7/CFL1/CASP3/ATF1/CPNE8/ZNF804A/EFNA4/MAP2K1/STK24/ECE1/DVL1/YTHDF1/JUP/FRY/RAP1A/RPS6KA5/ACAP3/NSMF/RETREG3/PQBP1/ITM2C/SPAST/ROCK1/RNF157/ACTB/ADORA2A/STK11/RAB11A/PRICKLE1/CYFIP2/RNF6/SETX/CDK5/DDX56/PLXNC1/SHOC2",0.407017918923954
"GO:0040007","growth",295,0.256368110454376,1.34488507887218,0.00895775340980635,0.171593563715916,0.10492292847397,2281,"tags=32%, list=22%, signal=25%","PTEN/AKT1/PTPRJ/RUFY3/SIPA1/GSK3A/EIF4G1/RPS6KA1/G6PD/PTPN12/CDC42/FES/BSG/STK3/GNAS/SMARCA4/LAMTOR2/RPS6KA3/PSAP/MT2A/HDGFL2/CD81/PPP1R9B/CPNE5/EXOSC4/IP6K2/SSNA1/EXOSC2/CCDC85B/FBXO45/ULK1/VGLL4/DCAF13/TP53/YY1/ING1/LIMK1/DUSP6/CAMK2D/CFL1/CPNE8/SKI/CYBA/TCHP/JUP/ENO1/AKIRIN1/EGLN2/BST2/BASP1/NUBP1/P2RX5/RNF157/PPIB/STK11/PRICKLE1/CYFIP2/RNF6/CDK5/ATAD3A/SKP1/TGFB1/PPM1F/VIM/L1CAM/NAIF1/OSGIN2/CAPN3/WWC3/TOMM70/EIF4G2/RTN4/ADAM17/KRAS/DDX49/RFTN1/TSC22D4/ANAPC2/ARHGAP4/CPNE1/SELENON/EI24/MLST8/NDRG3/CCNB1/TWF2/SIN3A/CD9/RASGRP2/MYCBP2/SDCBP/VPS54/BAP1",0.380730400722792
"GO:0002573","myeloid leukocyte differentiation",103,0.295351691951431,1.34476101993635,0.042994052956428,0.34403558429544,0.210364656003603,2421,"tags=35%, list=23%, signal=27%","CD74/SPI1/CDC42/FES/EVI2B/QKI/HCLS1/CBFA2T3/CD81/TMEM64/PARP1/NRROS/SNX10/GPR137/HLA-DRB1/SH3PXD2A/MYH9/P2RX5/CCL3/TGFB1/UBASH3B/FASN/LBR/TFE3/ZFPM1/IRF7/ATP6AP1/UCP2/RARA/PPARGC1B/SBNO2/NPM1/VPS54/BAP1/PIK3CD/CD4",0.321775918075361
"GO:0006935","chemotaxis",156,0.276661840951974,1.34347383001559,0.0281911345831125,0.274189323208149,0.167656327686762,2069,"tags=27%, list=20%, signal=22%","VEGFB/PTPRJ/CD74/SPI1/ADAM8/FES/BSG/RAC2/ITGB2/ALOX5/SYK/CMTM7/HSPB1/DDT/CCR6/CKLF/SCRIB/ANO6/PRKCD/MAP2K1/YTHDF1/PLP2/ENG/AKIRIN1/RHOA/LGALS9/PPIB/P2RX4/TIRAP/CCL3/TGFB1/RIN3/PPM1F/MAPK1/L1CAM/RALBP1/STK39/ADAM17/ABCC1/STAP1/RALA/PRKD2",0.352487857583619
"GO:0042330","taxis",156,0.276661840951974,1.34347383001559,0.0281911345831125,0.274189323208149,0.167656327686762,2069,"tags=27%, list=20%, signal=22%","VEGFB/PTPRJ/CD74/SPI1/ADAM8/FES/BSG/RAC2/ITGB2/ALOX5/SYK/CMTM7/HSPB1/DDT/CCR6/CKLF/SCRIB/ANO6/PRKCD/MAP2K1/YTHDF1/PLP2/ENG/AKIRIN1/RHOA/LGALS9/PPIB/P2RX4/TIRAP/CCL3/TGFB1/RIN3/PPM1F/MAPK1/L1CAM/RALBP1/STK39/ADAM17/ABCC1/STAP1/RALA/PRKD2",0.352487857583619
"GO:0009267","cellular response to starvation",131,-0.30097825584308,-1.34211759462254,0.0497335701598579,0.375943374762613,0.229875054554986,2441,"tags=28%, list=23%, signal=22%","SZT2/GABARAP/SP1/WIPI2/PIK3C3/WRN/ZFYVE1/RNF167/GPR155/ATG5/NFE2L2/MICU1/FOXO3/TTC5/STK26/YME1L1/SESN1/KAT5/MAPK8/ATG14/SREBF2/IMPACT/CASTOR1/EIF2AK3/JMY/WDR45B/FNIP1/FOS/SESN3/SNAP47/ATF2/TSC1/PMAIP1/FAS/MTMR3/XPR1/KLF10",0.271288554688953
"GO:0044057","regulation of system process",151,0.279780370311302,1.3408047039498,0.0183731034373872,0.232445042570247,0.142131290052955,1319,"tags=24%, list=13%, signal=21%","PTEN/GSK3A/RNF220/G6PD/ATP2A3/GRK2/QKI/SRF/GNAS/TNFRSF21/ADD3/PNOC/ROCK2/MTG2/HSP90AA1/PARP1/FXYD1/JUND/YWHAE/YY1/ABAT/CAMK2D/MAP2K1/CYBA/ECE1/DSP/DVL1/JUP/BIN1/FABP5/ENO1/DMPK/MYL9/ROCK1/FOXO1/P2RX4",0.352487857583619
"GO:1903313","positive regulation of mRNA metabolic process",113,-0.302785732631626,-1.34031338026264,0.0487080533521742,0.370432815345342,0.226505557360166,2031,"tags=29%, list=20%, signal=24%","POLR2G/NCBP2/CPEB3/ALKBH5/TNRC6C/NUP98/HELZ/ZFP36L2/TTC5/GTPBP1/DIS3L2/TNRC6B/PUM2/CSDE1/CNOT2/ZFP36/DCP2/PATL2/DDX6/PARN/SAMD4A/GIGYF2/ZC3HAV1/BTG2/FTO/ZFP36L1/TNRC6A/METTL16/CNOT1/RBMX/DIS3/NT5C3B/XRN1",0.321775918075361
"GO:0060485","mesenchyme development",93,0.302406857804288,1.34030360472715,0.0422635714741586,0.339503679977853,0.207593569126753,1571,"tags=25%, list=15%, signal=21%","PTEN/TRIM28/CDC42/ADAM8/FBXL17/QKI/HNRNPAB/ELL3/ROCK2/FUZ/PDCD6/MCRIP1/ENG/BASP1/TCOF1/ROCK1/GLIPR2/PRICKLE1/TAF10/SKP1/KLHL12/TGFB1/KAT8",0.321775918075361
"GO:0042391","regulation of membrane potential",114,0.289574127499195,1.34017109436687,0.0328014026734939,0.297739072357797,0.182056102317582,1319,"tags=25%, list=13%, signal=22%","PTEN/AKT1/GSK3A/HTR3A/ABCD1/GLRX/ATP1B3/PRELID1/PNOC/VCP/PARP1/FXYD1/BAK1/MLLT11/UBB/YWHAE/ABAT/TUSC2/CAMK2D/MTLN/DSP/DVL1/JUP/BIN1/P2RX5/ARL6IP5/ADORA2A/P2RX4",0.321775918075361
"GO:0071363","cellular response to growth factor stimulus",275,0.260146298295068,1.33868564399435,0.0105718298833231,0.184214627400805,0.112640228200127,1873,"tags=25%, list=18%, signal=21%","MAPKAPK2/FAM89B/AKT1/VEGFB/GDF11/MEN1/HIPK2/SPI1/BPTF/PMEPA1/PTPN12/FURIN/EEF2/RAPGEF1/ADAM9/GIT1/CSNK1E/HSPB1/NREP/PEG10/PPP1R9B/HHEX/SAP30L/UBE2O/HSP90AB1/PARP1/EHD4/ZBTB7A/CREBBP/HDAC1/PPM1A/ING1/NRROS/KAT2A/CAT/CFL1/CASP3/PDCD6/SKI/UBE2D1/RAP1A/HGS/ENG/SNW1/HTRA2/TSPAN32/SOX5/STK11/CYFIP2/SKP1/MYO1C/SHOC2/BRMS1/IQGAP1/SPINT1/TGFB1/CPNE3/GCLC/GIPC1/TSC22D1/WWOX/GLG1/ADAM17/WNT10A/PDCD4/USP9Y/PRMT1/EID2",0.380730400722792
"GO:0002253","activation of immune response",387,0.246897341992584,1.33640044322499,0.00581541491910206,0.142357227930918,0.0870460227090849,1161,"tags=17%, list=11%, signal=16%","MAPKAPK2/AKT1/PTPRJ/UNC93B1/CD72/PTPN6/TLR9/HSPA8/CR2/IGHG4/CSK/IRAK1/MS4A1/DDX41/CD79A/ICOSLG/RPS6KA3/TNFRSF21/SYK/PLCG2/IGKC/IFIH1/CD81/IRF2/FCHO1/NR1D1/BANF1/SKAP1/BAG6/HSP90AA1/PARP1/MARK4/SLC15A4/HCK/XRCC6/KHDRBS1/CREBBP/CD79B/PIK3AP1/YWHAE/TRIM65/TRBC2/ECSIT/SH2B2/GRAMD4/LIMK1/PRKCD/TESPA1/CASP6/PYCARD/NFKBID/CYBA/ABHD17A/NONO/TRIM3/IRF5/HLA-DRB1/NMI/RAP1A/SPG21/SFPQ/IPO5/LPXN/CASP1/TLR10/VAV2",0.407017918923954
"GO:0022409","positive regulation of cell-cell adhesion",180,0.268322858738519,1.33348772404675,0.0280476767605588,0.274189323208149,0.167656327686762,1893,"tags=28%, list=18%, signal=23%","AKT1/PTPN6/IL2RG/CHST2/BRD4/ADAM8/ZBTB7B/CSK/IRAK1/ICOSLG/SMARCA4/ITGB2/ALOX5/CD1D/CD81/FCHO1/SMARCD2/SKAP1/SOX12/HLA-DQA1/SMARCB1/GPR65/ARID1A/PHF10/TESPA1/RASAL3/SMARCC1/PYCARD/PNP/NFKBID/HLA-DRB1/NCK2/PBRM1/RUNX3/RHOA/LGALS9/ACTB/CD24/SART1/TYK2/CCDC88B/TGFB1/PIEZO1/CARD11/TNFRSF14/IL7/HLA-DRB5/SOX4/RARA/RASGRP1",0.352487857583619
"GO:0043542","endothelial cell migration",104,0.294838463962487,1.33013647252045,0.0350958013060958,0.30760875000703,0.188091034279052,1550,"tags=25%, list=15%, signal=21%","AKT1/SH3BP1/PRCP/BSG/SRF/ITGB2/CSNK2B/SCARB1/GPI/HSPB1/EHD4/PACSIN2/PDCD6/KRIT1/JUP/PATZ1/ATP5F1B/LPXN/RHOA/CTNND1/MYH9/P2RX4/TNFSF12/TGFB1/GLUL/GIPC1",0.321775918075361
"GO:0043523","regulation of neuron apoptotic process",98,0.296439245608624,1.33010665629885,0.0473260405734046,0.365275801963013,0.223352240099682,1668,"tags=27%, list=16%, signal=22%","AKT1/VEGFB/GSK3A/G6PD/SET/ADAM8/PARP1/CASP10/UBB/TRAF7/CASP3/CASP6/NONO/KDM2B/NSMF/CASP1/EGLN2/HTRA2/FIS1/ADORA2A/CDK5/CCL3/GCLC/HRK/AIFM1/CASP4",0.321775918075361
"GO:0120035","regulation of plasma membrane bounded cell projection organization",278,0.256343398168672,1.3290917300588,0.0127354194127748,0.197490855290262,0.120758135883167,2064,"tags=29%, list=20%, signal=24%","TESK1/PTEN/AKT1/RUFY3/GSK3A/MARK2/CDC42/GPM6A/FES/RAC2/RAPGEF1/WAS/RABEP2/ZNF296/FKBP4/GDI2/HSP90AA1/MARK4/RAB11FIP3/CARM1/ARHGAP32/ULK1/ABI3/RCC2/SNAPIN/DENND5A/WASHC1/DYNC2LI1/IL15RA/LIMK1/FUZ/PRKCD/CFL1/ATF1/ENTR1/ZNF804A/CARMIL2/TCHP/STK24/YTHDF1/JUP/ODF2/PPP1R35/RAP1A/ACAP3/AKIRIN1/NSMF/RETREG3/PFN1/ITM2C/BRK1/RAB11A/ATG3/RNF6/SETX/CDK5/DDX56/PLXNC1/FAM98A/SHOC2/DOCK11/CEP135/CERS2/VIM/L1CAM/WRAP73/KAT2B/RTN4/CROCC/P3H1/HDAC2/GPC2/RABL3/STAP1/ZMYND8/ANAPC2/GRN/RALA/ARHGAP4/SNX3/TMEM216",0.380730400722792
"GO:0009410","response to xenobiotic stimulus",143,-0.288456048267986,-1.32367908597985,0.0466404307530716,0.362083696397024,0.221400389128534,2289,"tags=30%, list=22%, signal=24%","SRP68/CREB1/SRR/BCL2/FMO4/VAV1/DPYD/AIM2/PIM1/SUFU/GUK1/NFE2L2/PDE4B/FOXO3/MT-ND1/ABCA1/MTHFR/CYP2U1/MEF2C/TGFBR2/ABCD3/TSPO/TXNIP/AHR/BCAR3/FMO5/GSTM4/ABHD10/SLC29A3/RORA/ABCB1/FOS/GATA3/NFKBIZ/PMS1/HDAC5/UBE2B/CPT1A/FOSB/XPO1/CD69/XPC/MDM2",0.321775918075361
"GO:0044843","cell cycle G1/S phase transition",158,0.273189282707375,1.31637159842657,0.0251967777438612,0.259301167976004,0.158552787829534,2205,"tags=29%, list=21%, signal=23%","PTEN/AKT1/EIF4G1/PTPN6/PSMB4/PSMA2/TCF3/SMARCA4/BCL7C/PLCG2/CDC34/SMARCD2/SMARCB1/CCNI/PSME2/KHDRBS1/ARID1A/TP53/PSMB5/TFDP1/PHF10/SMARCC1/PBRM1/PLK3/DDRGK1/ACTB/PAGR1/SASS6/RPA2/SKP1/PSMB2/GPR132/EIF4EBP1/DGKZ/PSMA7/ADAM17/ZNF324/PHF8/CCNG2/ACTL6A/PKD2/CUL4A/CCNB1/PSMB1/PSME1/RCC1",0.352487857583619
"GO:0002757","immune response-activating signaling pathway",364,0.244654951063596,1.3156807951431,0.0117147655240878,0.19156437646813,0.117134319814013,1161,"tags=17%, list=11%, signal=15%","MAPKAPK2/AKT1/PTPRJ/UNC93B1/CD72/PTPN6/TLR9/HSPA8/CR2/IGHG4/CSK/IRAK1/MS4A1/DDX41/CD79A/ICOSLG/RPS6KA3/TNFRSF21/SYK/PLCG2/IGKC/IFIH1/CD81/IRF2/FCHO1/NR1D1/BANF1/SKAP1/BAG6/PARP1/MARK4/SLC15A4/HCK/KHDRBS1/CREBBP/CD79B/PIK3AP1/YWHAE/TRIM65/TRBC2/ECSIT/SH2B2/GRAMD4/LIMK1/PRKCD/TESPA1/PYCARD/NFKBID/CYBA/ABHD17A/TRIM3/IRF5/HLA-DRB1/NMI/RAP1A/SPG21/IPO5/LPXN/CASP1/TLR10/VAV2",0.380730400722792
"GO:0060284","regulation of cell development",365,0.24667633499719,1.31546255142893,0.00793185955472041,0.16253642886694,0.0993848354863366,2053,"tags=26%, list=20%, signal=22%","PTEN/AKT1/LDB1/KLF13/RUFY3/GSK3A/CD74/IL2RG/TLR9/PSMB8/SPI1/BRD4/ADAM8/ZBTB7B/FES/PSMB4/EVI2B/PSMA2/QKI/HCLS1/SMARCA4/SYK/PRELID1/ADD1/ROCK2/NR1D1/SMARCD2/SOX12/TMEM64/SMARCB1/GPR65/ULK1/XRCC6/IRF4/ARID1A/MME/LIMK1/KAT2A/EIF6/PHF10/CFL1/TESPA1/SMARCC1/PNP/SKI/NFKBID/GPR137/JUP/RGS14/BIN1/HLA-DRB1/BRPF1/SNW1/PBRM1/RUNX3/RHOA/LGALS9/ROCK1/DDRGK1/ACTB/MTURN/RNF6/SART1/ABCB10/CCL3/PLXNC1/RBM15/SPINT1/PSMB2/TGFB1/GLUL/UBASH3B/PRUNE1/VIM/TFE3/L1CAM/TSC22D1/ZFPM1/PSMA7/SIRT2/IRF7/IL7/SOX4/RTN4/RARA/PRMT1/RASGRP1/HDAC2/FXR2/ISG15/PPARGC1B/ANAPC2/GRN/ARHGAP4/ACTL6A",0.380730400722792
"GO:0032984","protein-containing complex disassembly",172,0.269434726483361,1.30989524189786,0.0256285479664821,0.262438868656774,0.16047137228557,1007,"tags=17%, list=10%, signal=16%","CAPG/CHMP4B/SH3BP1/HSPA8/TMOD3/SET/PLEK/APEH/SH3GL1/ADD3/CHMP7/STMN1/PPP1R9B/ADD1/SMARCD2/VCP/FLII/VAMP8/PDXP/VILL/MID1IP1/UBQLN4/ATXN7/UPF1/CFL1/SMARCC1/CARMIL2/PHF23/SNX14/ARHGEF2",0.352487857583619
"GO:1901293","nucleoside phosphate biosynthetic process",229,0.261555861116604,1.30823914663632,0.00771141363263257,0.161822694283205,0.0989484139734493,1803,"tags=26%, list=17%, signal=22%","NADK/AK8/AMPD2/PGK1/ADSL/TK2/NDUFB11/AFMID/AMPD3/VCP/COASY/PARP1/NAPRT/ADCY3/SDHD/NDUFB2/ANTKMT/ATP5F1D/MTHFD1/NME1/IMPDH2/HACD2/NDUFA3/PNP/NDUFA1/MAP2K1/PDHB/GART/ATP5F1B/ENO1/PANK4/KMO/ATP5MC3/ATP5F1C/DTYMK/NDUFS8/ACSF3/ATP5F1E/PAICS/PFAS/PAPSS1/NANS/GCDH/HPRT1/TGFB1/STOML2/GMPS/FASN/ACSL5/ATP5MC1/UGDH/NDUFB9/NDUFA2/ATP5PB/NDUFA13/ATP5MG/SHMT1/ATP5MF/NDUFS6",0.407017918923954
"GO:0051093","negative regulation of developmental process",374,0.245751360380448,1.30801510501474,0.00463606644727219,0.124541603197176,0.076152446754498,2215,"tags=27%, list=21%, signal=22%","PTEN/LDB1/GDF11/KLF13/RUFY3/MEN1/GSK3A/PTPN6/PSMB8/SPI1/G6PD/ZBTB7B/PSMB4/PGK1/PSMA2/QKI/GNAS/SMARCA4/BHLHA15/ALOX5/TRIO/BCL7C/ZNF296/SRA1/ROCK2/HHEX/NR1D1/SAP30L/TMEM64/EPN1/PARP1/CARM1/PHF14/CCDC85B/ULK1/VGLL4/NELFB/HDAC1/YY1/ING1/RPL7/FUZ/CFL1/SMARCC1/SKI/DSP/GPR137/KRIT1/DTX1/CST3/HGS/DDB1/VAT1/ANP32B/AKIRIN1/RUNX3/CTNND1/ROCK1/FOXO1/ACTB/IPO7/PRICKLE1/RNF6/RPL36A/CCL3/SHOC2/BRMS1/PSMB2/TGFB1/RCAN1/KAT8/GTF2I/CERS2/RPL23/TSC22D1/WWC3/ZFPM1/TOMM70/PSMA7/SIRT2/NFATC1/RPLP2/SOX4/RTN4/RARA/PDCD4/PRMT1/HNRNPU/RPL12/HDAC2/ABCG1/SAP130/ARHGAP4/ACTL6A/CUL4A/BCR/ZNF706/PSMB1/SIN3A/FCGR2B/B2M/PSMB9",0.407017918923954
"GO:0032787","monocarboxylic acid metabolic process",306,0.250006513699187,1.30734710052408,0.0109764348212621,0.185701546497984,0.11354942259356,1561,"tags=21%, list=15%, signal=19%","FOXK2/AKT1/CD74/LDHA/ABCD1/TPI1/PKM/PTGS1/PGK1/TIGAR/PGAM1/CBFA2T3/ALOX5/GIT1/ACAD9/DAGLB/GPI/PFKL/ECI1/JMJD8/ADIPOR2/OSBP/NR1D1/SHMT2/PLA2G4B/PARP10/VDAC1/SORD/SIRT6/ACSF2/ZBTB7A/DCXR/DECR1/PFKM/MID1IP1/CBR1/NME1/ECH1/ABAT/GRHPR/HACD2/EIF6/MTLN/PDHB/ALKBH7/MTHFD1L/HADH/FABP5/ENO1/PANK4/SLC27A4/KMO/HK2/HSD17B10/ACAD10/ACSF3/LDHB/FADS3/GCDH/HADHA/TYSND1/PLA2G4C/AKR1B1/FASN/ACSL5",0.380730400722792
"GO:0043408","regulation of MAPK cascade",258,0.253602706752679,1.30627626681156,0.0187951611307152,0.235622974538694,0.144074474409056,1498,"tags=21%, list=14%, signal=19%","VEGFB/PTPRJ/MEN1/CD74/PTPN6/IL2RG/AXIN1/TLR9/GNAI2/HIPK2/SPI1/MAP2K2/GRAP/ADAM8/CSK/PHLPP1/STK3/ADAM9/MAP3K10/SYK/PLCG2/CD81/TAOK3/ROCK2/RASSF2/MAP4K1/ERP29/DDT/TRAF7/SBNO1/IL15RA/PRKCD/DUSP6/ABCA7/PYCARD/MAP2K1/TRAF4/RGS14/MAP4K2/RAP1A/RELL2/LGALS9/ROCK1/FOXO1/ARL6IP5/MADD/ADORA2A/TIRAP/GLIPR2/CD24/MTURN/CCL3/SHOC2/IQGAP1/TGFB1",0.352487857583619
"GO:0007167","enzyme-linked receptor protein signaling pathway",382,0.240417315835089,1.30534232821928,0.0178561844876791,0.229312243265671,0.140215702601775,2024,"tags=26%, list=19%, signal=22%","MAPKAPK2/FAM89B/AKT1/VEGFB/PTPRJ/GDF11/MEN1/GSK3A/HIPK2/SPI1/MAP2K2/PMEPA1/PTPN12/ZBTB7B/PTPRE/DOK1/FURIN/DGKQ/RAPGEF1/ADAM9/CSNK2B/SOCS7/TRIO/HSPB1/NREP/STMN1/PEG10/HHEX/SAP30L/UBE2O/HSP90AB1/PARP1/HCK/PHF14/SAMD10/ZBTB7A/OSBPL8/BMP3/EPHB6/CREBBP/HDAC1/PPM1A/ECSIT/NUP62/SH2B2/ING1/NRROS/PRKCD/CASP3/PDCD6/SHKBP1/EFNA4/SKI/MAP2K1/UBE2D1/RGS14/HGS/ENG/DOK2/SNW1/SLC27A4/VAV2/NCK2/TSPAN32/FOXO1/STK11/MPZL1/PRICKLE1/CYFIP2/SKP1/MYO1C/TYK2/SHOC2/BRMS1/IQGAP1/TGFB1/CPNE3/UBASH3B/GIPC1/IFI6/MAPK1/ZFYVE28/TSC22D1/CBLB/GLG1/RTN4/ADAM17/PDCD4/USP9Y/PRMT1/EID2/SH2B1/FGR/GKAP1/HDAC2/DOK7/STAP1/SAP130/RALA",0.352487857583619
"GO:0030029","actin filament-based process",371,0.24162684897392,1.30415172073484,0.00938036674253858,0.174862989008238,0.10692205751278,1475,"tags=22%, list=14%, signal=19%","TESK1/MYO7B/CAPG/SH3BP1/RUFY3/SNX9/TMOD3/CDC42/CAP1/ARHGAP17/COTL1/PLEK/QKI/RAC2/WAS/SRF/HCLS1/ACTG1/ALKBH4/TLN1/ADD3/TMSB10/VASP/PPP1R9B/ARPC1B/ADD1/ROCK2/FLII/PDXP/MYO19/HCK/OBSCN/MYL6/CORO2B/VILL/GPR65/ABI3/PDLIM1/WASHC1/LIMK1/PRKCD/PACSIN2/CAMK2D/SYNPO/CFL1/ARPC4/PYCARD/ARHGEF18/CARMIL2/ABRACL/DSP/PDLIM2/MARCKS/ACAP1/ARHGEF2/JUP/BIN1/ESAM/CNN2/ACAP3/NCK2/BST2/PFN1/RHOA/MYL9/ROCK1/EFHD2/DAAM1/MYH9/BRK1/TPM4/ACTB/TRIOBP/CYFIP2/MARCKSL1/CDK5/MYO1C/FMNL3/IQGAP1/RANGRF",0.380730400722792
"GO:0030334","regulation of cell migration",395,0.242643335569321,1.30355268270292,0.00508096403897179,0.129752766847076,0.0793388748411006,1566,"tags=21%, list=15%, signal=18%","MAZ/FAM89B/PTEN/AKT1/LDB1/VEGFB/PTPRJ/SH3BP1/RUFY3/CD74/GNAI2/HSPA8/SPI1/CHST2/TNFRSF18/CDC42/ADAM8/PRCP/BSG/RAC2/ADAM9/SRF/CSNK2B/SOCS7/ACTG1/SCARB1/LAMA5/PLCG2/UBE2I/GPI/HSPB1/CD81/TMSB10/ROCK2/SAP30L/DDT/CCR6/MTA2/ABI3/HDAC1/RCC2/ANO6/ING1/WASHC1/FUZ/PDCD6/PYCARD/CARMIL2/MAP2K1/STK24/CD151/ARHGEF2/KRIT1/JUP/ZNF609/PATZ1/ATP5F1B/ENG/AKIRIN1/NSMF/GNA12/BST2/MIIP/PFN1/RHOA/LGALS9/ROCK1/DDRGK1/P2RX4/TIRAP/RAB11A/GLIPR2/CCL3/PLXNC1/MYO1C/BRMS1/TGFB1/CPNE3/GLUL/RIN3/PPM1F",0.407017918923954
"GO:0098657","import into cell",470,0.237148451947872,1.30262403872818,0.00601672405896439,0.145562499601963,0.0890059242519973,1454,"tags=19%, list=14%, signal=17%","MAPKAPK2/MYO7B/AKT1/CSNK1G2/PTPRJ/SH3BP1/NCF4/GSK3A/SNX9/RNF220/UNC119/IL2RG/NCF2/BMP2K/CDC42/CSK/PLD4/MS4A1/DGKQ/GRK2/SH3GL1/RABEP2/ATP1B3/ITGB2/SNX1/ACTG1/SCARB1/SYK/PLCG2/XKR8/CSNK1E/CD81/FCHO1/LRP10/AP2M1/EPN1/FXYD1/SLC15A4/EHD4/MYO19/HCK/SIRT6/SCRIB/OSBPL8/LRRC8A/LRPAP1/NME1/ANO6/IL15RA/LIMK1/PRKCD/PACSIN2/AMN/GAS7/CTBP1/ABCA7/PYCARD/CYBA/CACNA1A/CD151/PEA15/BIN1/TBC1D2B/RAP1A/HGS/TMEM175/SLC27A4/DENND1C/VAV2/GRK3/BICD1/RAB4B/ROCK1/MYH9/P2RX5/MX2/ARL6IP5/ACTB/PIP4P2/ADORA2A/SYNJ2/SLC7A7/SH3GLB2/CDK5/ICAM3/MYO1C/SHOC2/PLSCR1",0.407017918923954
"GO:0048193","Golgi vesicle transport",270,-0.264523389556571,-1.30016507800399,0.0242002927668357,0.258213176923283,0.157887522740722,2728,"tags=29%, list=26%, signal=22%","PSMD14/EXOC5/GOLGA4/VAMP4/VTI1B/RAB14/ANKFY1/ARF5/SEC31A/KLHL20/RP2/TFG/AP3M2/RAB1A/CREB3L2/RAB2A/SEC24C/EXOC1/SEC23A/TRAPPC2/RAB6A/BET1L/LYPLAL1/PRKCI/SURF4/YIPF5/COG1/TM9SF4/TMED2/SCAMP1/ERGIC2/ACSL3/SEC24B/CNIH4/ARFGAP2/ARFGEF2/EXOC8/PREPL/CNST/NBAS/MIA3/ANK1/VPS13C/BBS2/SORL1/STX5/RAB34/BLZF1/TEX261/AP1G1/TRAPPC2L/RBSN/ARF4/RNF139/VAMP2/DOP1A/TRAPPC6B/RAB31/VAPB/RAB33B/COG5/EXOC4/GGA1/GOLGA2/GOLT1B/CCDC91/MACF1/ATP9B/KDELR2/UVRAG/GOSR2/BET1/MON2/GCC2/HTT/WHAMM/NSF/VTI1A",0.352487857583619
"GO:0045739","positive regulation of DNA repair",120,0.282357671428838,1.29920532958735,0.0392961647292225,0.327108819544886,0.200014584073409,914,"tags=18%, list=9%, signal=16%","MRGBP/TRIM28/TIGAR/WAS/SMARCA4/BCL7C/FH/HDGFL2/CBX8/SMARCD2/PARP1/SMARCB1/EYA3/SIRT6/CREBBP/ARID1A/YY1/MRE11/PRKCD/PHF10/SMARCC1",0.321775918075361
"GO:0051402","neuron apoptotic process",114,0.280683176118937,1.29902309490937,0.0461764782971257,0.360437907009828,0.220394051603883,1668,"tags=27%, list=16%, signal=23%","AKT1/VEGFB/GSK3A/G6PD/SET/ADAM8/DAXX/TNFRSF21/PARP1/CASP10/UBB/TRAF7/CASP3/CASP6/NONO/ATN1/KDM2B/NSMF/CASP1/EGLN2/HTRA2/FIS1/ADORA2A/CDK5/CCL3/BID/ZNF212/GCLC/HRK/AIFM1/CASP4",0.321775918075361
"GO:0034330","cell junction organization",289,0.249697720051862,1.29812876618998,0.019599118303119,0.240598078397636,0.147116560924647,1566,"tags=22%, list=15%, signal=20%","UBE2M/PTEN/AKT1/LDB1/PTPRJ/SH3BP1/EIF4G1/ZDHHC2/LIMS2/CDC42/CAP1/GPM6A/CSK/RAPGEF1/LAMTOR2/STRN4/ACTG1/TLN1/GIT1/LAMA5/XKR8/APBB2/PPP1R9B/ADD1/ROCK2/VCP/PDXP/ZDHHC8/SDF4/CORO2B/ARHGAP32/FBXO45/ABI3/RCC2/RAB40C/CFL1/CASP3/ZNF804A/MAP2K1/ABHD17A/TUBB/DSP/DVL1/JUP/ESAM/RAP1A/RPS6KA5/DMPK/SNX27/PFN1/RHOA/ROCK1/DAAM1/CBLN3/ACTB/PRICKLE1/CYFIP2/CDK5/SKP1/PLXNC1/MYO1C/TGFB1/TBCD/GNA13/PPM1F",0.352487857583619
"GO:0060429","epithelium development",278,0.250046749799581,1.29644480669649,0.0190423251695076,0.236570868547307,0.144654075491479,1498,"tags=23%, list=14%, signal=20%","LFNG/PTEN/AKT1/SH3BP1/CTSZ/GSK3A/TLR9/ZNF358/CDC42/PGK1/BSG/RAPGEF1/ADAM9/SRF/GNAS/CCM2/CSNK2B/ACTG1/PSAP/VASP/ADD1/ROCK2/ANXA4/VDAC1/SIRT6/SCRIB/MTHFD1/HDAC1/CBR1/MAFG/CAT/FUZ/CASP3/CASP6/CARMIL2/SKI/ECE1/TUBB/DSP/CD151/MARCKS/DVL1/KRIT1/MTHFD1L/RAP1A/ENG/SSBP3/KDM2B/EDF1/RHOA/BASP1/CTNND1/ROCK1/RILPL2/ACTB/DEAF1/IPO7/CD24/PRICKLE1/TAF10/IQGAP1/SPINT1/TGFB1",0.352487857583619
"GO:0007159","leukocyte cell-cell adhesion",247,0.251488514588081,1.29342257344953,0.02171064260172,0.250186430204222,0.152979472848612,1959,"tags=27%, list=19%, signal=23%","AKT1/PTPN6/IL2RG/PSMB8/CHST2/BRD4/ADAM8/ZBTB7B/CSK/IRAK1/PSMB4/ICOSLG/PSMA2/RAC2/SMARCA4/ITGB2/ALOX5/CD1D/TNFRSF21/SYK/CD81/FCHO1/SMARCD2/SKAP1/SOX12/PAG1/HLA-DQA1/SMARCB1/GPR65/SCRIB/ARID1A/PHF10/TESPA1/RASAL3/SMARCC1/PYCARD/PNP/NFKBID/HLA-DRB1/NCK2/PBRM1/RUNX3/TNFAIP8L2/RHOA/LGALS9/ROCK1/ACTB/CD24/SART1/ICAM3/TYK2/CCDC88B/PSMB2/TGFB1/PODXL2/PECAM1/PSMA7/CARD11/TNFRSF14/IL7/CBLB/HLA-DRB5/SOX4/RARA/RASGRP1/SLC39A8/HLA-DOB",0.352487857583619
"GO:0016049","cell growth",222,0.25469081123517,1.29261739950157,0.0284329755030931,0.274189323208149,0.167656327686762,2155,"tags=29%, list=21%, signal=24%","AKT1/PTPRJ/RUFY3/SIPA1/GSK3A/EIF4G1/RPS6KA1/G6PD/CDC42/BSG/STK3/SMARCA4/LAMTOR2/RPS6KA3/HDGFL2/PPP1R9B/CPNE5/EXOSC4/IP6K2/SSNA1/EXOSC2/CCDC85B/ULK1/VGLL4/DCAF13/TP53/YY1/ING1/LIMK1/CAMK2D/CFL1/CPNE8/CYBA/TCHP/JUP/ENO1/EGLN2/BST2/NUBP1/RNF157/STK11/PRICKLE1/CYFIP2/RNF6/CDK5/ATAD3A/TGFB1/VIM/L1CAM/NAIF1/OSGIN2/TOMM70/EIF4G2/RTN4/ADAM17/DDX49/TSC22D4/ANAPC2/ARHGAP4/CPNE1/EI24/MLST8/NDRG3/TWF2/SIN3A",0.352487857583619
"GO:0040011","locomotion",489,0.234835204819818,1.29244711846283,0.00368726272660591,0.11134456861291,0.0680829627612298,1334,"tags=18%, list=13%, signal=16%","MAZ/FAM89B/PTEN/AKT1/LDB1/VEGFB/PTPRJ/SH3BP1/RUFY3/CD74/GNAI2/HSPA8/SPI1/CHST2/TNFRSF18/MAP2K2/CDC42/ADAM8/FES/PRCP/BSG/RAC2/ADAM9/WAS/SRF/PKN1/ITGB2/CSNK2B/SOCS7/ACTG1/ALOX5/SCARB1/LAMA5/SYK/PLCG2/UBE2I/GPI/PNOC/CMTM7/HSPB1/CD81/TMSB10/ROCK2/SAP30L/DDT/CCR6/CKLF/SCRIB/MTA2/ABI3/HDAC1/RCC2/ANO6/ING1/WASHC1/FUZ/PRKCD/CFL1/PDCD6/PYCARD/CARMIL2/MAP2K1/STK24/CD151/ARHGEF2/YTHDF1/KRIT1/JUP/ZNF609/PATZ1/ATP5F1B/PLP2/ENG/AKIRIN1/NSMF/GNA12/BST2/MIIP/PFN1/RHOA/LGALS9/ROCK1/PPIB/DDRGK1/P2RX4/TIRAP/RAB11A/GLIPR2",0.431707695803346
"GO:0008285","negative regulation of cell population proliferation",254,0.254339425971371,1.29191425497749,0.0203579666920582,0.245542006428701,0.150139584608931,1943,"tags=27%, list=19%, signal=23%","PTEN/CLMN/PTPRJ/KLF13/MEN1/TNFRSF13B/PTPN6/LST1/ZBTB7B/CSK/SRF/CSNK2B/CBFA2T3/ALOX5/TMEM127/TNFRSF21/PARP10/BAK1/PHF14/SIRT6/SCRIB/ULK1/VGLL4/JUND/SMYD2/NME1/TP53/NUP62/ING1/FUZ/TFDP1/CTBP1/SKI/MAP2K1/KRIT1/SAV1/HLA-DRB1/NMI/HGS/ENG/KDM2B/AKIRIN1/NCK2/PBRM1/RUNX3/LGALS9/ADORA2A/STK11/TP53I11/IFIT3/SHOC2/SPINT1/ZBTB17/TGFB1/HMGA1/PRKRA/CHERP/TSC22D1/RBM38/WWC3/SIRT2/TNFRSF14/GTPBP4/KAT2B/RARA/PDCD4/MFN2/P3H1/DDX20",0.352487857583619
"GO:0050778","positive regulation of immune response",488,0.2346918002266,1.29109000574989,0.00485973048677466,0.126650707430643,0.0774420836606851,1161,"tags=16%, list=11%, signal=15%","MAPKAPK2/AKT1/PTPRJ/UNC93B1/CD1C/CD72/CD74/RNF220/PTPN6/TLR9/HSPA8/SPI1/CR2/BRD4/IGHG4/ADAM8/CSK/IRAK1/MS4A1/DDX41/CD79A/ICOSLG/RPS6KA3/ITGB2/CD1D/TNFRSF21/SYK/PLCG2/IGKC/IFIH1/HMCES/CD81/TNFSF13/IRF2/FCHO1/NR1D1/BANF1/SKAP1/BAG6/HSP90AA1/HLA-DQA1/PARP1/MARK4/SLC15A4/HCK/GPR65/XRCC6/KHDRBS1/CREBBP/CD79B/PIK3AP1/YWHAE/TRIM65/TRBC2/ECSIT/SH2B2/GRAMD4/LIMK1/CD1A/PRKCD/TESPA1/CASP6/PYCARD/NFKBID/CYBA/ABHD17A/NONO/TRIM3/IRF5/HLA-DRB1/NMI/RAP1A/SPG21/SFPQ/IPO5/LPXN/CASP1/TLR10/VAV2",0.407017918923954
"GO:0040008","regulation of growth",234,0.253312752654441,1.29066141225885,0.0216360193822371,0.250186430204222,0.152979472848612,2281,"tags=31%, list=22%, signal=25%","PTEN/AKT1/PTPRJ/RUFY3/SIPA1/GSK3A/EIF4G1/RPS6KA1/G6PD/CDC42/STK3/GNAS/SMARCA4/LAMTOR2/RPS6KA3/MT2A/HDGFL2/PPP1R9B/CPNE5/EXOSC4/IP6K2/EXOSC2/CCDC85B/ULK1/VGLL4/TP53/YY1/ING1/LIMK1/DUSP6/CAMK2D/CFL1/CPNE8/CYBA/TCHP/JUP/ENO1/EGLN2/BST2/BASP1/NUBP1/P2RX5/RNF157/PPIB/STK11/RNF6/ATAD3A/TGFB1/PPM1F/VIM/L1CAM/NAIF1/OSGIN2/CAPN3/WWC3/TOMM70/EIF4G2/RTN4/ADAM17/DDX49/RFTN1/ANAPC2/ARHGAP4/EI24/MLST8/NDRG3/CCNB1/TWF2/SIN3A/RASGRP2/MYCBP2/SDCBP/BAP1",0.352487857583619
"GO:0042254","ribosome biogenesis",305,0.243833614448709,1.28957260299533,0.0189314441132037,0.235901759928686,0.144244941056524,2900,"tags=35%, list=28%, signal=26%","TUFM/NOA1/WDR46/PA2G4/NOP2/RPF2/MTG2/IMP3/EXOSC4/PWP1/EXOSC2/YBEY/BOP1/PPAN/LSM6/GTPBP6/NOP10/DCAF13/RPL7/RPUSD3/GNL2/NOP16/EIF6/UTP18/RPS24/NSA2/ISG20/DDX54/RPP40/EXOSC5/SIRT7/NOL9/GTF3A/WDR77/NSUN5/MRM2/TCOF1/RPS11/UTP11/EXOSC10/TEX10/RPS28/SART1/DDX56/RNASEL/EIF5B/PIN4/GLUL/RRP36/PDCD11/DIMT1/PAK1IP1/REXO4/NSUN6/FBL/URB1/REXO1/HEATR3/WDR55/WDR18/GTPBP4/KAT2B/FAU/MTERF3/DDX49/SDAD1/MRTO4/UTP4/NOL6/RRP1/TMA16/CUL4A/NGDN/DKC1/METTL5/MYBBP1A/NPM1/DDX51/TSR3/RPL7L1/ERI3/EIF2A/PDCD2L/NOP56/NDUFAB1/ABT1/MDN1/SNU13/RRS1/RPS15A/RPS21/MTREX/MPV17L2/NOP14/MCAT/RPL7A/MTG1/RPS13/BUD23/USP36/RPL27/RPP25/NUDT16/DDX10/AK6/RPS15/TSR1/RPS8",0.352487857583619
"GO:0050863","regulation of T cell activation",220,0.255603468514164,1.28749321155507,0.0199315337759427,0.242519868326691,0.148291662268203,1893,"tags=27%, list=18%, signal=22%","AKT1/PTPN6/IL2RG/PSMB8/BRD4/SIT1/ADAM8/ZBTB7B/CSK/PSMB4/ICOSLG/PSMA2/RAC2/SMARCA4/CD1D/TNFRSF21/PRELID1/CD81/FCHO1/SMARCD2/SOX12/PAG1/HLA-DQA1/SMARCB1/GPR65/SCRIB/IRF4/ARID1A/KAT2A/PHF10/TESPA1/RASAL3/SMARCC1/PYCARD/PNP/NFKBID/HLA-DRB1/NCK2/PBRM1/RUNX3/TNFAIP8L2/RHOA/LGALS9/ACTB/CD24/SART1/TYK2/CCDC88B/PSMB2/TGFB1/PSMA7/CARD11/TNFRSF14/IL7/CBLB/HLA-DRB5/SOX4/RARA/RASGRP1",0.352487857583619
"GO:0010975","regulation of neuron projection development",161,0.26427833256088,1.28606681700874,0.0394554752122064,0.327108819544886,0.200014584073409,2259,"tags=31%, list=22%, signal=25%","PTEN/AKT1/RUFY3/GSK3A/MARK2/FES/RAPGEF1/ZNF296/FKBP4/CARM1/ARHGAP32/ULK1/ABI3/SNAPIN/DENND5A/IL15RA/LIMK1/CFL1/ATF1/ZNF804A/STK24/YTHDF1/JUP/RAP1A/ACAP3/NSMF/RETREG3/ITM2C/RNF6/SETX/CDK5/DDX56/PLXNC1/SHOC2/CERS2/VIM/L1CAM/KAT2B/RTN4/P3H1/HDAC2/GPC2/ANAPC2/GRN/ARHGAP4/SNX3/TWF2/LRRK2/MYCBP2/ARHGAP35",0.321775918075361
"GO:0030036","actin cytoskeleton organization",346,0.240923499255733,1.2859230140642,0.0110424414886401,0.185701546497984,0.11354942259356,1460,"tags=21%, list=14%, signal=19%","TESK1/MYO7B/CAPG/SH3BP1/RUFY3/SNX9/TMOD3/CDC42/CAP1/ARHGAP17/COTL1/PLEK/RAC2/WAS/SRF/HCLS1/ACTG1/ALKBH4/TLN1/ADD3/TMSB10/VASP/PPP1R9B/ARPC1B/ADD1/ROCK2/FLII/PDXP/MYO19/HCK/OBSCN/CORO2B/VILL/GPR65/ABI3/PDLIM1/WASHC1/LIMK1/PRKCD/PACSIN2/SYNPO/CFL1/ARPC4/PYCARD/ARHGEF18/CARMIL2/PDLIM2/MARCKS/ACAP1/ARHGEF2/BIN1/ESAM/CNN2/ACAP3/NCK2/BST2/PFN1/RHOA/MYL9/ROCK1/EFHD2/DAAM1/MYH9/BRK1/TPM4/ACTB/TRIOBP/CYFIP2/MARCKSL1/CDK5/MYO1C/FMNL3/IQGAP1",0.380730400722792
"GO:0051054","positive regulation of DNA metabolic process",210,0.25583750316259,1.28416755268877,0.0436206712758654,0.347042134467391,0.21220304691882,1622,"tags=21%, list=16%, signal=18%","AKT1/MRGBP/WIZ/TRIM28/TIGAR/WAS/SMARCA4/CCT2/CCT6A/BCL7C/FH/HMCES/HDGFL2/TNFSF13/CBX8/SMARCD2/HSP90AA1/TERF2/PARP1/SMARCB1/EYA3/SIRT6/CREBBP/ARID1A/YY1/MRE11/CCT3/PRKCD/PHF10/CASP3/ATF1/SMARCC1/SMARCA5/HNRNPD/PBRM1/PMS2/ACTB/EP400/UIMC1/TGFB1/GNL3/HDAC10/CCT5/MAPK1",0.321775918075361
"GO:0040029","epigenetic regulation of gene expression",219,0.252344313419022,1.28400318874281,0.0252638228095059,0.259345992463836,0.158580196296546,2436,"tags=31%, list=23%, signal=24%","MBD2/SAMD1/USP7/MEN1/TRIM28/HIPK2/SPI1/POLE3/CSNK2A2/PHC1/APOBEC3C/SMARCA4/CSNK2B/DAXX/ALKBH4/CBX8/L3MBTL2/SMARCB1/LMNB1/SIRT6/CDYL/CBX4/HDAC1/ARID1A/DCAF13/TP53/TFDP1/APEX1/SMARCA5/SIRT7/DOT1L/DDB1/KDM2B/EED/PHC2/CENPV/DNMT1/SKP1/RBM15/WDR5/KAT8/LBR/RBM15B/SIRT2/AEBP2/KAT2B/OGG1/KDM1B/MBD1/PHF8/CBX3/HNRNPU/HDAC2/RYBP/TDG/CUL4A/ZNHIT1/SCMH1/SIN3A/PRMT7/SMARCD1/BAP1/ERI3/SGF29/EGR1/ALKBH1/TRIM27",0.352487857583619
"GO:0048589","developmental growth",152,0.266152472302021,1.28062590534873,0.0386601082841523,0.324415553694803,0.19836775458849,2271,"tags=34%, list=22%, signal=27%","PTEN/RUFY3/GSK3A/G6PD/PTPN12/FES/BSG/GNAS/PSAP/HDGFL2/CD81/CPNE5/SSNA1/FBXO45/ULK1/VGLL4/DCAF13/YY1/LIMK1/DUSP6/CFL1/CPNE8/SKI/JUP/AKIRIN1/BASP1/P2RX5/RNF157/PPIB/PRICKLE1/CYFIP2/RNF6/CDK5/SKP1/VIM/L1CAM/CAPN3/WWC3/TOMM70/RTN4/KRAS/TSC22D4/ANAPC2/ARHGAP4/CPNE1/SELENON/CCNB1/TWF2/SIN3A/CD9/MYCBP2/VPS54",0.321775918075361
"GO:0022407","regulation of cell-cell adhesion",266,0.247361572228114,1.28037024368196,0.0377353183959693,0.31894045345657,0.195019939331066,1855,"tags=25%, list=18%, signal=21%","AKT1/PTPN6/IL2RG/PSMB8/ZDHHC2/SPI1/CHST2/BRD4/ADAM8/ZBTB7B/CSK/IRAK1/PSMB4/ICOSLG/PSMA2/SMARCA4/ITGB2/ALOX5/CD1D/TNFRSF21/SYK/CD81/FCHO1/SMARCD2/SKAP1/SOX12/PAG1/HLA-DQA1/SMARCB1/GPR65/SCRIB/ARID1A/PRKCD/PHF10/TESPA1/RASAL3/SMARCC1/PYCARD/PNP/NFKBID/MAP2K1/HLA-DRB1/NCK2/PBRM1/RUNX3/TNFAIP8L2/RHOA/LGALS9/ACTB/CD24/SART1/TYK2/CCDC88B/PSMB2/TGFB1/PPM1F/PSMA7/PIEZO1/CARD11/TNFRSF14/IL7/CBLB/GTPBP4/HLA-DRB5/SOX4/RARA",0.321775918075361
"GO:0048666","neuron development",401,0.238952190154372,1.27995559415363,0.00732006295481705,0.158550264105121,0.0969474475614478,1431,"tags=20%, list=14%, signal=18%","PTEN/AKT1/PTPRJ/RUFY3/PITPNA/GSK3A/ATXN10/LST1/MARK2/CDC42/GPM6A/FES/BSG/BLOC1S2/RAPGEF1/SRF/BHLHA15/ACTG1/GIT1/TRIO/HS6ST1/TNFRSF21/FOXO6/ZNF296/FKBP4/TAOK3/NREP/STMN1/VASP/PPP1R9B/CPNE5/SSNA1/ATAT1/CARM1/ARHGAP32/EPHB6/ULK1/UBB/ABI3/SNAPIN/DENND5A/IL15RA/LIMK1/AFG3L2/GAS7/CFL1/CASP3/ATF1/CPNE8/ZNF804A/EFNA4/MAP2K1/STK24/ECE1/DVL1/YTHDF1/JUP/FRY/RAP1A/RPS6KA5/ACAP3/NSMF/RETREG3/RUNX3/PQBP1/ITM2C/SPAST/ROCK1/RNF157/ACTB/ADORA2A/STK11/RAB11A/PRICKLE1/CYFIP2/RNF6/SETX/CDK5/DDX56/PLXNC1/SHOC2",0.407017918923954
"GO:2000145","regulation of cell motility",420,0.236554072569167,1.27991983792904,0.00713036045820096,0.15663567907356,0.0957767517382852,1538,"tags=20%, list=15%, signal=18%","MAZ/FAM89B/PTEN/AKT1/LDB1/VEGFB/PTPRJ/SH3BP1/RUFY3/CD74/GNAI2/HSPA8/SPI1/CHST2/TNFRSF18/MAP2K2/CDC42/ADAM8/FES/PRCP/BSG/RAC2/ADAM9/WAS/SRF/PKN1/CSNK2B/SOCS7/ACTG1/SCARB1/LAMA5/PLCG2/UBE2I/GPI/HSPB1/CD81/TMSB10/ROCK2/SAP30L/DDT/CCR6/MTA2/ABI3/HDAC1/RCC2/ANO6/ING1/WASHC1/FUZ/CFL1/PDCD6/PYCARD/CARMIL2/MAP2K1/STK24/CD151/ARHGEF2/KRIT1/JUP/ZNF609/PATZ1/ATP5F1B/ENG/AKIRIN1/NSMF/GNA12/BST2/MIIP/PFN1/RHOA/LGALS9/ROCK1/DDRGK1/P2RX4/TIRAP/RAB11A/GLIPR2/CCL3/PLXNC1/MYO1C/BRMS1/TGFB1/CPNE3/GLUL/RIN3",0.407017918923954
"GO:0006897","endocytosis",379,0.238397415926709,1.27763969542504,0.0120128378618842,0.193756152338268,0.118474507277187,1419,"tags=19%, list=14%, signal=17%","MAPKAPK2/MYO7B/CSNK1G2/PTPRJ/SH3BP1/NCF4/SNX9/RNF220/UNC119/IL2RG/NCF2/BMP2K/CDC42/CSK/PLD4/DGKQ/GRK2/SH3GL1/RABEP2/ITGB2/SNX1/ACTG1/SCARB1/SYK/PLCG2/XKR8/CSNK1E/CD81/FCHO1/LRP10/AP2M1/EPN1/EHD4/MYO19/HCK/SCRIB/LRPAP1/NME1/ANO6/IL15RA/LIMK1/PRKCD/PACSIN2/AMN/GAS7/CTBP1/ABCA7/PYCARD/CYBA/CD151/BIN1/TBC1D2B/RAP1A/HGS/TMEM175/DENND1C/VAV2/GRK3/BICD1/RAB4B/ROCK1/MYH9/MX2/ACTB/PIP4P2/ADORA2A/SYNJ2/SH3GLB2/CDK5/ICAM3/MYO1C",0.380730400722792
"GO:0009611","response to wounding",198,0.258110381518423,1.27684904548915,0.0365356472185995,0.312452067101689,0.191052538207841,1826,"tags=27%, list=18%, signal=22%","PTEN/VEGFB/PTPRJ/CHMP4B/PTPN6/PRCP/DGKQ/CLIC1/PLEK/WAS/SRF/GNAS/ACTG1/ALOX5/TLN1/GIT1/SCARB1/SYK/PLCG2/HSPB1/ADIPOR2/CHMP7/NREP/GP1BB/VKORC1/ANO6/PRKCD/CARMIL2/MAP2K1/STK24/DSP/CD151/ENG/GNA12/VAV2/RHOA/MYL9/MYH9/ACTB/ADORA2A/AHNAK/P2RX4/PLSCR1/TGFB1/UBASH3B/CERS2/PABPC4/DGKZ/ITPR3/SIGLEC10/FUNDC2/ARHGEF19/ADAM17",0.321775918075361
"GO:0000165","MAPK cascade",321,0.242324010151183,1.27407628002154,0.0188789777921609,0.235901759928686,0.144244941056524,1515,"tags=21%, list=15%, signal=18%","MAPKAPK2/PABPN1/VEGFB/PTPRJ/MEN1/CD74/PTPN6/IL2RG/AXIN1/TLR9/GNAI2/HIPK2/SPI1/MAP2K2/GRAP/ADAM8/CSK/IRAK1/PHLPP1/STK3/ADAM9/MAP3K10/CCM2/DAXX/SYK/PLCG2/CD81/TAOK3/ROCK2/RASSF2/MAP4K1/MAP3K1/ERP29/DDT/SH2D3C/YWHAE/TRAF7/SBNO1/IL15RA/PRKCD/DUSP6/ABCA7/PYCARD/MAP2K1/TRAF4/RGS14/PEA15/MAP4K2/RAP1A/RELL2/MAP3K20/LGALS9/ROCK1/FOXO1/ARL6IP5/MADD/ADORA2A/TIRAP/GLIPR2/CD24/MTURN/CCL3/SHOC2/IQGAP1/TGFB1/GPS1",0.352487857583619
"GO:0002429","immune response-activating cell surface receptor signaling pathway",228,0.252424740480238,1.27399962019502,0.0379779170282514,0.319338704768041,0.195263454839243,1088,"tags=17%, list=10%, signal=15%","AKT1/PTPRJ/CD72/PTPN6/CR2/IGHG4/CSK/IRAK1/MS4A1/CD79A/ICOSLG/TNFRSF21/SYK/PLCG2/IGKC/CD81/FCHO1/NR1D1/SKAP1/BAG6/HCK/KHDRBS1/CREBBP/CD79B/PIK3AP1/TRBC2/ECSIT/SH2B2/LIMK1/PRKCD/TESPA1/NFKBID/CYBA/HLA-DRB1/NMI/RAP1A/SPG21/LPXN",0.321775918075361
"GO:1903037","regulation of leukocyte cell-cell adhesion",221,0.250760714387634,1.27394992530332,0.0359642366250847,0.309287623206756,0.189117601294953,1498,"tags=23%, list=14%, signal=20%","AKT1/PTPN6/IL2RG/PSMB8/CHST2/BRD4/ADAM8/ZBTB7B/CSK/IRAK1/PSMB4/ICOSLG/PSMA2/SMARCA4/ITGB2/ALOX5/CD1D/TNFRSF21/CD81/FCHO1/SMARCD2/SKAP1/SOX12/PAG1/HLA-DQA1/SMARCB1/GPR65/SCRIB/ARID1A/PHF10/TESPA1/RASAL3/SMARCC1/PYCARD/PNP/NFKBID/HLA-DRB1/NCK2/PBRM1/RUNX3/TNFAIP8L2/RHOA/LGALS9/ACTB/CD24/SART1/TYK2/CCDC88B/PSMB2/TGFB1",0.321775918075361
"GO:0030335","positive regulation of cell migration",237,0.251020220117944,1.27376088991727,0.0416012470178082,0.335486079751798,0.205136959612814,1506,"tags=20%, list=14%, signal=18%","MAZ/FAM89B/AKT1/VEGFB/PTPRJ/RUFY3/CD74/GNAI2/HSPA8/SPI1/TNFRSF18/CDC42/ADAM8/BSG/RAC2/ADAM9/ACTG1/SCARB1/PLCG2/UBE2I/GPI/HSPB1/ROCK2/CCR6/ANO6/WASHC1/PDCD6/PYCARD/CARMIL2/MAP2K1/CD151/ARHGEF2/ZNF609/ATP5F1B/AKIRIN1/NSMF/PFN1/RHOA/LGALS9/DDRGK1/P2RX4/TIRAP/RAB11A/GLIPR2/CCL3/MYO1C/TGFB1/CPNE3",0.321775918075361
"GO:1901652","response to peptide",462,0.232959467179433,1.27209668827771,0.00706392852846617,0.15663567907356,0.0957767517382852,1972,"tags=25%, list=19%, signal=21%","MAPKAPK2/PPP2CB/USP7/AKT1/PTPRJ/GSK3A/CD74/RNF220/PTPN6/IL2RG/PSMB8/SPI1/CR2/TNFRSF18/IRAK1/PSMB4/PSMA2/ADAM9/SRF/HCLS1/TIMP2/IFNGR2/CSNK2B/TNFRSF21/MT2A/SYK/IFIH1/ADIPOR2/PSMD4/PPP1R9B/CDC34/NR1D1/ANXA4/SHMT2/CARD16/HCK/PSMC1/IFITM2/EIF4E2/CCR6/PSME2/ULK1/TXNDC17/TRIM65/TP53/YY1/MME/IL15RA/PSMB5/IL21R/KAT2A/UPF1/CFL1/SHARPIN/CASP3/TLE5/CDK9/PYCARD/CYBA/OAS2/NFKB2/ARHGEF2/IRF5/RPS6KA5/PLP2/IL3RA/AGPAT1/CASP1/KMO/BST2/HTRA2/FIS1/RHOA/LGALS9/IFIT1/MX2/CD24/EIF5A/SIGIRR/IFIT3/CCL3/TYK2/RBM15/PLSCR1/PSMB2/GCLC/SEC61A1/PSMD7/CD58/MAPK1/SEM1/IFIT2/NDUFA13/CASP4/OAS1/KHSRP/PSMA7/TNFRSF14/IRF7/IL7/STK39/TMC8/IKBKE/ADAM17/RARA/KRAS/MCL1/RNF185/CALCOCO2/HNRNPU/PSMC2/RRAGA/CDC37/ISG15/PSMC4",0.407017918923954
"GO:0034097","response to cytokine",457,0.230156920391448,1.27121767895742,0.0121936710329341,0.195524097144374,0.119555538187788,1972,"tags=25%, list=19%, signal=21%","MAPKAPK2/PPP2CB/USP7/AKT1/PTPRJ/GSK3A/CD74/RNF220/PTPN6/IL2RG/PSMB8/SPI1/CR2/TNFRSF18/IRAK1/PSMB4/PSMA2/ADAM9/SRF/HCLS1/TIMP2/IFNGR2/CSNK2B/TNFRSF21/MT2A/SYK/IFIH1/ADIPOR2/PSMD4/CDC34/NR1D1/ANXA4/SHMT2/CARD16/HCK/PSMC1/IFITM2/EIF4E2/CCR6/PSME2/ULK1/TXNDC17/TRIM65/TP53/YY1/MME/IL15RA/PSMB5/IL21R/KAT2A/UPF1/CFL1/SHARPIN/CASP3/TLE5/CDK9/PYCARD/CYBA/OAS2/NFKB2/ARHGEF2/IRF5/RPS6KA5/PLP2/IL3RA/AGPAT1/CASP1/KMO/BST2/HTRA2/RHOA/LGALS9/IFIT1/MX2/CD24/EIF5A/SIGIRR/IFIT3/CCL3/TYK2/RBM15/PLSCR1/PSMB2/GCLC/SEC61A1/PSMD7/CD58/MAPK1/SEM1/IFIT2/NDUFA13/CASP4/OAS1/KHSRP/PSMA7/TNFRSF14/IRF7/IL7/STK39/TMC8/IKBKE/ADAM17/RARA/KRAS/MCL1/RNF185/CALCOCO2/HNRNPU/PSMC2/RRAGA/CDC37/ISG15/PSMC4",0.380730400722792
"GO:0002764","immune response-regulating signaling pathway",379,0.237058696095078,1.270465114311,0.0135844473736265,0.201156972170452,0.122999826718577,1161,"tags=16%, list=11%, signal=15%","MAPKAPK2/AKT1/PTPRJ/UNC93B1/CD72/PTPN6/TLR9/HSPA8/CR2/IGHG4/CSK/IRAK1/MS4A1/DDX41/CD79A/ICOSLG/RPS6KA3/TNFRSF21/SYK/PLCG2/IGKC/IFIH1/CD81/IRF2/FCHO1/NR1D1/BANF1/SKAP1/BAG6/PARP1/MARK4/MAP3K1/SLC15A4/HCK/KHDRBS1/CREBBP/CD79B/PIK3AP1/YWHAE/TRIM65/TRBC2/ECSIT/SH2B2/GRAMD4/LIMK1/PRKCD/TESPA1/PYCARD/NFKBID/CYBA/ABHD17A/TRIM3/IRF5/HLA-DRB1/NMI/RAP1A/SPG21/IPO5/LPXN/CASP1/TLR10/VAV2",0.380730400722792
"GO:0031346","positive regulation of cell projection organization",167,0.261445601911141,1.27025338131309,0.0479574322244997,0.367407216875473,0.224655519136293,2176,"tags=31%, list=21%, signal=25%","RUFY3/MARK2/CDC42/GPM6A/FES/RAC2/RAPGEF1/HSP90AA1/MARK4/RAB11FIP3/WASHC1/LIMK1/KAT2A/FUZ/CFL1/ATF1/ENTR1/ZNF804A/CARMIL2/DVL1/JUP/PPP1R35/RAP1A/AKIRIN1/RETREG3/PFN1/BRK1/SETX/DDX56/PLXNC1/FAM98A/SHOC2/DOCK11/CEP135/VIM/L1CAM/WRAP73/KAT2B/CROCC/P3H1/GPC2/RABL3/DVL2/ZMYND8/ANAPC2/GRN/RALA/SNX3/TMEM216/TWF2/RHOQ",0.321775918075361
"GO:0040012","regulation of locomotion",431,0.233381072997274,1.26975384849801,0.00927429165657707,0.174398839014815,0.10663824747057,1538,"tags=20%, list=15%, signal=18%","MAZ/FAM89B/PTEN/AKT1/LDB1/VEGFB/PTPRJ/SH3BP1/RUFY3/CD74/GNAI2/HSPA8/SPI1/CHST2/TNFRSF18/MAP2K2/CDC42/ADAM8/FES/PRCP/BSG/RAC2/ADAM9/WAS/SRF/PKN1/CSNK2B/SOCS7/ACTG1/SCARB1/LAMA5/PLCG2/UBE2I/GPI/HSPB1/CD81/TMSB10/ROCK2/SAP30L/DDT/CCR6/MTA2/ABI3/HDAC1/RCC2/ANO6/ING1/WASHC1/FUZ/CFL1/PDCD6/PYCARD/CARMIL2/MAP2K1/STK24/CD151/ARHGEF2/YTHDF1/KRIT1/JUP/ZNF609/PATZ1/ATP5F1B/ENG/AKIRIN1/NSMF/GNA12/BST2/MIIP/PFN1/RHOA/LGALS9/ROCK1/DDRGK1/P2RX4/TIRAP/RAB11A/GLIPR2/CCL3/PLXNC1/MYO1C/BRMS1/TGFB1/CPNE3/GLUL/RIN3",0.380730400722792
"GO:0006979","response to oxidative stress",257,0.245388882776127,1.26921465771496,0.0328182298755512,0.297739072357797,0.182056102317582,2207,"tags=28%, list=21%, signal=22%","AKT1/ABCD1/G6PD/KCMF1/PTGS1/PSMB4/PSMA2/EEF2/ADAM9/ALOX5/CBX8/PSMD4/PRDX1/BANF1/PARP1/NAPRT/BAK1/THG1L/PSMC1/VKORC1L1/PSME2/PDLIM1/TP53/PSMB5/CAT/PRKCD/CCS/CFL1/CASP3/MAP2K1/STK24/TRAP1/RGS14/HTRA2/PLK3/FOXO1/SETX/PSMB2/GCLC/CHCHD2/PSMD7/SEM1/AIFM1/PSMA7/SIRT2/KAT2B/OGG1/UCP2/PLEKHA1/EIF2S1/CIAPIN1/PSMC2/HDAC2/ABCC1/GPX4/PSMC4/SELENON/PSMD3/NCOA7/BRF2/PKD2/PYCR2/HM13/STK25/PSMB1/TXN/MT-CO1/SIN3A/PPP5C/PSME1/LRRK2",0.321775918075361
"GO:2000147","positive regulation of cell motility",244,0.249719777770461,1.26587287371906,0.0345502708737132,0.306499560611714,0.187412807211156,1506,"tags=20%, list=14%, signal=18%","MAZ/FAM89B/AKT1/VEGFB/PTPRJ/RUFY3/CD74/GNAI2/HSPA8/SPI1/TNFRSF18/MAP2K2/CDC42/ADAM8/BSG/RAC2/ADAM9/ACTG1/SCARB1/PLCG2/UBE2I/GPI/HSPB1/ROCK2/CCR6/ANO6/WASHC1/CFL1/PDCD6/PYCARD/CARMIL2/MAP2K1/CD151/ARHGEF2/ZNF609/ATP5F1B/AKIRIN1/NSMF/PFN1/RHOA/LGALS9/DDRGK1/P2RX4/TIRAP/RAB11A/GLIPR2/CCL3/MYO1C/TGFB1/CPNE3",0.321775918075361
"GO:0001558","regulation of cell growth",194,0.256157445308254,1.2632078024009,0.0311060238355143,0.286940856469195,0.175453404589351,2155,"tags=29%, list=21%, signal=24%","AKT1/PTPRJ/RUFY3/SIPA1/GSK3A/EIF4G1/RPS6KA1/G6PD/CDC42/STK3/SMARCA4/LAMTOR2/RPS6KA3/HDGFL2/PPP1R9B/CPNE5/EXOSC4/IP6K2/EXOSC2/CCDC85B/ULK1/VGLL4/TP53/YY1/ING1/LIMK1/CAMK2D/CFL1/CPNE8/CYBA/TCHP/JUP/ENO1/EGLN2/BST2/NUBP1/RNF157/STK11/RNF6/ATAD3A/TGFB1/VIM/L1CAM/NAIF1/OSGIN2/TOMM70/EIF4G2/RTN4/ADAM17/DDX49/ANAPC2/ARHGAP4/EI24/MLST8/NDRG3/TWF2/SIN3A",0.352487857583619
"GO:0040017","positive regulation of locomotion",249,0.245988465680379,1.26313751770473,0.0318073670413199,0.291447945758258,0.178209318021425,1506,"tags=20%, list=14%, signal=18%","MAZ/FAM89B/AKT1/VEGFB/PTPRJ/RUFY3/CD74/GNAI2/HSPA8/SPI1/TNFRSF18/MAP2K2/CDC42/ADAM8/BSG/RAC2/ADAM9/ACTG1/SCARB1/PLCG2/UBE2I/GPI/HSPB1/ROCK2/CCR6/ANO6/WASHC1/CFL1/PDCD6/PYCARD/CARMIL2/MAP2K1/CD151/ARHGEF2/ZNF609/ATP5F1B/AKIRIN1/NSMF/PFN1/RHOA/LGALS9/DDRGK1/P2RX4/TIRAP/RAB11A/GLIPR2/CCL3/MYO1C/TGFB1/CPNE3",0.321775918075361
"GO:0016236","macroautophagy",303,-0.253249410123261,-1.25855476275204,0.0403030225150538,0.328803561090763,0.20105085397858,2663,"tags=31%, list=26%, signal=24%","CHMP2B/VTI1B/PLAA/TOM1/UFL1/SIRT1/CDK5RAP3/ZDHHC19/TP53INP1/RAB1A/LRBA/GABARAP/RAB2A/SNX6/PEX5/WIPI2/ATP6V1A/VPS26A/PIK3C3/EXOC1/SPTLC1/DNM1L/USP33/ATG13/EPG5/ZFYVE1/ATP6V0E2/TBK1/ATG5/EXOC7/STX12/BNIP3/ATP6V1H/ATG16L1/C9orf72/PDCD6IP/MVB12A/FBXW7/EXOC8/PIP4K2C/VPS37A/SESN1/FBXO7/KAT5/VPS13C/TMEM41B/NIPSNAP3A/MAPK8/MTMR8/HUWE1/ATG14/SREBF2/VPS13D/SCOC/ATG12/RAB3GAP1/CSNK2A1/MUL1/PAFAH1B2/LIX1/FKBP8/RB1CC1/UFM1/TSPO/TSG101/CHMP1B/VPS4A/WDR45B/SQSTM1/TBC1D5/RAB33B/SESN3/FYCO1/EXOC4/SNAP47/TRAF6/RAB3GAP2/LGALS8/CHMP2A/GNAI3/SPART/UVRAG/SPG11/ERN1/UBXN2A/TSC1/ATG10/CCPG1/MTMR3/HTT/VTI1A/ATM/MOAP1",0.321775918075361
"GO:0016072","rRNA metabolic process",259,0.24236082318043,1.25587881150028,0.0308962185062821,0.286940856469195,0.175453404589351,2887,"tags=36%, list=28%, signal=27%","GTF3C6/POLR2E/SMARCA4/WDR46/PA2G4/NOP2/RPF2/IMP3/EXOSC4/PWP1/EXOSC2/YBEY/SMARCB1/BOP1/CREBBP/PPAN/LSM6/NOP10/DCAF13/RPL7/RPUSD3/EIF6/UTP18/RPS24/NSA2/ISG20/DDX54/RPP40/EXOSC5/SIRT7/NOL9/GTF3A/WDR77/NSUN5/MRM2/TCOF1/UTP11/EXOSC10/TEX10/RPS28/SART1/DDX56/POLR2L/RNASEL/NIFK/PIN4/RRP36/PDCD11/DIMT1/PAK1IP1/REXO4/NSUN6/FBL/URB1/REXO1/WDR55/WDR18/KAT2B/POLR1C/DDX49/MRTO4/UTP4/POLR2K/NOL6/RRP1/NGDN/DKC1/POLR2F/METTL5/NCL/DDX51/TSR3/RPL7L1/ERI3/NOP56/ABT1/MDN1/SNU13/RRS1/RPS21/MTREX/GTF3C2/NOP14/RPL7A/RPS13/BUD23/USP36/RPL27/RPP25/NUDT16/DDX10/AK6/RPS15/TSR1",0.352487857583619
"GO:0060627","regulation of vesicle-mediated transport",282,0.24128853540535,1.25569048116651,0.0213467770832554,0.248441772790084,0.151912681291218,1538,"tags=21%, list=15%, signal=18%","USP7/PTPRJ/RNF220/UNC119/IL2RG/ZDHHC2/GNAI2/SEPTIN1/SPI1/BMP2K/MAP2K2/CDC42/FES/CSK/DGKQ/RAC2/ITGB2/ACTG1/GIT1/SCARB1/SYK/PLCG2/AP2M1/VAMP8/RAB11FIP3/EHD4/HCK/FBXO45/LRPAP1/ANO6/SNAPIN/IL15RA/PACSIN2/CASP3/ABCA7/PYCARD/MAP2K1/CYBA/CD151/DVL1/BIN1/RAP1A/HGS/DOP1B/BICD1/RAB4B/LGALS9/ROCK1/ACTB/PIP4P2/SCFD1/RAB11A/DNAJC5/CDK5/SEC13/PLSCR1/TGFB1/RIN3",0.352487857583619
"GO:0034504","protein localization to nucleus",216,0.249031778994005,1.25462681341015,0.0312838818290798,0.287603153615341,0.175858374068326,1780,"tags=23%, list=17%, signal=20%","TESK1/CTDNEP1/AKT1/TRIM28/NUTF2/LARP7/STK3/HCLS1/CCT2/CCT6A/BARD1/SYK/RPF2/HHEX/HSP90AA1/PARP1/LMNB1/SIRT6/ZBTB7A/CREBBP/YWHAE/HDGF/NUP62/ORMDL3/CCT3/PRKCD/CFL1/ABCA7/DVL1/IPO8/JUP/COPS9/IPO5/INTS13/IPO7/PRICKLE1/SKP1/TYK2/SEC13/TGFB1/BCL3/GLUL/CCT5/TMEM147/RPL23/KPNB1/HEATR3/IPO4/KPNA3/CBLB",0.321775918075361
"GO:0043254","regulation of protein-containing complex assembly",255,0.244740445967759,1.25246910204319,0.0461729307549318,0.360437907009828,0.220394051603883,1563,"tags=21%, list=15%, signal=18%","PPP2CB/CAPG/SNX9/EIF4G1/TLR9/HSPA8/TMOD3/CDC42/FES/COTL1/PLEK/HCLS1/GIT1/SYK/PLCG2/ADD3/FKBP4/VASP/ADD1/VCP/SKAP1/FLII/HSP90AA1/MARK4/HCK/BAK1/VILL/UBLCP1/ULK1/TRIM65/TP53/HAUS8/PRKCD/CFL1/PYCARD/CARMIL2/ABHD17A/MTLN/BIN1/ESAM/PREB/NCK2/TFIP11/PFN1/BRK1/SLAIN1/TIRAP/HCFC1/TRIOBP/CYFIP2/BID/TGFB1/TBCD/PRUNE1",0.321775918075361
"GO:0002768","immune response-regulating cell surface receptor signaling pathway",243,0.243873028613753,1.25204991547271,0.0497986389581609,0.375943374762613,0.229875054554986,1934,"tags=23%, list=19%, signal=20%","AKT1/PTPRJ/CD72/PTPN6/CR2/IGHG4/CSK/IRAK1/MS4A1/CD79A/ICOSLG/TNFRSF21/SYK/PLCG2/IGKC/CD81/FCHO1/NR1D1/SKAP1/BAG6/MAP3K1/HCK/KHDRBS1/CREBBP/CD79B/PIK3AP1/TRBC2/ECSIT/SH2B2/LIMK1/PRKCD/TESPA1/NFKBID/CYBA/HLA-DRB1/NMI/RAP1A/SPG21/LPXN/VAV2/TIRAP/SPPL3/CD24/PLSCR1/LAIR1/STOML2/DGKZ/KLRC4/OAS1/CARD11/TNFRSF14/PVRIG/CBLB/IGLC1/PLEKHA1/RFTN1/FGR",0.321775918075361
"GO:0007186","G protein-coupled receptor signaling pathway",207,0.250642969294484,1.24502357173273,0.0388172080123012,0.325074472766984,0.198770658503902,1723,"tags=24%, list=17%, signal=20%","AKT1/ADGRG5/GNB1/RGS19/GSK3A/PTPN6/GNAI2/CDC42/DGKQ/GNG3/PLEK/GRK6/GRK2/GNAS/ORAI1/GIT1/PSAP/PNOC/PPP1R9B/ROCK2/GNG5/ADCY3/CCR6/GPR65/CRTC3/GNG2/AGTRAP/GNB2/ECE1/RGS14/RAP1A/AHCYL1/GNA12/GPR160/GRK3/BICD1/ROCK1/ADORA2A/PLCH2/CCL3/RBM15/GRK5/GPR132/GNA13/GIPC1/MAPK1/DGKZ/ITPR3/ZDHHC7",0.321775918075361
"GO:1902532","negative regulation of intracellular signal transduction",445,0.227620991595338,1.24349612112211,0.0136342124799242,0.201156972170452,0.122999826718577,1260,"tags=17%, list=12%, signal=16%","FAM89B/PPP2CB/PTEN/USP7/AKT1/PTPRJ/SH3BP1/MEN1/GSK3A/CD74/RPS6KA1/TRIM28/CARD19/PKIA/HSPA8/SPI1/BRD4/PMEPA1/ARHGAP17/CSK/IRAK1/PHLPP1/PLEK/SMARCA4/STRN4/TMEM127/NLRP2/GIT1/CSNK1E/HSPB1/TAOK3/NR1D1/BANF1/ANXA4/VCP/PARP1/PARP10/ARHGAP45/CASTOR2/ZBTB7A/VGLL4/HDAC1/TRIM65/PPM1A/SBNO1/NUP62/RASA4/GRAMD4/PRKCD/DUSP6/C15orf39/ABCA7/PDCD6/RASAL3/PYCARD/ZNF385A/SKI/MAP2K1/ABHD17A/NONO/UBE2D1/TRAP1/ARHGEF2/RGS14/SIRT7/NMI/ENG/ENO1/NCK2/HTRA2/MAP3K20/WDR91/PLK3/CTNND1/MIOS/FOXO1",0.380730400722792
"GO:0034655","nucleobase-containing compound catabolic process",431,0.228472791755616,1.24304941648874,0.0153431095698265,0.210906771344776,0.128961457558628,1969,"tags=23%, list=19%, signal=20%","FOXK2/ALYREF/TESK1/MAPKAPK2/SNRPE/AKT1/PABPN1/ZNF598/ELOB/LDHA/CARHSP1/ABCD1/TPI1/RNASEH2C/PKM/PGK1/YBX1/QKI/TIGAR/AGO4/PGAM1/CBFA2T3/GIT1/DCTPP1/GPI/PFKL/JMJD8/HNRNPAB/NEIL1/LSM14B/ROCK2/AMPD3/VCP/EXOSC4/EXOSC2/SIDT2/SIRT6/ZBTB7A/EIF4E2/FASTKD1/GRSF1/SMG9/PFKM/NME1/LSM6/TENT4A/RBM26/LSM3/PRKCD/UPF1/EIF6/DNASE1/CASP3/APEX1/ISG20/PNP/EXOSC5/YTHDF1/HNRNPD/ENO1/SNW1/PNRC2/HK2/LARP1/INTS13/SERBP1/RNASE6/SMG8/ROCK1/RNPS1/EXOSC10/TIRAP/NT5C3A/ITPA/DCP1A/HPRT1/SNRPG/NBDY/ELAC2/VIM/PABPC4/REXO4/RBM38/NTHL1/NUDT3/KHSRP/MAGOH/SUCLG1/PRKAG1/OGG1/RNH1/IKBKE/UCP2/PABPC1/MBD4/DDX49/MRTO4/HNRNPU/FXR2/LSM7",0.380730400722792
"GO:0002218","activation of innate immune response",217,0.244832530612237,1.24284491247571,0.0394085582459638,0.327108819544886,0.200014584073409,1142,"tags=18%, list=11%, signal=16%","MAPKAPK2/AKT1/UNC93B1/TLR9/HSPA8/IRAK1/DDX41/RPS6KA3/SYK/PLCG2/IFIH1/IRF2/NR1D1/BANF1/HSP90AA1/PARP1/MARK4/SLC15A4/HCK/XRCC6/CREBBP/PIK3AP1/YWHAE/TRIM65/ECSIT/GRAMD4/CASP6/PYCARD/CYBA/ABHD17A/NONO/TRIM3/IRF5/NMI/SFPQ/IPO5/CASP1/TLR10",0.321775918075361
"GO:0080135","regulation of cellular response to stress",397,0.229507836496069,1.2400478488949,0.0176291242179969,0.227911521530792,0.139359214612261,2207,"tags=27%, list=21%, signal=22%","MAPKAPK2/AKT1/MRGBP/CD74/EIF4G1/TRIM28/BRD4/ABCD1/TADA2B/MAP2K2/ZBTB7B/TIGAR/WAS/KMT5A/AMFR/SMARCA4/TAF2/BARD1/ALOX5/BCL7C/FH/HDGFL2/TAOK3/CBX8/ROCK2/DNAJC2/SMARCD2/BAG6/TERF2/PARP1/ERP29/BAK1/SMARCB1/TMEM259/EYA3/CORO2B/SIRT6/CREBBP/TADA3/SMYD2/ARID1A/YY1/UBQLN4/MRE11/ATXN7/PPP4C/DEK/KAT2A/PRKCD/PHF10/CDK9/ABCA7/SMARCC1/ZNF385A/MAP2K1/STK24/ARHGEF2/ATXN7L3/SIRT7/DDB1/ENO1/NCK2/PBRM1/COPS3/TFIP11/MAP3K20/FOXO1/DDRGK1/ARL6IP5/ACTB/RPA2/TAF10/ATAD3A/SKP1/RNF169/OTUB1/EP400/UIMC1/HDAC10/TAF5/CHCHD2/CERS2/MAPK1/TAF4/HERPUD1/KAT2B/OGG1/SOX4/SLF2/PRMT1/RNF185/SUPT3H/SYVN1/DNAJA1/IER5/GRN/ACTR8/HELB/ACTL6A/LIG3/CUL4A/ZNHIT1/STK25/BABAM1/CLU/FCGR2B/LRRK2",0.352487857583619
"GO:0051052","regulation of DNA metabolic process",372,0.230650317183971,1.23927026234764,0.0283887816296296,0.274189323208149,0.167656327686762,2149,"tags=27%, list=21%, signal=22%","USP7/AKT1/MRGBP/ELOB/WIZ/TRIM28/TADA2B/POLE3/TIGAR/WAS/KMT5A/SMARCA4/CCT2/TAF2/CCT6A/BARD1/BCL7C/FH/HMCES/HDGFL2/TNFSF13/CBX8/SMARCD2/HSP90AA1/TERF2/PARP1/SLC15A4/SMARCB1/EYA3/DYNLL1/SIRT6/CREBBP/TADA3/LRR1/ARID1A/TP53/YY1/UBQLN4/MRE11/ATXN7/PPP4C/DEK/KAT2A/CCT3/PRKCD/UPF1/PHF10/CASP3/ATF1/CDK9/SMARCC1/SMARCA5/ATXN7L3/SIRT7/HNRNPD/DDB1/CHRAC1/PBRM1/TFIP11/PMS2/INO80B/ACTB/EXOSC10/RPA2/TAF10/RNF169/OTUB1/EP400/UIMC1/TGFB1/GNL3/HDAC10/TAF5/CCT5/ANKLE1/MAPK1/TAF4/SUB1/GTPBP4/KAT2B/OGG1/TEN1/SLF2/PRMT1/SH2B1/FBXO5/SUPT3H/HNRNPU/KPNA2/CCT8/ACTR8/HELB/RFC2/ACTL6A/LIG3/PRKD2/CUL4A/DKC1/BABAM1/NSMCE2",0.352487857583619
"GO:0030182","neuron differentiation",477,0.224094689845956,1.23865958868086,0.0209945684360291,0.248441772790084,0.151912681291218,1431,"tags=19%, list=14%, signal=17%","PTEN/AKT1/LDB1/PTPRJ/GDF11/RUFY3/PITPNA/GSK3A/ATXN10/HIPK2/LST1/MARK2/CDC42/GPM6A/FES/BSG/MOSMO/BLOC1S2/TCF3/RAPGEF1/SRF/BHLHA15/ACTG1/GIT1/TRIO/HS6ST1/TNFRSF21/FOXO6/ZNF296/FKBP4/TAOK3/NREP/STMN1/VASP/PPP1R9B/CPNE5/SOX12/SSNA1/ATAT1/CARM1/ARHGAP32/EPHB6/ULK1/UBB/ABI3/SNAPIN/DENND5A/IL15RA/LIMK1/AFG3L2/GAS7/CFL1/CASP3/ATF1/CPNE8/ZNF804A/EFNA4/MAP2K1/STK24/ECE1/ARHGEF2/DVL1/YTHDF1/JUP/DTX1/BIN1/FRY/RAP1A/RPS6KA5/ACAP3/NSMF/RETREG3/RUNX3/RHOA/PQBP1/ITM2C/SPAST/ROCK1/RNF157/ACTB/ADORA2A/STK11/RAB11A/PRICKLE1/CYFIP2/RNF6/SETX/CDK5/DDX56/PLXNC1/SHOC2",0.352487857583619
"GO:0090407","organophosphate biosynthetic process",433,0.22929485723271,1.23862421152323,0.0130805437326861,0.198229474359629,0.121209773311206,1678,"tags=21%, list=16%, signal=19%","PTEN/TTC7A/NADK/AK8/MTMR1/DHDDS/G6PD/TPI1/AMPD2/PGK1/ADSL/STARD10/CHKB/DGKQ/PLEK/TK2/NDUFB11/AFMID/ITPKC/PLCG2/PI4KA/OSBP/PIGS/AMPD3/VCP/COASY/IP6K2/PARP1/NAPRT/ADCY3/SDHD/BPNT1/NDUFB2/ANTKMT/PIGM/ATP5F1D/MTHFD1/NME1/IMPDH2/HACD2/PIGF/NDUFA3/PNP/NDUFA1/MAP2K1/PDHB/PITPNM2/PIP5K1B/GART/ATP5F1B/PLEKHA3/ENO1/AGPAT3/PANK4/AGPAT1/KMO/ATP5MC3/ATP5F1C/DTYMK/NDUFS8/ACSF3/ATP5F1E/SBF1/PAICS/PFAS/PAPSS1/PIGU/NANS/SYNJ2/PLCH2/GCDH/SLC25A19/HPRT1/PLSCR1/TGFB1/CPNE3/PCYT1A/STOML2/PLA2G4C/GMPS/FASN/ACSL5/TKT/ATP5MC1/UGDH/NDUFB9/NDUFA2/ATP5PB/LPCAT1/CHKA/DGKZ/NDUFA13/CEPT1",0.380730400722792
"GO:0051241","negative regulation of multicellular organismal process",437,0.228073103888894,1.23628326714403,0.0128786095145678,0.198062481642257,0.121107663625031,1863,"tags=24%, list=18%, signal=21%","PTEN/MILR1/RUFY3/GSK3A/TNFRSF13B/PTPN6/PSMB8/LST1/SPI1/ABCD1/G6PD/ZBTB7B/CSK/PSMB4/PGK1/FURIN/GRK2/PSMA2/QKI/SRF/GNAS/ALOX5/GIT1/TNFRSF21/IRF2/ROCK2/HHEX/NR1D1/BANF1/SAP30L/ANXA4/PAG1/EPN1/PARP1/RAB11FIP3/CARD16/PHF14/RNF216/SCRIB/BMP3/ULK1/VGLL4/JUND/LRPAP1/CHSY1/HDAC1/YY1/ING1/FUZ/PRKCD/CASP3/PYCARD/SKI/CYBA/GPR137/KRIT1/CST3/BIN1/HLA-DRB1/HGS/RPS6KA5/DDB1/RUNX3/BST2/TNFAIP8L2/LGALS9/CTNND1/ROCK1/FOXO1/P2RX4/STK11/CD24/PRICKLE1/SIGIRR/RNF6/CCL3/DDX56/ELF4/BRMS1/PSMB2/TGFB1/GCLC/BCL3/UBASH3B/KAT8/SRI/GTF2I/TFE3/TSC22D1/OAS1/WWC3/ZFPM1/TOMM70/KHSRP/PSMA7/SIRT2/TNFRSF14/GLRX3/CBLB/STK39/PLCL2/RTN4/ADAM17/MAP2K6/RARA/PDCD4",0.380730400722792
"GO:0048858","cell projection morphogenesis",213,0.243018769322943,1.22685328801278,0.0487746433164013,0.370432815345342,0.226505557360166,1417,"tags=21%, list=14%, signal=19%","PTEN/PTPRJ/RUFY3/PITPNA/MARK2/CDC42/GPM6A/BSG/SNX1/ACTG1/TRIO/TAOK3/VASP/CPNE5/SSNA1/ARHGAP32/EPHB6/ULK1/UBB/ABI3/LIMK1/PACSIN2/AFG3L2/GAS7/CFL1/CPNE8/EFNA4/MAP2K1/ECE1/DVL1/YTHDF1/JUP/RPS6KA5/NSMF/SPAST/ROCK1/RNF157/ACTB/ADORA2A/STK11/PRICKLE1/CYFIP2/RNF6/CDK5/PLXNC1",0.321775918075361
"GO:0071345","cellular response to cytokine stimulus",399,0.225362862034999,1.22213564744765,0.035578956974288,0.308813205509291,0.188827512942803,2065,"tags=25%, list=20%, signal=21%","MAPKAPK2/PPP2CB/USP7/AKT1/PTPRJ/GSK3A/CD74/RNF220/PTPN6/IL2RG/SPI1/CR2/TNFRSF18/IRAK1/PSMB4/PSMA2/HCLS1/IFNGR2/CSNK2B/TNFRSF21/MT2A/SYK/ADIPOR2/PSMD4/CDC34/NR1D1/ANXA4/CARD16/HCK/PSMC1/IFITM2/EIF4E2/CCR6/PSME2/ULK1/TXNDC17/TRIM65/TP53/YY1/MME/IL15RA/PSMB5/IL21R/KAT2A/UPF1/CFL1/SHARPIN/CDK9/PYCARD/CYBA/OAS2/ARHGEF2/IRF5/RPS6KA5/PLP2/IL3RA/AGPAT1/CASP1/KMO/HTRA2/RHOA/LGALS9/IFIT1/CD24/EIF5A/SIGIRR/IFIT3/CCL3/TYK2/RBM15/PSMB2/PSMD7/CD58/MAPK1/SEM1/IFIT2/NDUFA13/CASP4/OAS1/KHSRP/PSMA7/TNFRSF14/IRF7/IL7/STK39/TMC8/IKBKE/ADAM17/KRAS/RNF185/HNRNPU/PSMC2/RRAGA/CDC37/ISG15/PSMC4/STAP1/CPNE1/PSMD3/SBNO2",0.321775918075361
"GO:0006338","chromatin remodeling",481,0.222443988168716,1.21895819390293,0.0206446323079175,0.246840589184551,0.150933618503088,1615,"tags=20%, list=16%, signal=18%","MBD2/SAMD1/USP7/MEN1/KMT2B/KDM4B/TRIM28/HIPK2/SPI1/BRD4/BPTF/TADA2B/SET/POLE3/PKM/CSNK2A2/PHC1/APOBEC3C/KMT5A/SMARCA4/PKN1/BARD1/CSNK2B/DAXX/ALKBH4/NPM3/CABIN1/BCL7C/HDGFL2/CBX8/SMARCD2/L3MBTL2/SMARCB1/CARM1/EYA3/LMNB1/SIRT6/ZBTB7A/CDYL/CBX4/PWWP2B/CREBBP/MTA2/HDAC1/SMYD2/ARID1A/HDGF/DCAF13/TP53/YY1/SETD4/MRE11/CFDP1/MLLT6/DEK/KAT2A/HIRA/TFDP1/PHF10/CDK9/SMARCC1/APEX1/MSL1/SMARCA5/SIRT7/DOT1L/UBN2/RPS6KA5/DDB1/SFPQ/BRPF1/CHRAC1/KDM2B/PBRM1/DDX23/EED/INO80B/PHC2/ACTB/HCFC1/CENPV/DNMT1/TAF10/HPF1/SKP1/MYO1C/CHD3/RBM15/UIMC1/WDR5/HDAC10/KAT8/BRD3/LBR/HMGA1/RBM15B",0.352487857583619
"GO:0061061","muscle structure development",259,0.234613766075366,1.21573467953185,0.0488000687365751,0.370432815345342,0.226505557360166,2320,"tags=30%, list=22%, signal=24%","GSK3A/TMOD3/PLEKHO1/G6PD/QKI/EEF2/SRF/SMARCA4/BHLHA15/XKR8/SRA1/HDGFL2/CD81/SMARCD2/FLII/SMARCB1/OBSCN/MYL6/SIRT6/VRK3/LRRC8A/ARID1A/PDLIM1/YY1/RPL7/KAT2A/PHF10/CASP3/CDK9/SMARCC1/SKI/MTLN/DSP/PDLIM2/BIN1/ZNF609/ZBTB18/ENG/DMPK/AKIRIN1/PBRM1/MYL9/BASP1/ACTB/PRICKLE1/RPL36A/TGFB1/RCAN1/KAT8/RPL23/CAPN3/RBM38/ZFPM1/TOMM70/SIRT2/NFATC1/PIEZO1/RPLP2/SOX4/PDCD4/EID2/UNC45A/RPL12/SELENON/ACTL6A/CCNB1/ZNHIT1/UQCC2/MRTFA/CD9/SGCE/WDR1/VPS54/SMARCD1/RPL36/TTN/RPL41/CD53",0.321775918075361
"GO:0016310","phosphorylation",435,0.221832208736557,1.20563197956042,0.0285820480254473,0.274985889956455,0.168143397913333,1248,"tags=16%, list=12%, signal=15%","PTEN/AKT1/LDB1/CSNK1G2/VEGFB/PTPRJ/SNX9/NADK/PTPN6/UNC119/RPS6KA1/IL2RG/PKIA/MKNK2/HIPK2/MARK2/TNFRSF18/MAP2K2/FES/CSK/IRAK1/DYRK1B/TP53RK/DGKQ/TIGAR/STK3/PKN1/BARD1/ITGB2/GNPTAB/MIDN/SYK/CSNK1E/HSPB1/CHEK2/TAOK3/ROCK2/RASSF2/MAP4K1/IP6K2/MARK4/MAP3K1/HCK/DYNLL1/ULK1/PFKM/LIMK1/PRKCD/CAMK2D/CTBP1/CDK9/PYCARD/MAP2K1/STK24/TRAF4/RGS14/MAP4K2/RAP1A/HGS/RPS6KA5/STK38L/DMPK/LTB/TNFRSF10A/HK2/RUNX3/MAP3K20/RHOA/PLK3/SMG8/ROCK1",0.352487857583619
"GO:0001817","regulation of cytokine production",426,0.215814501752461,1.18024922454054,0.0458298203265155,0.359087058126505,0.219568058963514,1863,"tags=22%, list=18%, signal=18%","MAPKAPK2/PTPRJ/CD74/PTPN6/TRIM28/TLR9/PSMB8/ABCD1/ADAM8/ZBTB7B/GSDMD/CSK/IRAK1/PSMB4/FURIN/BSG/ICOSLG/PSMA2/QKI/CYBB/ALOX5/NLRP2/GIT1/TNFRSF21/SYK/PLCG2/IFIH1/HSPB1/POLR3A/CD81/IRF2/ROCK2/BANF1/ANXA4/HSP90AA1/DTX4/CARD16/DDT/GPR65/RNF216/SCRIB/IRF4/TRIM65/YY1/SETD4/KAT2A/CASP3/PYCARD/PNP/CYBA/OAS2/ARHGEF2/IRF5/PATZ1/HLA-DRB1/RPS6KA5/AGPAT1/CASP1/LTB/BST2/LGALS9/PQBP1/UFC1/TIRAP/CD24/SIGIRR/CCL3/DDX56/CCDC88B/ELF4/FRMD8/ZBTB17/PSMB2/TGFB1/BCL3/STOML2/KAT8/CD58/OAS1/ZFPM1/TOMM70/HILPDA/PSMA7/CARD11/TNFRSF14/IRF7/IL7/IKBKE/RTN4/ADAM17/RARA/PDCD4",0.321775918075361
