"ID","Description","setSize","enrichmentScore","NES","pvalue","p.adjust","qvalue","rank","leading_edge","core_enrichment","log2err"
"GO:0034242","negative regulation of syncytium formation by plasma membrane fusion",46,0.597354517204132,2.27234567704539,1.15571559685223e-06,0.00098050911236943,0.000760220240270001,3110,"tags=74%, list=28%, signal=54%","RPL4/RPL30/RPL12/RPL5/RPL11/RPL9/RPL17/RPL7A/RPL21/RPL34/RPL7/RPL32/RPL6/RPL18A/RPL10/RPL28/RPL39/RPL19/RPL24/RPL29/RPL35A/RPL36A/RPL10A/RPL23/RPL36/RPL38/RPL41/RPL31/RPL27/RPLP2/RPL18/RPLP0/RPL15/UBA52",0.643551836150722
"GO:1901740","negative regulation of myoblast fusion",46,0.597354517204132,2.27234567704539,1.15571559685223e-06,0.00098050911236943,0.000760220240270001,3110,"tags=74%, list=28%, signal=54%","RPL4/RPL30/RPL12/RPL5/RPL11/RPL9/RPL17/RPL7A/RPL21/RPL34/RPL7/RPL32/RPL6/RPL18A/RPL10/RPL28/RPL39/RPL19/RPL24/RPL29/RPL35A/RPL36A/RPL10A/RPL23/RPL36/RPL38/RPL41/RPL31/RPL27/RPLP2/RPL18/RPLP0/RPL15/UBA52",0.643551836150722
"GO:0006941","striated muscle contraction",94,0.504495612837771,2.19135206100554,1.71491914127255e-07,0.000401797097616852,0.000311526208412212,2985,"tags=62%, list=27%, signal=46%","GRK2/EEF2/GSTM2/RPL4/BIN1/GNAS/KCNH2/RPL30/VPS54/RPL12/RPL5/DMPK/RPL11/P2RX4/RPL9/KCNQ1/HSP90AA1/RPL17/RPL7A/RPL21/C12orf57/GSTO1/RPL34/RPL7/RPL32/SUMO1/RPL6/RPL18A/RPL10/SMAD7/RPL28/RPL39/RPL19/FKBP1A/RPL24/RPL29/GSN/RPL35A/RPL36A/RANGRF/RPL10A/CHUK/AKAP9/RPL23/RPL36/RPL38/PIK3CG/RPL41/RPL31/EHD3/RPL27/ATP1A1/RPLP2/RPL18/RPLP0/DLG1/RPL15/CALM3",0.690132458796796
"GO:1902894","negative regulation of miRNA transcription",16,0.721218312408668,2.11270590839102,9.91545273394433e-05,0.0191187956806327,0.0148234170010726,1940,"tags=69%, list=17%, signal=57%","YY1/SRF/RELA/RARA/NCOR1/NCOR2/ZNF512B/APP/TGFB1/REST/NFATC3",0.538434096309916
"GO:2000629","negative regulation of miRNA metabolic process",18,0.691351447288103,2.08802655485044,0.00015408226473684,0.0242080358153213,0.0187692685073736,1940,"tags=67%, list=17%, signal=55%","YY1/QKI/SRF/RELA/RARA/NCOR1/NCOR2/ZNF512B/APP/TGFB1/REST/NFATC3",0.518848077743792
"GO:0006346","DNA methylation-dependent constitutive heterochromatin formation",19,0.684314564335333,2.07784109886136,0.000224983826518394,0.0307864965190654,0.0238697606024668,1418,"tags=53%, list=13%, signal=46%","MBD2/MBD3/HDAC1/KMT2A/TDRD12/TRIM28/DNMT3A/ZNF304/SPIN1/DNMT1",0.518848077743792
"GO:0014902","myotube differentiation",74,0.499281513052235,2.0699796571204,8.63248554932167e-06,0.00367993528186938,0.00285317214176664,2974,"tags=62%, list=27%, signal=46%","PLEKHO1/CD9/HDAC5/RPL4/RPL30/RPL12/RPL5/DMPK/SKI/ATP11A/RPL11/RPL9/RPL17/SELENON/RPL7A/RPL21/NACA/RBM38/RPL34/RPL7/RPL32/RPL6/RPL18A/CD81/RPL10/RPL28/RPL39/RPL19/RPL24/RPL29/RPL35A/RPL36A/RPL10A/CD53/RPL23/RPL36/RPL38/RPL41/COL6A1/MAML1/RPL31/RPL27/RPLP2/RPL18/RPLP0/RPL15",0.593325476396405
"GO:1901739","regulation of myoblast fusion",52,0.525735978914647,2.00339855188599,4.62209528708319e-05,0.010400864968987,0.00806412502034967,3110,"tags=69%, list=28%, signal=50%","PLEKHO1/RPL4/RPL30/RPL12/RPL5/RPL11/RPL9/RPL17/RPL7A/RPL21/RPL34/RPL7/RPL32/RPL6/RPL18A/RPL10/RPL28/RPL39/RPL19/RPL24/RPL29/RPL35A/RPL36A/RPL10A/CD53/RPL23/RPL36/RPL38/RPL41/RPL31/RPL27/RPLP2/RPL18/RPLP0/RPL15/UBA52",0.557332238758646
"GO:0007520","myoblast fusion",56,0.515606602525028,2.00204049195869,3.47759651297448e-05,0.00945014566882418,0.00732700177928914,2974,"tags=66%, list=27%, signal=49%","PLEKHO1/CD9/RPL4/RPL30/RPL12/RPL5/RPL11/RPL9/RPL17/RPL7A/RPL21/RPL34/RPL7/RPL32/RPL6/RPL18A/CD81/RPL10/RPL28/RPL39/RPL19/RPL24/RPL29/RPL35A/RPL36A/RPL10A/CD53/RPL23/RPL36/RPL38/RPL41/RPL31/RPL27/RPLP2/RPL18/RPLP0/RPL15",0.557332238758646
"GO:2000630","positive regulation of miRNA metabolic process",34,-0.574558073441193,-1.98579924584307,0.000176733680146467,0.0264116519987133,0.0204778029852968,223,"tags=26%, list=2%, signal=26%","NFKB1/NOTCH2/STAT3/EGR1/MYB/SREBF2/FOS/JUN/NEAT1",0.518848077743792
"GO:0060142","regulation of syncytium formation by plasma membrane fusion",53,0.519817129224184,1.97468034295542,3.16562620284151e-05,0.00945014566882418,0.00732700177928914,2974,"tags=66%, list=27%, signal=49%","PLEKHO1/RPL4/RPL30/RPL12/RPL5/RPL11/RPL9/RPL17/RPL7A/RPL21/RPL34/RPL7/RPL32/RPL6/RPL18A/RPL10/RPL28/RPL39/RPL19/RPL24/RPL29/RPL35A/RPL36A/RPL10A/CD53/RPL23/RPL36/RPL38/RPL41/RPL31/RPL27/RPLP2/RPL18/RPLP0/RPL15",0.557332238758646
"GO:0042476","odontogenesis",16,0.672510812615303,1.97002425316138,0.000856213160195666,0.0761353587836927,0.0590301915784482,1696,"tags=56%, list=15%, signal=48%","ID3/ZNF22/HDAC1/ROGDI/AXIN2/SLC4A2/BCOR/HDAC2/TGFB1",0.477270815362862
"GO:0000768","syncytium formation by plasma membrane fusion",59,0.501892118055918,1.96771214325861,3.78718709028786e-05,0.00945014566882418,0.00732700177928914,2974,"tags=63%, list=27%, signal=46%","PLEKHO1/CD9/RPL4/RPL30/RPL12/RPL5/RPL11/RPL9/RPL17/RPL7A/RPL21/RPL34/RPL7/RPL32/RPL6/RPL18A/CD81/RPL10/RPL28/RPL39/RPL19/RPL24/RPL29/RPL35A/RPL36A/RPL10A/CD53/RPL23/RPL36/RPL38/RPL41/RPL31/RPL27/RPLP2/RPL18/RPLP0/RPL15",0.557332238758646
"GO:0006949","syncytium formation",59,0.501892118055918,1.96771214325861,3.78718709028786e-05,0.00945014566882418,0.00732700177928914,2974,"tags=63%, list=27%, signal=46%","PLEKHO1/CD9/RPL4/RPL30/RPL12/RPL5/RPL11/RPL9/RPL17/RPL7A/RPL21/RPL34/RPL7/RPL32/RPL6/RPL18A/CD81/RPL10/RPL28/RPL39/RPL19/RPL24/RPL29/RPL35A/RPL36A/RPL10A/CD53/RPL23/RPL36/RPL38/RPL41/RPL31/RPL27/RPLP2/RPL18/RPLP0/RPL15",0.557332238758646
"GO:0140253","cell-cell fusion",59,0.501892118055918,1.96771214325861,3.78718709028786e-05,0.00945014566882418,0.00732700177928914,2974,"tags=63%, list=27%, signal=46%","PLEKHO1/CD9/RPL4/RPL30/RPL12/RPL5/RPL11/RPL9/RPL17/RPL7A/RPL21/RPL34/RPL7/RPL32/RPL6/RPL18A/CD81/RPL10/RPL28/RPL39/RPL19/RPL24/RPL29/RPL35A/RPL36A/RPL10A/CD53/RPL23/RPL36/RPL38/RPL41/RPL31/RPL27/RPLP2/RPL18/RPLP0/RPL15",0.557332238758646
"GO:0042559","pteridine-containing compound biosynthetic process",12,-0.745899941135947,-1.96466024938592,0.000595453554740051,0.0641470623684933,0.0497352799185583,2459,"tags=75%, list=22%, signal=59%","DHFR2/QDPR/MTHFD1/GCH1/FPGS/PCBD1/MTHFS/DHFR/MTHFD1L",0.477270815362862
"GO:0031507","heterochromatin formation",136,0.418099468261675,1.92559121501348,8.46173903249725e-06,0.00367993528186938,0.00285317214176664,2695,"tags=45%, list=24%, signal=34%","MBD2/MBD3/HDAC1/CSNK2A2/KMT2A/YTHDC1/TDRD12/POLE3/BAP1/CBX1/PHC2/CIZ1/TRIM28/LMNB1/L3MBTL2/SMARCA2/CBX4/ZNF512B/DNMT3A/CBX3/PADI4/ZNF304/MTF2/PHF2/KDM2B/BCOR/SPIN1/CENPV/DNMT1/MGA/HDAC2/SIN3A/SUZ12/RBM15B/TNRC18/HDAC3/SIRT2/SCMH1/RRP8/BCORL1/HNRNPU/CDYL/CBX6/PHC1/MBD1/RESF1/RBBP4/PCGF3/KAT8/RIF1/BMI1/BAHD1/SUV39H2/TFDP1/NRDE2/ERI1/PCGF1/BAZ2A/DOT1L/MIS18A/UBR2",0.593325476396405
"GO:0006936","muscle contraction",136,0.414955019692518,1.91110920056365,1.07845398426141e-05,0.00415891072839719,0.00322453720553732,2985,"tags=53%, list=27%, signal=39%","GRK2/APBB1/SETD3/ROCK1/EEF2/SRF/GSTM2/PABPN1/CD38/RPL4/BIN1/GNAS/KCNH2/GAMT/RPL30/VPS54/RPL12/RPL5/DMPK/RPL11/P2RX4/RPL9/KCNQ1/HSP90AA1/RPL17/TPM2/CACNB1/RPL7A/RPL21/C12orf57/GSTO1/RPL34/RPL7/RPL32/SUMO1/RPL6/RPL18A/RPL10/SMAD7/RPL28/RPL39/RPL19/STUB1/FKBP1A/RPL24/RPL29/GSN/RPL35A/RPL36A/RANGRF/RPL10A/CHUK/MAP2K1/AKAP9/RPL23/RPL36/RPL38/MYL6/PIK3CG/RPL41/MYH11/RPL31/EHD3/RPL27/ATP1A1/RPLP2/RPL18/TPM4/RPLP0/DLG1/RPL15/CALM3",0.593325476396405
"GO:0070828","heterochromatin organization",141,0.411169600305223,1.89718631409356,8.67500066447285e-06,0.00367993528186938,0.00285317214176664,2896,"tags=47%, list=26%, signal=35%","MBD2/MBD3/HDAC1/CSNK2A2/KMT2A/YTHDC1/TDRD12/POLE3/BAP1/CBX1/PHC2/CIZ1/TRIM28/LMNB1/L3MBTL2/SMARCA2/CBX4/ZNF512B/DNMT3A/CBX3/PADI4/ZNF304/MTF2/PHF2/KDM2B/BCOR/SPIN1/CENPV/DNMT1/MGA/HDAC2/SIN3A/SUZ12/RBM15B/TNRC18/HDAC3/SIRT2/SCMH1/RRP8/BCORL1/HNRNPU/CDYL/CBX6/PHC1/MBD1/RESF1/RBBP4/HP1BP3/PCGF3/KAT8/RIF1/BMI1/BAHD1/SUV39H2/TFDP1/NRDE2/ERI1/PCGF1/BAZ2A/DOT1L/MIS18A/UBR2/PHF19/SETD7/RYBP/PPM1D",0.593325476396405
"GO:0008090","retrograde axonal transport",10,-0.760531310308276,-1.89603787443807,0.00062698766639262,0.0648702848984755,0.0502960175991935,983,"tags=40%, list=9%, signal=37%","DYNC1H1/ACTR10/DST/PAFAH1B1",0.477270815362862
"GO:0140719","constitutive heterochromatin formation",42,0.525111277383964,1.89207729829526,0.000180560562933212,0.0264116519987133,0.0204778029852968,2420,"tags=43%, list=22%, signal=34%","MBD2/MBD3/HDAC1/KMT2A/TDRD12/TRIM28/ZNF512B/DNMT3A/ZNF304/SPIN1/CENPV/DNMT1/TNRC18/SIRT2/MBD1/RESF1/RIF1/SUV39H2",0.518848077743792
"GO:0097396","response to interleukin-17",14,-0.67301943299495,-1.89143518904855,0.00480950206837927,0.170015898117207,0.131818792182408,223,"tags=29%, list=2%, signal=28%","NFKB1/SOCS3/STAT3/NFKBIZ",0.407017918923954
"GO:0097398","cellular response to interleukin-17",14,-0.67301943299495,-1.89143518904855,0.00480950206837927,0.170015898117207,0.131818792182408,223,"tags=29%, list=2%, signal=28%","NFKB1/SOCS3/STAT3/NFKBIZ",0.407017918923954
"GO:0000266","mitochondrial fission",27,-0.581206065048743,-1.8898278495238,0.000780438233778931,0.0761353587836927,0.0590301915784482,1722,"tags=33%, list=15%, signal=28%","MFF/SLC25A46/DDHD1/C11orf65/MYO19/MTFP1/PRKN/GDAP1/OPA1",0.477270815362862
"GO:0042692","muscle cell differentiation",156,0.405777523045819,1.88635692371211,3.17454318271527e-06,0.00224440203017969,0.00174015705628936,2984,"tags=49%, list=27%, signal=36%","YY1/OLFM2/SEMA4C/PLEKHO1/CD9/QKI/CDK9/SRF/HDAC5/ACTN1/WDR1/RPL4/BIN1/RCAN1/RPL30/RPL12/TMEM204/RPL5/DMPK/SKI/ATP11A/GSK3A/RPL11/FOXO4/RPL9/HDGFL2/MTLN/NINJ1/RPL17/SELENON/OBSCN/RPL7A/CSRP1/RPL21/NACA/RBM38/RPL34/RPL7/RPL32/RPL6/RPL18A/TGFB1/CD81/RPL10/ZNHIT1/KAT2A/RPL28/RPL39/NFATC3/RPL19/ZBED6/RPL24/RPL29/RPL35A/RPL36A/RPL10A/CHUK/CD53/RPL23/RPL36/RPL38/MRTFA/RPL41/COL6A1/MYH11/MAML1/RPL31/NFATC1/RPL27/RPLP2/NEURL2/RPL18/RPLP0/RPL15/ACTN4/PPARA",0.627256739718528
"GO:2000319","regulation of T-helper 17 cell differentiation",19,-0.61598202480867,-1.88409301470109,0.00298817748883554,0.148656907397793,0.115258479940741,688,"tags=37%, list=6%, signal=35%","RC3H1/IL12RB1/MALT1/JUNB/CD69/OPA1/NFKBIZ",0.431707695803346
"GO:0032011","ARF protein signal transduction",15,0.674117385830576,1.88102707892386,0.00132276230301524,0.095104367616791,0.0737374740206622,674,"tags=40%, list=6%, signal=38%","GIT1/PSD/MAP4K4/PSD4/CYTH4/ARFGAP1",0.45505986738723
"GO:0032012","regulation of ARF protein signal transduction",15,0.674117385830576,1.88102707892386,0.00132276230301524,0.095104367616791,0.0737374740206622,674,"tags=40%, list=6%, signal=38%","GIT1/PSD/MAP4K4/PSD4/CYTH4/ARFGAP1",0.45505986738723
"GO:0030279","negative regulation of ossification",14,0.669301000397124,1.87616697743242,0.00449759176613342,0.170015898117207,0.131818792182408,1782,"tags=50%, list=16%, signal=42%","RFLNB/PTK2B/CHSY1/TMEM53/BCOR/ACVR2B/SMAD7",0.407017918923954
"GO:0099022","vesicle tethering",31,-0.555192826267349,-1.86966433053309,0.000824670162405863,0.0761353587836927,0.0590301915784482,2738,"tags=45%, list=25%, signal=34%","TRAPPC6B/STARD3NL/TRAPPC9/TBC1D23/TRAPPC2/EXOC8/EXOC5/C17orf75/EXOC6/EXOC4/EXOC1/WDR11/EXOC7/TRAPPC6A",0.477270815362862
"GO:0045814","negative regulation of gene expression, epigenetic",156,0.401813314275763,1.86792832124959,4.77512183115676e-06,0.002893723829681,0.00224359712451735,2695,"tags=42%, list=24%, signal=33%","MBD2/MBD3/USP7/HDAC1/ZNF445/CSNK2A2/KMT2A/HDAC5/YTHDC1/TDRD12/POLE3/BAP1/CBX1/PHC2/CIZ1/TRIM28/LMNB1/L3MBTL2/SMARCA2/CBX4/ZNF512B/DNMT3A/CBX3/PADI4/ZNF304/MTF2/PHF2/KDM2B/BCOR/SPIN1/CENPV/DNMT1/MGA/HDAC2/SIN3A/SUZ12/RBM15B/TNRC18/HDAC3/SIRT2/TRIM27/SCMH1/RRP8/BCORL1/HNRNPU/CDYL/CBX6/PCID2/PHC1/MBD1/RESF1/RBBP4/PCGF3/KAT8/RIF1/BMI1/BAHD1/SUV39H2/TFDP1/NRDE2/ERI1/PCGF1/BAZ2A/DOT1L/MIS18A/UBR2",0.610526878385931
"GO:0070059","intrinsic apoptotic signaling pathway in response to endoplasmic reticulum stress",50,-0.49792852831698,-1.86283032804292,0.000488608323104883,0.0560182839624571,0.043432776662872,1626,"tags=34%, list=15%, signal=29%","ERN1/DNAJC10/PTPN1/TMEM117/DDIT3/BCL2L11/BCL2L1/ITPR1/ERO1A/PRKN/TNFRSF10B/PPP1R15A/ATF4/PMAIP1/MAP3K5/BCL2/OPA1",0.477270815362862
"GO:0010591","regulation of lamellipodium assembly",23,0.587165399144717,1.85997461731321,0.00194913595175805,0.119316143126663,0.0925096420334599,2476,"tags=48%, list=22%, signal=37%","CARMIL2/TWF2/DMTN/ABI2/HSP90AA1/RAC2/ABI3/CDC42/WAS/RAC1/BRK1",0.45505986738723
"GO:0060333","type II interferon-mediated signaling pathway",19,-0.60708569185262,-1.85688196291081,0.00403297996829072,0.167724519857738,0.130042212945165,2800,"tags=42%, list=25%, signal=32%","NR1H3/SP100/NR1H2/IRF1/IFNGR2/NLRC5/TXK/JAK2",0.407017918923954
"GO:0062098","regulation of programmed necrotic cell death",27,-0.568069108848427,-1.84711221529646,0.00139164137792024,0.0967761102481586,0.0750336298328368,2920,"tags=56%, list=26%, signal=41%","RIPK1/SLC25A4/MUTYH/TSPO/CASP2/LTB/PELI1/CYLD/OGT/ZBP1/CFLAR/CASP8/LTA/BIRC3/PRKN",0.45505986738723
"GO:0140467","integrated stress response signaling",42,-0.509802554839658,-1.84620883883318,0.000604875647039069,0.0641470623684933,0.0497352799185583,1926,"tags=40%, list=17%, signal=34%","AKT3/CEBPB/ARIH1/EIF2AK1/PTPN1/HERC5/GCN1/DDIT3/NFE2L3/CEBPG/RPAP2/PPP1R15A/ATF4/PPP1R15B/JUNB/FOS/JUN",0.477270815362862
"GO:0060544","regulation of necroptotic process",24,-0.572982325744187,-1.84218939376172,0.00331929989359884,0.154730441193915,0.119967485969883,2920,"tags=58%, list=26%, signal=43%","RIPK1/SLC25A4/MUTYH/CASP2/LTB/PELI1/CYLD/OGT/ZBP1/CFLAR/CASP8/LTA/BIRC3/PRKN",0.431707695803346
"GO:0045622","regulation of T-helper cell differentiation",26,-0.572504096585828,-1.84169541648224,0.0011658244026575,0.0915819836309839,0.0710064564643413,688,"tags=31%, list=6%, signal=29%","RC3H1/IL12RB1/MALT1/JUNB/IRF4/CD69/OPA1/NFKBIZ",0.45505986738723
"GO:0042554","superoxide anion generation",17,0.618729370653503,1.83342369128847,0.00370263196060423,0.15788120362566,0.122410373386916,2071,"tags=47%, list=19%, signal=38%","ITGB2/PRKCD/NCF1/RAC2/GNAI2/APP/TGFB1/RAC1",0.431707695803346
"GO:1902895","positive regulation of miRNA transcription",28,-0.556943152109306,-1.82462358581392,0.00200772088434359,0.119316143126663,0.0925096420334599,1295,"tags=36%, list=12%, signal=32%","NR3C1/POU2F1/BMPR1A/NOTCH2/STAT3/EGR1/MYB/SREBF2/FOS/JUN",0.431707695803346
"GO:0098727","maintenance of cell number",83,0.43102750830737,1.81815539539145,0.000126538704727159,0.0233381384979395,0.0180948091481616,2888,"tags=47%, list=26%, signal=35%","ZNF358/SRRT/HDAC1/SMARCC1/ZNF706/NOG/LBH/LEO1/BCL7A/SMARCA2/SKI/ING1/TAF5L/ZNF322/DPF2/PADI4/SELENON/MTF2/CTNNB1/HDAC2/SIN3A/BCLAF3/TET1/REST/KAT2A/BRMS1L/RBBP4/SETD6/SMARCB1/TAF6L/BCL7C/TPT1/PHF10/DIS3L2/DCAF5/SAP30/PHF19/CTR9/ZC3H13",0.518848077743792
"GO:0010592","positive regulation of lamellipodium assembly",18,0.601362859447644,1.81624212193803,0.00502645101810417,0.173409532635023,0.134449986136626,2476,"tags=44%, list=22%, signal=35%","CARMIL2/TWF2/ABI2/HSP90AA1/RAC2/CDC42/RAC1/BRK1",0.407017918923954
"GO:0070266","necroptotic process",31,-0.536443983980015,-1.80652583160994,0.0016465473222265,0.107456211398228,0.0833142556424156,3101,"tags=55%, list=28%, signal=40%","TNF/RIPK1/SLC25A4/MUTYH/CASP2/LTB/PELI1/CYLD/TRPM7/OGT/ZBP1/CFLAR/CASP8/LTA/BIRC3/PRKN/FAS",0.45505986738723
"GO:0120034","positive regulation of plasma membrane bounded cell projection assembly",72,0.443219914213107,1.80606281941614,0.000429197227928873,0.0520187040249794,0.0403317737423578,2110,"tags=38%, list=19%, signal=31%","ENTR1/CARMIL2/SEPTIN7/TWF2/RAP2A/FMR1/RAB11FIP3/PPP1R35/GSK3B/SEPTIN9/ABI2/MARK4/RAPGEF2/CCR7/PLEK2/HSP90AA1/RAC2/TMEM216/DOCK11/RHOQ/KCTD17/WASHC1/CDC42/HRAS/WASL/RAC1/CCDC88A",0.49849310876659
"GO:0099171","presynaptic modulation of chemical synaptic transmission",12,0.6758887667959,1.80522833975562,0.00329290074247243,0.154730441193915,0.119967485969883,1523,"tags=58%, list=14%, signal=50%","ADORA2A/NOG/FMR1/GIPC1/GSK3B/APBA2/FXR1",0.431707695803346
"GO:0051146","striated muscle cell differentiation",113,0.404740198740021,1.79980515760412,0.00013716427670611,0.0242080358153213,0.0187692685073736,2984,"tags=51%, list=27%, signal=38%","YY1/PLEKHO1/CD9/HDAC5/WDR1/RPL4/RPL30/RPL12/RPL5/DMPK/SKI/ATP11A/GSK3A/RPL11/RPL9/MTLN/RPL17/SELENON/OBSCN/RPL7A/CSRP1/RPL21/NACA/RBM38/RPL34/RPL7/RPL32/RPL6/RPL18A/TGFB1/CD81/RPL10/KAT2A/RPL28/RPL39/RPL19/RPL24/RPL29/RPL35A/RPL36A/RPL10A/CHUK/CD53/RPL23/RPL36/RPL38/RPL41/COL6A1/MYH11/MAML1/RPL31/RPL27/RPLP2/NEURL2/RPL18/RPLP0/RPL15/PPARA",0.518848077743792
"GO:0051131","chaperone-mediated protein complex assembly",16,0.613888598389654,1.7982988598559,0.00571781741535065,0.177827529545218,0.137875401189083,1973,"tags=56%, list=18%, signal=46%","DNLZ/CCT2/HSP90AA1/HSP90AB1/PTGES3/HSPD1/PSMG3/LONP1/STUB1",0.407017918923954
"GO:0061061","muscle structure development",264,0.362839133847614,1.79790304274795,6.26456832952752e-07,0.000885809961795192,0.000686796944051019,2727,"tags=42%, list=24%, signal=33%","YY1/ID3/OLFM2/SEMA4C/PLEKHO1/SMARCC1/ZNF609/SOX8/NOG/PDLIM2/CD9/QKI/KMT5B/CDK9/EEF2/SRF/HDAC5/ACTN1/WDR1/RPL4/BIN1/RCAN1/ZFP36L1/RPL30/VPS54/RPL12/TMEM204/RPL5/SMARCA2/EID2/DMPK/SKI/ATP11A/GSK3A/RPL11/FOXO4/RPL9/CENPF/HDGFL2/MTLN/NINJ1/PBRM1/RPL17/SVIL/SELENON/OBSCN/RPL7A/UQCC2/PLCB1/VRK3/SMARCD2/CSRP1/CTNNB1/RPL21/MEF2B/ZBTB18/NACA/FXR1/RBM38/RPL34/RPL7/TGFBR1/RPL32/RPL6/RPL18A/TGFB1/CD81/RPL10/SMAD7/LRRC8A/COL6A3/ZNHIT1/REST/FHL3/UNC45A/SIRT2/KAT2A/RPL28/RPL39/NFATC3/SOX4/RPL19/BRD7/FKBP1A/ZBED6/RPL24/RPL29/IGSF8/RPL35A/RPL36A/RPL10A/KAT8/SMARCB1/CHUK/CD53/PHF10/RPL23/ZFPM1/RPL36/RPL38/MED1/MRTFA/MYL6/NKD1/TCF7L2/RPL41/COL6A1/MYH11/MAML1/RPL31/NFATC1/RPL27",0.659444398037935
"GO:0042659","regulation of cell fate specification",12,0.671918056307953,1.79462298654671,0.0037016685051892,0.15788120362566,0.122410373386916,1467,"tags=50%, list=13%, signal=43%","MBD3/CHD3/HDAC1/GATAD2A/MTA3/HDAC2",0.431707695803346
"GO:2000058","regulation of ubiquitin-dependent protein catabolic process",129,0.395343873357721,1.78977141232061,5.23512293442439e-05,0.0111036957439141,0.00860905231765245,2035,"tags=30%, list=18%, signal=25%","DVL1/CSNK1E/PTK2B/USP7/HIPK2/ZNF418/BAG6/AXIN1/CSNK2A2/LAPTM5/GIPC1/WAC/AXIN2/TLK2/CCDC22/CCAR2/GNA12/AKT1/GSK3B/RPL5/GSK3A/CBX4/RPL11/HSP90AB1/DMWD/DDRGK1/DNAJB2/ELOB/SUMO1/RPS7/PML/ATXN3/RACK1/NOP53/SMAD7/SIRT2/KAT2A/STUB1/PTEN",0.557332238758646
"GO:2000316","regulation of T-helper 17 type immune response",23,-0.560377512624908,-1.78798712053077,0.0057681438798566,0.177827529545218,0.137875401189083,1038,"tags=35%, list=9%, signal=32%","PRKCQ/RC3H1/IL12RB1/MALT1/JUNB/CD69/OPA1/NFKBIZ",0.407017918923954
"GO:0031294","lymphocyte costimulation",24,0.549525319935305,1.78651221751023,0.00622377699477996,0.178265075311067,0.138214644489371,1149,"tags=38%, list=10%, signal=34%","LCK/TMIGD2/CSK/CD40LG/CARD11/AKT1/CD5/CCR7/VAV1",0.407017918923954
"GO:0072539","T-helper 17 cell differentiation",42,-0.492779214667058,-1.7845601852618,0.00123358365507555,0.0940719334874586,0.0729369946452412,753,"tags=26%, list=7%, signal=25%","PSMA6/RC3H1/IL12RB1/MALT1/SOCS3/STAT3/JUNB/IRF4/CD69/OPA1/NFKBIZ",0.45505986738723
"GO:0045724","positive regulation of cilium assembly",23,0.562833943337002,1.78289941793915,0.00446318826908752,0.170015898117207,0.131818792182408,1363,"tags=39%, list=12%, signal=34%","ENTR1/SEPTIN7/RAB11FIP3/PPP1R35/GSK3B/SEPTIN9/MARK4/TMEM216/KCTD17",0.407017918923954
"GO:0006007","glucose catabolic process",18,0.589132350401743,1.77930341620833,0.00680568534215267,0.186256240138139,0.144410451512718,1840,"tags=50%, list=17%, signal=42%","FOXK2/ENO3/TPI1/LRP5/HK1/PKM/ENO2/TKTL1/PFKM",0.407017918923954
"GO:0001708","cell fate specification",17,0.600331281152263,1.77890632914936,0.00536976716195268,0.174595856030443,0.135369780807912,1467,"tags=41%, list=13%, signal=36%","MBD3/CHD3/HDAC1/GATAD2A/MTA3/MGA/HDAC2",0.407017918923954
"GO:1902993","positive regulation of amyloid precursor protein catabolic process",18,0.588191897292484,1.77646305032289,0.00716153322949636,0.191064301632224,0.148138296178468,1666,"tags=44%, list=15%, signal=38%","CSNK1E/RELA/AGER/GSK3A/ABCG1/EFNA1/APP/RANBP9",0.407017918923954
"GO:2000514","regulation of CD4-positive, alpha-beta T cell activation",43,-0.480129820245655,-1.77620700966205,0.00150932873212435,0.100040195026117,0.0775643797084445,1220,"tags=30%, list=11%, signal=27%","AP3B1/CBFB/PRKCQ/RC3H1/IL12RB1/SOCS1/MALT1/CD55/JUNB/IRF4/CD69/OPA1/NFKBIZ",0.45505986738723
"GO:0001919","regulation of receptor recycling",17,-0.613835820366778,-1.77463159247719,0.00510910796105995,0.173481588170853,0.134505853110294,1059,"tags=35%, list=9%, signal=32%","LAMTOR1/TRAT1/OPTN/LDLR/ANXA2/NSF",0.407017918923954
"GO:0032495","response to muramyl dipeptide",13,-0.661713128283637,-1.76740931126689,0.00559441665205722,0.177827529545218,0.137875401189083,2324,"tags=62%, list=21%, signal=49%","NLRP1/CHMP5/LDOC1/RIPK2/NAGK/NOD1/PTPN22/TNFAIP3",0.407017918923954
"GO:0019827","stem cell population maintenance",82,0.425918601177161,1.76636196789895,0.000257759473054417,0.0341692401467761,0.0264925104994214,2888,"tags=46%, list=26%, signal=35%","ZNF358/SRRT/HDAC1/SMARCC1/ZNF706/NOG/LBH/LEO1/BCL7A/SMARCA2/SKI/ING1/TAF5L/ZNF322/DPF2/PADI4/MTF2/CTNNB1/HDAC2/SIN3A/BCLAF3/TET1/REST/KAT2A/BRMS1L/RBBP4/SETD6/SMARCB1/TAF6L/BCL7C/TPT1/PHF10/DIS3L2/DCAF5/SAP30/PHF19/CTR9/ZC3H13",0.49849310876659
"GO:1902275","regulation of chromatin organization",27,0.53522546756044,1.76353778602285,0.00419502935454447,0.170015898117207,0.131818792182408,1254,"tags=33%, list=11%, signal=30%","SAMD1/HIRA/KMT2A/MKI67/TLK2/CABIN1/PADI4/SETD1A/PHF2",0.407017918923954
"GO:0042558","pteridine-containing compound metabolic process",23,-0.551450579591227,-1.7595041051876,0.00722083770196237,0.191442459573277,0.148431494188747,2459,"tags=52%, list=22%, signal=41%","DHFR2/QDPR/MTHFD1/GCH1/FPGS/PCBD1/MTHFD2/MTHFS/DHFR/MTHFD1L/MTRR/MTR",0.407017918923954
"GO:2000059","negative regulation of ubiquitin-dependent protein catabolic process",49,0.465505853098058,1.75870966493935,0.00240742512259882,0.130926889359797,0.101511826898155,1864,"tags=37%, list=17%, signal=31%","USP7/HIPK2/BAG6/CSNK2A2/GIPC1/WAC/TLK2/CCAR2/RPL5/CBX4/RPL11/HSP90AB1/DMWD/DDRGK1/RPS7/PML/NOP53/KAT2A",0.431707695803346
"GO:0008088","axo-dendritic transport",63,-0.436536742797762,-1.75623364052794,0.0014478821226498,0.0975471748666412,0.0756314610229112,1447,"tags=30%, list=13%, signal=26%","DTNBP1/MECP2/AP3B1/TMEM230/DYNC1H1/ATG5/BLOC1S6/ATG16L1/ACTR10/KIF21A/KIFAP3/DST/PAFAH1B1/HDAC6/SPG11/TRAK2/BORCS5/AP3M2/OPA1",0.45505986738723
"GO:0090314","positive regulation of protein targeting to membrane",16,-0.612016580501485,-1.75106414674501,0.00796176960114977,0.205937967366325,0.159670327442053,763,"tags=38%, list=7%, signal=35%","CHP1/STOM/ITGB1BP1/TCAF2/PAK1/ANK3",0.380730400722792
"GO:0070424","regulation of nucleotide-binding domain, leucine rich repeat containing receptor signaling pathway",11,-0.687032404178383,-1.7504870473025,0.00660686818108048,0.184383781737786,0.14295867431141,928,"tags=45%, list=8%, signal=42%","XIAP/NAGK/BIRC3/PTPN22/TNFAIP3",0.407017918923954
"GO:1905268","negative regulation of chromatin organization",10,0.703650920034624,1.74935439481557,0.00620817505967486,0.178265075311067,0.138214644489371,1254,"tags=40%, list=11%, signal=36%","SAMD1/KMT2A/PADI4/PHF2",0.407017918923954
"GO:0002287","alpha-beta T cell activation involved in immune response",57,-0.449416719814307,-1.74690960198553,0.00197025437625649,0.119316143126663,0.0925096420334599,815,"tags=25%, list=7%, signal=23%","IL18R1/PSMA6/RC3H1/IL12RB1/STAT4/MALT1/SOCS3/STAT3/JUNB/IRF4/MYB/CD69/OPA1/NFKBIZ",0.431707695803346
"GO:0072028","nephron morphogenesis",12,0.65389521207839,1.746485851023,0.00523663243892906,0.173481588170853,0.134505853110294,1886,"tags=58%, list=17%, signal=49%","SOX8/NOG/PKD2/TGFB1/PKD1/KLHL3/HS3ST3B1",0.407017918923954
"GO:0072088","nephron epithelium morphogenesis",12,0.65389521207839,1.746485851023,0.00523663243892906,0.173481588170853,0.134505853110294,1886,"tags=58%, list=17%, signal=49%","SOX8/NOG/PKD2/TGFB1/PKD1/KLHL3/HS3ST3B1",0.407017918923954
"GO:0048762","mesenchymal cell differentiation",83,0.413898446135077,1.7459017776842,0.000378314062540057,0.0486305531301491,0.0377048314173502,2598,"tags=36%, list=23%, signal=28%","FBXL17/SEMA4C/SOX8/NOG/ROCK1/QKI/CUL7/RGCC/AXIN2/GSK3B/TRIM28/LRP6/TCOF1/EFNA1/CTNNB1/HDAC2/SEMA4B/CDC42/TGFBR1/BCL9L/TGFB1/SMAD7/PTEN/KLHL12/LEF1/KAT8/OTUD5/SDHAF2/TCF7L2/POLR1B",0.49849310876659
"GO:0006904","vesicle docking involved in exocytosis",24,-0.542665900301167,-1.74471937610391,0.00826085539062783,0.20876847321721,0.161864909635017,1730,"tags=42%, list=16%, signal=35%","EXOC8/EXOC5/YKT6/STXBP1/EXOC6/EXOC4/EXOC1/BLOC1S6/EXOC7/RALB",0.380730400722792
"GO:0031295","T cell costimulation",23,0.550543924210748,1.7439680986645,0.00634559791889937,0.178265075311067,0.138214644489371,1149,"tags=39%, list=10%, signal=35%","LCK/TMIGD2/CSK/CD40LG/CARD11/AKT1/CD5/CCR7/VAV1",0.407017918923954
"GO:0001916","positive regulation of T cell mediated cytotoxicity",12,-0.661367575049889,-1.7420065524532,0.00840570982299858,0.209747182759764,0.16262373461095,2033,"tags=50%, list=18%, signal=41%","HLA-B/MR1/HLA-A/STX7/HLA-C/IL12RB1",0.380730400722792
"GO:0043370","regulation of CD4-positive, alpha-beta T cell differentiation",34,-0.502577452947774,-1.73701836798499,0.00364346068015066,0.15788120362566,0.122410373386916,1499,"tags=35%, list=13%, signal=31%","BRD2/AP3B1/CBFB/RC3H1/IL12RB1/SOCS1/MALT1/JUNB/IRF4/CD69/OPA1/NFKBIZ",0.431707695803346
"GO:2000767","positive regulation of cytoplasmic translation",14,0.619639965110784,1.73695846823543,0.0197009740219167,0.291909467469069,0.226326795637991,2050,"tags=50%, list=18%, signal=41%","EEF2/SYNCRIP/YBX1/PKM/PABPC1/CNBP/HNRNPU",0.352487857583619
"GO:0032928","regulation of superoxide anion generation",12,0.649851901995021,1.73568659187342,0.00595273672687907,0.177827529545218,0.137875401189083,1696,"tags=42%, list=15%, signal=35%","ITGB2/PRKCD/GNAI2/APP/TGFB1",0.407017918923954
"GO:0032930","positive regulation of superoxide anion generation",12,0.649851901995021,1.73568659187342,0.00595273672687907,0.177827529545218,0.137875401189083,1696,"tags=42%, list=15%, signal=35%","ITGB2/PRKCD/GNAI2/APP/TGFB1",0.407017918923954
"GO:0048863","stem cell differentiation",88,0.406779947994961,1.73531438050371,0.000963710799083168,0.081761224194216,0.0633921059147458,2269,"tags=36%, list=20%, signal=29%","LTBP3/MBD3/CHD3/FBXL17/SEMA4C/HDAC1/SOX8/LBH/SRF/GATAD2A/GSK3B/LRP6/FOXO4/ZNF281/TCOF1/MTA3/HOXB4/SMAD1/MTF2/SETD1A/CTNNB1/HDAC2/SEMA4B/CDC42/REST/PUS7/HNRNPU/KLHL12/RBBP4/SETD2/SMAD5/SETD6",0.477270815362862
"GO:0002292","T cell differentiation involved in immune response",59,-0.445760136565392,-1.73303484615691,0.0014487204188115,0.0975471748666412,0.0756314610229112,815,"tags=24%, list=7%, signal=22%","IL18R1/PSMA6/RC3H1/IL12RB1/STAT4/MALT1/SOCS3/STAT3/JUNB/IRF4/MYB/CD69/OPA1/NFKBIZ",0.45505986738723
"GO:0010232","vascular transport",36,-0.49222920945392,-1.73252732350053,0.00225937152082265,0.126108605149075,0.0977760562315132,1167,"tags=31%, list=10%, signal=27%","FABP5/SLC12A2/SLC7A1/SLC16A1/SLC38A5/SLCO3A1/ATP2B4/TFRC/ATP8A1/SLC2A3/ABCC1",0.431707695803346
"GO:0150104","transport across blood-brain barrier",36,-0.49222920945392,-1.73252732350053,0.00225937152082265,0.126108605149075,0.0977760562315132,1167,"tags=31%, list=10%, signal=27%","FABP5/SLC12A2/SLC7A1/SLC16A1/SLC38A5/SLCO3A1/ATP2B4/TFRC/ATP8A1/SLC2A3/ABCC1",0.431707695803346
"GO:1902743","regulation of lamellipodium organization",31,0.495750719656,1.72583741406474,0.00594926670190521,0.177827529545218,0.137875401189083,2071,"tags=35%, list=19%, signal=29%","CARMIL2/TWF2/CORO1B/DMTN/ABI2/HSP90AA1/RAC2/ABI3/CDC42/WAS/RAC1",0.407017918923954
"GO:2000819","regulation of nucleotide-excision repair",27,0.523106074024088,1.72360506656079,0.00623549882108166,0.178265075311067,0.138214644489371,2459,"tags=41%, list=22%, signal=32%","SMARCC1/BCL7A/SMARCA2/DPF2/PBRM1/SMARCD2/CREBBP/BRD7/SMARCB1/BCL7C/PHF10",0.407017918923954
"GO:0072163","mesonephric epithelium development",17,0.581245797209135,1.72235207444496,0.00967850218435846,0.222572558358933,0.172567660676044,2227,"tags=59%, list=20%, signal=47%","SOX8/NOG/SMAD1/CAT/PKD2/TGFB1/PKD1/SMAD7/HS3ST3B1/SMAD5",0.380730400722792
"GO:0072164","mesonephric tubule development",17,0.581245797209135,1.72235207444496,0.00967850218435846,0.222572558358933,0.172567660676044,2227,"tags=59%, list=20%, signal=47%","SOX8/NOG/SMAD1/CAT/PKD2/TGFB1/PKD1/SMAD7/HS3ST3B1/SMAD5",0.380730400722792
"GO:0072538","T-helper 17 type immune response",50,-0.459429925803349,-1.71880089355346,0.00323892971271741,0.154376852149969,0.119693337015473,1082,"tags=26%, list=10%, signal=24%","SLAMF6/PRKCQ/PSMA6/RC3H1/IL12RB1/MALT1/SOCS3/STAT3/JUNB/IRF4/CD69/OPA1/NFKBIZ",0.431707695803346
"GO:1904738","vascular associated smooth muscle cell migration",12,-0.652122255070357,-1.71765487784524,0.0109619047627065,0.242189583351047,0.187777370881438,2024,"tags=58%, list=18%, signal=48%","XBP1/MDM2/PTPN1/DDIT3/NR4A3/ADAMTS1/PAK1",0.380730400722792
"GO:0072078","nephron tubule morphogenesis",11,0.677673776050237,1.71724080417166,0.00916308876524565,0.222113271669554,0.172211560938727,1886,"tags=64%, list=17%, signal=53%","SOX8/NOG/PKD2/TGFB1/PKD1/KLHL3/HS3ST3B1",0.380730400722792
"GO:0070741","response to interleukin-6",18,-0.584521651501552,-1.71454896844712,0.0082864242839151,0.20876847321721,0.161864909635017,348,"tags=33%, list=3%, signal=32%","STAT4/SELPLG/NFKB1/SOCS3/STAT3/JAK2",0.380730400722792
"GO:1903902","positive regulation of viral life cycle",16,0.584544623829315,1.71233988271588,0.0118186587928194,0.242406348589793,0.187945435940501,394,"tags=25%, list=4%, signal=24%","SMPD1/FMR1/FURIN/TRIM11",0.380730400722792
"GO:0098930","axonal transport",50,-0.457320416372617,-1.71090888110312,0.00353147431228577,0.15788120362566,0.122410373386916,1447,"tags=30%, list=13%, signal=26%","DTNBP1/AP3B1/TMEM230/DYNC1H1/ATG5/BLOC1S6/ATG16L1/ACTR10/KIF21A/DST/PAFAH1B1/HDAC6/BORCS5/AP3M2/OPA1",0.431707695803346
"GO:0040029","epigenetic regulation of gene expression",224,0.346556907217957,1.71055783648765,2.0023986284963e-05,0.00707847915173441,0.00548817247447491,2695,"tags=37%, list=24%, signal=29%","SAMD1/MBD2/MBD3/USP7/HIPK2/HDAC1/ZNF445/CSNK2A2/KMT2A/HDAC5/YTHDC1/TDRD12/MEN1/POLE3/BAP1/CBX1/PHC2/CIZ1/TRIM28/LMNB1/L3MBTL2/SMARCA2/CTCF/CBX4/ZNF512B/DNMT3A/CBX3/GLYR1/APEX1/PADI4/ZNF304/TET3/MTF2/PHF2/KDM2B/BCOR/SPIN1/CENPV/DNMT1/HDAC7/MGA/HDAC2/APP/SIN3A/SUZ12/RBM15B/TNRC18/HDAC3/ZNHIT1/KMT2E/TET1/SIRT2/TRIM27/SCMH1/BRD7/RRP8/BCORL1/HNRNPU/CDYL/ALKBH4/CBX6/PCID2/PHC1/MBD1/RESF1/RBBP4/PCGF3/KAT8/SMARCB1/RIF1/BMI1/BAHD1/SUV39H2/ZFP57/TFDP1/NRDE2/ERI1/ZCWPW1/PCGF1/BAZ2A/DOT1L/MIS18A/UBR2",0.575610261071129
"GO:1902745","positive regulation of lamellipodium organization",22,0.539456059709739,1.70846540905395,0.00991427607395888,0.224900316073442,0.174372446074456,2476,"tags=41%, list=22%, signal=32%","CARMIL2/TWF2/CORO1B/ABI2/HSP90AA1/RAC2/CDC42/RAC1/BRK1",0.380730400722792
"GO:0042093","T-helper cell differentiation",68,-0.423571549970612,-1.70345321155203,0.00190951714543548,0.119316143126663,0.0925096420334599,1265,"tags=25%, list=11%, signal=22%","MTOR/SLAMF6/TBK1/IL18R1/PSMA6/RC3H1/IL12RB1/STAT4/MALT1/SOCS3/STAT3/JUNB/IRF4/MYB/CD69/OPA1/NFKBIZ",0.45505986738723
"GO:0071378","cellular response to growth hormone stimulus",18,-0.580631000398615,-1.70313671054702,0.0100309747323615,0.22633720646105,0.175486513391045,108,"tags=17%, list=1%, signal=17%","STAT3/JAK2/SOCS2",0.380730400722792
"GO:0061734","type 2 mitophagy",15,-0.601953967449343,-1.70139299094065,0.00951416912208046,0.222572558358933,0.172567660676044,1107,"tags=33%, list=10%, signal=30%","VPS13C/VDAC1/OPTN/PRKN/HDAC6",0.380730400722792
"GO:0003012","muscle system process",177,0.358475573115655,1.69817937318793,4.65856752500598e-05,0.010400864968987,0.00806412502034967,3000,"tags=46%, list=27%, signal=34%","YY1/GRK2/APBB1/SETD3/FOXO1/ROCK1/TNFRSF1A/EEF2/SRF/GSTM2/PABPN1/CD38/RPL4/BIN1/GNAS/KCNH2/GAMT/RPL30/VPS54/RPL12/RPL5/DMPK/GSK3A/RPL11/P2RX4/RPL9/KCNQ1/HSP90AA1/RPL17/TPM2/CACNB1/RPL7A/RPL21/HDAC2/C12orf57/GSTO1/RPL34/RPL7/RPL32/SUMO1/RPL6/RPL18A/RPL10/SMAD7/PARP1/RPL28/RPL39/RPL19/STUB1/FKBP1A/RPL24/RPL29/GSN/RPL35A/RPL36A/RANGRF/RPL10A/CHUK/JUND/MAP2K1/AKAP9/RPL23/RPL36/RPL38/MYL6/PIK3CG/RPL41/MYH11/RPL31/EHD3/RPL27/ATP1A1/RPLP2/RPL18/TPM4/RPLP0/DLG1/RPL15/PPARA/CALM3/GLRX3",0.557332238758646
"GO:0009119","ribonucleoside metabolic process",13,-0.635702880965528,-1.69793698053406,0.0138443282852579,0.254232210329282,0.197114406773692,788,"tags=38%, list=7%, signal=36%","BLOC1S6/UPP1/DGUOK/ADK/MTAP",0.380730400722792
"GO:1905517","macrophage migration",18,0.562140732167707,1.69778306089248,0.0137636518678987,0.254060499964302,0.196981274206871,1156,"tags=39%, list=10%, signal=35%","PTK2B/CKLF/CD9/MTUS1/CD200R1/P2RX4/MAPK1",0.380730400722792
"GO:0060396","growth hormone receptor signaling pathway",17,-0.586393410829227,-1.69529414535666,0.0111970270764301,0.242406348589793,0.187945435940501,108,"tags=18%, list=1%, signal=18%","STAT3/JAK2/SOCS2",0.380730400722792
"GO:0048562","embryonic organ morphogenesis",41,0.455402998329096,1.69433879127257,0.0062222318023134,0.178265075311067,0.138214644489371,1904,"tags=46%, list=17%, signal=39%","DVL1/HIPK2/STOX1/NOG/SRF/TPRN/NPHP3/PPP1R35/DVL2/KCNQ1/HOXB4/RARG/KDM2B/CTNNB1/CHD7/TGFBR1/PKD2/REST/HIPK1",0.407017918923954
"GO:0043367","CD4-positive, alpha-beta T cell differentiation",78,-0.412229302683028,-1.69376755254872,0.000995943282955971,0.0828390471823378,0.0642277767317344,1265,"tags=26%, list=11%, signal=23%","MTOR/AP3B1/CBFB/SLAMF6/TBK1/IL18R1/PSMA6/RC3H1/IL12RB1/STAT4/SOCS1/MALT1/SOCS3/STAT3/JUNB/IRF4/MYB/CD69/OPA1/NFKBIZ",0.45505986738723
"GO:1902916","positive regulation of protein polyubiquitination",11,-0.664571051905486,-1.69325785988794,0.00970672402083985,0.222572558358933,0.172567660676044,1372,"tags=45%, list=12%, signal=40%","UBE2N/RIPK2/XIAP/PRKN/PTPN22",0.380730400722792
"GO:0060294","cilium movement involved in cell motility",58,-0.443983538530935,-1.69301684106188,0.0019652298378388,0.119316143126663,0.0925096420334599,2741,"tags=43%, list=25%, signal=33%","ING2/PSME3/ARMC2/BBOF1/PSMB3/TUBB4B/CFAP20/PSMA3/EFHC1/PSMA5/DNAH1/PSMB7/NME7/PSME4/MKKS/BBS2/TTC12/PSMA6/BBS1/SLC9B1/ATP2B4/TUBA1A/SLC9B2/KIF9/EFHC2",0.431707695803346
"GO:0001539","cilium or flagellum-dependent cell motility",60,-0.432381117049597,-1.69252820945474,0.00339589668786529,0.154896706988436,0.120096397186173,2741,"tags=42%, list=25%, signal=32%","ING2/PSME3/ARMC2/BBOF1/PSMB3/TUBB4B/CFAP20/PSMA3/EFHC1/PSMA5/DNAH1/PSMB7/NME7/PSME4/MKKS/BBS2/TTC12/PSMA6/BBS1/SLC9B1/ATP2B4/TUBA1A/SLC9B2/KIF9/EFHC2",0.431707695803346
"GO:0060285","cilium-dependent cell motility",60,-0.432381117049597,-1.69252820945474,0.00339589668786529,0.154896706988436,0.120096397186173,2741,"tags=42%, list=25%, signal=32%","ING2/PSME3/ARMC2/BBOF1/PSMB3/TUBB4B/CFAP20/PSMA3/EFHC1/PSMA5/DNAH1/PSMB7/NME7/PSME4/MKKS/BBS2/TTC12/PSMA6/BBS1/SLC9B1/ATP2B4/TUBA1A/SLC9B2/KIF9/EFHC2",0.431707695803346
"GO:0003009","skeletal muscle contraction",15,0.605639621858907,1.68994978134584,0.011403255200798,0.242406348589793,0.187945435940501,2283,"tags=60%, list=20%, signal=48%","EEF2/GSTM2/GNAS/DMPK/HSP90AA1/C12orf57/GSTO1/FKBP1A/CHUK",0.380730400722792
"GO:0032434","regulation of proteasomal ubiquitin-dependent protein catabolic process",99,0.384619095920883,1.68895924890979,0.00124187370940539,0.0940719334874586,0.0729369946452412,1973,"tags=29%, list=18%, signal=24%","DVL1/CSNK1E/USP7/ZNF418/BAG6/AXIN1/CSNK2A2/GIPC1/WAC/AXIN2/TLK2/CCAR2/GNA12/AKT1/GSK3B/GSK3A/CBX4/RPL11/HSP90AB1/DDRGK1/DNAJB2/ELOB/SUMO1/RACK1/NOP53/SMAD7/SIRT2/KAT2A/STUB1",0.45505986738723
"GO:0051058","negative regulation of small GTPase mediated signal transduction",39,0.458363829048267,1.68370937936055,0.00679885491310646,0.186256240138139,0.144410451512718,1351,"tags=31%, list=12%, signal=27%","GIT1/PPP2CB/SH3BP1/CSNK1E/ARHGAP30/ARHGAP45/RASAL3/SCAI/CCDC125/LZTR1/SYNGAP1/RASA4",0.407017918923954
"GO:0050879","multicellular organismal movement",18,0.557437830145113,1.68357930917321,0.0146403060922132,0.257614825973673,0.199737057441064,2283,"tags=50%, list=20%, signal=40%","EEF2/GSTM2/GNAS/DMPK/HSP90AA1/C12orf57/GSTO1/FKBP1A/CHUK",0.380730400722792
"GO:0050881","musculoskeletal movement",18,0.557437830145113,1.68357930917321,0.0146403060922132,0.257614825973673,0.199737057441064,2283,"tags=50%, list=20%, signal=40%","EEF2/GSTM2/GNAS/DMPK/HSP90AA1/C12orf57/GSTO1/FKBP1A/CHUK",0.380730400722792
"GO:0060485","mesenchyme development",96,0.395345831169202,1.68348759471955,0.00086150335257361,0.0761353587836927,0.0590301915784482,2836,"tags=39%, list=25%, signal=29%","FBXL17/SEMA4C/SOX8/NOG/ROCK1/QKI/CUL7/RGCC/AXIN2/NCLN/GSK3B/TRIM28/LRP6/DCHS1/TCOF1/EFNA1/CTNNB1/HDAC2/SEMA4B/CDC42/TGFBR1/PKD2/BCL9L/TGFB1/SMAD7/SOX4/PTEN/KLHL12/LEF1/KAT8/OTUD5/SDHAF2/TCF7L2/POLR1B/TAF10/PHACTR4/PDCD6",0.477270815362862
"GO:0043009","chordate embryonic development",87,0.393650434358542,1.68197268838998,0.00104874392548827,0.0855533025369468,0.0663322261772359,1807,"tags=34%, list=16%, signal=29%","ZNF358/LFNG/DVL1/SEMA4C/SOX8/NOG/FUT8/SRF/FURIN/ATP6AP2/BAP1/VPS54/LRP6/SKI/DVL2/TCOF1/XYLT1/HOXB4/DEAF1/SSBP3/KDM2B/CTNNB1/CHD7/ZNF568/TGFBR1/PKD2/TGFB1/PKD1/HDAC3/TET1",0.45505986738723
"GO:0035872","nucleotide-binding domain, leucine rich repeat containing receptor signaling pathway",20,-0.553775494227082,-1.67995032522558,0.00960611667114686,0.222572558358933,0.172567660676044,1554,"tags=40%, list=14%, signal=34%","CYLD/RIPK2/XIAP/NAGK/NOD1/BIRC3/PTPN22/TNFAIP3",0.380730400722792
"GO:0002286","T cell activation involved in immune response",72,-0.41687170710935,-1.67949676621639,0.00202516791728424,0.119316143126663,0.0925096420334599,815,"tags=21%, list=7%, signal=19%","IL18R1/PSMA6/RC3H1/IL12RB1/STAT4/MALT1/SOCS3/STAT3/JUNB/CEACAM1/IRF4/MYB/CD69/OPA1/NFKBIZ",0.431707695803346
"GO:0089718","amino acid import across plasma membrane",19,-0.548801823366677,-1.67861015454395,0.0171166257186614,0.26916879563644,0.208695221605267,2180,"tags=47%, list=20%, signal=38%","SLC38A2/ITGB1/SLC36A1/SLC6A6/RGS2/SLC7A1/SLC38A5/ARL6IP1/ARL6IP5",0.352487857583619
"GO:0006338","chromatin remodeling",487,0.313742314854832,1.67431021424749,1.89437575491208e-07,0.000401797097616852,0.000311526208412212,2480,"tags=32%, list=22%, signal=26%","UTY/KDM5D/SAMD1/TADA2B/YY1/MBD2/BPTF/MSL1/MBD3/CHD3/USP7/HIPK2/BRD4/PKN1/HIRA/HDAC1/SMARCC1/SETD3/RAD54L2/ZNF445/CSNK2A2/KMT2A/KMT5B/CDK9/CARM1/KMT2B/HDAC5/BRD1/WAC/YTHDC1/TDRD12/BCL7A/MIER2/MEN1/POLE3/VRK1/SET/BAP1/CBX1/GATAD2A/PHC2/CIZ1/TRIM28/LMNB1/L3MBTL2/SMARCA2/HDGF/CABIN1/MCM3AP/CTCF/CBX4/PAXIP1/ZNF512B/MTA3/DNMT3A/DPF2/HDGFL2/CBX3/KDM8/PKM/PBRM1/DEK/GLYR1/PSIP1/APEX1/PADI4/TP53BP1/ZNF304/SFPQ/TET3/BARD1/MTF2/SETD1A/PHF2/RPS6KA4/KDM2B/TFPT/PRKCB/SMARCD2/BCOR/SPIN1/CENPV/DNMT1/HDAC7/MGA/HDAC2/CHD7/APP/ZBTB7A/SART3/ACTR8/MCRS1/ACTR5/SIN3A/SUZ12/RBM15B/PML/TNRC18/CREBBP/HDAC3/ZNHIT1/KMT2E/TET1/REST/SIRT4/CFDP1/BRD3/SATB1/SIRT2/KAT2A/HDAC10/MLLT6/TRIM27/SCMH1/KMT5A/INO80E/KMT5C/NTMT1/BRD7/MYBBP1A/RRP8/ZNF274/HMGA1/BCORL1/HNRNPU/SSRP1/CDYL/ALKBH4/CBX6/PCID2/NAP1L1/PHC1/MBD1/RESF1/RBBP4/HP1BP3/SETD2/PCGF3/PWWP2A/BAZ1B/KAT8/JMJD6/NAA60/SMARCB1/RIF1/BMI1/UBN1/TAF6L/BAHD1/SUV39H2/ZFP57/USP36/BCL7C/NIPBL/PHF10/TFDP1/NRDE2",0.690132458796796
"GO:0017015","regulation of transforming growth factor beta receptor signaling pathway",74,0.403735195648669,1.67385256615507,0.00266393201538393,0.137881996652045,0.106904345203302,2984,"tags=47%, list=27%, signal=35%","HIPK2/HDAC1/FAM89B/STK11/NREP/GIPC1/CDKN1C/MEN1/GLG1/LTBP4/EID2/SKI/ING1/HSP90AB1/HDAC2/SNX6/ZEB2/ZBTB7A/SIN3A/BCL9L/CREBBP/SMAD7/TET1/STUB1/BRMS1L/FKBP1A/RBBP4/SMURF1/HSPA1A/SAP30/INTS9/PIN1/SNW1/SMURF2/PPARA",0.431707695803346
"GO:0071346","cellular response to type II interferon",45,-0.455756337300874,-1.67247192575533,0.00372185769980338,0.15788120362566,0.122410373386916,2359,"tags=38%, list=21%, signal=30%","SP100/NR1H2/GBP4/CASP1/GBP2/IRF1/CCL5/HLA-DPA1/GBP3/GBP5/CD47/IFNGR2/IL12RB1/NLRC5/TXK/PIM1/JAK2",0.431707695803346
"GO:0033151","V(D)J recombination",12,0.625804410940797,1.67145825359685,0.0104970378330392,0.234360181514485,0.181706983905658,88,"tags=17%, list=1%, signal=17%","YY1/TCF3",0.380730400722792
"GO:0046629","gamma-delta T cell activation",12,0.625637277535,1.6710118577171,0.0104970378330392,0.234360181514485,0.181706983905658,2243,"tags=67%, list=20%, signal=53%","CD247/CD3E/TCF7/TRDC/SOX4/JAML/CD3G/LEF1",0.380730400722792
"GO:0018107","peptidyl-threonine phosphorylation",21,0.535928237172329,1.67084112573961,0.0112987491305193,0.242406348589793,0.187945435940501,1846,"tags=52%, list=17%, signal=44%","STOX1/STK11/PRKCD/STK39/DMTN/AKT1/PARD3/CDK5R1/MAPK1/CDK10/SIRT2",0.380730400722792
"GO:0018210","peptidyl-threonine modification",21,0.535928237172329,1.67084112573961,0.0112987491305193,0.242406348589793,0.187945435940501,1846,"tags=52%, list=17%, signal=44%","STOX1/STK11/PRKCD/STK39/DMTN/AKT1/PARD3/CDK5R1/MAPK1/CDK10/SIRT2",0.380730400722792
"GO:0000729","DNA double-strand break processing",17,-0.577905613301407,-1.67075547696416,0.0144191437656707,0.257614825973673,0.199737057441064,1498,"tags=41%, list=13%, signal=36%","RAD50/UBE2N/BLM/SMARCAD1/ATM/NBN/SLX1B",0.380730400722792
"GO:0038095","Fc-epsilon receptor signaling pathway",16,-0.583670712755226,-1.66996269573828,0.0167972856865968,0.26916879563644,0.208695221605267,1632,"tags=44%, list=15%, signal=37%","MAP2K7/TRAF6/PRKCQ/SOS1/FCER1G/MAP2K4/NR4A3",0.352487857583619
"GO:0032814","regulation of natural killer cell activation",17,-0.5776308557545,-1.66996113846707,0.0145802498505162,0.257614825973673,0.199737057441064,1391,"tags=29%, list=12%, signal=26%","FLT3LG/RBX1/IL12RB1/PRDM1/PTPN22",0.380730400722792
"GO:0048568","embryonic organ development",81,0.391909871875935,1.66991227635389,0.00208988477000508,0.121188002447698,0.0939609547493102,1904,"tags=37%, list=17%, signal=31%","MBD2/ID3/DVL1/MBD3/HIPK2/STOX1/NOG/KMT2A/SRF/TPRN/NPHP3/PPP1R35/PBX3/DVL2/KCNQ1/HOXB4/RARG/KDM2B/CTNNB1/HSCB/CHD7/ZNF568/CDC42/TGFBR1/PKD2/TGFB1/PKD1/RPL10/REST/HIPK1",0.431707695803346
"GO:0046632","alpha-beta T cell differentiation",88,-0.393939444915324,-1.66886664000227,0.00172155384570644,0.110648960810405,0.0857896969153496,1265,"tags=25%, list=11%, signal=22%","MTOR/AP3B1/CBFB/SLAMF6/TBK1/ITK/IL18R1/PSMA6/RC3H1/IL12RB1/STAT4/SOCS1/PRDM1/MALT1/SOCS3/STAT3/JUNB/IRF4/MYB/CD69/OPA1/NFKBIZ",0.45505986738723
"GO:0035710","CD4-positive, alpha-beta T cell activation",90,-0.395142729899043,-1.66718919965996,0.00244028100662968,0.131033823166115,0.101594736116342,1265,"tags=24%, list=11%, signal=22%","MTOR/AP3B1/CBFB/SLAMF6/PRKCQ/TBK1/IL18R1/PSMA6/RC3H1/IL12RB1/STAT4/SOCS1/MALT1/SOCS3/CD55/STAT3/JUNB/IRF4/MYB/CD69/OPA1/NFKBIZ",0.431707695803346
"GO:0051132","NK T cell activation",15,0.59735789238807,1.66684081290443,0.0137750860423832,0.254060499964302,0.196981274206871,574,"tags=40%, list=5%, signal=38%","RASAL3/LCK/BAG6/HSPH1/ZBTB7B/ELF4",0.380730400722792
"GO:0031346","positive regulation of cell projection organization",180,0.349483481677323,1.66553041211572,0.000153422875911014,0.0242080358153213,0.0187692685073736,2614,"tags=37%, list=23%, signal=29%","DVL1/PTK2B/METRN/ENTR1/CARMIL2/GPC2/SEPTIN7/APBB1/TWF2/RAP2A/FMR1/RAB11FIP3/CUL7/AMIGO1/CORO1B/PPP1R35/MARK2/DVL3/GSK3B/CAMK1D/SEPTIN9/DVL2/LIMK1/ABI2/MARK4/RAPGEF2/CCR7/PLEK2/HSP90AA1/RAC2/TMEM216/DOCK11/SMAD1/RHOQ/RAPGEF1/ZFYVE27/SNX3/KCTD17/WASHC1/CDC42/MAP3K13/ARSB/CAPRIN2/HRAS/WASL/ATF1/KAT2A/GOLGA4/BCL11A/RAC1/NPTN/CCDC88A/LRP8/TOX/CAPRIN1/ARMCX5-GPRASP2/AP2A1/STAU2/KATNB1/MAPRE3/SMURF1/BRK1/P3H1/FIG4/TENM1/ARAP1/CBFA2T2",0.518848077743792
"GO:0014855","striated muscle cell proliferation",21,-0.536229200823151,-1.66367907177045,0.0113681509640104,0.242406348589793,0.187945435940501,1726,"tags=48%, list=15%, signal=40%","TGFBR3/RBPJ/BMPR1A/DIPK2A/CFLAR/PIM1/STAT3/JAK2/MYB/FOS",0.380730400722792
"GO:0021915","neural tube development",32,0.484291908558843,1.66217740507842,0.00964057555547687,0.222572558358933,0.172567660676044,1705,"tags=38%, list=15%, signal=32%","ZNF358/DVL1/SEMA4C/ATP6AP2/SKI/DVL2/DEAF1/SSBP3/KDM2B/PKD2/TGFB1/PKD1",0.380730400722792
"GO:0045664","regulation of neuron differentiation",46,0.436698166386775,1.66120647284489,0.00523051633721524,0.173481588170853,0.134505853110294,1968,"tags=41%, list=18%, signal=34%","GDF11/TCF3/ROCK1/NREP/NRCAM/RARA/BIN1/GSK3B/CDK5R1/MOSMO/DTX1/APP/SIN3A/NCOA1/MAP3K13/ARHGEF2/REST/EIF2AK4/BCL11A",0.407017918923954
"GO:0001657","ureteric bud development",16,0.566771127120729,1.66027496580661,0.0171323844464495,0.26916879563644,0.208695221605267,2227,"tags=56%, list=20%, signal=45%","SOX8/NOG/SMAD1/CAT/PKD2/TGFB1/SMAD7/HS3ST3B1/SMAD5",0.352487857583619
"GO:1990542","mitochondrial transmembrane transport",19,-0.542483639756742,-1.65928484126265,0.0187162657864566,0.283080522753393,0.219481430930607,1435,"tags=21%, list=13%, signal=18%","SFXN3/VDAC1/SLC25A20/CPT1A",0.352487857583619
"GO:0007179","transforming growth factor beta receptor signaling pathway",110,0.373796182287504,1.65694628905862,0.000687317996123359,0.0694191176084592,0.0538228738538746,2027,"tags=35%, list=18%, signal=29%","USP9Y/LTBP3/HIPK2/GDF11/HDAC1/FAM89B/STK11/NREP/GIPC1/RGCC/FURIN/CDKN1C/MEN1/GLG1/TGFBRAP1/LTBP4/EID2/SKI/ING1/APPL1/HSP90AB1/SMAD1/DUSP22/HDAC2/SNX6/ZEB2/ZBTB7A/SIN3A/TGFBR1/BCL9L/TGFB1/CREBBP/SMAD7/PARP1/TET1/STUB1/BRMS1L/FKBP1A",0.477270815362862
"GO:0010717","regulation of epithelial to mesenchymal transition",44,0.447280791024736,1.6564315098405,0.00629066501268443,0.178265075311067,0.138214644489371,2583,"tags=39%, list=23%, signal=30%","NOG/QKI/RGCC/AXIN2/GSK3B/EFNA1/CTNNB1/HDAC2/TGFBR1/BCL9L/TGFB1/SMAD7/PTEN/LEF1/KAT8/SDHAF2/TCF7L2",0.407017918923954
"GO:0035850","epithelial cell differentiation involved in kidney development",12,-0.628822547791958,-1.6562847044645,0.0183555816516696,0.280087688368283,0.217160990205851,1142,"tags=42%, list=10%, signal=37%","PRKX/PAX8/MTSS1/FOXJ1/NOTCH2",0.352487857583619
"GO:0061005","cell differentiation involved in kidney development",12,-0.628822547791958,-1.6562847044645,0.0183555816516696,0.280087688368283,0.217160990205851,1142,"tags=42%, list=10%, signal=37%","PRKX/PAX8/MTSS1/FOXJ1/NOTCH2",0.352487857583619
"GO:0010039","response to iron ion",17,-0.571159833153793,-1.65125307230047,0.0169874436377659,0.26916879563644,0.208695221605267,1507,"tags=35%, list=14%, signal=31%","BECN1/MDM2/ACO1/ATG5/TFRC/BCL2",0.352487857583619
"GO:0060491","regulation of cell projection assembly",127,0.363556556954923,1.65060725143855,0.000847123848516306,0.0761353587836927,0.0590301915784482,1819,"tags=31%, list=16%, signal=26%","TESK1/ENTR1/CARMIL2/SEPTIN7/TWF2/RAP2A/FMR1/RAB11FIP3/PRKCD/IFT140/PPP1R35/ODF2/DMTN/AKT1/GSK3B/SEPTIN9/ABI2/RAB3IP/MARK4/RAPGEF2/CCR7/PLEK2/EVL/RABEP2/HSP90AA1/RAC2/TMEM216/DOCK11/RHOQ/LUZP1/ABI3/KCTD17/CDK10/GDI2/WASHC1/CDC42/WAS/HRAS/WASL",0.477270815362862
"GO:0120032","regulation of plasma membrane bounded cell projection assembly",127,0.363556556954923,1.65060725143855,0.000847123848516306,0.0761353587836927,0.0590301915784482,1819,"tags=31%, list=16%, signal=26%","TESK1/ENTR1/CARMIL2/SEPTIN7/TWF2/RAP2A/FMR1/RAB11FIP3/PRKCD/IFT140/PPP1R35/ODF2/DMTN/AKT1/GSK3B/SEPTIN9/ABI2/RAB3IP/MARK4/RAPGEF2/CCR7/PLEK2/EVL/RABEP2/HSP90AA1/RAC2/TMEM216/DOCK11/RHOQ/LUZP1/ABI3/KCTD17/CDK10/GDI2/WASHC1/CDC42/WAS/HRAS/WASL",0.477270815362862
"GO:1902991","regulation of amyloid precursor protein catabolic process",31,0.47388612882953,1.64972107697153,0.0124411411960335,0.246633554364432,0.19122292449122,2027,"tags=35%, list=18%, signal=29%","CSNK1E/ROCK1/RELA/AGER/BIN1/GSK3A/ABCG1/EFNA1/APP/RANBP9/FKBP1A",0.380730400722792
"GO:0030317","flagellated sperm motility",54,-0.434557465867369,-1.64896838897104,0.00474515402596839,0.170015898117207,0.131818792182408,2741,"tags=43%, list=25%, signal=32%","ING2/PSME3/ARMC2/BBOF1/PSMB3/TUBB4B/CFAP20/PSMA3/EFHC1/PSMA5/DNAH1/PSMB7/NME7/PSME4/BBS2/TTC12/PSMA6/SLC9B1/ATP2B4/TUBA1A/SLC9B2/KIF9/EFHC2",0.407017918923954
"GO:0097722","sperm motility",54,-0.434557465867369,-1.64896838897104,0.00474515402596839,0.170015898117207,0.131818792182408,2741,"tags=43%, list=25%, signal=32%","ING2/PSME3/ARMC2/BBOF1/PSMB3/TUBB4B/CFAP20/PSMA3/EFHC1/PSMA5/DNAH1/PSMB7/NME7/PSME4/BBS2/TTC12/PSMA6/SLC9B1/ATP2B4/TUBA1A/SLC9B2/KIF9/EFHC2",0.407017918923954
"GO:0048278","vesicle docking",40,-0.455982624208722,-1.64881962488934,0.00699181673091652,0.190123631875307,0.1474089646714,1820,"tags=38%, list=16%, signal=31%","STX2/EXOC8/EXOC5/YKT6/STX7/STXBP1/EXOC6/EXOC4/STX16/EXOC1/STX12/BLOC1S6/EXOC7/STX8/RALB",0.407017918923954
"GO:0055078","sodium ion homeostasis",11,-0.647073083641999,-1.64867485825212,0.0152307762693821,0.259310805973349,0.201052005264172,1154,"tags=45%, list=10%, signal=41%","SLC12A2/CHP1/FXYD1/SLC9B2/FXYD7",0.380730400722792
"GO:0009792","embryo development ending in birth or egg hatching",93,0.381506978299952,1.64613878588669,0.0028117825413274,0.143705801690492,0.111419728497308,1807,"tags=33%, list=16%, signal=28%","ZNF358/LFNG/DVL1/SEMA4C/SOX8/NOG/FUT8/SRF/FURIN/ATP6AP2/BAP1/VPS54/LRP6/SKI/DVL2/UBR3/TCOF1/XYLT1/HOXB4/DEAF1/SSBP3/KDM2B/CTNNB1/CHD7/ZNF568/TGFBR1/PKD2/TGFB1/PKD1/HDAC3/TET1",0.431707695803346
"GO:0015866","ADP transport",10,0.660716554335933,1.64261478972853,0.0164005638487761,0.26916879563644,0.208695221605267,2542,"tags=80%, list=23%, signal=62%","SLC25A5/SLC25A17/SLC17A9/SLC25A24/SLC25A23/SLC25A6/SLC25A25/SLC25A42",0.352487857583619
"GO:1900271","regulation of long-term synaptic potentiation",21,0.526231225721975,1.64060915734491,0.0142311978164581,0.257614825973673,0.199737057441064,1891,"tags=43%, list=17%, signal=36%","ADORA2A/ZDHHC2/AGER/GSK3B/YTHDF1/APP/FXR1/PRKAR1B/EIF2AK4",0.380730400722792
"GO:0034312","diol biosynthetic process",15,-0.580221561464055,-1.63996742483579,0.0149507324944672,0.259310805973349,0.201052005264172,2273,"tags=53%, list=20%, signal=43%","QDPR/ABCA2/GCH1/PCBD1/AGK/SPTLC2/ASAH2B/DHFR",0.380730400722792
"GO:0006942","regulation of striated muscle contraction",31,0.470666979002026,1.63851437773034,0.0136941851490308,0.254060499964302,0.196981274206871,2985,"tags=61%, list=27%, signal=45%","GRK2/GSTM2/BIN1/GNAS/DMPK/P2RX4/KCNQ1/HSP90AA1/C12orf57/GSTO1/SUMO1/SMAD7/FKBP1A/RANGRF/AKAP9/PIK3CG/EHD3/DLG1/CALM3",0.380730400722792
"GO:0009595","detection of biotic stimulus",14,-0.582935536099928,-1.63826589823679,0.0392522994898697,0.39178412808477,0.303762831195757,2829,"tags=57%, list=25%, signal=43%","NAIP/TSPO/HLA-B/LY96/HLA-A/NOD1/NR4A1/PAK1",0.321775918075361
"GO:0046598","positive regulation of viral entry into host cell",10,0.657601976198725,1.6348716023082,0.017094761263327,0.26916879563644,0.208695221605267,394,"tags=30%, list=4%, signal=29%","SMPD1/FURIN/TRIM11",0.352487857583619
"GO:0075294","positive regulation by symbiont of entry into host",10,0.657601976198725,1.6348716023082,0.017094761263327,0.26916879563644,0.208695221605267,394,"tags=30%, list=4%, signal=29%","SMPD1/FURIN/TRIM11",0.352487857583619
"GO:0035107","appendage morphogenesis",26,0.490697921110228,1.63388076542286,0.0191153824374011,0.286528099998076,0.222154448415339,1749,"tags=35%, list=16%, signal=29%","ZNF358/HDAC1/NOG/VPS54/SKI/RARG/CTNNB1/HDAC2/CREBBP",0.352487857583619
"GO:0035108","limb morphogenesis",26,0.490697921110228,1.63388076542286,0.0191153824374011,0.286528099998076,0.222154448415339,1749,"tags=35%, list=16%, signal=29%","ZNF358/HDAC1/NOG/VPS54/SKI/RARG/CTNNB1/HDAC2/CREBBP",0.352487857583619
"GO:0032435","negative regulation of proteasomal ubiquitin-dependent protein catabolic process",35,0.462276048915602,1.63327105630687,0.0116437425025319,0.242406348589793,0.187945435940501,1207,"tags=31%, list=11%, signal=28%","USP7/BAG6/CSNK2A2/GIPC1/WAC/TLK2/CCAR2/CBX4/RPL11/HSP90AB1/DDRGK1",0.380730400722792
"GO:1903564","regulation of protein localization to cilium",11,0.644205916550394,1.63243248489983,0.0228153701395031,0.307246984545309,0.238218465760941,2110,"tags=45%, list=19%, signal=37%","ENTR1/GRK2/GSK3B/GDI2/CCDC88A",0.352487857583619
"GO:0010634","positive regulation of epithelial cell migration",21,-0.525964000405432,-1.63183075191717,0.0143996082813968,0.257614825973673,0.199737057441064,3313,"tags=67%, list=30%, signal=47%","MAPRE2/RREB1/PRKCE/HIF1A/CLASP1/CTSH/RTN4/RAB11A/ARF6/MTOR/CAPN7/IQSEC1/CLASP2/HDAC6",0.380730400722792
"GO:0050853","B cell receptor signaling pathway",39,-0.458620972620187,-1.63057156285714,0.00940845613183512,0.222572558358933,0.172567660676044,1016,"tags=28%, list=9%, signal=26%","LPXN/TEC/ITK/SOS1/IGHA1/NFKBIA/CTLA4/NFKB1/PTPN22/BCL2/NFKBIZ",0.380730400722792
"GO:0070167","regulation of biomineral tissue development",33,0.475557001080428,1.6297997438865,0.0127378235082667,0.250156700565127,0.19395453301725,1696,"tags=30%, list=15%, signal=26%","RFLNB/PTK2B/ROCK1/BMP2K/ANKH/SLC4A2/BCOR/RXRA/ACVR2B/TGFB1",0.380730400722792
"GO:0046426","negative regulation of receptor signaling pathway via JAK-STAT",21,-0.524652191090096,-1.62776079507646,0.014736437427979,0.257614825973673,0.199737057441064,2294,"tags=38%, list=21%, signal=30%","BCL3/PIAS3/SH2B3/PIAS2/SOCS1/CISH/SOCS3/SOCS2",0.380730400722792
"GO:1904893","negative regulation of receptor signaling pathway via STAT",21,-0.524652191090096,-1.62776079507646,0.014736437427979,0.257614825973673,0.199737057441064,2294,"tags=38%, list=21%, signal=30%","BCL3/PIAS3/SH2B3/PIAS2/SOCS1/CISH/SOCS3/SOCS2",0.380730400722792
"GO:0042982","amyloid precursor protein metabolic process",50,0.430801668160617,1.62776004210499,0.0060527827222888,0.178265075311067,0.138214644489371,1666,"tags=28%, list=15%, signal=24%","CSNK1E/ITM2C/ROCK1/RELA/AGO2/AGER/BIN1/CLN3/GSK3A/ABCG1/EFNA1/APP/NECAB3/RANBP9",0.407017918923954
"GO:0042149","cellular response to glucose starvation",42,-0.449429777673985,-1.62757369514853,0.00591895056601446,0.177827529545218,0.137875401189083,2763,"tags=40%, list=25%, signal=31%","EIF2AK3/MTMR3/PRKAA1/SH3GLB1/FOXO3/XBP1/PRKAG1/YWHAZ/BECN1/PIK3C3/ATG14/UPP1/SESN3/CPEB4/SESN2/ATF4/PMAIP1",0.407017918923954
"GO:0035338","long-chain fatty-acyl-CoA biosynthetic process",11,-0.637560475963288,-1.62443772412805,0.0206857973892106,0.294211441813344,0.228111590360471,1963,"tags=45%, list=18%, signal=37%","TECR/ELOVL5/ACSL4/ACSL6/ACSL5",0.352487857583619
"GO:0030032","lamellipodium assembly",36,0.452401834163535,1.62397703387922,0.0139539832637128,0.255141366399439,0.197819304706183,2476,"tags=39%, list=22%, signal=30%","CARMIL2/TWF2/DMTN/ABI2/HSP90AA1/RAC2/ABI3/CDC42/ARFIP2/WAS/RAC1/CCDC88A/ARHGEF6/BRK1",0.380730400722792
"GO:2000516","positive regulation of CD4-positive, alpha-beta T cell activation",24,-0.504703802476916,-1.62266783832576,0.0205412282112413,0.294211441813344,0.228111590360471,1499,"tags=38%, list=13%, signal=33%","BRD2/AP3B1/PRKCQ/IL12RB1/SOCS1/MALT1/CD55/OPA1/NFKBIZ",0.352487857583619
"GO:0050869","negative regulation of B cell activation",13,-0.607313172350981,-1.62210920380602,0.0240174698500763,0.313495156421045,0.243062874308193,1976,"tags=69%, list=18%, signal=57%","ID2/CR1/CD300A/PARP3/ATM/FOXJ1/RC3H1/CTLA4/TNFAIP3",0.352487857583619
"GO:1905089","regulation of type 2 mitophagy",12,-0.615008964193253,-1.61990046966135,0.022254019420211,0.304262966870326,0.235904860915023,1107,"tags=33%, list=10%, signal=30%","VPS13C/VDAC1/PRKN/HDAC6",0.352487857583619
"GO:0001823","mesonephros development",18,0.53631805335945,1.61979314812017,0.0240161498196168,0.313495156421045,0.243062874308193,2227,"tags=56%, list=20%, signal=45%","SOX8/NOG/SMAD1/CAT/PKD2/TGFB1/PKD1/SMAD7/HS3ST3B1/SMAD5",0.352487857583619
"GO:0006937","regulation of muscle contraction",46,0.425404302666503,1.61824444332511,0.0081002955185386,0.20699670837133,0.160491203384004,2985,"tags=52%, list=27%, signal=38%","GRK2/SETD3/SRF/GSTM2/BIN1/GNAS/DMPK/P2RX4/KCNQ1/HSP90AA1/CACNB1/C12orf57/GSTO1/SUMO1/SMAD7/STUB1/FKBP1A/RANGRF/MAP2K1/AKAP9/PIK3CG/EHD3/DLG1/CALM3",0.380730400722792
"GO:0030511","positive regulation of transforming growth factor beta receptor signaling pathway",20,0.538831927348543,1.61795138103896,0.013374979808787,0.253288680128903,0.19638285747284,1749,"tags=40%, list=16%, signal=34%","HIPK2/STK11/GIPC1/CDKN1C/MEN1/HSP90AB1/ZEB2/CREBBP",0.380730400722792
"GO:1903846","positive regulation of cellular response to transforming growth factor beta stimulus",20,0.538831927348543,1.61795138103896,0.013374979808787,0.253288680128903,0.19638285747284,1749,"tags=40%, list=16%, signal=34%","HIPK2/STK11/GIPC1/CDKN1C/MEN1/HSP90AB1/ZEB2/CREBBP",0.380730400722792
"GO:0046634","regulation of alpha-beta T cell activation",59,-0.416153376983151,-1.61792911590216,0.00435793140687438,0.170015898117207,0.131818792182408,1798,"tags=34%, list=16%, signal=29%","ZBTB16/IRF1/HLA-A/BRD2/CD300A/AP3B1/CBFB/PRKCQ/RC3H1/IL12RB1/SOCS1/PRDM1/MALT1/CD55/JUNB/JAK2/IRF4/CD69/OPA1/NFKBIZ",0.407017918923954
"GO:0046637","regulation of alpha-beta T cell differentiation",41,-0.454804032460306,-1.61769889090624,0.0059042687403293,0.177827529545218,0.137875401189083,1220,"tags=29%, list=11%, signal=26%","AP3B1/CBFB/RC3H1/IL12RB1/SOCS1/PRDM1/MALT1/JUNB/IRF4/CD69/OPA1/NFKBIZ",0.407017918923954
"GO:0031958","nuclear receptor-mediated corticosteroid signaling pathway",10,-0.648004923598207,-1.61550466274232,0.0173236534291155,0.270367485377769,0.209624604302139,2819,"tags=70%, list=25%, signal=52%","YWHAH/CRY2/CALR/NR3C1/PER1/CLOCK/JAK2",0.352487857583619
"GO:1904752","regulation of vascular associated smooth muscle cell migration",11,-0.634005917561217,-1.61538107934119,0.0219300330987289,0.302672991905122,0.234672102203429,2024,"tags=55%, list=18%, signal=45%","XBP1/MDM2/PTPN1/NR4A3/ADAMTS1/PAK1",0.352487857583619
"GO:1902003","regulation of amyloid-beta formation",26,0.484697232603451,1.61390022523974,0.0205445297510328,0.294211441813344,0.228111590360471,1121,"tags=27%, list=10%, signal=24%","CSNK1E/ROCK1/RELA/BIN1/GSK3A/ABCG1/EFNA1",0.352487857583619
"GO:0001837","epithelial to mesenchymal transition",68,0.39434209167217,1.61367558320153,0.00476295587307679,0.170015898117207,0.131818792182408,2598,"tags=35%, list=23%, signal=27%","NOG/ROCK1/QKI/CUL7/RGCC/AXIN2/GSK3B/TRIM28/LRP6/TCOF1/EFNA1/CTNNB1/HDAC2/TGFBR1/BCL9L/TGFB1/SMAD7/PTEN/KLHL12/LEF1/KAT8/SDHAF2/TCF7L2/POLR1B",0.407017918923954
"GO:0034311","diol metabolic process",19,-0.527297760974074,-1.61283607005799,0.0276742956536077,0.328835748354633,0.254956928466908,2516,"tags=47%, list=23%, signal=37%","NAAA/QDPR/ABCA2/GCH1/PCBD1/AGK/SPTLC2/ASAH2B/DHFR",0.352487857583619
"GO:0002295","T-helper cell lineage commitment",22,-0.512699608729039,-1.61179608276049,0.0252107113985124,0.316401886841685,0.24531655586087,1499,"tags=41%, list=13%, signal=35%","BRD2/MTOR/SLAMF6/IL12RB1/SOCS3/STAT3/IRF4/CD69/OPA1",0.352487857583619
"GO:0072540","T-helper 17 cell lineage commitment",19,-0.526787974835644,-1.61127679646927,0.0283141567155425,0.333635146631475,0.25867805626179,543,"tags=32%, list=5%, signal=30%","IL12RB1/SOCS3/STAT3/IRF4/CD69/OPA1",0.352487857583619
"GO:0009790","embryo development",245,0.32499249326852,1.60987559525811,0.000151708765329914,0.0242080358153213,0.0187692685073736,1904,"tags=29%, list=17%, signal=25%","ZNF358/YY1/MBD2/LFNG/ID3/DVL1/MBD3/HIPK2/STOX1/ITGB2/SEMA4C/HDAC1/SEPTIN7/BAG6/SOX8/NOG/NLRP2/ROCK1/FUT8/KMT2A/SRF/TPRN/FURIN/LEO1/ATP6AP2/NPHP3/PPP1R35/PBX3/BAP1/VPS54/LRP6/SKI/DVL2/UBR3/ZNF281/TCOF1/KCNQ1/YBX1/POGLUT1/NR2C2/XYLT1/HOXB4/SMAD1/DEAF1/RARG/SSBP3/KDM2B/TFPT/PLCB1/CTNNB1/HSCB/HDAC2/CHD7/ZNF568/ACTR8/MCRS1/CDC42/TGFBR1/PKD2/TGFB1/PKD1/RACK1/CREBBP/RPL10/HDAC3/TET1/REST/ZBED3/BRD3/KAT2A/HIPK1",0.518848077743792
"GO:1903844","regulation of cellular response to transforming growth factor beta stimulus",75,0.387975916651504,1.60985818276411,0.00471399893940013,0.170015898117207,0.131818792182408,2984,"tags=47%, list=27%, signal=34%","HIPK2/HDAC1/FAM89B/STK11/NREP/GIPC1/CDKN1C/MEN1/GLG1/LTBP4/EID2/SKI/ING1/HSP90AB1/HDAC2/SNX6/ZEB2/ZBTB7A/SIN3A/BCL9L/CREBBP/SMAD7/TET1/STUB1/BRMS1L/FKBP1A/RBBP4/SMURF1/HSPA1A/SAP30/INTS9/PIN1/SNW1/SMURF2/PPARA",0.407017918923954
"GO:0061621","canonical glycolysis",16,0.54886574102226,1.60782369779052,0.025820667147411,0.317901017110582,0.246478879758567,1840,"tags=44%, list=17%, signal=37%","FOXK2/ENO3/TPI1/HK1/PKM/ENO2/PFKM",0.352487857583619
"GO:0061718","glucose catabolic process to pyruvate",16,0.54886574102226,1.60782369779052,0.025820667147411,0.317901017110582,0.246478879758567,1840,"tags=44%, list=17%, signal=37%","FOXK2/ENO3/TPI1/HK1/PKM/ENO2/PFKM",0.352487857583619
"GO:0050679","positive regulation of epithelial cell proliferation",62,-0.408206125777171,-1.6075333633282,0.0071236331508555,0.191064301632224,0.148138296178468,2116,"tags=31%, list=19%, signal=25%","PRKD2/XBP1/ZNF580/RTN4/AKT3/RPTOR/ARNT/RICTOR/NME1/CFLAR/NR4A3/NUS1/NR4A1/ITGA4/NOTCH2/STAT3/TNFAIP3/AREG/NEAT1",0.407017918923954
"GO:0061620","glycolytic process through glucose-6-phosphate",17,0.542144705273023,1.60648741420554,0.0254924383277405,0.316981327380094,0.245765814740543,1840,"tags=41%, list=17%, signal=34%","FOXK2/ENO3/TPI1/HK1/PKM/ENO2/PFKM",0.352487857583619
"GO:0071354","cellular response to interleukin-6",17,-0.553475626269788,-1.60012710150667,0.0223851847290799,0.304262966870326,0.235904860915023,285,"tags=29%, list=3%, signal=29%","SELPLG/NFKB1/SOCS3/STAT3/JAK2",0.352487857583619
"GO:0045682","regulation of epidermis development",22,0.505139467824986,1.59978424932564,0.0248203931096492,0.316401886841685,0.24531655586087,686,"tags=23%, list=6%, signal=21%","ROCK1/MAFG/KRT10/ZFP36L1/TRIM16",0.352487857583619
"GO:0090313","regulation of protein targeting to membrane",19,-0.522908019571779,-1.59940924787924,0.0318333950585565,0.349837465902582,0.271240235331648,763,"tags=32%, list=7%, signal=29%","CHP1/STOM/ITGB1BP1/TCAF2/PAK1/ANK3",0.321775918075361
"GO:1903533","regulation of protein targeting",19,-0.522908019571779,-1.59940924787924,0.0318333950585565,0.349837465902582,0.271240235331648,763,"tags=32%, list=7%, signal=29%","CHP1/STOM/ITGB1BP1/TCAF2/PAK1/ANK3",0.321775918075361
"GO:1902459","positive regulation of stem cell population maintenance",42,0.443567976939252,1.59826104592272,0.00527560699529468,0.173481588170853,0.134505853110294,2459,"tags=43%, list=22%, signal=34%","HDAC1/SMARCC1/LBH/BCL7A/SMARCA2/ING1/ZNF322/DPF2/HDAC2/SIN3A/BCLAF3/TET1/REST/BRMS1L/RBBP4/SMARCB1/BCL7C/PHF10",0.407017918923954
"GO:1904779","regulation of protein localization to centrosome",12,0.598361079366161,1.59815997978369,0.0217311686659317,0.302241368789778,0.234337450924503,2449,"tags=50%, list=22%, signal=39%","RAB11FIP3/GSK3B/MARK4/PARD6A/CEP250/CEP72",0.352487857583619
"GO:0048489","synaptic vesicle transport",37,-0.451733125896206,-1.59782919415543,0.0170599103438683,0.26916879563644,0.208695221605267,2084,"tags=38%, list=19%, signal=31%","AP3S2/CDK5/PDZD11/DTNBP1/AP3B1/BTBD8/TMEM230/HTT/BLOC1S6/LIN7C/PRKN/SPG11/BORCS5/AP3M2",0.352487857583619
"GO:0001503","ossification",143,0.343698332422619,1.59679336629985,0.00266532855385848,0.137881996652045,0.106904345203302,2243,"tags=31%, list=20%, signal=25%","RFLNB/GIT1/PTK2B/CHSY1/SOX8/NOG/BMP2K/RSL1D1/SUFU/ANKH/MEN1/INPPL1/AKT1/GSK3B/LRP5/SYNCRIP/HEMGN/SKI/SUN1/ALYREF/TMEM53/IL6R/XYLT1/SMAD1/CAT/BCOR/CTNNB1/VCAN/HDAC7/RXRA/ACVR2B/MESD/SND1/EXT2/SMAD7/REST/HSD17B4/MYBBP1A/PTEN/HNRNPU/DNAJC13/ZBTB40/SETD2/SMAD5/LEF1",0.431707695803346
"GO:0070199","establishment of protein localization to chromosome",17,0.538481219057093,1.59563174331036,0.0276316304027546,0.328835748354633,0.254956928466908,2561,"tags=41%, list=23%, signal=32%","USP7/CCT6A/TCP1/WRAP53/PARP1/NIPBL/RUVBL2",0.352487857583619
"GO:0048168","regulation of neuronal synaptic plasticity",21,0.51169880151125,1.59530202414349,0.0192084672637674,0.286909570890498,0.222450215063333,2304,"tags=48%, list=21%, signal=38%","NCDN/NOG/FMR1/ZDHHC2/CLN3/APP/FXR1/NSMF/NPTN/RAB3A",0.352487857583619
"GO:0008625","extrinsic apoptotic signaling pathway via death domain receptors",51,-0.420825386673694,-1.59461235607157,0.00788101859373435,0.205099882666387,0.159020533427988,953,"tags=24%, list=9%, signal=22%","BCL2L1/FEM1B/CFLAR/CASP8/BIRC3/FAS/DDX47/TNFRSF10B/PMAIP1/TNFAIP3/BCL2/TRADD",0.380730400722792
"GO:2000318","positive regulation of T-helper 17 type immune response",12,-0.605323425466296,-1.59438928259548,0.0274519549844144,0.328031529701087,0.254333391887477,1499,"tags=50%, list=13%, signal=43%","BRD2/PRKCQ/IL12RB1/MALT1/OPA1/NFKBIZ",0.352487857583619
"GO:0009887","animal organ morphogenesis",180,0.334381082434027,1.59355703839602,0.000509477447958732,0.0568737719537089,0.044096064008245,2140,"tags=36%, list=19%, signal=29%","RFLNB/LFNG/ID3/DVL1/HIPK2/ZNF22/STOX1/HDAC1/RFNG/SOX8/NOG/TLE2/SRF/TPRN/ROGDI/AXIN2/SLC4A2/DGCR2/NPHP3/PPP1R35/PBX3/INPPL1/POR/LRP5/SOX12/SKI/DVL2/ABI2/GSK3A/DCHS1/FLI1/EVL/KCNQ1/MSN/HOXB4/EFNA1/RARG/KDM2B/BCOR/CTNNB1/HCCS/HDAC2/CHD7/NACA/C12orf57/CDC42/TGFBR1/PKD2/PML/TGFB1/PKD1/HRAS/SMAD7/REST/KLHL3/HS3ST3B1/HIPK1/TLE3/SOX4/FKBP1A/PTEN/RAC1/BTBD7/TOPORS",0.477270815362862
"GO:0001783","B cell apoptotic process",10,-0.637892225942503,-1.59029326446316,0.0490196078431373,0.445270185161859,0.345232290937932,3306,"tags=60%, list=30%, signal=42%","NOC2L/MIF/CD74/IRS2/FNIP1/NFKBIZ",0.287857117255149
"GO:0060078","regulation of postsynaptic membrane potential",28,0.470488437296758,1.5902053093846,0.0213444876147398,0.297839856781994,0.230924817146911,2244,"tags=43%, list=20%, signal=34%","DVL1/PTK2B/ADORA2A/AKT1/GSK3B/GSK3A/P2RX4/APP/PRKAR1B/SSH1/PTEN/STX1A",0.352487857583619
"GO:1902017","regulation of cilium assembly",59,0.405575918402567,1.59009602052583,0.00397037980817177,0.166755951943214,0.12929125109952,1451,"tags=29%, list=13%, signal=25%","TESK1/ENTR1/SEPTIN7/RAB11FIP3/IFT140/PPP1R35/ODF2/AKT1/GSK3B/SEPTIN9/MARK4/RABEP2/TMEM216/LUZP1/KCTD17/CDK10/GDI2",0.407017918923954
"GO:0060291","long-term synaptic potentiation",35,0.449960672127493,1.58975950405856,0.0173361518205453,0.270367485377769,0.209624604302139,2088,"tags=37%, list=19%, signal=30%","PTK2B/ADORA2A/NOG/ZDHHC2/AGER/GSK3B/YTHDF1/APP/FXR1/PRKAR1B/EIF2AK4/RGS14/NPTN",0.352487857583619
"GO:0006760","folic acid-containing compound metabolic process",18,-0.541457951539339,-1.58823230907606,0.0246709964975514,0.316176335778287,0.245141678869472,2459,"tags=56%, list=22%, signal=43%","DHFR2/MTHFD1/GCH1/FPGS/MTHFD2/MTHFS/DHFR/MTHFD1L/MTRR/MTR",0.352487857583619
"GO:0060259","regulation of feeding behavior",10,-0.63677389714915,-1.58750522178887,0.0490196078431373,0.445270185161859,0.345232290937932,2411,"tags=70%, list=22%, signal=55%","POMC/CFAP20/GPR171/OPN3/NR4A3/PCSK1N/STAT3",0.287857117255149
"GO:0007215","glutamate receptor signaling pathway",12,0.594350578460385,1.5874483505225,0.0252080865978123,0.316401886841685,0.24531655586087,2045,"tags=67%, list=18%, signal=54%","PTK2B/FMR1/CLN3/CDK5R1/CAPN1/PLCB1/APP/FYN",0.352487857583619
"GO:0042987","amyloid precursor protein catabolic process",40,0.42665553191859,1.58629930989739,0.0156665266065841,0.264770541295337,0.205285113601393,1666,"tags=28%, list=15%, signal=23%","CSNK1E/ROCK1/RELA/AGER/BIN1/CLN3/GSK3A/ABCG1/EFNA1/APP/RANBP9",0.352487857583619
"GO:0009267","cellular response to starvation",133,-0.353341377235144,-1.58473727397152,0.00358690484427616,0.15788120362566,0.122410373386916,3004,"tags=38%, list=27%, signal=28%","MAP1LC3B/STK26/FLCN/WDR59/VAMP8/STX4/EIF2AK3/WRN/WDR45B/AMBRA1/TSC2/MTMR3/RIPOR1/DEPDC5/SEH1L/PRKAA1/SH3GLB1/ATG7/SLC38A2/FOXO3/GPR155/XBP1/LAMP2/PRKAG1/SRD5A1/FNIP1/WDR45/YWHAZ/BECN1/RPTOR/MTOR/GCN1/PIK3C3/ATG5/ATG14/UPP1/SESN3/SAR1A/YME1L1/CPEB4/XPR1/GABARAPL1/FAS/SESN2/KLF10/ATF4/PMAIP1/MAP3K5/PAK1/SREBF2/FOS",0.431707695803346
"GO:0032729","positive regulation of type II interferon production",46,-0.426242153413625,-1.5845826476029,0.0117527494786646,0.242406348589793,0.187945435940501,1082,"tags=24%, list=10%, signal=22%","SLAMF6/HLA-DPA1/IL18R1/CEBPG/HLA-DPB1/PSMA6/IL12RB1/BTN3A1/PDE4B/TXK/PTPN22",0.380730400722792
"GO:0060349","bone morphogenesis",12,0.593208263061377,1.58439734533861,0.0255557788693994,0.316981327380094,0.245765814740543,2361,"tags=58%, list=21%, signal=46%","INPPL1/POR/LRP5/SKI/RARG/TGFB1/ATG9B",0.352487857583619
"GO:0006814","sodium ion transport",73,-0.392677452809259,-1.58112703545504,0.00438168075040376,0.170015898117207,0.131818792182408,1752,"tags=27%, list=16%, signal=23%","SLC4A7/SLC41A1/SLC6A6/SLMAP/SLC12A2/UTRN/PER1/SLC4A5/OXSR1/CHP1/MCOLN3/SLC38A5/SLC9B1/ATP2B4/FXYD1/SGK1/SLC9B2/SLC9A8/FXYD7/ANK3",0.407017918923954
"GO:0034341","response to type II interferon",73,-0.392589458657312,-1.58077272447637,0.00438168075040376,0.170015898117207,0.131818792182408,3101,"tags=42%, list=28%, signal=31%","TNF/PDE12/CD200/PSMA7/SLC22A5/NR1H3/PSMB9/PSMB3/CD74/SP100/NR1H2/PSMA3/NUB1/PSMA5/GCH1/GBP4/CASP1/GBP2/IRF1/CCL5/HLA-DPA1/GBP3/GBP5/CD47/PSMA6/IFNGR2/IL12RB1/NLRC5/TXK/PIM1/JAK2",0.407017918923954
"GO:1905954","positive regulation of lipid localization",39,-0.444017055943437,-1.57864909820534,0.0128871421926997,0.250767234777211,0.194427899821851,537,"tags=18%, list=5%, signal=17%","ABCA1/ACSL5/ATP8A1/NFKB1/MYB/ANXA2/SREBF2",0.380730400722792
"GO:0140115","export across plasma membrane",32,-0.467668615713634,-1.57746826259924,0.0131181432386345,0.252941652810398,0.196113796035138,609,"tags=22%, list=5%, signal=21%","SLC38A5/ABCA1/SLC40A1/FXYD1/ABCC1/PIM1/FXYD7",0.380730400722792
"GO:0014033","neural crest cell differentiation",19,0.519238722664012,1.57660762213863,0.0365810744692297,0.378284037184227,0.293295776663978,2836,"tags=58%, list=25%, signal=43%","FBXL17/SEMA4C/SOX8/LRP6/TCOF1/SEMA4B/CDC42/KLHL12/OTUD5/PHACTR4/PDCD6",0.321775918075361
"GO:0046128","purine ribonucleoside metabolic process",12,-0.598527080328495,-1.57648807574861,0.0297260559080704,0.338787272351323,0.26267266498417,788,"tags=33%, list=7%, signal=31%","BLOC1S6/DGUOK/ADK/MTAP",0.352487857583619
"GO:0050673","epithelial cell proliferation",122,-0.360064887988138,-1.5757783099552,0.0030050076587946,0.148656907397793,0.115258479940741,2024,"tags=29%, list=18%, signal=24%","XBP1/RUNX3/ZNF580/ID2/RTN4/AKT3/CEBPB/ZFP36/TGFBR3/NLRC3/ERN1/RPTOR/PRKX/SYNJ2BP/FBXW7/ARNT/MTSS1/RICTOR/NME1/CFLAR/NR4A3/SERPINB1/NUS1/CDK6/NR4A1/ITGB1BP1/ITGA4/NOTCH2/ALOX5/STAT3/CEACAM1/TNFAIP3/AREG/NEAT1/NFKBIZ",0.431707695803346
"GO:1902004","positive regulation of amyloid-beta formation",15,0.563523616492734,1.57243115889959,0.028586957317375,0.335916545541011,0.260446898188172,1121,"tags=33%, list=10%, signal=30%","CSNK1E/RELA/GSK3A/ABCG1/EFNA1",0.352487857583619
"GO:0048167","regulation of synaptic plasticity",78,0.373746021630598,1.57170782313665,0.00446748840940652,0.170015898117207,0.131818792182408,2304,"tags=37%, list=21%, signal=30%","PTK2B/ADORA2A/NCDN/NOG/FMR1/GIPC1/CD38/RARA/ZDHHC2/AGER/GSK3B/CLN3/RAPGEF2/SYNGAP1/CTNNB1/YTHDF1/APP/FXR1/PRKAR1B/SSH1/KAT2A/EIF2AK4/NSMF/RGS14/PTEN/CALHM2/NPTN/STAU2/RAB3A",0.407017918923954
"GO:0048143","astrocyte activation",12,0.58581945981791,1.56466262319606,0.027294241266158,0.327594912465221,0.253994868506339,1501,"tags=50%, list=13%, signal=43%","ADORA2A/NR1D1/TNFRSF1A/AGER/ZEB2/APP",0.352487857583619
"GO:0099565","chemical synaptic transmission, postsynaptic",30,0.45630800331852,1.56433702047491,0.0223820327751259,0.304262966870326,0.235904860915023,2244,"tags=40%, list=20%, signal=32%","DVL1/PTK2B/ADORA2A/AKT1/GSK3B/GSK3A/P2RX4/APP/PRKAR1B/SSH1/PTEN/STX1A",0.352487857583619
"GO:0031344","regulation of cell projection organization",315,0.306943508326054,1.56326108577856,9.34648154928132e-05,0.0188798927295483,0.0146381878618597,2268,"tags=31%, list=20%, signal=26%","TESK1/PRAG1/DVL1/PTK2B/METRN/ENTR1/ITM2C/CARMIL2/GPC2/SEPTIN7/APBB1/TWF2/RAP2A/FMR1/RAB11FIP3/FKBP4/PRKCD/GFI1/CUL7/DENND5A/CARM1/IFT140/AMIGO1/CD38/CORO1B/ARHGAP32/PPP1R35/MARK2/DVL3/ODF2/DMTN/AKT1/GSK3B/CAMK1D/SEPTIN9/DVL2/LIMK1/ABI2/GSK3A/RAB3IP/MARK4/CDK5R1/RAPGEF2/CCR7/STK24/PLEK2/EVL/ULK1/RABEP2/HSP90AA1/RAC2/TMEM216/DOCK11/ABHD17B/SMAD1/RHOQ/EFNA1/LUZP1/CAMSAP2/RAPGEF1/MBOAT1/ABI3/ZFYVE27/SNX3/KCTD17/YTHDF1/CDK10/GDI2/HDAC2/WASHC1/APP/CDC42/MAP3K13/ARSB/CAPRIN2/WAS/HRAS/WASL/ATF1/KAT2A/GOLGA4/NSMF/GLCE/BCL11A/PTEN/FYN/STMN3/RAC1/NPTN/CCDC88A/KCTD12/LRP8/TOX/TCHP/CAPRIN1/ARMCX5-GPRASP2/RAB29/AP2A1/STAU2",0.538434096309916
"GO:0032735","positive regulation of interleukin-12 production",16,0.533453191454091,1.56267483790191,0.0366543630099768,0.378284037184227,0.293295776663978,1508,"tags=44%, list=14%, signal=38%","LAPTM5/AGER/CD40LG/IL16/CCR7/PLCB1/HSPD1",0.321775918075361
"GO:0071559","response to transforming growth factor beta",131,0.340487003692568,1.56210372432521,0.00319626814627769,0.154074653142159,0.119459032408377,2027,"tags=32%, list=18%, signal=27%","USP9Y/LTBP3/HIPK2/GDF11/HDAC1/FAM89B/ROCK1/KMT2A/STK11/NREP/GIPC1/RGCC/FURIN/CDKN1C/MEN1/GLG1/ZFP36L1/TGFBRAP1/LTBP4/EID2/SKI/ING1/APPL1/HSP90AB1/SMAD1/DUSP22/HDAC2/SNX6/ZEB2/ZBTB7A/SIN3A/TGFBR1/BCL9L/TGFB1/CREBBP/SMAD7/PARP1/TET1/STK16/STUB1/BRMS1L/FKBP1A",0.431707695803346
"GO:0070633","transepithelial transport",13,-0.584840183906854,-1.56208475011085,0.0357428493324659,0.377167081761991,0.29242976521263,1154,"tags=31%, list=10%, signal=28%","SLC12A2/ITPR1/ABCC1/BEST1",0.321775918075361
"GO:0001836","release of cytochrome c from mitochondria",39,-0.439114751206011,-1.56121954488239,0.0146264905540709,0.257614825973673,0.199737057441064,2462,"tags=33%, list=22%, signal=26%","FXN/SOD2/CASP2/PLSCR3/CASP1/TIMM50/PPIF/BCL2L11/BCL2L1/PRKN/PMAIP1/BCL2/OPA1",0.380730400722792
"GO:0007601","visual perception",51,-0.411891965535127,-1.56076139512516,0.00951462984570737,0.222572558358933,0.172567660676044,2172,"tags=31%, list=19%, signal=25%","FAM161A/CHM/PDE6D/MKKS/BBS2/NRL/DHRS3/RPGR/ARL6/ATF6/BBS1/CRYBG3/RGS16/BEST1/CYP4V2/OPA1",0.380730400722792
"GO:0050953","sensory perception of light stimulus",51,-0.411891965535127,-1.56076139512516,0.00951462984570737,0.222572558358933,0.172567660676044,2172,"tags=31%, list=19%, signal=25%","FAM161A/CHM/PDE6D/MKKS/BBS2/NRL/DHRS3/RPGR/ARL6/ATF6/BBS1/CRYBG3/RGS16/BEST1/CYP4V2/OPA1",0.380730400722792
"GO:0016266","protein O-linked glycosylation via N-acetyl-galactosamine",17,0.526527083066436,1.56020915441499,0.0340492187533251,0.366590827288338,0.284229655070167,3170,"tags=71%, list=28%, signal=51%","GALNT1/GALNT10/GALNT6/GCNT4/GALNT2/GALNT12/ST3GAL2/POMGNT1/ST6GAL1/XXYLT1/GXYLT1/GALNT11",0.321775918075361
"GO:0019320","hexose catabolic process",30,0.454790639771975,1.55913512186231,0.0233917299243068,0.310086619809092,0.240420126281256,2083,"tags=40%, list=19%, signal=33%","FOXK2/FUT8/ENO3/TPI1/LRP5/HK1/PKM/ENO2/TKTL1/PFKM/GLYCTK/GLB1",0.352487857583619
"GO:0035725","sodium ion transmembrane transport",54,-0.410463157139125,-1.55754031197855,0.0124421453639765,0.246633554364432,0.19122292449122,1752,"tags=30%, list=16%, signal=25%","SLC4A7/SLC41A1/SLC6A6/SLMAP/SLC12A2/UTRN/SLC4A5/CHP1/MCOLN3/SLC38A5/SLC9B1/ATP2B4/FXYD1/SLC9B2/SLC9A8/FXYD7",0.380730400722792
"GO:0060079","excitatory postsynaptic potential",27,0.472608442725307,1.55721821410782,0.0260143153802583,0.318529469173954,0.246966138849368,2244,"tags=44%, list=20%, signal=36%","DVL1/PTK2B/ADORA2A/AKT1/GSK3B/GSK3A/P2RX4/APP/PRKAR1B/SSH1/PTEN/STX1A",0.352487857583619
"GO:1903829","positive regulation of protein localization",283,0.308582371462727,1.55679400538299,0.000205995724246976,0.0291277954085224,0.0225837163006999,2278,"tags=29%, list=20%, signal=24%","TESK1/GIT1/DVL1/ADORA2A/ENTR1/ATP13A2/APBB1/RDX/CSNK2A2/PRKCD/CDK9/SAE1/CCT6A/CD38/ZDHHC2/VRK1/GNAS/CAPN10/BAP1/AKT1/GSK3B/TRIM28/PECAM1/PIK3R2/BAG3/TM2D3/CLN3/GSK3A/ZDHHC8/MARK4/OSBP/ABCG1/CCT2/HSP90AA1/RAC2/HSP90AB1/NADK/ABHD17B/MSN/TOMM7/ANP32B/DDRGK1/TERF2/IPO5/ERGIC3/UBE2J2/TCP1/GOLPH3L/PARD6A/PPID/APP/RXRA/MCRS1/MESD/CEP131/PML/BAD/TGFB1/NMT1/RACK1/CREBBP/CEP250/CD81/HDAC3/LRRC8A/PARP1/SSH1/CCT7/ABHD17A/MLLT6/OAZ1/SOX4/ZFAND1/PGRMC1/OAZ2/FYN/RAC1/CCDC88A/RANGRF/RAB29/BCAP31/CCT3/DYNLL1",0.518848077743792
"GO:0010719","negative regulation of epithelial to mesenchymal transition",17,0.525168184056117,1.5561824542812,0.0351188180953824,0.373368487119329,0.28948459265329,2535,"tags=41%, list=23%, signal=32%","NOG/GSK3B/EFNA1/SMAD7/PTEN/KAT8/SDHAF2",0.321775918075361
"GO:0061515","myeloid cell development",38,-0.4302472826953,-1.5558346239623,0.0314743718060164,0.348601266843659,0.27028177045484,1912,"tags=37%, list=17%, signal=31%","CEBPB/SH2B3/PTBP3/P2RX5/HBM/HBA1/FBXW7/NRROS/HBA2/FLNA/NOTCH2/HBB/MYB/ANXA2",0.321775918075361
"GO:0032369","negative regulation of lipid transport",15,-0.550107529765657,-1.55485160995426,0.0300959386733511,0.34135553971218,0.264663925244291,2800,"tags=60%, list=25%, signal=45%","NR1H3/CRY2/TSPO/NR1H2/ABCA2/IRS2/ACSL4/NFKBIA/SREBF2",0.352487857583619
"GO:0030834","regulation of actin filament depolymerization",33,0.453330726060444,1.55362721934617,0.0230267826904587,0.307258383744845,0.238227303926851,628,"tags=24%, list=6%, signal=23%","SH3BP1/CARMIL2/TWF2/RDX/PDXP/WDR1/DMTN/ADD3",0.352487857583619
"GO:0170039","proteinogenic amino acid metabolic process",75,-0.386699133971201,-1.55344534834508,0.00495260764972752,0.173409532635023,0.134449986136626,788,"tags=21%, list=7%, signal=20%","BLOC1S6/ASNSD1/CSAD/SEPSECS/SERINC5/CAD/DLD/MCCC2/ODC1/ATP2B4/CARNMT1/MTRR/GSTZ1/MTR/ATF4/MTAP",0.407017918923954
"GO:0061615","glycolytic process through fructose-6-phosphate",19,0.511325897083562,1.55258125319067,0.0400648855813296,0.398955973323944,0.309323393399742,1840,"tags=37%, list=17%, signal=31%","FOXK2/ENO3/TPI1/HK1/PKM/ENO2/PFKM",0.321775918075361
"GO:0061333","renal tubule morphogenesis",12,0.581289894668625,1.55256462752582,0.0290327051662253,0.337096412315805,0.261361686833892,1886,"tags=58%, list=17%, signal=49%","SOX8/NOG/PKD2/TGFB1/PKD1/KLHL3/HS3ST3B1",0.352487857583619
"GO:2000463","positive regulation of excitatory postsynaptic potential",12,0.580908442969776,1.55154580985812,0.0290327051662253,0.337096412315805,0.261361686833892,2244,"tags=58%, list=20%, signal=47%","DVL1/PTK2B/APP/PRKAR1B/SSH1/PTEN/STX1A",0.352487857583619
"GO:2000736","regulation of stem cell differentiation",43,0.427331378538491,1.55153987225142,0.0121601630635374,0.246633554364432,0.19122292449122,2203,"tags=35%, list=20%, signal=28%","LTBP3/MBD3/CHD3/HDAC1/LBH/GATAD2A/GSK3B/MTA3/HOXB4/SETD1A/HDAC2/REST/PUS7/HNRNPU/RBBP4",0.380730400722792
"GO:1905521","regulation of macrophage migration",17,0.523576116489044,1.55146482726356,0.0361884177174771,0.378106571323985,0.293158181676628,1755,"tags=41%, list=16%, signal=35%","PTK2B/CD9/MTUS1/CD200R1/P2RX4/MAPK1/CD81",0.321775918075361
"GO:0030326","embryonic limb morphogenesis",20,0.516619243031368,1.55125332280695,0.0207739381009653,0.294211441813344,0.228111590360471,1749,"tags=40%, list=16%, signal=34%","ZNF358/HDAC1/NOG/SKI/RARG/CTNNB1/HDAC2/CREBBP",0.352487857583619
"GO:0035113","embryonic appendage morphogenesis",20,0.516619243031368,1.55125332280695,0.0207739381009653,0.294211441813344,0.228111590360471,1749,"tags=40%, list=16%, signal=34%","ZNF358/HDAC1/NOG/SKI/RARG/CTNNB1/HDAC2/CREBBP",0.352487857583619
"GO:0097300","programmed necrotic cell death",39,-0.436137536143401,-1.55063441575088,0.0152589814106217,0.259310805973349,0.201052005264172,3101,"tags=49%, list=28%, signal=35%","TNF/RIPK1/SLC25A4/MUTYH/TSPO/CASP2/LTB/PELI1/PPIF/CYLD/TRPM7/OGT/ZBP1/CFLAR/CASP8/LTA/BIRC3/PRKN/FAS",0.380730400722792
"GO:0002181","cytoplasmic translation",190,0.32310107030914,1.54861611993047,0.00128446839839745,0.095104367616791,0.0737374740206622,3041,"tags=43%, list=27%, signal=32%","RPS10/FMR1/EEF2/RPL4/ZNF598/RPL30/RPS24/RPL12/SYNCRIP/RPL5/RPS15A/RPL11/RPS13/RPS28/DRG2/RPS23/RPL9/YBX1/PKM/RPL17/FTSJ1/RPL7A/DDRGK1/PABPC1/MTRES1/RPL21/UNK/RPL22/ANKZF1/NCBP1/RPL34/RPL7/EEF1D/RPL32/RPL6/RPL18A/FAU/RPS27A/RPS7/RPS8/NEMF/EIF2B4/RACK1/RPL10/RPL28/RPL39/RPSA/RPL19/SH3BGRL/CNBP/EIF3B/HNRNPU/PARP16/SLBP/RPL24/RPL29/RPL35A/EIF3L/RPL36A/RPL10A/RPS21/RPS2/EIF2S3/CPEB2/RPL26/RPL23/RPL36/RPL38/RNF25/RPL41/EIF3I/RPL31/RPL27/RPLP2/RPL18/RPLP0/RPS12/RPL15/HNRNPD/EIF3H/RPS15/RPS25",0.45505986738723
"GO:0034454","microtubule anchoring at centrosome",10,0.622398257508636,1.54735124491091,0.0360655486241156,0.378106571323985,0.293158181676628,2947,"tags=60%, list=26%, signal=44%","CCDC120/GSK3B/KIF3A/DCTN1/PCM1/CEP19",0.321775918075361
"GO:0042278","purine nucleoside metabolic process",15,-0.547348698601541,-1.54705391069545,0.0313564902636718,0.34820479502224,0.269974373104283,788,"tags=27%, list=7%, signal=25%","BLOC1S6/DGUOK/ADK/MTAP",0.321775918075361
"GO:0034138","toll-like receptor 3 signaling pathway",19,-0.505692967821669,-1.54675388222929,0.0463449573088444,0.436326520923829,0.338297980496391,1765,"tags=32%, list=16%, signal=27%","IRF1/TRAF6/UBQLN1/WDFY1/PTPN22/TNFAIP3",0.321775918075361
"GO:0036336","dendritic cell migration",12,-0.586638728911792,-1.54517479876462,0.0368163813450056,0.378284037184227,0.293295776663978,1989,"tags=50%, list=18%, signal=41%","ICAM2/CALR/CCL5/CXCR4/ALOX5/EPS8",0.321775918075361
"GO:0042743","hydrogen peroxide metabolic process",25,-0.488107633585477,-1.54462335969196,0.0254832305229172,0.316981327380094,0.245765814740543,593,"tags=24%, list=5%, signal=23%","HBA2/PRDX4/ACOX1/HDAC6/HBB/STAT3",0.352487857583619
"GO:0034067","protein localization to Golgi apparatus",21,-0.497626150936442,-1.54391109549381,0.0297071596101832,0.338787272351323,0.26267266498417,2978,"tags=48%, list=27%, signal=35%","GBF1/IFT20/RIPOR1/SORL1/RAB33B/ARL5B/GBP5/RAB6A/OPTN/COG7",0.352487857583619
"GO:0070200","establishment of protein localization to telomere",10,0.620762571669309,1.54328474811528,0.036739651583886,0.378284037184227,0.293295776663978,1513,"tags=40%, list=14%, signal=35%","USP7/CCT6A/TCP1/WRAP53",0.321775918075361
"GO:0005978","glycogen biosynthetic process",27,0.468251495444173,1.54286231808328,0.0292436302999095,0.337096412315805,0.261361686833892,1216,"tags=30%, list=11%, signal=26%","NR1D1/DYRK2/AGL/AKT1/GSK3B/PPP1R3F/GSK3A/GBE1",0.352487857583619
"GO:0009250","glucan biosynthetic process",27,0.468251495444173,1.54286231808328,0.0292436302999095,0.337096412315805,0.261361686833892,1216,"tags=30%, list=11%, signal=26%","NR1D1/DYRK2/AGL/AKT1/GSK3B/PPP1R3F/GSK3A/GBE1",0.352487857583619
"GO:0043369","CD4-positive or CD8-positive, alpha-beta T cell lineage commitment",24,-0.479621347528687,-1.54202550365144,0.0350859761735388,0.373368487119329,0.28948459265329,1499,"tags=38%, list=13%, signal=33%","BRD2/MTOR/SLAMF6/IL12RB1/SOCS3/STAT3/IRF4/CD69/OPA1",0.321775918075361
"GO:0043373","CD4-positive, alpha-beta T cell lineage commitment",24,-0.479621347528687,-1.54202550365144,0.0350859761735388,0.373368487119329,0.28948459265329,1499,"tags=38%, list=13%, signal=33%","BRD2/MTOR/SLAMF6/IL12RB1/SOCS3/STAT3/IRF4/CD69/OPA1",0.321775918075361
"GO:1905332","positive regulation of morphogenesis of an epithelium",11,0.608064182285853,1.54084850599137,0.0442462548527926,0.426574120648969,0.330736631002915,1696,"tags=45%, list=15%, signal=39%","STOX1/SOX8/NOG/CTNNB1/TGFB1",0.321775918075361
"GO:0034620","cellular response to unfolded protein",89,-0.369485188251688,-1.53943556872103,0.00734391550847168,0.192301787573684,0.149097758816683,1678,"tags=26%, list=15%, signal=22%","HSF1/ERN1/DNAJC10/PTPN1/FICD/DDIT3/BCL2L11/PIAS2/CDK5RAP3/ATF6/DERL1/DNAJB9/YOD1/OPTN/PRKN/RPAP2/MBTPS2/PPP1R15A/PARP8/ATF4/STAT3/PPP1R15B/HERPUD2",0.407017918923954
"GO:0046596","regulation of viral entry into host cell",13,0.567819229282641,1.53844762201317,0.0418840318011035,0.413190843954142,0.320360146280652,394,"tags=23%, list=4%, signal=22%","SMPD1/FURIN/TRIM11",0.321775918075361
"GO:0031204","post-translational protein targeting to membrane, translocation",11,0.606579904206773,1.53708731148715,0.0456851262487311,0.433548781984602,0.336144310186603,3941,"tags=82%, list=35%, signal=53%","SEC62/SSR2/SEC63/SEC61A2/SSR1/SEC61B/SSR4/HSPA5/SEC61G",0.321775918075361
"GO:0032365","intracellular lipid transport",43,-0.415136853833805,-1.53577003272029,0.018249887323541,0.280087688368283,0.217160990205851,922,"tags=23%, list=8%, signal=21%","ABCD2/OSBPL2/ABCA1/NUS1/RELCH/LDLR/SLC25A20/NPC2/CPT1A/ANXA2",0.352487857583619
"GO:0035967","cellular response to topologically incorrect protein",102,-0.355735274168012,-1.53515010938729,0.00447203271086926,0.170015898117207,0.131818792182408,1678,"tags=25%, list=15%, signal=21%","HSF1/ERN1/DNAJB14/DNAJC10/PTPN1/FICD/DDIT3/BCL2L11/PIAS2/CDK5RAP3/ATF6/DERL1/DNAJB9/YOD1/OPTN/PRKN/RPAP2/HDAC6/MBTPS2/PPP1R15A/PARP8/ATF4/STAT3/PPP1R15B/HERPUD2",0.407017918923954
"GO:0030968","endoplasmic reticulum unfolded protein response",80,-0.369203259877797,-1.53464297586171,0.00631989392921207,0.178265075311067,0.138214644489371,1414,"tags=24%, list=13%, signal=21%","DNAJC10/PTPN1/FICD/DDIT3/BCL2L11/PIAS2/CDK5RAP3/ATF6/DERL1/DNAJB9/YOD1/RPAP2/MBTPS2/PPP1R15A/PARP8/ATF4/STAT3/PPP1R15B/HERPUD2",0.407017918923954
"GO:0043094","metabolic compound salvage",34,-0.443838969172216,-1.53400523114947,0.024463727357075,0.315425931455052,0.244559866270576,783,"tags=26%, list=7%, signal=25%","DCTD/UPP1/DGUOK/FUOM/NMRK1/PDXK/MTR/ADK/MTAP",0.352487857583619
"GO:1904892","regulation of receptor signaling pathway via STAT",49,-0.410433807351158,-1.53361224350184,0.0147572849390859,0.257614825973673,0.199737057441064,1899,"tags=29%, list=17%, signal=24%","PIAS3/SH2B3/MGAT5/IFNAR2/CCL5/PIAS2/IFNAR1/IL12RB1/SOCS1/CISH/SOCS3/JAK2/SOCS2/GADD45A",0.380730400722792
"GO:1990776","response to angiotensin",16,0.523196034237908,1.53262796266166,0.045906659274633,0.434678680006681,0.337020356451742,326,"tags=25%, list=3%, signal=24%","AGTRAP/ROCK1/PRKCD/RELA",0.321775918075361
"GO:0060993","kidney morphogenesis",18,0.50719642125247,1.53183970360438,0.045289165439356,0.431722786053367,0.33472855683147,1955,"tags=50%, list=18%, signal=41%","SOX8/NOG/NPHP3/PKD2/TGFB1/PKD1/KLHL3/HS3ST3B1/SOX4",0.321775918075361
"GO:0043537","negative regulation of blood vessel endothelial cell migration",15,-0.541910494698034,-1.53168309746875,0.035092184260009,0.373368487119329,0.28948459265329,375,"tags=27%, list=3%, signal=26%","ATP2B4/ITGB1BP1/TBXA2R/GADD45A",0.321775918075361
"GO:0070316","regulation of G0 to G1 transition",26,0.459774689773475,1.53091543642467,0.0383777252213841,0.386694323964636,0.299816542413407,2459,"tags=42%, list=22%, signal=33%","SMARCC1/BCL7A/SMARCA2/FOXO4/DPF2/PBRM1/SMARCD2/BRD7/SMARCB1/BCL7C/PHF10",0.321775918075361
"GO:1904707","positive regulation of vascular associated smooth muscle cell proliferation",20,-0.504211091547707,-1.52959023297006,0.0266991268135919,0.323593416980734,0.25089238040064,1626,"tags=40%, list=15%, signal=34%","ERN1/MDM2/BMPR1A/NR4A3/ADAMTS1/JAK2/PAK1/JUN",0.352487857583619
"GO:0072393","microtubule anchoring at microtubule organizing center",12,0.572666289240984,1.52953187765095,0.0339004101155261,0.365917403842396,0.283707528220535,2947,"tags=50%, list=26%, signal=37%","CCDC120/GSK3B/KIF3A/DCTN1/PCM1/CEP19",0.321775918075361
"GO:0048708","astrocyte differentiation",28,0.452437316547296,1.52919427110901,0.0385902880633542,0.38791469659893,0.300762736554347,590,"tags=29%, list=5%, signal=27%","ADORA2A/NR1D1/NOG/TNFRSF1A/QKI/AGER/BIN1/VPS54",0.321775918075361
"GO:0048705","skeletal system morphogenesis",29,0.457715784225077,1.52877145272104,0.029789639930939,0.338787272351323,0.26267266498417,1696,"tags=38%, list=15%, signal=32%","RFLNB/NOG/INPPL1/POR/LRP5/SKI/HOXB4/RARG/CTNNB1/TGFBR1/TGFB1",0.352487857583619
"GO:0060633","negative regulation of transcription initiation by RNA polymerase II",13,0.563854772979111,1.52770633665648,0.045289165439356,0.431722786053367,0.33472855683147,1894,"tags=54%, list=17%, signal=45%","THRA/NCOR1/NCOR2/SIN3A/SUMO1/HDAC3/SIN3B",0.321775918075361
"GO:2000143","negative regulation of DNA-templated transcription initiation",13,0.563854772979111,1.52770633665648,0.045289165439356,0.431722786053367,0.33472855683147,1894,"tags=54%, list=17%, signal=45%","THRA/NCOR1/NCOR2/SIN3A/SUMO1/HDAC3/SIN3B",0.321775918075361
"GO:0099054","presynapse assembly",13,0.56332247012708,1.52626411699454,0.045289165439356,0.431722786053367,0.33472855683147,2035,"tags=46%, list=18%, signal=38%","DVL1/LRFN3/CLSTN3/APP/IL1RAPL2/PTEN",0.321775918075361
"GO:0042542","response to hydrogen peroxide",56,-0.391166378567832,-1.52626185904688,0.0236217364357933,0.312160143179548,0.24202779561855,2569,"tags=38%, list=23%, signal=29%","MAPK13/FXN/SOD2/PRKAA1/CASP3/ZNF580/MT-ND5/ERN1/PPIF/BECN1/MDM2/HBA1/HBA2/HDAC6/RHOB/HBB/MAP3K5/MYB/DUSP1/TNFAIP3/AREG",0.352487857583619
"GO:0043393","regulation of protein binding",23,0.481342965196381,1.52475895001927,0.0297473999244843,0.338787272351323,0.26267266498417,1741,"tags=39%, list=16%, signal=33%","ROCK1/AKTIP/GSK3B/NVL/TMC8/GTF2F1/RAPGEF2/DNAJB2/RACK1",0.352487857583619
"GO:0043648","dicarboxylic acid metabolic process",56,-0.390760888306417,-1.52467970793646,0.0239305129359636,0.313495156421045,0.243062874308193,2970,"tags=39%, list=27%, signal=29%","GOT1/SUCLG1/GRHPR/GCLM/DHFR2/OGDH/GLUL/MTHFD1/FPGS/ADHFE1/NIT2/PHYH/MTHFD2/MTHFS/BLOC1S6/SDHB/DLD/ME3/DHFR/FAHD2B/MTHFD1L/MTRR",0.352487857583619
"GO:0045912","negative regulation of carbohydrate metabolic process",27,0.462313299289827,1.52329629603515,0.0346258312706592,0.371855129747181,0.28831123802501,2310,"tags=37%, list=21%, signal=29%","GIT1/USP7/GSK3B/NCOR1/GSK3A/TGFB1/KAT2A/TIGAR/AP2A1/MST1",0.321775918075361
"GO:0090100","positive regulation of transmembrane receptor protein serine/threonine kinase signaling pathway",46,0.400045853575214,1.52178051694707,0.0195974938007809,0.291693223518992,0.226159134750794,1945,"tags=33%, list=17%, signal=27%","HIPK2/GDF11/STK11/GIPC1/CDKN1C/MEN1/HSP90AB1/ZEB2/ACVR2B/NUP93/TGFBR1/TGFB1/CREBBP/PARP1/GLCE",0.352487857583619
"GO:0036444","calcium import into the mitochondrion",15,-0.537989977361429,-1.52060194994243,0.0363343536029344,0.378284037184227,0.293295776663978,1153,"tags=33%, list=10%, signal=30%","MAIP1/MICU2/VDAC1/ITPR1/MCUB",0.321775918075361
"GO:1901799","negative regulation of proteasomal protein catabolic process",45,0.410593029177267,1.52017549797971,0.0184539780659265,0.280579838550753,0.217542570065994,1259,"tags=27%, list=11%, signal=24%","USP7/BAG6/CSNK2A2/GIPC1/WAC/TLK2/CCAR2/CBX4/RPL11/HSP90AB1/DDRGK1/PSMF1",0.352487857583619
"GO:0170033","L-amino acid metabolic process",81,-0.364160164599977,-1.51699498193968,0.00587116069131811,0.177827529545218,0.137875401189083,788,"tags=20%, list=7%, signal=18%","BLOC1S6/ASNSD1/CSAD/SEPSECS/SERINC5/CAD/DLD/MCCC2/ODC1/ATP2B4/CARNMT1/MTRR/GSTZ1/MTR/ATF4/MTAP",0.407017918923954
"GO:0098703","calcium ion import across plasma membrane",11,-0.594864639061316,-1.51565317624341,0.0499075785582255,0.447585514257913,0.347027440028849,2137,"tags=55%, list=19%, signal=44%","PPP3R1/KCNN4/P2RX5/CACNA1I/ATP2B4/PPP3CC",0.276500599254472
"GO:1902656","calcium ion import into cytosol",11,-0.594864639061316,-1.51565317624341,0.0499075785582255,0.447585514257913,0.347027440028849,2137,"tags=55%, list=19%, signal=44%","PPP3R1/KCNN4/P2RX5/CACNA1I/ATP2B4/PPP3CC",0.276500599254472
"GO:0060628","regulation of ER to Golgi vesicle-mediated transport",18,-0.516244484927498,-1.51427487215434,0.0428268418814881,0.418597841615835,0.324552365414219,3089,"tags=56%, list=28%, signal=40%","SAR1B/SCFD1/YIPF5/SORL1/STX18/SEC24B/SEC31A/RNF139/SAR1A/PGAP1",0.321775918075361
"GO:2000060","positive regulation of ubiquitin-dependent protein catabolic process",73,0.370381742496859,1.5130747410844,0.0123658317834281,0.246633554364432,0.19122292449122,2035,"tags=29%, list=18%, signal=24%","DVL1/CSNK1E/PTK2B/AXIN1/LAPTM5/AXIN2/CCDC22/AKT1/GSK3B/GSK3A/DDRGK1/DNAJB2/ELOB/SUMO1/ATXN3/RACK1/NOP53/SMAD7/SIRT2/STUB1/PTEN",0.380730400722792
"GO:0071560","cellular response to transforming growth factor beta stimulus",128,0.337486736914826,1.51256229842405,0.00459597812029653,0.170015898117207,0.131818792182408,2027,"tags=32%, list=18%, signal=27%","USP9Y/LTBP3/HIPK2/GDF11/HDAC1/FAM89B/KMT2A/STK11/NREP/GIPC1/RGCC/FURIN/CDKN1C/MEN1/GLG1/ZFP36L1/TGFBRAP1/LTBP4/EID2/SKI/ING1/APPL1/HSP90AB1/SMAD1/DUSP22/HDAC2/SNX6/ZEB2/ZBTB7A/SIN3A/TGFBR1/BCL9L/TGFB1/CREBBP/SMAD7/PARP1/TET1/STK16/STUB1/BRMS1L/FKBP1A",0.407017918923954
"GO:0120035","regulation of plasma membrane bounded cell projection organization",306,0.295543073410309,1.51226207494315,0.000476380111369216,0.0560182839624571,0.043432776662872,2268,"tags=31%, list=20%, signal=25%","TESK1/PRAG1/PTK2B/METRN/ENTR1/ITM2C/CARMIL2/GPC2/SEPTIN7/APBB1/TWF2/RAP2A/FMR1/RAB11FIP3/FKBP4/PRKCD/GFI1/CUL7/DENND5A/CARM1/IFT140/AMIGO1/CD38/CORO1B/ARHGAP32/PPP1R35/MARK2/ODF2/DMTN/AKT1/GSK3B/CAMK1D/SEPTIN9/LIMK1/ABI2/GSK3A/RAB3IP/MARK4/CDK5R1/RAPGEF2/CCR7/STK24/PLEK2/EVL/ULK1/RABEP2/HSP90AA1/RAC2/TMEM216/DOCK11/ABHD17B/SMAD1/RHOQ/EFNA1/LUZP1/CAMSAP2/RAPGEF1/MBOAT1/ABI3/ZFYVE27/SNX3/KCTD17/YTHDF1/CDK10/GDI2/HDAC2/WASHC1/APP/CDC42/MAP3K13/ARSB/CAPRIN2/WAS/HRAS/WASL/ATF1/GOLGA4/NSMF/BCL11A/PTEN/FYN/STMN3/RAC1/NPTN/CCDC88A/KCTD12/LRP8/TOX/TCHP/CAPRIN1/ARMCX5-GPRASP2/RAB29/AP2A1/STAU2",0.49849310876659
"GO:0035567","non-canonical Wnt signaling pathway",28,0.447222387961173,1.51156831801787,0.0427621037466193,0.418597841615835,0.324552365414219,3407,"tags=57%, list=31%, signal=40%","DVL1/CSNK1E/NPHP3/DVL3/DVL2/CDC42/ARHGEF19/RAC1/FZD3/SMURF1/NKD1/PLEKHA4/SMURF2/DAAM1/FZD6/VANGL1",0.321775918075361
"GO:0007389","pattern specification process",72,0.370903921795832,1.51138466763251,0.0109259490563247,0.242189583351047,0.187777370881438,1720,"tags=33%, list=15%, signal=28%","LFNG/DVL1/RFNG/NOG/SRF/MFNG/AXIN2/ATP6AP2/NPHP3/PBX3/NCLN/TIGD5/SKI/DVL2/HOXB4/SMAD1/MTF2/SSBP3/KDM2B/BCOR/ACVR2B/TGFBR1/PKD2/CAPRIN2",0.380730400722792
"GO:2000628","regulation of miRNA metabolic process",48,-0.400660102994256,-1.5113630756939,0.0251656194690964,0.316401886841685,0.24531655586087,223,"tags=19%, list=2%, signal=18%","NFKB1/NOTCH2/STAT3/EGR1/MYB/SREBF2/FOS/JUN/NEAT1",0.352487857583619
"GO:0007264","small GTPase-mediated signal transduction",292,0.298359744464188,1.51050747983411,0.000405293066776521,0.0505662702725295,0.0392056551552541,2112,"tags=30%, list=19%, signal=25%","GRAP/GIT1/DOK2/PRAG1/PPP2CB/SH3BP1/CSNK1E/ARHGAP30/ARHGAP45/RASAL3/ARHGAP9/SIPA1/PSD/RAB12/BCR/RDX/RAP2A/ROCK1/GIPC1/PKP4/AIF1/RGL2/ARHGAP32/ARHGEF12/MAP4K4/RGS19/ARHGAP21/DVL3/GNA12/DOCK9/PSD4/FGD3/CYTH4/ARFGAP1/LAT/DVL2/NET1/LIMK1/ABI2/KBTBD6/NUCB2/RAB35/RHOF/RAPGEF2/CCR7/GRAP2/SCAI/KBTBD7/KRIT1/CCDC125/RAC2/DOCK11/LZTR1/RHOQ/VAV1/RAPGEF1/OBSCN/SYNGAP1/RGL4/ARHGAP31/RASA4/RASGRP2/ARHGDIB/GDI2/KSR1/SH2D3C/FXR1/CDC42/F11R/ARHGEF2/RALGPS1/ARFIP2/NKIRAS2/WAS/HRAS/RAB15/ARHGAP26/ARHGEF19/RALGDS/RRAS/RAB4A/RAP1B/GNB1/STMN3/RAC1/CCDC88A/ARHGAP27",0.49849310876659
"GO:0021782","glial cell development",49,0.399610028918066,1.50975119944809,0.0224503320675182,0.304262966870326,0.235904860915023,2035,"tags=41%, list=18%, signal=34%","ADORA2A/NR1D1/TNFRSF1A/CD9/AGER/MXRA8/NSUN5/SKI/PARD3/CERS5/MAPK1/MAP2K2/ZEB2/APP/TGFB1/EIF2B4/HRAS/SIRT2/SOX4/PTEN",0.352487857583619
"GO:0170035","L-amino acid catabolic process",42,-0.416786020149452,-1.50935695986074,0.017986010246722,0.27744238351489,0.215110000300847,680,"tags=19%, list=6%, signal=18%","CSAD/CAD/DLD/MCCC2/ATP2B4/CARNMT1/MTRR/GSTZ1",0.352487857583619
"GO:0031669","cellular response to nutrient levels",164,-0.327982738910825,-1.50898191420365,0.00355605921020518,0.15788120362566,0.122410373386916,3090,"tags=38%, list=28%, signal=28%","NCOA3/SAR1B/MAP1LC3B/PRMT1/STK26/FLCN/WDR59/VAMP8/STX4/EIF2AK3/WRN/KAT2B/WDR45B/AMBRA1/TSC2/MTMR3/RIPOR1/DEPDC5/SEH1L/PRKAA1/SH3GLB1/ATG7/SLC38A2/FOXO3/GPR155/MAPKAP1/XBP1/LAMP2/PRKAG1/SRD5A1/FNIP1/WDR45/YWHAZ/BECN1/MDM2/RPTOR/MTOR/GCN1/LAMTOR1/RICTOR/OGT/PIK3C3/ATG5/ATG14/UPP1/SESN3/SAR1A/YME1L1/CPEB4/XPR1/GABARAPL1/FAS/SESN2/KLF10/ATF4/GDAP1/PIM1/PMAIP1/MAP3K5/PAK1/SREBF2/FOS",0.431707695803346
"GO:0051654","establishment of mitochondrion localization",21,-0.486133873085822,-1.50825570388571,0.0369609988064001,0.378284037184227,0.293295776663978,1687,"tags=33%, list=15%, signal=28%","SPAST/RHOT1/ACTR10/MYO19/HDAC6/TRAK2/OPA1",0.321775918075361
"GO:0006903","vesicle targeting",58,-0.395251242292378,-1.50718878421886,0.0137432670988405,0.254060499964302,0.196981274206871,3244,"tags=40%, list=29%, signal=28%","TMED2/SAR1B/GBF1/TRAPPC6B/STARD3NL/TRAPPC9/CLASP1/PPP6C/TBC1D23/TRAPPC2/EXOC8/EXOC5/YKT6/C17orf75/PEF1/EXOC6/CLASP2/EXOC4/EXOC1/WDR11/EXOC7/SAR1A/TRAPPC6A",0.380730400722792
"GO:0001881","receptor recycling",35,-0.439799070630845,-1.50564663372163,0.0260560409720325,0.318529469173954,0.246966138849368,1394,"tags=26%, list=13%, signal=23%","PTPN1/PEX10/LAMTOR1/TRAT1/OPTN/LMTK2/LDLR/ANXA2/NSF",0.352487857583619
"GO:0032368","regulation of lipid transport",57,-0.387293340422282,-1.50543232002646,0.022254019420211,0.304262966870326,0.235904860915023,1059,"tags=21%, list=9%, signal=19%","LAMTOR1/EEPD1/NFKBIA/ABCA1/ACSL5/NUS1/PRKN/ATP8A1/NFKB1/MYB/ANXA2/SREBF2",0.352487857583619
"GO:0006851","mitochondrial calcium ion transmembrane transport",21,-0.485164021957665,-1.50524669016141,0.038269319179422,0.386694323964636,0.299816542413407,1153,"tags=29%, list=10%, signal=26%","MAIP1/MICU2/VDAC1/ITPR1/LETM2/MCUB",0.321775918075361
"GO:0046425","regulation of receptor signaling pathway via JAK-STAT",45,-0.410076106618576,-1.50484089766995,0.0164856163322926,0.26916879563644,0.208695221605267,1305,"tags=22%, list=12%, signal=20%","IFNAR2/PIAS2/IFNAR1/IL12RB1/SOCS1/CISH/SOCS3/JAK2/SOCS2/GADD45A",0.352487857583619
"GO:0016055","Wnt signaling pathway",211,0.31066218524194,1.50191220332945,0.00138777945362608,0.0967761102481586,0.0750336298328368,2583,"tags=36%, list=23%, signal=28%","DVL1/CSNK1E/HDAC1/AXIN1/NOG/CSNK2A2/CSNK1G2/VGLL4/STK11/TLE2/AMFR/AXIN2/LEO1/ATP6AP2/NPHP3/MARK2/CCAR2/DVL3/GSK3B/LRP5/TCF7/LRP6/HSP90B1/SKI/DVL2/GSK3A/GRK6/CCNYL1/GID8/GSKIP/LZTS2/RNF220/RARG/SNX3/PYGO2/NRBP2/TRABD2A/SPIN1/CTNNB1/ZEB2/APP/CDC42/FRAT2/MESD/PKD2/BCL9L/TGFB1/PKD1/PRDM15/CAPRIN2/RACK1/SMAD7/ZBED3/TLE5/TLE3/NEK4/SOX4/ARHGEF19/BRD7/USP47/RAC1/KLHL12/CRBN/LEF1/FZD3/CCDC134/OTUD5/SMURF1/NKD1/SDHAF2/TBL1X/INVS/HBP1/RUVBL2/JADE1/TCF7L2",0.45505986738723
"GO:0007249","canonical NF-kappaB signal transduction",241,-0.310751927260053,-1.49923279485543,0.00108242398821519,0.0866347652454496,0.0671707189864605,2306,"tags=30%, list=21%, signal=25%","CARD16/BCL3/TRIM62/DDX21/PPM1N/SNIP1/DDX1/CARD9/AKAP13/TRAF3/C18orf32/IFIT5/CASP1/SQSTM1/MAPKBP1/LTB/TGFBR3/NLRC3/PELI1/APOL3/CYLD/TRAF6/MTDH/CPNE1/UBE2N/ATP2C1/IL1RAP/TRIM22/TAB2/TAB3/RIPK2/TRIM38/PER1/PELI2/ANXA4/XIAP/TBK1/RBX1/PLK2/USP10/PIM2/RHOH/LIMS1/PSMA6/NFKB2/CFLAR/CASP8/NFKBIA/TRAF1/EDA/TANK/FLNA/PRDX4/RELB/LTA/NOD1/BIRC3/OPTN/SLCO3A1/PRKN/TFRC/OTUD7B/IRAK1BP1/TNFRSF10B/NLRC5/REL/NFKB1/MALT1/GOLT1B/STAT3/SUMO4/TNFAIP3/TRADD",0.45505986738723
"GO:0090092","regulation of transmembrane receptor protein serine/threonine kinase signaling pathway",115,0.336349389000209,1.49843939301854,0.011643764291074,0.242406348589793,0.187945435940501,2027,"tags=31%, list=18%, signal=26%","HIPK2/GDF11/HDAC1/FAM89B/NOG/STK11/NREP/GIPC1/CDKN1C/MEN1/GLG1/NCLN/LTBP4/EID2/SKI/ING1/TMEM53/HSP90AB1/HDAC2/SNX6/ZEB2/ZBTB7A/ACVR2B/NUP93/SIN3A/TGFBR1/BCL9L/TGFB1/CREBBP/SMAD7/PARP1/TET1/GLCE/STUB1/BRMS1L/FKBP1A",0.380730400722792
"GO:0007613","memory",38,-0.413837073533239,-1.49649300199817,0.0427051584438893,0.418597841615835,0.324552365414219,908,"tags=24%, list=8%, signal=22%","ATAD1/PLK2/BLOC1S6/CPEB3/ATXN1L/TUBA1A/LDLR/EGR1/FOS",0.321775918075361
"GO:1903573","negative regulation of response to endoplasmic reticulum stress",44,-0.408638252026377,-1.49612634641103,0.0255212241600511,0.316981327380094,0.245765814740543,2981,"tags=43%, list=27%, signal=32%","USP14/SIGMAR1/UFL1/NR1H3/HYOU1/SELENOS/ATF6B/NR1H2/XBP1/AKT3/UBXN2A/PTPN1/BCL2L1/DNAJB9/PRKN/PPP1R15A/ALOX5/PPP1R15B/OPA1",0.352487857583619
"GO:0010001","glial cell differentiation",76,0.361525146968927,1.49314927224602,0.0126329123835021,0.249250299213098,0.193251770906294,2035,"tags=37%, list=18%, signal=30%","METRN/ADORA2A/NR1D1/SOX8/NOG/TNFRSF1A/CD9/QKI/CSK/AGER/BIN1/VPS54/MXRA8/NSUN5/SKI/PARD3/CERS5/MAPK1/MAP2K2/HDAC2/ZEB2/APP/TGFB1/EIF2B4/HRAS/SIRT2/SOX4/PTEN",0.380730400722792
"GO:0002360","T cell lineage commitment",25,-0.471767729380062,-1.49291550676326,0.0495238095238095,0.446029723991507,0.345821185813345,1499,"tags=36%, list=13%, signal=31%","BRD2/MTOR/SLAMF6/IL12RB1/SOCS3/STAT3/IRF4/CD69/OPA1",0.282013350011725
"GO:0002363","alpha-beta T cell lineage commitment",25,-0.471767729380062,-1.49291550676326,0.0495238095238095,0.446029723991507,0.345821185813345,1499,"tags=36%, list=13%, signal=31%","BRD2/MTOR/SLAMF6/IL12RB1/SOCS3/STAT3/IRF4/CD69/OPA1",0.282013350011725
"GO:0046653","tetrahydrofolate metabolic process",14,-0.52951906159293,-1.4881457165537,0.0477064220183486,0.438981870285976,0.340356758231984,2459,"tags=57%, list=22%, signal=45%","DHFR2/MTHFD1/GCH1/MTHFD2/MTHFS/DHFR/MTHFD1L/MTR",0.282013350011725
"GO:0008589","regulation of smoothened signaling pathway",41,0.399029600162449,1.48460008586207,0.0291814098099097,0.337096412315805,0.261361686833892,1177,"tags=29%, list=11%, signal=26%","FBXL17/GRK2/DYRK2/PRKCD/SUFU/POR/GSK3B/KCTD6/MOSMO/TMEM216/MAPK1/HHAT",0.352487857583619
"GO:0048598","embryonic morphogenesis",116,0.333043300629065,1.48353637436854,0.0133130800538013,0.253288680128903,0.19638285747284,1904,"tags=32%, list=17%, signal=27%","ZNF358/DVL1/HIPK2/STOX1/ITGB2/SEMA4C/HDAC1/SOX8/NOG/ROCK1/SRF/TPRN/LEO1/NPHP3/PPP1R35/SKI/DVL2/ZNF281/KCNQ1/YBX1/POGLUT1/HOXB4/DEAF1/RARG/KDM2B/CTNNB1/HDAC2/CHD7/ZNF568/TGFBR1/PKD2/TGFB1/RACK1/CREBBP/REST/BRD3/HIPK1",0.380730400722792
"GO:0003341","cilium movement",64,-0.379534640003897,-1.4833199557389,0.0197540029068046,0.291909467469069,0.226326795637991,2741,"tags=39%, list=25%, signal=30%","ING2/PSME3/ARMC2/BBOF1/PSMB3/TUBB4B/CFAP20/PSMA3/EFHC1/PSMA5/DNAH1/PSMB7/NME7/PSME4/MKKS/BBS2/TTC12/PSMA6/BBS1/SLC9B1/ATP2B4/TUBA1A/SLC9B2/KIF9/EFHC2",0.352487857583619
"GO:0006469","negative regulation of protein kinase activity",45,-0.403689161669689,-1.48140296550291,0.0208274963055662,0.294211441813344,0.228111590360471,1394,"tags=24%, list=13%, signal=21%","PTPN1/CD300A/AIDA/CDK5RAP3/AKT1S1/CHP1/ITGB1BP1/RB1/CEACAM1/PTPN22/GADD45A",0.352487857583619
"GO:1903039","positive regulation of leukocyte cell-cell adhesion",158,0.317410198196429,1.4799700382254,0.00539180979254787,0.174595856030443,0.135369780807912,688,"tags=19%, list=6%, signal=18%","CD4/IRAK1/BRD4/HLA-DOB/ITGB2/RASAL3/SMARCC1/CHST2/LCK/CD6/HSPH1/CD3E/TMIGD2/CSK/RELA/CCDC88B/ZBTB7B/AIF1/FCHO1/RARA/AGER/PNP/ZAP70/CD40LG/CARD11/AKT1/CD5/KLHL22/SOX12/SMARCA2",0.407017918923954
"GO:0002534","cytokine production involved in inflammatory response",36,-0.420124693885623,-1.47873693282373,0.0266451779382288,0.323593416980734,0.25089238040064,2238,"tags=42%, list=20%, signal=33%","CUEDC2/CARD9/XBP1/ZFP36/NLRC3/MAPK14/IL1RAP/PER1/GBP5/ABCD2/NFKBIA/NFKB1/ALOX5/STAT3/JAK2",0.352487857583619
"GO:1900015","regulation of cytokine production involved in inflammatory response",36,-0.420124693885623,-1.47873693282373,0.0266451779382288,0.323593416980734,0.25089238040064,2238,"tags=42%, list=20%, signal=33%","CUEDC2/CARD9/XBP1/ZFP36/NLRC3/MAPK14/IL1RAP/PER1/GBP5/ABCD2/NFKBIA/NFKB1/ALOX5/STAT3/JAK2",0.352487857583619
"GO:0032371","regulation of sterol transport",30,-0.442693021000849,-1.47711099162509,0.0432752257894318,0.421040155501765,0.326445969895558,1059,"tags=27%, list=9%, signal=24%","LAMTOR1/EEPD1/NFKBIA/ABCA1/NUS1/NFKB1/ANXA2/SREBF2",0.321775918075361
"GO:0032374","regulation of cholesterol transport",30,-0.442693021000849,-1.47711099162509,0.0432752257894318,0.421040155501765,0.326445969895558,1059,"tags=27%, list=9%, signal=24%","LAMTOR1/EEPD1/NFKBIA/ABCA1/NUS1/NFKB1/ANXA2/SREBF2",0.321775918075361
"GO:0034205","amyloid-beta formation",32,0.428963900840877,1.47228167758118,0.036733189597095,0.378284037184227,0.293295776663978,1121,"tags=22%, list=10%, signal=20%","CSNK1E/ROCK1/RELA/BIN1/GSK3A/ABCG1/EFNA1",0.321775918075361
"GO:0042594","response to starvation",156,-0.319531670686822,-1.47206730008111,0.00521357438555261,0.173481588170853,0.134505853110294,3004,"tags=37%, list=27%, signal=28%","MAP1LC3B/STK26/FLCN/WDR59/VAMP8/STX4/EIF2AK3/WRN/WDR45B/AMBRA1/TSC2/MTMR3/RIPOR1/BNIP1/DEPDC5/ACAT1/SEH1L/PRKAA1/SH3GLB1/ATG7/SLC38A2/FOXO3/GPR155/XBP1/LAMP2/PRKAG1/SRD5A1/FNIP1/ZFP36/WDR45/YWHAZ/EIF2AK1/BECN1/RPTOR/MTOR/GCN1/DDIT3/PIK3C3/ATG5/ATG14/UPP1/SESN3/CAD/SAR1A/YME1L1/CPEB4/XPR1/GABARAPL1/FAS/TBC1D5/SESN2/KLF10/ATF4/PMAIP1/MAP3K5/PAK1/SREBF2/FOS",0.407017918923954
"GO:0007224","smoothened signaling pathway",56,0.378555572918959,1.46988727787594,0.0281703421389657,0.332865156973517,0.258081058523172,1177,"tags=27%, list=11%, signal=24%","HIPK2/FBXL17/GRK2/GPC2/NOG/DYRK2/PRKCD/SUFU/POR/GSK3B/KCTD6/MOSMO/TMEM216/MAPK1/HHAT",0.352487857583619
"GO:0030042","actin filament depolymerization",37,0.416170451979511,1.46871767116214,0.0273381893004923,0.327594912465221,0.253994868506339,628,"tags=22%, list=6%, signal=20%","SH3BP1/CARMIL2/TWF2/RDX/PDXP/WDR1/DMTN/ADD3",0.352487857583619
"GO:0051650","establishment of vesicle localization",145,-0.321847083439344,-1.46831917906318,0.0157768986586587,0.265577794087422,0.205911002645988,2604,"tags=34%, list=23%, signal=26%","RAB27A/STARD3NL/TRAPPC9/PDCD6IP/TRIM46/CLASP1/F8A1/PPP6C/TBC1D23/TRAPPC2/MYO5A/AP3S2/CHMP2A/CDK5/RAB11A/EXOC8/MKKS/EXOC5/YKT6/PDZD11/DTNBP1/C17orf75/BBS2/PEF1/AP3B1/STXBP1/EXOC6/CLASP2/BTBD8/TMEM230/EXOC4/HTT/ARL6/EXOC1/WDR11/BLOC1S6/KIFAP3/EXOC7/NDEL1/LIN7C/PAFAH1B1/SAR1A/PRKN/SPG11/ITGA4/TRAK2/TRAPPC6A/BORCS5/AP3M2",0.352487857583619
"GO:0002237","response to molecule of bacterial origin",142,-0.323805874111783,-1.46773416581681,0.00706960841052216,0.191014515142898,0.148099695112552,2087,"tags=31%, list=19%, signal=26%","CASP3/GCH1/XBP1/PLSCR3/LY96/CEBPB/CASP1/CHMP5/ZFP36/GBP2/PELI1/MAP2K7/TNFRSF1B/TRAF6/LDOC1/MAPK14/MTDH/LIAS/TAB2/GBP3/GBP5/XIAP/IL18R1/MAPKAPK3/NFKB2/IFNAR1/CASP8/PLAA/NFKBIB/ABCA1/LTA/NR4A1/CCL28/NFKB1/MALT1/AHR/PDE4B/CD55/JAK2/TBXA2R/PTPN22/TNFAIP3/FOS/NFKBIZ",0.407017918923954
"GO:0071901","negative regulation of protein serine/threonine kinase activity",21,-0.472823345833903,-1.46695909864815,0.0474275872634764,0.438981870285976,0.340356758231984,1394,"tags=29%, list=13%, signal=25%","PTPN1/CD300A/AIDA/CDK5RAP3/PTPN22/GADD45A",0.321775918075361
"GO:0002698","negative regulation of immune effector process",55,-0.383790099274412,-1.46674499645575,0.0307262144118251,0.344110548449259,0.26679997209753,1582,"tags=22%, list=14%, signal=19%","HLA-A/CR1/CD300A/PARP3/SERPINB9/FOXJ1/RC3H1/CD84/AHR/CD55/CEACAM1/CD69",0.352487857583619
"GO:0072593","reactive oxygen species metabolic process",104,-0.34177018812437,-1.46644129754698,0.00731513421457452,0.192301787573684,0.149097758816683,731,"tags=16%, list=7%, signal=15%","CFLAR/VDAC1/HBA2/PRDX4/ACOX1/DHFR/PRKN/HDAC6/FAS/COQ7/SESN2/PREX1/ALOX5/HBB/STAT3/PMAIP1/GADD45A",0.407017918923954
"GO:0043122","regulation of canonical NF-kappaB signal transduction",229,-0.300480256978066,-1.46590666545174,0.00563226644485254,0.177827529545218,0.137875401189083,2306,"tags=30%, list=21%, signal=24%","CARD16/TRIM62/DDX21/PPM1N/SNIP1/DDX1/CARD9/AKAP13/TRAF3/C18orf32/IFIT5/CASP1/SQSTM1/MAPKBP1/LTB/TGFBR3/NLRC3/PELI1/APOL3/CYLD/TRAF6/MTDH/CPNE1/UBE2N/ATP2C1/IL1RAP/TRIM22/TAB2/TAB3/RIPK2/TRIM38/PER1/PELI2/ANXA4/XIAP/TBK1/RBX1/PLK2/USP10/PIM2/RHOH/LIMS1/PSMA6/CFLAR/CASP8/NFKBIA/TRAF1/EDA/TANK/FLNA/LTA/NOD1/BIRC3/OPTN/SLCO3A1/PRKN/TFRC/OTUD7B/IRAK1BP1/TNFRSF10B/NLRC5/REL/MALT1/GOLT1B/STAT3/SUMO4/TNFAIP3/TRADD",0.407017918923954
"GO:2000036","regulation of stem cell population maintenance",58,0.375856895884956,1.46335050551519,0.0213444876147398,0.297839856781994,0.230924817146911,3260,"tags=50%, list=29%, signal=36%","HDAC1/SMARCC1/ZNF706/LBH/BCL7A/SMARCA2/ING1/TAF5L/ZNF322/DPF2/HDAC2/SIN3A/BCLAF3/TET1/REST/KAT2A/BRMS1L/RBBP4/SMARCB1/TAF6L/BCL7C/PHF10/DCAF5/SAP30/ZC3H13/DDB1/ACTL6A/SAP30L/BICRA",0.352487857583619
"GO:0033673","negative regulation of kinase activity",51,-0.385634099656899,-1.46126379184496,0.0229189159822734,0.307258383744845,0.238227303926851,1394,"tags=24%, list=13%, signal=21%","PTPN1/CD300A/AIDA/CDK5RAP3/AKT1S1/CHP1/PRKN/ITGB1BP1/RB1/CEACAM1/PTPN22/GADD45A",0.352487857583619
"GO:0043123","positive regulation of canonical NF-kappaB signal transduction",159,-0.319061095371502,-1.458798509179,0.0088945562723632,0.219364579693981,0.170080411673781,2306,"tags=30%, list=21%, signal=24%","CARD16/TRIM62/DDX21/DDX1/CARD9/AKAP13/C18orf32/IFIT5/CASP1/LTB/PELI1/APOL3/TRAF6/MTDH/UBE2N/ATP2C1/IL1RAP/TRIM22/TAB2/TAB3/RIPK2/TRIM38/PELI2/XIAP/TBK1/RBX1/PLK2/PIM2/LIMS1/PSMA6/CFLAR/CASP8/TRAF1/EDA/FLNA/LTA/NOD1/BIRC3/SLCO3A1/PRKN/TFRC/IRAK1BP1/TNFRSF10B/REL/MALT1/GOLT1B/STAT3/TRADD",0.380730400722792
"GO:0097696","cell surface receptor signaling pathway via STAT",80,-0.350892081630079,-1.45853010219177,0.0152756628400142,0.259310805973349,0.201052005264172,1305,"tags=20%, list=12%, signal=18%","IFNAR2/CCL5/IL15RA/PIAS2/IFNAR1/IL12RB1/STAT4/SOCS1/CISH/IL2RA/SOCS3/OSM/STAT3/JAK2/SOCS2/GADD45A",0.380730400722792
"GO:0033363","secretory granule organization",35,-0.425661173668618,-1.4572457197803,0.0376151588495323,0.383083554123059,0.297016996461315,1447,"tags=29%, list=13%, signal=25%","DTNBP1/LYST/AP3B1/SNX19/AP1G1/BLOC1S6/ABCA1/PAFAH1B1/HPS5/SLC9A8",0.321775918075361
"GO:0097529","myeloid leukocyte migration",81,0.341884833933403,1.45675759212653,0.0170956983983843,0.26916879563644,0.208695221605267,1501,"tags=27%, list=13%, signal=24%","PTK2B/ITGB2/CKLF/CD9/WDR1/AIF1/IL17RA/MTUS1/AGER/CD200R1/VEGFB/PECAM1/CAMK1D/P2RX4/CCR7/RAC2/IL6R/NINJ1/MAPK1/PLCB1/PIP5K1C/APP",0.352487857583619
"GO:0045766","positive regulation of angiogenesis",62,0.36333382667698,1.45619852921041,0.0305497156900824,0.343745076809893,0.26651661018484,1398,"tags=26%, list=13%, signal=23%","PTK2B/HIPK2/ITGB2/JMJD8/TMIGD2/HSPB1/EMILIN2/AGO2/VEGFB/EPHA1/PKM/NINJ1/SMAD1/ZNF304/PRKCB/CTNNB1",0.352487857583619
"GO:0097581","lamellipodium organization",46,0.382708959252572,1.45583070702208,0.0307444360825717,0.344110548449259,0.26679997209753,2193,"tags=30%, list=20%, signal=25%","CARMIL2/TWF2/CORO1B/DMTN/ABI2/HSP90AA1/RAC2/ABI3/CDC42/ARFIP2/WAS/RAC1/CCDC88A/ARHGEF6",0.352487857583619
"GO:0002460","adaptive immune response based on somatic recombination of immune receptors built from immunoglobulin superfamily domains",176,-0.311585130490603,-1.45560785203335,0.00502814062095893,0.173409532635023,0.134449986136626,2491,"tags=30%, list=22%, signal=24%","PRKCZ/PSMB9/PSMB3/CD74/PRKAA1/CTSH/PSMA3/PSMA5/CARD9/HLA-B/MAD2L2/MR1/IGHV4-34/IGHV3-21/C1RL/ZBTB16/HLA-A/TNFRSF1B/TRAF6/BRD2/CR1/STX7/RNF8/HLA-C/MTOR/SLAMF6/BTN3A3/PRKCQ/PARP3/PCYT1A/FOXJ1/NBN/IL18R1/FCER1G/PSMA6/IGHA1/RC3H1/IGHV3-23/IL12RB1/STAT4/TFRC/MALT1/AHR/SOCS3/CD55/STAT3/JUNB/CEACAM1/IRF4/CD69/TNFAIP3/OPA1/NFKBIZ",0.407017918923954
"GO:0033962","P-body assembly",21,-0.468911567588051,-1.45482260255461,0.0493096646942801,0.445994877682593,0.34579416834966,1429,"tags=33%, list=13%, signal=29%","CNOT2/DYNC1H1/ATXN2/CNOT1/RC3H1/NBDY/PATL2",0.287857117255149
"GO:0034976","response to endoplasmic reticulum stress",218,-0.302735138163518,-1.45358486899994,0.00248521263385082,0.13177839990994,0.102172030405552,2024,"tags=24%, list=18%, signal=20%","XBP1/SEL1L/AKT3/CEBPB/CANX/SIK2/NIBAN1/UBXN2A/ERN1/CALR/ATP2A2/MAN1B1/STT3B/DNAJC10/PTPN1/TMEM117/FICD/UBQLN1/CREB3L2/DDIT3/BCL2L11/PIAS2/BCL2L1/RNF5/CDK5RAP3/ATF6/DERL1/RNF139/DNAJB9/UBQLN2/UFM1/YOD1/ITPR1/NOD1/ERO1A/PRKN/RPAP2/MBTPS2/SESN2/TNFRSF10B/PPP1R15A/PARP8/ATF4/ALOX5/STAT3/PPP1R15B/PMAIP1/HERPUD2/MAP3K5/BCL2/JUN/OPA1",0.431707695803346
"GO:0090596","sensory organ morphogenesis",46,0.382048458995255,1.45331815398837,0.0318231761375541,0.349837465902582,0.271240235331648,2533,"tags=52%, list=23%, signal=40%","HIPK2/STOX1/HDAC1/SOX8/NOG/TPRN/LRP5/SOX12/SKI/ABI2/KCNQ1/RARG/KDM2B/HDAC2/CHD7/C12orf57/REST/HIPK1/SOX4/TOPORS/STAU2/NIPBL/RDH13/NKD1",0.321775918075361
"GO:1905897","regulation of response to endoplasmic reticulum stress",80,-0.349044689814153,-1.45085116979308,0.0165198993174604,0.26916879563644,0.208695221605267,2981,"tags=39%, list=27%, signal=29%","USP14/SIGMAR1/UFL1/NR1H3/EIF2AK3/TMX1/HYOU1/SELENOS/ATF6B/NR1H2/XBP1/AKT3/SIK2/UBXN2A/ERN1/PTPN1/FICD/UBQLN1/DDIT3/BCL2L11/BCL2L1/ATF6/DNAJB9/UBQLN2/PRKN/MBTPS2/PPP1R15A/ALOX5/PPP1R15B/PMAIP1/OPA1",0.352487857583619
"GO:0007259","cell surface receptor signaling pathway via JAK-STAT",76,-0.355538296035915,-1.44924738428069,0.0167037943005861,0.26916879563644,0.208695221605267,1305,"tags=20%, list=12%, signal=18%","IFNAR2/IL15RA/PIAS2/IFNAR1/IL12RB1/STAT4/SOCS1/CISH/IL2RA/SOCS3/OSM/STAT3/JAK2/SOCS2/GADD45A",0.352487857583619
"GO:0141091","transforming growth factor beta receptor superfamily signaling pathway",146,0.311892251840105,1.44817937933864,0.00988198266236207,0.224900316073442,0.174372446074456,1807,"tags=27%, list=16%, signal=23%","USP9Y/LTBP3/HIPK2/GDF11/HDAC1/FAM89B/NOG/STK11/NREP/GIPC1/RGCC/FURIN/CDKN1C/MEN1/GLG1/NCLN/TGFBRAP1/LTBP4/EID2/SKI/ING1/APPL1/TMEM53/HSP90AB1/SMAD1/DUSP22/HDAC2/SNX6/ZEB2/ZBTB7A/ACVR2B/SIN3A/TGFBR1/BCL9L/TGFB1/CREBBP/SMAD7/PARP1/TET1",0.380730400722792
"GO:0051093","negative regulation of developmental process",393,0.275807911425521,1.44808110045668,0.000889734492998014,0.0770255861081138,0.0597204134457706,2252,"tags=30%, list=20%, signal=24%","RFLNB/YY1/ID3/PTK2B/GDF11/PSMB4/HDAC1/SMARCC1/NR1D1/ZNF706/BCR/SOX8/NOG/KLF13/LBH/VGLL4/FOXO1/ROCK1/LAPTM5/QKI/CARM1/RELA/HDAC5/SUFU/RGCC/TRIM11/ZBTB7B/LDB1/LEO1/BCL7A/PHF14/RARA/RPL4/MEN1/SLC4A2/GNAS/NPHP3/RCAN1/ZFP36L1/RPL30/GSK3B/LRP5/RPL12/RPL5/SMARCA2/CLSTN3/SKI/ING1/GSK3A/RPL11/YJEFN3/FOXO4/RAPGEF2/DYNLT1/RPL9/ABCG1/KRIT1/ULK1/DPF2/TMEM53/GPS2/EFNA1/RPL17/ANP32B/STAT5A/RPL7A/BCOR/CTNNB1/RPL21/DTX1/HDAC7/HDAC2/ZC3H8/RPL34/RPL7/ACVR2B/SIN3A/SUZ12/TGFBR1/RPL32/KLF2/RPL6/RPL18A/PML/TGFB1/RPL10/ADCK1/SMAD7/PARP1/TET1/REST/SIRT2/RPL28/EIF2AK4/RPL39/NAXE/NFATC3/SOX4/RPL19/BCL11A/ZNF675/BRMS1L/PTEN/FYN/HNRNPU/ZBED6/RPL24/PCID2/RPL29/INPP5D/RPL35A/RBBP4/WWC3/RPL36A/RPL10A/KAT8",0.477270815362862
"GO:0097191","extrinsic apoptotic signaling pathway",115,-0.331773528243591,-1.44602740619331,0.017561657917852,0.272881146108162,0.211573526285943,953,"tags=17%, list=9%, signal=16%","BCL2L1/HTT/FEM1B/CFLAR/CASP8/TRAF1/PPP2R1B/LTA/ACSL5/SIAH2/BIRC3/FAS/DDX47/TNFRSF10B/PMAIP1/JAK2/TNFAIP3/BCL2/TRADD/NFKBIZ",0.352487857583619
"GO:0047496","vesicle transport along microtubule",35,-0.422361776751787,-1.44595027558117,0.0493096646942801,0.445994877682593,0.34579416834966,1447,"tags=29%, list=13%, signal=25%","DTNBP1/AP3B1/HTT/BLOC1S6/KIFAP3/NDEL1/PAFAH1B1/TRAK2/BORCS5/AP3M2",0.287857117255149
"GO:0140056","organelle localization by membrane tethering",55,-0.377724097194717,-1.44356232911831,0.0369554386690598,0.378284037184227,0.293295776663978,1820,"tags=33%, list=16%, signal=28%","STX2/EXOC8/EXOC5/YKT6/ATP2A2/STX7/STXBP1/VMP1/EXOC6/EXOC4/STX16/EXOC1/STX12/BLOC1S6/ATG14/EXOC7/STX8/RALB",0.321775918075361
"GO:0007188","adenylate cyclase-modulating G protein-coupled receptor signaling pathway",65,-0.365434670587324,-1.44067993994886,0.0206805508855478,0.294211441813344,0.228111590360471,1274,"tags=26%, list=11%, signal=23%","RAP1A/PRKX/GNAI3/RGS2/CRTC3/PDE3B/GPR157/LPAR3/CXCR4/FLNA/ABCA1/ATP2B4/PTGER2/RGS1/PRKAR1A/PDE4B/TBXA2R",0.352487857583619
"GO:0016053","organic acid biosynthetic process",162,-0.314854759216977,-1.44040681984295,0.00600429123483397,0.178113310616543,0.138096976442149,2474,"tags=32%, list=22%, signal=25%","GATD1/ABHD3/CD74/PYCR1/PRKAA1/GLUL/TMEM135/NR1H2/DPYD/MTHFD1/CBR1/XBP1/TECR/PRKAG1/CASP1/GNE/PCBD1/PHGDH/STARD4/ELOVL5/OXSM/ACSL4/ACSM3/UROS/DECR2/PSAT1/LIAS/FABP5/MTHFD2/UGDH/ABCD2/NME1/OSBPL7/ASNSD1/OSBPL2/MGST3/VDAC1/CSAD/PLAA/MECR/SEPSECS/CAD/ACOX1/ME3/LPGAT1/MTHFD1L/ATP2B4/MTRR/MTR/ALOX5/CEACAM1/MTAP",0.407017918923954
"GO:0032946","positive regulation of mononuclear cell proliferation",62,0.359000052223683,1.43882927944212,0.0361257083969986,0.378106571323985,0.293158181676628,556,"tags=21%, list=5%, signal=20%","CD4/TCF3/RASAL3/CD6/CD3E/TMIGD2/SASH3/CCDC88B/AIF1/CD38/AGER/PNP/CD40LG",0.321775918075361
"GO:0050671","positive regulation of lymphocyte proliferation",62,0.359000052223683,1.43882927944212,0.0361257083969986,0.378106571323985,0.293158181676628,556,"tags=21%, list=5%, signal=20%","CD4/TCF3/RASAL3/CD6/CD3E/TMIGD2/SASH3/CCDC88B/AIF1/CD38/AGER/PNP/CD40LG",0.321775918075361
"GO:0140029","exocytic process",42,-0.397061127921082,-1.43792485338865,0.0464684014869888,0.436326520923829,0.338297980496391,1820,"tags=31%, list=16%, signal=26%","STX2/EXOC8/EXOC5/YKT6/STXBP1/EXOC6/EXOC4/EXOC1/BLOC1S6/FCER1G/OSBPL2/EXOC7/RALB",0.287857117255149
"GO:0006720","isoprenoid metabolic process",48,-0.381179989113043,-1.43788052874113,0.0471634704973764,0.438981870285976,0.340356758231984,1978,"tags=35%, list=18%, signal=29%","ALDH3A2/DHDDS/SRD5A1/COQ2/RDH14/FDPS/HMGCS1/DHRS7/PHYH/DHRS3/DPM1/NME1/GGPS1/IDI1/LDLR/NPC2/CYP4V2",0.321775918075361
"GO:1904018","positive regulation of vasculature development",65,0.354324593563624,1.43773092058011,0.0249378783841224,0.316401886841685,0.24531655586087,2014,"tags=32%, list=18%, signal=27%","PTK2B/HIPK2/ITGB2/JMJD8/TMIGD2/HSPB1/EMILIN2/AGO2/VEGFB/EPHA1/PKM/NINJ1/SMAD1/ZNF304/PRKCB/CTNNB1/TGFBR1/TGFB1/HIPK1/AGGF1/RRAS",0.352487857583619
"GO:0048736","appendage development",37,0.407378600952173,1.43769012726839,0.0338766370571077,0.365917403842396,0.283707528220535,2444,"tags=38%, list=22%, signal=30%","ZNF358/HDAC1/NOG/VPS54/SKI/RARG/CTNNB1/HDAC2/CHD7/CREBBP/KAT2A/CRBN/ZNF219/NIPBL",0.321775918075361
"GO:0060173","limb development",37,0.407378600952173,1.43769012726839,0.0338766370571077,0.365917403842396,0.283707528220535,2444,"tags=38%, list=22%, signal=30%","ZNF358/HDAC1/NOG/VPS54/SKI/RARG/CTNNB1/HDAC2/CHD7/CREBBP/KAT2A/CRBN/ZNF219/NIPBL",0.321775918075361
"GO:0008360","regulation of cell shape",58,0.369101471824035,1.43704913038346,0.0248724274767554,0.316401886841685,0.24531655586087,662,"tags=22%, list=6%, signal=21%","PRAG1/PTK2B/ITGB2/SEPTIN7/FMNL3/RDX/WDR1/MARK2/BRWD3/DMTN/ATP10A/FGD3/GAS2",0.352487857583619
"GO:0032496","response to lipopolysaccharide",141,-0.315650608041368,-1.43571291673652,0.021192722389583,0.297680557538447,0.230801307321579,2087,"tags=30%, list=19%, signal=25%","CASP3/GCH1/XBP1/PLSCR3/LY96/CEBPB/CASP1/CHMP5/ZFP36/GBP2/PELI1/MAP2K7/TNFRSF1B/TRAF6/LDOC1/MAPK14/MTDH/LIAS/TAB2/GBP3/GBP5/XIAP/IL18R1/MAPKAPK3/NFKB2/IFNAR1/CASP8/PLAA/NFKBIB/ABCA1/LTA/NR4A1/CCL28/NFKB1/MALT1/PDE4B/CD55/JAK2/TBXA2R/PTPN22/TNFAIP3/FOS/NFKBIZ",0.352487857583619
"GO:0019221","cytokine-mediated signaling pathway",267,-0.291077089867343,-1.43483909071374,0.00468278192540141,0.170015898117207,0.131818792182408,1772,"tags=23%, list=16%, signal=20%","SH2B3/IRF1/WBP1L/TTLL12/MKKS/CYLD/OTUD4/TNFRSF1B/TRAF6/EIF5A/MAPK14/BBS2/PTPN1/CPNE1/IFNAR2/CCL5/UBE2K/IL15RA/IL1RAP/ANXA4/XIAP/TBK1/ZBP1/SOS1/OXSR1/IL18R1/FCER1G/LIMS1/IFNAR1/CASP8/NFKBIA/IFNGR2/PLP2/TRAF1/EDA/TANK/CXCR4/IL12RB1/BIRC3/UGCG/PRKN/STAT4/FAS/SOCS1/VRK2/NLRC5/CISH/GREM2/NFKB1/IL2RA/SOCS3/TXK/OSM/STAT3/EGR1/CEACAM1/JAK2/SOCS2/TNFAIP3/TRADD/RPS6KA5/NFKBIZ",0.407017918923954
"GO:0071466","cellular response to xenobiotic stimulus",56,-0.367715593789383,-1.43476105444525,0.0471634704973764,0.438981870285976,0.340356758231984,1168,"tags=21%, list=10%, signal=19%","FBP1/ARNT/CYP2J2/CBR3/CAD/ABCA1/GUK1/TFRC/AHR/PDE4B/ABCC1/CD69",0.321775918075361
"GO:0010586","miRNA metabolic process",63,-0.356357137566759,-1.43366258021246,0.037950392787073,0.385132933499435,0.298605946183718,223,"tags=14%, list=2%, signal=14%","NFKB1/NOTCH2/STAT3/EGR1/MYB/SREBF2/FOS/JUN/NEAT1",0.321775918075361
"GO:0032436","positive regulation of proteasomal ubiquitin-dependent protein catabolic process",56,0.36865672992436,1.43145122139087,0.0370079857217007,0.378284037184227,0.293295776663978,1973,"tags=29%, list=18%, signal=24%","DVL1/CSNK1E/AXIN1/AXIN2/AKT1/GSK3B/GSK3A/DDRGK1/DNAJB2/ELOB/SUMO1/RACK1/NOP53/SMAD7/SIRT2/STUB1",0.321775918075361
"GO:0099173","postsynapse organization",109,0.317439625665702,1.4295861236225,0.0169212118857881,0.26916879563644,0.208695221605267,2268,"tags=29%, list=20%, signal=24%","GIT1/DVL1/PTK2B/UBE2M/SEMA4C/ACTN1/NRCAM/ARHGAP32/ZDHHC2/AKT1/ABI2/ZDHHC8/CDK5R1/ABHD17B/EFNA1/SYNGAP1/ABI3/APP/HIP1R/CDC42/MESD/CAPRIN2/SSH1/WASL/ABHD17A/PTEN/FYN/RAC1/LRP8/CAPRIN1/ARMCX5-GPRASP2/STAU2",0.352487857583619
"GO:0033002","muscle cell proliferation",73,-0.354848339390868,-1.42880702439964,0.0233818468294694,0.310086619809092,0.240420126281256,1726,"tags=27%, list=15%, signal=23%","TGFBR3/ERN1/MDM2/RBPJ/CCL5/BMPR1A/DDIT3/DIPK2A/CFLAR/NR4A3/ADAMTS1/MNAT1/PIM1/STAT3/JAK2/PAK1/MYB/TNFAIP3/FOS/JUN",0.352487857583619
"GO:0045859","regulation of protein kinase activity",141,-0.313449487883512,-1.42570128817819,0.0240183700699764,0.313495156421045,0.243062874308193,1585,"tags=22%, list=14%, signal=19%","CASS4/TNFRSF1B/COPS8/PTPN1/CD300A/AIDA/BLM/RAP1A/HERC5/MTOR/TAB2/GTF2H1/RAP2C/CDK5RAP3/DIPK2A/AKT1S1/CHP1/LTA/ITGB1BP1/SESN2/TNFRSF10B/PRKAR1A/CCNT1/RB1/MMD/STRADB/CEACAM1/JAK2/PTPN22/TSPYL2/GADD45A",0.352487857583619
"GO:0000302","response to reactive oxygen species",108,-0.328764403327849,-1.42548099402571,0.0321865672641175,0.352804698538466,0.273540826197079,2710,"tags=32%, list=24%, signal=25%","PEX14/PTPRK/HIF1A/MAPK13/TXNRD2/FXN/SOD2/PRKAA1/FOXO3/CASP3/GCH1/ZNF580/ATP7A/MT-ND5/ERN1/PPIF/BECN1/MDM2/PEX10/HBA1/ATM/MAP2K4/SESN3/HBA2/DHFR/HDAC6/SESN2/RHOB/HBB/MAP3K5/MYB/DUSP1/TNFAIP3/FOS/AREG",0.321775918075361
"GO:0046394","carboxylic acid biosynthetic process",160,-0.309634215852213,-1.42223349650486,0.0118288812253859,0.242406348589793,0.187945435940501,2474,"tags=32%, list=22%, signal=25%","GATD1/ABHD3/CD74/PYCR1/PRKAA1/GLUL/TMEM135/NR1H2/DPYD/MTHFD1/CBR1/XBP1/TECR/PRKAG1/CASP1/GNE/PCBD1/PHGDH/STARD4/ELOVL5/OXSM/ACSL4/ACSM3/UROS/DECR2/PSAT1/LIAS/FABP5/MTHFD2/UGDH/ABCD2/NME1/OSBPL7/ASNSD1/OSBPL2/MGST3/VDAC1/PLAA/MECR/SEPSECS/CAD/ACOX1/ME3/LPGAT1/MTHFD1L/ATP2B4/MTRR/MTR/ALOX5/CEACAM1/MTAP",0.380730400722792
"GO:0106027","neuron projection organization",54,0.368046985906151,1.42128085744772,0.0455433193842658,0.433172109479945,0.335852263882921,2396,"tags=39%, list=21%, signal=31%","DVL1/ARHGAP32/GSK3B/ABCD1/ABI2/CDK5R1/ABHD17B/EFNA1/ATP1A3/ABI3/APP/CDC42/CAPRIN2/WASL/PTEN/FYN/LRP8/CAPRIN1/ARMCX5-GPRASP2/STAU2/MAPRE3",0.321775918075361
"GO:0045995","regulation of embryonic development",51,0.374420605396493,1.42083024735831,0.028047580764217,0.332340328496672,0.257674142130724,1864,"tags=29%, list=17%, signal=25%","YY1/HDAC1/SEPTIN7/BAG6/NLRP2/POGLUT1/NR2C2/TFPT/PLCB1/HDAC2/ACTR8/MCRS1/RACK1/ZBED3/KAT2A",0.352487857583619
"GO:0015850","organic hydroxy compound transport",101,-0.329993427062983,-1.41750955603317,0.018751915816526,0.283080522753393,0.219481430930607,1059,"tags=20%, list=9%, signal=18%","LAMTOR1/EEPD1/STX12/OSBPL7/SLC16A1/FCER1G/OSBPL2/NFKBIA/ABCA1/NUS1/PRKN/EMB/RELCH/NFKB1/LDLR/NPC2/CEACAM1/MYB/ANXA2/SREBF2",0.352487857583619
"GO:0098869","cellular oxidant detoxification",50,-0.378334554749274,-1.41541012947325,0.0475285171102662,0.438981870285976,0.340356758231984,2479,"tags=36%, list=22%, signal=28%","TXNRD2/TP53INP1/SELENOT/SELENOS/SOD2/UBIAD1/GCH1/ATP7A/TXNRD1/HBA1/MGST3/HBA2/PRDX4/DHFR/SESN2/GSTZ1/GSTK1/HBB",0.287857117255149
"GO:0002822","regulation of adaptive immune response based on somatic recombination of immune receptors built from immunoglobulin superfamily domains",102,-0.327263369169741,-1.41228164160662,0.0152823435863596,0.259310805973349,0.201052005264172,1582,"tags=23%, list=14%, signal=20%","HLA-A/TNFRSF1B/TRAF6/BRD2/CR1/STX7/HLA-C/PRKCQ/PARP3/FOXJ1/IL18R1/RC3H1/IL12RB1/TFRC/MALT1/AHR/CD55/JUNB/CEACAM1/CD69/TNFAIP3/OPA1/NFKBIZ",0.380730400722792
"GO:0051222","positive regulation of protein transport",139,0.304260152253691,1.41200440534134,0.0219762568379956,0.302672991905122,0.234672102203429,2278,"tags=31%, list=20%, signal=25%","ADORA2A/ATP13A2/APBB1/PRKCD/CD38/ZDHHC2/GNAS/CAPN10/AKT1/GSK3B/TRIM28/PIK3R2/BAG3/CLN3/OSBP/ABCG1/HSP90AA1/NADK/ANP32B/IPO5/ERGIC3/GOLPH3L/PARD6A/PPID/APP/RXRA/CEP131/BAD/TGFB1/RACK1/CD81/HDAC3/LRRC8A/MLLT6/OAZ1/SOX4/ZFAND1/PGRMC1/OAZ2/RAC1/RAB29/BCAP31/DYNLL1",0.352487857583619
"GO:0038061","non-canonical NF-kappaB signal transduction",78,-0.343401676488369,-1.41096863648742,0.0230335139158088,0.307258383744845,0.238227303926851,1800,"tags=29%, list=16%, signal=25%","LTB/NLRC3/CYLD/TNFRSF1B/TRAF6/COPS8/CPNE1/TAB2/TAB3/FOXJ1/IL18R1/NFKB2/NFKBIA/TRAF1/EDA/RELB/LTA/NOD1/BIRC3/TNFRSF10B/REL/NFKB1/PTPN22",0.352487857583619
"GO:0050678","regulation of epithelial cell proliferation",107,-0.325742187404801,-1.40955498041885,0.0270993121564265,0.326577506157844,0.253206040684456,2116,"tags=27%, list=19%, signal=22%","PRKD2/XBP1/RUNX3/ZNF580/RTN4/AKT3/ZFP36/TGFBR3/NLRC3/RPTOR/SYNJ2BP/FBXW7/ARNT/MTSS1/RICTOR/NME1/CFLAR/NR4A3/NUS1/CDK6/NR4A1/ITGA4/NOTCH2/ALOX5/STAT3/CEACAM1/TNFAIP3/AREG/NEAT1",0.352487857583619
"GO:0001678","intracellular glucose homeostasis",82,0.339507135157331,1.40799788906799,0.0219271251761142,0.302672991905122,0.234672102203429,2279,"tags=32%, list=20%, signal=25%","FOXK2/NR1D1/FOXO1/SRF/SLC12A7/NCF1/AGER/GNAS/PIK3R2/GLCCI1/OSBP/USF2/HK1/NADK/ZNF236/RAB11FIP5/BAD/TGFB1/RACK1/LRRC8A/HKDC1/SOX4/RAC1/ZBED6/DYNLL1/SMARCB1",0.352487857583619
"GO:0050870","positive regulation of T cell activation",144,0.301014211768356,1.40571315345611,0.0203601526671625,0.294211441813344,0.228111590360471,688,"tags=18%, list=6%, signal=17%","CD4/BRD4/HLA-DOB/RASAL3/SMARCC1/LCK/CD6/HSPH1/CD3E/TMIGD2/CSK/CCDC88B/ZBTB7B/AIF1/FCHO1/RARA/AGER/PNP/ZAP70/CD40LG/CARD11/AKT1/CD5/KLHL22/SOX12/SMARCA2",0.352487857583619
"GO:0050729","positive regulation of inflammatory response",78,-0.341882846228484,-1.40472806747576,0.024287019646369,0.315062805320787,0.244278322903404,1297,"tags=21%, list=12%, signal=18%","CCL5/IL1RAP/GBP3/CLOCK/GBP5/ZBP1/CD47/NFKBIA/TRAF1/LDLR/ABCC1/OSM/STAT3/NEAT1/TRADD/NFKBIZ",0.352487857583619
"GO:0003018","vascular process in circulatory system",88,-0.33060416954592,-1.40055604160034,0.0352511747443861,0.373838708164215,0.289849170147995,1167,"tags=22%, list=10%, signal=19%","FABP5/SLC12A2/RGS2/RAP1GDS1/SLC7A1/SLC16A1/SLC38A5/SLCO3A1/ATP2B4/TFRC/ITGB1BP1/ITGA4/ATP8A1/CLDN5/SLC2A3/ABCC1/HBB/CEACAM1/TBXA2R",0.321775918075361
"GO:0043549","regulation of kinase activity",157,-0.307110036974678,-1.3999314691136,0.00910908174832002,0.222073130898698,0.172180438508471,1405,"tags=20%, list=13%, signal=18%","COPS8/PTPN1/CD300A/AIDA/BLM/RBL1/RAP1A/HERC5/MTOR/TAB2/GTF2H1/RAP2C/CDK5RAP3/DIPK2A/AKT1S1/CHP1/ZNF622/LTA/PRKN/ITGB1BP1/SESN2/TNFRSF10B/PRKAR1A/CCNT1/RB1/MMD/STRADB/CEACAM1/JAK2/PTPN22/TSPYL2/GADD45A",0.380730400722792
"GO:0015918","sterol transport",64,-0.357914014396563,-1.39882093499447,0.0383378193942276,0.386694323964636,0.299816542413407,1059,"tags=22%, list=9%, signal=20%","LAMTOR1/EEPD1/STX12/OSBPL7/OSBPL2/NFKBIA/ABCA1/NUS1/RELCH/NFKB1/LDLR/NPC2/ANXA2/SREBF2",0.321775918075361
"GO:0060070","canonical Wnt signaling pathway",143,0.30108117544127,1.39879766152378,0.0387895033889956,0.388857252988507,0.301493530828375,2583,"tags=36%, list=23%, signal=28%","DVL1/CSNK1E/HDAC1/AXIN1/NOG/CSNK1G2/STK11/TLE2/AMFR/AXIN2/ATP6AP2/NPHP3/CCAR2/DVL3/GSK3B/LRP5/TCF7/LRP6/DVL2/GSK3A/CCNYL1/GID8/GSKIP/LZTS2/RNF220/RARG/NRBP2/CTNNB1/ZEB2/APP/BCL9L/TGFB1/PRDM15/CAPRIN2/SMAD7/ZBED3/TLE5/TLE3/NEK4/SOX4/USP47/LEF1/FZD3/OTUD5/NKD1/SDHAF2/TBL1X/INVS/RUVBL2/JADE1/TCF7L2",0.321775918075361
"GO:0022409","positive regulation of cell-cell adhesion",173,0.294600954253177,1.3959688517156,0.0169463430280123,0.26916879563644,0.208695221605267,688,"tags=18%, list=6%, signal=17%","CD4/IRAK1/BRD4/HLA-DOB/ITGB2/RASAL3/SMARCC1/CHST2/LCK/CD6/HSPH1/CD3E/TMIGD2/CSK/RELA/EMILIN2/CCDC88B/ZBTB7B/AIF1/FCHO1/RARA/AGER/PNP/ZAP70/CD40LG/CARD11/AKT1/CD5/KLHL22/SOX12/SMARCA2",0.352487857583619
"GO:0044283","small molecule biosynthetic process",330,-0.277374598746624,-1.39536658755126,0.00309966705278819,0.151135490091121,0.117180204794574,2474,"tags=29%, list=22%, signal=24%","GATD1/DHFR2/SELENOS/ABHD3/CD74/PYCR1/H6PD/GGCX/PRKAA1/GLUL/TMEM135/ENO1/NR1H2/QDPR/PPIP5K1/ABCA2/UBIAD1/DPYD/MTHFD1/GCH1/CBR1/XBP1/DNPH1/TECR/DHDDS/PRKAG1/CASP1/CTDSPL2/CREB1/PFKFB3/COQ2/GNE/PCBD1/PHGDH/STARD4/STARD7/ELOVL5/FDPS/OXSM/ACSL4/ACSM3/HMGCS1/PFKFB2/AGK/RTN4IP1/SPTLC2/UROS/DECR2/PSAT1/LIAS/FBP1/FABP5/MTHFD2/PPTC7/ASAH2B/UGDH/HSD17B7/ABCD2/OGT/HSD17B1/NME1/OSBPL7/DCTD/ASNSD1/OSBPL2/MGST3/VDAC1/TOX4/CSAD/PLAA/MECR/SEPSECS/KDM3A/CAD/ACOX1/ME3/DHFR/LPGAT1/ACAA2/MTHFD1L/IDI1/ATP2B4/PDXK/MBTPS2/COQ7/ARPP19/MTRR/NFKB1/MTR/ATF4/ALOX5/ADK/EGR1/CEACAM1/MTAP/CYP51A1/SREBF2",0.431707695803346
"GO:0046631","alpha-beta T cell activation",124,-0.313772384937436,-1.39484037781713,0.0208763894356003,0.294211441813344,0.228111590360471,1802,"tags=27%, list=16%, signal=23%","ATP7A/ZBTB16/IRF1/TNFSF8/HLA-A/STOML2/BRD2/CD300A/MTOR/AP3B1/CBFB/SLAMF6/PRKCQ/TBK1/ITK/IL18R1/PSMA6/RC3H1/IL12RB1/CLEC2B/STAT4/SOCS1/PRDM1/MALT1/SOCS3/CD55/STAT3/JUNB/JAK2/IRF4/MYB/CD69/OPA1/NFKBIZ",0.352487857583619
"GO:0062013","positive regulation of small molecule metabolic process",80,-0.335455882776338,-1.39436746681108,0.0313411617663288,0.34820479502224,0.269974373104283,2392,"tags=36%, list=21%, signal=29%","CD74/PRKAA1/ENO1/NR1H2/IRS2/PRKAG1/CTDSPL2/CREB1/ZBTB20/STARD4/ELOVL5/RPTOR/MTOR/PPTC7/ARNT/ABCD2/PRXL2C/TOX4/PDP1/PLAA/EPM2AIP1/LPGAT1/PRKN/MBTPS2/ARPP19/STAT3/CPT1A/PMAIP1/SREBF2",0.321775918075361
"GO:0050921","positive regulation of chemotaxis",52,0.365862706467352,1.39417663185038,0.0415428176927442,0.410780029493289,0.318490964316348,1696,"tags=27%, list=15%, signal=23%","PTK2B/HSPB1/STK39/AIF1/VEGFB/CAMK1D/IL16/P2RX4/CCR7/RAC2/IL6R/MAPK1/APP/TGFB1",0.321775918075361
"GO:0009636","response to toxic substance",121,-0.315257751621484,-1.39366098334177,0.0207976106075415,0.294211441813344,0.228111590360471,2479,"tags=28%, list=22%, signal=22%","TXNRD2/GATD1/TP53INP1/SELENOT/SELENOS/SOD2/ESD/UBIAD1/GCH1/SRD5A1/ATP7A/MT-CYB/PON2/MT1E/MDM2/TXNRD1/CCL5/HBA1/MGST3/HBA2/PRDX4/DHFR/PRKN/CLYBL/SESN2/GSTZ1/GSTK1/AHR/ATF4/HBB/PIM1/ADK/FOS/BCL2",0.352487857583619
"GO:0051648","vesicle localization",152,-0.305311032717612,-1.39210833703034,0.0165198993174604,0.26916879563644,0.208695221605267,2604,"tags=33%, list=23%, signal=26%","RAB27A/STARD3NL/TRAPPC9/PDCD6IP/TRIM46/CLASP1/F8A1/PPP6C/TBC1D23/TRAPPC2/MYO5A/AP3S2/CHMP2A/CDK5/RAB11A/EXOC8/MKKS/EXOC5/YKT6/PDZD11/OPN3/DTNBP1/C17orf75/BBS2/PEF1/AP3B1/STXBP1/EXOC6/CLASP2/BTBD8/TMEM230/EXOC4/HTT/ARL6/EXOC1/WDR11/BLOC1S6/KIFAP3/EXOC7/NDEL1/LIN7C/PAFAH1B1/SAR1A/PRKN/SPG11/ITGA4/TRAK2/TRAPPC6A/BORCS5/AP3M2",0.352487857583619
"GO:1901800","positive regulation of proteasomal protein catabolic process",81,0.325815089742131,1.38828505538122,0.0304499200897787,0.343533406970323,0.266352495752587,1973,"tags=26%, list=18%, signal=21%","DVL1/CSNK1E/BAG6/AXIN1/FMR1/TMEM259/AXIN2/AKT1/GSK3B/GSK3A/RNF185/DDRGK1/DNAJB2/ELOB/SUMO1/ATXN3/RACK1/NOP53/SMAD7/SIRT2/STUB1",0.352487857583619
"GO:0061136","regulation of proteasomal protein catabolic process",171,0.293416783289156,1.38653990949916,0.0142622845329425,0.257614825973673,0.199737057441064,1864,"tags=22%, list=17%, signal=19%","DVL1/CSNK1E/USP7/PSMB4/ZNF418/BAG6/AXIN1/CSNK2A2/FMR1/TMEM259/GIPC1/WAC/AXIN2/TLK2/CCAR2/GNA12/AKT1/GSK3B/PSMD4/GSK3A/CBX4/RPL11/HSP90AB1/RNF185/DDRGK1/PSMF1/DNAJB2/ELOB/UBB/PSMC4/SUMO1/PKD1/ATXN3/RACK1/NOP53/SMAD7/SIRT2/KAT2A",0.380730400722792
"GO:0032956","regulation of actin cytoskeleton organization",185,0.288566441176622,1.37969692681959,0.0122865928581946,0.246633554364432,0.19122292449122,1806,"tags=24%, list=16%, signal=21%","TESK1/SH3BP1/PTK2B/CARMIL2/TWF2/RDX/PDXP/ROCK1/PRKCD/RGCC/WDR1/PLEKHG2/CORO1B/SLC4A2/BIN1/CAPN10/DVL3/DMTN/INPPL1/ADD3/DVL2/EPHA1/LIMK1/ABI2/RHOF/CDK5R1/ARPC5/CCR7/EVL/RAC2/RHOQ/SVIL/GBA2/CDK10/NCK2/WASHC1/HIP1R/CDC42/F11R/TGFBR1/TRIOBP/ARFIP2/WAS/HRAS/SSH1",0.380730400722792
"GO:0044057","regulation of system process",168,0.289272880767725,1.37795657626184,0.0158576158832775,0.265881448920407,0.206146436001149,1806,"tags=24%, list=16%, signal=21%","YY1/DVL1/PTK2B/GRK2/HRH2/SETD3/FOXO1/FMR1/ROCK1/TNFRSF1A/QKI/SRF/GSTM2/STK39/CD38/AGER/BIN1/GNAS/KCNH2/ADD3/FAAH/DMPK/GSK3A/PARD3/P2RX4/KCNQ1/HSP90AA1/ATP2A3/CACNB1/ATP1A3/RNF220/TMEM65/C12orf57/APP/GSTO1/HIP1R/PRKAR1B/SUMO1/SMAD7/PARP1/SSH1",0.352487857583619
"GO:0007178","cell surface receptor protein serine/threonine kinase signaling pathway",156,0.296376842262573,1.37778086926418,0.0131012795002162,0.252941652810398,0.196113796035138,2027,"tags=28%, list=18%, signal=23%","USP9Y/LTBP3/HIPK2/GDF11/HDAC1/FAM89B/NOG/STK11/NREP/GIPC1/RGCC/FURIN/CDKN1C/MEN1/GLG1/NCLN/TGFBRAP1/LTBP4/EID2/SKI/ING1/APPL1/TMEM53/HSP90AB1/SMAD1/DUSP22/HDAC2/SNX6/ZEB2/ZBTB7A/ACVR2B/NUP93/SIN3A/TGFBR1/BCL9L/TGFB1/CREBBP/SMAD7/PARP1/TET1/GLCE/STUB1/BRMS1L/FKBP1A",0.380730400722792
"GO:0007167","enzyme-linked receptor protein signaling pathway",401,0.262639971078946,1.37496576837634,0.00211407642176559,0.121188002447698,0.0939609547493102,1807,"tags=23%, list=16%, signal=20%","USP9Y/DOK2/MAPKAPK2/LTBP3/PTK2B/CD4/HIPK2/GDF11/HDAC1/FAM89B/PTPN12/LCK/EPHB6/NOG/FOXO1/CD3E/STK11/CBL/PRKCD/NREP/CUL7/CD7/HSPB1/RELA/GKAP1/GIPC1/RGCC/FURIN/ZBTB7B/CDKN1C/PHF14/MEN1/GLG1/SAMD10/NCLN/INPPL1/AKT1/TGFBRAP1/GSK3B/LTBP4/VEGFB/STMN1/TMEM204/PIK3R2/CTSD/EID2/SKI/EPHA1/ING1/GSK3A/OSBPL8/FOXO4/CDK5R1/RAPGEF2/SLC27A4/APPL1/PTPRE/TMEM53/HSP90AB1/SMAD1/RHOQ/EFNA1/VAV1/MAPK1/RAPGEF1/STAT5A/GIGYF1/DUSP22/ZFYVE27/MAP2K2/DGKQ/PRKCB/PLCB1/MVB12A/CTNNB1/ZFYVE28/HDAC2/SNX6/NCK2/ZEB2/ZBTB7A/HIP1R/ACVR2B/NUP93/SIN3A/TGFBR1/BCL9L/TGFB1/HRAS/CREBBP/SMAD7/PARP1/TET1",0.431707695803346
"GO:0032609","type II interferon production",64,-0.351611890964071,-1.37419059966896,0.046594982078853,0.436326520923829,0.338297980496391,1097,"tags=20%, list=10%, signal=18%","DDIT3/SLAMF6/HLA-DPA1/IL18R1/CD47/CEBPG/HLA-DPB1/PSMA6/IL12RB1/BTN3A1/PDE4B/TXK/PTPN22",0.282013350011725
"GO:0032649","regulation of type II interferon production",64,-0.351611890964071,-1.37419059966896,0.046594982078853,0.436326520923829,0.338297980496391,1097,"tags=20%, list=10%, signal=18%","DDIT3/SLAMF6/HLA-DPA1/IL18R1/CD47/CEBPG/HLA-DPB1/PSMA6/IL12RB1/BTN3A1/PDE4B/TXK/PTPN22",0.282013350011725
"GO:0031345","negative regulation of cell projection organization",83,0.32571018192823,1.37390703190211,0.0242652800044676,0.315062805320787,0.244278322903404,2237,"tags=34%, list=20%, signal=27%","TESK1/PRAG1/ITM2C/FKBP4/PRKCD/GFI1/DENND5A/CARM1/CD38/AKT1/RAB3IP/RAPGEF2/EVL/ULK1/EFNA1/LUZP1/ABI3/CDK10/GDI2/HDAC2/APP/GLCE/BCL11A/PTEN/FYN/STMN3/TCHP/RAB29",0.352487857583619
"GO:0042177","negative regulation of protein catabolic process",91,0.31505741481814,1.37270498396292,0.0356055778417204,0.37665551422588,0.2920331304539,1864,"tags=27%, list=17%, signal=23%","USP7/TIMP2/HIPK2/ATP13A2/BAG6/CSNK2A2/ROCK1/GIPC1/WAC/FURIN/TLK2/CCAR2/RPL5/CBX4/RPL11/HSP90AB1/DMWD/DDRGK1/PSMF1/SNX3/RPS7/PML/NOP53/SIRT2/KAT2A",0.321775918075361
"GO:0001649","osteoblast differentiation",90,0.316922244783683,1.36898277130534,0.0480418109133541,0.441111172931706,0.34200767503482,2243,"tags=32%, list=20%, signal=26%","SOX8/NOG/RSL1D1/SUFU/MEN1/AKT1/GSK3B/LRP5/SYNCRIP/HEMGN/SKI/ALYREF/TMEM53/IL6R/SMAD1/CAT/CTNNB1/VCAN/HDAC7/ACVR2B/SND1/REST/HSD17B4/MYBBP1A/PTEN/HNRNPU/DNAJC13/SMAD5/LEF1",0.321775918075361
"GO:0042742","defense response to bacterium",91,-0.322187354732282,-1.36618243785657,0.0412223213402178,0.40856328767571,0.316772253112223,2003,"tags=26%, list=18%, signal=22%","MR1/GSDMB/GBP4/CEBPB/CASP1/MAPKBP1/GBP2/HLA-A/LYST/TAB2/TAB3/RIPK2/GBP3/GBP5/XIAP/IL18R1/NAGK/IGHA1/NOD1/OPTN/NFKB1/JCHAIN/APOL1/NFKBIZ",0.321775918075361
"GO:0045785","positive regulation of cell adhesion",231,0.278712368656135,1.3653538176534,0.011635026998122,0.242406348589793,0.187945435940501,920,"tags=17%, list=8%, signal=16%","TESK1/PTK2B/CD4/IRAK1/BRD4/HLA-DOB/ITGB2/RASAL3/SMARCC1/CHST2/LCK/CD6/HSPH1/CD3E/ROCK1/TMIGD2/CSK/RELA/EMILIN2/CCDC88B/ZBTB7B/AIF1/FCHO1/RARA/AGER/MAP4K4/PNP/ZAP70/CD40LG/CARD11/AKT1/GSK3B/CD5/KLHL22/SOX12/SMARCA2/EPHA1/GSK3A/HLA-DMB/CCR7",0.380730400722792
"GO:0022603","regulation of anatomical structure morphogenesis",324,0.265488959885804,1.36237999402206,0.00588058027944702,0.177827529545218,0.137875401189083,2268,"tags=29%, list=20%, signal=24%","PRAG1/LFNG/DVL1/PTK2B/METRN/HIPK2/STOX1/ITGB2/SEPTIN7/FMNL3/CCM2/JMJD8/BCR/SOX8/NOG/TWF2/RDX/RAP2A/ROCK1/TMIGD2/QKI/CUL7/HSPB1/RELA/EMILIN2/AGO2/TMBIM1/RGCC/WDR1/AMIGO1/CORO1B/ARHGAP32/MARK2/BRWD3/DVL3/DMTN/GSK3B/VEGFB/ATP10A/FGD3/GAS2/DVL2/ZNF135/EPHA1/LIMK1/ABI2/YJEFN3/FOXO4/CDK5R1/RAPGEF2/KRIT1/ULK1/RAC2/POGLUT1/PKM/NINJ1/MSN/SMAD1/EFNA1/ZNF304/ABI3/ZFYVE27/PRKCB/LST1/CTNNB1/F11R/MAP3K13/KLF2/BCL9L/PML/TGFB1/CAPRIN2/RACK1/ADCK1/GOLGA4/HIPK1/NSMF/NAXE/NFATC3/AGGF1/BCL11A/RRAS/PTEN/FYN/RAC1/KCTD12/BTBD7/CPNE8/LRP8/CAPRIN1/ARMCX5-GPRASP2/ITGA5/STAU2",0.407017918923954
"GO:0090257","regulation of muscle system process",83,0.3225827834001,1.36071507454935,0.0291531728225167,0.337096412315805,0.261361686833892,2439,"tags=33%, list=22%, signal=26%","YY1/GRK2/SETD3/FOXO1/ROCK1/TNFRSF1A/SRF/GSTM2/BIN1/GNAS/DMPK/GSK3A/P2RX4/KCNQ1/HSP90AA1/CACNB1/C12orf57/GSTO1/SUMO1/SMAD7/PARP1/STUB1/FKBP1A/RANGRF/JUND/MAP2K1/AKAP9",0.352487857583619
"GO:0022407","regulation of cell-cell adhesion",261,0.271808674583371,1.3588990495729,0.0117141768416466,0.242406348589793,0.187945435940501,709,"tags=16%, list=6%, signal=16%","LRFN3/CD4/IRAK1/BRD4/HLA-DOB/PSMB4/ITGB2/RASAL3/SMARCC1/CHST2/LCK/CD6/HSPH1/CD3E/LAPTM5/CD9/TMIGD2/CBL/PRKCD/CSK/RELA/EMILIN2/RGCC/CCDC88B/ZBTB7B/AIF1/FCHO1/RARA/ZDHHC2/AGER/SLC4A2/PNP/ZAP70/TNFAIP8L2/FERMT3/CD40LG/CARD11/AKT1/CD5/KLHL22/SOX12/SMARCA2/BTLA",0.380730400722792
"GO:0006954","inflammatory response",373,-0.2668062639743,-1.35862596941039,0.00301378925888972,0.148656907397793,0.115258479940741,1297,"tags=19%, list=12%, signal=17%","CCL5/NR3C1/HBA1/FAM76B/MTOR/TRIM14/LIAS/IL1RAP/TAB2/RIPK2/ARNT/PRKCQ/PER1/GBP3/ZDHHC12/CLOCK/GBP5/XIAP/ABCD2/TBK1/RBX1/OGT/ZBP1/PLK2/IL18R1/CD47/NRROS/ITIH4/HPSE/BLOC1S6/FCER1G/PSMA6/CASP8/NFKBIA/IFNGR2/KLRG1/TRAF1/CXCR4/HBA2/NR4A3/RELB/NOD1/BIRC3/NR4A1/TFRC/PTGER2/CCL28/REL/PRKAR1A/NFKB1/TLR5/AHR/IL2RA/LDLR/RB1/ABCC1/ALOX5/OSM/HBB/STAT3/JAK2/TBXA2R/PTPN22/CD69/TNFAIP3/FOS/NEAT1/TRADD/RPS6KA5/NFKBIZ",0.431707695803346
"GO:0032970","regulation of actin filament-based process",198,0.283125919979554,1.35847240719631,0.0116105122094613,0.242406348589793,0.187945435940501,1806,"tags=24%, list=16%, signal=21%","TESK1/SH3BP1/PTK2B/CARMIL2/ABRACL/TWF2/RDX/PDXP/ROCK1/PRKCD/RGCC/WDR1/PLEKHG2/CORO1B/SLC4A2/BIN1/CAPN10/DVL3/DMTN/INPPL1/ADD3/DVL2/EPHA1/LIMK1/ABI2/RHOF/CDK5R1/ARPC5/CCR7/EVL/RAC2/RHOQ/SVIL/GBA2/CDK10/NCK2/ZEB2/WASHC1/HIP1R/CDC42/F11R/TGFBR1/SUMO1/TRIOBP/ARFIP2/WAS/HRAS/SSH1",0.380730400722792
"GO:1903037","regulation of leukocyte cell-cell adhesion",216,0.272869902331686,1.34847529998881,0.0122124132448241,0.246633554364432,0.19122292449122,709,"tags=17%, list=6%, signal=16%","CD4/IRAK1/BRD4/HLA-DOB/PSMB4/ITGB2/RASAL3/SMARCC1/CHST2/LCK/CD6/HSPH1/CD3E/LAPTM5/TMIGD2/CBL/CSK/RELA/CCDC88B/ZBTB7B/AIF1/FCHO1/RARA/AGER/SLC4A2/PNP/ZAP70/TNFAIP8L2/CD40LG/CARD11/AKT1/CD5/KLHL22/SOX12/SMARCA2/BTLA",0.380730400722792
"GO:0051251","positive regulation of lymphocyte activation",184,0.284083744646471,1.34843981383606,0.0245495180890801,0.315572896163267,0.244673812734082,1207,"tags=20%, list=11%, signal=18%","CD4/BRD4/HLA-DOB/TCF3/RASAL3/SMARCC1/LCK/CD6/HSPH1/CD3E/TMIGD2/KMT5B/SASH3/CSK/CCDC88B/ZBTB7B/AIF1/FCHO1/CD38/RARA/AGER/PNP/ZAP70/CD40LG/CARD11/AKT1/CD5/KLHL22/SOX12/SMARCA2/PAXIP1/HLA-DMB/CCR7/PBRM1/VAV1/TP53BP1/DDRGK1",0.352487857583619
"GO:0007159","leukocyte cell-cell adhesion",241,0.273387462585945,1.34830452330573,0.00831727297824339,0.20876847321721,0.161864909635017,709,"tags=17%, list=6%, signal=16%","CD4/IRAK1/BRD4/HLA-DOB/PSMB4/ITGB2/RASAL3/SMARCC1/CHST2/NT5E/LCK/CD6/HSPH1/CD3E/ROCK1/LAPTM5/TMIGD2/CBL/CSK/RELA/CCDC88B/ZBTB7B/AIF1/FCHO1/RARA/AGER/SLC4A2/PNP/ZAP70/TNFAIP8L2/FERMT3/CD40LG/CARD11/AKT1/PECAM1/CD5/KLHL22/SOX12/SMARCA2/BTLA",0.380730400722792
"GO:0030029","actin filament-based process",378,0.259549675092792,1.34556063813117,0.00230019348998292,0.12671975044815,0.098249896831505,1982,"tags=24%, list=18%, signal=21%","TESK1/RFLNB/SH3BP1/PTK2B/NUAK2/CARMIL2/FMNL3/SETD3/ABRACL/TWF2/RDX/PDXP/RAP2A/ROCK1/PDLIM2/QKI/PRKCD/SRF/GIPC1/RGCC/ACTN1/WDR1/AIF1/PLEKHG2/MARCKSL1/CORO1B/ARHGEF12/SLC4A2/BIN1/CAPN10/DVL3/KCNH2/DMTN/INPPL1/ADD3/FGD3/GAS2/DNM2/HSP90B1/DVL2/EPHA1/LIMK1/ABI2/RHOF/CDK5R1/ARPC5/CCR7/TESK2/PLEK2/EVL/KCNQ1/RAC2/RHOQ/LUZP1/TPM2/SVIL/GBA2/OBSCN/ABI3/CAP1/EHBP1L1/CSRP1/PIP5K1C/CDK10/NCK2/ZEB2/WASHC1/LLGL2/HIP1R/CDC42/F11R/TGFBR1/ARHGEF2/SUMO1/TRIOBP/ARFIP2/ATXN3/SUN2/WAS/HRAS/ELMO3/DIAPH1/SSH1/ZBED3/WASL/FHL3/ARHGAP26/PACSIN2/TRIM27/MICAL1/COTL1/ARHGEF19",0.431707695803346
"GO:0071219","cellular response to molecule of bacterial origin",103,-0.318441972172492,-1.34394217199781,0.0460405156537753,0.434975205798029,0.337250262431707,2024,"tags=30%, list=18%, signal=25%","XBP1/PLSCR3/LY96/CEBPB/CASP1/CHMP5/ZFP36/GBP2/MAP2K7/TNFRSF1B/TRAF6/LDOC1/MAPK14/MTDH/GBP3/GBP5/IL18R1/PLAA/NFKBIB/ABCA1/CCL28/NFKB1/MALT1/AHR/PDE4B/CD55/JAK2/TBXA2R/PTPN22/TNFAIP3/NFKBIZ",0.287857117255149
"GO:0050821","protein stabilization",183,0.278669776810876,1.3434575133127,0.0311832917647264,0.348104009647288,0.269896230962619,2601,"tags=31%, list=23%, signal=24%","WIZ/DVL1/USP7/DNLZ/BAG6/USP27X/CBL/PRKCD/HSPB1/NAA16/CCT6A/DVL3/NCLN/RPAP3/VHL/BAG3/TMC8/WDR81/CBX4/LAMP1/CCT2/HSP90AA1/HSP90AB1/EFNA1/PTGES3/SAV1/TCP1/HSPD1/HIP1R/PRKRA/TTI1/SUMO1/PML/PDRG1/NOP53/SMAD7/ZBED3/TRIM44/CCT7/UXT/RASSF2/SOX4/STUB1/PTEN/CRTAP/CCT3/TELO2/CEP63/HERC2/USP36/PAK4/RPL23/P3H1/HSPA1A/TBL1X/RUVBL2/ATP1B3",0.352487857583619
"GO:0042176","regulation of protein catabolic process",298,0.262360935234785,1.33936327024575,0.00808007135247124,0.20699670837133,0.160491203384004,1903,"tags=22%, list=17%, signal=19%","DVL1/CSNK1E/PTK2B/FBXO2/USP7/TIMP2/HIPK2/PSMB4/ATP13A2/ZNF418/BAG6/AXIN1/RDX/CSNK2A2/VGLL4/FOXO1/FMR1/ROCK1/LAPTM5/TMEM259/GIPC1/WAC/FURIN/AXIN2/TLK2/ZDHHC2/CCDC22/CCAR2/GNA12/AKT1/GSK3B/EGLN2/SNF8/RPL5/PSMD4/GSK3A/CBX4/UBR3/RPL11/HSP90AA1/HSP90AB1/DMWD/MSN/RNF185/DDRGK1/BARD1/PSMF1/DNAJB2/SNX3/ELOB/UBB/APP/PSMC4/EEF1A1/SUMO1/RPS7/PML/PKD1/ATXN3/RACK1/CD81/NOP53/SMAD7/SIRT2/KAT2A/OAZ1",0.380730400722792
"GO:0044092","negative regulation of molecular function",137,-0.293936230215579,-1.33555695521402,0.0442427724127638,0.426574120648969,0.330736631002915,1445,"tags=19%, list=13%, signal=17%","CR1/PTPN1/CPNE1/CD300A/AIDA/FICD/ILRUN/UBQLN1/GNAI3/ABCE1/CDK5RAP3/AKT1S1/CHP1/SERPINB1/PRKN/ITGB1BP1/RIPOR2/RB1/TCAF2/TIMP1/SUMO4/CEACAM1/PTPN22/ANK3/GADD45A/JUN",0.321775918075361
"GO:0035295","tube development",304,0.262728119006693,1.33285194111642,0.0114290973167393,0.242406348589793,0.187945435940501,1955,"tags=25%, list=18%, signal=21%","ZNF358/DVL1/PTK2B/HECA/HIPK2/STOX1/ITGB2/SEMA4C/LTA4H/FMNL3/CCM2/BAG6/JMJD8/SOX8/NOG/ROCK1/TMIGD2/QKI/CUL7/SRF/HSPB1/RELA/EMILIN2/AGO2/HDAC5/RGCC/NRCAM/PHF14/ATP6AP2/SLC4A2/NPHP3/AKT1/LRP5/VEGFB/SKI/DVL2/EPHA1/YJEFN3/FOXO4/PAXIP1/RAPGEF2/KRIT1/KCNQ1/GNAI2/PKM/NINJ1/SMAD1/EFNA1/PLXDC1/ERAP1/ZNF304/CAT/DEAF1/SSBP3/KDM2B/PRKCB/CTNNB1/HDAC7/CDC42/TGFBR1/PKD2/KLF2/AAMP/PML/TGFB1/PKD1/ELMO3/SMAD7/KLHL3/HS3ST3B1/PACSIN2/HIPK1/NAXE/NFATC3/AGGF1/SOX4",0.380730400722792
"GO:0030036","actin cytoskeleton organization",357,0.255880951001146,1.33141446105888,0.0113918845272893,0.242406348589793,0.187945435940501,1982,"tags=24%, list=18%, signal=20%","TESK1/RFLNB/SH3BP1/PTK2B/NUAK2/CARMIL2/FMNL3/SETD3/TWF2/RDX/PDXP/RAP2A/ROCK1/PDLIM2/PRKCD/SRF/GIPC1/RGCC/ACTN1/WDR1/AIF1/PLEKHG2/MARCKSL1/CORO1B/ARHGEF12/SLC4A2/BIN1/CAPN10/DVL3/DMTN/INPPL1/ADD3/FGD3/GAS2/DNM2/HSP90B1/DVL2/EPHA1/LIMK1/ABI2/RHOF/CDK5R1/ARPC5/CCR7/TESK2/PLEK2/EVL/RAC2/RHOQ/LUZP1/TPM2/SVIL/GBA2/OBSCN/ABI3/CAP1/EHBP1L1/CSRP1/PIP5K1C/CDK10/NCK2/ZEB2/WASHC1/LLGL2/HIP1R/CDC42/F11R/TGFBR1/ARHGEF2/TRIOBP/ARFIP2/ATXN3/WAS/HRAS/ELMO3/DIAPH1/SSH1/ZBED3/WASL/FHL3/ARHGAP26/PACSIN2/TRIM27/MICAL1/COTL1/ARHGEF19",0.380730400722792
"GO:0002696","positive regulation of leukocyte activation",196,0.278311376223853,1.3305683254834,0.0136803316905738,0.254060499964302,0.196981274206871,1207,"tags=20%, list=11%, signal=18%","CD4/BRD4/HLA-DOB/TCF3/RASAL3/SMARCC1/LCK/CD6/HSPH1/CD3E/TMIGD2/KMT5B/SASH3/CSK/CCDC88B/ZBTB7B/AIF1/FCHO1/CD38/RARA/AGER/PNP/ZAP70/CD40LG/CARD11/AKT1/CD5/KLHL22/SOX12/SMARCA2/IL16/CD2/PAXIP1/HLA-DMB/CCR7/PBRM1/VAV1/TP53BP1/DDRGK1",0.380730400722792
"GO:0045596","negative regulation of cell differentiation",250,0.264942071629376,1.32780674736094,0.0202322362427324,0.294211441813344,0.228111590360471,1194,"tags=17%, list=11%, signal=16%","RFLNB/YY1/ID3/PTK2B/GDF11/PSMB4/SMARCC1/NR1D1/SOX8/NOG/KLF13/LBH/FOXO1/QKI/HDAC5/SUFU/TRIM11/ZBTB7B/LDB1/LEO1/BCL7A/RARA/MEN1/SLC4A2/NPHP3/RCAN1/ZFP36L1/GSK3B/LRP5/SMARCA2/SKI/GSK3A/FOXO4/RAPGEF2/DYNLT1/ABCG1/ULK1/DPF2/TMEM53/GPS2/EFNA1/ANP32B/STAT5A",0.352487857583619
"GO:1901652","response to peptide",467,-0.254792777810441,-1.32715903012733,0.00428215009183411,0.170015898117207,0.131818792182408,1920,"tags=22%, list=17%, signal=19%","GBP4/IL4R/CEBPB/CASP1/MAP4K3/CREB1/ZFP36/PSMD1/GBP2/SH2B3/IRF1/PSMD13/WBP1L/TTLL12/MAP2K7/MKKS/CYLD/OTUD4/CALR/TNFRSF1B/TPR/TRAF6/EIF5A/IGBP1/MAPK14/BBS2/PTPN1/CPNE1/IFNAR2/CCL5/UBE2K/IL15RA/IL1RAP/SLC12A2/HLA-DPA1/ANXA4/BCL2L1/GBP3/GBP5/XIAP/TBK1/ZBP1/USP10/SOS1/OXSR1/IL18R1/CD47/ITIH4/MAPKAPK3/FCER1G/LIMS1/ETV3/PSMA6/NFKB2/IFNAR1/CASP8/RC3H1/NFKBIA/IFNGR2/PLP2/TRAF1/EDA/TANK/CXCR4/IL12RB1/ABCA1/RELB/BIRC3/UGCG/PRKN/STAT4/FAS/YTHDC2/SELPLG/RIPOR2/SOCS1/TUBA1A/VRK2/NLRC5/CISH/GREM2/ITGA4/REL/NFKB1/IL2RA/SOCS3/TXK/OSM/PIM1/TIMP1/STAT3/EGR1/CEACAM1/JAK2/SOCS2/DUSP1/TNFAIP3/FOS/BCL2/TRADD/RPS6KA5/NFKBIZ",0.407017918923954
"GO:0006869","lipid transport",203,-0.276283400371691,-1.32460480659884,0.0258547503307758,0.317901017110582,0.246478879758567,1872,"tags=23%, list=17%, signal=19%","SPART/ZDHHC5/ABCA5/STARD4/STARD7/APOL3/ACSL4/APOL6/APOL2/VPS13A/OSBPL11/FABP5/PCTP/VPS13C/VMP1/LAMTOR1/SCARB2/EEPD1/ABCD2/STX12/OSBPL7/OSBPL2/ATG2B/VDAC1/VPS13D/NFKBIA/SERINC5/ABCA1/ACSL5/NUS1/OSBPL10/SLCO3A1/PRKN/RELCH/ATP8A1/NFKB1/APOL1/LDLR/ABCC1/SLC25A20/NPC2/CPT1A/CEACAM1/MYB/ANXA2/SREBF2",0.352487857583619
"GO:0001816","cytokine production",427,-0.257352037705275,-1.32432074338114,0.00669216744244866,0.185543622816126,0.1438579363908,2544,"tags=30%, list=23%, signal=24%","MAPK11/AKIRIN2/HMGB2/UFD1/BTN2A2/PRKCZ/PSMB9/PSMB3/RAB2B/SELENOS/POMC/RUNX1/CD74/DHX33/ZBTB33/AKAP8/NLRP1/ADAM10/CARD16/BCL3/PSMA3/CUEDC2/DDX21/SORL1/DDX1/PSMA5/CARD9/TRAF3/PRKD2/ERMAP/CASP3/BTN2A1/SULF2/HLA-B/DDX56/XBP1/ZNF580/LAPTM4B/LY96/RTN4/IL4R/CEBPB/CASP1/MAPKBP1/CREB1/ZBTB20/ZFP36/LTB/HIC2/IRF1/ZBTB26/MORC3/NLRC3/ZBTB17/HLA-A/CYLD/STOML2/TNFRSF1B/TRAF6/CR1/ZBTB25/MAPK14/ILRUN/BMPR1A/IL1RAP/RIPK2/PPHLN1/DDIT3/SLAMF6/HLA-DPA1/BTN3A3/ARNT/PRKCQ/PER1/ZBTB37/ANXA4/GBP5/XIAP/FOXJ1/ABCD2/TBK1/RBX1/ITK/IL18R1/CD47/CEBPG/HPSE/ATG5/HLA-DPB1/FCER1G/PSMA6/CASP8/NFKBIA/TANK/RNF125/IL12RB1/NR4A3/RELB/SERPINB1/LTA/NOD1/BTN3A1/GPR174/OTUD7B/CD84/REL/NFKB1/MALT1/TLR5/PDE4B/TXK/CD55/ATF4/ALOX5/OSM/STAT3/EGR1/CEACAM1/FOSL2/JAK2/IRF4/PTPN22/MYB/TNFAIP3/JUN/OPA1/TRADD/RPS6KA5",0.407017918923954
"GO:0051056","regulation of small GTPase mediated signal transduction",185,0.276899117868664,1.32391299696773,0.0270023386130438,0.326335955545675,0.253018758728477,1664,"tags=23%, list=15%, signal=20%","GIT1/PRAG1/PPP2CB/SH3BP1/CSNK1E/ARHGAP30/ARHGAP45/RASAL3/ARHGAP9/SIPA1/PSD/BCR/RDX/PKP4/ARHGAP32/ARHGEF12/MAP4K4/ARHGAP21/DOCK9/PSD4/FGD3/CYTH4/ARFGAP1/NET1/KBTBD6/RHOF/CCR7/SCAI/KBTBD7/CCDC125/DOCK11/LZTR1/VAV1/OBSCN/SYNGAP1/ARHGAP31/RASA4/ARHGDIB/FXR1/F11R/ARHGEF2/RALGPS1",0.352487857583619
"GO:0071363","cellular response to growth factor stimulus",286,0.259890301364157,1.32100507490914,0.0136503634663284,0.254060499964302,0.196981274206871,1864,"tags=23%, list=17%, signal=20%","USP9Y/GIT1/BPTF/MAPKAPK2/LTBP3/CSNK1E/HIPK2/GDF11/HDAC1/FAM89B/PTPN12/NOG/TWF2/KMT2A/STK11/CBL/NREP/EEF2/HSPB1/RELA/GIPC1/RGCC/FURIN/CDKN1C/CORO1B/MEN1/GLG1/ZFP36L1/AKT1/TGFBRAP1/LTBP4/VEGFB/TMEM204/EID2/SKI/ING1/RAB35/RAPGEF2/APPL1/KNSTRN/TMEM53/HSP90AB1/SMAD1/RAPGEF1/CAT/DUSP22/ZFYVE27/PRKCB/CTNNB1/HDAC2/SNX6/ZEB2/APP/ZBTB7A/ACVR2B/EEF1A1/SIN3A/TGFBR1/BCL9L/TGFB1/RACK1/CREBBP/SMAD7/PARP1/TET1/STK16/KAT2A",0.380730400722792
"GO:0034097","response to cytokine",462,-0.253987966387948,-1.31974173016364,0.00473211803735809,0.170015898117207,0.131818792182408,1920,"tags=22%, list=17%, signal=19%","GBP4/IL4R/CEBPB/CASP1/MAP4K3/CREB1/ZFP36/PSMD1/GBP2/SH2B3/IRF1/PSMD13/WBP1L/TTLL12/MAP2K7/MKKS/CYLD/OTUD4/TNFRSF1B/TPR/TRAF6/EIF5A/IGBP1/MAPK14/BBS2/PTPN1/CPNE1/IFNAR2/CCL5/UBE2K/IL15RA/IL1RAP/SLC12A2/HLA-DPA1/ANXA4/BCL2L1/GBP3/GBP5/XIAP/TBK1/ZBP1/USP10/SOS1/OXSR1/IL18R1/CD47/ITIH4/MAPKAPK3/FCER1G/LIMS1/ETV3/PSMA6/NFKB2/IFNAR1/CASP8/RC3H1/NFKBIA/IFNGR2/PLP2/TRAF1/EDA/TANK/CXCR4/IL12RB1/ABCA1/RELB/BIRC3/UGCG/PRKN/STAT4/FAS/YTHDC2/SELPLG/RIPOR2/SOCS1/TUBA1A/VRK2/NLRC5/CISH/GREM2/ITGA4/REL/NFKB1/IL2RA/SOCS3/TXK/OSM/PIM1/TIMP1/STAT3/EGR1/CEACAM1/JAK2/SOCS2/DUSP1/TNFAIP3/FOS/BCL2/TRADD/RPS6KA5/NFKBIZ",0.407017918923954
"GO:0031667","response to nutrient levels",278,-0.266148724825901,-1.3157919335941,0.016361228238609,0.26916879563644,0.208695221605267,3009,"tags=36%, list=27%, signal=27%","FASN/MAP1LC3B/PRMT1/STK26/FLCN/WDR59/VAMP8/STX4/NENF/GCLM/EIF2AK3/NNT/WRN/KAT2B/WDR45B/TSPO/AMBRA1/TSC2/MTMR3/RIPOR1/BNIP1/DEPDC5/SOD2/POMC/ACAT1/MEAK7/SEH1L/H6PD/PRKAA1/NR1H2/BNIP2/SH3GLB1/ATG7/SORL1/SLC38A2/PLEC/FOXO3/GPR155/MAPKAP1/XBP1/BABAM1/LAMP2/PRKAG1/SRD5A1/FNIP1/ZFP36/MT-CYB/WDR45/MKKS/YWHAZ/EIF2AK1/BECN1/MDM2/RPTOR/MAPK14/BBS2/PTPN1/MTOR/BCKDHB/IL15RA/FBP1/GCN1/DDIT3/LAMTOR1/BABAM2/RICTOR/OGT/PIK3C3/SLC16A1/ATG5/ATG14/UPP1/SESN3/CAD/ABCA1/LTA/SAR1A/YME1L1/CPEB4/XPR1/GABARAPL1/FAS/TFRC/TBC1D5/SESN2/KLF10/CCL28/LDLR/ATF4/GDAP1/PIM1/CPT1A/PMAIP1/MAP3K5/TBXA2R/PAK1/SREBF2/FOS/NFKBIZ",0.352487857583619
"GO:0043269","regulation of monoatomic ion transport",137,-0.289467599055729,-1.31525285244504,0.0485074626865672,0.443466932578487,0.343834171231644,1325,"tags=20%, list=12%, signal=18%","TMEM38B/CCL5/UBQLN1/SLC30A6/VMP1/CTSS/UTRN/PER1/OXSR1/CHP1/VDAC1/LPAR3/STOM/FLNA/TRPC1/ATP2B4/CD84/PPP3CC/MCUB/PDE4B/FXYD1/ATF4/TCAF2/FHL1/FXYD7/ANK3/BCL2",0.282013350011725
"GO:1904951","positive regulation of establishment of protein localization",161,0.281823902034035,1.31023463835318,0.0324062974924404,0.35429771639931,0.274698410948286,2071,"tags=29%, list=19%, signal=24%","ADORA2A/ITGB2/ATP13A2/APBB1/PRKCD/CCT6A/CD38/ZDHHC2/GNAS/CAPN10/AKT1/GSK3B/TRIM28/PIK3R2/BAG3/CLN3/GSK3A/OSBP/ABCG1/HSP90AA1/NADK/ANP32B/IPO5/ERGIC3/TCP1/GOLPH3L/PARD6A/PPID/APP/WRAP53/RXRA/CEP131/BAD/TGFB1/RACK1/HRAS/CD81/HDAC3/LRRC8A/MLLT6/OAZ1/SOX4/ZFAND1/PGRMC1/OAZ2/FYN/RAC1",0.321775918075361
"GO:0034329","cell junction assembly",181,0.276615814541107,1.30984144164834,0.0198184645523555,0.291909467469069,0.226326795637991,2071,"tags=27%, list=19%, signal=22%","DVL1/SH3BP1/PTK2B/LRFN3/UBE2M/SEMA4C/BCR/RAP2A/ROCK1/CD9/ACTN1/WDR1/PKP4/LDB1/OCEL1/NRCAM/AMIGO1/ARHGAP32/ZDHHC2/MAP4K4/DMTN/PECAM1/RAB40C/CLSTN3/ABI2/ZDHHC8/PARD3/RAPGEF2/TESK2/RAPGEF1/VSIG10/DUSP22/ABI3/CTNNB1/PIP5K1C/APP/CDC42/F11R/RNF7/CDHR3/SMAD7/HIPK1/AMIGO2/IL1RAPL2/SLK/RAP1B/PTEN/RAC1",0.352487857583619
"GO:0031401","positive regulation of protein modification process",213,-0.274715549730681,-1.30057620893593,0.020777842217885,0.294211441813344,0.228111590360471,1585,"tags=22%, list=14%, signal=19%","CASS4/TNFRSF1B/TRAF6/DIP2B/COPS8/ASPSCR1/PEF1/UBE2N/RAP1A/UBE2K/MTOR/UBQLN1/TAB2/RIPK2/FBXW7/ARNT/PELI2/XIAP/CDK5RAP3/RBX1/UBE2L3/PIK3C3/DIPK2A/ATG14/DERL1/FBXO33/TANK/BRAF/LTA/ARRDC3/BIRC3/PRKN/ITGB1BP1/SESN2/TNFRSF10B/PRKAR1A/RAB3GAP2/MALT1/MMD/OSM/NSMCE3/STRADB/FBXO4/EGR1/JAK2/PTPN22",0.352487857583619
"GO:0010975","regulation of neuron projection development",184,0.272903803682884,1.29537279470619,0.0402581482834564,0.3999416042586,0.310087584753508,2268,"tags=30%, list=20%, signal=25%","PRAG1/PTK2B/METRN/ITM2C/GPC2/APBB1/TWF2/RAP2A/FKBP4/GFI1/CUL7/DENND5A/CARM1/AMIGO1/CD38/ARHGAP32/MARK2/AKT1/GSK3B/CAMK1D/LIMK1/ABI2/GSK3A/CDK5R1/RAPGEF2/STK24/ULK1/SMAD1/EFNA1/CAMSAP2/RAPGEF1/MBOAT1/ABI3/ZFYVE27/SNX3/YTHDF1/HDAC2/MAP3K13/ARSB/CAPRIN2/ATF1/GOLGA4/NSMF/BCL11A/PTEN/STMN3/NPTN/CCDC88A/KCTD12/LRP8/TOX/CAPRIN1/ARMCX5-GPRASP2/RAB29/AP2A1/STAU2",0.321775918075361
"GO:0070848","response to growth factor",297,0.256791102911861,1.29531453976104,0.00953149557465694,0.222572558358933,0.172567660676044,1864,"tags=23%, list=17%, signal=20%","USP9Y/GIT1/BPTF/MAPKAPK2/LTBP3/CSNK1E/HIPK2/GDF11/HDAC1/FAM89B/PTPN12/NOG/TWF2/ROCK1/KMT2A/STK11/CBL/NREP/EEF2/HSPB1/RELA/GIPC1/RGCC/FURIN/CDKN1C/CORO1B/MEN1/GLG1/ZFP36L1/AKT1/TGFBRAP1/LTBP4/VEGFB/TMEM204/EID2/SKI/ING1/RAB35/RAPGEF2/APPL1/KNSTRN/TMEM53/HSP90AB1/SMAD1/MAPK1/RAPGEF1/CAT/DUSP22/ZFYVE27/PRKCB/CTNNB1/HDAC2/SNX6/ZEB2/APP/ZBTB7A/ACVR2B/EEF1A1/SIN3A/TGFBR1/BCL9L/TGFB1/RACK1/CREBBP/SMAD7/PARP1/TET1/STK16/KAT2A",0.380730400722792
"GO:0007507","heart development",150,0.280554671772813,1.29503857034854,0.0445360774828328,0.428394650072963,0.332148145999224,2071,"tags=27%, list=19%, signal=23%","UTY/YY1/MBD2/DVL1/MBD3/CCM2/NOG/VGLL4/ROCK1/PDLIM2/TNFRSF1A/SRF/AXIN2/NPHP3/GSK3B/SKI/DVL2/GSK3A/DCHS1/KCNQ1/SMAD1/EFNA1/TMEM65/BCOR/CTNNB1/MEF2B/SMG9/CHD7/NACA/CDC42/TGFBR1/PKD2/TGFB1/PKD1/SMAD7/REST/KAT2A/SOX4/FKBP1A/PTEN/RAC1",0.321775918075361
"GO:0071345","cellular response to cytokine stimulus",402,-0.253692670660134,-1.2950198206884,0.00896866664438568,0.219913779800486,0.170506224174304,1805,"tags=21%, list=16%, signal=18%","ZFP36/PSMD1/GBP2/SH2B3/IRF1/PSMD13/WBP1L/TTLL12/MAP2K7/MKKS/CYLD/OTUD4/TNFRSF1B/TPR/TRAF6/EIF5A/MAPK14/BBS2/PTPN1/CPNE1/IFNAR2/CCL5/UBE2K/IL15RA/IL1RAP/SLC12A2/HLA-DPA1/ANXA4/GBP3/GBP5/XIAP/TBK1/ZBP1/USP10/SOS1/OXSR1/IL18R1/CD47/FCER1G/LIMS1/ETV3/PSMA6/IFNAR1/CASP8/RC3H1/NFKBIA/IFNGR2/PLP2/TRAF1/EDA/TANK/CXCR4/IL12RB1/ABCA1/BIRC3/UGCG/PRKN/STAT4/FAS/SELPLG/RIPOR2/SOCS1/VRK2/NLRC5/CISH/GREM2/ITGA4/NFKB1/IL2RA/SOCS3/TXK/OSM/PIM1/STAT3/EGR1/CEACAM1/JAK2/SOCS2/DUSP1/TNFAIP3/FOS/TRADD/RPS6KA5/NFKBIZ",0.380730400722792
"GO:0018193","peptidyl-amino acid modification",259,0.257181376254293,1.29233957688806,0.0250204828211816,0.316401886841685,0.24531655586087,2343,"tags=28%, list=21%, signal=23%","PTK2B/HIPK2/STOX1/ITGB2/SETD3/BAG6/ZDHHC18/ROCK1/STK11/PRKCD/RELA/SAE1/STK39/TLK2/ARL2BP/ZDHHC2/ZAP70/DMTN/RWDD3/AKT1/GSK3B/EGLN2/TRIM28/VEGFB/ABI2/ZDHHC8/CBX4/PARD3/CDK5R1/VKORC1L1/ULK1/CEP41/KDM8/MAPK1/MAP2K2/OGFOD1/CTNNB1/CDK10/HDAC7/ZFYVE28/SNX6/NSMCE4A/UNC119/TGFBR1/SUMO1/PML/NMT1/DPH2/UBA2/JMJD7/SIRT4/SIRT2/ZDHHC14/KAT2A/TRIM27/RASSF2/KMT5A/BCL11A/NTMT1/PTEN/FYN/TOPORS/VKORC1/CHMP6/SETD2/STX1A/ABI1/JMJD6/TPST2/SETD6/NAA60/TTLL11/TNK2",0.352487857583619
"GO:0034330","cell junction organization",307,0.251658938642856,1.28763924307014,0.0329933008861408,0.359788129457607,0.278955304720821,2071,"tags=26%, list=19%, signal=22%","GIT1/DVL1/SH3BP1/PTK2B/LRFN3/UBE2M/SEMA4C/BCR/RDX/PDXP/RAP2A/ROCK1/CD9/CSK/AGO2/ACTN1/STRN4/WDR1/PKP4/LDB1/LIMS2/OCEL1/NRCAM/AMIGO1/ARHGAP32/ZDHHC2/MAP4K4/DMTN/PPFIBP1/AKT1/ERC1/PECAM1/TUBB/RAB40C/CLSTN3/DMPK/CLN3/ABI2/ZDHHC8/PARD3/CDK5R1/RAPGEF2/TESK2/APPL1/ABHD17B/EFNA1/RAPGEF1/SYNGAP1/VSIG10/DUSP22/ABI3/CAP1/CTNNB1/PIP5K1C/PARD6A/APP/HIP1R/CDC42/F11R/MESD/RNF7/TGFBR1/TGFB1/CAPRIN2/CDHR3/SMAD7/SSH1/REST/WASL/ABHD17A/HIPK1/AMIGO2/IL1RAPL2/PGRMC1/SLK/RAP1B/PTEN/FYN/RAC1",0.321775918075361
"GO:0050867","positive regulation of cell activation",202,0.265312913189963,1.28360647910717,0.0388673916235566,0.388857252988507,0.301493530828375,2384,"tags=31%, list=21%, signal=25%","CD4/BRD4/HLA-DOB/TCF3/RASAL3/SMARCC1/LCK/CD6/HSPH1/CD3E/TMIGD2/KMT5B/SASH3/CSK/CCDC88B/ZBTB7B/AIF1/FCHO1/CD38/RARA/AGER/PNP/ZAP70/CD40LG/CARD11/AKT1/CD5/KLHL22/SOX12/SMARCA2/IL16/CD2/PAXIP1/HLA-DMB/CCR7/PBRM1/VAV1/TP53BP1/DDRGK1/SMARCD2/SHLD1/NCK2/APP/HSPD1/SIRPG/TGFB1/PMS2/CD81/PLPP6/SOX4/KMT5C/BRD7/FYN/PCID2/INPP5D/LEF1/SMARCB1/RIF1/JUND/BMI1/PTPRJ/IL7R",0.321775918075361
"GO:0000902","cell morphogenesis",334,0.249843250441347,1.28106543240098,0.0128868221649932,0.250767234777211,0.194427899821851,2530,"tags=32%, list=23%, signal=26%","PRAG1/DVL1/PTK2B/METRN/ADORA2A/ITGB2/SEMA4C/SEPTIN7/APBB1/PITPNA/FMNL3/EPHB6/TWF2/RDX/RAP2A/ROCK1/STK11/CUL7/TPRN/ACTN1/WDR1/NRCAM/AMIGO1/CORO1B/ARHGAP32/MAP4K4/MARK2/BRWD3/DVL3/DMTN/BAP1/VPS54/VHL/GSK3B/ATP10A/FGD3/GAS2/DNM2/CLSTN3/DVL2/LIMK1/ABI2/PARD3/CDK5R1/RAPGEF2/RILPL1/EVL/ULK1/RAC2/TMEM216/KIFC2/MSN/EFNA1/LUZP1/TSC22D4/ABI3/CAP1/ZFYVE27/LST1/CTNNB1/YTHDF1/UNK/SEMA4B/UBB/C12orf57/APP/SIN3A/CDC42/F11R/LYPLA2/MAP3K13/ARHGEF2/BCL9L/CAPRIN2/CDHR3/SSH1/REST/WASL/GOLGA4/EIF2AK4/PACSIN2/NSMF/BCL11A/PGRMC1/PTEN/FYN/PPP1R12C/RAC1/NPTN/KCTD12/CPNE8/LRP8/CAPRIN1/ARMCX5-GPRASP2/ABI1/STAU2/RAB3A/FZD3/LLGL1/PTPRJ/MAPRE3/MAP2K1/SMURF1/ZFPM1/MED1/TAOK2/TBCD/LLPH",0.380730400722792
"GO:0051129","negative regulation of cellular component organization",458,0.241735763909031,1.28050095328709,0.00861403462328217,0.213688508023175,0.165679570809648,2278,"tags=27%, list=20%, signal=23%","SAMD1/TESK1/PRAG1/PHF23/ITM2C/CARMIL2/THRA/TWF2/RDX/ROCK1/TNFRSF1A/FKBP4/KMT2A/PRKCD/DNAJA4/GFI1/CSK/DENND5A/CARM1/HSPA8/TRIM65/TRIM11/CD38/CORO1B/RPL4/RAD1/DMTN/RPL30/AKT1/GSK3B/ADD3/SLX4/RPL12/KLHL22/RAB40C/SYNCRIP/DNM2/RPL5/CARD8/CLSTN3/SLC25A5/TMC8/RPL11/RAB3IP/RAPGEF2/DYNLT1/WAPL/RPL9/APPL1/CENPF/EVL/ULK1/EFNA1/RPL17/LUZP1/ANKRD13D/PADI4/SVIL/CAMSAP2/RPL7A/TERF2/PHF2/DUSP22/ABI3/DNAJB2/SNX3/RPL21/CDK10/GDI2/HDAC2/APP/HIP1R/RPL34/MCRS1/RPL7/CDC42/UNC119/F11R/RNF7/RPL32/ARHGEF2/RPL6/RPL18A/TRIOBP/PML/TGFB1/WAS/RACK1/RPL10/ADCK1/NOP53/PARP1/SSH1/WASL/ABHD17A/KAT2A/LRPAP1/RPL28/RPL39/CKAP2/GLCE/RPL19/BCL11A/ABHD8/ERCC4/PGRMC1/SPDL1/PTEN/FYN/HNRNPU/STMN3/RAC1/RPL24/CRBN/RPL29/GSN/RPL35A/TCHP/BUB3/RPL36A/RPL10A/RAB29/BAZ1B/JMJD6/DYNLL1",0.380730400722792
"GO:0007417","central nervous system development",341,0.247048391603621,1.27925175150121,0.0203924269802307,0.294211441813344,0.228111590360471,1771,"tags=22%, list=16%, signal=19%","GIT1/ID3/BPTF/ADORA2A/SEMA4C/NR1D1/BAG6/SOX8/NOG/CSNK2A2/CD3E/TNFRSF1A/CD9/QKI/CSK/ROGDI/RPS6KA3/NRCAM/ADAM23/MARCKSL1/AMIGO1/BTD/RARA/AGER/ATP6AP2/BIN1/PBX3/RAD1/VPS54/GSK3B/MXRA8/SOX12/TIGD5/LRP6/BAG3/NSUN5/SKI/NCOR2/DHX30/CDK5R1/RAPGEF2/SUN1/CENPF/CERS5/NPAS2/PLXDC1/GBA2/SETD1A/SSBP3/KDM2B/PLCB1/COQ8B/CTNNB1/SMC4/SMG9/ATP5PF/VCAN/HDAC2/CHD7/ZEB2/C12orf57/APP/FXR1/UQCRQ/SIN3A/CDC42/HPCAL4/NCOA1/PKD2/TGFB1/PPT1/PKD1/EIF2B4/SUN2/THOC6/ZSWIM6",0.352487857583619
"GO:0098609","cell-cell adhesion",377,0.244596497732985,1.27878260168516,0.0124075725442069,0.246633554364432,0.19122292449122,1149,"tags=18%, list=10%, signal=16%","LRFN3/CD4/IRAK1/BRD4/HLA-DOB/PSMB4/ITGB2/RASAL3/SMARCC1/CHST2/NT5E/LCK/CD6/HSPH1/CD3E/ROCK1/LAPTM5/CD9/TMIGD2/CBL/PRKCD/CSK/HSPB1/RELA/EMILIN2/RGCC/CCDC88B/PKP4/ZBTB7B/AIF1/LIMS2/NRCAM/AMIGO1/FCHO1/RARA/ZDHHC2/AGER/SLC4A2/PNP/GNAS/ZAP70/CD200R1/TNFAIP8L2/FERMT3/CD40LG/CARD11/AKT1/PECAM1/CD5/KLHL22/SOX12/SMARCA2/CLSTN3/LRP6/BTLA/CD2/DCHS1/CDK5R1/ICAM3/HLA-DMB/CCR7/RAC2/IL6R/NINJ1/MSN/PBRM1/VAV1",0.380730400722792
"GO:0001817","regulation of cytokine production",423,-0.249378035321257,-1.27811349557013,0.0176916292019246,0.273897412680891,0.212361470434908,2544,"tags=30%, list=23%, signal=24%","MAPK11/AKIRIN2/HMGB2/UFD1/BTN2A2/PRKCZ/PSMB9/PSMB3/RAB2B/SELENOS/POMC/RUNX1/CD74/DHX33/ZBTB33/AKAP8/NLRP1/ADAM10/CARD16/BCL3/PSMA3/CUEDC2/DDX21/SORL1/DDX1/PSMA5/CARD9/TRAF3/PRKD2/ERMAP/CASP3/BTN2A1/SULF2/HLA-B/DDX56/XBP1/ZNF580/LAPTM4B/LY96/RTN4/IL4R/CEBPB/CASP1/MAPKBP1/CREB1/ZBTB20/ZFP36/LTB/HIC2/IRF1/ZBTB26/MORC3/NLRC3/ZBTB17/HLA-A/CYLD/STOML2/TNFRSF1B/TRAF6/CR1/ZBTB25/MAPK14/ILRUN/BMPR1A/IL1RAP/RIPK2/PPHLN1/DDIT3/SLAMF6/HLA-DPA1/BTN3A3/ARNT/PRKCQ/PER1/ZBTB37/ANXA4/GBP5/XIAP/FOXJ1/ABCD2/TBK1/RBX1/ITK/IL18R1/CD47/CEBPG/HPSE/ATG5/HLA-DPB1/FCER1G/PSMA6/CASP8/NFKBIA/TANK/RNF125/IL12RB1/NR4A3/RELB/SERPINB1/LTA/NOD1/BTN3A1/GPR174/OTUD7B/CD84/REL/NFKB1/MALT1/TLR5/PDE4B/TXK/CD55/ATF4/ALOX5/OSM/STAT3/EGR1/CEACAM1/JAK2/IRF4/PTPN22/MYB/TNFAIP3/OPA1/TRADD/RPS6KA5",0.352487857583619
"GO:0051338","regulation of transferase activity",187,-0.267382231129446,-1.27709463121792,0.0472467346306609,0.438981870285976,0.340356758231984,1405,"tags=18%, list=13%, signal=16%","COPS8/PTPN1/CD300A/AIDA/BLM/RBL1/RAP1A/HERC5/MTOR/TAB2/GTF2H1/RAP2C/CDK5RAP3/DIPK2A/AKT1S1/CHP1/ZNF622/LTA/ARRDC3/PRKN/RFC3/ITGB1BP1/SESN2/TNFRSF10B/PRKAR1A/CCNT1/RB1/MMD/STRADB/CEACAM1/JAK2/PTPN22/TSPYL2/GADD45A",0.321775918075361
"GO:0051493","regulation of cytoskeleton organization",309,0.25275805872939,1.27684131178207,0.022555882314071,0.304719913300283,0.236259146173967,2609,"tags=30%, list=23%, signal=24%","TESK1/GIT1/CHMP7/PPP2CB/SH3BP1/PTK2B/CARMIL2/TWF2/RDX/PDXP/ROCK1/FKBP4/PRKCD/RGCC/SLAIN1/WDR1/PLEKHG2/CORO1B/SLC4A2/BIN1/PPP1R35/MARK2/CAPN10/DVL3/DMTN/INPPL1/GSK3B/RAE1/ADD3/STMN1/NAT9/PDE4DIP/DVL2/CLN3/EPHA1/LIMK1/ABI2/GSK3A/RHOF/CDK5R1/ARPC5/CCR7/EVL/RAC2/RHOQ/VPS4B/MAPK1/SVIL/GBA2/CAMSAP2/CDK10/NCK2/WASHC1/HAUS8/HIP1R/CDC42/F11R/TGFBR1/ARHGEF2/TRIOBP/ARFIP2/WAS/HRAS/DIAPH1/SSH1/KAT2A/CKAP2/COTL1/ARHGEF19/HNRNPU/STMN3/RAC1/CCDC88A/CHMP6/GSN/STAU2/FHOD1/KATNB1/CAMSAP1/MAPRE3/SNX9/AKAP9/CHMP1A/BRK1/HSPA1A/TAOK2/TBCD/TRAF3IP1/PRUNE1/ALMS1/SENP6/TENM1/ARAP1",0.352487857583619
"GO:0010876","lipid localization",214,-0.268532426949361,-1.27485405435497,0.0244185078980046,0.315425931455052,0.244559866270576,1872,"tags=22%, list=17%, signal=19%","SPART/ZDHHC5/ABCA5/STARD4/STARD7/APOL3/STOML2/ACSL4/APOL6/APOL2/VPS13A/OSBPL11/FABP5/PCTP/VPS13C/VMP1/LAMTOR1/SCARB2/EEPD1/ABCD2/STX12/OSBPL7/OSBPL2/ATG2B/VDAC1/VPS13D/NFKBIA/SERINC5/ABCA1/ACSL5/NUS1/OSBPL10/SLCO3A1/PRKN/RELCH/ATP8A1/NFKB1/APOL1/LDLR/ABCC1/SLC25A20/NPC2/CPT1A/CEACAM1/MYB/ANXA2/SREBF2",0.352487857583619
"GO:0043161","proteasome-mediated ubiquitin-dependent protein catabolic process",399,0.242899098314878,1.27422444819152,0.0160465670140017,0.267990304225965,0.207781499323724,2073,"tags=21%, list=19%, signal=18%","DVL1/KCTD5/CSNK1E/FBXO2/FBXL14/USP7/FBXL17/PSMB4/ZNRF1/RNF216/FBXO44/ZNF418/BAG6/AXIN1/CSNK2A2/AGAP3/CUL7/AMFR/GIPC1/WAC/RHOBTB3/AXIN2/TLK2/FBXO41/CCAR2/CDC27/GNA12/ZNF598/AKT1/NDFIP2/VHL/GSK3B/FBXL12/TRIM28/KLHL22/RAB40C/PSMD4/KBTBD6/GSK3A/CBX4/UBR3/RPL11/GID8/KCMF1/KBTBD7/SPOP/HSP90AB1/LZTR1/DDRGK1/PSMF1/TRIM3/DNAJB2/KDM2B/ELOB/ZNF574/KLHDC2/KLHL11/ARMC5/KCTD17/CTNNB1/ANAPC16/KLHDC3/PSMC4/TRIM13/FBXL16/RNF7/SUMO1/RANBP9/PML/KCTD2/ATXN3/NEMF/RACK1/NOP53/SMAD7/SIRT2/KAT2A/KLHL3/SH3BGRL/KLHL26/STUB1/ZNRF2/KBTBD3/MAEA/KLHL12",0.352487857583619
"GO:0007018","microtubule-based movement",223,-0.261892209367969,-1.27136648262655,0.0440140845070423,0.426273393787382,0.330503467798119,1736,"tags=21%, list=16%, signal=18%","RABL2B/CLUAP1/KIF13B/SPAST/KLC4/PSME4/MKKS/KIF20B/IGBP1/DTNBP1/MECP2/BBS2/TTC12/RHOT1/AP3B1/DYNC1LI1/SYNE2/TMEM230/DYNC1H1/RPGR/HTT/RAB6A/ATG5/BLOC1S6/MAP4/PSMA6/ATG16L1/ACTR10/KIF21A/KIFAP3/NDEL1/BBS1/SLC9B1/DST/PAFAH1B1/HOOK2/ATP2B4/HDAC6/SPG11/TUBA1A/TRAK2/SLC9B2/BORCS5/KIF9/AP3M2/EFHC2/OPA1",0.287857117255149
"GO:0006282","regulation of DNA repair",199,0.262939208080442,1.2699678652577,0.0435268195353607,0.422518920981694,0.327592504317596,2906,"tags=33%, list=26%, signal=25%","TADA2B/YY1/TAF4/SMARCC1/KMT5B/PRKCD/CDK9/AXIN2/BCL7A/MRGBP/AGER/ATXN7L3/PPP4R2/TRIM28/SMARCA2/HELB/NUDT16L1/TAF5L/DPF2/NPAS2/PPP4C/HDGFL2/PBRM1/DEK/TP53BP1/BARD1/TERF2/TFPT/SMARCD2/SHLD1/RMI2/WRAP53/ACTR8/MCRS1/PML/WAS/CREBBP/TAF12/PARP1/KAT2A/HDAC10/KMT5A/KMT5C/BRD7/TIGAR/SETD2/FBH1/UBE2V1/SMARCB1/RIF1/TMEM161A/TAF2/FH/TAF6L/BCL7C/PHF10/RUVBL2/MRNIP/ZCWPW1/TAF10/UIMC1/USP51/SETD7/ATXN7/FIGNL1/TOP2B",0.321775918075361
"GO:0046649","lymphocyte activation",447,0.240599353894492,1.26988926859847,0.0152126721384688,0.259310805973349,0.201052005264172,2157,"tags=27%, list=19%, signal=23%","YY1/LFNG/PTK2B/CD4/BRD4/HLA-DOB/TCF3/PSMB4/RASAL3/SMARCC1/CD247/LCK/AKAP17A/BAG6/CD6/HSPH1/CD3E/LAPTM5/TMIGD2/KMT2A/CBL/KMT5B/SASH3/CSK/CD7/MFNG/HDAC5/TRBC2/CCDC88B/ZBTB7B/AIF1/FCHO1/CD38/PHF14/RARA/MEN1/AGER/SLC4A2/PNP/ZAP70/TNFAIP8L2/LY9/CD40LG/ZFP36L1/CARD11/ELF4/AKT1/PECAM1/TCF7/PIK3R2/CD5/KLHL22/LAT/SOX12/SMARCA2/BTLA/SLC25A5/SLC15A4/CD2/SH2D1A/TRDC/CEACAM21/PAXIP1/LAMP1/ICAM3/HLA-DMB/CCR7/RAC2/CD3D/GPS2/CD79A/IL6R/DOCK11/SIT1/CD244/MSN/PBRM1/VAV1/TP53BP1/STAT5A/DDRGK1/PRKCB/SMARCD2/LST1/SHLD1/SMC4/CHD7/NCK2/NCR1/ZC3H8/HSPD1/ZBTB7A/MSH6/SLA2/SIRPG/TGFB1/TRBC1/PMS2/THEMIS/CD81/TRAC/SMAD7/LRRC8A/KAT2A/EIF2AK4/NFATC3/SOX4/KMT5C/BRD7/MNDA/FKBP1A/FYN/JAML/IL21R/CTSL/CD3G/CLEC2D/CR2/PCID2/INPP5D/GSN",0.380730400722792
"GO:0007015","actin filament organization",245,0.254646649716942,1.26141198730653,0.0376581428734832,0.383083554123059,0.297016996461315,1819,"tags=23%, list=16%, signal=20%","TESK1/RFLNB/SH3BP1/PTK2B/CARMIL2/TWF2/RDX/PDXP/ROCK1/PRKCD/GIPC1/RGCC/ACTN1/WDR1/AIF1/PLEKHG2/MARCKSL1/CORO1B/ARHGEF12/BIN1/DMTN/INPPL1/ADD3/GAS2/DNM2/HSP90B1/EPHA1/LIMK1/ABI2/RHOF/ARPC5/CCR7/EVL/RAC2/RHOQ/LUZP1/TPM2/SVIL/GBA2/CAP1/NCK2/ZEB2/WASHC1/HIP1R/CDC42/F11R/TGFBR1/ARHGEF2/TRIOBP/ARFIP2/WAS/ELMO3/DIAPH1/SSH1/ZBED3/WASL",0.321775918075361
"GO:0048646","anatomical structure formation involved in morphogenesis",383,0.241654108126984,1.25876697608216,0.0152672999291388,0.259310805973349,0.201052005264172,2262,"tags=28%, list=20%, signal=23%","PLLP/LFNG/PTK2B/HIPK2/ITGB2/SEMA4C/HDAC1/PLEKHO1/FMNL3/CCM2/JMJD8/SOX8/NOG/ROCK1/CD9/TMIGD2/QKI/SRF/HSPB1/RELA/EMILIN2/AGO2/HDAC5/RGCC/FURIN/ACTN1/WDR1/LEO1/NRCAM/RPL4/SLC4A2/GNAS/RPL30/AKT1/VEGFB/RPL12/RPL5/TIGD5/LRP6/SKI/DVL2/EPHA1/RPL11/YJEFN3/FOXO4/DCHS1/RPL9/TCOF1/KRIT1/GNAI2/PKM/NINJ1/SMAD1/EFNA1/RPL17/PLXDC1/ERAP1/OBSCN/RPL7A/ZNF304/DEAF1/SSBP3/KDM2B/PRKCB/CSRP1/CTNNB1/RPL21/HDAC7/HDAC2/RPL34/RPL7/ACVR2B/TGFBR1/RPL32/SPINK2/KLF2/RPL6/RPL18A/AAMP/PML/TGFB1/CD81/RPL10/TET1/BRD3/RPL28/PACSIN2/HIPK1/RPL39/NAXE/AGGF1/RPL19/RRAS/FKBP1A/FYN/KLHL12/RPL24/TOPORS/RPL29/CCDC136/LRP8/RPL35A/SETD2/ZNF219/RPL36A/RPL10A/ITGA5/JMJD6",0.380730400722792
"GO:0007169","cell surface receptor protein tyrosine kinase signaling pathway",262,0.251293779348644,1.25417940167462,0.0420063558077376,0.413436105188917,0.320550305201642,1474,"tags=21%, list=13%, signal=18%","DOK2/MAPKAPK2/PTK2B/CD4/PTPN12/LCK/EPHB6/NOG/FOXO1/CD3E/CBL/PRKCD/CUL7/CD7/HSPB1/RELA/GKAP1/ZBTB7B/PHF14/SAMD10/INPPL1/AKT1/GSK3B/VEGFB/STMN1/TMEM204/PIK3R2/CTSD/EPHA1/GSK3A/OSBPL8/FOXO4/CDK5R1/RAPGEF2/SLC27A4/APPL1/PTPRE/RHOQ/EFNA1/VAV1/MAPK1/RAPGEF1/STAT5A/GIGYF1/ZFYVE27/MAP2K2/DGKQ/PRKCB/PLCB1/MVB12A/CTNNB1/ZFYVE28/SNX6/NCK2",0.321775918075361
"GO:0030155","regulation of cell adhesion",374,0.242572255785097,1.24697215632759,0.0133010811483677,0.253288680128903,0.19638285747284,709,"tags=14%, list=6%, signal=14%","TESK1/PTK2B/LRFN3/CD4/IRAK1/BRD4/HLA-DOB/PSMB4/ITGB2/RASAL3/SIPA1/SMARCC1/CHST2/LCK/CD6/HSPH1/CD3E/ROCK1/LAPTM5/CD9/TMIGD2/CBL/PRKCD/CSK/RELA/EMILIN2/RGCC/CCDC88B/PKP4/ZBTB7B/LDB1/AIF1/FCHO1/RARA/ZDHHC2/AGER/MAP4K4/SLC4A2/PNP/ZAP70/TNFAIP8L2/DMTN/FERMT3/CD40LG/CARD11/AKT1/GSK3B/CD5/KLHL22/RAB40C/SOX12/SMARCA2/BTLA",0.380730400722792
"GO:0031399","regulation of protein modification process",400,-0.240478743454607,-1.24321517176573,0.0333912085436175,0.363193606774425,0.281595680777877,1549,"tags=18%, list=14%, signal=16%","OTUD4/TNFRSF1B/TRAF6/DIP2B/TAF1/COPS8/PTPN1/ASPSCR1/CD300A/PEF1/AIDA/UBE2N/BLM/RAP1A/UBE2K/HERC5/MTOR/UBQLN1/IVNS1ABP/TAB2/RIPK2/FBXW7/RABL3/ARNT/BEX4/PELI2/GTF2H1/RAP2C/XIAP/CDK5RAP3/RBX1/UBE2L3/OGT/PIK3C3/DIPK2A/AKT1S1/CHP1/ATG14/DERL1/FBXO33/PLAA/TANK/BRAF/LTA/SIAH2/ARRDC3/BIRC3/BEX2/PRKN/ITGB1BP1/SESN2/TNFRSF10B/PRKAR1A/FRY/CCNT1/RAB3GAP2/MALT1/FXYD1/RB1/MMD/OSM/NSMCE3/STRADB/FBXO4/PPP1R15B/EGR1/CEACAM1/JAK2/PTPN22/TNFAIP3/TSPYL2/GADD45A",0.321775918075361
"GO:0044089","positive regulation of cellular component biogenesis",276,0.242979475996712,1.23628353929922,0.0486600546650146,0.443905272879553,0.344174030560632,1152,"tags=16%, list=10%, signal=15%","TESK1/GIT1/PTK2B/ENTR1/ATP13A2/CARMIL2/SEPTIN7/TWF2/RAP2A/FMR1/RAB11FIP3/ROCK1/TRIM65/RGCC/SLAIN1/AMIGO1/MAP4K4/BIN1/PPP1R35/GSK3B/SNF8/SLX4/PDE4DIP/CLSTN3/SEPTIN9/SNX18/PAN3/EPHA1/LIMK1/ABI2/BBC3/MARK4/CDK5R1/RAPGEF2/CCR7/PLEK2/EVL/ULK1/HSP90AA1/RAC2/TMEM216/MTLN/DOCK11/RHOQ/VPS4B",0.321775918075361
"GO:0042110","T cell activation",325,0.242406393505427,1.23623405193906,0.029097825490794,0.337096412315805,0.261361686833892,1149,"tags=18%, list=10%, signal=17%","LFNG/CD4/BRD4/HLA-DOB/PSMB4/RASAL3/SMARCC1/CD247/LCK/BAG6/CD6/HSPH1/CD3E/LAPTM5/TMIGD2/KMT2A/CBL/CSK/CD7/TRBC2/CCDC88B/ZBTB7B/AIF1/FCHO1/CD38/RARA/MEN1/AGER/SLC4A2/PNP/ZAP70/TNFAIP8L2/LY9/CD40LG/ZFP36L1/CARD11/ELF4/AKT1/PECAM1/TCF7/PIK3R2/CD5/KLHL22/LAT/SOX12/SMARCA2/BTLA/CD2/TRDC/CEACAM21/ICAM3/HLA-DMB/CCR7/RAC2/CD3D/IL6R/SIT1/MSN/PBRM1/VAV1",0.352487857583619
"GO:0048609","multicellular organismal reproductive process",328,0.238098881619142,1.23541285489741,0.0302914031941349,0.342656352932054,0.265672487557567,2526,"tags=30%, list=23%, signal=24%","DDX3Y/USP9Y/TESK1/YY1/MBD2/PSMB4/SEPTIN7/BAG6/SOX8/CSNK2A2/CD9/STK11/TCFL5/SUFU/TDRD12/RARA/RPL4/SLC4A2/LSM14B/ODF2/RPL30/VPS54/RPL12/RPL5/STRBP/CTCF/NCOR2/RPL11/CCNYL1/RPL9/TESK2/SUN1/PAQR8/NR2C2/RPL17/RPL7A/DEAF1/KDM2B/CCNI/NDRG3/SPIN1/RPL21/HDAC2/SEC23IP/APP/FXR1/MSH6/RPL34/ZSCAN2/RPL7/SBF1/NCOA1/TGFBR1/RPL32/SPINK2/RPL6/RPL18A/CEP131/GTSF1/LRRC8A/PARP1/SIRT2/NCAPH2/EIF4G3/RPL28/YIF1B/TRIM27/REC8/KHDRBS1/RPL19/TXNRD3/DAZAP1/DCAF17/PTEN/GPX4/CDYL/RPL24/RPL29/CRTAP/CCDC136/RPL35A/RPL10A/SLC19A2/BCAP31/KAT8/XRN2/STAU2/DYNLL1/USP42/TPGS1/ZFP57/RPL23/CCDC34/RPL36/VIPAS39/RPL38/RAB24",0.352487857583619
"GO:0051052","regulation of DNA metabolic process",373,0.237137820799694,1.22826534585441,0.0293741656533788,0.337683497836403,0.261816873114058,3231,"tags=36%, list=29%, signal=26%","WIZ/TADA2B/YY1/ID3/USP7/STOX1/TAF4/SMARCC1/DACH1/KMT5B/PRKCD/CDK9/ING5/CCT6A/AXIN2/WRNIP1/BCL7A/MRGBP/AGER/POLE3/UPF1/ATXN7L3/AKT1/PPP4R2/TRIM28/SLX4/NVL/SMARCA2/SLC15A4/HELB/NUDT16L1/PAXIP1/WAPL/TAF5L/CCT2/CHTF8/HSP90AA1/DPF2/NPAS2/PPP4C/HDGFL2/ANKRD17/PBRM1/DEK/DFFB/MAPK1/TP53BP1/BARD1/TERF2/TFPT/ELOB/SMARCD2/ORC5/PTGES3/SHLD1/TCP1/CTNNB1/RMI2/NSMCE4A/WRAP53/ATAD5/MSH6/ACTR8/MCRS1/ACTR5/PML/TGFB1/PMS2/WAS/CREBBP/TAF12/PARP1/CCT7/ATF1/KAT2A/HDAC10/KMT5A/INO80E/KMT5C/BRD7/ERCC4/HNRNPU/TIGAR/SETD2/FBH1/UBE2V1/CCT3/DYNLL1/SMARCB1/RIF1/ERCC2/TMEM161A/TAF2/FH/IL7R/TAF6L/BCL7C/PHF10/CDKN1B/RAD17/RUVBL2/JADE1/MRNIP/ZCWPW1/BRPF3/HNRNPA2B1/TAF10/NUCKS1/UIMC1/XRCC5/CHRAC1/USP51/SETD7/ATXN7/FIGNL1/TOP2B/CCT5/HNRNPD/ENDOG/TAF7/MSH2/USP1/CCDC117/OGG1/NAF1/DDB1/ABRAXAS1/ACTL6A/PIAS4/HMCES/CACYBP/TERF1/MCM3",0.352487857583619
"GO:0031347","regulation of defense response",480,-0.230745284532771,-1.2045629074635,0.0475056876100087,0.438981870285976,0.340356758231984,1582,"tags=18%, list=14%, signal=16%","HLA-A/LYPLAL1/HEXIM1/USP15/CYLD/YWHAZ/OTUD4/TNFRSF1B/BECN1/TRAF6/CR1/MAPK14/PTPN1/CD300A/CCL5/ILRUN/FAM76B/HLA-C/UBE2K/HERC5/AP3B1/IL1RAP/TRIM22/UBQLN1/RIPK2/SEC14L1/SLAMF6/CTSS/ARNT/TREX1/GBP3/ZDHHC12/CLOCK/SERPINB9/GBP5/XIAP/TBK1/RBX1/OGT/AP1G1/PIK3C3/ZBP1/PLK2/IL18R1/APOBEC3G/CD47/WDFY1/HPSE/ATG5/NAGK/MAPKAPK3/PSMA6/CASP8/NFKBIA/TRAF1/RNF125/IL12RB1/NR4A3/NOD1/BIRC3/OPTN/RALB/NLRC5/PRKAR1A/NFKB1/TLR5/AHR/LDLR/RB1/TXK/ABCC1/ALOX5/OSM/PIM1/STAT3/CPT1A/SARM1/CEACAM1/JAK2/PTPN22/PAK1/CD69/TNFAIP3/NEAT1/TRADD/NFKBIZ",0.321775918075361
"GO:0030097","hemopoiesis",456,-0.229338006697576,-1.20052949775959,0.0476190476190476,0.438981870285976,0.340356758231984,2033,"tags=23%, list=18%, signal=19%","HLA-B/XBP1/RUNX3/MR1/ID2/RUNX2/ITGB1/IL4R/CEBPB/FNIP1/ZFP36/ATP7A/ZBTB16/SH2B3/SART1/IRF1/TGFBR3/N4BP2L2/HSF1/TFE3/TNFSF8/DOCK10/BLVRB/TRAF6/BRD2/PTBP3/P2RX5/RPTOR/CR1/HBM/MAPK14/FLT3LG/MXRA7/GPR137B/NR3C1/HBA1/CD164/MTOR/ASH2L/AP3B1/IL1RAP/CBFB/PRKX/FBXW7/SLAMF6/RABL3/ARNT/PRR7/ATM/FOXJ1/TBK1/CDK5RAP3/OGT/ITK/IKZF3/IL18R1/NRROS/CEBPG/RHOH/PSMA6/CFLAR/CASP8/RC3H1/KAT6A/HBA2/FLNA/DNAJB9/TMEM131L/IL12RB1/RELB/RTKN2/CTLA4/SRP54/CDK6/MLLT3/NUDT21/STAT4/TFRC/SOCS1/ITGA4/PRDM1/MALT1/NOTCH2/IL2RA/KLF6/SOCS3/ATF4/MEAF6/OSM/HBB/PIM1/STAT3/JUNB/CEACAM1/JAK2/IRF4/PTPN22/MYB/CD69/ANXA2/FOS/OPA1/NFKBIZ",0.276500599254472
"GO:0010498","proteasomal protein catabolic process",496,0.220831394872408,1.18772500903464,0.0483197745624621,0.442705148367093,0.34324353543957,2140,"tags=21%, list=19%, signal=18%","DVL1/KCTD5/CSNK1E/FBXO2/FBXL14/USP7/FBXL17/PSMB4/ZNRF1/RNF216/FBXO44/ZNF418/NR1D1/BAG6/AXIN1/CSNK2A2/AGAP3/FMR1/PRPF19/CUL7/AMFR/TMEM259/GIPC1/WAC/RHOBTB3/AXIN2/TLK2/FBXO41/CCAR2/CDC27/GNA12/ZNF598/AKT1/NDFIP2/VHL/GSK3B/FBXL12/TRIM28/KLHL22/RAB40C/HSP90B1/PSMD4/KBTBD6/GSK3A/CBX4/UBR3/RPL11/RHBDD2/GID8/KCMF1/KBTBD7/SPOP/HSP90AB1/AUP1/LZTR1/MAN1A1/RNF185/DDRGK1/PSMF1/TRIM3/DNAJB2/KDM2B/ELOB/ZNF574/KLHDC2/KLHL11/UBE2J2/ARMC5/KCTD17/CTNNB1/MAN1C1/ANAPC16/KLHDC3/UBB/PSMC4/ANKZF1/TRIM13/FBXL16/RNF7/SUMO1/RANBP9/PML/KCTD2/PKD1/ATXN3/NEMF/RACK1/TMEM129/NOP53/SMAD7/SIRT2/KAT2A/KLHL3/SH3BGRL/KLHL26/STUB1/ZNRF2/MAN1A2/KBTBD3/MAEA/KLHL12/CRBN/TOR1A/TOPORS",0.321775918075361
