"ID","Description","setSize","enrichmentScore","NES","pvalue","p.adjust","qvalue","rank","leading_edge","core_enrichment","log2err"
"GO:0034242","negative regulation of syncytium formation by plasma membrane fusion",46,0.732623846765896,2.76801680483925,1e-10,2.1245e-07,1.94585469110764e-07,2118,"tags=85%, list=20%, signal=68%","RPL23/RPL17/RPL4/RPL12/RPL9/RPL36/RPL36A/RPL27/RPL34/RPL11/RPL30/RPL38/RPL14/RPL28/RPL10/RPLP2/RPL18/RPL15/RPL7A/RPL39/RPL24/RPL31/RPL35A/RPL5/RPL32/RPL37/RPL41/RPL35/RPL21/RPL7/RPL23A/RPL13/RPL19/RPL8/UBA52/RPL6/RPL18A/RPL29/RPL10A",NA
"GO:1901740","negative regulation of myoblast fusion",46,0.732623846765896,2.76801680483925,1e-10,2.1245e-07,1.94585469110764e-07,2118,"tags=85%, list=20%, signal=68%","RPL23/RPL17/RPL4/RPL12/RPL9/RPL36/RPL36A/RPL27/RPL34/RPL11/RPL30/RPL38/RPL14/RPL28/RPL10/RPLP2/RPL18/RPL15/RPL7A/RPL39/RPL24/RPL31/RPL35A/RPL5/RPL32/RPL37/RPL41/RPL35/RPL21/RPL7/RPL23A/RPL13/RPL19/RPL8/UBA52/RPL6/RPL18A/RPL29/RPL10A",NA
"GO:0060142","regulation of syncytium formation by plasma membrane fusion",54,0.65920586585901,2.57025158220313,4.79305688087153e-10,6.78856622894105e-07,6.21772814425973e-07,2118,"tags=78%, list=20%, signal=63%","RPL23/RPL17/RPL4/RPL12/RPL9/RPL36/RPL36A/CAMK1/RPL27/RPL34/RPL11/RPL30/RPL38/RPL14/RPL28/RPL10/RPLP2/RPL18/RPL15/RPL7A/RPL39/RPL24/RPL31/PLEKHO1/RPL35A/RPL5/RPL32/RPL37/RPL41/RPL35/RPL21/RPL7/RPL23A/RPL13/RPL19/RPL8/UBA52/RPL6/RPL18A/TYROBP/RPL29/RPL10A",0.801215574617779
"GO:1901739","regulation of myoblast fusion",52,0.652983162468607,2.53987317664563,1.11318858550776e-09,1.18248457495562e-06,1.08305161559887e-06,2118,"tags=77%, list=20%, signal=62%","RPL23/RPL17/RPL4/RPL12/RPL9/RPL36/RPL36A/RPL27/RPL34/RPL11/RPL30/RPL38/RPL14/RPL28/RPL10/RPLP2/RPL18/RPL15/RPL7A/RPL39/RPL24/RPL31/PLEKHO1/RPL35A/RPL5/RPL32/RPL37/RPL41/RPL35/RPL21/RPL7/RPL23A/RPL13/RPL19/RPL8/UBA52/RPL6/RPL18A/RPL29/RPL10A",0.788186810800237
"GO:0000768","syncytium formation by plasma membrane fusion",61,0.599947537547853,2.45419796068078,1.62202594884647e-08,9.84569750949808e-06,9.0177908618892e-06,2118,"tags=72%, list=20%, signal=58%","RPL23/RPL17/RPL4/RPL12/RPL9/RPL36/RPL36A/CAMK1/RPL27/RPL34/RPL11/SH3PXD2A/RPL30/RPL38/RPL14/RPL28/RPL10/CD81/RPLP2/RPL18/RPL15/RPL7A/RPL39/RPL24/RPL31/PLEKHO1/RPL35A/RPL5/RPL32/RPL37/RPL41/RPL35/RPL21/RPL7/RPL23A/RPL13/RPL19/RPL8/UBA52/RPL6/RPL18A/TYROBP/RPL29/RPL10A",0.73376198835648
"GO:0006949","syncytium formation",61,0.599947537547853,2.45419796068078,1.62202594884647e-08,9.84569750949808e-06,9.0177908618892e-06,2118,"tags=72%, list=20%, signal=58%","RPL23/RPL17/RPL4/RPL12/RPL9/RPL36/RPL36A/CAMK1/RPL27/RPL34/RPL11/SH3PXD2A/RPL30/RPL38/RPL14/RPL28/RPL10/CD81/RPLP2/RPL18/RPL15/RPL7A/RPL39/RPL24/RPL31/PLEKHO1/RPL35A/RPL5/RPL32/RPL37/RPL41/RPL35/RPL21/RPL7/RPL23A/RPL13/RPL19/RPL8/UBA52/RPL6/RPL18A/TYROBP/RPL29/RPL10A",0.73376198835648
"GO:0140253","cell-cell fusion",61,0.599947537547853,2.45419796068078,1.62202594884647e-08,9.84569750949808e-06,9.0177908618892e-06,2118,"tags=72%, list=20%, signal=58%","RPL23/RPL17/RPL4/RPL12/RPL9/RPL36/RPL36A/CAMK1/RPL27/RPL34/RPL11/SH3PXD2A/RPL30/RPL38/RPL14/RPL28/RPL10/CD81/RPLP2/RPL18/RPL15/RPL7A/RPL39/RPL24/RPL31/PLEKHO1/RPL35A/RPL5/RPL32/RPL37/RPL41/RPL35/RPL21/RPL7/RPL23A/RPL13/RPL19/RPL8/UBA52/RPL6/RPL18A/TYROBP/RPL29/RPL10A",0.73376198835648
"GO:0007520","myoblast fusion",57,0.59592197777654,2.36626238965058,4.38588098082126e-08,1.69414620795541e-05,1.55168856021287e-05,2118,"tags=72%, list=20%, signal=58%","RPL23/RPL17/RPL4/RPL12/RPL9/RPL36/RPL36A/RPL27/RPL34/RPL11/RPL30/RPL38/RPL14/RPL28/RPL10/CD81/RPLP2/RPL18/RPL15/RPL7A/RPL39/RPL24/RPL31/PLEKHO1/RPL35A/RPL5/RPL32/RPL37/RPL41/RPL35/RPL21/RPL7/RPL23A/RPL13/RPL19/RPL8/UBA52/RPL6/RPL18A/RPL29/RPL10A",0.719512826338911
"GO:0006941","striated muscle contraction",92,0.518999587511098,2.28136246755874,2.76636787871443e-08,1.17542971166576e-05,1.07658998282519e-05,2133,"tags=57%, list=20%, signal=46%","EEF2/TPM1/ATP1A1/GRK2/RPL23/RPL17/GNAS/RPL4/RPL12/RPL9/RPL36/RPL36A/PRKACA/RPL27/RPL34/RPL11/RPL30/RPL38/RPL14/RPL28/RPL10/RPLP2/CHRNB1/RPL18/RPL15/RPL7A/FLNA/BIN1/RPL39/RPL24/RPL31/RPL35A/C12orf57/RPL5/RPL32/RPL37/RPL41/RPL35/RPL21/RPL7/RPL23A/DMPK/RPL13/RPL19/RPL8/PIK3CA/UBA52/RPL6/RPL18A/RPL29/RPL10A/HSP90AA1",0.73376198835648
"GO:0014902","myotube differentiation",77,0.540131694017153,2.28055445808281,8.89561873931535e-08,2.69982028738221e-05,2.47279735060025e-05,2118,"tags=62%, list=20%, signal=50%","HDAC5/RPL23/RPL17/RPL4/RPL12/RPL9/MAML1/RPL36/RPL36A/TBX1/RPL27/RPL34/RPL11/ATP11A/RPL30/SELENON/RPL38/RPL14/RPL28/NACA/RPL10/CD81/RPLP2/RPL18/RPL15/RPL7A/RPL39/RPL24/RPL31/PLEKHO1/RPL35A/RPL5/RPL32/RPL37/RPL41/RPL35/RPL21/RPL7/RPL23A/DMPK/RPL13/RPL19/RPL8/UBA52/RPL6/RPL18A/RPL29/RPL10A",0.704975715167238
"GO:0042692","muscle cell differentiation",161,0.444029431631402,2.12891695242048,2.11516611751314e-08,9.98593425923704e-06,9.14623536052193e-06,2118,"tags=49%, list=20%, signal=40%","YY1/KIT/TPM1/PDCD4/CCNB1/HDAC5/RPL23/RPL17/TMOD3/RPL4/RPL12/RPL9/MAML1/RPL36/HDGFL2/SRF/RPL36A/NINJ1/KDM6B/QKI/CAMK1/TBX1/RPL27/RPL34/RPL11/KDM1A/ATP11A/RPL30/SELENON/RPL38/RPL14/RPL28/NACA/RPL10/CD81/RPLP2/NFATC1/CHRNB1/RPL18/RPL15/RPL7A/OBSCN/BIN1/RPL39/GSK3A/CACYBP/RPL24/ZBED6/RPL31/PLEKHO1/RPL35A/RPL5/RPL32/TGFB1/RPL37/RPL41/RPL35/RPL21/RPL7/RPL23A/DMPK/ACTN4/ENG/RPL13/RPL19/RCAN1/NFATC2/RPL8/FOXO4/NOTCH2/UBA52/RPL6/SEMA4C/RPL18A/TMEM204/DLL1/PDLIM5/RPL29/RPL10A",0.73376198835648
"GO:0048568","embryonic organ development",87,0.474369046811341,2.07427060504029,5.79195322315205e-06,0.00136722273584295,0.00125225548332738,2717,"tags=53%, list=25%, signal=40%","MBD2/MBD3/DVL1/KIT/TPRN/CHD7/NPHP3/ZFPM1/HOXB7/NECTIN1/CDC42/ZNF568/HIPK2/SRF/PBX2/PLXNA4/ECE1/RARG/TBX1/PPP1R35/KMT2A/HIPK1/RPL10/RBPJ/DVL2/PKD1/KDM2B/TGFB1/ENG/REST/MICAL2/NOTCH2/HOXB4/PBX3/DLL1/PCSK5/THOC5/TNF/TAF10/HOXB3/PBX4/SETDB2/SH2B3/MESP1/RAD23B/POLE",0.610526878385931
"GO:0002181","cytoplasmic translation",191,0.411790894226127,2.0409896442534,2.04082084211795e-08,9.98593425923704e-06,9.14623536052193e-06,2722,"tags=50%, list=25%, signal=38%","EEF2/RPS10/ZNF598/RPS28/RPL23/RPL17/RPL4/RPL12/RPL9/DHX9/PELO/DDRGK1/YBX1/RPL36/RPL36A/RPS21/RPL27/RPS25/TCF25/RPL34/RPL11/RPS2/RPS14/EIF3L/CNBP/RPL22/RPL30/RPL38/RPS27A/RPL14/RPS23/RPL26/RPL28/RPS11/RPL10/RPLP2/EIF3B/RPS15A/EIF2B4/RPL18/RPL15/RPL7A/RPS12/EIF5/RPL39/MCTS1/FAU/RPL24/RPL31/RPL35A/RPL5/EEF1D/RPS15/RPS24/RPL32/RPL37/RPL41/RPL35/HNRNPU/RPL21/RPL7/RPL23A/EIF3J/RPS8/RPL13/EIF2D/RPL19/RPS13/RPL8/EIF4G1/UBA52/SLBP/EIF4A2/RPL6/RPL18A/PAIP1/RPL29/RPL10A/RPS7/RPSA/RPS3A/DHX36/PABPC1/RPS3/RWDD1/RPS26/PKM/EIF3E/RPLP0/GCN1/RACK1/RPS27/HNRNPD/CPEB2/PARP16/GTPBP1",0.73376198835648
"GO:0051146","striated muscle cell differentiation",117,0.447977208276403,2.04044757503583,1.05249671657156e-06,0.000298137236580838,0.000273067423108821,2118,"tags=50%, list=20%, signal=41%","YY1/TPM1/CCNB1/HDAC5/RPL23/RPL17/TMOD3/RPL4/RPL12/RPL9/MAML1/RPL36/RPL36A/KDM6B/TBX1/RPL27/RPL34/RPL11/ATP11A/RPL30/SELENON/RPL38/RPL14/RPL28/NACA/RPL10/CD81/RPLP2/RPL18/RPL15/RPL7A/OBSCN/RPL39/GSK3A/CACYBP/RPL24/RPL31/PLEKHO1/RPL35A/RPL5/RPL32/TGFB1/RPL37/RPL41/RPL35/RPL21/RPL7/RPL23A/DMPK/RPL13/RPL19/RPL8/UBA52/RPL6/RPL18A/DLL1/PDLIM5/RPL29/RPL10A",0.643551836150722
"GO:0033539","fatty acid beta-oxidation using acyl-CoA dehydrogenase",10,-0.784919980047242,-2.00417961916843,0.000409820015968327,0.0561717821886911,0.0514484000375339,1329,"tags=50%, list=12%, signal=44%","ACAD11/ETFA/ACADVL/ETFB/ETFDH",0.49849310876659
"GO:0090083","regulation of inclusion body assembly",15,0.696355714786699,2.00359186377902,0.000573730592061493,0.0696508938762652,0.063794077942561,2097,"tags=60%, list=20%, signal=48%","PPP2CB/DNAJA4/DNAJB1/MARK2/DNAJB2/SORL1/PSMC6/HSPA1B/HSPA1A",0.477270815362862
"GO:0006936","muscle contraction",139,0.421477125589965,1.97067726368103,3.03940157058361e-06,0.000759671604318222,0.00069579221226824,2133,"tags=44%, list=20%, signal=36%","EEF2/KIT/TPM1/PABPN1/ATP1A1/GRK2/RPL23/RPL17/GNAS/TMOD3/RPL4/RPL12/RPL9/RPL36/SRF/RPL36A/PRKACA/RPL27/RPL34/RPL11/RPL30/RPL38/RPL14/RPL28/RPL10/RPLP2/CACNA2D2/CHRNB1/RPL18/RPL15/RPL7A/ROCK2/FLNA/BIN1/RPL39/SPHK1/RPL24/RPL31/RPL35A/C12orf57/RPL5/RPL32/APBB1/RPL37/RPL41/TPM2/RPL35/RPL21/RPL7/RPL23A/DMPK/RPL13/RPL19/RPL8/PIK3CA/UBA52/RPL6/RPL18A/RPL29/RPL10A/HSP90AA1",0.627256739718528
"GO:0002396","MHC protein complex assembly",16,-0.687626798830055,-1.95056550232514,0.000271170009655928,0.0411500489652871,0.0376898168126208,1969,"tags=56%, list=18%, signal=46%","TAPBP/HLA-A/HLA-DMA/HLA-DRA/HLA-DPB1/HLA-DQB1/HLA-DRB1/HLA-DPA1/CALR",0.49849310876659
"GO:0002501","peptide antigen assembly with MHC protein complex",16,-0.687626798830055,-1.95056550232514,0.000271170009655928,0.0411500489652871,0.0376898168126208,1969,"tags=56%, list=18%, signal=46%","TAPBP/HLA-A/HLA-DMA/HLA-DRA/HLA-DPB1/HLA-DQB1/HLA-DRB1/HLA-DPA1/CALR",0.49849310876659
"GO:0045109","intermediate filament organization",12,0.716681986274023,1.91993297923111,0.00235013377314975,0.188409781171949,0.172566748196752,2553,"tags=67%, list=24%, signal=51%","AGFG2/MTM1/KRT86/AGFG1/BFSP1/KLHL24/KRT72/KRT81",0.431707695803346
"GO:0061061","muscle structure development",261,0.375469188285422,1.90670475506979,7.86204081762915e-08,2.56967780262356e-05,2.35359830871745e-05,2118,"tags=39%, list=20%, signal=32%","YY1/EEF2/KIT/TPM1/PRR14/S1PR1/PDCD4/SOX4/CCNB1/ZFPM1/HDAC5/RPL23/RPL17/TMOD3/ZFP36L1/RPL4/PHF10/RPL12/RPL9/LMNA/MAML1/RPL36/HDGFL2/SRF/RPL36A/NINJ1/KDM6B/QKI/IFRD1/CAMK1/TBX1/RPL27/RPL34/UNC45A/RPL11/MEF2B/KDM1A/ZNF609/ATP11A/EID2/RPL30/SELENON/RPL38/SMARCA4/RPL14/RPL28/NACA/RPL10/CD81/RBPJ/RPLP2/SVIL/NFATC1/CHRNB1/RPL18/RPL15/RPL7A/OBSCN/BIN1/RPL39/GSK3A/CACYBP/RPL24/SMARCE1/ZBED6/RPL31/SMARCC2/PLEKHO1/RPL35A/RPL5/RPL32/TGFB1/BTBD1/RPL37/RPL41/RPL35/RPL21/RPL7/RPL23A/DMPK/ACTN4/DDX5/ENG/REST/RPL13/RPL19/RCAN1/PPARD/NFATC2/RPL8/KMT5B/FOXO4/NOTCH2/UBA52/RPL6/SEMA4C/RPL18A/TMEM204/DLL1/PDLIM5/RPL29/MEF2D/RPL10A",0.704975715167238
"GO:0016078","tRNA decay",15,-0.670078327838762,-1.90479651821605,0.000919392612101153,0.0976624802204449,0.0894502213613365,2006,"tags=67%, list=19%, signal=54%","POP1/TRDMT1/EXOSC7/EXOSC9/EXOSC10/TRNT1/EXOSC2/ZCCHC7/NSUN2/DICER1",0.477270815362862
"GO:1905268","negative regulation of chromatin organization",11,0.710981928781535,1.90402221578815,0.00367123521701344,0.2349108926639,0.215157666501451,926,"tags=36%, list=9%, signal=33%","SAMD1/ERI2/KMT2A/KDM1A",0.431707695803346
"GO:0002399","MHC class II protein complex assembly",11,-0.74016479830172,-1.90025602424699,0.000852267392250153,0.094282329807938,0.08635430159818,1292,"tags=55%, list=12%, signal=48%","HLA-DMA/HLA-DRA/HLA-DPB1/HLA-DQB1/HLA-DRB1/HLA-DPA1",0.477270815362862
"GO:0002503","peptide antigen assembly with MHC class II protein complex",11,-0.74016479830172,-1.90025602424699,0.000852267392250153,0.094282329807938,0.08635430159818,1292,"tags=55%, list=12%, signal=48%","HLA-DMA/HLA-DRA/HLA-DPB1/HLA-DQB1/HLA-DRB1/HLA-DPA1",0.477270815362862
"GO:2000767","positive regulation of cytoplasmic translation",14,0.677946067002993,1.89947026934738,0.00211179470742618,0.178790608074004,0.16375643372407,2633,"tags=71%, list=25%, signal=54%","EEF2/DHX9/YBX1/CNBP/HNRNPU/PAIP1/DHX36/PABPC1/PKM/HNRNPD",0.431707695803346
"GO:0099159","regulation of modification of postsynaptic structure",10,0.748122697702863,1.89827133447439,0.00197031952186026,0.17113942201909,0.15674862187305,1410,"tags=60%, list=13%, signal=52%","AMOT/CYFIP1/AGAP1/RHOB/PDXP/EGLN1",0.431707695803346
"GO:0046629","gamma-delta T cell activation",14,0.67294930081739,1.88547032263423,0.00225180181611419,0.183998190705177,0.168526120281942,1434,"tags=57%, list=13%, signal=50%","CD3G/MICA/TCF7/SOX4/TRGC1/TRDC/SOX13/CD247",0.431707695803346
"GO:0001941","postsynaptic membrane organization",13,0.669949012702445,1.87358291015544,0.00537198168458348,0.289127419374994,0.264815224908768,1207,"tags=31%, list=11%, signal=27%","GIT1/NRXN2/MESD/CHRNB1",0.407017918923954
"GO:0099022","vesicle tethering",31,-0.552236276975323,-1.84801537389139,0.000865382645918942,0.094282329807938,0.08635430159818,3038,"tags=55%, list=28%, signal=39%","TRAPPC3/C17orf75/TRAPPC9/TRAPPC2L/TRAPPC12/TRAPPC5/TRIP11/TRAPPC6A/EXOC8/EXOC6/EXOC1/TRAPPC2/TRAPPC6B/FAM91A1/EXOC5/EXOC7/EXOC4",0.477270815362862
"GO:0089718","amino acid import across plasma membrane",20,-0.600454082379562,-1.83474951127768,0.00173339571297283,0.161412791538014,0.14783988591152,2044,"tags=45%, list=19%, signal=36%","SLC36A4/SLC6A6/SLC7A5/ITGB1/SLC1A4/SLC1A5/SLC38A1/SLC7A1/RGS2",0.45505986738723
"GO:0009952","anterior/posterior pattern specification",25,0.560174068749823,1.83319512305256,0.0024548503445558,0.193160353963289,0.176917854034115,2811,"tags=68%, list=26%, signal=50%","LFNG/SSBP3/HOXB7/TBX1/BMPR2/KDM2B/HOXB4/PBX3/ATP6AP2/TDRD7/DLL1/PCSK5/TAF10/HOXB3/HES6/MESP1/TDRKH",0.431707695803346
"GO:2000629","negative regulation of miRNA metabolic process",18,0.600305045084392,1.81774711624475,0.00582559551212609,0.291211239188515,0.266723820135674,1833,"tags=50%, list=17%, signal=42%","YY1/SRF/QKI/NCOR2/ZNF512B/HIF1A/TGFB1/REST/PPARD",0.407017918923954
"GO:0009790","embryo development",241,0.361931292654393,1.81595751922995,1.33577613811455e-06,0.000354732050678044,0.000324903283077479,2024,"tags=32%, list=19%, signal=27%","YY1/MBD2/ZNF358/LFNG/MBD3/DVL1/KIF16B/KIT/TPRN/BRD3/MCRS1/SSBP3/XYLT1/CHD7/NPHP3/ITGA5/ZFPM1/FURIN/HOXB7/CUL4A/NECTIN1/BAP1/CDC42/ZNF568/YBX1/HIPK2/CREBBP/SRF/PBX2/KDM6B/PLXNA4/ECE1/RARG/TBX1/PPP1R35/KMT2A/UGDH/DEAF1/FUT8/HIPK1/NASP/RPL10/RBPJ/DVL2/ROCK2/LEO1/BMPR2/WDR5/SGF29/NOLC1/CTR9/PKD1/BAG6/KDM2B/MYADM/APOA1/TRIP12/TGFB1/RACGAP1/MT-ND4/C2orf49/PAF1/ENG/REST/DOP1B/MICAL2/NLRP2/NOTCH2/HOXB4/PBX3/CUL4B/BRCA1/WNK1/ATP6AP2/SEMA4C/RBM19/TDRD7/DLL1",0.643551836150722
"GO:0035282","segmentation",11,0.677761742081369,1.81505796658685,0.00976601111968058,0.321662131798164,0.294614153029485,3078,"tags=82%, list=29%, signal=58%","LFNG/TIGD5/DVL2/TDRD7/DLL1/TAF10/MESP1/TDRKH/MTF2",0.380730400722792
"GO:0003012","muscle system process",181,0.369773787386818,1.80934224355255,8.27639918346819e-06,0.0018508642173977,0.00169522843964537,2506,"tags=42%, list=23%, signal=33%","YY1/EEF2/KIT/TPM1/PABPN1/ATP1A1/HMOX1/GRK2/RPL23/RPL17/GNAS/TMOD3/RPL4/RPL12/RPL9/LMNA/RPL36/JUND/SRF/RPL36A/PRKACA/RPL27/RPL34/RPL11/RPL30/RPL38/RPL14/RPL28/RPL10/RPLP2/CACNA2D2/CHRNB1/RPL18/RPL15/RPL7A/ROCK2/FLNA/BIN1/RPL39/SPHK1/GSK3A/RPL24/RPL31/RPL35A/C12orf57/RPL5/RPL32/APBB1/RPL37/RPL41/TPM2/RPL35/RPL21/RPL7/RPL23A/DMPK/RPL13/RPL19/RPL8/PIK3CA/UBA52/RPL6/RPL18A/PDLIM5/RPL29/RPL10A/HSP90AA1/INPP5F/FOXP1/LTB4R/TTN/STUB1/FOXO1/TNF/RPLP0/ARRB1",0.593325476396405
"GO:0051150","regulation of smooth muscle cell differentiation",16,0.60928746315246,1.79737604334078,0.00698640659798526,0.298577417246414,0.273470589789473,1873,"tags=56%, list=17%, signal=47%","KIT/PDCD4/SRF/NFATC1/ENG/RCAN1/NFATC2/FOXO4/NOTCH2",0.407017918923954
"GO:1902894","negative regulation of miRNA transcription",16,0.609276880918975,1.79734482613363,0.00698640659798526,0.298577417246414,0.273470589789473,1833,"tags=50%, list=17%, signal=42%","YY1/SRF/NCOR2/ZNF512B/HIF1A/TGFB1/REST/PPARD",0.407017918923954
"GO:1990542","mitochondrial transmembrane transport",20,-0.58726240924079,-1.7944409905189,0.00282213984107964,0.203241901436396,0.186151662668697,563,"tags=25%, list=5%, signal=24%","SFXN4/SFXN1/SLC25A40/CPT1A/SLC25A20",0.431707695803346
"GO:0050654","chondroitin sulfate proteoglycan metabolic process",24,0.553221133240387,1.79207449914317,0.0026580841421443,0.20044931919872,0.183593903550088,892,"tags=21%, list=8%, signal=19%","B3GAT1/CHSY1/XYLT1/GALNS/UGDH",0.431707695803346
"GO:0048646","anatomical structure formation involved in morphogenesis",388,0.336391550577568,1.79163319249597,6.2906772218483e-08,2.22742395963612e-05,2.04012396372958e-05,2118,"tags=35%, list=20%, signal=29%","HSPB1/LFNG/EMILIN2/VEGFB/KIF16B/TPM1/AMOT/ERAP1/BRD3/MICALL1/HMOX1/S1PR1/SSBP3/MBOAT7/RAMP1/ITGA5/AGFG2/FOXJ2/ZFPM1/HDAC5/RPL23/RPL17/FURIN/GNAS/TMOD3/PACSIN2/JMJD8/RPL4/RPL12/RPL9/RRAS/KLF2/RPL36/HIPK2/SRF/RPL36A/NINJ1/CCM2/KDM6B/PKNOX1/QKI/TIGD5/CAMK1/TBX1/AGFG1/MMRN1/RPL27/RGCC/ANXA1/AKT1/BSG/RPL34/RPL11/SH3PXD2A/DEAF1/HGS/SPTBN1/RPL30/RPL38/RHOB/HIPK1/ADAM17/RPL14/RPL28/RPL10/CD81/RBPJ/RPLP2/GNAI2/AKT3/HLA-G/CXCR3/SPINK2/RPL18/RPL15/RPL7A/OBSCN/DVL2/ROCK2/LEO1/RPL39/PLXDC1/BMPR2/SPHK1/EFNA3/HIF1A/NOLC1/RPL24/RPL31/CTR9/EGLN1/THBS1/PLEKHO1/RPL35A/RPL5/AGGF1/ZNF354C/SP1/KDM2B/STIM1/IGFBP7/PDPK1/RPL32/TGFB1/RPL37/GAB1/RPL41/RPL35/RPL21/RPL7/RPL23A/PAF1/ERBB2/ENG/ZNF304/RPL13/RPL19/HMGB1/RPL8/PIK3CA/FOXO4/NOTCH2/UBA52/BRCA1/WNK1/RPL6/SEMA4C/RPL18A/DLL1/TYROBP/SLC12A2/RNH1/TNFSF12/RPL29/TCOF1/RPL10A",0.704975715167238
"GO:0021675","nerve development",11,0.663971067365155,1.77812629509503,0.0120130047581133,0.338001329135842,0.309579417227392,726,"tags=45%, list=7%, signal=42%","FBXO45/CHD7/PLXNA4/ECE1/TBX1",0.380730400722792
"GO:2000232","regulation of rRNA processing",18,-0.601654500512936,-1.77269499312853,0.00541565443872355,0.289127419374994,0.264815224908768,2176,"tags=50%, list=20%, signal=40%","RIOK1/USP36/BUD23/PRMT5/WDR77/WDR43/KAT2B/YTHDF2/HEATR1",0.407017918923954
"GO:0003376","sphingosine-1-phosphate receptor signaling pathway",11,0.661097048356352,1.77042962121368,0.0121858507867425,0.338001329135842,0.309579417227392,1310,"tags=45%, list=12%, signal=40%","S1PR1/EZR/SPHK2/AKT1/SPHK1",0.380730400722792
"GO:0090520","sphingolipid mediated signaling pathway",11,0.661097048356352,1.77042962121368,0.0121858507867425,0.338001329135842,0.309579417227392,1310,"tags=45%, list=12%, signal=40%","S1PR1/EZR/SPHK2/AKT1/SPHK1",0.380730400722792
"GO:0000289","nuclear-transcribed mRNA poly(A) tail shortening",30,-0.519013418161516,-1.76864825161782,0.00188618951529318,0.170519558520866,0.156180881559628,1192,"tags=33%, list=11%, signal=30%","CPEB3/CNOT9/CNOT6L/TOB1/CNOT6/PARN/CNOT4/TNRC6A/BTG2/ZFP36",0.45505986738723
"GO:0048598","embryonic morphogenesis",113,0.390591262901476,1.76734432428404,0.000152114365242264,0.0258533575165751,0.0236793960953215,2024,"tags=36%, list=19%, signal=30%","ZNF358/DVL1/KIF16B/TPRN/BRD3/CHD7/NPHP3/ITGA5/NECTIN1/ZNF568/YBX1/HIPK2/CREBBP/SRF/KDM6B/ECE1/RARG/TBX1/PPP1R35/UGDH/DEAF1/HIPK1/DVL2/ROCK2/LEO1/BMPR2/CTR9/KDM2B/MYADM/APOA1/TGFB1/C2orf49/PAF1/ENG/REST/MICAL2/NOTCH2/HOXB4/WNK1/SEMA4C/DLL1",0.518848077743792
"GO:0070841","inclusion body assembly",19,0.573454158000023,1.76221238265406,0.00688640905421932,0.298577417246414,0.273470589789473,2133,"tags=58%, list=20%, signal=46%","PPP2CB/DNAJA4/DNAJB1/MARK2/BAG3/DNAJB2/SORL1/PSMC6/HSPA1B/HSPA1A/HSP90AA1",0.407017918923954
"GO:1902751","positive regulation of cell cycle G2/M phase transition",16,0.594977629766561,1.75516255091319,0.00923703139873653,0.321662131798164,0.294614153029485,1681,"tags=44%, list=16%, signal=37%","BRD4/CCNB1/CDC25B/RCC2/ATAD5/RRM2B/RAD51C",0.380730400722792
"GO:0016558","protein import into peroxisome matrix",13,-0.652302298671292,-1.74731687343333,0.00663575737266205,0.298577417246414,0.273470589789473,1833,"tags=54%, list=17%, signal=45%","PEX2/LONP2/PEX14/PEX6/PEX26/PEX10/TRIM37",0.407017918923954
"GO:0044743","protein transmembrane import into intracellular organelle",13,-0.652302298671292,-1.74731687343333,0.00663575737266205,0.298577417246414,0.273470589789473,1833,"tags=54%, list=17%, signal=45%","PEX2/LONP2/PEX14/PEX6/PEX26/PEX10/TRIM37",0.407017918923954
"GO:0060213","positive regulation of nuclear-transcribed mRNA poly(A) tail shortening",13,-0.652078393803023,-1.74671710127989,0.00680700037830154,0.298577417246414,0.273470589789473,1192,"tags=38%, list=11%, signal=34%","CPEB3/TOB1/TNRC6A/BTG2/ZFP36",0.407017918923954
"GO:0032328","alanine transport",10,-0.680751956700499,-1.73820164094441,0.00945912966736995,0.321662131798164,0.294614153029485,2044,"tags=60%, list=19%, signal=49%","SLC36A4/SLC6A6/SLC7A5/SLC1A4/SFXN1/SLC38A1",0.380730400722792
"GO:0034975","protein folding in endoplasmic reticulum",10,-0.679607792166884,-1.73528018232756,0.00979999014440018,0.321662131798164,0.294614153029485,752,"tags=30%, list=7%, signal=28%","DNAJC10/HSPA5/CALR",0.380730400722792
"GO:0051131","chaperone-mediated protein complex assembly",17,0.586190057270551,1.73061957578629,0.00604638097260017,0.293406271960997,0.268734276627775,2455,"tags=65%, list=23%, signal=50%","DNLZ/HSPD1/HSPA4/PSMG3/HSPA1A/HSP90AA1/PSMG1/PTGES3/CCT2/STUB1/LONP1",0.407017918923954
"GO:0060382","regulation of DNA strand elongation",17,0.584568692924282,1.72583279231507,0.0063943682821602,0.298577417246414,0.273470589789473,517,"tags=24%, list=5%, signal=22%","YY1/MCRS1/INO80B/ACTR5",0.407017918923954
"GO:0033260","nuclear DNA replication",25,0.526666663781266,1.72354061599622,0.0061457185701409,0.293406271960997,0.268734276627775,1537,"tags=28%, list=14%, signal=24%","WIZ/TERF2/UPF1/MCM4/MCM3/ATAD5/BLM",0.407017918923954
"GO:0072663","establishment of protein localization to peroxisome",18,-0.584664397970087,-1.72263591489548,0.00758187660535212,0.309763400924434,0.283715964613917,1833,"tags=50%, list=17%, signal=42%","PEX2/LONP2/RAB8B/PEX14/PEX6/PEX26/HACL1/PEX10/TRIM37",0.407017918923954
"GO:0036500","ATF6-mediated unfolded protein response",10,-0.674546137119985,-1.72235597840598,0.0111634347696748,0.337590733229682,0.309203347577992,2772,"tags=70%, list=26%, signal=52%","ATF6B/MANF/DDIT3/CREBZF/MBTPS2/XBP1/HSPA5",0.380730400722792
"GO:0090329","regulation of DNA-templated DNA replication",33,0.483940661656061,1.72053071389326,0.00729733515131478,0.303984088803299,0.278422624250402,999,"tags=27%, list=9%, signal=25%","WIZ/MCM5/WRNIP1/MCM4/CUL4A/TIMELESS/MCM7/ELOB/MCM3",0.407017918923954
"GO:0006903","vesicle targeting",59,-0.424819848984161,-1.71519680141,0.00271218634077784,0.20044931919872,0.183593903550088,2023,"tags=36%, list=19%, signal=29%","TRAPPC12/TRAPPC5/TRIP11/ARFGAP2/TRAPPC6A/EXOC8/EXOC6/TMED2/EXOC1/PEF1/SAR1A/TRAPPC2/KLHL12/CLASP1/TRAPPC6B/FAM91A1/SEC16A/EXOC5/EXOC7/WIPI1/EXOC4",0.431707695803346
"GO:0048562","embryonic organ morphogenesis",44,0.456374963461318,1.71347873040345,0.00364120353745377,0.2349108926639,0.215157666501451,2024,"tags=43%, list=19%, signal=35%","DVL1/TPRN/CHD7/NPHP3/NECTIN1/HIPK2/SRF/RARG/TBX1/PPP1R35/HIPK1/DVL2/KDM2B/ENG/REST/MICAL2/NOTCH2/HOXB4/DLL1",0.431707695803346
"GO:0035567","non-canonical Wnt signaling pathway",22,0.524912950607414,1.70871504291571,0.0118493237703539,0.338001329135842,0.309579417227392,1353,"tags=32%, list=13%, signal=28%","CSNK1E/DVL1/NPHP3/CDC42/VANGL1/DVL2/TIAM1",0.380730400722792
"GO:0060211","regulation of nuclear-transcribed mRNA poly(A) tail shortening",15,-0.596446940619452,-1.69548843559365,0.00830254573193828,0.320704698318234,0.29373722837505,1192,"tags=33%, list=11%, signal=30%","CPEB3/TOB1/TNRC6A/BTG2/ZFP36",0.380730400722792
"GO:0045143","homologous chromosome segregation",14,0.600517096526554,1.68252966807456,0.0142014321209398,0.346259556652284,0.31714322553669,2457,"tags=64%, list=23%, signal=50%","SYCE1L/CCNB1IP1/STAG3/BAG6/C9orf78/SGO2/SYCP2/P3H4/SUN1",0.380730400722792
"GO:0042475","odontogenesis of dentin-containing tooth",11,0.627498824892009,1.68045298285277,0.0260604177277476,0.433013687567678,0.396602360681282,2996,"tags=64%, list=28%, signal=46%","CTNNA1/TBX1/BSG/STIM1/TGFB1/ROGDI/ANKRD11",0.352487857583619
"GO:0042476","odontogenesis",17,0.568981191913451,1.67981352936043,0.0108877694815631,0.337590733229682,0.309203347577992,1609,"tags=41%, list=15%, signal=35%","ZNF22/CTNNA1/BCOR/TBX1/BSG/STIM1/TGFB1",0.380730400722792
"GO:0090646","mitochondrial tRNA processing",17,-0.566920285417724,-1.67980271177711,0.014654737265535,0.350729875258073,0.321237643249008,3001,"tags=59%, list=28%, signal=42%","CDK5RAP1/TRMT10C/TRMU/MTO1/GTPBP3/YRDC/HSD17B10/TRNT1/TRMT61B/PRORP",0.380730400722792
"GO:0050650","chondroitin sulfate proteoglycan biosynthetic process",19,0.546211006328796,1.67849475928728,0.0126732848182122,0.338001329135842,0.309579417227392,892,"tags=21%, list=8%, signal=19%","B3GAT1/CHSY1/XYLT1/UGDH",0.380730400722792
"GO:2000300","regulation of synaptic vesicle exocytosis",22,0.515629270395719,1.67849448155789,0.0151055700570081,0.350729875258073,0.321237643249008,909,"tags=27%, list=8%, signal=25%","FBXO45/DVL1/GIT1/CASK/DTNBP1/RAB3A",0.380730400722792
"GO:0010971","positive regulation of G2/M transition of mitotic cell cycle",14,0.596537122910718,1.67137857225143,0.0150945925248771,0.350729875258073,0.321237643249008,1681,"tags=43%, list=16%, signal=36%","BRD4/CCNB1/CDC25B/RCC2/RRM2B/RAD51C",0.380730400722792
"GO:0033151","V(D)J recombination",12,0.623428685591896,1.67011494162061,0.0233322450719174,0.42746402285096,0.391519357093096,1830,"tags=33%, list=17%, signal=28%","YY1/TCF3/DCAF1/HMGB1",0.352487857583619
"GO:0044786","cell cycle DNA replication",27,0.49547825863876,1.66921909227789,0.00945912966736995,0.321662131798164,0.294614153029485,1537,"tags=26%, list=14%, signal=22%","WIZ/TERF2/UPF1/MCM4/MCM3/ATAD5/BLM",0.380730400722792
"GO:0061684","chaperone-mediated autophagy",13,0.596129879205499,1.66713993563047,0.0266338967193962,0.434903942846503,0.398333667860237,2433,"tags=62%, list=23%, signal=48%","PLK3/EEF1A1/BAG3/HSPA8/HSP90AA1/ATG5/ATP13A2/STUB1",0.352487857583619
"GO:0030174","regulation of DNA-templated DNA replication initiation",14,0.594395579711631,1.66537839342426,0.0159877535477101,0.359319379447218,0.329104871783127,999,"tags=43%, list=9%, signal=39%","MCM5/WRNIP1/MCM4/CUL4A/MCM7/MCM3",0.352487857583619
"GO:0031958","nuclear receptor-mediated corticosteroid signaling pathway",10,-0.650449195256221,-1.66082792332355,0.0196502111849823,0.40167281381046,0.36789688352247,2502,"tags=50%, list=23%, signal=38%","JAK2/CRY1/PER1/CALR/NEDD4",0.352487857583619
"GO:0006346","DNA methylation-dependent constitutive heterochromatin formation",20,0.536631934601724,1.65454993633211,0.0101442046742655,0.321662131798164,0.294614153029485,1797,"tags=45%, list=17%, signal=38%","MBD2/MBD3/EHMT2/TRIM28/KMT2A/C19orf84/DNMT1/ZNF304/DNMT3A",0.380730400722792
"GO:0046339","diacylglycerol metabolic process",13,0.590529584105632,1.65147812108639,0.0293481441810436,0.456777526099833,0.418367941611626,2031,"tags=54%, list=19%, signal=44%","DGKK/DGKA/DGKE/DGKQ/DGKZ/DGAT1/DAGLB",0.352487857583619
"GO:0035886","vascular associated smooth muscle cell differentiation",10,0.648383820020051,1.64519593251255,0.0260321947107788,0.433013687567678,0.396602360681282,1839,"tags=60%, list=17%, signal=50%","KIT/PDCD4/QKI/NFATC1/ENG/NFATC2",0.352487857583619
"GO:1905244","regulation of modification of synaptic structure",15,0.571196353742939,1.64347666383431,0.0187943178253391,0.390399157556277,0.357571208348012,1999,"tags=53%, list=19%, signal=43%","AMOT/CYFIP1/AGAP1/RHOB/PDXP/EGLN1/CLN3/EPHA4",0.352487857583619
"GO:0042558","pteridine-containing compound metabolic process",23,-0.514477913972019,-1.64262084865586,0.0148171764328679,0.350729875258073,0.321237643249008,1876,"tags=48%, list=17%, signal=40%","MTHFD2/MTR/FPGS/TYMS/PTS/DHFR2/NOS3/GCH1/MTHFR/MTRR/MTHFD2L",0.380730400722792
"GO:0051588","regulation of neurotransmitter transport",43,0.434063892100975,1.64237568488852,0.00867447810595576,0.321662131798164,0.294614153029485,960,"tags=26%, list=9%, signal=23%","FBXO45/DVL1/GIT1/SYNGR3/CASK/DTNBP1/KMO/DYSF/STX1A/RAB3A/TSPOAP1",0.380730400722792
"GO:0035295","tube development",312,0.31656664810699,1.64185598278229,1.2601139163703e-05,0.00254963049078925,0.00233523673857064,2061,"tags=31%, list=19%, signal=26%","HECA/HSPB1/ZNF358/EMILIN2/DVL1/VEGFB/KIT/AMOT/ERAP1/MICALL1/HMOX1/LTA4H/S1PR1/SSBP3/SOX4/RAMP1/NPHP3/CCNB1/ITGA5/FOXJ2/HDAC5/PACSIN2/CTSZ/JMJD8/HOXB7/CDC42/RRAS/KLF2/HIPK2/SRF/NINJ1/CCM2/PKNOX1/PLXNA4/QKI/ECE1/TBX1/MMRN1/RGCC/ANXA1/CEBPA/AKT1/BSG/RAPGEF2/DEAF1/HGS/RHOB/HIPK1/FER/RBPJ/CUL7/GNAI2/AKT3/HLA-G/CXCR3/DVL2/ROCK2/PLXDC1/BMPR2/SPHK1/EFNA3/HIF1A/EGLN1/THBS1/PKD1/BAG6/AGGF1/ELMO2/ZNF354C/SP1/CAT/KDM2B/STIM1/IGFBP7/PDPK1/TGFB1/PAXIP1/GAB1/ERBB2/MYC/ENG/ZNF304/MICAL2/HMGB1/PIK3CA/FOXO4/NOTCH2/BRCA1/WNK1/ATP6AP2/SEMA4C/DLL1/SRSF6/SLC12A2/RNH1/TNFSF12",0.593325476396405
"GO:0007156","homophilic cell-cell adhesion",20,0.53196759504981,1.64016878938382,0.0112027049624347,0.337590733229682,0.309203347577992,1451,"tags=45%, list=14%, signal=39%","AMIGO2/CLSTN3/CDHR3/NECTIN1/PECAM1/CLSTN1/BSG/CDHR1/PKD1",0.380730400722792
"GO:0150117","positive regulation of cell-substrate junction organization",19,-0.534755219995715,-1.63971169450711,0.0183614298154392,0.388147837242791,0.355509197431004,2684,"tags=53%, list=25%, signal=40%","PPM1F/CFL1/IQSEC1/VEGFA/ROCK1/PAK4/ARF6/MAPRE2/ANKRD28/ITGB1BP1",0.352487857583619
"GO:1904861","excitatory synapse assembly",13,0.585925905799128,1.63860345027505,0.0324016759104223,0.471488770354056,0.431842144315373,198,"tags=15%, list=2%, signal=15%","CLSTN3/NRXN2",0.321775918075361
"GO:0006907","pinocytosis",14,0.583783249731918,1.63564475196503,0.0188354500586107,0.390399157556277,0.357571208348012,1520,"tags=36%, list=14%, signal=31%","MAPKAPK2/CDC42/APPL2/PPT1/CLN3",0.352487857583619
"GO:0019886","antigen processing and presentation of exogenous peptide antigen via MHC class II",18,-0.554802990533292,-1.63465324808944,0.0168212450831138,0.370328861959328,0.339188587101017,1292,"tags=33%, list=12%, signal=29%","HLA-DMA/HLA-DRA/HLA-DPB1/HLA-DQB1/HLA-DRB1/HLA-DPA1",0.352487857583619
"GO:0060632","regulation of microtubule-based movement",22,0.500805201471678,1.63023865258965,0.0222836560048961,0.422566631418178,0.3870337783246,1436,"tags=41%, list=13%, signal=36%","CFAP298/GRK2/FEZ1/MAP4/RUFY3/BBS2/LAMP1/STK11/CATSPER1",0.352487857583619
"GO:0040014","regulation of multicellular organism growth",10,0.642203203666717,1.62951336214148,0.0280475634739582,0.449713574342823,0.411897984603325,1330,"tags=50%, list=12%, signal=44%","GNAS/EZR/BBS2/FTO/STAT5A",0.352487857583619
"GO:0110096","cellular response to aldehyde",11,0.608442963342155,1.62942104763314,0.0372622821988258,0.493231891161405,0.451756925968609,1609,"tags=45%, list=15%, signal=39%","TIMP1/HAGH/AKR1A1/ESD/TGFB1",0.321775918075361
"GO:0034605","cellular response to heat",48,0.422702404322226,1.62730930303909,0.0075287658444135,0.309763400924434,0.283715964613917,2495,"tags=42%, list=23%, signal=32%","MAPKAPK2/HMOX1/DNAJA4/ATXN3/CREBBP/PRKACA/HSPA6/DNAJB1/BAG3/LYN/THBS1/EEF1D/HSPA1B/HSPA1A/HSP90AA1/IRAK1/DHX36/CHORDC1/STUB1/SIRT1",0.407017918923954
"GO:0045064","T-helper 2 cell differentiation",10,0.641288761582994,1.62719307537582,0.0290552485305342,0.456777526099833,0.418367941611626,1449,"tags=50%, list=14%, signal=43%","BATF/KMT2A/ANXA1/PRKCZ/MEN1",0.352487857583619
"GO:0046928","regulation of neurotransmitter secretion",37,0.440182376434367,1.6259194092678,0.0131861690002176,0.338001329135842,0.309579417227392,960,"tags=27%, list=9%, signal=25%","FBXO45/DVL1/GIT1/CASK/DTNBP1/KMO/DYSF/STX1A/RAB3A/TSPOAP1",0.380730400722792
"GO:0035336","long-chain fatty-acyl-CoA metabolic process",16,-0.572586306633638,-1.62423439389448,0.0109896747231629,0.337590733229682,0.309203347577992,1616,"tags=44%, list=15%, signal=37%","HACD1/ACSF3/ELOVL6/FAR1/ELOVL1/ACOT7/FAR2",0.380730400722792
"GO:0021915","neural tube development",30,0.469503610304206,1.62333969831062,0.0111660798048153,0.337590733229682,0.309203347577992,1997,"tags=33%, list=19%, signal=27%","ZNF358/DVL1/SSBP3/DEAF1/DVL2/PKD1/KDM2B/TGFB1/ATP6AP2/SEMA4C",0.380730400722792
"GO:0030323","respiratory tube development",19,0.527622697088172,1.6213732819042,0.0175268131532795,0.379956270858594,0.34800644484159,2463,"tags=63%, list=23%, signal=49%","HECA/LTA4H/NPHP3/CTSZ/CDC42/CEBPA/BMPR2/PKD1/BAG6/SRSF6/PCSK5/TNF",0.352487857583619
"GO:0003158","endothelium development",52,0.416417423917639,1.61971625929502,0.00569139688524684,0.289127419374994,0.264815224908768,2704,"tags=48%, list=25%, signal=36%","S1PR1/FOXJ2/EZR/VEZF1/CCM2/KDM6B/PECAM1/BSG/RAPGEF2/RHOB/RBPJ/RDX/ROCK2/BMPR2/ADD1/MSN/RAPGEF1/MYADM/DLL1/FOXP1/TNF/TIE1/ITGAX/PRKD2/MESP1",0.407017918923954
"GO:0045861","negative regulation of proteolysis",25,0.49467067552651,1.61883228889217,0.0134867172226694,0.341276658712005,0.312579330346103,1520,"tags=40%, list=14%, signal=34%","TIMP2/CST3/SNX12/FURIN/CTSZ/TIMP1/AKT1/THBS1/BAG6/CLN3",0.380730400722792
"GO:0006730","one-carbon metabolic process",19,-0.527853966118239,-1.61855048603915,0.0212353252135919,0.417726374224778,0.382600529482075,1876,"tags=42%, list=17%, signal=35%","MTHFD2/FPGS/TYMS/DHFR2/AHCYL2/SFXN1/MTHFR/MTHFD2L",0.352487857583619
"GO:0051647","nucleus localization",21,0.508728527668483,1.61613321165322,0.0127723770859849,0.338001329135842,0.309579417227392,2678,"tags=57%, list=25%, signal=43%","SUN2/LMNA/CEP120/DCTN1/LMNB2/TLK2/SYNE2/LMNB1/SUN1/SIRT1/CDK9/PCM1",0.380730400722792
"GO:0090148","membrane fission",41,-0.435402955646866,-1.61425316299442,0.00927771056369655,0.321662131798164,0.294614153029485,1702,"tags=29%, list=16%, signal=25%","EXOC8/EXOC6/DNM1L/SPAST/SNF8/EXOC1/CHMP6/CHMP4A/UBAP1/EXOC5/EXOC7/EXOC4",0.380730400722792
"GO:0006023","aminoglycan biosynthetic process",20,0.523163980012055,1.61302537923433,0.0136725462401527,0.341276658712005,0.312579330346103,892,"tags=25%, list=8%, signal=23%","B3GAT1/EXT1/XYLT1/AP2A1/UGDH",0.380730400722792
"GO:0003229","ventricular cardiac muscle tissue development",16,0.545531863638922,1.60929932401759,0.0227659862214523,0.422566631418178,0.3870337783246,1748,"tags=38%, list=16%, signal=31%","MBD2/MBD3/TPM1/RBPJ/TGFB1/ENG",0.352487857583619
"GO:0006024","glycosaminoglycan biosynthetic process",19,0.52365894209452,1.60919274744618,0.0196629666445224,0.40167281381046,0.36789688352247,892,"tags=26%, list=8%, signal=24%","B3GAT1/EXT1/XYLT1/AP2A1/UGDH",0.352487857583619
"GO:0048232","male gamete generation",254,0.312637432656063,1.60508843426455,0.000211237814415826,0.0345211335943401,0.0316183147784891,2118,"tags=32%, list=20%, signal=26%","TESK1/YY1/CSNK2A2/PSMB4/KIT/MAST2/CCNB1/AGFG2/FOXJ2/RPL23/RPL17/CUL4A/TSGA10/MYCBP/RPL4/RPL12/RPL9/SUFU/CCNI/RPL36/TUBG1/TPGS1/USP9Y/BBS2/PRKACA/AGFG1/MCM8/RPL27/GPX4/BIRC3/HADH/ZNF296/RPL34/RPL11/GTSF1/RPL30/STK11/SBF1/RPL38/STRBP/RPL14/RPL28/MKRN2/IGF2R/RPLP2/ZC3H14/SPINK2/RPL18/RPL15/RPL7A/NME8/RPL24/RPL31/CATSPER1/RPL35A/BAG6/RPL5/KDM2B/RPL32/RACGAP1/ZDHHC5/RPL37/RPL41/RPL35/SPEF2/RPL21/RPL7/RPL23A/RPL13/RPL19/RPL8/CRTAP/UBA52/CUL4B/RPL6/RPL18A/ODF2/TDRD7/RSBN1/RPL29/RPL10A",0.518848077743792
"GO:0072662","protein localization to peroxisome",16,-0.565651381169528,-1.60456234737956,0.0119384079033987,0.338001329135842,0.309579417227392,1833,"tags=50%, list=17%, signal=42%","PEX2/LONP2/RAB8B/PEX14/PEX6/PEX26/PEX10/TRIM37",0.380730400722792
"GO:0044550","secondary metabolite biosynthetic process",13,0.573239978327945,1.60312591921101,0.0364433640711128,0.491659189867818,0.450316470242632,891,"tags=31%, list=8%, signal=28%","GIPC1/DDT/MFSD12/RAPGEF2",0.321775918075361
"GO:0000963","mitochondrial RNA processing",29,-0.471678574152319,-1.59791922788123,0.0146859373220707,0.350729875258073,0.321237643249008,3827,"tags=66%, list=36%, signal=42%","FASTKD1/TRIT1/SUPV3L1/SLIRP/CDK5RAP1/TBRG4/PNPT1/TRMT10C/TRMU/MTO1/GTPBP3/FASTKD5/YRDC/HSD17B10/TRNT1/FASTK/TRMT61B/ANGEL2/PRORP",0.380730400722792
"GO:0090713","immunological memory process",11,-0.621117475088305,-1.59462085539564,0.0203732344156021,0.410264801099021,0.375766386356729,1609,"tags=55%, list=15%, signal=46%","IL12RB1/CD160/HLA-DRA/HLA-DRB1/IFNL1/ST3GAL1",0.352487857583619
"GO:0006488","dolichol-linked oligosaccharide biosynthetic process",20,-0.521551860639944,-1.59365561746687,0.0159070462581771,0.359319379447218,0.329104871783127,2932,"tags=55%, list=27%, signal=40%","ALG10/SRD5A3/DPM1/ALG5/DHDDS/ALG10B/ALG11/ALG12/ALG3/ALG9/MPDU1",0.352487857583619
"GO:0045912","negative regulation of carbohydrate metabolic process",26,0.473424653335274,1.59357636096561,0.0217674742710115,0.421085501075441,0.385677193516147,1609,"tags=35%, list=15%, signal=29%","GIT1/USP7/PGP/AP2A1/PRKACA/ERFE/GSK3A/PLEK/TGFB1",0.352487857583619
"GO:0002792","negative regulation of peptide secretion",10,0.627894531707689,1.59320682860411,0.0354176645170956,0.490194320954851,0.448974779470142,3475,"tags=70%, list=32%, signal=47%","PIM3/KLF7/HADH/REST/FOXO1/MIDN/PSMD9",0.321775918075361
"GO:0006760","folic acid-containing compound metabolic process",18,-0.540723037783583,-1.59316853930456,0.0213723364858764,0.418484136997644,0.383294573373027,1876,"tags=50%, list=17%, signal=41%","MTHFD2/MTR/FPGS/TYMS/DHFR2/GCH1/MTHFR/MTRR/MTHFD2L",0.352487857583619
"GO:0046634","regulation of alpha-beta T cell activation",69,-0.385129936363037,-1.59193541721393,0.00778558536170492,0.312084454734757,0.285841845265895,1761,"tags=33%, list=16%, signal=28%","SOCS5/RC3H1/CD55/IL12RB1/SMAD7/NCKAP1L/CD160/HLA-A/VSIR/CD300A/IL12RB2/TGFBR2/RUNX1/MALT1/HLA-DRA/LGALS9C/HLA-DRB1/LGALS3/JUNB/PRKCQ/IRF4/CD69/NFKBIZ",0.407017918923954
"GO:0051093","negative regulation of developmental process",396,0.300186775412744,1.5914691229989,1.17909822702761e-05,0.00250499418332016,0.00229435381633837,2127,"tags=34%, list=20%, signal=28%","YY1/CLSTN3/CST3/PSMB4/AMOT/ING1/PDCD4/ANP32B/GDF11/BCL7C/SOX4/DTNBP1/NPHP3/FOXJ2/ZFPM1/HDAC5/RPL23/RPL17/GNAS/TPT1/ZFP36L1/CUL4A/ULK1/RPL4/VAT1/RPL12/RPL9/PINK1/SPSB3/BCOR/SUFU/KLF2/CDK5RAP2/RPL36/RUFY3/RPL36A/CDKN1B/QKI/CRIM1/BBS2/TBX1/KLF7/NELFB/RPL27/RGCC/ANXA1/ZNF706/ZNF296/RPL34/BCR/RAPGEF2/RPL11/ERFE/HGS/RPL30/LBH/RPL38/GDI1/SMARCA4/RPL14/RPL28/TBX21/RPL10/ABCA5/LDB1/RPLP2/HLA-G/CXCR3/NFATC1/RPL18/RPL15/RPL7A/ROCK2/APPL2/TRIO/LEO1/RPL39/EFNA3/STAT5A/GSK3A/RPL24/SORL1/ZBED6/RPL31/CTR9/LYN/GPS2/THBS1/RPL35A/MEN1/RPL5/SUZ12/B2M/ZNF354C/RPL32/TGFB1/SAP30L/RBBP4/KLF13/RPL37/VGLL4/RPL41/RPL35/HNRNPU/RPL21/RPL7/RPL23A/PAF1/MYC/REST/ZNF675/RPL13/RPL19/RCAN1/HMGB1/PPARD/NFATC2/RPL8/FOXO4/UBA52/SAP30/CUL4B/RPL6/EPHA4/WDTC1/RPL18A/DLL1/SRSF6/SLC12A2/RPL29/RPL10A/RUNX3/BICRA",0.593325476396405
"GO:0009408","response to heat",66,0.384363849460485,1.59092392377323,0.00601187758547408,0.293406271960997,0.268734276627775,2495,"tags=38%, list=23%, signal=29%","HSPB1/MAPKAPK2/MICA/HMOX1/DNAJA4/ATXN3/CREBBP/PRKACA/HSPA6/DNAJB1/AKT1/EIF2B4/BAG3/LYN/THBS1/EEF1D/HSPA1B/HSPA1A/HSP90AA1/MICB/IRAK1/DHX36/CHORDC1/STUB1/SIRT1",0.407017918923954
"GO:0002495","antigen processing and presentation of peptide antigen via MHC class II",20,-0.520581507912327,-1.59069060441257,0.0482625482625483,0.571456652182909,0.523403910291729,1292,"tags=30%, list=12%, signal=26%","HLA-DMA/HLA-DRA/HLA-DPB1/HLA-DQB1/HLA-DRB1/HLA-DPA1",0.287857117255149
"GO:0090232","positive regulation of spindle checkpoint",15,-0.557816205758493,-1.58567487171282,0.022099803892639,0.421085501075441,0.385677193516147,4562,"tags=80%, list=43%, signal=46%","DYNLL1/DYNLL2/DYNLRB1/DYNLT3/TPR/NDC80/GEN1/DYNC1I2/MAD2L1/DYNC1H1/DYNLT1/MAD1L1",0.352487857583619
"GO:0090267","positive regulation of mitotic cell cycle spindle assembly checkpoint",15,-0.557816205758493,-1.58567487171282,0.022099803892639,0.421085501075441,0.385677193516147,4562,"tags=80%, list=43%, signal=46%","DYNLL1/DYNLL2/DYNLRB1/DYNLT3/TPR/NDC80/GEN1/DYNC1I2/MAD2L1/DYNC1H1/DYNLT1/MAD1L1",0.352487857583619
"GO:0050879","multicellular organismal movement",17,0.537092876582593,1.58566907558482,0.0238235901735187,0.42746402285096,0.391519357093096,2772,"tags=59%, list=26%, signal=44%","EEF2/GNAS/CHRNB1/VPS35/C12orf57/DMPK/HSP90AA1/TTN/TNF/RCSD1",0.352487857583619
"GO:0050881","musculoskeletal movement",17,0.537092876582593,1.58566907558482,0.0238235901735187,0.42746402285096,0.391519357093096,2772,"tags=59%, list=26%, signal=44%","EEF2/GNAS/CHRNB1/VPS35/C12orf57/DMPK/HSP90AA1/TTN/TNF/RCSD1",0.352487857583619
"GO:0006270","DNA replication initiation",28,0.472394357662602,1.58562639594221,0.0142611020038008,0.346259556652284,0.31714322553669,999,"tags=29%, list=9%, signal=26%","PURA/MCM5/WRNIP1/MCM4/CUL4A/MCM7/PRIM2/MCM3",0.380730400722792
"GO:0090263","positive regulation of canonical Wnt signaling pathway",58,0.39231727509632,1.58516737060119,0.00565308396526466,0.289127419374994,0.264815224908768,2396,"tags=34%, list=22%, signal=27%","CSNK1E/CSNK1G2/LGR6/SOX4/FAM53B/GID8/RNF220/NRBP2/RPS12/VPS35/NRBP1/CCAR2/TGFB1/FRAT1/DDX3X/WNK1/ATP6AP2/PPM1A/NEK4/CSNK1D",0.407017918923954
"GO:0060541","respiratory system development",22,0.486934397117272,1.58508592387475,0.031553488204185,0.46877892090763,0.429360161139321,2032,"tags=50%, list=19%, signal=41%","LTA4H/CHD7/NPHP3/CTSZ/CDC42/CEBPA/BMPR2/PKD1/BAG6/SPEF2/SRSF6",0.321775918075361
"GO:0042149","cellular response to glucose starvation",42,-0.430043943969496,-1.58436740810129,0.0157851531834018,0.359319379447218,0.329104871783127,1812,"tags=33%, list=17%, signal=28%","IFI16/PRKAG1/PRKAA1/BECN1/SLC7A5/TP53/XBP1/YWHAZ/MTMR3/PIK3C3/ATG14/PLIN2/HSPA5/PMAIP1",0.352487857583619
"GO:0007283","spermatogenesis",250,0.311307498598452,1.58192126480049,0.000294301595440114,0.0431202578974153,0.0394943544888005,2118,"tags=32%, list=20%, signal=26%","TESK1/YY1/CSNK2A2/PSMB4/KIT/MAST2/CCNB1/AGFG2/FOXJ2/RPL23/RPL17/CUL4A/TSGA10/MYCBP/RPL4/RPL12/RPL9/SUFU/CCNI/RPL36/TUBG1/TPGS1/USP9Y/BBS2/PRKACA/AGFG1/RPL27/GPX4/BIRC3/HADH/ZNF296/RPL34/RPL11/GTSF1/RPL30/STK11/SBF1/RPL38/STRBP/RPL14/RPL28/MKRN2/IGF2R/RPLP2/ZC3H14/SPINK2/RPL18/RPL15/RPL7A/NME8/RPL24/RPL31/CATSPER1/RPL35A/BAG6/RPL5/KDM2B/RPL32/RACGAP1/ZDHHC5/RPL37/RPL41/RPL35/SPEF2/RPL21/RPL7/RPL23A/RPL13/RPL19/RPL8/CRTAP/UBA52/CUL4B/RPL6/RPL18A/ODF2/TDRD7/RSBN1/RPL29/RPL10A",0.49849310876659
"GO:0016079","synaptic vesicle exocytosis",45,0.415642791289253,1.58091362594275,0.0124342082425677,0.338001329135842,0.309579417227392,1062,"tags=22%, list=10%, signal=20%","FBXO45/DVL1/GIT1/SYNGR3/CASK/DTNBP1/STX1A/RAB3A/SNAP29/STX2",0.380730400722792
"GO:0009887","animal organ morphogenesis",176,0.325562656386813,1.57939699540938,0.00100891820679884,0.104558377089958,0.0957662549094355,2032,"tags=32%, list=19%, signal=27%","LFNG/DVL1/TPM1/TPRN/S1PR1/ZNF22/PDCD4/SOX4/CHD7/NPHP3/ZFPM1/CTSZ/HOXB7/NECTIN1/CTNNA1/CDC42/BCOR/RFNG/COL13A1/HIPK2/SRF/PBX2/RARG/BBS2/TBX1/PPP1R35/BSG/HIPK1/STX2/NACA/HRAS/RBPJ/DVL2/BMPR2/GSK3A/C12orf57/PKD1/MSN/KDM2B/STIM1/TGFB1/POR/NRL/SPEF2/MYC/ENG/REST/MICAL2/NOTCH2/HOXB4/PBX3/NEK8/FLI1/TDRD7/POC5/DLL1/SRSF6",0.45505986738723
"GO:0034341","response to type II interferon",77,-0.380626915308929,-1.57915844766128,0.00504250878838319,0.289127419374994,0.264815224908768,1609,"tags=26%, list=15%, signal=22%","IL12RB1/IFNG/PTPN2/PSMA5/PSMB1/TP53/KYNU/GBP1/NLRC5/IFITM1/IFNGR1/IRF8/SEC61A1/GCH1/CD47/TXK/HLA-DPA1/CCL3/PSMA4/PSMA6",0.407017918923954
"GO:0045766","positive regulation of angiogenesis",69,0.379533028602227,1.57851144881412,0.0100078246778627,0.321662131798164,0.294614153029485,2061,"tags=39%, list=19%, signal=32%","HSPB1/EMILIN2/VEGFB/HMOX1/ITGA5/JMJD8/RRAS/HIPK2/NINJ1/RHOB/HIPK1/AKT3/CXCR3/SPHK1/HIF1A/THBS1/AGGF1/SP1/STIM1/PDPK1/GAB1/ZNF304/HMGB1/BRCA1/WNK1/DLL1/TNFSF12",0.380730400722792
"GO:0001708","cell fate specification",22,0.484617297269107,1.57754321919978,0.0322665538811688,0.471136039316448,0.431519073783846,2834,"tags=45%, list=26%, signal=34%","MBD3/TBX1/MGA/TBX21/RBPJ/RBBP4/DLL1/CHD3/MESP1/MTA2",0.321775918075361
"GO:0001914","regulation of T cell mediated cytotoxicity",21,-0.494593270051124,-1.5774011173379,0.0207146009662906,0.411895575271756,0.377260031719945,3439,"tags=57%, list=32%, signal=39%","HLA-E/MR1/HLA-C/PTPRC/KLRD1/IL12RB1/NCKAP1L/HLA-A/KLRC1/STX7/HLA-DRA/HLA-DRB1",0.352487857583619
"GO:0071346","cellular response to type II interferon",47,-0.416594765462354,-1.57666205479106,0.0139710168113445,0.343137863765334,0.31428403007975,1609,"tags=26%, list=15%, signal=22%","IL12RB1/IFNG/PTPN2/TP53/GBP1/NLRC5/IFNGR1/IRF8/CD47/TXK/HLA-DPA1/CCL3",0.380730400722792
"GO:0051965","positive regulation of synapse assembly",10,0.620219498419941,1.57373235506387,0.0413756153439047,0.527942911700453,0.483549160446858,809,"tags=30%, list=8%, signal=28%","AMIGO2/CLSTN3/CLSTN1",0.321775918075361
"GO:0032435","negative regulation of proteasomal ubiquitin-dependent protein catabolic process",33,0.44242000816565,1.57291435252633,0.024422843346757,0.42933628002794,0.393234179597585,2155,"tags=45%, list=20%, signal=36%","CSNK2A2/GIPC1/USP7/DDRGK1/CBX4/RPL11/RYBP/STYX/CCAR2/BAG6/WAC/TLK2/CAMLG/NOP53/UBXN1",0.352487857583619
"GO:0009266","response to temperature stimulus",89,0.360625886760462,1.57140814128671,0.00433628573232695,0.270954089362606,0.248170056889162,2495,"tags=36%, list=23%, signal=28%","HSPB1/MAPKAPK2/MICA/HMOX1/METRNL/DNAJA4/ATXN3/CREBBP/JUND/PRKACA/HSPA6/DNAJB1/AKT1/EIF2B4/APPL2/BAG3/LYN/THBS1/EEF1D/HSPD1/HSPA1B/HSPA1A/HSP90AA1/MICB/IRAK1/DHX36/CHORDC1/GLRX2/UCP3/STUB1/FOXO1/SIRT1",0.407017918923954
"GO:2000514","regulation of CD4-positive, alpha-beta T cell activation",49,-0.409112446009256,-1.5702153032337,0.0132050413359731,0.338001329135842,0.309579417227392,1761,"tags=39%, list=16%, signal=33%","SOCS5/RC3H1/CD55/IL12RB1/SMAD7/NCKAP1L/CD160/VSIR/TGFBR2/RUNX1/MALT1/HLA-DRA/LGALS9C/HLA-DRB1/JUNB/PRKCQ/IRF4/CD69/NFKBIZ",0.380730400722792
"GO:0003073","regulation of systemic arterial blood pressure",17,0.531756999501621,1.56991586855617,0.0258510971034284,0.433013687567678,0.396602360681282,2463,"tags=65%, list=23%, signal=50%","TPM1/CTSZ/ECE1/PTPN1/BMPR2/GSK3A/ENG/ATP6AP2/SOD2/PCSK5/TNF",0.352487857583619
"GO:0060263","regulation of respiratory burst",10,-0.614233514931204,-1.56835642272887,0.0347556715516035,0.484075975698742,0.443370914646224,1024,"tags=30%, list=10%, signal=27%","CAMK1D/IGHA1/JCHAIN",0.321775918075361
"GO:0016055","Wnt signaling pathway",196,0.314488681369596,1.56611617538462,0.00118754320578778,0.117345839102146,0.107478442691867,2146,"tags=30%, list=20%, signal=25%","CSNK2A2/CSNK1E/CSNK1G2/AXIN1/LGR6/DVL1/TCF7/SOX4/FAM53B/NPHP3/IGFBP4/TLE5/GID8/CDC42/LZTS2/PYGO2/RNF220/HBP1/MESD/AMFR/LMBR1L/VANGL1/RARG/MARK2/NRBP2/STK11/OTUD5/SMARCA4/NFATC1/RPS12/IGFBP2/DVL2/PIAS4/LEO1/GSK3A/VPS35/TIAM1/CTR9/NRBP1/SOX13/CRBN/CCAR2/TRABD2A/PKD1/TGFB1/FRAT1/VGLL4/PAF1/DDX3X/PFDN5/JADE1/WNK1/ATP6AP2/SNX3/ATP6V0C/DVL3/FRMD8/LATS1/PLCG2",0.45505986738723
"GO:0072359","circulatory system development",365,0.294817382319917,1.56589165023485,5.89930149390961e-05,0.0108983182815748,0.00998189868363678,2098,"tags=31%, list=20%, signal=26%","YY1/MBD2/HSPB1/MBD3/EMILIN2/DVL1/VEGFB/KIT/TPM1/AMOT/ERAP1/MICALL1/TRAF3IP2/HMOX1/S1PR1/PDCD4/SOX4/RAMP1/CHD7/NPHP3/CCNB1/ITGA5/FOXJ2/ZFPM1/HDAC5/PACSIN2/JMJD8/CDC42/BCOR/RRAS/KLF2/MAML1/HIPK2/SRF/NINJ1/CDKN1B/CCM2/KDM6B/UTY/PKNOX1/PLXNA4/QKI/PECAM1/CDKL1/ECE1/TBX1/MMRN1/RGCC/ANXA1/AKT1/BSG/RAPGEF2/MEF2B/HGS/STK11/RHOB/HIPK1/NACA/RBPJ/CUL7/GNAI2/AKT3/HLA-G/CXCR3/NFATC1/DVL2/ROCK2/PLXDC1/BMPR2/SPHK1/EFNA3/DUSP6/GSK3A/CACYBP/HIF1A/SMG9/EGLN1/THBS1/PKD1/AGGF1/KRAS/ELMO2/ZNF354C/SP1/STIM1/IGFBP7/PDPK1/TGFB1/PAXIP1/VGLL4/GAB1/ERBB2/ENG/ZNF304/REST/MICAL2/HMGB1/PPARD/NFATC2/PIK3CA/FOXO4/NOTCH2/NEK8/BRCA1/WNK1/TMEM204/DLL1/SLC12A2/RNH1/TNFSF12/PDLIM5/MEF2D",0.557332238758646
"GO:0070192","chromosome organization involved in meiotic cell cycle",14,0.558690434300585,1.56533966546052,0.0297491897111437,0.459652025755089,0.421000729862399,2457,"tags=50%, list=23%, signal=39%","SYCE1L/CCNB1IP1/STAG3/BAG6/SYCP2/P3H4/SUN1",0.352487857583619
"GO:0070373","negative regulation of ERK1 and ERK2 cascade",30,-0.459294970008874,-1.56514497941218,0.0128783234353688,0.338001329135842,0.309579417227392,1048,"tags=27%, list=10%, signal=24%","SPRY1/SYNJ2BP/GBP1/XBP1/GSTP1/DUSP1/ATF3/ITGB1BP1",0.380730400722792
"GO:0006582","melanin metabolic process",12,0.583507518401976,1.5631693689325,0.0394670492997204,0.508608101892499,0.465840179337665,891,"tags=33%, list=8%, signal=31%","GIPC1/DDT/MFSD12/RAPGEF2",0.321775918075361
"GO:0042438","melanin biosynthetic process",12,0.583507518401976,1.5631693689325,0.0394670492997204,0.508608101892499,0.465840179337665,891,"tags=33%, list=8%, signal=31%","GIPC1/DDT/MFSD12/RAPGEF2",0.321775918075361
"GO:0051654","establishment of mitochondrion localization",20,0.506713962413098,1.56230649014843,0.0227742430206549,0.422566631418178,0.3870337783246,2209,"tags=55%, list=21%, signal=44%","FEZ1/MAP1S/ACTR10/LRPPRC/UXT/HIF1A/PKD1/RHOT2/ARMC10/MYO19/UBB",0.352487857583619
"GO:0002250","adaptive immune response",316,-0.301404418252571,-1.5611030462391,9.71682759966451e-05,0.0172028335295727,0.0157562788062428,1793,"tags=27%, list=17%, signal=23%","LAT/TAP1/SOCS3/SOCS5/RC3H1/CD79A/PTK2B/CD55/IL12RB1/SMAD7/IFNG/NCKAP1L/PRKAA1/MCOLN2/MSH2/CD160/IGHV1-18/HLA-A/KLRC1/FCGR3A/IL21R/PSMA5/SLAMF6/PSMB1/HLA-DMA/IL6ST/IGHV4-34/IGKV3-15/RAP1GAP2/ADCY7/SH2D1A/IGLV2-11/DBNL/IL12RB2/SHLD2/STX7/IGLV1-51/IL18BP/AKIRIN2/NBN/TRBV7-9/IGLV1-44/SAMSN1/MALT1/HLA-DRA/TRGV3/IGHG1/HLA-DPB1/IGLV4-69/MEF2C/IGKV1-9/IGLV1-40/HLA-DQB1/LIME1/IGLV3-25/HLA-DRB1/DENND1B/PCYT1A/TXK/CTSC/FCER1G/IGHA1/HLA-DPA1/CD8B/IGLC2/PSMA4/JUNB/IGHV4-39/PRKCQ/SLA2/PSMA6/IRF4/CRACR2A/MAD2L2/TRBV19/IGHV3-23/CD69/RNF125/SH2D1B/IGKV1-5/JCHAIN/IGLV6-57/NFKBIZ/TRGV9",0.538434096309916
"GO:0050830","defense response to Gram-positive bacterium",25,0.476991430267606,1.56097615452986,0.0191311696087824,0.394603590619984,0.361422098345875,1495,"tags=36%, list=14%, signal=31%","LYZ/IL18R1/IL7R/DROSHA/TIRAP/ADAM17/RPL39/FAU/B2M",0.352487857583619
"GO:0003009","skeletal muscle contraction",15,0.542493675673297,1.56089178511809,0.0301741044315978,0.460518393683964,0.421794246500962,2772,"tags=60%, list=26%, signal=45%","EEF2/GNAS/CHRNB1/C12orf57/DMPK/HSP90AA1/TTN/TNF/RCSD1",0.352487857583619
"GO:0060071","Wnt signaling pathway, planar cell polarity pathway",16,0.529099222105105,1.56082362410926,0.0326007141176685,0.472527844691513,0.432793844797345,1353,"tags=38%, list=13%, signal=33%","DVL1/NPHP3/CDC42/VANGL1/DVL2/TIAM1",0.321775918075361
"GO:0045446","endothelial cell differentiation",41,0.419768366288216,1.55836051374337,0.015855075095032,0.359319379447218,0.329104871783127,1570,"tags=37%, list=15%, signal=31%","S1PR1/FOXJ2/EZR/VEZF1/KDM6B/PECAM1/RAPGEF2/RBPJ/RDX/ROCK2/BMPR2/ADD1/MSN/RAPGEF1/MYADM",0.352487857583619
"GO:0065002","intracellular protein transmembrane transport",30,-0.456184387685058,-1.55454501070999,0.0138149176979207,0.341276658712005,0.312579330346103,3715,"tags=60%, list=35%, signal=39%","PEX7/C2CD5/PEX13/SSR3/PEX16/SEC63/TRAM2/SEC61A2/PEX2/LONP2/SRP54/PEX14/PEX6/SEC61A1/PEX26/PEX10/HSPA5/TRIM37",0.380730400722792
"GO:0007416","synapse assembly",87,0.355379041280962,1.55396374179884,0.00729637381331533,0.303984088803299,0.278422624250402,861,"tags=18%, list=8%, signal=17%","AMIGO2/CLSTN3/UBE2M/FBXO45/DVL1/RAP2A/SPOCK2/NRXN2/PLXNC1/NECTIN1/GNA13/CRK/PLXNA4/PPP1R9B/CLSTN1/PTPN1",0.407017918923954
"GO:0050873","brown fat cell differentiation",20,0.503522814904846,1.55246750635682,0.0227742430206549,0.422566631418178,0.3870337783246,2495,"tags=50%, list=23%, signal=38%","SLC39A13/METRNL/BCAT2/CBX4/FTO/YTHDC1/SOX13/HNRNPU/FLCN/SIRT1",0.352487857583619
"GO:0048644","muscle organ morphogenesis",16,0.526158631406876,1.55214898759709,0.0340577144408008,0.482370762196543,0.441809089420244,1748,"tags=44%, list=16%, signal=37%","TPM1/S1PR1/ZFPM1/TBX1/RBPJ/TGFB1/ENG",0.321775918075361
"GO:0060415","muscle tissue morphogenesis",16,0.526158631406876,1.55214898759709,0.0340577144408008,0.482370762196543,0.441809089420244,1748,"tags=44%, list=16%, signal=37%","TPM1/S1PR1/ZFPM1/TBX1/RBPJ/TGFB1/ENG",0.321775918075361
"GO:0021782","glial cell development",52,-0.401265118742173,-1.54873242870429,0.0186070279756651,0.389464344180301,0.356715001714473,1591,"tags=25%, list=15%, signal=21%","MAPK1/IFNG/GRB2/ADORA2A/SIRT2/EIF2B2/ZEB2/IFNGR1/GSTP1/CD9/CDK6/DICER1/ARHGEF10",0.352487857583619
"GO:0042129","regulation of T cell proliferation",74,-0.373229298697942,-1.54863441776833,0.00681658529156357,0.298577417246414,0.273470589789473,1749,"tags=28%, list=16%, signal=24%","RC3H1/CD55/IL12RB1/NCKAP1L/HLA-A/IL6ST/VSIR/GLMN/IL12RB2/TGFBR2/HLA-DPB1/LGALS9C/PRKAR1A/RIPOR2/HLA-DRB1/CDKN2A/TNFSF8/LGALS3/IL15/HLA-DPA1/SLC7A1",0.407017918923954
"GO:0098727","maintenance of cell number",84,0.361146642400951,1.54560414029757,0.00558877088086012,0.289127419374994,0.264815224908768,2127,"tags=31%, list=20%, signal=25%","ZNF358/KIT/ING1/BCL7C/TPT1/CUL4A/PHF10/TBX1/ZNF706/PHF19/SELENON/LBH/SMARCA4/LEO1/SMARCE1/CTR9/SAP30L/RBBP4/PAF1/MYC/REST/SAP30/CUL4B/DLL1/SETD6/BICRA",0.407017918923954
"GO:0051129","negative regulation of cellular component organization",458,0.286351700559296,1.54515103372907,2.40159940990861e-05,0.00463836176940985,0.00424833043448363,2122,"tags=31%, list=20%, signal=26%","TESK1/SAMD1/CLSTN3/CST3/TRIM65/PTGER4/TERF2/MCRS1/DMTN/ERI2/S1PR1/DTNBP1/CCNB1/DNAJA4/ITM2C/RPL23/RPL17/THRA/TMOD3/FKBP4/ULK1/RPL4/VAT1/MTM1/RPL12/RPL9/CDC42/PINK1/GFI1/PRAG1/ANKRD13D/FEZ1/CDK5RAP2/RPL36/MAP4/RUFY3/RPL36A/CDK10/DYSF/PIP4P2/RPL27/SLX1A/KMT2A/SPTAN1/DNAJB1/AKT1/PTPN1/ZNF296/BMERB1/RPL34/PRKCZ/RAPGEF2/RPL11/SPTBN1/KDM1A/CKAP2/RPL30/ERCC4/RPL38/MTMR2/GDI1/RPL14/RPL28/RPL10/WDR54/RPLP2/SVIL/RAB40C/RPL18/RPL15/RPL7A/UBQLN4/RDX/ROCK2/TEN1/RAD21/XRCC1/RCC2/RPL39/AIDA/ARHGEF2/LRPAP1/DNAJB2/HSPA8/VPS35/RPL24/SORL1/RPL31/TERF2IP/ADD3/THBS1/CRBN/RPL35A/ADD1/DUSP22/RPL5/B2M/CAPG/ANKRD27/RAB3IP/RAB40B/MYADM/APOA1/RPL32/PRKCD/TGFB1/HSPA1B/KATNB1/RPL37/PHF23/PGRMC1/RPL41/RPL35/RAF1/HNRNPU/RPL21/RPL7/RPL23A/RPL13/DDX3X/RPL19/HMGB1/ZNF827/RPL8/PIK3CA/PFDN5/UBA52/NOP53/DNM2/ABHD17A/ZWILCH/BRCA1/RPL6/EPHA4/RPL18A/SNX3/MAD2L1BP/RPL29/WDR44/HSPA1A/VBP1/RPL10A/ATXN7",0.575610261071129
"GO:0090280","positive regulation of calcium ion import",10,-0.60375060097694,-1.54158981844983,0.0440235999380566,0.552353566961757,0.505907168473791,1082,"tags=40%, list=10%, signal=36%","PPP3CC/TRPV2/LGALS3/CCL3",0.321775918075361
"GO:0072599","establishment of protein localization to endoplasmic reticulum",41,-0.415658258871956,-1.54104984912644,0.0179613637618234,0.385443609212058,0.353032362976108,1532,"tags=29%, list=14%, signal=25%","HERPUD1/SRP54/VPS54/GET4/SPCS2/CHMP4A/RAB3GAP2/SEC61A1/RAB10/SPCS3/HSPA5/SRP9",0.352487857583619
"GO:0032620","interleukin-17 production",22,-0.495345574726125,-1.53909136589089,0.0252428226877953,0.430750014459607,0.394529035693532,1609,"tags=36%, list=15%, signal=31%","IL12RB1/IFNG/NCKAP1L/SLAMF6/VSIR/SLC7A5/IL15/PRKCQ",0.352487857583619
"GO:0032660","regulation of interleukin-17 production",22,-0.495345574726125,-1.53909136589089,0.0252428226877953,0.430750014459607,0.394529035693532,1609,"tags=36%, list=15%, signal=31%","IL12RB1/IFNG/NCKAP1L/SLAMF6/VSIR/SLC7A5/IL15/PRKCQ",0.352487857583619
"GO:0042092","type 2 immune response",19,0.500843381931779,1.53908101824328,0.031354203015527,0.46745266179991,0.42814542472775,1449,"tags=42%, list=14%, signal=36%","TRAF3IP2/BATF/KMT2A/ANXA1/PRKCZ/TBX21/CD81/MEN1",0.321775918075361
"GO:0035050","embryonic heart tube development",22,0.472296646672266,1.53743660535272,0.046025769801472,0.56214411210601,0.514874444631685,2024,"tags=50%, list=19%, signal=41%","DVL1/NPHP3/CDC42/SRF/PLXNA4/ECE1/DVL2/ENG/MICAL2/NOTCH2/DLL1",0.321775918075361
"GO:0015695","organic cation transport",48,-0.397431516226137,-1.53506712262129,0.0225749172433275,0.422566631418178,0.3870337783246,762,"tags=21%, list=7%, signal=19%","SLC1A4/SLC1A5/SLC19A2/SFXN1/SEC14L1/ACTB/SLC38A1/SLC7A1/SLC25A20/RGS2",0.352487857583619
"GO:0019827","stem cell population maintenance",83,0.351954840893079,1.53356790251664,0.00854741166666128,0.321662131798164,0.294614153029485,2127,"tags=30%, list=20%, signal=24%","ZNF358/KIT/ING1/BCL7C/TPT1/CUL4A/PHF10/TBX1/ZNF706/PHF19/LBH/SMARCA4/LEO1/SMARCE1/CTR9/SAP30L/RBBP4/PAF1/MYC/REST/SAP30/CUL4B/DLL1/SETD6/BICRA",0.380730400722792
"GO:0007269","neurotransmitter secretion",65,0.370438743352845,1.53355186505866,0.00917198530943023,0.321662131798164,0.294614153029485,1062,"tags=22%, list=10%, signal=20%","FBXO45/DVL1/GIT1/SYNGR3/NRXN2/CASK/DTNBP1/KMO/DYSF/STX1A/RAB3A/TSPOAP1/SNAP29/STX2",0.380730400722792
"GO:0099643","signal release from synapse",65,0.370438743352845,1.53355186505866,0.00917198530943023,0.321662131798164,0.294614153029485,1062,"tags=22%, list=10%, signal=20%","FBXO45/DVL1/GIT1/SYNGR3/NRXN2/CASK/DTNBP1/KMO/DYSF/STX1A/RAB3A/TSPOAP1/SNAP29/STX2",0.380730400722792
"GO:0051145","smooth muscle cell differentiation",23,0.468117481104511,1.53175945174457,0.0401101712383698,0.51333770358986,0.470172077501882,2018,"tags=48%, list=19%, signal=39%","KIT/PDCD4/SRF/QKI/NFATC1/ENG/RCAN1/NFATC2/FOXO4/NOTCH2/TMEM204",0.321775918075361
"GO:0097194","execution phase of apoptosis",48,-0.396113459712379,-1.52997616949498,0.023206373307297,0.42746402285096,0.391519357093096,1555,"tags=25%, list=14%, signal=21%","DNASE2/CDK5RAP3/VPS54/BNIP1/SIRT2/CYCS/TP53/NME1/BOK/TAOK1/DICER1/NFKBIZ",0.352487857583619
"GO:0060562","epithelial tube morphogenesis",65,0.36914684101806,1.52820361444899,0.00935634528670451,0.321662131798164,0.294614153029485,2704,"tags=43%, list=25%, signal=32%","DVL1/NPHP3/CTSZ/HOXB7/SRF/CCM2/BSG/DEAF1/RHOB/RBPJ/DVL2/PKD1/KDM2B/TGFB1/MYC/ENG/MICAL2/NOTCH2/SEMA4C/DLL1/FOXP1/TNF/TIE1/ITGAX/SETDB2/PRKX/PRKD2/MESP1",0.380730400722792
"GO:1990089","response to nerve growth factor",26,0.453623665927353,1.52692502535235,0.036400795219132,0.491659189867818,0.450316470242632,891,"tags=27%, list=8%, signal=25%","EEF2/CSNK1E/BPTF/CRK/AKT1/PTPN1/RAPGEF2",0.321775918075361
"GO:1990090","cellular response to nerve growth factor stimulus",26,0.453623665927353,1.52692502535235,0.036400795219132,0.491659189867818,0.450316470242632,891,"tags=27%, list=8%, signal=25%","EEF2/CSNK1E/BPTF/CRK/AKT1/PTPN1/RAPGEF2",0.321775918075361
"GO:0050803","regulation of synapse structure or activity",136,0.327452448881095,1.52410289150818,0.00353130167685839,0.2349108926639,0.215157666501451,2230,"tags=32%, list=21%, signal=26%","AMIGO2/CLSTN3/UBE2M/DVL1/AMOT/RAP2A/CYFIP1/NRXN2/AGAP1/DTNBP1/IL10RA/PLXNC1/TUBB/NECTIN1/CDC42/CDK5R1/GNA13/CAMK1/ABHD17B/PPP1R9B/CLSTN1/AKT1/PTPN1/RHOB/NEDD8/SIPA1L1/DCTN1/PDXP/ZDHHC8/VPS35/PPT1/EGLN1/CLN3/SEMA7A/PGRMC1/DMPK/EIF4G1/ABHD17A/SEMA4C/EPHA4/PDLIM5/LATS1/PDZD11/DHX36",0.431707695803346
"GO:0050919","negative chemotaxis",14,0.543450563291092,1.5226405728628,0.038509555243138,0.501923620331574,0.459717783572568,1997,"tags=43%, list=19%, signal=35%","LGR6/SEMA4F/PLXNA4/APOA1/SEMA7A/SEMA4C",0.321775918075361
"GO:0043954","cellular component maintenance",29,0.444208109728325,1.52175954120644,0.0256009167887097,0.432144981209591,0.39580670224773,1350,"tags=28%, list=13%, signal=24%","GIT1/TPRN/ERC1/PLXNA4/ABHD17B/MTMR2/DCTN1/VPS35",0.352487857583619
"GO:0006921","cellular component disassembly involved in execution phase of apoptosis",16,-0.536443245031532,-1.52170870811634,0.0219706442711339,0.421085501075441,0.385677193516147,1555,"tags=38%, list=14%, signal=32%","DNASE2/CDK5RAP3/VPS54/NME1/BOK/DICER1",0.352487857583619
"GO:0001738","morphogenesis of a polarized epithelium",16,-0.53640288199212,-1.52159421177562,0.0219706442711339,0.421085501075441,0.385677193516147,508,"tags=25%, list=5%, signal=24%","RAB10/WDR1/ACTB/ACTG1",0.352487857583619
"GO:0006261","DNA-templated DNA replication",130,0.320575915133755,1.52095260097868,0.00534593532968541,0.289127419374994,0.264815224908768,2723,"tags=33%, list=25%, signal=25%","PURA/WIZ/MCM5/TERF2/UPF1/EME2/WRNIP1/CDK2AP1/MCM4/CUL4A/TIMELESS/POLD1/MCM7/MCM8/ELOB/PRIM2/MCM3/TONSL/ATAD5/RRM2B/POLA2/BLM/POLE3/RAD51C/BARD1/ELOC/BOD1L1/CUL4B/BRCA1/CHRAC1/RFC2/RPA1/MCMBP/LIG3/ENDOG/POLRMT/POLG/CDK9/MRE11/CDC34/ORC5/POLE/CARM1",0.407017918923954
"GO:0003159","morphogenesis of an endothelium",10,0.599310770079381,1.52067897254912,0.0499001996007984,0.579305869136045,0.530593100985907,2693,"tags=70%, list=25%, signal=52%","CCM2/BSG/RHOB/RBPJ/FOXP1/ITGAX/PRKD2",0.287857117255149
"GO:0061154","endothelial tube morphogenesis",10,0.599310770079381,1.52067897254912,0.0499001996007984,0.579305869136045,0.530593100985907,2693,"tags=70%, list=25%, signal=52%","CCM2/BSG/RHOB/RBPJ/FOXP1/ITGAX/PRKD2",0.287857117255149
"GO:0035627","ceramide transport",12,0.567452597032895,1.52015953527432,0.0459843738005787,0.56214411210601,0.514874444631685,3497,"tags=67%, list=33%, signal=45%","OSBP/PLTP/PSAP/CLN3/SGPP1/PLEKHA8/CPTP/GLTP",0.321775918075361
"GO:0030488","tRNA methylation",35,-0.42712972105832,-1.51948282423564,0.028413831029686,0.452179942215822,0.414156960124941,2748,"tags=49%, list=26%, signal=36%","TRMT10C/LCMT2/TARBP1/GTPBP3/NSUN3/TRMT1/NSUN6/TRDMT1/THUMPD3/HSD17B10/THADA/TRMT10B/TRMT61B/METTL2A/NSUN2/ALKBH8/THUMPD2",0.352487857583619
"GO:0009595","detection of biotic stimulus",13,-0.566627308319899,-1.51781997210835,0.0494071146245059,0.576733049559137,0.528236625088942,3763,"tags=77%, list=35%, signal=50%","HLA-B/PAK1/TLR1/ATF2/NAIP/TSPO/NOD1/HLA-A/NF2/HLA-DRB1",0.287857117255149
"GO:0009062","fatty acid catabolic process",70,-0.36602362023003,-1.51773367520151,0.0137432670988405,0.341276658712005,0.312579330346103,1833,"tags=29%, list=17%, signal=24%","PEX2/SCP2/LONP2/CPT1B/HSD17B10/ACAD11/ABHD2/ACOT8/DECR1/IRS2/ETFA/PCCB/ACOT7/CPT1A/HACL1/ACADVL/ACAA2/ETFB/DECR2/ETFDH",0.380730400722792
"GO:0043009","chordate embryonic development",89,0.348042453370126,1.51657649885377,0.00790635815985496,0.313963699263773,0.287563067568802,2105,"tags=31%, list=20%, signal=26%","ZNF358/LFNG/DVL1/SSBP3/XYLT1/CHD7/FURIN/CUL4A/BAP1/ZNF568/SRF/TBX1/DEAF1/FUT8/NASP/RBPJ/DVL2/NOLC1/PKD1/KDM2B/TGFB1/MT-ND4/HOXB4/BRCA1/ATP6AP2/SEMA4C/DLL1/TCOF1",0.380730400722792
"GO:1902473","regulation of protein localization to synapse",14,0.541193217857879,1.51631593916886,0.0392034024996754,0.508608101892499,0.465840179337665,1150,"tags=29%, list=11%, signal=26%","DVL1/ABHD17B/HRAS/CACNA2D2",0.321775918075361
"GO:0050807","regulation of synapse organization",135,0.323410310051191,1.51561493414881,0.00273618745905525,0.20044931919872,0.183593903550088,2230,"tags=32%, list=21%, signal=26%","AMIGO2/CLSTN3/UBE2M/DVL1/AMOT/RAP2A/CYFIP1/NRXN2/AGAP1/DTNBP1/IL10RA/PLXNC1/TUBB/NECTIN1/CDC42/CDK5R1/GNA13/CAMK1/ABHD17B/PPP1R9B/CLSTN1/AKT1/PTPN1/RHOB/NEDD8/SIPA1L1/DCTN1/PDXP/ZDHHC8/VPS35/EGLN1/CLN3/SEMA7A/PGRMC1/DMPK/EIF4G1/ABHD17A/SEMA4C/EPHA4/PDLIM5/LATS1/PDZD11/DHX36",0.431707695803346
"GO:0007507","heart development",155,0.317120037392634,1.51539534225178,0.00336289358119725,0.230466690750115,0.211087169376401,2390,"tags=36%, list=22%, signal=28%","YY1/MBD2/MBD3/DVL1/TPM1/TRAF3IP2/S1PR1/PDCD4/SOX4/CHD7/NPHP3/CCNB1/ZFPM1/CDC42/BCOR/MAML1/SRF/CDKN1B/CCM2/KDM6B/UTY/PLXNA4/CDKL1/ECE1/TBX1/MEF2B/NACA/RBPJ/NFATC1/DVL2/ROCK2/BMPR2/DUSP6/GSK3A/CACYBP/SMG9/PKD1/KRAS/TGFB1/VGLL4/ENG/REST/MICAL2/PPARD/NOTCH2/NEK8/WNK1/DLL1/PDLIM5/MEF2D/DHX36/PCSK5/FOXP1/TTN/OXCT1/CAD",0.431707695803346
"GO:0051043","regulation of membrane protein ectodomain proteolysis",12,0.565128335869293,1.51393302791707,0.047432671061779,0.570938864990082,0.522929662874379,451,"tags=25%, list=4%, signal=24%","TIMP2/FURIN/TIMP1",0.321775918075361
"GO:0048609","multicellular organismal reproductive process",322,0.287175124653913,1.51367105956896,0.000534172409636701,0.066755840251363,0.0611424640677555,2472,"tags=33%, list=23%, signal=26%","TESK1/YY1/MBD2/CSNK2A2/PSMB4/KIT/MAST2/CCNB1/AGFG2/FOXJ2/RPL23/RPL17/CUL4A/TSGA10/MYCBP/RPL4/RPL12/RPL9/SUFU/DDX3Y/CCNI/RPL36/TUBG1/RNF2/TPGS1/USP9Y/BBS2/PRKACA/AGFG1/MCM8/RPL27/PPP1R9B/GPX4/BIRC3/HADH/BSG/ZNF296/RPL34/RPL11/DEAF1/GTSF1/NCOR2/RPL30/STK11/SBF1/RPL38/STRBP/RPL14/RPL28/FER/MKRN2/IGF2R/WDR54/RPLP2/LSM14B/ZC3H14/SPINK2/RPL18/RPL15/RPL7A/NME8/RPL24/RPL31/CATSPER1/RPL35A/BAG6/RPL5/KDM2B/RPL32/RACGAP1/ZDHHC5/RPL37/RPL41/RPL35/SPEF2/RPL21/RPL7/RPL23A/RPL13/DDX3X/RPL19/PPARD/RPL8/CRTAP/UBA52/CUL4B/RPL6/RPL18A/ODF2/TDRD7/RSBN1/RPL29/RPL10A/DHX36/SELENOF/LRRC8A/CTCF/ZNF628/ZSCAN2/YIF1B/TTLL5/USP9X/EIF4G3/ZFP57/SUN1/RPLP0",0.477270815362862
"GO:0001954","positive regulation of cell-matrix adhesion",28,-0.446916654976727,-1.51103679488891,0.0305536715809306,0.461660000637093,0.422839857818989,164,"tags=18%, list=2%, signal=18%","DISC1/ANKRD28/CCL28/CDK6/ITGB1BP1",0.352487857583619
"GO:0071526","semaphorin-plexin signaling pathway",19,0.491288213286161,1.50971818902537,0.036658087257586,0.491659189867818,0.450316470242632,2026,"tags=47%, list=19%, signal=38%","PLXNC1/SEMA4F/PLXNA4/ECE1/FLNA/SEMA7A/ERBB2/SEMA4C/TYROBP",0.321775918075361
"GO:0046324","regulation of D-glucose import across plasma membrane",23,0.461335904368198,1.50956898742124,0.0455030160276891,0.560412507541017,0.513288447518984,2642,"tags=52%, list=25%, signal=39%","RHOQ/PEA15/AKT1/ERFE/PRKCI/APPL2/GSK3A/OSBPL8/CREBL2/TNF/SELENOS/PRKAG2",0.321775918075361
"GO:1904018","positive regulation of vasculature development",72,0.365620793779866,1.50927944979769,0.00895917219817544,0.321662131798164,0.294614153029485,2061,"tags=39%, list=19%, signal=32%","HSPB1/EMILIN2/VEGFB/HMOX1/ITGA5/JMJD8/RRAS/HIPK2/NINJ1/RHOB/HIPK1/AKT3/CXCR3/SPHK1/HIF1A/THBS1/AGGF1/SP1/STIM1/PDPK1/TGFB1/GAB1/ZNF304/HMGB1/BRCA1/WNK1/DLL1/TNFSF12",0.380730400722792
"GO:0043536","positive regulation of blood vessel endothelial cell migration",39,0.40993646541167,1.50851889226767,0.0251198974753519,0.430750014459607,0.394529035693532,1830,"tags=38%, list=17%, signal=32%","HSPB1/AMOT/HMOX1/ANXA1/AKT1/ADAM17/AKT3/STAT5A/HIF1A/THBS1/SP1/PDPK1/TGFB1/GAB1/HMGB1",0.352487857583619
"GO:0051495","positive regulation of cytoskeleton organization",99,0.338368872504338,1.50724615298149,0.00997689255442599,0.321662131798164,0.294614153029485,1733,"tags=33%, list=16%, signal=28%","TESK1/GIT1/FCHSD2/TPM1/AMOT/CYFIP1/CCDC15/SORBS3/BAG4/CDC42/CDK5RAP2/CDK5R1/CEP120/CCR7/PPP1R35/RGCC/FER/DCTN1/PDXP/ROCK2/FLNA/NCK2/BIN1/ADD3/PLEK/PXN/APOA1/PDE4DIP/NUP62/HSPA1B/KATNB1/SNX9/LIMK1",0.380730400722792
"GO:0003007","heart morphogenesis",56,0.373281648617834,1.50332903511925,0.0239636325215481,0.427821321781755,0.391846611412049,2024,"tags=38%, list=19%, signal=31%","DVL1/TPM1/S1PR1/PDCD4/SOX4/CHD7/NPHP3/ZFPM1/CDC42/SRF/TBX1/NACA/RBPJ/DVL2/BMPR2/GSK3A/TGFB1/ENG/MICAL2/NOTCH2/DLL1",0.352487857583619
"GO:0003006","developmental process involved in reproduction",325,0.285878664577027,1.49965873488586,0.000452622274904164,0.0582785468505392,0.0533780107225502,2472,"tags=34%, list=23%, signal=27%","TESK1/YY1/CSNK2A2/PSMB4/KIT/MAST2/CHD7/CCNB1/AGFG2/FOXJ2/RPL23/RPL17/CUL4A/TSGA10/MYCBP/CTNNA1/RPL4/RPL12/RPL9/SUFU/CCNI/RPL36/TUBG1/RNF2/TPGS1/USP9Y/BBS2/PRKACA/AGFG1/RPL27/PPP1R9B/GPX4/BIRC3/HADH/BSG/ZNF296/RPL34/RPL11/DEAF1/GTSF1/RPL30/STK11/SBF1/RPL38/STRBP/RPL14/NASP/RPL28/FER/MKRN2/IGF2R/RPLP2/LSM14B/ZC3H14/SPINK2/EIF2B4/RPL18/RPL15/RPL7A/FLNA/NME8/PSAP/RPL24/RPL31/CATSPER1/RPL35A/PKD1/BAG6/RPL5/SRD5A1/KDM2B/IDH1/RPL32/RACGAP1/ZDHHC5/RPL37/RPL41/RPL35/SPEF2/RPL21/RPL7/RPL23A/RPL13/RPL19/PPARD/RPL8/CRTAP/UBA52/CUL4B/RPL6/RPL18A/ODF2/TDRD7/RSBN1/RPL29/RPL10A/DHX36/SELENOF/LRRC8A/CTCF/ZNF628/ZSCAN2/YIF1B/CBL/TTLL5/EIF4G3/ZFP57/SUN1/RPLP0",0.49849310876659
"GO:0032434","regulation of proteasomal ubiquitin-dependent protein catabolic process",97,0.341255025343236,1.49901880068917,0.01606747048599,0.359319379447218,0.329104871783127,2547,"tags=38%, list=24%, signal=29%","CSNK2A2/GIPC1/CSNK1E/AXIN1/DVL1/USP7/DET1/PLK3/DDRGK1/GNA12/CBX4/ELOB/CEBPA/AKT1/RPL11/ZER1/RYBP/STYX/UBQLN4/GSK3A/DNAJB2/CCAR2/BAG6/WAC/HSPA1B/TLK2/CAMLG/NOP53/HSPA1A/UBXN1/MAPK9/CSNK1D/USP9X/STUB1/SIRT1/ARAF/RACK1",0.352487857583619
"GO:0090114","COPII-coated vesicle budding",41,-0.403591636359934,-1.49631293748156,0.0247573968413603,0.42933628002794,0.393234179597585,3362,"tags=51%, list=31%, signal=35%","TBC1D20/SAR1B/PREB/RAB1A/TRAPPC3/SEC31A/TRAPPC2L/TRAPPC12/TRAPPC5/TRAPPC6A/SURF4/TMED2/PEF1/SEC23A/SEC24B/SAR1A/TRAPPC2/KLHL12/SEC23B/SEC16A/SEC24D",0.352487857583619
"GO:0002562","somatic diversification of immune receptors via germline recombination within a single locus",42,0.393455761268134,1.49561520790512,0.0369671873397185,0.491659189867818,0.450316470242632,2046,"tags=38%, list=19%, signal=31%","YY1/CLCF1/TCF3/BATF/SLC15A4/PMS2/EXOSC6/KMT5C/DCAF1/HSPD1/TGFB1/PAXIP1/MLH1/HMGB1/KMT5B/HMCES",0.321775918075361
"GO:0016444","somatic cell DNA recombination",42,0.393455761268134,1.49561520790512,0.0369671873397185,0.491659189867818,0.450316470242632,2046,"tags=38%, list=19%, signal=31%","YY1/CLCF1/TCF3/BATF/SLC15A4/PMS2/EXOSC6/KMT5C/DCAF1/HSPD1/TGFB1/PAXIP1/MLH1/HMGB1/KMT5B/HMCES",0.321775918075361
"GO:0070848","response to growth factor",305,0.289769832612967,1.49523015203517,0.000397654303977242,0.0561717821886911,0.0514484000375339,2547,"tags=35%, list=24%, signal=28%","HSPB1/EEF2/MAPKAPK2/LTBP3/GIPC1/CSNK1E/VEGFB/GIT1/KIF16B/FAM89B/ELK1/ING1/CYFIP1/CASK/PDCD4/GDF11/BPTF/GCLM/ITGA5/ZMIZ1/BAG4/FURIN/ZFP36L1/ZBTB7A/FEZ1/EEF1A1/CRK/HIPK2/CREBBP/USP9Y/CRIM1/MCM7/TBX1/MMRN1/PPP1R9B/KMT2A/RGCC/ANXA1/UBE2O/AKT1/PTPN1/RAPGEF2/ERFE/HGS/EID2/GOT1/STK11/ADAM17/FER/RBPJ/SNW1/ROCK2/APPL2/PTPN12/BMPR2/SPHK1/DUSP6/HIF1A/SORL1/LTBP4/THBS1/MEN1/DUSP22/SRD5A1/PXN/RAPGEF1/CAT/PDPK1/CUL1/TGFB1/SAP30L/RBBP4/CPNE3/GAB1/ERBB2/MYC/DDX5/ENG/NPTN/PIK3CA/SAP30/SPART/TMEM204/DLL1/HSPA1A/GAS1/RUNX3/LATS1/PDE8A/TWSG1/FASLG/PPM1A/LDLRAD4/CBL/CAD/ARNT/USP9X/NRROS/STUB1/TMEM53/URI1/SNX6/FLCN/SIRT1/MAP3K7/CD44/RACK1",0.49849310876659
"GO:0045765","regulation of angiogenesis",125,0.324323534965455,1.49317065926926,0.00449542780684334,0.274472868508634,0.251392948349868,2061,"tags=34%, list=19%, signal=28%","HSPB1/EMILIN2/VEGFB/AMOT/HMOX1/ITGA5/FOXJ2/JMJD8/RRAS/KLF2/HIPK2/NINJ1/CCM2/QKI/RGCC/HGS/RHOB/HIPK1/AKT3/HLA-G/CXCR3/ROCK2/SPHK1/EFNA3/HIF1A/EGLN1/THBS1/AGGF1/ZNF354C/SP1/STIM1/PDPK1/GAB1/ERBB2/ZNF304/HMGB1/FOXO4/BRCA1/WNK1/DLL1/SLC12A2/RNH1/TNFSF12",0.407017918923954
"GO:0060828","regulation of canonical Wnt signaling pathway",117,0.327640006750056,1.49233542445174,0.00702700440683487,0.298577417246414,0.273470589789473,2396,"tags=32%, list=22%, signal=25%","CSNK1E/CSNK1G2/AXIN1/LGR6/SOX4/FAM53B/NPHP3/IGFBP4/TLE5/GID8/LZTS2/RNF220/AMFR/LMBR1L/NRBP2/STK11/OTUD5/RPS12/IGFBP2/GSK3A/VPS35/NRBP1/SOX13/CCAR2/TGFB1/FRAT1/DDX3X/PFDN5/JADE1/WNK1/ATP6AP2/FRMD8/LATS1/PPM1A/NEK4/RUVBL2/CSNK1D",0.407017918923954
"GO:0070663","regulation of leukocyte proliferation",116,-0.327119582137986,-1.48836513096788,0.0115848126130944,0.338001329135842,0.309579417227392,2531,"tags=36%, list=24%, signal=28%","PTPN22/JAK2/SASH3/HAVCR2/PTPRC/TNFAIP3/LGALS9/MAPK3/TMIGD2/PHF7/RC3H1/CD55/IL12RB1/MAPK1/NCKAP1L/HLA-A/CD38/FCGR3A/IL6ST/VSIR/HHEX/GLMN/CD300A/IL12RB2/IRS2/TGFBR2/BCL2/HLA-DPB1/MEF2C/LGALS9C/PRKAR1A/IKZF3/RIPOR2/HLA-DRB1/CDKN2A/TNFSF8/GSTP1/LGALS3/IL15/HLA-DPA1/MZB1/SLC7A1",0.380730400722792
"GO:0038066","p38MAPK cascade",35,-0.417975487452896,-1.48691730597103,0.0423864632316215,0.538290645311255,0.493026772114974,781,"tags=23%, list=7%, signal=21%","ULK4/MAPK14/PER1/RELL2/GADD45A/DUSP1/RELL1/ZFP36",0.321775918075361
"GO:2000059","negative regulation of ubiquitin-dependent protein catabolic process",48,0.386083585906314,1.48633507799284,0.0235026303240874,0.42746402285096,0.391519357093096,2155,"tags=40%, list=20%, signal=32%","CSNK2A2/GIPC1/USP7/RPL23/DDRGK1/HIPK2/CBX4/RPL11/RYBP/STYX/CCAR2/BAG6/RPL5/WAC/TLK2/CAMLG/NOP53/RPS7/UBXN1",0.352487857583619
"GO:0007276","gamete generation",299,0.286844691368133,1.4861755773028,0.000432754512889883,0.0574616851646598,0.0526298374377987,2472,"tags=33%, list=23%, signal=26%","TESK1/YY1/CSNK2A2/PSMB4/KIT/MAST2/CCNB1/AGFG2/FOXJ2/RPL23/RPL17/CUL4A/TSGA10/MYCBP/RPL4/RPL12/RPL9/SUFU/DDX3Y/CCNI/RPL36/TUBG1/RNF2/TPGS1/USP9Y/BBS2/PRKACA/AGFG1/MCM8/RPL27/GPX4/BIRC3/HADH/ZNF296/RPL34/RPL11/DEAF1/GTSF1/RPL30/STK11/SBF1/RPL38/STRBP/RPL14/RPL28/FER/MKRN2/IGF2R/RPLP2/LSM14B/ZC3H14/SPINK2/RPL18/RPL15/RPL7A/NME8/RPL24/RPL31/CATSPER1/RPL35A/BAG6/RPL5/KDM2B/RPL32/RACGAP1/ZDHHC5/RPL37/RPL41/RPL35/SPEF2/RPL21/RPL7/RPL23A/RPL13/DDX3X/RPL19/RPL8/CRTAP/UBA52/CUL4B/RPL6/RPL18A/ODF2/TDRD7/RSBN1/RPL29/RPL10A/DHX36/SELENOF/LRRC8A/CTCF/ZNF628/ZSCAN2/YIF1B/TTLL5/USP9X/EIF4G3/ZFP57/SUN1/RPLP0",0.49849310876659
"GO:0007031","peroxisome organization",30,-0.436070216761374,-1.48600170914578,0.0216894842896021,0.421085501075441,0.385677193516147,1833,"tags=37%, list=17%, signal=30%","PEX2/LONP2/DNM1L/ACOT8/RAB8B/PLAAT3/PEX14/PEX6/PEX26/PEX10/TRIM37",0.352487857583619
"GO:0046328","regulation of JNK cascade",83,0.339993512615441,1.48144897421463,0.0150630798056185,0.350729875258073,0.321237643249008,1830,"tags=30%, list=17%, signal=25%","MTURN/AXIN1/RAP2A/PDCD4/MAP4K4/PHLPP1/PINK1/MAP3K10/CRK/HIPK2/CCR7/TRAF2/PTPN1/TIRAP/HRAS/MAP4K2/DVL2/AIDA/GPS2/MEN1/DUSP22/MINK1/ERBB2/ZNF675/HMGB1",0.380730400722792
"GO:0006635","fatty acid beta-oxidation",53,-0.375521901649466,-1.47973505018376,0.0360226368027788,0.491659189867818,0.450316470242632,1833,"tags=30%, list=17%, signal=25%","PEX2/SCP2/LONP2/CPT1B/HSD17B10/ACAD11/ACOT8/DECR1/IRS2/ETFA/CPT1A/ACADVL/ACAA2/ETFB/DECR2/ETFDH",0.321775918075361
"GO:1902275","regulation of chromatin organization",28,0.440746109640832,1.47939672440899,0.0319954063695624,0.470908759965915,0.431310905937093,1880,"tags=36%, list=18%, signal=30%","SAMD1/ERI2/UBN2/KMT2A/KDM1A/HIRA/LSM11/HNRNPU/TLK2/SSRP1",0.321775918075361
"GO:0019217","regulation of fatty acid metabolic process",47,-0.390783745355916,-1.47897658351035,0.0299959753124582,0.460118769323591,0.421428225820184,1800,"tags=26%, list=17%, signal=21%","LONP2/PLAA/KAT2B/SIRT2/PDP1/IRS2/NME1/CPT1A/ACADVL/LPGAT1/FABP5/PDK1",0.352487857583619
"GO:0051899","membrane depolarization",28,-0.437354421019092,-1.47870663401792,0.0381480300490519,0.49889374969795,0.456942689204064,1931,"tags=39%, list=18%, signal=32%","MLLT11/TSPO/SMAD7/SLMAP/ADORA2A/GPD1L/CAMK2D/BCL2/BOK/P2RX7/CDKN2A",0.321775918075361
"GO:1902414","protein localization to cell junction",53,0.377863939961321,1.478593765412,0.0296470051197508,0.459652025755089,0.421000729862399,1371,"tags=26%, list=13%, signal=23%","HSPB1/DVL1/GIT1/NRXN2/LSR/NECTIN1/PECAM1/ABHD17B/CLSTN1/HRAS/CACNA2D2/FLNA/VPS35/COLQ",0.352487857583619
"GO:0060070","canonical Wnt signaling pathway",132,0.315049340672999,1.47508951187021,0.00549789609640275,0.289127419374994,0.264815224908768,2396,"tags=32%, list=22%, signal=25%","CSNK1E/CSNK1G2/AXIN1/LGR6/DVL1/TCF7/SOX4/FAM53B/NPHP3/IGFBP4/TLE5/GID8/LZTS2/RNF220/AMFR/LMBR1L/RARG/NRBP2/STK11/OTUD5/RPS12/IGFBP2/DVL2/GSK3A/VPS35/NRBP1/SOX13/CCAR2/TGFB1/FRAT1/DDX3X/PFDN5/JADE1/WNK1/ATP6AP2/DVL3/FRMD8/LATS1/PPM1A/NEK4/RUVBL2/CSNK1D",0.407017918923954
"GO:0032623","interleukin-2 production",43,-0.400294601929961,-1.47402568601917,0.0248568427599137,0.42933628002794,0.393234179597585,1322,"tags=30%, list=12%, signal=27%","PSMA5/PSMB1/GLMN/PDE4D/GBP1/RUNX1/MALT1/STOML2/PSMA4/PSMA6/IRF4/GPR174/ZFP36",0.352487857583619
"GO:0032663","regulation of interleukin-2 production",43,-0.400294601929961,-1.47402568601917,0.0248568427599137,0.42933628002794,0.393234179597585,1322,"tags=30%, list=12%, signal=27%","PSMA5/PSMB1/GLMN/PDE4D/GBP1/RUNX1/MALT1/STOML2/PSMA4/PSMA6/IRF4/GPR174/ZFP36",0.352487857583619
"GO:0035710","CD4-positive, alpha-beta T cell activation",94,-0.336539200219197,-1.47365692403768,0.0118681982017105,0.338001329135842,0.309579417227392,1780,"tags=32%, list=17%, signal=27%","SOCS3/SOCS5/RC3H1/CD55/IL12RB1/SMAD7/NCKAP1L/CD160/PSMA5/SLAMF6/PSMB1/IL6ST/VSIR/TOX/TGFBR2/RUNX1/MALT1/HLA-DRA/STOML2/TBK1/LGALS9C/HLA-DRB1/PSMA4/JUNB/PRKCQ/PSMA6/IRF4/CRACR2A/CD69/NFKBIZ",0.380730400722792
"GO:0001944","vasculature development",254,0.285750147625522,1.46704843737533,0.00197360124239477,0.17113942201909,0.15674862187305,2061,"tags=31%, list=19%, signal=25%","HSPB1/EMILIN2/VEGFB/KIT/AMOT/ERAP1/MICALL1/HMOX1/S1PR1/PDCD4/SOX4/RAMP1/ITGA5/FOXJ2/HDAC5/PACSIN2/JMJD8/RRAS/KLF2/HIPK2/SRF/NINJ1/CCM2/PKNOX1/QKI/PECAM1/TBX1/MMRN1/RGCC/ANXA1/AKT1/BSG/RAPGEF2/HGS/STK11/RHOB/HIPK1/RBPJ/CUL7/GNAI2/AKT3/HLA-G/CXCR3/NFATC1/ROCK2/PLXDC1/BMPR2/SPHK1/EFNA3/HIF1A/EGLN1/THBS1/PKD1/AGGF1/ELMO2/ZNF354C/SP1/STIM1/IGFBP7/PDPK1/TGFB1/PAXIP1/GAB1/ERBB2/ENG/ZNF304/HMGB1/NFATC2/PIK3CA/FOXO4/NOTCH2/BRCA1/WNK1/TMEM204/DLL1/SLC12A2/RNH1/TNFSF12",0.431707695803346
"GO:0050808","synapse organization",204,0.294166026624197,1.46567043187671,0.00452179355038936,0.274472868508634,0.251392948349868,1103,"tags=19%, list=10%, signal=17%","AMIGO2/CLSTN3/UBE2M/FBXO45/DVL1/GIT1/AMOT/RAP2A/SPOCK2/CYFIP1/NRXN2/AGAP1/ERC1/DTNBP1/IL10RA/PLXNC1/TUBB/NECTIN1/CDC42/EZR/CDK5R1/GNA13/CRK/MESD/PLXNA4/CAMK1/ABHD17B/PPP1R9B/RAB39B/CLSTN1/AKT1/PTPN1/CAST/RHOB/MTMR2/NEDD8/SIPA1L1/DCTN1/PDXP",0.407017918923954
"GO:0050853","B cell receptor signaling pathway",46,-0.38971946718142,-1.46399195844631,0.0273698196331222,0.443871616874565,0.406547266625043,2532,"tags=43%, list=24%, signal=33%","BAX/PTPN22/PTPRC/SYK/NFKBIA/PRKCB/LAT2/CD79A/NCKAP1L/GRB2/CD38/CD300A/CD72/BCL2/LPXN/IGHG1/MEF2C/LIME1/IGHA1/NFKBIZ",0.352487857583619
"GO:0031507","heterochromatin formation",138,0.314400305930555,1.46193144455032,0.0115923569432105,0.338001329135842,0.309579417227392,2495,"tags=36%, list=23%, signal=28%","MBD2/CSNK2A2/MBD3/EHMT2/PHC2/ERI2/TRIM28/BAP1/BCOR/LMNA/RNF2/CBX4/KMT2A/BAHD1/CIZ1/MGA/PHF19/RYBP/SMARCA4/C19orf84/CBX1/YTHDC1/ZNF512B/DNMT1/DOT1L/PHF1/RBM15B/SUZ12/KDM2B/TRIP12/RBBP4/POLE3/HAT1/MIS18A/HNRNPU/ZNF304/DNMT3A/HMGB1/LMNB2/CBX7/MBD1/L3MBTL2/LRIF1/LMNB1/TNRC18/PADI4/RBM15/AEBP2/SIRT1",0.380730400722792
"GO:0008217","regulation of blood pressure",43,0.386297096032583,1.46163956323594,0.0359032789844959,0.491659189867818,0.450316470242632,2261,"tags=40%, list=21%, signal=31%","EMILIN2/TPM1/ERAP1/CTSZ/GNA13/GNA12/ACSM3/ECE1/PTPN1/BMPR2/GSK3A/ENG/WNK1/ATP6AP2/DLL1/SOD2/PCSK5",0.321775918075361
"GO:0048863","stem cell differentiation",90,0.335459466117651,1.46124951809919,0.0117108190104069,0.338001329135842,0.309579417227392,2230,"tags=32%, list=21%, signal=26%","LTBP3/MBD3/KIT/BATF/SEMA4F/CDC42/SRF/FBXL17/LMBR1L/TBX1/NELFB/PHF19/LBH/PHF5A/OTUD5/RBPJ/BMPR2/NOLC1/CUL1/RBBP4/SEMA7A/HNRNPU/REST/FOXO4/HOXB4/SEMA4C/TCOF1/SETD6/DHX36",0.380730400722792
"GO:0071363","cellular response to growth factor stimulus",291,0.283131591564962,1.46083229538723,0.00126807416470919,0.122455616496576,0.11215854827599,2547,"tags=34%, list=24%, signal=27%","HSPB1/EEF2/MAPKAPK2/LTBP3/GIPC1/CSNK1E/VEGFB/GIT1/KIF16B/FAM89B/ING1/CYFIP1/CASK/PDCD4/GDF11/BPTF/GCLM/ITGA5/ZMIZ1/BAG4/FURIN/ZFP36L1/ZBTB7A/FEZ1/EEF1A1/CRK/HIPK2/CREBBP/USP9Y/CRIM1/MCM7/TBX1/MMRN1/PPP1R9B/KMT2A/RGCC/ANXA1/UBE2O/AKT1/PTPN1/RAPGEF2/ERFE/HGS/EID2/GOT1/STK11/ADAM17/RBPJ/SNW1/APPL2/PTPN12/BMPR2/SPHK1/HIF1A/SORL1/LTBP4/THBS1/MEN1/DUSP22/SRD5A1/PXN/RAPGEF1/CAT/PDPK1/CUL1/TGFB1/SAP30L/RBBP4/CPNE3/GAB1/ERBB2/DDX5/ENG/NPTN/PIK3CA/SAP30/SPART/TMEM204/DLL1/HSPA1A/GAS1/LATS1/PDE8A/TWSG1/PPM1A/LDLRAD4/CBL/CAD/ARNT/USP9X/NRROS/STUB1/TMEM53/URI1/SNX6/FLCN/SIRT1/MAP3K7/CD44/RACK1",0.45505986738723
"GO:0042060","wound healing",172,0.303077277898629,1.45992360894036,0.00463924273351636,0.277635808094521,0.254289922146474,2068,"tags=31%, list=19%, signal=25%","HSPB1/EMILIN2/VEGFB/TPM1/SLC11A1/HMOX1/DMTN/CASK/DGKK/DGKA/ITGA5/ITPK1/GNAS/GNA12/CRK/PABPC4/DGKE/ENTPD1/SRF/AHNAK/LCK/MMRN1/VKORC1/DGKQ/ANXA1/RAB3A/PROCR/ADAM17/NACA/HRAS/FLNA/CD59/HIF1A/LYN/THBS1/PLEK/DGKZ/PRKCD/TGFB1/TEC/RAF1/ERBB2/ENG/ANO6/HMGB1/PIK3CA/NOTCH2/FUNDC2/SRSF6/SLC12A2/CHMP7/ENPP4/ST3GAL4",0.407017918923954
"GO:1901342","regulation of vasculature development",129,0.316165921166003,1.4562647019191,0.00559498918419794,0.289127419374994,0.264815224908768,2061,"tags=34%, list=19%, signal=28%","HSPB1/EMILIN2/VEGFB/AMOT/HMOX1/ITGA5/FOXJ2/JMJD8/RRAS/KLF2/HIPK2/NINJ1/CCM2/QKI/RGCC/HGS/RHOB/HIPK1/AKT3/HLA-G/CXCR3/ROCK2/SPHK1/EFNA3/HIF1A/EGLN1/THBS1/AGGF1/ZNF354C/SP1/STIM1/PDPK1/TGFB1/GAB1/ERBB2/ZNF304/HMGB1/FOXO4/BRCA1/WNK1/DLL1/SLC12A2/RNH1/TNFSF12",0.407017918923954
"GO:0072329","monocarboxylic acid catabolic process",78,-0.346098780249294,-1.45064996610843,0.0185373055799549,0.389464344180301,0.356715001714473,1833,"tags=27%, list=17%, signal=22%","PEX2/SCP2/LONP2/CPT1B/HSD17B10/FAH/ACAD11/ABHD2/ACOT8/DECR1/IRS2/ETFA/PCCB/ACOT7/CPT1A/HACL1/ACADVL/ACAA2/ETFB/DECR2/ETFDH",0.352487857583619
"GO:0022603","regulation of anatomical structure morphogenesis",326,0.279568707039881,1.44980852948364,0.00114839419270628,0.116179212495452,0.106409915577061,2088,"tags=29%, list=19%, signal=24%","HSPB1/LFNG/CST3/EMILIN2/DVL1/VEGFB/KIT/TPM1/METRN/AMOT/RAP2A/HMOX1/DMTN/CYFIP1/LST1/DTNBP1/ITGA5/FOXJ2/PLXNC1/JMJD8/HOXB7/ULK1/VAT1/PINK1/RRAS/PRAG1/KLF2/EZR/CDK5R1/CRK/HIPK2/RUFY3/NINJ1/CCM2/QKI/MCU/NSMF/TBX1/RGCC/MARK2/ANXA1/ATP10A/EFHC2/DNMBP/BCR/RAPGEF2/HGS/RHOB/HIPK1/GDI1/SIPA1L1/CUL7/AKT3/HLA-G/CXCR3/DVL2/RDX/ROCK2/BMPR2/SPHK1/EFNA3/VPS35/HIF1A/TIAM1/EGLN1/THBS1/AGGF1/MSN/ZNF354C/SP1/ANKRD27/STIM1/TMBIM1/PDPK1/RAB21/TGFB1/SS18L1/SEMA7A/GAB1/LIMK1/ERBB2/ZNF304/RALBP1/HMGB1/FOXO4/BRCA1/WNK1/EPHA4/DLL1/SLC12A2/RNH1/TNFSF12/CPNE8/PDLIM5/DVL3",0.45505986738723
"GO:0098704","carbohydrate import across plasma membrane",29,0.421893098062937,1.44531320632367,0.0426933272463857,0.538290645311255,0.493026772114974,1555,"tags=31%, list=14%, signal=27%","RHOQ/SLC27A4/PEA15/AKT1/ERFE/PRKCI/APPL2/GSK3A/OSBPL8",0.321775918075361
"GO:0098708","D-glucose import across plasma membrane",29,0.421893098062937,1.44531320632367,0.0426933272463857,0.538290645311255,0.493026772114974,1555,"tags=31%, list=14%, signal=27%","RHOQ/SLC27A4/PEA15/AKT1/ERFE/PRKCI/APPL2/GSK3A/OSBPL8",0.321775918075361
"GO:0140271","hexose import across plasma membrane",29,0.421893098062937,1.44531320632367,0.0426933272463857,0.538290645311255,0.493026772114974,1555,"tags=31%, list=14%, signal=27%","RHOQ/SLC27A4/PEA15/AKT1/ERFE/PRKCI/APPL2/GSK3A/OSBPL8",0.321775918075361
"GO:2000058","regulation of ubiquitin-dependent protein catabolic process",128,0.306622751010915,1.44433752428879,0.00872965925017219,0.321662131798164,0.294614153029485,2547,"tags=35%, list=24%, signal=27%","CSNK2A2/GIPC1/CSNK1E/AXIN1/DVL1/USP7/DET1/PLK3/RPL23/DDRGK1/ATXN3/GNA12/HIPK2/CBX4/ELOB/CEBPA/AKT1/RPL11/ZER1/RYBP/STYX/UBQLN4/GSK3A/DNAJB2/CCAR2/BAG6/RPL5/WAC/HSPA1B/TLK2/CAMLG/NOP53/TRAF7/HSPA1A/LATS1/RPS7/UBXN1/MAPK9/CSNK1D/USP9X/STUB1/CCDC22/SIRT1/ARAF/RACK1",0.380730400722792
"GO:0051452","intracellular pH reduction",39,-0.3919307380502,-1.44415407830838,0.0447083467677146,0.553836050775566,0.507264992942415,1051,"tags=26%, list=10%, signal=23%","RAB7A/VMA21/UBE3A/ATP6V0D1/SLC9A8/BCL2/CREG1/CLCN3/TMEM87A/ATP6V1H",0.321775918075361
"GO:0003018","vascular process in circulatory system",86,-0.339067123560067,-1.44263075288331,0.0290307455196494,0.456777526099833,0.418367941611626,1970,"tags=33%, list=18%, signal=27%","ATP2B1/VEGFA/SLC6A6/HBB/SLC16A7/ROCK1/PRKAA1/ABCC4/TBXA2R/ADORA2A/CD38/KAT2B/SLC7A5/ITGB1/ATP8A1/ZEB2/ZDHHC21/NOS3/SLC1A4/SLC1A5/SLC4A4/SLC2A3/YES1/FABP5/SLC38A1/SLC7A1/RGS2/ITGB1BP1",0.352487857583619
"GO:0035418","protein localization to synapse",38,0.393582745718788,1.44255101164777,0.0380321640624379,0.49889374969795,0.456942689204064,1371,"tags=26%, list=13%, signal=23%","HSPB1/DVL1/GIT1/NRXN2/ABHD17B/CLSTN1/HRAS/CACNA2D2/VPS35/COLQ",0.321775918075361
"GO:0048208","COPII vesicle coating",24,-0.44566704997159,-1.44065169616132,0.0460405156537753,0.56214411210601,0.514874444631685,3333,"tags=54%, list=31%, signal=37%","SAR1B/PREB/TRAPPC3/TRAPPC2L/TRAPPC12/TRAPPC5/TRAPPC6A/TMED2/PEF1/SAR1A/TRAPPC2/KLHL12/SEC16A",0.287857117255149
"GO:0019395","fatty acid oxidation",64,-0.353973123129257,-1.43807186897116,0.0306397082089104,0.461660000637093,0.422839857818989,1833,"tags=28%, list=17%, signal=23%","PEX2/SCP2/LONP2/CPT1B/HSD17B10/ACAD11/ACOT8/DECR1/IRS2/ETFA/CPT1A/HACL1/ACADVL/ACAA2/CYP4V2/ETFB/DECR2/ETFDH",0.352487857583619
"GO:0006885","regulation of pH",57,-0.362057059332706,-1.43806409053505,0.0378269768016355,0.49889374969795,0.456942689204064,1571,"tags=28%, list=15%, signal=24%","ATP5F1B/SLC9B1/SLC9A9/SLC9A6/RAB7A/VMA21/UBE3A/TM9SF4/ATP6V0D1/SLC9A8/BCL2/SLC4A4/CREG1/CLCN3/TMEM87A/ATP6V1H",0.321775918075361
"GO:0030641","regulation of cellular pH",56,-0.362113144333606,-1.43679912229887,0.0309833311047112,0.463549907971543,0.424570846311574,1571,"tags=29%, list=15%, signal=25%","ATP5F1B/SLC9B1/SLC9A9/SLC9A6/RAB7A/VMA21/UBE3A/TM9SF4/ATP6V0D1/SLC9A8/BCL2/SLC4A4/CREG1/CLCN3/TMEM87A/ATP6V1H",0.352487857583619
"GO:0051453","regulation of intracellular pH",56,-0.362113144333606,-1.43679912229887,0.0309833311047112,0.463549907971543,0.424570846311574,1571,"tags=29%, list=15%, signal=25%","ATP5F1B/SLC9B1/SLC9A9/SLC9A6/RAB7A/VMA21/UBE3A/TM9SF4/ATP6V0D1/SLC9A8/BCL2/SLC4A4/CREG1/CLCN3/TMEM87A/ATP6V1H",0.352487857583619
"GO:0046635","positive regulation of alpha-beta T cell activation",39,-0.389798057762441,-1.43629575377222,0.0447083467677146,0.553836050775566,0.507264992942415,1761,"tags=36%, list=16%, signal=30%","SOCS5/CD55/IL12RB1/NCKAP1L/CD160/HLA-A/IL12RB2/TGFBR2/RUNX1/MALT1/HLA-DRA/HLA-DRB1/PRKCQ/NFKBIZ",0.321775918075361
"GO:0006310","DNA recombination",240,0.283834267356419,1.43623154339615,0.00174746726541508,0.161412791538014,0.14783988591152,1853,"tags=25%, list=17%, signal=21%","YY1/CLCF1/MCM5/SWSAP1/TCF3/BRD8/TERF2/MCRS1/SENP3/EME2/BATF/MCM4/TIMELESS/INTS3/INO80B/ACTR5/DCLRE1C/HDGFL2/CREBBP/SLC15A4/IL7R/MCM7/MCM8/SLX1A/FANCB/ZGRF1/PMS2/TOP3B/CTBP1-DT/KDM1A/KLHDC3/ERCC4/MCM3/EXOSC6/CCNB1IP1/RPA3/HTATSF1/PDS5B/RMI1/UBQLN4/KMT5C/PIAS4/TONSL/RAD21/XRCC1/RNF169/DCAF1/TERF2IP/FAN1/HSPD1/BLM/TGFB1/PAXIP1/NONO/RAD51C/BARD1/MLH1/ERCC6/HMGB1/KMT5B",0.45505986738723
"GO:0043484","regulation of RNA splicing",155,-0.301807557895591,-1.43538732576171,0.00986517730328343,0.321662131798164,0.294614153029485,1842,"tags=27%, list=17%, signal=23%","SRSF7/PRMT5/WDR77/RBM14/SUPT3H/AAR2/ZNF326/HNRNPH3/RBMX/HNRNPK/CLK1/CLK4/MBNL1/HNRNPH1/KAT2B/TAF5L/NSRP1/ARGLU1/FASTK/TADA3/SUPT7L/WTAP/TADA1/RNPS1/RRP1B/PTBP3/SNRPD3/DDX17/SFSWAP/PTBP2/SRSF5/SRSF3/RBM5/RBM39/FUS/SNRPD1/ANGEL2/TAF9/CELF2/THUMPD2/MBNL3/CCNL1",0.380730400722792
"GO:0072384","organelle transport along microtubule",69,0.344844742917399,1.43423979926916,0.038159677253903,0.49889374969795,0.456942689204064,2808,"tags=45%, list=26%, signal=33%","KIF16B/DTNBP1/SUN2/ARHGAP21/AP3M2/CDC42/FEZ1/MAP1S/KIF13A/TRAK1/LAMP1/ACTR10/LRPPRC/AP3D1/STK11/UXT/BICD2/HIF1A/CLN3/BORCS6/RHOT2/SYNE2/ARMC10/BICDL1/UBB/SUN1/BLOC1S4/COPG2/TUBA1A/BLOC1S1/KIF1B",0.321775918075361
"GO:0000288","nuclear-transcribed mRNA catabolic process, deadenylation-dependent decay",62,-0.358913865206508,-1.43199570466091,0.026203054746911,0.433013687567678,0.396602360681282,2548,"tags=35%, list=24%, signal=27%","LSM2/CNOT8/DCP1B/DCP2/EDC4/DDX6/RC3H1/XRN1/DCP1A/CPEB3/CNOT9/CNOT6L/TOB1/CNOT6/PARN/CNOT4/NT5C3B/PATL2/TNRC6A/BTG2/HELZ/ZFP36",0.352487857583619
"GO:0048514","blood vessel morphogenesis",230,0.286604202583803,1.42915563430601,0.00302266623192695,0.21405514699096,0.196055642234923,2061,"tags=30%, list=19%, signal=25%","HSPB1/EMILIN2/VEGFB/AMOT/ERAP1/MICALL1/HMOX1/S1PR1/SOX4/RAMP1/ITGA5/FOXJ2/HDAC5/PACSIN2/JMJD8/RRAS/KLF2/HIPK2/SRF/NINJ1/CCM2/PKNOX1/QKI/TBX1/MMRN1/RGCC/ANXA1/AKT1/BSG/RAPGEF2/HGS/RHOB/HIPK1/RBPJ/CUL7/GNAI2/AKT3/HLA-G/CXCR3/ROCK2/PLXDC1/SPHK1/EFNA3/HIF1A/EGLN1/THBS1/AGGF1/ELMO2/ZNF354C/SP1/STIM1/IGFBP7/PDPK1/TGFB1/PAXIP1/GAB1/ERBB2/ENG/ZNF304/HMGB1/PIK3CA/FOXO4/NOTCH2/BRCA1/WNK1/DLL1/SLC12A2/RNH1/TNFSF12",0.431707695803346
"GO:0035239","tube morphogenesis",276,0.279884145935097,1.42750790165986,0.00214599223623775,0.178790608074004,0.16375643372407,2061,"tags=29%, list=19%, signal=24%","HSPB1/EMILIN2/DVL1/VEGFB/AMOT/ERAP1/MICALL1/HMOX1/S1PR1/SOX4/RAMP1/NPHP3/ITGA5/FOXJ2/HDAC5/PACSIN2/CTSZ/JMJD8/HOXB7/RRAS/KLF2/HIPK2/SRF/NINJ1/CCM2/PKNOX1/QKI/TBX1/MMRN1/RGCC/ANXA1/AKT1/BSG/RAPGEF2/DEAF1/HGS/RHOB/HIPK1/RBPJ/CUL7/GNAI2/AKT3/HLA-G/CXCR3/DVL2/ROCK2/PLXDC1/SPHK1/EFNA3/HIF1A/EGLN1/THBS1/PKD1/AGGF1/ELMO2/ZNF354C/SP1/KDM2B/STIM1/IGFBP7/PDPK1/TGFB1/PAXIP1/GAB1/ERBB2/MYC/ENG/ZNF304/MICAL2/HMGB1/PIK3CA/FOXO4/NOTCH2/BRCA1/WNK1/SEMA4C/DLL1/SLC12A2/RNH1/TNFSF12",0.431707695803346
"GO:0006836","neurotransmitter transport",80,0.339549102438855,1.42728205523917,0.0171306652011138,0.375196888863569,0.343647270550325,1062,"tags=20%, list=10%, signal=18%","FBXO45/DVL1/GIT1/ICA1/SYNGR3/NRXN2/CASK/DTNBP1/KMO/DYSF/SLC1A7/STX1A/RAB3A/TSPOAP1/SNAP29/STX2",0.352487857583619
"GO:0007179","transforming growth factor beta receptor signaling pathway",109,0.318970191150106,1.42378544568047,0.0159869861078564,0.359319379447218,0.329104871783127,2496,"tags=38%, list=23%, signal=29%","LTBP3/GIPC1/FAM89B/ING1/GDF11/ZMIZ1/FURIN/ZBTB7A/HIPK2/CREBBP/USP9Y/RGCC/EID2/GOT1/STK11/ADAM17/SNW1/APPL2/LTBP4/THBS1/MEN1/DUSP22/PXN/PDPK1/TGFB1/SAP30L/RBBP4/ENG/SAP30/HSPA1A/LATS1/TWSG1/PPM1A/LDLRAD4/USP9X/NRROS/STUB1/SNX6/FLCN/SIRT1/MAP3K7",0.352487857583619
"GO:0030111","regulation of Wnt signaling pathway",145,0.30512147824507,1.42009287522008,0.00892265554896299,0.321662131798164,0.294614153029485,2396,"tags=31%, list=22%, signal=24%","CSNK1E/CSNK1G2/AXIN1/LGR6/SOX4/FAM53B/NPHP3/IGFBP4/TLE5/GID8/LZTS2/RNF220/MESD/AMFR/LMBR1L/NRBP2/STK11/OTUD5/SMARCA4/NFATC1/RPS12/IGFBP2/GSK3A/VPS35/NRBP1/SOX13/CRBN/CCAR2/TRABD2A/TGFB1/FRAT1/VGLL4/DDX3X/PFDN5/JADE1/WNK1/ATP6AP2/SNX3/ATP6V0C/FRMD8/LATS1/PPM1A/NEK4/RUVBL2/CSNK1D",0.380730400722792
"GO:0002040","sprouting angiogenesis",55,0.355544013878137,1.41820158906522,0.034788051247758,0.484075975698742,0.443370914646224,1609,"tags=31%, list=15%, signal=26%","VEGFB/MICALL1/HMOX1/ITGA5/HDAC5/PACSIN2/JMJD8/KLF2/SRF/MMRN1/ANXA1/AKT1/AKT3/THBS1/ZNF354C/PDPK1/TGFB1",0.321775918075361
"GO:0070828","heterochromatin organization",142,0.304667337208092,1.41761665316558,0.0127987711894125,0.338001329135842,0.309579417227392,2631,"tags=37%, list=25%, signal=28%","MBD2/CSNK2A2/MBD3/EHMT2/PHC2/ERI2/TRIM28/BAP1/BCOR/LMNA/RNF2/CBX4/KMT2A/BAHD1/CIZ1/MGA/PHF19/RYBP/SMARCA4/C19orf84/CBX1/YTHDC1/ZNF512B/DNMT1/DOT1L/PHF1/RBM15B/SUZ12/KDM2B/TRIP12/RBBP4/POLE3/HAT1/MIS18A/HNRNPU/ZNF304/DNMT3A/HMGB1/LMNB2/CBX7/MBD1/L3MBTL2/LRIF1/LMNB1/TNRC18/PADI4/RBM15/AEBP2/SIRT1/CBX6/SETDB2/EED",0.380730400722792
"GO:0006260","DNA replication",237,0.284163211981237,1.41745758817675,0.00370417270145476,0.2349108926639,0.215157666501451,2804,"tags=33%, list=26%, signal=25%","YY1/PURA/WIZ/MCM5/EHMT2/TERF2/UPF1/NFIC/MCRS1/SHMT1/EME2/WRNIP1/CDK2AP1/CHTF8/MCM4/CUL4A/TIMELESS/DHX9/INO80B/POLD1/ACTR5/CHAF1B/CDKN1B/MCM7/CHTF18/MCM8/SLX1A/ELOB/CTBP1-DT/PRIM2/MCM3/NASP/RPA3/RMI1/AKTIP/TONSL/CACYBP/ATAD5/RRM2B/POLA2/BLM/RBBP4/POLE3/RAD51C/BARD1/SET/ELOC/BOD1L1/SSRP1/JADE1/CUL4B/BRCA1/CHRAC1/JADE2/RFC2/RPA1/POLI/NT5M/FAAP20/MCMBP/LIG3/UBE2V1/RUVBL2/ENDOG/POLRMT/INO80C/WAPL/POLG/CDK9/MRE11/USP1/CDC34/NAP1L1/ORC5/POLE/CARM1/UBE2B/NFRKB/TBRG1",0.431707695803346
"GO:0030098","lymphocyte differentiation",242,0.276388911083147,1.41679849360309,0.00677911664896345,0.298577417246414,0.273470589789473,1449,"tags=20%, list=14%, signal=18%","CD3G/YY1/LFNG/PSMB4/CLCF1/KIT/BRD4/TCF3/CD2/PTGER4/TRAF3IP2/TCF7/TESPA1/SOX4/CHD7/BATF/ZFPM1/ZMIZ1/HDAC5/ZFP36L1/PHF10/ZBTB7A/DDRGK1/PIK3R2/IL18R1/CEBPG/LMBR1L/IL7R/CCR7/LCK/KMT2A/ANXA1/GPR183/PRKCZ/ADAM17/SMARCA4/NFKBID/TBX21/IL2RG/HLA-G/CD3D/SLC39A7/STAT5A/DCAF1/SMARCE1/SMARCC2/GPS2/SOX13/MEN1",0.407017918923954
"GO:0006275","regulation of DNA replication",89,0.325126767118074,1.41672261353475,0.0200594753070989,0.405870050380301,0.37174118216644,999,"tags=18%, list=9%, signal=16%","YY1/WIZ/MCM5/EHMT2/MCRS1/WRNIP1/MCM4/CUL4A/TIMELESS/DHX9/INO80B/ACTR5/CDKN1B/MCM7/ELOB/MCM3",0.352487857583619
"GO:0031333","negative regulation of protein-containing complex assembly",88,0.32830578480289,1.41641829400689,0.0227261620362297,0.422566631418178,0.3870337783246,1930,"tags=34%, list=18%, signal=28%","TRIM65/PTGER4/DMTN/THRA/TMOD3/FKBP4/ULK1/CDC42/SPTAN1/PRKCZ/SPTBN1/SVIL/RDX/AIDA/HSPA8/VPS35/SORL1/ADD3/CRBN/ADD1/CAPG/ANKRD27/MYADM/PRKCD/RAF1/DDX3X/HMGB1/ZNF827/NOP53/ABHD17A",0.352487857583619
"GO:0001510","RNA methylation",78,-0.337701332413894,-1.415452623289,0.02562968587075,0.432144981209591,0.39580670224773,2777,"tags=37%, list=26%, signal=28%","FDXACB1/TRMT10C/LCMT2/METTL5/TGS1/TARBP1/RAMAC/LARP7/GTPBP3/NSUN3/TRMT1/BUD23/NSUN6/TRDMT1/NOP2/THUMPD3/HSD17B10/NSUN4/THADA/TRMT10B/MRM1/TRMT61B/RNMT/SNRPD3/METTL2A/NSUN2/ALKBH8/SNRPD1/THUMPD2",0.352487857583619
"GO:0032944","regulation of mononuclear cell proliferation",105,-0.319088486970185,-1.41425103424086,0.0130822551686382,0.338001329135842,0.309579417227392,1749,"tags=28%, list=16%, signal=23%","RC3H1/CD55/IL12RB1/NCKAP1L/HLA-A/CD38/FCGR3A/IL6ST/VSIR/GLMN/CD300A/IL12RB2/IRS2/TGFBR2/BCL2/HLA-DPB1/MEF2C/LGALS9C/PRKAR1A/IKZF3/RIPOR2/HLA-DRB1/CDKN2A/TNFSF8/LGALS3/IL15/HLA-DPA1/MZB1/SLC7A1",0.380730400722792
"GO:0050670","regulation of lymphocyte proliferation",105,-0.319088486970185,-1.41425103424086,0.0130822551686382,0.338001329135842,0.309579417227392,1749,"tags=28%, list=16%, signal=23%","RC3H1/CD55/IL12RB1/NCKAP1L/HLA-A/CD38/FCGR3A/IL6ST/VSIR/GLMN/CD300A/IL12RB2/IRS2/TGFBR2/BCL2/HLA-DPB1/MEF2C/LGALS9C/PRKAR1A/IKZF3/RIPOR2/HLA-DRB1/CDKN2A/TNFSF8/LGALS3/IL15/HLA-DPA1/MZB1/SLC7A1",0.380730400722792
"GO:0141091","transforming growth factor beta receptor superfamily signaling pathway",142,0.302962201511018,1.40968265938,0.0135461317834084,0.341276658712005,0.312579330346103,2496,"tags=37%, list=23%, signal=29%","LTBP3/GIPC1/FAM89B/ING1/PDCD4/GDF11/ZMIZ1/FURIN/ZBTB7A/HIPK2/CREBBP/USP9Y/CRIM1/RGCC/UBE2O/ERFE/EID2/GOT1/STK11/ADAM17/RBPJ/SNW1/APPL2/BMPR2/SORL1/LTBP4/THBS1/MEN1/DUSP22/PXN/PDPK1/CUL1/TGFB1/SAP30L/RBBP4/DDX5/ENG/SAP30/SPART/HSPA1A/LATS1/TWSG1/PPM1A/LDLRAD4/USP9X/NRROS/NCLN/STUB1/TMEM53/SNX6/FLCN/SIRT1/MAP3K7",0.380730400722792
"GO:0002292","T cell differentiation involved in immune response",64,-0.346476744792529,-1.40761664482896,0.0364772721798114,0.491659189867818,0.450316470242632,1780,"tags=31%, list=17%, signal=26%","SOCS3/SOCS5/RC3H1/IL12RB1/SMAD7/PSMA5/SLAMF6/PSMB1/IL6ST/MALT1/HLA-DRA/HLA-DRB1/IFNL1/PSMA4/JUNB/PSMA6/IRF4/CRACR2A/CD69/NFKBIZ",0.321775918075361
"GO:0002460","adaptive immune response based on somatic recombination of immune receptors built from immunoglobulin superfamily domains",184,-0.290727934025857,-1.40653608342523,0.00894155464783462,0.321662131798164,0.294614153029485,1780,"tags=26%, list=17%, signal=22%","SOCS3/SOCS5/RC3H1/CD55/IL12RB1/SMAD7/NCKAP1L/PRKAA1/MSH2/IGHV1-18/HLA-A/KLRC1/FCGR3A/IL21R/PSMA5/SLAMF6/PSMB1/IL6ST/IGHV4-34/IL12RB2/SHLD2/STX7/IL18BP/NBN/MALT1/HLA-DRA/IGHG1/MEF2C/HLA-DRB1/DENND1B/PCYT1A/CTSC/FCER1G/IGHA1/IGLC2/PSMA4/JUNB/IGHV4-39/PRKCQ/SLA2/PSMA6/IRF4/CRACR2A/MAD2L2/IGHV3-23/CD69/NFKBIZ",0.380730400722792
"GO:0019953","sexual reproduction",409,0.263453486374448,1.4063798379527,0.000666501709105368,0.0786657156107975,0.0720508598496632,2472,"tags=32%, list=23%, signal=25%","TESK1/YY1/CSNK2A2/PSMB4/KIT/SYCE1L/MAST2/EME2/SUN2/CCNB1/AGFG2/FOXJ2/RPL23/RPL17/CUL4A/TSGA10/MYCBP/RPL4/RPL12/RPL9/SUFU/DDX3Y/CCNI/RPL36/TUBG1/RNF2/SPAG1/TPGS1/USP9Y/BBS2/PRKACA/STAG2/AGFG1/MCM8/RPL27/GPX4/BIRC3/HADH/ZNF296/PMS2/RPL34/RPL11/RAB3A/DEAF1/GTSF1/CDC25B/RPL30/KLHDC3/STK11/ERCC4/SBF1/RPL38/CCNB1IP1/ANAPC13/STRBP/RPL14/RPL28/FER/STX2/MKRN2/IGF2R/GOLGA2/WDR54/RPLP2/LSM14B/RMI1/ZC3H14/SPINK2/RPL18/RPL15/RPL7A/NME8/RAD21/STAG3/RPL24/RPL31/CATSPER1/RPL35A/BAG6/RPL5/C9orf78/KDM2B/RPL32/RACGAP1/ZNF318/ZDHHC5/RPL37/RAD51C/RPL41/RPL35/SPEF2/RPL21/RPL7/RPL23A/RPL13/MLH1/DDX3X/RPL19/RPL8/CRTAP/SGO2/UBA52/CUL4B/RPL6/RPL18A/ODF2/TDRD7/RPA1/RSBN1/RPL29/RPL10A/SYCP2/OSGIN2/DHX36/SELENOF/CDC23/UBAP2L/LRRC8A/CTCF/ZNF628/ZSCAN2/YIF1B/TTLL5/P3H4/USP9X/EIF4G3/ZFP57/SUN1/ANAPC1/RPLP0",0.477270815362862
"GO:0048762","mesenchymal cell differentiation",87,0.321624709856796,1.40636638498019,0.0244683367409067,0.42933628002794,0.393234179597585,2105,"tags=32%, list=20%, signal=26%","TRIM28/PDCD4/S100A4/SEMA4F/CDC42/SPSB3/HNRNPAB/FBXL17/QKI/TBX1/RGCC/KDM1A/OTUD5/RBPJ/CUL7/ROCK2/HIF1A/TIAM1/NOLC1/CUL1/TGFB1/SEMA7A/DDX5/ENG/SEMA4C/EPHA4/SLC39A6/TCOF1",0.352487857583619
"GO:0001525","angiogenesis",215,0.282600368564919,1.40538755849518,0.0056448331858389,0.289127419374994,0.264815224908768,2061,"tags=30%, list=19%, signal=25%","HSPB1/EMILIN2/VEGFB/AMOT/ERAP1/MICALL1/HMOX1/S1PR1/RAMP1/ITGA5/FOXJ2/HDAC5/PACSIN2/JMJD8/RRAS/KLF2/HIPK2/SRF/NINJ1/CCM2/PKNOX1/QKI/TBX1/MMRN1/RGCC/ANXA1/AKT1/BSG/HGS/RHOB/HIPK1/RBPJ/GNAI2/AKT3/HLA-G/CXCR3/ROCK2/PLXDC1/SPHK1/EFNA3/HIF1A/EGLN1/THBS1/AGGF1/ZNF354C/SP1/STIM1/IGFBP7/PDPK1/TGFB1/GAB1/ERBB2/ENG/ZNF304/HMGB1/PIK3CA/FOXO4/NOTCH2/BRCA1/WNK1/DLL1/SLC12A2/RNH1/TNFSF12",0.407017918923954
"GO:0007411","axon guidance",63,0.346699352311673,1.40527310292138,0.0339705973000303,0.482370762196543,0.441809089420244,1999,"tags=37%, list=19%, signal=30%","LGR6/CYFIP1/NECTIN1/SEMA4F/FEZ1/EFNA4/CDK5R1/PLXNA4/YTHDF1/ECE1/KLF7/BSG/ADAM17/TRIO/BMPR2/EFNA3/SEMA7A/PGRMC1/NPTN/NOTCH2/EPHB6/SEMA4C/EPHA4",0.321775918075361
"GO:0097485","neuron projection guidance",63,0.346699352311673,1.40527310292138,0.0339705973000303,0.482370762196543,0.441809089420244,1999,"tags=37%, list=19%, signal=30%","LGR6/CYFIP1/NECTIN1/SEMA4F/FEZ1/EFNA4/CDK5R1/PLXNA4/YTHDF1/ECE1/KLF7/BSG/ADAM17/TRIO/BMPR2/EFNA3/SEMA7A/PGRMC1/NPTN/NOTCH2/EPHB6/SEMA4C/EPHA4",0.321775918075361
"GO:0050868","negative regulation of T cell activation",76,-0.338903170864255,-1.40256555614398,0.0361761127313607,0.491659189867818,0.450316470242632,1761,"tags=28%, list=16%, signal=23%","SOCS5/RC3H1/SMAD7/PTPN2/PSMA5/PSMB1/VSIR/GLMN/CD300A/RUNX1/CBLB/LGALS9C/PRKAR1A/RIPOR2/HLA-DRB1/IFNL1/CDKN2A/LGALS3/PSMA4/PSMA6/CD69",0.321775918075361
"GO:0003002","regionalization",62,0.343439753065259,1.40235818286019,0.0345244655686613,0.484075975698742,0.443370914646224,2811,"tags=47%, list=26%, signal=35%","LFNG/DVL1/SSBP3/NPHP3/HOXB7/SRF/TIGD5/TBX1/DVL2/AIDA/BMPR2/KDM2B/ENG/MICAL2/NOTCH2/HOXB4/PBX3/NEK8/ATP6AP2/TDRD7/DLL1/PCSK5/NCLN/TAF10/HOXB3/SETDB2/HES6/MESP1/TDRKH",0.321775918075361
"GO:0031345","negative regulation of cell projection organization",78,0.335879514048238,1.40214802173279,0.0205099079243253,0.411068862124803,0.376502835365416,1020,"tags=19%, list=10%, signal=18%","TESK1/DTNBP1/ITM2C/FKBP4/ULK1/GFI1/PRAG1/MAP4/RUFY3/CDK10/AKT1/PTPN1/ZNF296/RAPGEF2/GDI1",0.352487857583619
"GO:1903038","negative regulation of leukocyte cell-cell adhesion",81,-0.33422380179237,-1.40093930697921,0.0267145043734849,0.434903942846503,0.398333667860237,1761,"tags=27%, list=16%, signal=23%","SOCS5/RC3H1/SMAD7/PTPN2/PSMA5/PSMB1/VSIR/GLMN/CD300A/RUNX1/CBLB/LGALS9C/PRKAR1A/RIPOR2/HLA-DRB1/IFNL1/CDKN2A/LGALS3/PSMA4/PSMA6/CCL28/CD69",0.352487857583619
"GO:0006631","fatty acid metabolic process",204,-0.289566717569517,-1.40057266723518,0.00962228468028592,0.321662131798164,0.294614153029485,1833,"tags=23%, list=17%, signal=19%","PEX2/SCP2/LONP2/MBLAC2/PLAA/CPT1B/HACD1/PRKAG1/ACSF3/HSD17B10/PRKAA1/KAT2B/ACAD11/ABHD2/ACOT8/SIRT2/DECR1/PDP1/ELOVL6/IRS2/LIPC/ELOVL1/ALDH3A2/MMUT/XBP1/ETFA/NAAA/NME1/PCCB/ACOT7/CPT1A/PTGDS/HACL1/GSTP1/MECR/LYPLA1/ACADVL/LPGAT1/AOAH/ACAA2/CYP4V2/ETFB/FABP5/DECR2/PDK1/ETFDH",0.380730400722792
"GO:0001568","blood vessel development",243,0.276340437272016,1.39978168320619,0.00685899253839381,0.298577417246414,0.273470589789473,2061,"tags=30%, list=19%, signal=24%","HSPB1/EMILIN2/VEGFB/AMOT/ERAP1/MICALL1/HMOX1/S1PR1/SOX4/RAMP1/ITGA5/FOXJ2/HDAC5/PACSIN2/JMJD8/RRAS/KLF2/HIPK2/SRF/NINJ1/CCM2/PKNOX1/QKI/PECAM1/TBX1/MMRN1/RGCC/ANXA1/AKT1/BSG/RAPGEF2/HGS/RHOB/HIPK1/RBPJ/CUL7/GNAI2/AKT3/HLA-G/CXCR3/ROCK2/PLXDC1/BMPR2/SPHK1/EFNA3/HIF1A/EGLN1/THBS1/PKD1/AGGF1/ELMO2/ZNF354C/SP1/STIM1/IGFBP7/PDPK1/TGFB1/PAXIP1/GAB1/ERBB2/ENG/ZNF304/HMGB1/PIK3CA/FOXO4/NOTCH2/BRCA1/WNK1/DLL1/SLC12A2/RNH1/TNFSF12",0.407017918923954
"GO:0034329","cell junction assembly",181,0.285968433197561,1.39927378347568,0.00819007766195732,0.319262752161988,0.292416532826706,1455,"tags=22%, list=14%, signal=19%","AMIGO2/CLSTN3/UBE2M/FBXO45/LIM2/DVL1/CDHR3/AMOT/RAP2A/SPOCK2/DMTN/NRXN2/LSR/PLXNC1/MAP4K4/NECTIN1/CTNNA1/CDC42/GNA13/CRK/PLXNA4/PECAM1/PARD6B/PRKACA/PPP1R9B/CLSTN1/PTPN1/BCR/RAPGEF2/HIPK1/FER/NEDD8/LDB1/RAB40C/ROCK2/RCC2/ZDHHC8/VPS35/THBS1/DUSP22",0.380730400722792
"GO:0007162","negative regulation of cell adhesion",143,-0.29944593101691,-1.39718256485001,0.0237487162546523,0.42746402285096,0.391519357093096,1368,"tags=22%, list=13%, signal=20%","MAP2K5/PSMA5/PSMB1/VSIR/TMX1/GLMN/CD300A/YTHDF2/CUL5/GBP1/CBLL1/NF2/RUNX1/CBLB/LPXN/RASA1/LGALS9C/PRKAR1A/RIPOR2/HLA-DRB1/IFNL1/CDKN2A/LGALS3/PSMA4/PLXND1/PSMA6/DUSP1/MAD2L2/CCL28/CD69/CD9/ITGB1BP1",0.352487857583619
"GO:0022408","negative regulation of cell-cell adhesion",108,-0.314447080764447,-1.39398293236539,0.0183053714162071,0.388147837242791,0.355509197431004,1761,"tags=26%, list=16%, signal=22%","SOCS5/RC3H1/SMAD7/PTPN2/MAP2K5/PSMA5/PSMB1/VSIR/TMX1/GLMN/CD300A/YTHDF2/NF2/RUNX1/CBLB/LGALS9C/PRKAR1A/RIPOR2/HLA-DRB1/IFNL1/CDKN2A/LGALS3/PSMA4/PSMA6/MAD2L2/CCL28/CD69/CD9",0.352487857583619
"GO:0034330","cell junction organization",301,0.26827219982903,1.39212228161539,0.00363132854555002,0.2349108926639,0.215157666501451,1523,"tags=22%, list=14%, signal=20%","AMIGO2/CLSTN3/UBE2M/FBXO45/LIM2/DVL1/GIT1/CDHR3/AMOT/RAP2A/SPOCK2/DMTN/CYFIP1/NRXN2/LSR/AGAP1/ERC1/DTNBP1/IL10RA/PLXNC1/MAP4K4/TUBB/NECTIN1/CTNNA1/CDC42/EZR/CDK5R1/GNA13/CRK/MESD/PLXNA4/PECAM1/CAMK1/PARD6B/PRKACA/ABHD17B/PPP1R9B/RAB39B/CLSTN1/AKT1/PTPN1/BCR/RAPGEF2/CAST/RHOB/HIPK1/MTMR2/FER/NEDD8/SIPA1L1/DCTN1/PDXP/LDB1/RAB40C/PRKCI/CHRNB1/RDX/ROCK2/RCC2/ZDHHC8/VPS35/EGLN1/THBS1/ADD1/DUSP22/CLN3/RAPGEF1",0.431707695803346
"GO:0050777","negative regulation of immune response",130,-0.305393259141772,-1.39009019178477,0.0164833269568076,0.364779459580602,0.334105823791303,2611,"tags=35%, list=24%, signal=27%","PLCG1/TREX1/HAVCR2/PTPRC/TNFAIP3/SYK/USP18/LGALS9/NLRC3/MAPK3/KLRD1/IFI16/SOCS5/RC3H1/CD55/ARRB2/SMAD7/NCKAP1L/GRB2/PTPN2/CD160/HLA-A/KLRC1/PLK2/USP15/IL6ST/CD300A/IRAK3/IL12RB2/YTHDF2/PRKAR2A/IL18BP/EIF4E2/SAMSN1/NLRC5/YWHAZ/MAPK14/PRKAR1A/HLA-DRB1/IFNL1/LGALS3/CEP63/YES1/CD69/RHBDF2/CLEC12A",0.352487857583619
"GO:0048667","cell morphogenesis involved in neuron differentiation",194,0.285155381034662,1.38918694418862,0.00533448793069251,0.289127419374994,0.264815224908768,1999,"tags=30%, list=19%, signal=25%","PITPNA/LGR6/DVL1/METRN/TPRN/RAP2A/CYFIP1/DTNBP1/PLXNC1/NECTIN1/ULK1/SEMA4F/CDC42/FEZ1/EFNA4/MAP1S/CDK5R1/RUFY3/PLXNA4/NSMF/YTHDF1/ECE1/PARD6B/KLF7/MARK2/BSG/EFHC2/RAPGEF2/RAB3A/STK11/S100A6/ATL1/GDI1/ADAM17/CDHR1/SIPA1L1/CUL7/TRIO/BMPR2/EFNA3/TIAM1/C12orf57/LLGL1/ANKRD27/RAB21/APBB1/SS18L1/SEMA7A/PGRMC1/MINK1/LIMK1/REST/NPTN/NOTCH2/AFG3L2/EPHB6/DNM2/SEMA4C/EPHA4",0.407017918923954
"GO:1902905","positive regulation of supramolecular fiber organization",88,0.321796797296049,1.38833639777809,0.0298631607690435,0.459741196042268,0.421082401983658,1733,"tags=32%, list=16%, signal=27%","TESK1/GIT1/FCHSD2/TPM1/AMOT/CYFIP1/SORBS3/BAG4/CDC42/CDK5RAP2/CDK5R1/CCR7/RGCC/FER/DCTN1/PDXP/ROCK2/FLNA/NCK2/BIN1/PLEK/PXN/APOA1/PDE4DIP/HSPA1B/KATNB1/SNX9/LIMK1",0.352487857583619
"GO:0062013","positive regulation of small molecule metabolic process",79,-0.330167308344763,-1.3875915351402,0.0370277572976469,0.491659189867818,0.450316470242632,3076,"tags=46%, list=29%, signal=33%","PPTC7/PPARA/PPP1CA/DDB1/SREBF1/AKT2/PPP1R3E/VCP/CREB1/ABCG1/SREBF2/RPTOR/TMSB4X/STAT3/CRY1/PLAA/MBTPS2/PRKAG1/MAPK1/IFNG/PRKAA1/PTPN2/KAT2B/SIRT2/PDP1/ENO1/IRS2/EPM2AIP1/SLC4A4/TOX4/CTDSPL2/P2RX7/CPT1A/ARPP19/LPGAT1/PMAIP1",0.321775918075361
"GO:0030177","positive regulation of Wnt signaling pathway",73,0.332337471719992,1.38753854030927,0.0346570685959369,0.484075975698742,0.443370914646224,2396,"tags=33%, list=22%, signal=26%","CSNK1E/CSNK1G2/LGR6/SOX4/FAM53B/GID8/RNF220/MESD/NRBP2/SMARCA4/RPS12/VPS35/NRBP1/CRBN/CCAR2/TGFB1/FRAT1/DDX3X/WNK1/ATP6AP2/ATP6V0C/PPM1A/NEK4/CSNK1D",0.321775918075361
"GO:0043534","blood vessel endothelial cell migration",65,0.335050641980036,1.38705129017289,0.0338360588368104,0.482370762196543,0.441809089420244,1830,"tags=32%, list=17%, signal=27%","HSPB1/AMOT/MICALL1/HMOX1/HDAC5/PACSIN2/SRF/MMRN1/RGCC/ANXA1/AKT1/ADAM17/AKT3/STAT5A/HIF1A/THBS1/SP1/PDPK1/TGFB1/GAB1/HMGB1",0.321775918075361
"GO:0032943","mononuclear cell proliferation",125,-0.305735146763084,-1.38655690812204,0.0126883823435686,0.338001329135842,0.309579417227392,1749,"tags=26%, list=16%, signal=22%","RC3H1/CD79A/CD55/IL12RB1/NCKAP1L/HLA-A/CD38/FCGR3A/IL6ST/VSIR/GLMN/CD300A/IL12RB2/IRS2/TGFBR2/BCL2/HLA-DPB1/MEF2C/LGALS9C/PRKAR1A/IKZF3/RIPOR2/HLA-DRB1/CDKN2A/PCYT1A/TNFSF8/LGALS3/IL15/HLA-DPA1/MZB1/CTPS1/SLC7A1/NFKBIZ",0.380730400722792
"GO:0046651","lymphocyte proliferation",125,-0.305735146763084,-1.38655690812204,0.0126883823435686,0.338001329135842,0.309579417227392,1749,"tags=26%, list=16%, signal=22%","RC3H1/CD79A/CD55/IL12RB1/NCKAP1L/HLA-A/CD38/FCGR3A/IL6ST/VSIR/GLMN/CD300A/IL12RB2/IRS2/TGFBR2/BCL2/HLA-DPB1/MEF2C/LGALS9C/PRKAR1A/IKZF3/RIPOR2/HLA-DRB1/CDKN2A/PCYT1A/TNFSF8/LGALS3/IL15/HLA-DPA1/MZB1/CTPS1/SLC7A1/NFKBIZ",0.380730400722792
"GO:0048738","cardiac muscle tissue development",59,0.34599165879529,1.38549901991,0.0483530969451901,0.571456652182909,0.523403910291729,2334,"tags=36%, list=22%, signal=28%","YY1/MBD2/MBD3/TPM1/S1PR1/CCNB1/ZFPM1/MAML1/KDM6B/RBPJ/GSK3A/CACYBP/KRAS/TGFB1/VGLL4/ENG/NOTCH2/DLL1/PDLIM5/FOXP1/TTN",0.321775918075361
"GO:0000956","nuclear-transcribed mRNA catabolic process",131,-0.300588498998086,-1.38527474084142,0.024561449246893,0.42933628002794,0.393234179597585,1749,"tags=25%, list=16%, signal=21%","RC3H1/XRN1/EXOSC7/NCBP2/EXOSC9/EXOSC10/DCP1A/EXOSC2/CPEB3/CNOT9/CNOT6L/ETF1/TOB1/RNPS1/ANGEL1/N4BP2/SNRPD3/CNOT6/PARN/CNOT4/NT5C3B/MAGOHB/ZCCHC7/SMG5/HBS1L/PATL2/ANGEL2/SMG1/TNRC6A/SMG7/BTG2/HELZ/ZFP36",0.352487857583619
"GO:0009792","embryo development ending in birth or egg hatching",95,0.31696369057822,1.3845206383555,0.0242755236172732,0.42933628002794,0.393234179597585,2105,"tags=29%, list=20%, signal=24%","ZNF358/LFNG/DVL1/SSBP3/XYLT1/CHD7/FURIN/CUL4A/BAP1/ZNF568/SRF/TBX1/DEAF1/FUT8/NASP/RBPJ/DVL2/NOLC1/PKD1/KDM2B/TGFB1/MT-ND4/HOXB4/BRCA1/ATP6AP2/SEMA4C/DLL1/TCOF1",0.352487857583619
"GO:0040017","positive regulation of locomotion",279,0.267325649102465,1.38222591913208,0.00963320204563493,0.321662131798164,0.294614153029485,1999,"tags=27%, list=19%, signal=22%","MAZ/HSPB1/CMKLR1/LGR6/VEGFB/KIT/AMOT/RAP2A/FAM89B/SPOCK2/HMOX1/DMTN/S1PR1/SUN2/ITGA5/BAG4/MAP4K4/SEMA4F/CDC42/PINK1/RRAS/DDRGK1/CRK/RUFY3/PECAM1/MCU/NSMF/CCR7/ANXA1/AKT1/BSG/RAPGEF2/ZNF609/TIRAP/MAP2K2/WASHC1/RHOB/ADAM17/FER/HRAS/GNAI2/AKT3/CXCR3/ROCK2/FLNA/BMPR2/ARHGEF2/SPHK1/STAT5A/HSPA8/VPS35/HIF1A/TIAM1/LYN/IL16/THBS1/TMEM102/SP1/RAB40B/MYADM/PDPK1/TGFB1/CPNE3/SEMA7A/GAB1/ACTN4/ZNF304/ANO6/HMGB1/FOXO4/SYNE2/WNK1/SEMA4C/EPHA4",0.380730400722792
"GO:0007178","cell surface receptor protein serine/threonine kinase signaling pathway",150,0.293858794418643,1.38098003539693,0.0100091483259797,0.321662131798164,0.294614153029485,2496,"tags=37%, list=23%, signal=29%","LTBP3/GIPC1/FAM89B/ING1/PDCD4/GDF11/ZMIZ1/FURIN/ZBTB7A/HIPK2/CREBBP/USP9Y/CRIM1/RGCC/UBE2O/ERFE/EID2/GOT1/STK11/ADAM17/RBPJ/SNW1/APPL2/BMPR2/SORL1/LTBP4/THBS1/MEN1/DUSP22/PXN/PDPK1/CUL1/TGFB1/SAP30L/RBBP4/DDX5/ENG/SH2B1/SAP30/SPART/HSPA1A/LATS1/TWSG1/PPM1A/LDLRAD4/AKAP11/USP9X/NRROS/NCLN/STUB1/TMEM53/SNX6/FLCN/SIRT1/MAP3K7",0.380730400722792
"GO:0007389","pattern specification process",71,0.334886688761533,1.38086901658035,0.0302387930896272,0.460518393683964,0.421794246500962,2704,"tags=44%, list=25%, signal=33%","LFNG/DVL1/SSBP3/NPHP3/HOXB7/BCOR/RFNG/SRF/TIGD5/TBX1/DVL2/AIDA/BMPR2/KDM2B/ENG/DOP1B/MICAL2/NOTCH2/HOXB4/PBX3/NEK8/ATP6AP2/TDRD7/DLL1/PCSK5/NCLN/TAF10/HOXB3/SETDB2/HES6/MESP1",0.352487857583619
"GO:0070661","leukocyte proliferation",139,-0.295330190491673,-1.37650766007567,0.0305554120452568,0.461660000637093,0.422839857818989,2019,"tags=29%, list=19%, signal=24%","MAPK3/TMIGD2/PHF7/DOCK8/RC3H1/CD79A/CD55/IL12RB1/MAPK1/NCKAP1L/HLA-A/CD38/FCGR3A/IL6ST/VSIR/HHEX/GLMN/CD300A/IL12RB2/IRS2/TGFBR2/BCL2/HLA-DPB1/MEF2C/LGALS9C/PRKAR1A/IKZF3/RIPOR2/HLA-DRB1/CDKN2A/PCYT1A/TNFSF8/GSTP1/LGALS3/IL15/HLA-DPA1/MZB1/CTPS1/SLC7A1/NFKBIZ",0.352487857583619
"GO:0006633","fatty acid biosynthetic process",91,-0.319874641194282,-1.37631724094956,0.0263945740362506,0.433013687567678,0.396602360681282,2075,"tags=27%, list=19%, signal=22%","PNPLA8/FADS2/SCP2/PLAA/HACD1/PRKAG1/ACSF3/PRKAA1/KAT2B/ABHD2/ACOT8/SIRT2/ELOVL6/LIPC/ELOVL1/XBP1/NME1/ACOT7/PTGDS/GSTP1/MECR/ACADVL/LPGAT1/FABP5/DECR2",0.352487857583619
"GO:0030217","T cell differentiation",183,0.280780374837079,1.37556473138902,0.0174080778947732,0.379317553717392,0.347421436253452,1449,"tags=21%, list=14%, signal=19%","CD3G/LFNG/PSMB4/KIT/BRD4/CD2/PTGER4/TRAF3IP2/TCF7/TESPA1/SOX4/CHD7/BATF/ZFPM1/ZMIZ1/ZFP36L1/PHF10/PIK3R2/IL18R1/LMBR1L/IL7R/CCR7/LCK/KMT2A/ANXA1/GPR183/PRKCZ/ADAM17/SMARCA4/NFKBID/TBX21/IL2RG/HLA-G/CD3D/STAT5A/SMARCE1/SMARCC2/SOX13/MEN1",0.352487857583619
"GO:0090287","regulation of cellular response to growth factor stimulus",126,0.295732836822213,1.3740580801649,0.0158708726058004,0.359319379447218,0.329104871783127,2495,"tags=38%, list=23%, signal=30%","GIPC1/VEGFB/FAM89B/ING1/CYFIP1/CASK/ITGA5/ZBTB7A/HIPK2/CREBBP/CRIM1/MMRN1/UBE2O/PTPN1/ERFE/HGS/EID2/GOT1/STK11/ADAM17/RBPJ/SNW1/HIF1A/SORL1/LTBP4/THBS1/MEN1/PDPK1/CUL1/SAP30L/RBBP4/ENG/NPTN/SAP30/SPART/TMEM204/DLL1/HSPA1A/LATS1/TWSG1/PPM1A/LDLRAD4/ARNT/STUB1/TMEM53/SNX6/FLCN/SIRT1",0.352487857583619
"GO:0031344","regulation of cell projection organization",309,0.265032682191298,1.37225947272119,0.00609576424945744,0.293406271960997,0.268734276627775,2244,"tags=29%, list=21%, signal=24%","TESK1/RHOQ/ALKAL2/DVL1/KIT/METRN/RAP2A/CROCC/DMTN/CYFIP1/PACSIN1/DTNBP1/FBXO38/ITM2C/PLXNC1/AP2A1/KCTD17/FKBP4/ULK1/CDC42/GFI1/PRAG1/FEZ1/SEPTIN9/EZR/CDK5R1/SERPINI1/MAP4/RAB11FIP3/RUFY3/CEP120/CDKL1/NSMF/YTHDF1/CDK10/CAMK1/CCR7/ABHD17B/ACAP3/PPP1R35/MARK2/AKT1/PTPN1/ZNF296/EFHC2/RAPGEF2/WASHC1/GDI1/FER/HRAS/SIPA1L1/CUL7/P3H1/PRKCI/DVL2/RCC2/BMPR2/GSK3A/VPS35/TIAM1/LYN/RAPGEF1/ANKRD27/DEF8/RAB3IP/RAB40B/RAB21/APBB1/PRKCD/KATNB1/SS18L1/SEMA7A/LIMK1/NPTN/PIK3CA/SYNE2/EPHA4/MARK4/ODF2/SNX3/ENTR1/PDLIM5/DVL3/WDR44/HSP90AA1/CUX1/ATG5/INPP5F/DHX36/CBFA2T2",0.407017918923954
"GO:0032609","type II interferon production",69,-0.331767519236106,-1.37136175167465,0.0484171322160149,0.571456652182909,0.523403910291729,1609,"tags=29%, list=15%, signal=25%","IL12RB1/CD160/HLA-A/PSMA5/SLAMF6/PSMB1/VSIR/SLC7A5/IL12RB2/PDE4D/HLA-DPB1/LGALS9C/CD47/HLA-DRB1/IFNL1/TXK/HLA-DPA1/UBA5/PSMA4/PSMA6",0.282013350011725
"GO:0032649","regulation of type II interferon production",69,-0.331767519236106,-1.37136175167465,0.0484171322160149,0.571456652182909,0.523403910291729,1609,"tags=29%, list=15%, signal=25%","IL12RB1/CD160/HLA-A/PSMA5/SLAMF6/PSMB1/VSIR/SLC7A5/IL12RB2/PDE4D/HLA-DPB1/LGALS9C/CD47/HLA-DRB1/IFNL1/TXK/HLA-DPA1/UBA5/PSMA4/PSMA6",0.282013350011725
"GO:0048812","neuron projection morphogenesis",226,0.272922963573815,1.36930037362156,0.0106256142676062,0.334431370541175,0.306309649904025,2088,"tags=30%, list=19%, signal=24%","CLSTN3/PITPNA/LGR6/DVL1/METRN/RAP2A/CYFIP1/PACSIN1/DTNBP1/PLXNC1/MAP4K4/NECTIN1/ULK1/SEMA4F/CDC42/FEZ1/EFNA4/MAP1S/CDK5R1/ATP9A/RUFY3/PLXNA4/NSMF/YTHDF1/ECE1/PARD6B/KLF7/GAS7/MARK2/BSG/EFHC2/RAPGEF2/RAB3A/STK11/S100A6/ATL1/GDI1/ADAM17/SIPA1L1/CUL7/TSC22D4/DVL2/TRIO/BMPR2/EFNA3/TIAM1/C12orf57/LLGL1/ANKRD27/RAB21/APBB1/SS18L1/SEMA7A/PGRMC1/MINK1/LIMK1/PPP1R12C/NPTN/NOTCH2/AFG3L2/EPHB6/DNM2/SEMA4C/EPHA4/CPNE8/PDLIM5/DVL3",0.380730400722792
"GO:0042098","T cell proliferation",88,-0.314439709784365,-1.3650762686032,0.0368186344533166,0.491659189867818,0.450316470242632,1963,"tags=27%, list=18%, signal=22%","TMIGD2/DOCK8/RC3H1/CD55/IL12RB1/NCKAP1L/HLA-A/IL6ST/VSIR/GLMN/IL12RB2/TGFBR2/HLA-DPB1/LGALS9C/PRKAR1A/RIPOR2/HLA-DRB1/CDKN2A/TNFSF8/LGALS3/IL15/HLA-DPA1/CTPS1/SLC7A1",0.321775918075361
"GO:0007409","axonogenesis",141,0.288783327748591,1.36205046266123,0.0321552157905104,0.471129351358202,0.431512948203744,1999,"tags=32%, list=19%, signal=26%","PITPNA/LGR6/METRN/CYFIP1/PLXNC1/NECTIN1/ULK1/SEMA4F/FEZ1/EFNA4/MAP1S/CDK5R1/RUFY3/PLXNA4/YTHDF1/ECE1/PARD6B/KLF7/MARK2/BSG/RAB3A/STK11/S100A6/ATL1/GDI1/ADAM17/SIPA1L1/TRIO/BMPR2/EFNA3/TIAM1/C12orf57/LLGL1/RAB21/APBB1/SEMA7A/PGRMC1/LIMK1/NPTN/NOTCH2/AFG3L2/EPHB6/DNM2/SEMA4C/EPHA4",0.321775918075361
"GO:0120035","regulation of plasma membrane bounded cell projection organization",301,0.262282823243221,1.36104211526419,0.00571586331548588,0.289127419374994,0.264815224908768,1675,"tags=23%, list=16%, signal=20%","TESK1/RHOQ/ALKAL2/KIT/METRN/RAP2A/CROCC/DMTN/CYFIP1/PACSIN1/DTNBP1/FBXO38/ITM2C/PLXNC1/AP2A1/KCTD17/FKBP4/ULK1/CDC42/GFI1/PRAG1/FEZ1/SEPTIN9/EZR/CDK5R1/SERPINI1/MAP4/RAB11FIP3/RUFY3/CEP120/CDKL1/NSMF/YTHDF1/CDK10/CAMK1/CCR7/ABHD17B/ACAP3/PPP1R35/MARK2/AKT1/PTPN1/ZNF296/EFHC2/RAPGEF2/WASHC1/GDI1/FER/HRAS/SIPA1L1/CUL7/P3H1/PRKCI/RCC2/BMPR2/GSK3A/VPS35/TIAM1/LYN/RAPGEF1/ANKRD27/DEF8/RAB3IP/RAB40B/RAB21/APBB1/PRKCD/KATNB1/SS18L1/SEMA7A",0.407017918923954
"GO:0002683","negative regulation of immune system process",296,-0.266141513002233,-1.36036336015787,0.00778128717587041,0.312084454734757,0.285841845265895,1884,"tags=24%, list=18%, signal=20%","KLRD1/LAMP2/NLRX1/IFI16/CUEDC2/SOCS5/RC3H1/UFD1/CD55/ARRB2/SMAD7/BTRC/NCKAP1L/GRB2/PTPN2/CD160/HLA-A/KLRC1/PLK2/USP15/OTUD4/PSMA5/PSMB1/IL6ST/VSIR/DPP4/GLMN/CD300A/SH2D1A/IRAK3/IL12RB2/RIOK3/YTHDF2/PRKAR2A/IL18BP/EIF4E2/GBP1/CD72/SAMSN1/NLRC5/RUNX1/CBLB/YWHAE/YWHAZ/MAPK14/LPXN/SMPDL3B/LGALS9C/CSNK1A1/PRKAR1A/RIPOR2/HLA-DRB1/IFNL1/CDKN2A/LGALS3/CEP63/LRCH1/YES1/SEC14L1/CCL3/PSMA4/SLA2/PSMA6/DUSP1/CCL28/CD69/RHBDF2/PHPT1/RNF125/CLEC12A/CDK6",0.407017918923954
"GO:0051962","positive regulation of nervous system development",94,0.308324438317344,1.36006734482591,0.0395012176099141,0.508608101892499,0.465840179337665,1813,"tags=28%, list=17%, signal=23%","AMIGO2/CLSTN3/CLCF1/KIT/METRN/PLXNC1/RUFY3/QKI/CLSTN1/KDM1A/GDI1/CUL7/SNW1/PRKCI/BIN1/BMPR2/TIAM1/FXR2/LYN/ANKRD27/RAB21/TGFB1/SS18L1/SEMA7A/LIMK1/NPTN",0.321775918075361
"GO:0002449","lymphocyte mediated immunity",168,-0.285578910143815,-1.35364020182729,0.0150024390754719,0.350729875258073,0.321237643249008,1677,"tags=25%, list=16%, signal=21%","CD55/ARRB2/IL12RB1/SMAD7/NCKAP1L/PRKAA1/GRB2/MSH2/CD160/IGHV1-18/HCST/HLA-A/KLRC1/FCGR3A/IL21R/SLAMF6/GZMB/IGHV4-34/VAMP7/SHLD2/STX7/NBN/MALT1/HLA-DRA/IGHG1/PIK3C3/HLA-DRB1/DENND1B/PCYT1A/CORO1A/CTSC/FCER1G/IGHA1/IGLC2/KIR3DL1/IGHV4-39/SLA2/MAD2L2/IGHV3-23/SH2D1B/KLRC3/NFKBIZ",0.380730400722792
"GO:1902903","regulation of supramolecular fiber organization",215,0.272153790254161,1.35343613585076,0.0122661358517903,0.338001329135842,0.309579417227392,1733,"tags=27%, list=16%, signal=23%","TESK1/PPP2CB/GIT1/FCHSD2/TPM1/AMOT/PTGER4/DMTN/CYFIP1/S1PR1/ALMS1/SORBS3/BAG4/TMOD3/FKBP4/CDC42/MAP1S/CDK5RAP2/CDK5R1/HAX1/CCR7/HAUS6/RGCC/SPTAN1/HAUS8/BMERB1/SPTBN1/CKAP2/WASHC1/NAA80/FER/DCTN1/PDXP/SVIL/GBA2/CAMSAP1/RDX/ROCK2/FLNA/NCK2/BIN1/ARHGEF2/HSPA8/ADD3/ADD1/PLEK/PXN/CAPG/RAB40B/MYADM/APOA1/PDE4DIP/PRKCD/HSPA1B/KATNB1/HAUS1/NME7/SNX9/LIMK1",0.380730400722792
"GO:0002286","T cell activation involved in immune response",79,-0.321536508284194,-1.35131893999572,0.0477877277752868,0.571456652182909,0.523403910291729,1780,"tags=29%, list=17%, signal=24%","SOCS3/SOCS5/RC3H1/IL12RB1/SMAD7/NCKAP1L/PSMA5/SLAMF6/PSMB1/IL6ST/LCP1/MALT1/HLA-DRA/HLA-DRB1/IFNL1/LGALS3/PSMA4/JUNB/PSMA6/IRF4/CRACR2A/CD69/NFKBIZ",0.321775918075361
"GO:0030335","positive regulation of cell migration",267,0.263884917503507,1.34575669114096,0.0111660798048153,0.337590733229682,0.309203347577992,1999,"tags=26%, list=19%, signal=22%","MAZ/HSPB1/CMKLR1/LGR6/VEGFB/KIT/AMOT/RAP2A/FAM89B/HMOX1/DMTN/S1PR1/SUN2/ITGA5/BAG4/MAP4K4/SEMA4F/CDC42/PINK1/RRAS/DDRGK1/CRK/RUFY3/PECAM1/MCU/NSMF/CCR7/ANXA1/AKT1/BSG/RAPGEF2/ZNF609/TIRAP/WASHC1/RHOB/ADAM17/FER/HRAS/GNAI2/AKT3/ROCK2/FLNA/BMPR2/ARHGEF2/SPHK1/STAT5A/HSPA8/HIF1A/TIAM1/LYN/THBS1/TMEM102/SP1/RAB40B/MYADM/PDPK1/TGFB1/CPNE3/SEMA7A/GAB1/ACTN4/ZNF304/ANO6/HMGB1/FOXO4/SYNE2/WNK1/SEMA4C/EPHA4",0.380730400722792
"GO:2000147","positive regulation of cell motility",274,0.261107118867211,1.34334808407771,0.0101232887883392,0.321662131798164,0.294614153029485,1999,"tags=26%, list=19%, signal=22%","MAZ/HSPB1/CMKLR1/LGR6/VEGFB/KIT/AMOT/RAP2A/FAM89B/SPOCK2/HMOX1/DMTN/S1PR1/SUN2/ITGA5/BAG4/MAP4K4/SEMA4F/CDC42/PINK1/RRAS/DDRGK1/CRK/RUFY3/PECAM1/MCU/NSMF/CCR7/ANXA1/AKT1/BSG/RAPGEF2/ZNF609/TIRAP/MAP2K2/WASHC1/RHOB/ADAM17/FER/HRAS/GNAI2/AKT3/ROCK2/FLNA/BMPR2/ARHGEF2/SPHK1/STAT5A/HSPA8/HIF1A/TIAM1/LYN/THBS1/TMEM102/SP1/RAB40B/MYADM/PDPK1/TGFB1/CPNE3/SEMA7A/GAB1/ACTN4/ZNF304/ANO6/HMGB1/FOXO4/SYNE2/WNK1/SEMA4C/EPHA4",0.380730400722792
"GO:0002285","lymphocyte activation involved in immune response",132,-0.290830215521142,-1.34001983155183,0.0364772721798114,0.491659189867818,0.450316470242632,1780,"tags=27%, list=17%, signal=23%","SOCS3/SOCS5/RC3H1/PTK2B/IL12RB1/SMAD7/NCKAP1L/MSH2/CD160/FCGR3A/PSMA5/SLAMF6/PSMB1/IL6ST/VAMP7/SHLD2/LCP1/NBN/XBP1/MALT1/HLA-DRA/IRF8/HLA-DRB1/IFNL1/PCYT1A/CORO1A/LGALS3/PSMA4/JUNB/PSMA6/ST3GAL1/IRF4/CRACR2A/MAD2L2/CD69/NFKBIZ",0.321775918075361
"GO:0030334","regulation of cell migration",442,0.247878444125203,1.3395331104895,0.00260859630237319,0.20044931919872,0.183593903550088,1751,"tags=23%, list=16%, signal=20%","MAZ/HSPB1/CHST2/CMKLR1/EMILIN2/LGR6/VEGFB/PRR5L/KIT/TPM1/AMOT/RAP2A/FAM89B/PTGER4/ING1/HMOX1/DMTN/S1PR1/DDT/SUN2/DNAJA4/ITGA5/BAG4/HDAC5/PLXNC1/MAP4K4/SEMA4F/TIMP1/CDC42/PINK1/RRAS/LMNA/DDRGK1/GNA12/CRK/SRF/RUFY3/NINJ1/PLXNA4/GCNT1/PECAM1/MCU/NSMF/PARD6B/CCR7/MMRN1/RGCC/ANXA1/GPR183/MIIP/AKT1/PTPN1/BSG/BCR/RAPGEF2/ZNF609/TIRAP/WASHC1/RHOB/ADAM17/FER/HRAS/CD81/LDB1/GNAI2/AKT3/CXCR3/ROCK2/FLNA/APPL2/RCC2/HACE1/BMPR2/ARHGEF2/SPHK1/STAT5A/HSPA8/HIF1A/TIAM1/SORL1/LYN/THBS1/TMEM102/DUSP22/MSN/CLN3/SP1/RAB40B/MYADM/PDPK1/TGFB1/SAP30L/RBBP4/CPNE3/SEMA7A/GAB1/MINK1/ACTN4/ENG/ZNF304",0.431707695803346
"GO:0007163","establishment or maintenance of cell polarity",109,0.29969708734147,1.337756200763,0.0347862148302369,0.484075975698742,0.443370914646224,1255,"tags=21%, list=12%, signal=19%","CD3G/RHOQ/AMOT/ATN1/FAM89B/TRAF3IP2/CDC42/RRAS/FEZ1/LMNA/GBF1/CDK5RAP2/MAP4/RUFY3/PARD6B/CCR7/NSFL1C/MARK2/PRKCZ/STK11/DCTN1/PRKCI/ROCK2",0.321775918075361
"GO:0006888","endoplasmic reticulum to Golgi vesicle-mediated transport",118,-0.293656230901964,-1.3370195708718,0.0276531881751318,0.445069683924754,0.407644590414109,2618,"tags=34%, list=24%, signal=26%","VCP/SEC22A/TRAPPC9/YIPF4/ERGIC2/TRAPPC2L/COG3/BCAP29/RABGGTB/RNF139/COPG1/TRAPPC12/IER3IP1/LMAN2L/TRAPPC5/TRIP11/TRAPPC6A/SURF4/TMED3/RAB2A/SPAST/TMED2/PEF1/SEC23A/SEC24B/SEC22B/SAR1A/TRAPPC2/VAMP7/KLHL12/MPPE1/TMED7/SCFD1/TRAPPC6B/SEC23B/COPE/SEC16A/SEC24D/GOLT1B/ARF4",0.352487857583619
"GO:0040012","regulation of locomotion",482,0.245804030894468,1.33438748926387,0.00315908109750085,0.220048124316084,0.201544681087262,1751,"tags=23%, list=16%, signal=20%","MAZ/HSPB1/CHST2/CMKLR1/EMILIN2/LGR6/VEGFB/PRR5L/KIT/PKN1/TPM1/AMOT/RAP2A/FAM89B/SPOCK2/PTGER4/ING1/HMOX1/DMTN/S1PR1/DDT/SUN2/DNAJA4/ITGA5/BAG4/HDAC5/PLXNC1/MAP4K4/SEMA4F/TIMP1/CDC42/PINK1/RRAS/PRAG1/LMNA/DDRGK1/GNA12/CRK/SRF/RUFY3/NINJ1/PLXNA4/GCNT1/PECAM1/MCU/NSMF/YTHDF1/PARD6B/BBS2/CCR7/MMRN1/RGCC/ANXA1/GPR183/MIIP/AKT1/PTPN1/BSG/BCR/RAPGEF2/ZNF609/TIRAP/MAP2K2/WASHC1/RHOB/ADAM17/FER/HRAS/CD81/LDB1/GNAI2/AKT3/CXCR3/ROCK2/FLNA/APPL2/RCC2/HACE1/BMPR2/ARHGEF2/SPHK1/STAT5A/HSPA8/VPS35/HIF1A/TIAM1/SORL1/LYN/IL16/THBS1/CATSPER1/TMEM102/DUSP22/MSN/CLN3/SP1/RAB40B/MYADM/PDPK1/TGFB1/SAP30L/RBBP4/CPNE3/SEMA7A/GAB1/MINK1/ACTN4/ENG/ZNF304",0.431707695803346
"GO:1903829","positive regulation of protein localization",279,0.256883859587263,1.32823591795377,0.0176363852265048,0.380390867144259,0.348404496722597,2601,"tags=32%, list=24%, signal=25%","TESK1/CSNK2A2/DVL1/PRR5L/GIT1/C2CD2L/CROCC/TERF2/MCRS1/TRIM28/OSBP/ANP32B/GOLPH3L/SOX4/PLK3/GNAS/BAP1/PINK1/TOMM7/DDRGK1/PIK3R2/EZR/CREBBP/RUFY3/MESD/PECAM1/MCU/CAMK1/ATG13/OAZ2/PRKACA/ABHD17B/PPP1R9B/AACS/APBB3/AKT1/BSG/SPTBN1/CENPQ/CD81/PRKCI/RDX/ROCK2/FLNA/BAG3/ZDHHC8/GSK3A/VPS35/SORL1/PPID/MSN/CLN3/PDPK1/APBB1/PRKCD/TGFB1/NUP62/ZDHHC5/PGRMC1/ORMDL3/PPARD/EIF4G1/PIK3CA/AKAP5/PLA2G6/NADK/ABHD17A/EPB41/MARK4/TYROBP/ENTR1/HSP90AA1/SEC13/CEP250/CCT7/LRRC8A/SLC5A3/ATP13A2/OXCT1/CCT6A/CCT2/CCT3/TNF/RACK1/GOLPH3/PINX1/CDK9/VPS28",0.352487857583619
"GO:2000145","regulation of cell motility",469,0.245148241406667,1.32772412241568,0.00529990707914414,0.289127419374994,0.264815224908768,1751,"tags=23%, list=16%, signal=20%","MAZ/HSPB1/CHST2/CMKLR1/EMILIN2/LGR6/VEGFB/PRR5L/KIT/PKN1/TPM1/AMOT/RAP2A/FAM89B/SPOCK2/PTGER4/ING1/HMOX1/DMTN/S1PR1/DDT/SUN2/DNAJA4/ITGA5/BAG4/HDAC5/PLXNC1/MAP4K4/SEMA4F/TIMP1/CDC42/PINK1/RRAS/PRAG1/LMNA/DDRGK1/GNA12/CRK/SRF/RUFY3/NINJ1/PLXNA4/GCNT1/PECAM1/MCU/NSMF/PARD6B/BBS2/CCR7/MMRN1/RGCC/ANXA1/GPR183/MIIP/AKT1/PTPN1/BSG/BCR/RAPGEF2/ZNF609/TIRAP/MAP2K2/WASHC1/RHOB/ADAM17/FER/HRAS/CD81/LDB1/GNAI2/AKT3/CXCR3/ROCK2/FLNA/APPL2/RCC2/HACE1/BMPR2/ARHGEF2/SPHK1/STAT5A/HSPA8/HIF1A/TIAM1/SORL1/LYN/THBS1/CATSPER1/TMEM102/DUSP22/MSN/CLN3/SP1/RAB40B/MYADM/PDPK1/TGFB1/SAP30L/RBBP4/CPNE3/SEMA7A/GAB1/MINK1/ACTN4/ENG/ZNF304",0.407017918923954
"GO:0042593","glucose homeostasis",111,0.294522388609511,1.32596374670541,0.0292591345662051,0.456777526099833,0.418367941611626,2551,"tags=34%, list=24%, signal=26%","FOXK2/C2CD2L/OSBP/SOX4/GCLM/GNAS/USF2/GLCCI1/PIK3R2/PIM3/SRF/MCU/PRKACA/KLF7/CRTC2/CEBPA/STK11/SMARCA4/TSC22D4/APPL2/HIF1A/ZBED6/MLXIP/TGFB1/PPARD/HECTD4/PLA2G6/NADK/LRRC8A/OXCT1/FIS1/FOXO1/ENDOG/SIRT1/ADIPOR2/ARRB1/RACK1/OAS1",0.352487857583619
"GO:0045814","negative regulation of gene expression, epigenetic",160,0.275597682088531,1.32487412901146,0.0263647731253607,0.433013687567678,0.396602360681282,1861,"tags=26%, list=17%, signal=22%","MBD2/CSNK2A2/MBD3/USP7/EHMT2/PHC2/ERI2/TRIM28/HDAC5/BAP1/BCOR/LMNA/RNF2/CBX4/KMT2A/BAHD1/CIZ1/MGA/PHF19/RYBP/SMARCA4/C19orf84/CBX1/YTHDC1/ZNF512B/DNMT1/DOT1L/PHF1/RBM15B/SUZ12/KDM2B/TRIP12/RBBP4/POLE3/HAT1/MIS18A/HNRNPU/MYC/ZNF304/DNMT3A/HMGB1/LMNB2",0.352487857583619
"GO:0042594","response to starvation",157,-0.27849488337903,-1.31963560229511,0.0326955016096269,0.472527844691513,0.432793844797345,2608,"tags=32%, list=24%, signal=24%","DDIT3/AKR1C3/ATG7/PAK6/CLEC16A/ACAT1/SREBF2/MAP3K5/MAP1LC3A/FADS1/KPTN/RPTOR/ULK2/MAPK3/SEH1L/STX4/RNF167/LAMP2/PEX2/IFI16/MAP1LC3B/PRKAG1/MAPK1/PRKAA1/FAS/KLF10/BNIP1/BECN1/VPS41/SEC22B/SLC7A5/SAR1A/VAMP7/TP53/DELE1/FOXK1/XBP1/PAK4/YWHAZ/XPR1/MTMR3/PIK3C3/FOS/ATG14/PLIN2/HSPA5/WIPI1/ATF3/PMAIP1/ZFP36",0.321775918075361
"GO:0051249","regulation of lymphocyte activation",301,-0.259277234621289,-1.31943364527878,0.0123199356693452,0.338001329135842,0.309579417227392,1609,"tags=22%, list=15%, signal=19%","IL12RB1/SMAD7/NCKAP1L/PRKAA1/MSH2/PTPN2/CD160/HLA-A/KLRC1/CD38/FCGR3A/PSMA5/PSMB1/HLA-DMA/IL6ST/VSIR/DPP4/TOX/TNFSF11/GLMN/CD300A/IL12RB2/SHLD2/IRS2/AKIRIN2/XBP1/SAMSN1/TGFBR2/NEDD9/RUNX1/CBLB/MALT1/FLOT2/BCL2/HLA-DRA/HLA-DPB1/MEF2C/LGALS9C/PPP2R3C/CD47/PRKAR1A/HLA-DQB1/IKZF3/RIPOR2/HLA-DRB1/IFNL1/CDKN2A/TNFSF8/DDA1/LGALS3/IL15/MAP3K8/HLA-DPA1/YES1/MZB1/PSMA4/ACTB/JUNB/PRKCQ/PSMA6/IRF4/MAD2L2/CD69/CLEC12A/SLC7A1/KLRC3/NFKBIZ",0.380730400722792
"GO:0048858","cell projection morphogenesis",236,0.260920351120943,1.31603986726683,0.0164661179374315,0.364779459580602,0.334105823791303,2230,"tags=31%, list=21%, signal=25%","CLSTN3/PITPNA/LGR6/DVL1/METRN/RAP2A/CYFIP1/PACSIN1/DTNBP1/PACSIN2/PLXNC1/MAP4K4/NECTIN1/ULK1/SEMA4F/CDC42/FEZ1/EFNA4/MAP1S/CDK5R1/ATP9A/RUFY3/PLXNA4/NSMF/YTHDF1/ECE1/PARD6B/KLF7/GAS7/MARK2/BSG/EFHC2/RAPGEF2/RAB3A/STK11/S100A6/ATL1/GDI1/ADAM17/SIPA1L1/CUL7/TSC22D4/DVL2/TRIO/BMPR2/EFNA3/TIAM1/C12orf57/LLGL1/ANKRD27/RAB21/APBB1/SS18L1/SEMA7A/PGRMC1/MINK1/LIMK1/PPP1R12C/NPTN/NOTCH2/AFG3L2/EPHB6/DNM2/SEMA4C/EPHA4/CPNE8/PDLIM5/DVL3/CUX1/UBB/SNX1/DHX36",0.352487857583619
"GO:0000902","cell morphogenesis",335,0.249318178145271,1.31181948422684,0.00817359069682854,0.319262752161988,0.292416532826706,1920,"tags=25%, list=18%, signal=21%","CLSTN3/PITPNA/LGR6/DVL1/KIT/TPM1/CDHR3/METRN/TPRN/RAP2A/DMTN/CYFIP1/PACSIN1/LST1/DTNBP1/ZFPM1/PACSIN2/RILPL2/PLXNC1/MAP4K4/NECTIN1/ULK1/BAP1/SEMA4F/CDC42/PRAG1/FEZ1/EFNA4/MAP1S/EZR/CDK5R1/CRK/ATP9A/RUFY3/PLXNA4/NSMF/YTHDF1/ECE1/PARD6B/KLF7/GAS7/MARK2/ANXA1/ATP10A/BSG/EFHC2/DNMBP/RAPGEF2/RAB3A/STK11/S100A6/ATL1/GDI1/ADAM17/CDHR1/SIPA1L1/CUL7/TSC22D4/DVL2/RDX/FLNA/TRIO/BMPR2/ARHGEF2/EFNA3/TIAM1/C12orf57/LLGL1/MSN/ANKRD27/RAB21/APBB1/SS18L1/SEMA7A/PGRMC1/MINK1/LIMK1/REST/PPP1R12C/NPTN/NOTCH2/AFG3L2/EPHB6/DNM2",0.380730400722792
"GO:0048666","neuron development",424,0.242743963069105,1.31159109861041,0.00940742031583241,0.321662131798164,0.294614153029485,2244,"tags=28%, list=21%, signal=23%","CLSTN3/PITPNA/ALKAL2/LGR6/DVL1/GIT1/METRN/TPRN/RAP2A/MICALL1/CYFIP1/PACSIN1/LST1/DTNBP1/FBXO38/ITM2C/ZMIZ1/PLXNC1/MAP4K4/AP2A1/NECTIN1/FKBP4/ULK1/CTNNA1/SEMA4F/CDC42/GFI1/PRAG1/FEZ1/EFNA4/MAP1S/CDK5R1/AHI1/SERPINI1/MAP4/SRF/ATP9A/PBX2/RUFY3/PLXNA4/NSMF/YTHDF1/ECE1/CAMK1/PARD6B/KLF7/GAS7/PPP1R9B/ACAP3/MARK2/AKT1/PTPN1/BSG/ZNF296/EFHC2/RAPGEF2/UGDH/RAB3A/KDM1A/STK11/S100A6/ATL1/GDI1/ADAM17/CDHR1/SIPA1L1/CUL7/GBA2/P3H1/PRKCI/TSC22D4/CAMSAP1/DVL2/TRIO/BMPR2/EFNA3/GSK3A/TIAM1/PPT1/LYN/C12orf57/LLGL1/RAPGEF1/ANKRD27/RAB21/APBB1/NRL/KATNB1/SS18L1/SEMA7A/PGRMC1/MINK1/LIMK1/REST/PPP1R12C/NPTN/ERCC6/HMGB1/NOTCH2/AFG3L2/EPHB6/DNM2/PBX3/WNK1/SEMA4C/EPHA4/SNX3/POC5/CPNE8/PDLIM5/DVL3/UQCRQ/RUNX3/CUX1/BICDL1/INPP5F/UBB/TBCD/DHX36/CBFA2T2",0.380730400722792
"GO:0040029","epigenetic regulation of gene expression",226,0.261212205232062,1.31054553099939,0.0198095588539213,0.402731174977567,0.368866249039957,2495,"tags=31%, list=23%, signal=24%","SAMD1/MBD2/CSNK2A2/MBD3/USP7/EHMT2/PHC2/ERI2/TRIM28/HDAC5/CUL4A/BAP1/BCOR/LMNA/HIPK2/RNF2/CBX4/KMT2A/BAHD1/CIZ1/SPHK2/MGA/PHF19/KDM1A/RYBP/SMARCA4/C19orf84/CBX1/YTHDC1/ZNF512B/DNMT1/DOT1L/WDR5/SGF29/PHF1/RBM15B/MEN1/RBBP5/SUZ12/TET3/KDM2B/TRIP12/RBBP4/POLE3/HAT1/MIS18A/HNRNPU/MYC/ZNF304/DNMT3A/HMGB1/LMNB2/CUL4B/BRCA1/ASH2L/VPS72/KMT2E/CBX7/ATAD2/MBD1/L3MBTL2/LRIF1/LMNB1/CTCF/TNRC18/PADI4/ZFP57/RBM15/AEBP2/SIRT1",0.352487857583619
"GO:0006302","double-strand break repair",258,0.256939155702057,1.3099489827458,0.0132013383523044,0.338001329135842,0.309579417227392,1389,"tags=17%, list=13%, signal=16%","YY1/CSNK2A2/MCM5/SWSAP1/BRD8/BCL7C/SENP3/EME2/MPND/DEK/IFFO1/MCM4/TIMELESS/PHF10/ZBTB7A/INTS3/LMNA/ACTR5/DCLRE1C/HDGFL2/CREBBP/MCM7/PAXX/MCM8/SLX1A/FANCB/ZGRF1/KDM1A/ERCC4/MCM3/SMARCA4/RPA3/HTATSF1/PDS5B/RMI1/UBQLN4/KMT5C/PIAS4/TONSL/RAD21/XRCC1/RNF169/SMARCE1/SMARCC2/TERF2IP",0.380730400722792
"GO:0050863","regulation of T cell activation",225,-0.266613061341524,-1.30993008843313,0.0238430156308961,0.42746402285096,0.391519357093096,2043,"tags=26%, list=19%, signal=21%","FCHO1/PRELID1/TMIGD2/PRDM1/DOCK8/LAT/SOCS5/RC3H1/CD55/IL12RB1/SMAD7/NCKAP1L/PRKAA1/PTPN2/CD160/HLA-A/PSMA5/PSMB1/HLA-DMA/IL6ST/VSIR/DPP4/TOX/TNFSF11/GLMN/CD300A/IL12RB2/XBP1/TGFBR2/RUNX1/CBLB/MALT1/FLOT2/HLA-DRA/HLA-DPB1/LGALS9C/CD47/PRKAR1A/HLA-DQB1/RIPOR2/HLA-DRB1/IFNL1/CDKN2A/TNFSF8/LGALS3/IL15/MAP3K8/HLA-DPA1/YES1/PSMA4/ACTB/JUNB/PRKCQ/PSMA6/IRF4/CD69/SLC7A1/NFKBIZ",0.352487857583619
"GO:0022407","regulation of cell-cell adhesion",270,-0.257987280862198,-1.30941327428844,0.0255024125235082,0.432144981209591,0.39580670224773,1761,"tags=23%, list=16%, signal=20%","SOCS5/RC3H1/CD55/NFAT5/IL12RB1/SMAD7/NCKAP1L/PRKAA1/PIEZO1/PTPN2/CD160/HLA-A/MAP2K5/PSMA5/PSMB1/HLA-DMA/IL6ST/VSIR/TMX1/DPP4/TNFSF11/GLMN/CD300A/IL12RB2/CITED2/ZDHHC21/YTHDF2/XBP1/TGFBR2/NF2/RUNX1/CBLB/MALT1/FLOT2/MAPK14/ADA/HLA-DRA/HLA-DPB1/MDGA1/LGALS9C/CD47/PRKAR1A/HLA-DQB1/RIPOR2/HLA-DRB1/IFNL1/CDKN2A/LGALS3/IL15/MAP3K8/HLA-DPA1/YES1/PSMA4/ACTB/PRKCQ/PSMA6/MAD2L2/CCL28/CD69/CD9/SLC7A1/NFKBIZ",0.352487857583619
"GO:0016054","organic acid catabolic process",138,-0.281454431931586,-1.30621241925492,0.0491803278688525,0.575667253759653,0.527260450103681,1867,"tags=22%, list=17%, signal=19%","HIBCH/PEX2/SCP2/LONP2/CPT1B/ACSF3/HSD17B10/FAH/ACAD11/ABHD2/ACOT8/DECR1/IRS2/KYNU/GOT2/NOS3/ETFA/PCCB/ACOT7/CPT1A/HACL1/ACADVL/CARNMT1/MCCC2/ACAA2/ETFB/PON2/MTRR/QPRT/DECR2/ETFDH",0.276500599254472
"GO:0046395","carboxylic acid catabolic process",138,-0.281454431931586,-1.30621241925492,0.0491803278688525,0.575667253759653,0.527260450103681,1867,"tags=22%, list=17%, signal=19%","HIBCH/PEX2/SCP2/LONP2/CPT1B/ACSF3/HSD17B10/FAH/ACAD11/ABHD2/ACOT8/DECR1/IRS2/KYNU/GOT2/NOS3/ETFA/PCCB/ACOT7/CPT1A/HACL1/ACADVL/CARNMT1/MCCC2/ACAA2/ETFB/PON2/MTRR/QPRT/DECR2/ETFDH",0.276500599254472
"GO:0032271","regulation of protein polymerization",114,0.284256855280424,1.30273675627851,0.0441986850475399,0.552353566961757,0.505907168473791,1731,"tags=31%, list=16%, signal=26%","PPP2CB/GIT1/FCHSD2/DMTN/CYFIP1/BAG4/TMOD3/FKBP4/PINK1/CDK5RAP2/CDK5R1/HAX1/CCR7/HAUS6/SPTAN1/HAUS8/SPTBN1/FER/DCTN1/SVIL/GBA2/CAMSAP1/RDX/NCK2/BIN1/ADD3/ADD1/CAPG/MYADM/PDE4DIP/PRKCD/HSPA1B/HAUS1/NME7/SNX9",0.321775918075361
"GO:0048193","Golgi vesicle transport",269,-0.259937320777629,-1.30256977551266,0.014981545384974,0.350729875258073,0.321237643249008,2068,"tags=27%, list=19%, signal=22%","BCAP29/RABGGTB/RNF139/COPG1/TRAPPC12/AP3M1/TAPBP/IER3IP1/GAK/LMAN2L/TRAPPC5/TRIP11/ARFGAP2/GOLGA4/TRAPPC6A/RAB33B/COG5/EXOC8/EXOC6/ARF5/ARFGEF2/SURF4/TMED3/GGA1/RAB2A/SPAST/VPS54/TMED2/EXOC1/BNIP1/PEF1/SEC23A/VAMP5/SEC24B/VPS41/COG7/EPS15/SEC22B/SAR1A/TRAPPC2/VAMP7/SCAMP3/TM9SF4/KLHL12/AP3S1/MACF1/MPPE1/TMED7/SCFD1/NSF/TRAPPC6B/SEC23B/COPE/RBSN/SEC16A/RAB10/EXOC5/SEC24D/CORO7/LYPLA1/NAPG/CNST/KDELR2/GOLT1B/WIPI1/ATP9B/MYO5A/ARF4/PSMD14/EXOC4/HTT/MON2",0.380730400722792
"GO:0002366","leukocyte activation involved in immune response",179,-0.271051472721607,-1.30096726275004,0.0320293319910919,0.470908759965915,0.431310905937093,1793,"tags=25%, list=17%, signal=21%","LAT/SOCS3/SOCS5/RC3H1/PTK2B/IL12RB1/SMAD7/IFNG/NCKAP1L/MSH2/CD160/IFI35/FCGR3A/PSMA5/SLAMF6/PSMB1/IL6ST/CD300A/VAMP7/SHLD2/LCP1/NBN/XBP1/MALT1/HLA-DRA/IRF8/HLA-DRB1/IFNL1/PTGDS/PCYT1A/CORO1A/FCER1G/LGALS3/CCL3/PSMA4/JUNB/PSMA6/ST3GAL1/IRF4/CRACR2A/MAD2L2/PTGDR/CD69/SH2D1B/NFKBIZ",0.321775918075361
"GO:0046474","glycerophospholipid biosynthetic process",155,0.270923778138464,1.29464109197226,0.0333460264187663,0.480295817807925,0.439908623300037,2330,"tags=31%, list=22%, signal=25%","ITPKB/STARD10/INPP4B/TMEM150A/MBOAT7/PIGK/DGKK/DGKA/ABHD3/MTM1/CHKB/ITPKC/RUFY1/AGPAT3/DGKE/PLEKHA1/DGKQ/MTMR1/PISD/IP6K1/SBF1/MTMR2/PIGM/GPAA1/PIGG/CRLS1/LPCAT4/IP6K2/PIP4K2B/PIGV/PIGN/DGKZ/CLN3/APOA1/CPNE3/SLC44A1/PITPNC1/PIK3CA/INPP1/PGAP3/PLCG2/INPP5F/INPPL1/AGPAT4/PIP5K1C/PIGU/TAMM41/PCYT2",0.321775918075361
"GO:0009611","response to wounding",212,0.257972287366365,1.29377773746931,0.0291770236020138,0.456777526099833,0.418367941611626,2068,"tags=27%, list=19%, signal=23%","HSPB1/EMILIN2/VEGFB/GIT1/TPM1/SLC11A1/HMOX1/DMTN/CASK/DGKK/DGKA/ITGA5/ITPK1/GNAS/ZFP36L1/CTNNA1/GNA12/CRK/PABPC4/DGKE/ENTPD1/SRF/AHNAK/LCK/MMRN1/VKORC1/DGKQ/ANXA1/RAB3A/PROCR/ADAM17/NACA/HRAS/FLNA/CD59/HIF1A/LYN/THBS1/PLEK/DGKZ/PRKCD/TGFB1/TEC/RAF1/ERBB2/ENG/ANO6/HMGB1/PIK3CA/NOTCH2/FUNDC2/EPHA4/TYROBP/SRSF6/SLC12A2/CHMP7/ENPP4/ST3GAL4",0.352487857583619
"GO:1901293","nucleoside phosphate biosynthetic process",240,-0.260120378062293,-1.29165764050886,0.0263707962206479,0.433013687567678,0.396602360681282,1616,"tags=20%, list=15%, signal=17%","HACD1/ACSF3/ATP5F1B/ATPSCKMT/NDUFV2/GUK1/NDUFB8/PMM2/PPCS/GNPNAT1/DCTD/NDUFV1/MT-ND1/MT-ND3/ATP5MC1/TYMS/RRM2/GFPT1/ADCY7/AK3/NDUFA6/PDP1/SDHC/ELOVL6/SLC25A13/ENO1/AK9/SDHB/ELOVL1/KYNU/NMRK1/MMUT/PPCDC/ADA/NME1/STOML2/ACOT7/NADSYN1/GMDS/MPI/NDUFV3/CTPS1/GNE/COX11/QPRT/MTHFD2L/MT-ATP8/PDK1",0.352487857583619
"GO:0120039","plasma membrane bounded cell projection morphogenesis",234,0.259577895589068,1.29049271448355,0.0120514113729843,0.338001329135842,0.309579417227392,2230,"tags=30%, list=21%, signal=25%","CLSTN3/PITPNA/LGR6/DVL1/METRN/RAP2A/CYFIP1/PACSIN1/DTNBP1/PLXNC1/MAP4K4/NECTIN1/ULK1/SEMA4F/CDC42/FEZ1/EFNA4/MAP1S/CDK5R1/ATP9A/RUFY3/PLXNA4/NSMF/YTHDF1/ECE1/PARD6B/KLF7/GAS7/MARK2/BSG/EFHC2/RAPGEF2/RAB3A/STK11/S100A6/ATL1/GDI1/ADAM17/SIPA1L1/CUL7/TSC22D4/DVL2/TRIO/BMPR2/EFNA3/TIAM1/C12orf57/LLGL1/ANKRD27/RAB21/APBB1/SS18L1/SEMA7A/PGRMC1/MINK1/LIMK1/PPP1R12C/NPTN/NOTCH2/AFG3L2/EPHB6/DNM2/SEMA4C/EPHA4/CPNE8/PDLIM5/DVL3/CUX1/UBB/SNX1/DHX36",0.380730400722792
"GO:0072331","signal transduction by p53 class mediator",123,0.278795692245139,1.28855716532638,0.0446335306064276,0.553836050775566,0.507264992942415,2224,"tags=33%, list=21%, signal=27%","USP7/DYRK2/SOX4/BATF/PLK3/RPL23/TMEM109/HIPK2/CDKN1B/FAM193A/AKT1/RPL11/KDM1A/PPP2R5C/STK11/HIPK1/SMARCA4/RPL26/SETD9/JMY/SNW1/DVL2/ATAD5/BAG6/RPL5/CDIP1/RPS15/PAXIP1/RPL37/COPS3/MYC/DDX5/TP53RK/TFAP4/TP53BP2/NOP53/ARMC10/RPS7/MYBBP1A/UBB/MIF",0.321775918075361
"GO:0033993","response to lipid",420,0.239148372369812,1.28747409754966,0.0137949019659469,0.341276658712005,0.312579330346103,2543,"tags=29%, list=24%, signal=23%","YY1/MBD2/LDOC1/EEF2/MAPKAPK2/CD6/MBD3/SBNO2/GIT1/PKN1/SLC11A1/PABPN1/PTGER4/ELK1/ATP1A1/UPF1/RPS6KA3/PDCD4/PRPF8/PDCD7/CCNB1/ZMIZ1/HDAC5/IL10RA/GNAS/ZFP36L1/ENO2/GFI1/ZBTB7A/SRR/DDRGK1/PIM3/CCR5/JUND/IL18R1/KMO/RARG/CCR7/TBX1/TRERF1/PPP1R9B/GPX4/INSIG1/DGKQ/ANXA1/SPHK2/KDM1A/TIRAP/NCOR2/GOT1/LBH/SAFB/OTUD5/ADAM17/SMARCA4/NASP/FER/IGF2R/TBX21/SNW1/CACTIN/CDKN2D/IGFBP2/GSK3A/HSPA8/CTR9/LYN/THBS1/SRD5A1/KRAS/B2M/S100A8/CAT/PTGER2/IGFBP7/IDH1/NFKB2/PRKCD/TGFB1/POR/HSPA1B/HNRNPU/PAF1/DDX5/REST/TFAP4/DNMT3A/HMGB1/PPARD/PIK3CA/ALAD/BRCA1/HSPA1A/SOD2/LATS1/PLCG2/MICB/IRAK1/PSPH/MIF/FOXP1/FASLG/SIGIRR/RUVBL2/CNR2/SCIMP/CBL/RWDD1/CAD/UCP3/GNB1/FIS1/FOXO1/ENDOG/TNF/PMVK/URI1/SIRT1/TIE1/SELENOS/NRIP1",0.380730400722792
"GO:0006338","chromatin remodeling",485,0.23687352520635,1.28560504110783,0.0132032470283555,0.338001329135842,0.309579417227392,2496,"tags=28%, list=23%, signal=23%","SAMD1/YY1/MBD2/CSNK2A2/TADA2B/MBD3/PKN1/BRD4/USP7/EHMT2/BRD3/PHC2/MCRS1/ERI2/TRIM28/BCL7C/BPTF/CHD7/DEK/HDAC5/KMT2B/CUL4A/PHF10/UBN2/BAP1/BCOR/ZBTB7A/INO80B/LMNA/ACTR5/KDM8/HIPK2/HDGFL2/CREBBP/CHAF1B/KDM6B/UTY/RNF2/PWWP2B/CBX4/MSL1/NSD3/DDX23/PRKACA/PRDM8/KMT2A/BAHD1/CIZ1/SPHK2/RPS6KA4/MGA/PHF19/KDM1A/RYBP/SRCAP/RAD54L2/HIRA/SMARCA4/NASP/C19orf84/CBX1/YTHDC1/ZNF512B/KMT5C/DNMT1/DOT1L/WDR5/DCAF1/SGF29/PHF1/SMARCE1/RBM15B/SMARCC2/NAA40/MEN1/RBBP5/SUZ12/TET3/KDM4A/KDM2B/WAC/TRIP12/BRD1/RBBP4/POLE3/HAT1/PAXIP1/BARD1/MIS18A/HNRNPU/SET/MYC/ZNF304/REST/DNMT3A/ERCC6/HMGB1/ZNF827/KMT5B/LMNB2/SSRP1/JADE1/HDGF/HPF1/CUL4B/BRCA1/CHRAC1/JADE2/RSBN1/ASH2L/BICRA/UIMC1/MYBBP1A/VPS72/KMT2E/FBL/CBX7/ATAD2/MBD1/L3MBTL2/LRIF1/LMNB1/CTCF/TNRC18/RUVBL2/PADI4/PKM/BRPF1/JMJD1C/ZFP57/RBM15/TAF10/CHD3/AEBP2/SIRT1/MAP3K7",0.380730400722792
"GO:0009895","negative regulation of catabolic process",251,0.251482171600945,1.28210973810455,0.0319161975702708,0.470908759965915,0.431310905937093,2171,"tags=27%, list=20%, signal=22%","TIMP2/MAPKAPK2/FOXK2/CSNK2A2/GIPC1/CST3/GIT1/USP7/SLC11A1/TRAF3IP2/SNX12/IL10RA/RPL23/FURIN/TPT1/MTM1/TIMP1/DHX9/PINK1/FEZ1/DDRGK1/YBX1/HIPK2/HNRNPAB/QKI/CBX4/PRKACA/TRAF2/NRBP2/AKT1/LRPPRC/RPL11/ERFE/RYBP/TIRAP/WASHC1/MTMR2/GOLGA2/STYX/ZC3H14/SNW1/UBQLN4/FLNA/WDR6/VPS35/SORL1/CCAR2/BAG6/RPL5/ZCCHC17/KDM4A/WAC/PHF23/HNRNPU/DAP/EIF4G1/PIK3CA/TLK2/ALAD/CAMLG/NOP53/WNK1/SNX3/RNH1/PAIP1/RPS7/UBXN1/DFFB",0.321775918075361
"GO:0034976","response to endoplasmic reticulum stress",213,-0.261089100533433,-1.27996278656296,0.0478821362799263,0.571456652182909,0.523403910291729,2959,"tags=32%, list=28%, signal=24%","TMTC3/AKT2/BFAR/ATP2A3/CREBRF/TMCO1/ATF6B/MANF/TMUB1/VCP/DDIT3/RNF7/BAX/STT3B/RNF103/HM13/TNFRSF10B/UBXN2A/MAP3K5/SGTA/TMEM117/RNF139/TMBIM4/GSK3B/UBE2J1/STAT3/CCDC47/ANKZF1/CREBZF/UFD1/MBTPS2/YOD1/NOD1/TMEM33/HERPUD1/PTPN2/RPAP2/CDK5RAP3/GET4/TMX1/PARP8/UBXN4/CASP4/UBQLN2/PPP1R15B/EDEM3/TP53/ERP44/PIAS2/XBP1/DNAJC10/TXNDC12/SEL1L/BCL2/FICD/PPP1R15A/BCL2L11/ITPR1/SEC16A/JUN/BOK/FBXO6/RHBDD1/FAF1/HSPA5/CALR/UBA5/ATF3/PMAIP1",0.282013350011725
"GO:0072657","protein localization to membrane",246,0.248336394471563,1.27867202893463,0.0441979378982408,0.552353566961757,0.505907168473791,2030,"tags=27%, list=19%, signal=22%","RHOQ/DVL1/GIT1/PACSIN1/TMEM150A/NRXN2/GRK2/GOLPH3L/PPP2R5A/RAMP1/DTNBP1/BAG4/RILPL2/PACS2/EZR/KIF13A/PEX19/CRK/TSPAN33/RAB11FIP3/MESD/BBS2/STX1A/TSPAN14/PPP1R9B/CLSTN1/FCHO2/AKT1/BSG/PRKCZ/RAPGEF2/HGS/SPTBN1/AP3D1/PRAM1/HRAS/CD81/CACNA2D2/PRKCI/RDX/ROCK2/FLNA/ZDHHC8/VPS35/SORL1/DENND4C/PACS1/CLN3/TMBIM1/MYADM/PDPK1/TGFB1/ZDHHC5/PGRMC1/ERBB2/ARL5B/PLEKHF1/PIK3CA/HPS6/AKAP5/VAMP4/ABHD17A/TMEM147/WNK1/GGA2/WDR24",0.321775918075361
"GO:0060429","epithelium development",297,0.246964165845082,1.27618624838374,0.0210851173958218,0.41670076192952,0.381661159043861,2032,"tags=26%, list=19%, signal=22%","ZNF358/LFNG/DVL1/TPRN/LTA4H/S1PR1/SSBP3/LSR/SOX4/TAGLN2/NPHP3/ITGA5/FOXJ2/GNAS/RILPL2/CNFN/TUBB/CTSZ/ZFP36L1/HOXB7/MYO1E/TIMELESS/CDC42/EZR/VEZF1/KRT86/SRF/CCM2/KDM6B/PLXNA4/PECAM1/ECE1/TBX1/KLF7/ANXA1/AKT1/BSG/BCR/RAPGEF2/DEAF1/BFSP1/LBH/RHOB/ADAM17/FER/STX2/RBPJ/TST/SLC39A7/DVL2/RDX/ROCK2/FLNA/PSAP/BMPR2/GSK3A/PKD1/ADD1/MSN/RAPGEF1/CAT/KDM2B/MYADM/PDPK1/TGFB1/MYC/ENG/REST/MICAL2/NOTCH2/NME2/TMEM79/ATP6AP2/SEMA4C/TDRD7/DLL1/SRSF6",0.352487857583619
"GO:0030155","regulation of cell adhesion",389,-0.242528421517882,-1.27300809321828,0.0246234517246994,0.42933628002794,0.393234179597585,1695,"tags=22%, list=16%, signal=19%","PTK2B/WASHC2C/CD55/NFAT5/HACD1/IL12RB1/SMAD7/ROCK1/IFNG/NCKAP1L/PRKAA1/PIEZO1/PTPN2/CD160/HLA-A/MAP2K5/PSMA5/PSMB1/HLA-DMA/IL6ST/VSIR/TMX1/DPP4/TNFSF11/GLMN/CD300A/IL12RB2/CITED2/ZDHHC21/YTHDF2/MACF1/CUL5/CLASP1/GBP1/XBP1/TGFBR2/CBLL1/NF2/NEDD9/RUNX1/CBLB/MALT1/FLOT2/RREB1/MAPK14/ADA/LPXN/RASA1/HLA-DRA/HLA-DPB1/MDGA1/LGALS9C/CD47/PRKAR1A/HLA-DQB1/RIPOR2/HLA-DRB1/IFNL1/CDKN2A/LGALS3/IL15/MAP3K8/CXCR4/RELL2/HLA-DPA1/YES1/CALR/ARHGEF7/PSMA4/ACTB/PLXND1/PRKCQ/ACTG1/PSMA6/DISC1/DUSP1/ANKRD28/MAD2L2/CCL28/CD69/CD9/CDK6/SLC7A1/NFKBIZ/ITGB1BP1",0.352487857583619
"GO:0010975","regulation of neuron projection development",180,0.260487305508197,1.27065953473279,0.0398972500768052,0.512155334067509,0.469089131264326,1733,"tags=24%, list=16%, signal=21%","ALKAL2/METRN/RAP2A/PACSIN1/DTNBP1/FBXO38/ITM2C/PLXNC1/AP2A1/FKBP4/ULK1/GFI1/PRAG1/FEZ1/CDK5R1/SERPINI1/RUFY3/NSMF/YTHDF1/CAMK1/ACAP3/MARK2/AKT1/PTPN1/ZNF296/EFHC2/RAPGEF2/GDI1/SIPA1L1/CUL7/P3H1/PRKCI/BMPR2/GSK3A/TIAM1/LYN/RAPGEF1/ANKRD27/RAB21/APBB1/KATNB1/SS18L1/SEMA7A/LIMK1",0.321775918075361
"GO:0002252","immune effector process",337,-0.243961338613799,-1.26797456456521,0.0182982332927024,0.388147837242791,0.355509197431004,1793,"tags=22%, list=17%, signal=19%","LAT/CUEDC2/SOCS3/SOCS5/RC3H1/PTK2B/CD55/ARRB2/IL12RB1/SMAD7/IFNG/NCKAP1L/PRKAA1/GRB2/MSH2/CD160/IGHV1-18/HCST/HLA-A/KLRC1/IFI35/FCGR3A/IL21R/PSMA5/SLAMF6/PSMB1/GZMB/IL6ST/IGHV4-34/SLC7A5/CD300A/VAMP7/IRAK3/SHLD2/STX7/LCP1/NBN/XBP1/MALT1/HLA-DRA/IGHG1/IRF8/WDR1/PIK3C3/IRAK4/HLA-DRB1/DENND1B/IFNL1/PTGDS/PCYT1A/CORO1A/CTSC/FCER1G/LGALS3/IGHA1/MZB1/IGLC2/CCL3/PSMA4/KIR3DL1/JUNB/IGHV4-39/SLA2/PSMA6/ST3GAL1/IRF4/CRACR2A/MAD2L2/IGHV3-23/PTGDR/CD69/SH2D1B/KLRC3/NFKBIZ",0.352487857583619
"GO:0002521","leukocyte differentiation",332,0.24209537956454,1.26455195770614,0.0235047844240969,0.42746402285096,0.391519357093096,1449,"tags=19%, list=14%, signal=17%","CD3G/YY1/LFNG/TM4SF19/SBNO2/PSMB4/CLCF1/KIT/BRD4/TCF3/CD2/PTGER4/TRAF3IP2/TCF7/TESPA1/SOX4/CHD7/BATF/ZFPM1/ZMIZ1/HDAC5/ZFP36L1/PHF10/BAP1/CDC42/RRAS/ZBTB7A/DDRGK1/PIK3R2/IL18R1/CEBPG/QKI/LMBR1L/IL7R/HAX1/CCR7/LCK/KMT2A/ANXA1/GPR183/CEBPA/PRKCZ/SH3PXD2A/ERFE/ADAM17/SMARCA4/GLO1/NFKBID/TBX21/CD81/IL2RG/HLA-G/CD3D/SLC39A7/STAT5A/DCAF1/SMARCE1/SMARCC2/LYN/GPS2/SOX13/MEN1",0.352487857583619
"GO:0050804","modulation of chemical synaptic transmission",181,0.257574612115016,1.26033981440345,0.0471159803146869,0.568738069196319,0.520913927962889,1371,"tags=19%, list=13%, signal=17%","CLSTN3/GIPC1/FBXO45/DVL1/GIT1/KIT/TPRG1L/CYFIP1/NRXN2/CASK/DTNBP1/PACSIN2/DGKE/KMO/NSMF/YTHDF1/DYSF/PRKACA/STX1A/CLSTN1/PRKCZ/BCR/RAPGEF2/RAB3A/TSPOAP1/CALHM2/MTMR2/SIPA1L1/GNAI2/NRGN/TRIO/VPS35/FXR2/COLQ",0.321775918075361
"GO:0015711","organic anion transport",179,-0.262504550884601,-1.25994455442243,0.0451263537906137,0.557389178070691,0.510519344279352,1683,"tags=20%, list=16%, signal=17%","NCOA2/CPT1B/SLC16A7/ABCC4/PANX1/ADORA2A/LRRC8C/VPS54/SLC26A2/TNFSF11/SLC25A5/SLC7A5/ITGB1/SLC25A13/IRS2/SHOC2/GOT2/SLC1A4/SLC35D1/SLC1A5/SLC4A4/SLC19A2/SFXN1/CD47/SLC2A3/SLC25A40/CPT1A/SLC35B1/LYPLA1/SLC16A6/FABP5/SLC38A1/SLC25A16/SLC7A1/SLC25A20/RGS2",0.287857117255149
"GO:0031175","neuron projection development",380,0.234565090096994,1.25396580294227,0.0289803180839457,0.456777526099833,0.418367941611626,1920,"tags=24%, list=18%, signal=20%","CLSTN3/PITPNA/ALKAL2/LGR6/DVL1/METRN/TPRN/RAP2A/MICALL1/CYFIP1/PACSIN1/LST1/DTNBP1/FBXO38/ITM2C/PLXNC1/MAP4K4/AP2A1/NECTIN1/FKBP4/ULK1/CTNNA1/SEMA4F/CDC42/GFI1/PRAG1/FEZ1/EFNA4/MAP1S/CDK5R1/SERPINI1/MAP4/ATP9A/RUFY3/PLXNA4/NSMF/YTHDF1/ECE1/CAMK1/PARD6B/KLF7/GAS7/PPP1R9B/ACAP3/MARK2/AKT1/PTPN1/BSG/ZNF296/EFHC2/RAPGEF2/RAB3A/STK11/S100A6/ATL1/GDI1/ADAM17/SIPA1L1/CUL7/P3H1/PRKCI/TSC22D4/CAMSAP1/DVL2/TRIO/BMPR2/EFNA3/GSK3A/TIAM1/LYN/C12orf57/LLGL1/RAPGEF1/ANKRD27/RAB21/APBB1/KATNB1/SS18L1/SEMA7A/PGRMC1/MINK1/LIMK1/REST/PPP1R12C/NPTN/ERCC6/HMGB1/NOTCH2/AFG3L2/EPHB6/DNM2",0.352487857583619
"GO:0051493","regulation of cytoskeleton organization",308,0.24181573330884,1.25305731295517,0.0275196822638903,0.444605056803308,0.407219032935229,1733,"tags=24%, list=16%, signal=21%","TESK1/RHOQ/PPP2CB/GIT1/FCHSD2/TPM1/AMOT/PTGER4/DMTN/CYFIP1/S1PR1/CCDC15/ALMS1/SORBS3/BAG4/TMOD3/FKBP4/CDC42/MAP1S/CDK5RAP2/CDK5R1/CRK/CEP120/HAX1/CDK10/CCR7/PRKACA/HAUS6/PPP1R35/RGCC/SPTAN1/MARK2/HAUS8/BMERB1/SPTBN1/CKAP2/WASHC1/NAA80/FER/HRAS/DCTN1/PDXP/SVIL/GBA2/CAMSAP1/DVL2/RDX/ROCK2/FLNA/NCK2/BIN1/ARHGEF2/BICD2/GSK3A/ADD3/ADD1/PLEK/PXN/S100A8/CLN3/CAPG/RAB40B/MYADM/APOA1/PDE4DIP/PRKCD/NUP62/HSPA1B/KATNB1/HAUS1/HNRNPU/NME7/SNX9/LIMK1",0.352487857583619
"GO:1903131","mononuclear cell differentiation",282,0.240496612903909,1.24117718992339,0.0348616729968969,0.484075975698742,0.443370914646224,1449,"tags=18%, list=14%, signal=16%","CD3G/YY1/LFNG/PSMB4/CLCF1/KIT/BRD4/TCF3/CD2/PTGER4/TRAF3IP2/TCF7/TESPA1/SOX4/CHD7/BATF/ZFPM1/ZMIZ1/HDAC5/ZFP36L1/PHF10/CDC42/ZBTB7A/DDRGK1/PIK3R2/IL18R1/CEBPG/QKI/LMBR1L/IL7R/CCR7/LCK/KMT2A/ANXA1/GPR183/PRKCZ/ADAM17/SMARCA4/NFKBID/TBX21/IL2RG/HLA-G/CD3D/SLC39A7/STAT5A/DCAF1/SMARCE1/SMARCC2/LYN/GPS2/SOX13/MEN1",0.321775918075361
"GO:0007167","enzyme-linked receptor protein signaling pathway",406,0.232697230911081,1.23818991999347,0.0284142255993468,0.452179942215822,0.414156960124941,2510,"tags=31%, list=23%, signal=25%","RHOQ/HSPB1/MAPKAPK2/LTBP3/GIPC1/SLC27A4/ALKAL2/VEGFB/KIF16B/KIT/GKAP1/FAM89B/ING1/CYFIP1/PDCD4/GDF11/ITGA5/IGFBP4/ZMIZ1/FURIN/ZBTB7A/EFNA4/PIK3R2/CDK5R1/AHI1/CRK/HIPK2/CREBBP/USP9Y/CRIM1/LCK/MMRN1/RGCC/DGKQ/UBE2O/AKT1/PTPN1/PRKCZ/RAPGEF2/ERFE/HGS/MAP2K2/EID2/GOT1/STK11/ADAM17/FER/HRAS/SIPA1L1/IGF2R/WDR54/RBPJ/CUL7/AKT3/SNW1/IGFBP2/APPL2/PTPN12/TRIO/NCK2/PIP4K2B/BMPR2/EFNA3/STAT5A/GSK3A/HIF1A/TIAM1/SORL1/LTBP4/LYN/THBS1/MEN1/DUSP22/PDE6G/PXN/RAPGEF1/OSBPL8/PDPK1/CUL1/PRKCD/RNF115/A1BG/TGFB1/SAP30L/NUP62/RBBP4/CPNE3/GAB1/RAF1/ERBB2/DDX5/ENG/SH2B1/NPTN/PIK3CA/FOXO4/EPHB6/SAP30/SPART/EPHA4/TMEM204/DLL1/ZFYVE28/NRG2/HSPA1A/LATS1/TWSG1/INPPL1/RGS14/FASLG/PPM1A/LDLRAD4/CBL/ARNT/AKAP11/USP9X/NRROS/NCLN/STUB1/FOXO1/TMEM53/SNX6/FLCN/SIRT1/MAP3K7/TIE1",0.352487857583619
"GO:0043069","negative regulation of programmed cell death",442,0.228543371766053,1.23504653558704,0.0207450348571795,0.411895575271756,0.377260031719945,2592,"tags=31%, list=24%, signal=24%","MAZ/AMIGO2/HSPB1/CSNK2A2/VEGFB/CLCF1/AVEN/HMOX1/RPS6KA3/ANP32B/NUAK2/BNIP3L/APIP/GCLM/ITGA5/NAA38/PLK3/BAG4/TPT1/MAP4K4/TIMP1/PINK1/MICAL1/TMEM109/ANKLE2/DDRGK1/AHI1/PIM3/CCR5/UBE2Z/AKR1A1/CBX4/IL7R/PSME3/HAX1/CCR7/PEA15/TBX1/TRAF2/GPX4/BIRC3/NRBP2/ANXA1/AKT1/PTPN1/PRKCZ/ERFE/DAPK1/KDM1A/ZNF16/CAST/GLO1/NACA/IL2RG/GNAI2/AKT3/CXCR3/PRKCI/CDKN2D/PRR5/FLNA/RAD21/DNMT1/ARHGEF2/SPHK1/BAG3/HIF1A/PPT1/SMG9/THBS1/ATAD5/RPS6KA1/ATOX1/CCAR2/FKBP8/GBE1/TXNDC5/CLN3/HSPD1/CAT/KDM2B/TMBIM1/PDPK1/PRKCD/POR/NUP62/HSPA1B/NONO/MGMT/BARD1/RAF1/SET/ERBB2/MYC/ORMDL3/ZNF304/DDX3X/SERPINB9/PPARD/PIK3CA/NOTCH2/NME2/BRCA1/FTH1/DLL1/SRSF6/HSPA1A/SOD2/ARMC10/RPS3A/GRINA/SC5D/ATG5/MIF/TNFSF14/PARL/FOXP1/CBL/TRAP1/BNIP3/STUB1/FOXO1/TNF/URI1/SNX6/SIRT1/ARAF/SELENOS/CD44/RACK1/VHL/GOLPH3/MAEA/MRE11/BNIP2",0.352487857583619
"GO:0044089","positive regulation of cellular component biogenesis",277,0.23811798671748,1.22948199948595,0.0481451266357484,0.571456652182909,0.523403910291729,1642,"tags=21%, list=15%, signal=18%","TESK1/RHOQ/AMIGO2/CLSTN3/GIT1/FCHSD2/KIT/TPM1/TRIM65/AMOT/RAP2A/CROCC/CYFIP1/CCDC15/SORBS3/BAG4/MAP4K4/KCTD17/ULK1/CDC42/PINK1/NEK7/CDK5RAP2/SEPTIN9/CDK5R1/RAB11FIP3/CEP120/CCR7/SLX1A/PPP1R35/RGCC/CLSTN1/RAPGEF2/HGS/TIRAP/BBC3/WASHC1/FER/HRAS/DCTN1/ROCK2/FLNA/NCK2/BIN1/PIP4K2B/PSMC6/CRBN/TRABD2A/PLEK/PXN/DEF8/APOA1/PDE4DIP/TGFB1/DHX33/NUP62/HSPA1B/ZDHHC5",0.321775918075361
"GO:0043066","negative regulation of apoptotic process",418,0.228916372951013,1.2249047843722,0.0471159803146869,0.568738069196319,0.520913927962889,1873,"tags=23%, list=17%, signal=20%","MAZ/HSPB1/CSNK2A2/VEGFB/CLCF1/AVEN/HMOX1/RPS6KA3/ANP32B/NUAK2/BNIP3L/APIP/GCLM/ITGA5/NAA38/PLK3/BAG4/TPT1/MAP4K4/TIMP1/PINK1/MICAL1/ANKLE2/DDRGK1/AHI1/PIM3/CCR5/UBE2Z/AKR1A1/CBX4/IL7R/PSME3/HAX1/CCR7/PEA15/TBX1/TRAF2/BIRC3/NRBP2/ANXA1/AKT1/PTPN1/PRKCZ/ERFE/DAPK1/KDM1A/ZNF16/CAST/GLO1/NACA/IL2RG/GNAI2/AKT3/CXCR3/PRKCI/CDKN2D/PRR5/FLNA/RAD21/DNMT1/ARHGEF2/SPHK1/BAG3/HIF1A/PPT1/SMG9/THBS1/ATAD5/RPS6KA1/ATOX1/CCAR2/FKBP8/GBE1/TXNDC5/CLN3/HSPD1/CAT/KDM2B/TMBIM1/PDPK1/PRKCD/POR/NUP62/HSPA1B/NONO/MGMT/BARD1/RAF1/SET/ERBB2/MYC/ORMDL3/ZNF304/DDX3X/SERPINB9/PPARD/PIK3CA/NOTCH2",0.321775918075361
"GO:0030036","actin cytoskeleton organization",352,0.232563446908884,1.22447117577382,0.0463244231203708,0.563989896385259,0.516565020295865,1738,"tags=24%, list=16%, signal=20%","TESK1/RHOQ/GIPC1/FCHSD2/KIT/TPM1/AMOT/RAP2A/PTGER4/MICALL1/DMTN/CYFIP1/S1PR1/PACSIN1/MARCKSL1/ALMS1/NUAK2/TAGLN2/DTNBP1/SORBS3/BAG4/TMOD3/PACSIN2/MYO1E/CDC42/MICAL1/EZR/CDK5R1/ATXN3/CRK/SRF/RUFY3/EHBP1/HAX1/CDK10/CCR7/PPP1R9B/ACAP3/RGCC/SPTAN1/EPB41L4A/ANXA1/PTPN1/EHBP1L1/SPTBN1/WASHC1/RHOB/NAA80/FER/HRAS/SIPA1L1/PDXP/SVIL/GBA2/JMY/OBSCN/DVL2/RDX/ROCK2/FLNA/NCK2/SPECC1L/BIN1/ARHGEF2/PHACTR2/ADD3/ADD1/PLEK/ELMO2/PXN/LLGL1/CAPG/RAB40B/MYADM/APOA1/PDPK1/PRKCD/RACGAP1/TPM2/MINK1/SNX9/LIMK1/ACTN4",0.321775918075361
"GO:0099537","trans-synaptic signaling",253,0.238928261004338,1.21400462288646,0.0485811091827453,0.571803692292202,0.523721768434666,1427,"tags=19%, list=13%, signal=16%","CLSTN3/GIPC1/FBXO45/DVL1/GIT1/FCHSD2/KIT/TPRG1L/CYFIP1/SYNGR3/NRXN2/RPS6KA3/CASK/DTNBP1/PACSIN2/CEP89/ATXN3/DGKE/KMO/NSMF/YTHDF1/DYSF/SLC1A7/PRKACA/STX1A/CLSTN1/AKT1/PRKCZ/BCR/RAPGEF2/RAB3A/TSPOAP1/CALHM2/SNAP29/MTMR2/STX2/SIPA1L1/GNAI2/NRGN/CHRNB1/TRIO/GSK3A/VPS35/FXR2/COLQ/DNAJC5/RPS6KA1",0.321775918075361
"GO:0051052","regulation of DNA metabolic process",369,0.229697106627175,1.21256400111951,0.0465947858421793,0.565660700124056,0.518095329212343,2705,"tags=31%, list=25%, signal=24%","YY1/TADA2B/WIZ/CLCF1/MCM5/USP7/EHMT2/BRD8/TERF2/UPF1/MCRS1/TRIM28/BCL7C/SENP3/TAF4/WRNIP1/DEK/CHTF8/MCM4/CUL4A/TIMELESS/PHF10/DHX9/INO80B/NEK7/LMNA/ACTR5/HDGFL2/CREBBP/CDKN1B/CEBPG/SLC15A4/IL7R/MCM7/CHTF18/SLX1A/FANCB/ELOB/AKT1/PMS2/KDM1A/ERCC4/MCM3/SMARCA4/UBQLN4/KMT5C/PIAS4/TEN1/XRCC1/RNF169/CACYBP/SGF29/SMARCE1/SMARCC2/TERF2IP/ATAD5/BLM/ATXN7L3/PRKCD/TGFB1/POLE3/PAXIP1/MGMT/BARD1/HNRNPU/MYC/SH2B1/MLH1/ERCC6/HMGB1/ELOC/KMT5B/JADE1/CUL4B/BRCA1/CHRAC1/JADE2/RFC2/HMCES/MORF4L2/ATXN7/HSP90AA1/UIMC1/DFFB/VPS72/DHX36/PTGES3/CCT7/LIG3/UBE2V1/RUVBL2/RPS3/CCT6A/CCT2/CCT3/ENDOG/TNF/TAF6/TAF10/SIRT1/INO80C/PINX1/WAPL/CDK9/MRE11/USP1/MSH6/HNRNPD/SLF2/DFFA/HDAC10/ORC5/PRKD2/KPNA1",0.321775918075361
