"ID","Description","setSize","enrichmentScore","NES","pvalue","p.adjust","qvalue","rank","leading_edge","core_enrichment","log2err"
"GO:0007520","myoblast fusion",51,0.532360987026368,2.13096523652183,4.15477738076184e-05,0.0116348566122718,0.0103879404588947,972,"tags=57%, list=23%, signal=44%","PLEKHO1/RPL7/RPL9/RPL24/RPL30/RPL12/RPL19/RPL23/RPL34/RPL32/RPL10/CD81/RPL27/RPL39/RPL18A/RPL17/RPL41/RPLP2/RPL11/RPL35A/RPL21/RPL7A/RPL36/RPL36A/UBA52/RPL8/RPL31/RPL37/RPL29",0.557332238758646
"GO:1901739","regulation of myoblast fusion",48,0.53729233801627,2.13094561283331,3.21782946166845e-05,0.0103256572058872,0.00921904891724906,1031,"tags=60%, list=25%, signal=46%","PLEKHO1/RPL7/RPL9/RPL24/RPL30/RPL12/RPL19/RPL23/RPL34/RPL32/RPL10/RPL27/RPL39/RPL18A/RPL17/RPL41/RPLP2/RPL11/RPL35A/RPL21/RPL7A/RPL36/RPL36A/UBA52/RPL8/RPL31/RPL37/RPL29/RPL5",0.557332238758646
"GO:1904019","epithelial cell apoptotic process",14,-0.760338995658233,-2.12256597456995,7.15347899836766e-05,0.0147566052480613,0.0131751289939053,914,"tags=71%, list=22%, signal=56%","CAST/NPC1/RB1/SRSF6/JAK2/GSN/ZFP36/EIF2S1/NFKBIZ/CFLAR",0.538434096309916
"GO:0000768","syncytium formation by plasma membrane fusion",53,0.52066492677088,2.11448707885667,1.32487316115863e-05,0.0102315957097184,0.00913506806091037,972,"tags=55%, list=23%, signal=43%","PLEKHO1/RPL7/RPL9/RPL24/RPL30/RPL12/RPL19/RPL23/RPL34/RPL32/RPL10/CD81/RPL27/RPL39/RPL18A/RPL17/RPL41/RPLP2/RPL11/RPL35A/RPL21/RPL7A/RPL36/RPL36A/UBA52/RPL8/RPL31/RPL37/RPL29",0.593325476396405
"GO:0006949","syncytium formation",53,0.52066492677088,2.11448707885667,1.32487316115863e-05,0.0102315957097184,0.00913506806091037,972,"tags=55%, list=23%, signal=43%","PLEKHO1/RPL7/RPL9/RPL24/RPL30/RPL12/RPL19/RPL23/RPL34/RPL32/RPL10/CD81/RPL27/RPL39/RPL18A/RPL17/RPL41/RPLP2/RPL11/RPL35A/RPL21/RPL7A/RPL36/RPL36A/UBA52/RPL8/RPL31/RPL37/RPL29",0.593325476396405
"GO:0140253","cell-cell fusion",53,0.52066492677088,2.11448707885667,1.32487316115863e-05,0.0102315957097184,0.00913506806091037,972,"tags=55%, list=23%, signal=43%","PLEKHO1/RPL7/RPL9/RPL24/RPL30/RPL12/RPL19/RPL23/RPL34/RPL32/RPL10/CD81/RPL27/RPL39/RPL18A/RPL17/RPL41/RPLP2/RPL11/RPL35A/RPL21/RPL7A/RPL36/RPL36A/UBA52/RPL8/RPL31/RPL37/RPL29",0.593325476396405
"GO:0034242","negative regulation of syncytium formation by plasma membrane fusion",45,0.535096955112318,2.07232393572794,4.88736619750913e-05,0.0116348566122718,0.0103879404588947,1031,"tags=62%, list=25%, signal=47%","RPL7/RPL9/RPL24/RPL30/RPL12/RPL19/RPL23/RPL34/RPL32/RPL10/RPL27/RPL39/RPL18A/RPL17/RPL41/RPLP2/RPL11/RPL35A/RPL21/RPL7A/RPL36/RPL36A/UBA52/RPL8/RPL31/RPL37/RPL29/RPL5",0.557332238758646
"GO:1901740","negative regulation of myoblast fusion",45,0.535096955112318,2.07232393572794,4.88736619750913e-05,0.0116348566122718,0.0103879404588947,1031,"tags=62%, list=25%, signal=47%","RPL7/RPL9/RPL24/RPL30/RPL12/RPL19/RPL23/RPL34/RPL32/RPL10/RPL27/RPL39/RPL18A/RPL17/RPL41/RPLP2/RPL11/RPL35A/RPL21/RPL7A/RPL36/RPL36A/UBA52/RPL8/RPL31/RPL37/RPL29/RPL5",0.557332238758646
"GO:0060142","regulation of syncytium formation by plasma membrane fusion",49,0.529728945312045,2.06847740557635,2.23464750306097e-05,0.0102315957097184,0.00913506806091037,1031,"tags=59%, list=25%, signal=45%","PLEKHO1/RPL7/RPL9/RPL24/RPL30/RPL12/RPL19/RPL23/RPL34/RPL32/RPL10/RPL27/RPL39/RPL18A/RPL17/RPL41/RPLP2/RPL11/RPL35A/RPL21/RPL7A/RPL36/RPL36A/UBA52/RPL8/RPL31/RPL37/RPL29/RPL5",0.575610261071129
"GO:1904035","regulation of epithelial cell apoptotic process",12,-0.756317656537891,-2.01161755469551,0.000338971735601867,0.0515237038114838,0.0460018705216264,914,"tags=75%, list=22%, signal=59%","CAST/NPC1/RB1/SRSF6/JAK2/GSN/ZFP36/EIF2S1/CFLAR",0.49849310876659
"GO:0014902","myotube differentiation",59,0.482382722519704,1.97991097348819,0.000112787742087335,0.020358187446764,0.0181763855022453,972,"tags=51%, list=23%, signal=40%","PLEKHO1/RPL7/RPL9/RPL24/RPL30/RPL12/RPL19/RPL23/RPL34/RPL32/RPL10/CD81/RPL27/RPL39/RPL18A/RPL17/RPL41/NACA/RPLP2/RPL11/RPL35A/RPL21/RPL7A/RPL36/RPL36A/UBA52/RPL8/RPL31/RPL37/RPL29",0.538434096309916
"GO:0014855","striated muscle cell proliferation",11,-0.746138443075534,-1.97896992124846,0.000549937379049044,0.0716464144447725,0.0639680154339489,870,"tags=73%, list=21%, signal=58%","FES/MEF2C/JAK2/RUNX1/PIM1/STAT3/CFLAR/FOS",0.477270815362862
"GO:0044090","positive regulation of vacuole organization",11,-0.732601984639185,-1.9430674096779,0.000870281038254332,0.0767623368343916,0.0685356606526821,563,"tags=64%, list=13%, signal=55%","ANXA2/PIP4K2A/ULK1/USP33/GRN/BECN1/SNX18",0.477270815362862
"GO:0042554","superoxide anion generation",17,0.643286695205181,1.93049471293535,0.00115458982817428,0.0952701549647805,0.085059982281171,163,"tags=29%, list=4%, signal=28%","NCF1/GSTP1/CYBA/PRKCD/TGFB1",0.45505986738723
"GO:0051146","striated muscle cell differentiation",75,0.445649142563625,1.91368749027816,0.00013559467668483,0.023035142721517,0.0205664495083567,861,"tags=45%, list=21%, signal=37%","YY1/PLEKHO1/RPL7/RPL9/TGFB1/RPL24/MTLN/RPL30/KAT2A/RPL12/RPL19/CACYBP/RPL23/RPL34/RPL32/RPL10/CD81/GSK3A/RPL27/RPL39/RPL18A/RPL17/RPL41/NACA/RPLP2/RPL11/RPL35A/RPL21/RPL7A/RPL36/RPL36A/UBA52/RPL8/RPL31",0.518848077743792
"GO:1902600","proton transmembrane transport",102,0.421784163679035,1.9117250275238,1.84220855752004e-05,0.0102315957097184,0.00913506806091037,1244,"tags=53%, list=30%, signal=38%","MT-ND4/NDUFA2/TMEM175/NDUFA3/NDUFB5/ATP5MF/ATP5F1D/NDUFB4/ATP5PF/ATP5ME/TCIRG1/COX6B1/MT-ND2/ATP6V1G1/NDUFA1/ATP6V0B/NDUFS4/NDUFB2/ATP5F1E/ATP5MC3/ATP5MC2/RNASEK/ATP5MG/NDUFA7/ATP5MC1/NDUFA8/NNT/NDUFB8/SLC25A5/NDUFB6/ATP5PO/MT-CO2/NDUFC1/ATP6AP2/COX8A/COX4I1/NDUFA12/SURF1/COX5B/NDUFC2/HVCN1/NDUFS5/NDUFA10/UQCRH/DMAC2L/SLC15A4/NDUFS8/NDUFA6/ATP5PD/COX7A2L/MT-CYB/NDUFB7/UQCR10/NDUFB3",0.575610261071129
"GO:0099024","plasma membrane invagination",22,-0.602778346002627,-1.88931811150377,0.000747014712003493,0.0767623368343916,0.0685356606526821,601,"tags=50%, list=14%, signal=43%","PLCG2/ANO6/GSN/ARHGAP25/AIF1/SH3BP1/ITGB2/ARF1/BECN1/SNX18/CDC42",0.477270815362862
"GO:0050709","negative regulation of protein secretion",11,0.708019720185809,1.86443410546063,0.00176054179452037,0.10840867805935,0.0967904401778545,713,"tags=55%, list=17%, signal=45%","DRD4/PSMD9/REST/ERP29/PIM3/HADH",0.45505986738723
"GO:0006123","mitochondrial electron transport, cytochrome c to oxygen",15,0.628071037481574,1.85607481165588,0.00388635044796437,0.151672703969204,0.13541782856265,1391,"tags=80%, list=33%, signal=54%","COX6C/COX6A1/COX6B1/COX7C/MT-CO2/COX8A/COX4I1/COX5B/COX7A2L/COX7B/MT-CO1/COX5A",0.431707695803346
"GO:0051496","positive regulation of stress fiber assembly",13,-0.689658746210341,-1.84525861261955,0.00136814795551654,0.106789494473831,0.0953447856898868,84,"tags=23%, list=2%, signal=23%","CCDC88A/RHOC/CDC42",0.45505986738723
"GO:0032928","regulation of superoxide anion generation",11,0.693501846450102,1.82620407011003,0.00244515515556705,0.124062350717514,0.110766497206741,163,"tags=36%, list=4%, signal=35%","GSTP1/CYBA/PRKCD/TGFB1",0.431707695803346
"GO:0032930","positive regulation of superoxide anion generation",11,0.693501846450102,1.82620407011003,0.00244515515556705,0.124062350717514,0.110766497206741,163,"tags=36%, list=4%, signal=35%","GSTP1/CYBA/PRKCD/TGFB1",0.431707695803346
"GO:0033627","cell adhesion mediated by integrin",21,-0.57033614192594,-1.80950100543797,0.00269563367092109,0.125992473804186,0.112489767580485,331,"tags=29%, list=8%, signal=26%","ITGB2/ICAM2/PIK3CG/FERMT3/ITGAL/ITGB7",0.431707695803346
"GO:0015986","proton motive force-driven ATP synthesis",68,0.424214990173436,1.80710931604434,0.000843851324076592,0.0767623368343916,0.0685356606526821,483,"tags=32%, list=12%, signal=29%","MT-ND4/NDUFA2/NDUFA3/NDUFB5/ATP5MF/ATP5F1D/NDUFB4/ATP5PF/ATP5ME/MT-ND2/NDUFA1/NDUFS4/NDUFB2/ATP5F1E/ATP5MC3/ATP5MC2/ATP5MG/NDUFA7/ATP5MC1/NDUFA11/NDUFB11/NDUFA8",0.477270815362862
"GO:0009303","rRNA transcription",19,0.579121602593125,1.80527796876403,0.00447799441638992,0.163701871829545,0.146157821642709,747,"tags=37%, list=18%, signal=30%","POLR2L/NOP53/GTF3C3/SMARCB1/POLR2F/GTF3A/PWP1",0.407017918923954
"GO:0090322","regulation of superoxide metabolic process",13,0.645025996596354,1.8045099839654,0.00523051633721524,0.175594799252812,0.15677617527369,163,"tags=31%, list=4%, signal=30%","GSTP1/CYBA/PRKCD/TGFB1",0.407017918923954
"GO:0019646","aerobic electron transport chain",73,0.414056052612283,1.80207029547819,0.000716134670506127,0.0767623368343916,0.0685356606526821,1244,"tags=51%, list=30%, signal=36%","MT-ND4/NDUFA2/NDUFA3/COX6C/NDUFB5/NDUFB4/COX6A1/COX6B1/MT-ND2/NDUFA1/NDUFS4/NDUFB2/UQCR11/UQCRQ/COX7C/NDUFA7/NDUFA11/NDUFA8/UQCRB/NDUFB8/NDUFB6/MT-CO2/NDUFC1/COX8A/COX4I1/COX5B/NDUFC2/NDUFS5/NDUFA10/UQCRH/NDUFS8/NDUFA6/COX7A2L/MT-CYB/NDUFB7/UQCR10/NDUFB3",0.477270815362862
"GO:0006801","superoxide metabolic process",26,0.529875121378867,1.79388037182868,0.00426044836757412,0.15979447903317,0.142669187010508,163,"tags=23%, list=4%, signal=22%","NCF1/CCS/GSTP1/CYBA/PRKCD/TGFB1",0.407017918923954
"GO:0016072","rRNA metabolic process",130,0.379504075002482,1.79186574864546,5.2372969515074e-05,0.0116348566122718,0.0103879404588947,818,"tags=34%, list=20%, signal=28%","YBEY/POLR2L/NOB1/RPS28/RPS14/NOP53/TSR3/EXOSC8/RPL7/RPS13/NOP10/GTF3C3/SMARCB1/RPUSD3/BUD23/DDX27/POLR2F/SLFN5/PA2G4/LSM6/EXOSC10/RPL27/PES1/DEDD2/UTP6/RPS21/PIN4/IMP4/KRI1/RPS7/RPL11/RPL35A/C1D/RPS24/RPL7A/EXOSC1/SNU13/GTF3A/RPS25/PWP1/NSUN5/DROSHA/POP4/UTP18",0.557332238758646
"GO:0045123","cellular extravasation",22,-0.570425888263436,-1.78791419617791,0.00324747462982922,0.135514442433673,0.120991259818064,331,"tags=41%, list=8%, signal=38%","ITGB2/ROCK1/PIK3CG/ST3GAL4/PLVAP/SELPLG/SPN/ITGAL/ITGB7",0.431707695803346
"GO:0006384","transcription initiation at RNA polymerase III promoter",12,0.645642996970681,1.78483789512266,0.00617000692329451,0.185837681986485,0.165921320719883,514,"tags=33%, list=12%, signal=29%","POLR2L/GTF3C3/POLR2F/POLR3C",0.407017918923954
"GO:0051345","positive regulation of hydrolase activity",29,-0.513115348724654,-1.77484116323687,0.00443275064703453,0.163701871829545,0.146157821642709,495,"tags=31%, list=12%, signal=28%","CORO1C/RAPGEF1/SH3BP1/RIC1/VSIR/GRN/SNX18/RHOC/RGS1",0.407017918923954
"GO:0002181","cytoplasmic translation",149,0.368765626317528,1.76773337323202,2.83423703870315e-05,0.0102315957097184,0.00913506806091037,987,"tags=40%, list=24%, signal=31%","RPS10/RPS15A/RPS28/RPS14/GIGYF2/RPL7/RPS13/RPL9/RPL24/NEMF/FAU/EEF1D/RPS8/RPL30/RPL12/RPS27A/RPL19/HNRNPU/RPL23/RPL34/RPL32/RPS2/RPL10/PABPC1/RPL27/RPS12/RPL39/RPS21/EIF4A2/RPL18A/RPL22/RPL17/RPL22L1/RPS20/RPS7/RPL41/RPLP2/HHEX/RPL11/RPL35A/RPL21/RPS24/RPL7A/RACK1/EIF3E/RPL36/RPL36AL/RPS25/RPL36A/UBA52/RPL8/RPSA/RPL31/RPS5/EEF2/DENR/RPL37/RPL29/MCTS1",0.575610261071129
"GO:0006119","oxidative phosphorylation",100,0.384289907338207,1.760487844658,0.000554349842124373,0.0716464144447725,0.0639680154339489,483,"tags=26%, list=12%, signal=24%","MT-ND4/NDUFA2/NDUFA3/COX6C/NDUFB5/ATP5MF/ATP5F1D/NDUFB4/COX6A1/ATP5PF/ATP5ME/COX6B1/MT-ND2/NDUFA1/NDUFS4/NDUFB2/ATP5F1E/CHCHD2/UQCR11/ATP5MG/UQCRQ/COX7C/NDUFA7/NDUFA11/NDUFB11/NDUFA8",0.477270815362862
"GO:0042790","nucleolar large rRNA transcription by RNA polymerase I",14,0.615673396184736,1.75910625161039,0.00907543809564675,0.223689892415427,0.199716881875202,274,"tags=29%, list=7%, signal=27%","POLR2L/NOP53/SMARCB1/POLR2F",0.380730400722792
"GO:0042773","ATP synthesis coupled electron transport",77,0.405420208956683,1.75856212478483,0.00057059125077208,0.0716464144447725,0.0639680154339489,1244,"tags=51%, list=30%, signal=36%","MT-ND4/NDUFA2/NDUFA3/COX6C/NDUFB5/NDUFB4/COX6A1/COX6B1/MT-ND2/NDUFA1/NDUFS4/NDUFB2/CHCHD2/UQCR11/UQCRQ/COX7C/NDUFA7/NDUFA11/NDUFA8/UQCRB/NDUFB8/NDUFB6/MT-CO2/NDUFC1/COX8A/COX4I1/NDUFA12/COX5B/NDUFC2/NDUFS5/NDUFA10/UQCRH/NDUFS8/NDUFA6/COX7A2L/MT-CYB/NDUFB7/UQCR10/NDUFB3",0.477270815362862
"GO:0042775","mitochondrial ATP synthesis coupled electron transport",77,0.405420208956683,1.75856212478483,0.00057059125077208,0.0716464144447725,0.0639680154339489,1244,"tags=51%, list=30%, signal=36%","MT-ND4/NDUFA2/NDUFA3/COX6C/NDUFB5/NDUFB4/COX6A1/COX6B1/MT-ND2/NDUFA1/NDUFS4/NDUFB2/CHCHD2/UQCR11/UQCRQ/COX7C/NDUFA7/NDUFA11/NDUFA8/UQCRB/NDUFB8/NDUFB6/MT-CO2/NDUFC1/COX8A/COX4I1/NDUFA12/COX5B/NDUFC2/NDUFS5/NDUFA10/UQCRH/NDUFS8/NDUFA6/COX7A2L/MT-CYB/NDUFB7/UQCR10/NDUFB3",0.477270815362862
"GO:0042274","ribosomal small subunit biogenesis",62,0.423735431322674,1.75066123512892,0.000756963903489549,0.0767623368343916,0.0685356606526821,898,"tags=37%, list=21%, signal=30%","RPS15A/NOB1/RPS28/RPS14/TSR3/RPS13/FAU/RPS8/RPS27A/LSM6/EXOSC10/RPS12/UTP6/RPS21/IMP4/KRI1/RPS7/RPS24/SNU13/RPS25/UTP18/RPSA/RPS5",0.477270815362862
"GO:0031032","actomyosin structure organization",41,-0.481918869034784,-1.74923118914922,0.00174217101208029,0.10840867805935,0.0967904401778545,1195,"tags=41%, list=29%, signal=30%","ACTG1/NRP1/PAK2/PIK3R1/DNM2/WAS/WASF2/ZEB2/CUL3/PDCD6IP/ROCK1/AKAP13/IQGAP2/CCDC88A/CFLAR/RHOC/CDC42",0.45505986738723
"GO:0010257","NADH dehydrogenase complex assembly",23,0.522833878226023,1.74326870016853,0.0147640935234949,0.268167937709769,0.239428182292804,1135,"tags=57%, list=27%, signal=41%","MT-ND4/DMAC1/MT-ND2/TMEM126A/NDUFS4/LYRM2/NDUFAF8/NDUFAF3/OXA1L/NDUFC2/NDUFS5/NDUFS8/NDUFA6",0.380730400722792
"GO:0032981","mitochondrial respiratory chain complex I assembly",23,0.522833878226023,1.74326870016853,0.0147640935234949,0.268167937709769,0.239428182292804,1135,"tags=57%, list=27%, signal=41%","MT-ND4/DMAC1/MT-ND2/TMEM126A/NDUFS4/LYRM2/NDUFAF8/NDUFAF3/OXA1L/NDUFC2/NDUFS5/NDUFS8/NDUFA6",0.380730400722792
"GO:0140467","integrated stress response signaling",29,-0.498956687760194,-1.72586704005288,0.00689962168767446,0.201273812464685,0.179703149724475,956,"tags=52%, list=23%, signal=40%","JUNB/ARIH1/CEBPB/EIF2AK1/PPP1R15A/HERC5/CREBZF/JUN/HSPA5/UBR4/DELE1/EIF2S1/PTPN2/EIF2AK4/FOS",0.407017918923954
"GO:0014033","neural crest cell differentiation",11,-0.649952015355086,-1.72385634405963,0.00894155464783462,0.22261387778402,0.198756184524436,1471,"tags=100%, list=35%, signal=65%","SKP1/SEMA4D/RBX1/NRP1/PDCD6/MEF2C/NOLC1/PEF1/CORO1C/OTUD5/CDC42",0.380730400722792
"GO:0051336","regulation of hydrolase activity",49,-0.448007276251657,-1.72233280349395,0.00236355886855742,0.124062350717514,0.110766497206741,495,"tags=27%, list=12%, signal=24%","CORO1C/RAPGEF1/SH3BP1/RIC1/TIMP1/TMED2/ATP5IF1/RCC2/VSIR/GRN/SNX18/RHOC/RGS1",0.431707695803346
"GO:0031102","neuron projection regeneration",10,-0.676102208908375,-1.71744497365591,0.00889797031588175,0.22261387778402,0.198756184524436,603,"tags=50%, list=14%, signal=43%","JAK2/RTCA/ULK1/GRN/NREP",0.380730400722792
"GO:0071364","cellular response to epidermal growth factor stimulus",21,-0.540254847473124,-1.71406231839731,0.00737183914158374,0.212898714408939,0.190082202364455,491,"tags=33%, list=12%, signal=30%","PPP1R9B/DAB2/ZFP36/BECN1/ZFP36L2/CFLAR/FOS",0.407017918923954
"GO:0042063","gliogenesis",58,-0.431088771160758,-1.71032724277653,0.00145616671227066,0.107831011924043,0.0962746829477771,579,"tags=29%, list=14%, signal=26%","HEXB/MAPK1/HDAC2/CSF1R/SIRT2/STAT3/TUBA1A/CXCR4/GRN/TNFRSF21/GRB2/CDK6/NDRG1/TNFRSF1B/BIN1/AREG/GPR183",0.45505986738723
"GO:0008608","attachment of spindle microtubules to kinetochore",16,-0.582108516803385,-1.70634301085754,0.00866366355274652,0.22261387778402,0.198756184524436,844,"tags=44%, list=20%, signal=35%","EML4/RB1/SIRT2/RCC2/ZNF207/BECN1/CDC42",0.380730400722792
"GO:0042130","negative regulation of T cell proliferation",17,-0.581526987446599,-1.69664580899733,0.00775582635518468,0.218789155727698,0.195341360748182,833,"tags=47%, list=20%, signal=38%","PRNP/CEBPB/LILRB2/VSIR/TNFRSF21/PRKAR1A/SPN/LAPTM5",0.407017918923954
"GO:0042776","proton motive force-driven mitochondrial ATP synthesis",64,0.404991947245638,1.68898960982421,0.0025266696434333,0.125810722935093,0.11232749508591,483,"tags=30%, list=12%, signal=27%","MT-ND4/NDUFA2/NDUFA3/NDUFB5/ATP5MF/ATP5F1D/NDUFB4/ATP5PF/ATP5ME/MT-ND2/NDUFA1/NDUFS4/NDUFB2/ATP5F1E/ATP5MG/NDUFA7/NDUFA11/NDUFB11/NDUFA8",0.431707695803346
"GO:0006911","phagocytosis, engulfment",18,-0.565904143487334,-1.68803889169189,0.0106144613973357,0.236145564236742,0.210837670172574,601,"tags=50%, list=14%, signal=43%","PLCG2/ANO6/GSN/ARHGAP25/AIF1/SH3BP1/ITGB2/BECN1/CDC42",0.380730400722792
"GO:0036336","dendritic cell migration",13,-0.630238335328226,-1.6862727003142,0.00782932460531001,0.218789155727698,0.195341360748182,714,"tags=54%, list=17%, signal=45%","GAS6/CALR/ICAM2/PIK3CG/CXCR4/HMGB1/GPR183",0.380730400722792
"GO:0006120","mitochondrial electron transport, NADH to ubiquinone",43,0.429982000658156,1.6858714048837,0.00799623195965222,0.219934456185482,0.196363918512276,752,"tags=35%, list=18%, signal=29%","MT-ND4/NDUFA2/NDUFA3/NDUFB5/NDUFB4/MT-ND2/NDUFA1/NDUFS4/NDUFB2/NDUFA7/NDUFA11/NDUFA8/NDUFB8/NDUFB6/NDUFC1",0.380730400722792
"GO:0034284","response to monosaccharide",43,0.429820869535362,1.68523964273566,0.00809315480386791,0.220500293146892,0.196869114309736,247,"tags=23%, list=6%, signal=22%","NCF1/GSTP1/SERPINF1/CYBA/DYNLL1/GNAS/TGFB1/SMARCB1/BAD/PFKL",0.380730400722792
"GO:0048678","response to axon injury",16,-0.574806238157132,-1.68493773714708,0.0100685466132611,0.234769641141321,0.209609205768794,603,"tags=38%, list=14%, signal=32%","JAK2/PLCG2/RTCA/GRN/NREP/ARF4",0.380730400722792
"GO:0022900","electron transport chain",87,0.370915050632264,1.68372286211543,0.00213441319547879,0.120866378598878,0.107913039774213,1244,"tags=47%, list=30%, signal=34%","MT-ND4/NDUFA2/NDUFA3/COX6C/NDUFB5/NDUFB4/COX6A1/COX6B1/MT-ND2/NDUFA1/NDUFS4/NDUFB2/HIGD2A/CHCHD2/UQCR11/UQCRQ/COX7C/NDUFA7/NDUFA11/NDUFB11/NDUFA8/UQCRB/NDUFB8/NDUFB6/MT-CO2/NDUFC1/COX8A/COX4I1/NDUFA12/COX5B/NDUFC2/NDUFS5/NDUFA10/UQCRH/NDUFS8/NDUFA6/COX7A2L/MT-CYB/NDUFB7/UQCR10/NDUFB3",0.431707695803346
"GO:0006754","ATP biosynthetic process",79,0.384039796364365,1.68287044065306,0.0017228803290112,0.10840867805935,0.0967904401778545,483,"tags=29%, list=12%, signal=26%","MT-ND4/NDUFA2/NDUFA3/NDUFB5/ATP5MF/ATP5F1D/NDUFB4/ATP5PF/ATP5ME/TGFB1/MT-ND2/NDUFA1/NDUFS4/NDUFB2/ATP5F1E/ATP5MC3/ATP5MC2/ATP5MG/NDUFA7/ATP5MC1/NDUFA11/NDUFB11/NDUFA8",0.45505986738723
"GO:0009746","response to hexose",40,0.44347563256846,1.68248081064004,0.00837175293224935,0.22261387778402,0.198756184524436,683,"tags=32%, list=16%, signal=27%","NCF1/SERPINF1/CYBA/DYNLL1/GNAS/TGFB1/SMARCB1/BAD/PFKL/OSBP/PIM3/RACK1/PHPT1",0.380730400722792
"GO:0009749","response to glucose",40,0.44347563256846,1.68248081064004,0.00837175293224935,0.22261387778402,0.198756184524436,683,"tags=32%, list=16%, signal=27%","NCF1/SERPINF1/CYBA/DYNLL1/GNAS/TGFB1/SMARCB1/BAD/PFKL/OSBP/PIM3/RACK1/PHPT1",0.380730400722792
"GO:0009201","ribonucleoside triphosphate biosynthetic process",85,0.376515334454771,1.68067806974043,0.00140985808164515,0.107149214205031,0.0956659539925243,483,"tags=28%, list=12%, signal=25%","MT-ND4/NDUFA2/NDUFA3/NDUFB5/ATP5MF/ATP5F1D/NDUFB4/ATP5PF/ATP5ME/TGFB1/MT-ND2/NDUFA1/NDUFS4/NDUFB2/ATP5F1E/ATP5MC3/ATP5MC2/ATP5MG/NME2/NDUFA7/ATP5MC1/NDUFA11/NDUFB11/NDUFA8",0.45505986738723
"GO:0060048","cardiac muscle contraction",23,-0.523720483346574,-1.67752706130147,0.0131664511439621,0.260983851322909,0.233014019735824,1069,"tags=48%, list=26%, signal=36%","AKAP9/GSTO1/FLNA/PDE4B/CALM3/GSN/ATP2A2/PIK3CG/FKBP1A/RGS2/BIN1",0.380730400722792
"GO:0141087","positive regulation of inflammasome-mediated signaling pathway",11,-0.632336589285374,-1.677135258093,0.0128080840637909,0.260324535768365,0.232425363514912,1136,"tags=73%, list=27%, signal=53%","CD36/PPP2CA/DDX3X/PLCG2/BTK/MYD88/NEK7/ADCY7",0.380730400722792
"GO:1900227","positive regulation of NLRP3 inflammasome complex assembly",11,-0.632336589285374,-1.677135258093,0.0128080840637909,0.260324535768365,0.232425363514912,1136,"tags=73%, list=27%, signal=53%","CD36/PPP2CA/DDX3X/PLCG2/BTK/MYD88/NEK7/ADCY7",0.380730400722792
"GO:0010927","cellular component assembly involved in morphogenesis",10,-0.660011224226854,-1.67657041297806,0.0118366772944888,0.247712492945533,0.221164962611439,717,"tags=40%, list=17%, signal=33%","DICER1/AGFG1/AKAP13/CFLAR",0.380730400722792
"GO:0032989","cellular anatomical entity morphogenesis",10,-0.660011224226854,-1.67657041297806,0.0118366772944888,0.247712492945533,0.221164962611439,717,"tags=40%, list=17%, signal=33%","DICER1/AGFG1/AKAP13/CFLAR",0.380730400722792
"GO:0009142","nucleoside triphosphate biosynthetic process",86,0.37643701032953,1.67302086838376,0.0017213073831365,0.10840867805935,0.0967904401778545,483,"tags=28%, list=12%, signal=25%","MT-ND4/NDUFA2/NDUFA3/NDUFB5/ATP5MF/ATP5F1D/NDUFB4/ATP5PF/ATP5ME/TGFB1/MT-ND2/NDUFA1/NDUFS4/NDUFB2/ATP5F1E/ATP5MC3/ATP5MC2/ATP5MG/NME2/NDUFA7/ATP5MC1/NDUFA11/NDUFB11/NDUFA8",0.45505986738723
"GO:0009145","purine nucleoside triphosphate biosynthetic process",84,0.378156708346759,1.66969961991965,0.00180180628353491,0.10840867805935,0.0967904401778545,483,"tags=29%, list=12%, signal=26%","MT-ND4/NDUFA2/NDUFA3/NDUFB5/ATP5MF/ATP5F1D/NDUFB4/ATP5PF/ATP5ME/TGFB1/MT-ND2/NDUFA1/NDUFS4/NDUFB2/ATP5F1E/ATP5MC3/ATP5MC2/ATP5MG/NME2/NDUFA7/ATP5MC1/NDUFA11/NDUFB11/NDUFA8",0.45505986738723
"GO:0009206","purine ribonucleoside triphosphate biosynthetic process",84,0.378156708346759,1.66969961991965,0.00180180628353491,0.10840867805935,0.0967904401778545,483,"tags=29%, list=12%, signal=26%","MT-ND4/NDUFA2/NDUFA3/NDUFB5/ATP5MF/ATP5F1D/NDUFB4/ATP5PF/ATP5ME/TGFB1/MT-ND2/NDUFA1/NDUFS4/NDUFB2/ATP5F1E/ATP5MC3/ATP5MC2/ATP5MG/NME2/NDUFA7/ATP5MC1/NDUFA11/NDUFB11/NDUFA8",0.45505986738723
"GO:0071326","cellular response to monosaccharide stimulus",34,0.451870665842103,1.66876783115427,0.010242719800487,0.234769641141321,0.209609205768794,683,"tags=35%, list=16%, signal=30%","NCF1/SERPINF1/CYBA/DYNLL1/GNAS/TGFB1/SMARCB1/BAD/OSBP/PIM3/RACK1/PHPT1",0.380730400722792
"GO:0071331","cellular response to hexose stimulus",34,0.451870665842103,1.66876783115427,0.010242719800487,0.234769641141321,0.209609205768794,683,"tags=35%, list=16%, signal=30%","NCF1/SERPINF1/CYBA/DYNLL1/GNAS/TGFB1/SMARCB1/BAD/OSBP/PIM3/RACK1/PHPT1",0.380730400722792
"GO:0071333","cellular response to glucose stimulus",34,0.451870665842103,1.66876783115427,0.010242719800487,0.234769641141321,0.209609205768794,683,"tags=35%, list=16%, signal=30%","NCF1/SERPINF1/CYBA/DYNLL1/GNAS/TGFB1/SMARCB1/BAD/OSBP/PIM3/RACK1/PHPT1",0.380730400722792
"GO:1990928","response to amino acid starvation",20,-0.543635816516435,-1.66790922491395,0.0150157887817458,0.269351540383117,0.240484937395806,1158,"tags=45%, list=28%, signal=33%","ATF4/RNF167/RRAGA/SLC38A2/MAPK1/EIF2A/EIF2S1/BECN1/EIF2AK4",0.380730400722792
"GO:0042692","muscle cell differentiation",95,0.368601619457065,1.66717274304532,0.00260795005175452,0.125992473804186,0.112489767580485,861,"tags=39%, list=21%, signal=32%","YY1/PLEKHO1/RPL7/RPL9/TGFB1/RPL24/MTLN/RPL30/KAT2A/RPL12/RPL19/CACYBP/RPL23/RPL34/RPL32/RPL10/CD81/GSK3A/RPL27/HDGFL2/RPL39/RPL18A/RPL17/RPL41/NACA/RPLP2/QKI/RPL11/RPL35A/RPL21/RPL7A/RPL36/SUPT6H/RPL36A/UBA52/RPL8/RPL31",0.431707695803346
"GO:0071322","cellular response to carbohydrate stimulus",37,0.439678472889105,1.66227020377689,0.0132219404718843,0.260983851322909,0.233014019735824,683,"tags=32%, list=16%, signal=27%","NCF1/SERPINF1/CYBA/DYNLL1/GNAS/TGFB1/SMARCB1/BAD/OSBP/PIM3/RACK1/PHPT1",0.380730400722792
"GO:0042594","response to starvation",58,-0.41844173523249,-1.66015063986886,0.00267466001667564,0.125992473804186,0.112489767580485,1158,"tags=48%, list=28%, signal=35%","ATF4/RNF167/SLC7A5/LAMP2/PMAIP1/RIPOR1/PAK2/GABARAP/MAP1LC3B/HNRNPA1/RRAGA/EIF2AK1/SLC38A2/MAPK1/XBP1/SREBF2/HSPA5/DELE1/YWHAG/ULK1/EIF2A/ZFP36/EIF2S1/BECN1/YWHAZ/EIF2AK4/KLF10/FOS",0.431707695803346
"GO:0006497","protein lipidation",13,-0.62038694329739,-1.65991420621682,0.0107933568141447,0.236145564236742,0.210837670172574,238,"tags=31%, list=6%, signal=29%","ULK1/UGCG/GLUL/ZDHHC17",0.380730400722792
"GO:0042158","lipoprotein biosynthetic process",13,-0.62038694329739,-1.65991420621682,0.0107933568141447,0.236145564236742,0.210837670172574,238,"tags=31%, list=6%, signal=29%","ULK1/UGCG/GLUL/ZDHHC17",0.380730400722792
"GO:0070849","response to epidermal growth factor",23,-0.517770659739504,-1.65846920424182,0.0173507140430016,0.293034281615138,0.261629581805275,575,"tags=35%, list=14%, signal=30%","MAPK1/PPP1R9B/DAB2/ZFP36/BECN1/ZFP36L2/CFLAR/FOS",0.352487857583619
"GO:0050994","regulation of lipid catabolic process",11,0.62921110400052,1.65690673350911,0.014562861572274,0.268167937709769,0.239428182292804,408,"tags=45%, list=10%, signal=41%","PRKCD/SCARB1/SCT/MTLN/PNPLA2",0.380730400722792
"GO:0033108","mitochondrial respiratory chain complex assembly",49,0.423793478895893,1.65482223217078,0.00329744956024301,0.135514442433673,0.120991259818064,1135,"tags=47%, list=27%, signal=35%","MT-ND4/ATP5F1D/DMAC1/COA3/MT-ND2/TMEM126A/NDUFS4/HIGD2A/COX14/OCIAD2/FMC1/COX17/PET100/LYRM2/NDUFAF8/NDUFAF3/OXA1L/SURF1/NDUFC2/NDUFS5/NDUFS8/COX16/NDUFA6",0.431707695803346
"GO:0010508","positive regulation of autophagy",59,-0.420934540510588,-1.65441787130292,0.0055233673225317,0.177238720305239,0.158243916096015,538,"tags=31%, list=13%, signal=27%","XBP1/CSNK2A1/WAC/UFL1/HUWE1/PIP4K2A/TMEM59/ROCK1/UBR4/ATP5IF1/DELE1/ULK1/USP33/UBE2A/BECN1/DAPK1/SNX18/HMGB1",0.407017918923954
"GO:0022904","respiratory electron transport chain",86,0.371564215196039,1.65136442196115,0.00227211542003832,0.123808855340956,0.110540169116413,1244,"tags=48%, list=30%, signal=34%","MT-ND4/NDUFA2/NDUFA3/COX6C/NDUFB5/NDUFB4/COX6A1/COX6B1/MT-ND2/NDUFA1/NDUFS4/NDUFB2/HIGD2A/CHCHD2/UQCR11/UQCRQ/COX7C/NDUFA7/NDUFA11/NDUFB11/NDUFA8/UQCRB/NDUFB8/NDUFB6/MT-CO2/NDUFC1/COX8A/COX4I1/NDUFA12/COX5B/NDUFC2/NDUFS5/NDUFA10/UQCRH/NDUFS8/NDUFA6/COX7A2L/MT-CYB/NDUFB7/UQCR10/NDUFB3",0.431707695803346
"GO:0031669","cellular response to nutrient levels",68,-0.409642745499796,-1.65052734892358,0.00203620646624095,0.117611285490077,0.105006797391586,1158,"tags=47%, list=28%, signal=35%","ATF4/RNF167/SLC7A5/LAMP2/EP300/PMAIP1/RIPOR1/PAK2/GABARAP/MAP1LC3B/FES/HNRNPA1/PHEX/RRAGA/RHEB/GAS6/SLC38A2/MAPK1/XBP1/CD68/PIM1/SREBF2/HSPA5/YWHAG/ULK1/EIF2S1/BECN1/YWHAZ/EIF2AK4/MAT2A/KLF10/FOS",0.431707695803346
"GO:0016477","cell migration",323,-0.326115152187032,-1.64899882819893,2.29610052608892e-05,0.0102315957097184,0.00913506806091037,859,"tags=31%, list=21%, signal=26%","CORO1A/LCP1/PDE4B/ARHGDIB/RAB1A/DNM1L/SRP54/PDCD6/ARID2/ARID4A/VCL/RNF7/GOLPH3/IL16/GAS6/ARHGAP4/LGMN/RBBP4/TUBGCP2/DGKZ/RREB1/MEF2C/IL17RA/JAK2/PLCG2/CD44/ANO6/BSG/HEXB/MAPK1/CUL3/SUDS3/ARF6/PHB2/XBP1/VAV1/FOXP1/HDAC2/CORO1C/PPP1R9B/AIF1/ARRB2/STAT5A/CALR/SH3BP1/PRCP/DAB2/CSF1R/HSPA5/TIMP1/ITGB2/LGALS8/ROCK1/ATP5F1B/RCC2/ARHGEF2/ICAM2/KIF2A/PIK3CG/DDIT4/VSIR/ST3GAL4/STAT3/SINHCAF/TUBA1A/FLT3/USP33/ADAM10/CCAR1/ARPC5/CXCR4/AIMP1/ATP8A1/GRN/CD2AP/TRADD/RBBP7/PTPRJ/MRTFA/GLUL/PLVAP/MYO1G/ARF4/SOD2/FERMT3/SELPLG/SPN/CCDC88A/ITGAL/RHOB/ITGB7/ABI3/CORO7/HMGB1/RHOC/MAPRE2/LDLRAD4/GPR183/CDC42",0.575610261071129
"GO:0006364","rRNA processing",110,0.351402392420261,1.64878394452363,0.000785660220786822,0.0767623368343916,0.0685356606526821,818,"tags=34%, list=20%, signal=28%","YBEY/NOB1/RPS28/RPS14/NOP53/TSR3/EXOSC8/RPL7/RPS13/NOP10/RPUSD3/BUD23/DDX27/PA2G4/LSM6/EXOSC10/RPL27/PES1/UTP6/RPS21/PIN4/IMP4/KRI1/RPS7/RPL11/RPL35A/C1D/RPS24/RPL7A/EXOSC1/SNU13/RPS25/PWP1/NSUN5/DROSHA/POP4/UTP18",0.477270815362862
"GO:0097178","ruffle assembly",12,-0.618741656135465,-1.64569948426309,0.020833878898918,0.311752550570338,0.278341800088662,559,"tags=50%, list=13%, signal=43%","ARF6/CORO1C/AIF1/SH3BP1/RCC2/ABI3",0.352487857583619
"GO:0055117","regulation of cardiac muscle contraction",17,-0.562709491431111,-1.64174444338627,0.0139603415460171,0.26691191549491,0.238306768903898,1069,"tags=53%, list=26%, signal=40%","AKAP9/GSTO1/PDE4B/CALM3/ATP2A2/PIK3CG/FKBP1A/RGS2/BIN1",0.380730400722792
"GO:0032506","cytokinetic process",26,-0.496270203786581,-1.63611076842858,0.0224479915127897,0.317272438156397,0.283270117256172,686,"tags=31%, list=16%, signal=26%","SPART/CHMP3/ARF6/PDCD6IP/ARF1/IQGAP2/CHMP1B/SNX18",0.352487857583619
"GO:0043297","apical junction assembly",13,-0.611168530436571,-1.63524931822753,0.0138314374191566,0.266301275110162,0.237761571298981,1061,"tags=54%, list=25%, signal=40%","PAK2/ARL2/VCL/RPS6/PDCD6IP/ROCK1/RHOC",0.380730400722792
"GO:0010324","membrane invagination",26,-0.49578686242259,-1.63451728164574,0.022745311585702,0.317272438156397,0.283270117256172,601,"tags=42%, list=14%, signal=36%","PLCG2/ANO6/GSN/ARHGAP25/AIF1/SH3BP1/ITGB2/ARF1/BECN1/SNX18/CDC42",0.352487857583619
"GO:0048870","cell motility",360,-0.316845384526895,-1.62934008098107,2.67652240218592e-05,0.0102315957097184,0.00913506806091037,933,"tags=32%, list=22%, signal=27%","WAS/RAP2B/BEX4/TMEM18/RPS19/ZEB2/FES/CORO1A/LCP1/PDE4B/ARHGDIB/RAB1A/DNM1L/SRP54/PDCD6/ARID2/ARID4A/SPINT2/VCL/ACTB/RNF7/GOLPH3/IL16/GAS6/ARHGAP4/LGMN/RBBP4/TUBGCP2/DGKZ/RREB1/MEF2C/IL17RA/JAK2/PLCG2/CD44/ANO6/BSG/PSMA6/HEXB/MAPK1/CUL3/SUDS3/ARF6/PHB2/XBP1/VAV1/FOXP1/ACTR3/HDAC2/CORO1C/PPP1R9B/CCDC25/AIF1/ARRB2/STAT5A/CALR/SH3BP1/PRCP/DAB2/CSF1R/PSMB7/HSPA5/TIMP1/ITGB2/LGALS8/ROCK1/PSMB1/ATP5F1B/RCC2/ARHGEF2/ICAM2/KIF2A/PIK3CG/DDIT4/VSIR/ST3GAL4/STAT3/SINHCAF/TUBA1A/FLT3/USP33/ADAM10/CCAR1/ARPC5/CXCR4/AIMP1/ATP8A1/GRN/CD2AP/CDK6/TRADD/RBBP7/PTPRJ/MRTFA/GLUL/PLVAP/MYO1G/ARF4/SOD2/FERMT3/SELPLG/SPN/CCDC88A/ITGAL/RHOB/ITGB7/ABI3/CORO7/HMGB1/RHOC/MAPRE2/LDLRAD4/GPR183/CDC42",0.575610261071129
"GO:0070935","3'-UTR-mediated mRNA stabilization",13,-0.608755931305332,-1.62879414115601,0.0141512359190311,0.26691191549491,0.238306768903898,785,"tags=46%, list=19%, signal=38%","HNRNPC/ANGEL2/MYD88/RBM47/ZFP36/HNRNPA0",0.380730400722792
"GO:0032615","interleukin-12 production",18,-0.545514905434513,-1.62721971020821,0.0181303053474699,0.299882363038753,0.267743749298422,715,"tags=33%, list=17%, signal=28%","IL16/PLCG2/FOXP1/ARRB2/LAPTM5/HMGB1",0.352487857583619
"GO:0032655","regulation of interleukin-12 production",18,-0.545514905434513,-1.62721971020821,0.0181303053474699,0.299882363038753,0.267743749298422,715,"tags=33%, list=17%, signal=28%","IL16/PLCG2/FOXP1/ARRB2/LAPTM5/HMGB1",0.352487857583619
"GO:0000910","cytokinesis",67,-0.400222205547995,-1.62343488973263,0.00563301893240697,0.178770974470234,0.159611957453488,686,"tags=27%, list=16%, signal=23%","SPART/SEPTIN6/CHMP3/CALM3/CUL3/ARF6/SEPTIN7/EXOC6/PDCD6IP/ROCK1/ARF1/IQGAP2/BECN1/CHMP1B/RHOB/SNX18/RHOC/CDC42",0.407017918923954
"GO:0016239","positive regulation of macroautophagy",34,-0.45583577177957,-1.62291389508004,0.0132841503270317,0.260983851322909,0.233014019735824,461,"tags=35%, list=11%, signal=32%","CSNK2A1/WAC/UFL1/HUWE1/PIP4K2A/ATP5IF1/DELE1/ULK1/USP33/UBE2A/BECN1/SNX18",0.380730400722792
"GO:0017148","negative regulation of translation",64,-0.404336433333992,-1.62273770270118,0.00507716831091545,0.174557881927664,0.155850385142071,1084,"tags=44%, list=26%, signal=33%","TPR/MALSU1/CELF1/CIRBP/YBX1/XRN1/BTG2/PAIP2/LSM14A/DDX6/DDX3X/EIF2AK1/SERBP1/HELZ/SYNCRIP/TNRC6B/TOB1/CSNK2A1/CALR/EIF4E2/SRP9/ZFP36/EIF2S1/ZFP36L2/RGS2/EIF4A3/DAPK1/EIF2AK4",0.407017918923954
"GO:0030036","actin cytoskeleton organization",191,-0.338786541683274,-1.62061126494801,0.000277823047920702,0.0445751645774994,0.0397980113556448,1195,"tags=39%, list=29%, signal=29%","ACTG1/SHTN1/PREX1/EHBP1L1/VASP/NRP1/TTC17/ARPC5L/GMFG/WIPF1/HCK/PAK2/PIK3R1/DNM2/FLNA/NAA20/TPM4/WAS/WASF2/ZEB2/MKLN1/CORO1A/LCP1/TLN1/TRIM27/MSRB2/ACTB/DSTN/FLNB/ACAP1/JAK2/RHOH/CUL3/PARVG/ARF6/TAOK1/GSN/ACTR3/CORO1C/ARHGAP25/PPP1R9B/AIF1/SSH2/SH3BP1/CSF1R/COTL1/HSP90B1/PDCD6IP/WASHC4/CAPZB/ROCK1/ARF1/RAP1GDS1/ARHGEF2/MARCKSL1/ARPC5/AKAP13/CD2AP/FCHSD2/GRB2/IQGAP2/MRTFA/ALDOA/MYO1G/CYTH2/CCDC88A/RHOB/ABI3/ACTR2/CFLAR/CORO7/BIN1/RHOC/CDC42",0.49849310876659
"GO:0031109","microtubule polymerization or depolymerization",39,-0.446034969621976,-1.62041579986603,0.0121429319921498,0.250491339952347,0.223645998537634,1306,"tags=54%, list=31%, signal=37%","MZT2A/MAP1A/CKAP5/SNCA/MZT1/PPP2CA/AKAP9/ARL2/PCNT/CKAP2/FES/ACTB/TUBGCP2/TAOK1/ARHGEF2/KIF2A/TUBA1A/ZNF207/MAP4/GOLGA2/MAPRE2",0.380730400722792
"GO:1905168","positive regulation of double-strand break repair via homologous recombination",17,-0.55530575622275,-1.62014352617459,0.0167413036552534,0.288806869402698,0.257855224473556,983,"tags=65%, list=24%, signal=50%","RNF126/WAS/ARID2/ACTB/EP400/MEAF6/MORF4L2/FUS/NBN/ACTR2/MORF4L1",0.352487857583619
"GO:0010001","glial cell differentiation",37,-0.452521459559866,-1.61898519981283,0.0092171389187797,0.223689892415427,0.199716881875202,760,"tags=41%, list=18%, signal=33%","C1QA/DICER1/MAPK1/HDAC2/SIRT2/STAT3/TUBA1A/CXCR4/GRN/TNFRSF21/GRB2/CDK6/NDRG1/TNFRSF1B/BIN1",0.380730400722792
"GO:0002407","dendritic cell chemotaxis",12,-0.608161943683005,-1.61756007073886,0.0253558786426497,0.32103730001035,0.286631496092038,714,"tags=50%, list=17%, signal=42%","GAS6/CALR/PIK3CG/CXCR4/HMGB1/GPR183",0.352487857583619
"GO:0032943","mononuclear cell proliferation",84,-0.389794842810883,-1.61721397571565,0.00275289504458571,0.125992473804186,0.112489767580485,656,"tags=27%, list=16%, signal=24%","LST1/MZB1/MEF2C/JAK2/BTK/HLA-DPB1/VAV1/AIF1/LILRB2/PIK3CG/VSIR/FLT3/TNFSF13/TNFRSF21/PRKAR1A/SPN/TNFRSF1B/NFKBIZ/HLA-DPA1/LAPTM5/HMGB1/BTN3A1/GPR183",0.431707695803346
"GO:0046651","lymphocyte proliferation",84,-0.389794842810883,-1.61721397571565,0.00275289504458571,0.125992473804186,0.112489767580485,656,"tags=27%, list=16%, signal=24%","LST1/MZB1/MEF2C/JAK2/BTK/HLA-DPB1/VAV1/AIF1/LILRB2/PIK3CG/VSIR/FLT3/TNFSF13/TNFRSF21/PRKAR1A/SPN/TNFRSF1B/NFKBIZ/HLA-DPA1/LAPTM5/HMGB1/BTN3A1/GPR183",0.431707695803346
"GO:0006641","triglyceride metabolic process",15,0.547208308559423,1.61710936762589,0.0235454466514887,0.320140240524904,0.285830575132422,612,"tags=40%, list=15%, signal=34%","CTDNEP1/PLAAT3/SCARB1/MBOAT7/PNPLA2/DGAT1",0.352487857583619
"GO:0032570","response to progesterone",11,-0.607739342338223,-1.61189641092506,0.0249253071185292,0.320485753503178,0.286139059230309,221,"tags=27%, list=5%, signal=26%","ABHD2/FOS/FOSB",0.352487857583619
"GO:0019882","antigen processing and presentation",51,-0.417519399888659,-1.60852739558704,0.0200407903824533,0.30462001381329,0.271973662549696,1026,"tags=43%, list=25%, signal=33%","CTSD/DNM2/RAB6A/WAS/AP3B1/WDFY4/IFI30/LGMN/HLA-DRA/LNPEP/CD68/TAPBP/HLA-F/RAB10/HLA-DMA/HLA-DPB1/PDIA3/CALR/LILRB2/CD8A/TAP1/HLA-DPA1",0.352487857583619
"GO:0098534","centriole assembly",10,0.61542380759609,1.60714070325646,0.0353082452501403,0.392193124163097,0.350161498156927,878,"tags=60%, list=21%, signal=48%","PPP1R35/KAT2A/E2F4/CEP120/RBM14/CHMP2A",0.321775918075361
"GO:0022008","neurogenesis",304,-0.316819790128192,-1.60462631307747,0.00010457455783489,0.0201340882018108,0.0179763031384453,809,"tags=27%, list=19%, signal=23%","BCL11A/FBXO7/ACTB/SPEN/FRYL/RNF7/C1QA/RB1/NIF3L1/DICER1/ARHGAP4/BTBD1/TUBGCP2/RTN3/LST1/MEF2C/JAK2/RUNX2/BSG/RAB8A/HEXB/MAPK1/ANXA2/ARF6/TAOK1/ACSL4/NAP1L1/APLP2/BLOC1S1/XBP1/RUNX1/RAB10/TRAPPC4/HDAC2/PPP1R9B/PPP1R12A/BHLHE40/RAPGEF1/CALR/DAB2/CSF1R/SIRT2/ITM2C/ROCK1/MEF2A/ARHGEF2/RTCA/DDIT4/STAT3/YWHAG/ULK1/SRRT/TUBA1A/USP33/CXCR4/GRN/NREP/TNFRSF21/UGCG/GRB2/CDK6/SETX/NDRG1/PTPRJ/ARF4/YWHAZ/MAP4/CCDC88A/TNFRSF1B/ABI3/RGS2/CUX1/CFLAR/BIN1/EIF2AK4/ZDHHC17/HMGB1/AREG/ACSL3/GPR183/CDC42/FOS",0.538434096309916
"GO:0032735","positive regulation of interleukin-12 production",10,-0.631459879944481,-1.60404385991732,0.0217195013399932,0.317272438156397,0.283270117256172,715,"tags=40%, list=17%, signal=33%","IL16/PLCG2/LAPTM5/HMGB1",0.352487857583619
"GO:0009743","response to carbohydrate",49,0.409744151682898,1.59996263621929,0.00528973252596769,0.175594799252812,0.15677617527369,247,"tags=20%, list=6%, signal=19%","NCF1/GSTP1/SERPINF1/CYBA/DYNLL1/GNAS/TGFB1/SMARCB1/BAD/PFKL",0.407017918923954
"GO:0060996","dendritic spine development",21,-0.502019035570339,-1.59275185778335,0.0180764093071576,0.299882363038753,0.267743749298422,635,"tags=29%, list=15%, signal=24%","MEF2C/ARF6/HDAC2/ARF4/ABI3/CDC42",0.352487857583619
"GO:0032147","activation of protein kinase activity",12,-0.597419552908032,-1.5889879731876,0.0340580612726773,0.38475253520738,0.343518322600335,714,"tags=42%, list=17%, signal=35%","GAS6/JAK2/PRKAR1A/CCDC88A/TNFRSF1B",0.321775918075361
"GO:0009152","purine ribonucleotide biosynthetic process",93,0.356206324501795,1.58794640257845,0.00528125079127967,0.175594799252812,0.15677617527369,483,"tags=27%, list=12%, signal=24%","MT-ND4/NDUFA2/NDUFA3/NDUFB5/ATP5MF/ATP5F1D/NDUFB4/ATP5PF/ATP5ME/TGFB1/MT-ND2/NDUFA1/NDUFS4/NDUFB2/ATP5F1E/ATP5MC3/ATP5MC2/AK2/ATP5MG/NME2/NDUFA7/ATP5MC1/NDUFA11/NDUFB11/NDUFA8",0.407017918923954
"GO:0051384","response to glucocorticoid",30,-0.464679525879114,-1.58627031178366,0.0212832370712476,0.313601982968179,0.279993027454134,229,"tags=27%, list=5%, signal=25%","FLT3/MT-ND3/ZFP36/ZFP36L2/CFLAR/AREG/FOS/FOSB",0.352487857583619
"GO:0046390","ribose phosphate biosynthetic process",98,0.348432687364,1.58488930296482,0.00499115160649569,0.173668022163368,0.155055892304186,483,"tags=27%, list=12%, signal=24%","MT-ND4/NDUFA2/NDUFA3/NDUFB5/ATP5MF/ATP5F1D/NDUFB4/ATP5PF/ATP5ME/TGFB1/MT-ND2/NDUFA1/NDUFS4/NDUFB2/ATP5F1E/ATP5MC3/ATP5MC2/AK2/ATP5MG/NME2/NDUFA7/CDA/ATP5MC1/NDUFA11/NDUFB11/NDUFA8",0.407017918923954
"GO:0007338","single fertilization",10,-0.623058723101012,-1.58270311527309,0.0265459769465924,0.331882170656964,0.296314113963119,579,"tags=50%, list=14%, signal=43%","HEXB/ITPR1/ABHD2/VDAC2/ALDOA",0.352487857583619
"GO:0009566","fertilization",10,-0.623058723101012,-1.58270311527309,0.0265459769465924,0.331882170656964,0.296314113963119,579,"tags=50%, list=14%, signal=43%","HEXB/ITPR1/ABHD2/VDAC2/ALDOA",0.352487857583619
"GO:0009260","ribonucleotide biosynthetic process",97,0.348811166974649,1.58192141924202,0.00287932938749178,0.125992473804186,0.112489767580485,483,"tags=27%, list=12%, signal=24%","MT-ND4/NDUFA2/NDUFA3/NDUFB5/ATP5MF/ATP5F1D/NDUFB4/ATP5PF/ATP5ME/TGFB1/MT-ND2/NDUFA1/NDUFS4/NDUFB2/ATP5F1E/ATP5MC3/ATP5MC2/AK2/ATP5MG/NME2/NDUFA7/CDA/ATP5MC1/NDUFA11/NDUFB11/NDUFA8",0.431707695803346
"GO:0050830","defense response to Gram-positive bacterium",19,0.507387244137831,1.5816626583648,0.0240146702004292,0.320485753503178,0.286139059230309,1023,"tags=53%, list=24%, signal=40%","FAU/ROMO1/IL7R/B2M/LYZ/RPL39/DROSHA/HLA-A/GSDMD/TNFRSF14",0.352487857583619
"GO:0110020","regulation of actomyosin structure organization",24,-0.497090098119778,-1.58046262483936,0.0196134050213469,0.301295285647074,0.26900524795005,1195,"tags=46%, list=29%, signal=33%","ACTG1/NRP1/PAK2/PIK3R1/WAS/WASF2/ROCK1/AKAP13/CCDC88A/RHOC/CDC42",0.352487857583619
"GO:0032945","negative regulation of mononuclear cell proliferation",23,-0.492384574883884,-1.57715513370237,0.0305554120452568,0.361251938795329,0.322536302416312,833,"tags=39%, list=20%, signal=32%","PRNP/CEBPB/LST1/LILRB2/VSIR/TNFRSF21/PRKAR1A/SPN/LAPTM5",0.352487857583619
"GO:0050672","negative regulation of lymphocyte proliferation",23,-0.492384574883884,-1.57715513370237,0.0305554120452568,0.361251938795329,0.322536302416312,833,"tags=39%, list=20%, signal=32%","PRNP/CEBPB/LST1/LILRB2/VSIR/TNFRSF21/PRKAR1A/SPN/LAPTM5",0.352487857583619
"GO:0002313","mature B cell differentiation involved in immune response",13,-0.588113543934205,-1.57356313989501,0.0212720958816788,0.313601982968179,0.279993027454134,538,"tags=46%, list=13%, signal=40%","XBP1/IRF8/JMJD1C/STAT3/NFKBIZ/GPR183",0.352487857583619
"GO:0002335","mature B cell differentiation",13,-0.588113543934205,-1.57356313989501,0.0212720958816788,0.313601982968179,0.279993027454134,538,"tags=46%, list=13%, signal=40%","XBP1/IRF8/JMJD1C/STAT3/NFKBIZ/GPR183",0.352487857583619
"GO:0051346","negative regulation of hydrolase activity",11,-0.591949079511032,-1.57001617345222,0.0341054878854187,0.38475253520738,0.343518322600335,358,"tags=36%, list=9%, signal=33%","TIMP1/TMED2/ATP5IF1/RCC2",0.321775918075361
"GO:0007015","actin filament organization",143,-0.341035162322788,-1.56953305593265,0.00172895893733169,0.10840867805935,0.0967904401778545,1195,"tags=39%, list=29%, signal=29%","ACTG1/SHTN1/PREX1/VASP/NRP1/TTC17/ARPC5L/GMFG/WIPF1/HCK/PAK2/PIK3R1/DNM2/FLNA/TPM4/WAS/WASF2/ZEB2/CORO1A/LCP1/TRIM27/MSRB2/DSTN/JAK2/RHOH/CUL3/ARF6/GSN/ACTR3/CORO1C/ARHGAP25/PPP1R9B/AIF1/SSH2/SH3BP1/COTL1/HSP90B1/WASHC4/CAPZB/ROCK1/ARF1/ARHGEF2/MARCKSL1/ARPC5/CD2AP/FCHSD2/IQGAP2/ALDOA/MYO1G/CCDC88A/RHOB/ACTR2/CORO7/BIN1/RHOC/CDC42",0.45505986738723
"GO:0006164","purine nucleotide biosynthetic process",104,0.340830773037869,1.56802961514376,0.00595863526211719,0.183069559968026,0.163449860377142,483,"tags=25%, list=12%, signal=23%","MT-ND4/NDUFA2/NDUFA3/NAPRT/NDUFB5/ATP5MF/ATP5F1D/NDUFB4/ATP5PF/ATP5ME/TGFB1/MT-ND2/NDUFA1/NDUFS4/NDUFB2/ATP5F1E/ATP5MC3/ATP5MC2/AK2/ATP5MG/NME2/NDUFA7/ATP5MC1/NDUFA11/NDUFB11/NDUFA8",0.407017918923954
"GO:0010569","regulation of double-strand break repair via homologous recombination",28,-0.47627574734006,-1.56791440759531,0.0120398906298578,0.250152547762802,0.223343514956596,1014,"tags=50%, list=24%, signal=38%","PPP4R2/RNF126/WAS/ARID2/ACTB/TERF2IP/EP400/CSNK2A1/MEAF6/MORF4L2/FUS/NBN/ACTR2/MORF4L1",0.380730400722792
"GO:0034198","cellular response to amino acid starvation",17,-0.536451368764689,-1.56513452719005,0.0246022710759977,0.320485753503178,0.286139059230309,1158,"tags=47%, list=28%, signal=34%","ATF4/RNF167/RRAGA/SLC38A2/MAPK1/EIF2S1/BECN1/EIF2AK4",0.352487857583619
"GO:0030182","neuron differentiation",244,-0.314516407101733,-1.56473307041262,0.000657975197879873,0.0767623368343916,0.0685356606526821,826,"tags=27%, list=20%, signal=23%","BTG2/BCL11A/FBXO7/ACTB/FRYL/C1QA/RB1/NIF3L1/DICER1/ARHGAP4/RTN3/LST1/MEF2C/JAK2/RUNX2/BSG/RAB8A/ARF6/TAOK1/ACSL4/APLP2/BLOC1S1/XBP1/RUNX1/RAB10/TRAPPC4/HDAC2/PPP1R9B/PPP1R12A/RAPGEF1/CALR/DAB2/CSF1R/ITM2C/ROCK1/MEF2A/ARHGEF2/RTCA/DDIT4/STAT3/YWHAG/ULK1/TUBA1A/USP33/GRN/NREP/TNFRSF21/UGCG/SETX/PTPRJ/ARF4/YWHAZ/MAP4/CCDC88A/ABI3/RGS2/CUX1/CFLAR/BIN1/EIF2AK4/ZDHHC17/HMGB1/AREG/ACSL3/CDC42/FOS",0.477270815362862
"GO:0050000","chromosome localization",34,-0.437891308521407,-1.55902615180852,0.0228517323673363,0.317272438156397,0.283270117256172,844,"tags=35%, list=20%, signal=28%","EML4/DCTN2/RB1/CHMP3/CUL3/KPNB1/SIRT2/RCC2/ZNF207/BECN1/CHMP1B/CDC42",0.352487857583619
"GO:0051310","metaphase chromosome alignment",34,-0.437891308521407,-1.55902615180852,0.0228517323673363,0.317272438156397,0.283270117256172,844,"tags=35%, list=20%, signal=28%","EML4/DCTN2/RB1/CHMP3/CUL3/KPNB1/SIRT2/RCC2/ZNF207/BECN1/CHMP1B/CDC42",0.352487857583619
"GO:1902743","regulation of lamellipodium organization",22,-0.49734240460085,-1.55884500308033,0.0228009257868884,0.317272438156397,0.283270117256172,1022,"tags=45%, list=24%, signal=35%","PIK3R1/WAS/WASF2/RREB1/CD44/ACTR3/CORO1C/ABI3/ACTR2/CDC42",0.352487857583619
"GO:0031929","TOR signaling",70,-0.389360818844593,-1.55800863474322,0.00582490116279148,0.181570003423892,0.162111012412417,897,"tags=36%, list=21%, signal=29%","UBE2N/LAMTOR4/STAMBPL1/RRAGA/PDCD6/PIH1D1/FBXO9/NPC1/RHEB/GOLPH3/PRKACB/GAS6/RPS6/RPS6KB2/CUL3/XBP1/PIM1/WAC/OTUD5/DDIT4/YWHAG/UBE2W/YWHAZ/CCDC88A/MAT2A",0.407017918923954
"GO:0055001","muscle cell development",19,-0.511892645491937,-1.55468189490924,0.0311466841156855,0.365657007016665,0.326469276231592,507,"tags=32%, list=12%, signal=28%","FOXP1/MEF2A/AKAP13/RGS2/CFLAR/BIN1",0.352487857583619
"GO:0048193","Golgi vesicle transport",148,-0.331239736291229,-1.55168799756988,0.00547829547376587,0.177238720305239,0.158243916096015,958,"tags=32%, list=23%, signal=25%","SEC23B/USE1/RAB6A/RABEP1/GOLGA4/COPA/RAB1A/PDCD6/BICD2/GOLPH3/EPS15/MON2/SEC31A/CNIH4/ERGIC2/STX10/PEF1/RAB8A/RAB4B/CUL3/SCAMP2/KDELR1/ARCN1/TAPBP/TMED9/RAB10/TRAPPC4/SEC16A/USO1/ARF3/EXOC6/TMED2/LAMP1/RAB1B/TBC1D14/SYS1/CNST/KDELR2/CREB3L2/ARF4/VAMP5/GOLGA2/LAPTM5/CUX1/CORO7/COPG1/ACSL3",0.407017918923954
"GO:0048699","generation of neurons",254,-0.312505583438552,-1.55002465583414,0.000681813913800123,0.0767623368343916,0.0685356606526821,826,"tags=27%, list=20%, signal=23%","BTG2/BCL11A/FBXO7/ACTB/FRYL/RNF7/C1QA/RB1/NIF3L1/DICER1/ARHGAP4/TUBGCP2/RTN3/LST1/MEF2C/JAK2/RUNX2/BSG/RAB8A/ARF6/TAOK1/ACSL4/APLP2/BLOC1S1/XBP1/RUNX1/RAB10/TRAPPC4/HDAC2/PPP1R9B/PPP1R12A/RAPGEF1/CALR/DAB2/CSF1R/ITM2C/ROCK1/MEF2A/ARHGEF2/RTCA/DDIT4/STAT3/YWHAG/ULK1/TUBA1A/USP33/GRN/NREP/TNFRSF21/UGCG/CDK6/SETX/PTPRJ/ARF4/YWHAZ/MAP4/CCDC88A/ABI3/RGS2/CUX1/CFLAR/BIN1/EIF2AK4/ZDHHC17/HMGB1/AREG/ACSL3/CDC42/FOS",0.477270815362862
"GO:0032755","positive regulation of interleukin-6 production",32,-0.447120615434183,-1.54912558769411,0.0242902761462402,0.320485753503178,0.286139059230309,715,"tags=44%, list=17%, signal=37%","IL16/IL17RA/PLCG2/BSG/XBP1/BTK/DHX9/AIF1/MYD88/LILRB2/ARHGEF2/STAT3/LAPTM5/HMGB1",0.352487857583619
"GO:0032635","interleukin-6 production",46,-0.409896353493166,-1.54905473002741,0.0158732261293005,0.277829557947999,0.248054359573349,715,"tags=35%, list=17%, signal=29%","IL16/GAS6/IL17RA/PLCG2/BSG/XBP1/BTK/DHX9/AIF1/ARRB2/MYD88/LILRB2/ARHGEF2/STAT3/LAPTM5/HMGB1",0.352487857583619
"GO:0032675","regulation of interleukin-6 production",46,-0.409896353493166,-1.54905473002741,0.0158732261293005,0.277829557947999,0.248054359573349,715,"tags=35%, list=17%, signal=29%","IL16/GAS6/IL17RA/PLCG2/BSG/XBP1/BTK/DHX9/AIF1/ARRB2/MYD88/LILRB2/ARHGEF2/STAT3/LAPTM5/HMGB1",0.352487857583619
"GO:0032613","interleukin-10 production",23,-0.481985680860833,-1.54384647634415,0.0384321956216515,0.404382239249245,0.361044296800785,601,"tags=35%, list=14%, signal=30%","PLCG2/BTK/IRF4/RBM47/VSIR/STAT3/TNFRSF21/HMGB1",0.321775918075361
"GO:0032653","regulation of interleukin-10 production",23,-0.481985680860833,-1.54384647634415,0.0384321956216515,0.404382239249245,0.361044296800785,601,"tags=35%, list=14%, signal=30%","PLCG2/BTK/IRF4/RBM47/VSIR/STAT3/TNFRSF21/HMGB1",0.321775918075361
"GO:0016358","dendrite development",42,-0.42077529871844,-1.54362829981729,0.0219971314272277,0.317272438156397,0.283270117256172,1389,"tags=50%, list=33%, signal=34%","SEMA4D/BAIAP2/DOCK10/MAP1A/ABI2/GSK3B/KCTD12/PREX1/NRP1/PICALM/BCL11A/LST1/MEF2C/ARF6/TRAPPC4/HDAC2/MEF2A/ARF4/ABI3/CUX1/CDC42",0.352487857583619
"GO:1902410","mitotic cytokinetic process",21,-0.48626018338188,-1.54275387101142,0.027354365183733,0.33760430192573,0.301423000208887,686,"tags=33%, list=16%, signal=28%","SPART/CHMP3/ARF6/PDCD6IP/ARF1/IQGAP2/CHMP1B",0.352487857583619
"GO:0051591","response to cAMP",20,-0.502411096339936,-1.54142916420441,0.0331037860215843,0.37956523897894,0.338886952729661,643,"tags=35%, list=15%, signal=30%","RAP1B/BSG/RAPGEF1/TIFAB/AREG/FOS/FOSB",0.321775918075361
"GO:0032006","regulation of TOR signaling",58,-0.388430814464326,-1.54108352700393,0.0112990306147723,0.241715558633055,0.215810724166574,897,"tags=38%, list=21%, signal=30%","UBE2N/LAMTOR4/STAMBPL1/RRAGA/PDCD6/PIH1D1/FBXO9/NPC1/RHEB/GOLPH3/PRKACB/GAS6/CUL3/XBP1/PIM1/WAC/OTUD5/DDIT4/YWHAG/UBE2W/YWHAZ/MAT2A",0.380730400722792
"GO:0046636","negative regulation of alpha-beta T cell activation",12,-0.579378952968693,-1.54100444771851,0.0493360679866989,0.458143293715712,0.409043739459667,533,"tags=42%, list=13%, signal=36%","RUNX1/STAT5A/SOCS1/VSIR/HMGB1",0.321775918075361
"GO:0072678","T cell migration",25,-0.470769093373262,-1.53929389562645,0.0337985712820284,0.384292416781488,0.343107515405069,480,"tags=28%, list=11%, signal=25%","AIF1/PIK3CG/ADAM10/MYO1G/SPN/ITGAL/GPR183",0.321775918075361
"GO:0042149","cellular response to glucose starvation",16,-0.524833728830448,-1.53845260668918,0.0324392137533179,0.374737797278328,0.334576871511999,1158,"tags=56%, list=28%, signal=41%","ATF4/SLC7A5/PMAIP1/HNRNPA1/XBP1/HSPA5/YWHAG/BECN1/YWHAZ",0.321775918075361
"GO:0040012","regulation of locomotion",242,-0.310835132339957,-1.53744243703157,0.000877131965212924,0.0767623368343916,0.0685356606526821,819,"tags=29%, list=20%, signal=24%","DNM1L/PDCD6/ARID2/ARID4A/SPINT2/VCL/FBXO7/RNF7/IL16/GAS6/ARHGAP4/LGMN/RBBP4/RREB1/MEF2C/JAK2/PLCG2/ANO6/BSG/MAPK1/SUDS3/ARF6/XBP1/FOXP1/HDAC2/CORO1C/CCDC25/AIF1/STAT5A/CALR/SH3BP1/PRCP/DAB2/CSF1R/HSPA5/TIMP1/ROCK1/ATP5F1B/RCC2/ARHGEF2/KIF2A/PIK3CG/VSIR/ST3GAL4/STAT3/SINHCAF/ADAM10/CCAR1/CXCR4/ATP8A1/GRN/CDK6/PTPN2/TRADD/RBBP7/PTPRJ/GLUL/PLVAP/SOD2/FERMT3/SPN/RHOB/ABI3/HMGB1/RHOC/MAPRE2/LDLRAD4/GPR183/CDC42",0.477270815362862
"GO:0007422","peripheral nervous system development",10,-0.604370048107661,-1.53522986269573,0.0396351496889029,0.411511792768993,0.36740977081819,717,"tags=60%, list=17%, signal=50%","DICER1/MAPK1/RUNX1/SIRT2/GRB2/NDRG1",0.321775918075361
"GO:0097581","lamellipodium organization",33,-0.441387244432786,-1.53491818586495,0.0317906945015361,0.369634222798076,0.330020250868091,1022,"tags=42%, list=24%, signal=32%","PIK3R1/WAS/WASF2/SNX2/VCL/GOLPH3/RREB1/CD44/ACTR3/CORO1C/CCDC88A/ABI3/ACTR2/CDC42",0.321775918075361
"GO:0009165","nucleotide biosynthetic process",111,0.335928061415872,1.53363640135667,0.00471460783822923,0.170197342960075,0.151957168347613,483,"tags=24%, list=12%, signal=22%","MT-ND4/NDUFA2/NDUFA3/NAPRT/NDUFB5/ATP5MF/ATP5F1D/NDUFB4/ATP5PF/ATP5ME/TGFB1/MT-ND2/NDUFA1/NDUFS4/NDUFB2/ATP5F1E/ATP5MC3/ATP5MC2/AK2/ATP5MG/NME2/NDUFA7/CDA/ATP5MC1/NDUFA11/NDUFB11/NDUFA8",0.407017918923954
"GO:2000785","regulation of autophagosome assembly",16,-0.523090382663131,-1.53334231116483,0.0342581835371935,0.384971338737022,0.343713676794535,347,"tags=44%, list=8%, signal=40%","PIP4K2A/ULK1/RAB1B/USP33/TBC1D14/BECN1/SNX18",0.321775918075361
"GO:0030029","actin filament-based process",207,-0.317958216420504,-1.53300015882248,0.000835536394693315,0.0767623368343916,0.0685356606526821,1195,"tags=37%, list=29%, signal=28%","ACTG1/SHTN1/PREX1/EHBP1L1/VASP/NRP1/TTC17/ARPC5L/GMFG/WIPF1/HCK/AKAP9/PAK2/PIK3R1/DNM2/FLNA/NAA20/TPM4/WAS/WASF2/ZEB2/MKLN1/CORO1A/LCP1/PDE4B/TLN1/TRIM27/MSRB2/ACTB/DSTN/FLNB/ACAP1/JAK2/RHOH/CUL3/PARVG/ARF6/TAOK1/GSN/ACTR3/CORO1C/ARHGAP25/PPP1R9B/AIF1/SSH2/SH3BP1/CSF1R/COTL1/HSP90B1/PDCD6IP/WASHC4/ATP2A2/CAPZB/ROCK1/ARF1/RAP1GDS1/ARHGEF2/MARCKSL1/ARPC5/AKAP13/CD2AP/FCHSD2/GRB2/IQGAP2/MRTFA/ALDOA/MYO1G/CYTH2/CCDC88A/RHOB/ABI3/ACTR2/CFLAR/CORO7/BIN1/RHOC/CDC42",0.477270815362862
"GO:0071559","response to transforming growth factor beta",67,-0.377878292500736,-1.53280051834785,0.0128900306838214,0.260324535768365,0.232425363514912,691,"tags=31%, list=17%, signal=27%","RBBP4/MEF2C/SUDS3/XBP1/HDAC2/ARRB2/DAB2/JUN/ROCK1/STAT3/SINHCAF/CDKN1C/NREP/FKBP1A/RBBP7/APAF1/NFKBIZ/ZFP36L2/CFLAR/LDLRAD4/FOS",0.380730400722792
"GO:0044088","regulation of vacuole organization",20,-0.499266951508211,-1.53178272809778,0.0356259056936214,0.393207383798364,0.351067058839978,347,"tags=40%, list=8%, signal=37%","PIP4K2A/ULK1/RAB1B/USP33/TBC1D14/GRN/BECN1/SNX18",0.321775918075361
"GO:0007266","Rho protein signal transduction",35,-0.430346679214454,-1.52841489181507,0.030646372924119,0.361251938795329,0.322536302416312,1189,"tags=43%, list=28%, signal=31%","SHTN1/PIN1/NRP1/RIPOR1/TAGAP/WAS/ARHGDIB/CHORDC1/ARHGAP4/CUL3/ROCK1/ARHGEF2/AKAP13/CDC42SE1/RHOB",0.352487857583619
"GO:0001678","intracellular glucose homeostasis",38,0.414361547729981,1.52785491505055,0.0184225511725978,0.299882363038753,0.267743749298422,683,"tags=32%, list=16%, signal=27%","NCF1/SERPINF1/CYBA/DYNLL1/GNAS/TGFB1/SMARCB1/BAD/OSBP/PIM3/RACK1/PHPT1",0.352487857583619
"GO:0097435","supramolecular fiber organization",222,-0.310855882194322,-1.52722370933585,0.00178141730580748,0.10840867805935,0.0967904401778545,1195,"tags=37%, list=29%, signal=28%","ACTG1/SHTN1/PREX1/VASP/NRP1/TTC17/CD36/ARPC5L/GMFG/WIPF1/MZT1/HCK/PPP2CA/AKAP9/PAK2/RAB11A/PIK3R1/USP8/DNM2/FLNA/TPM4/ARL2/WAS/WASF2/PCNT/ZEB2/CKAP2/FES/CORO1A/LCP1/TLN1/TRIM27/MSRB2/ACTB/DSTN/TUBGCP2/JAK2/RHOH/CUL3/ARF6/TAOK1/GSN/ACTR3/CORO1C/ARHGAP25/PPP1R9B/AIF1/SSH2/SH3BP1/KPNB1/COTL1/HSP90B1/WASHC4/CAPZB/ROCK1/ARF1/RAP1GDS1/AGFG1/ARHGEF2/KIF2A/MARCKSL1/TUBA1A/FUS/ARPC5/AKAP13/CD2AP/FCHSD2/FKBP1A/IQGAP2/ZNF207/ALDOA/MYO1G/SIAH2/MAP4/CCDC88A/RHOB/ACTR2/GOLGA2/CFLAR/CORO7/BIN1/RHOC/CDC42",0.45505986738723
"GO:0070661","leukocyte proliferation",94,-0.355462527006251,-1.52586721691494,0.0101194436566808,0.234769641141321,0.209609205768794,656,"tags=27%, list=16%, signal=23%","LST1/MZB1/MEF2C/JAK2/MAPK1/BTK/HLA-DPB1/VAV1/AIF1/CSF1R/LILRB2/PIK3CG/VSIR/FLT3/TNFSF13/TNFRSF21/PRKAR1A/SPN/TNFRSF1B/NFKBIZ/HLA-DPA1/LAPTM5/HMGB1/BTN3A1/GPR183",0.380730400722792
"GO:0051492","regulation of stress fiber assembly",23,-0.475986197548983,-1.52462955447555,0.0426687324078736,0.430767027826834,0.384601408151468,1195,"tags=43%, list=29%, signal=31%","ACTG1/NRP1/PAK2/PIK3R1/WAS/WASF2/ROCK1/CCDC88A/RHOC/CDC42",0.321775918075361
"GO:2000147","positive regulation of cell motility",146,-0.326828029414913,-1.51930135856064,0.00621555978759749,0.185837681986485,0.165921320719883,603,"tags=25%, list=14%, signal=22%","JAK2/PLCG2/ANO6/BSG/MAPK1/ARF6/XBP1/FOXP1/CCDC25/AIF1/STAT5A/CALR/DAB2/CSF1R/HSPA5/ATP5F1B/ARHGEF2/PIK3CG/VSIR/STAT3/ADAM10/CCAR1/CXCR4/ATP8A1/GRN/TRADD/PTPRJ/PLVAP/SOD2/FERMT3/SPN/RHOB/HMGB1/RHOC/MAPRE2/CDC42",0.407017918923954
"GO:0030335","positive regulation of cell migration",141,-0.330986455130319,-1.51799021305259,0.00399980661081166,0.152337630408966,0.136011494346078,639,"tags=26%, list=15%, signal=22%","RREB1/JAK2/PLCG2/ANO6/BSG/MAPK1/ARF6/XBP1/FOXP1/AIF1/STAT5A/CALR/DAB2/CSF1R/HSPA5/ATP5F1B/ARHGEF2/PIK3CG/VSIR/STAT3/ADAM10/CCAR1/CXCR4/ATP8A1/GRN/TRADD/PTPRJ/PLVAP/SOD2/FERMT3/SPN/RHOB/HMGB1/RHOC/MAPRE2/CDC42",0.407017918923954
"GO:0071496","cellular response to external stimulus",22,0.458175507984035,1.51770298503321,0.0393317429646912,0.411511792768993,0.36740977081819,431,"tags=27%, list=10%, signal=25%","CYBA/TLR7/TGFB1/BAD/SLC2A1/CDA",0.321775918075361
"GO:1903432","regulation of TORC1 signaling",39,-0.417372577593633,-1.51628720890814,0.0254562125008207,0.32103730001035,0.286631496092038,897,"tags=41%, list=21%, signal=33%","UBE2N/LAMTOR4/STAMBPL1/RRAGA/PIH1D1/NPC1/RHEB/PRKACB/CUL3/PIM1/WAC/OTUD5/YWHAG/UBE2W/YWHAZ/MAT2A",0.352487857583619
"GO:0030038","contractile actin filament bundle assembly",28,-0.45969975155127,-1.51334571968157,0.0193616200476868,0.299882363038753,0.267743749298422,1195,"tags=46%, list=29%, signal=33%","ACTG1/NRP1/PAK2/PIK3R1/DNM2/WAS/WASF2/ZEB2/CUL3/ROCK1/CCDC88A/RHOC/CDC42",0.352487857583619
"GO:0043149","stress fiber assembly",28,-0.45969975155127,-1.51334571968157,0.0193616200476868,0.299882363038753,0.267743749298422,1195,"tags=46%, list=29%, signal=33%","ACTG1/NRP1/PAK2/PIK3R1/DNM2/WAS/WASF2/ZEB2/CUL3/ROCK1/CCDC88A/RHOC/CDC42",0.352487857583619
"GO:0009205","purine ribonucleoside triphosphate metabolic process",126,0.316955422917189,1.51245356667347,0.00878356015181575,0.22261387778402,0.198756184524436,483,"tags=22%, list=12%, signal=20%","MT-ND4/NDUFA2/NDUFA3/NDUFB5/ATP5MF/ATP5F1D/NDUFB4/ATP5PF/ATP5ME/TGFB1/HSPA8/MT-ND2/BAD/NDUFA1/PFKL/NDUFS4/NDUFB2/ATP5F1E/ATP5MC3/ATP5MC2/AK2/ATP5MG/NME2/NDUFA7/ATP5MC1/NDUFA11/NDUFB11/NDUFA8",0.380730400722792
"GO:0042098","T cell proliferation",56,-0.385453490992369,-1.51175178144182,0.0173070285671001,0.293034281615138,0.261629581805275,603,"tags=25%, list=14%, signal=22%","JAK2/HLA-DPB1/AIF1/LILRB2/PIK3CG/VSIR/TNFRSF21/PRKAR1A/SPN/TNFRSF1B/HLA-DPA1/LAPTM5/HMGB1/BTN3A1",0.352487857583619
"GO:0046034","ATP metabolic process",118,0.324644816930652,1.5089244614132,0.00333155312077243,0.135514442433673,0.120991259818064,483,"tags=23%, list=12%, signal=21%","MT-ND4/NDUFA2/NDUFA3/NDUFB5/ATP5MF/ATP5F1D/NDUFB4/ATP5PF/ATP5ME/TGFB1/HSPA8/MT-ND2/BAD/NDUFA1/PFKL/NDUFS4/NDUFB2/ATP5F1E/ATP5MC3/ATP5MC2/AK2/ATP5MG/NDUFA7/ATP5MC1/NDUFA11/NDUFB11/NDUFA8",0.431707695803346
"GO:0030334","regulation of cell migration",224,-0.307142759615259,-1.50884178640305,0.00244859902731935,0.124062350717514,0.110766497206741,819,"tags=28%, list=20%, signal=24%","DNM1L/PDCD6/ARID2/ARID4A/VCL/RNF7/GAS6/ARHGAP4/LGMN/RBBP4/RREB1/MEF2C/JAK2/PLCG2/ANO6/BSG/MAPK1/SUDS3/ARF6/XBP1/FOXP1/HDAC2/CORO1C/AIF1/STAT5A/CALR/SH3BP1/PRCP/DAB2/CSF1R/HSPA5/TIMP1/ROCK1/ATP5F1B/RCC2/ARHGEF2/KIF2A/PIK3CG/VSIR/ST3GAL4/STAT3/SINHCAF/ADAM10/CCAR1/CXCR4/ATP8A1/GRN/TRADD/RBBP7/PTPRJ/GLUL/PLVAP/SOD2/FERMT3/SPN/RHOB/ABI3/HMGB1/RHOC/MAPRE2/LDLRAD4/GPR183/CDC42",0.431707695803346
"GO:0009267","cellular response to starvation",49,-0.392317799970109,-1.50823848651855,0.0172111115448884,0.293034281615138,0.261629581805275,1158,"tags=47%, list=28%, signal=34%","ATF4/RNF167/SLC7A5/LAMP2/PMAIP1/RIPOR1/PAK2/GABARAP/MAP1LC3B/HNRNPA1/RRAGA/SLC38A2/MAPK1/XBP1/SREBF2/HSPA5/YWHAG/EIF2S1/BECN1/YWHAZ/EIF2AK4/KLF10/FOS",0.352487857583619
"GO:0048708","astrocyte differentiation",13,-0.563607646299372,-1.50799488759758,0.0468164794007491,0.448487641642705,0.400422890731681,247,"tags=31%, list=6%, signal=29%","STAT3/GRN/CDK6/BIN1",0.287857117255149
"GO:0050868","negative regulation of T cell activation",47,-0.404840905559293,-1.50770252956549,0.0225275943195726,0.317272438156397,0.283270117256172,587,"tags=30%, list=14%, signal=26%","PSMA6/RUNX1/STAT5A/UFL1/LILRB2/SOCS1/PSMB1/VSIR/TNFRSF21/PTPN2/PRKAR1A/SPN/LAPTM5/HMGB1",0.352487857583619
"GO:1902041","regulation of extrinsic apoptotic signaling pathway via death domain receptors",11,-0.56709027431652,-1.50408359992694,0.0478725101071553,0.451907220837998,0.403475991105751,1441,"tags=73%, list=34%, signal=48%","PARK7/TNFAIP3/GSK3B/PMAIP1/GRINA/DDX3X/ARHGEF2/CFLAR",0.321775918075361
"GO:0002347","response to tumor cell",20,-0.490195242237728,-1.5039501476859,0.0431922895288006,0.43312268110825,0.38670460433554,437,"tags=30%, list=10%, signal=27%","UFL1/YWHAG/ABI3/LAPTM5/DAPK1/HMGB1",0.321775918075361
"GO:0043370","regulation of CD4-positive, alpha-beta T cell differentiation",19,-0.495030083205676,-1.50346818727131,0.0478821362799263,0.451907220837998,0.403475991105751,956,"tags=53%, list=23%, signal=41%","JUNB/AP3B1/HLA-DRA/RUNX1/STAT5A/IRF4/SOCS1/BRD2/NFKBIZ/HMGB1",0.282013350011725
"GO:0040017","positive regulation of locomotion",149,-0.324509960101133,-1.50332727081019,0.00400888501076226,0.152337630408966,0.136011494346078,715,"tags=27%, list=17%, signal=23%","IL16/GAS6/LGMN/RREB1/JAK2/PLCG2/ANO6/BSG/MAPK1/ARF6/XBP1/FOXP1/CCDC25/AIF1/STAT5A/CALR/DAB2/CSF1R/HSPA5/ATP5F1B/ARHGEF2/PIK3CG/VSIR/STAT3/ADAM10/CCAR1/CXCR4/ATP8A1/GRN/TRADD/PTPRJ/PLVAP/SOD2/FERMT3/SPN/RHOB/HMGB1/RHOC/MAPRE2/CDC42",0.407017918923954
"GO:0098655","monoatomic cation transmembrane transport",212,0.293615834097596,1.50087609048222,0.00152497754589692,0.10840867805935,0.0967904401778545,374,"tags=17%, list=9%, signal=17%","MT-ND4/NDUFA2/CD4/TMEM175/NDUFA3/NDUFB5/ATP5MF/ATP5F1D/NDUFB4/TMEM63A/IBTK/ATP5PF/FYN/ATP5ME/TCIRG1/TGFB1/COX6B1/MT-ND2/STIM2/ATP6V1G1/NDUFA1/GP1BB/ATP6V0B/NDUFS4/NDUFB2/ATP5F1E/ORAI1/ATP5MC3/ATOX1/AP3D1/ATP5MC2/ROMO1/RNASEK/ATP5MG/SLC25A28/NDUFA7/SMDT1",0.45505986738723
"GO:0038202","TORC1 signaling",45,-0.399089965538088,-1.50082055704281,0.0293662113308123,0.357846490815974,0.319495818805359,897,"tags=38%, list=21%, signal=30%","UBE2N/LAMTOR4/STAMBPL1/RRAGA/PIH1D1/NPC1/RHEB/PRKACB/RPS6KB2/CUL3/PIM1/WAC/OTUD5/YWHAG/UBE2W/YWHAZ/MAT2A",0.352487857583619
"GO:0007043","cell-cell junction assembly",19,-0.493873225926516,-1.49995466723397,0.0497237569060773,0.459858438716703,0.410575071107525,1294,"tags=58%, list=31%, signal=40%","ABI2/ACTG1/PAK2/ARL2/TLN1/VCL/ACTB/RPS6/PDCD6IP/ROCK1/RHOC",0.276500599254472
"GO:0071560","cellular response to transforming growth factor beta stimulus",66,-0.367220678480508,-1.49903098638875,0.0189511452870468,0.299882363038753,0.267743749298422,691,"tags=30%, list=17%, signal=26%","RBBP4/MEF2C/SUDS3/XBP1/HDAC2/ARRB2/DAB2/JUN/STAT3/SINHCAF/CDKN1C/NREP/FKBP1A/RBBP7/APAF1/NFKBIZ/ZFP36L2/CFLAR/LDLRAD4/FOS",0.352487857583619
"GO:2000145","regulation of cell motility",236,-0.304033677889844,-1.49431559361461,0.00194897862818568,0.114870413840821,0.102559666975908,819,"tags=28%, list=20%, signal=24%","DNM1L/PDCD6/ARID2/ARID4A/SPINT2/VCL/RNF7/GAS6/ARHGAP4/LGMN/RBBP4/RREB1/MEF2C/JAK2/PLCG2/ANO6/BSG/MAPK1/SUDS3/ARF6/XBP1/FOXP1/HDAC2/CORO1C/CCDC25/AIF1/STAT5A/CALR/SH3BP1/PRCP/DAB2/CSF1R/HSPA5/TIMP1/ROCK1/ATP5F1B/RCC2/ARHGEF2/KIF2A/PIK3CG/VSIR/ST3GAL4/STAT3/SINHCAF/ADAM10/CCAR1/CXCR4/ATP8A1/GRN/CDK6/TRADD/RBBP7/PTPRJ/GLUL/PLVAP/SOD2/FERMT3/SPN/RHOB/ABI3/HMGB1/RHOC/MAPRE2/LDLRAD4/GPR183/CDC42",0.45505986738723
"GO:0018212","peptidyl-tyrosine modification",34,0.403812904650866,1.49128951274257,0.037920738732774,0.404114736015687,0.360805462085811,321,"tags=24%, list=8%, signal=22%","LTK/VEGFB/VPS25/FYN/IL2RG/SNX6/ZGPAT/IL7R",0.321775918075361
"GO:0042254","ribosome biogenesis",160,0.305692958656753,1.48877000122739,0.00223865823024475,0.123808855340956,0.110540169116413,818,"tags=29%, list=20%, signal=24%","YBEY/RPS15A/NOB1/RPS28/RPS14/NOP53/TSR3/EXOSC8/RPL7/TUFM/RPS13/NOP10/RPUSD3/BUD23/FAU/DDX27/RPS8/RPS27A/PA2G4/LSM6/EXOSC10/RBIS/RPL27/PES1/RPS12/UTP6/RPS21/PIN4/IMP4/KRI1/RPS7/RPL11/RPL35A/C1D/RPS24/RPL7A/EXOSC1/SNU13/GTF3A/RPS25/PWP1/NSUN5/DROSHA/C1QBP/POP4/UTP18",0.431707695803346
"GO:0098869","cellular oxidant detoxification",33,0.412574450022524,1.4881672458126,0.0302555588977163,0.361251938795329,0.322536302416312,824,"tags=33%, list=20%, signal=27%","CCS/PRDX4/GSTP1/GPX4/TXN/CLIC1/SELENOF/SELENOW/NNT/PRDX3/GSTM2",0.352487857583619
"GO:0017004","cytochrome complex assembly",19,0.475916199700373,1.48355893900337,0.0422713394857668,0.428349573455771,0.38244303414605,943,"tags=42%, list=23%, signal=33%","CYBA/COA3/COX14/OCIAD2/COX17/PET100/MT-CO2/SURF1",0.321775918075361
"GO:0050866","negative regulation of cell activation",64,-0.369327723673409,-1.48223601053182,0.019136690315967,0.299882363038753,0.267743749298422,656,"tags=30%, list=16%, signal=25%","LST1/PSMA6/RUNX1/BTK/STAT5A/SH2B3/UFL1/LILRB2/SOCS1/TMX1/PSMB1/VSIR/GRN/TNFRSF21/PTPN2/PRKAR1A/SPN/LAPTM5/HMGB1",0.352487857583619
"GO:0043547","positive regulation of GTPase activity",22,-0.472470218627138,-1.4808868751143,0.0373994811573059,0.401523054209292,0.358491532727641,495,"tags=27%, list=12%, signal=24%","CORO1C/RAPGEF1/SH3BP1/RIC1/SNX18/RGS1",0.321775918075361
"GO:0071260","cellular response to mechanical stimulus",21,0.474246708322404,1.48030972088303,0.0351772390773125,0.392193124163097,0.350161498156927,229,"tags=24%, list=5%, signal=23%","CYBA/TLR7/TGFB1/BAD/SLC2A1",0.321775918075361
"GO:0006941","striated muscle contraction",72,0.342748910619735,1.47841785502075,0.0221120727803834,0.317272438156397,0.283270117256172,972,"tags=44%, list=23%, signal=35%","RPL7/GNAS/RPL9/RPL24/RPL30/RPL12/RPL19/RPL23/RPL34/RPL32/RPL10/RPL27/RPL39/RPL18A/RPL17/RPL41/RPLP2/RPL11/RPL35A/RPL21/RPL7A/RPL36/SUMO1/RPL36A/UBA52/GSTM2/RPL8/RPL31/EEF2/GRK2/RPL37/RPL29",0.352487857583619
"GO:0030490","maturation of SSU-rRNA",33,0.409761573470813,1.47802112369927,0.0331199585258632,0.37956523897894,0.338886952729661,532,"tags=30%, list=13%, signal=27%","NOB1/RPS28/RPS14/TSR3/RPS13/LSM6/UTP6/RPS21/IMP4/KRI1",0.321775918075361
"GO:0046785","microtubule polymerization",31,-0.41976989590325,-1.47790399703248,0.0451388888888889,0.443380004912798,0.395862643192405,1306,"tags=48%, list=31%, signal=34%","MZT2A/CKAP5/SNCA/MZT1/PPP2CA/AKAP9/ARL2/PCNT/FES/ACTB/TUBGCP2/TUBA1A/ZNF207/MAP4/GOLGA2",0.282013350011725
"GO:0018108","peptidyl-tyrosine phosphorylation",33,0.409437625464827,1.47685263444399,0.0334780086630851,0.382152130509841,0.34119660518969,321,"tags=24%, list=8%, signal=23%","LTK/VEGFB/VPS25/FYN/IL2RG/SNX6/ZGPAT/IL7R",0.321775918075361
"GO:0050673","epithelial cell proliferation",68,-0.366006440127684,-1.47470850136953,0.0149734464888628,0.269351540383117,0.240484937395806,896,"tags=38%, list=21%, signal=31%","ZEB2/NEAT1/PDCD6/CEBPB/SRSF6/TINF2/RREB1/MEF2C/IL17RA/XBP1/BTK/STAT5A/DAB2/MAGED1/ATP5IF1/STAT3/CDKN1C/AIMP1/GRN/ZFP36/CDK6/NFKBIZ/CFLAR/HMGB1/AREG/CDC42",0.380730400722792
"GO:1990748","cellular detoxification",47,0.370954120393152,1.47248192885971,0.0397547749939574,0.411511792768993,0.36740977081819,1028,"tags=36%, list=25%, signal=28%","CCS/PRDX4/GSTP1/GPX4/AKR1A1/TXN/PGP/CLIC1/SELENOF/SELENOW/NNT/RAB29/PRDX3/GSTM2/GSTM1/SOD1/RDH11",0.321775918075361
"GO:0031960","response to corticosteroid",36,-0.411349752487899,-1.47219221426444,0.0376894241587204,0.403137248038461,0.359932732215122,229,"tags=22%, list=5%, signal=21%","FLT3/MT-ND3/ZFP36/ZFP36L2/CFLAR/AREG/FOS/FOSB",0.321775918075361
"GO:0001944","vasculature development",126,-0.323341311905051,-1.47216316311995,0.0141600147379195,0.26691191549491,0.238306768903898,637,"tags=24%, list=15%, signal=21%","MTDH/MEF2C/BSG/ANXA2/XBP1/RUNX1/PANK2/PRCP/LYL1/TMED2/ITGB2/LGALS8/ROCK1/ATP5F1B/ATP5IF1/PIK3CG/STAT3/HECTD1/SAT1/ADAM10/CXCR4/AIMP1/GRN/PTPRJ/GLUL/SRPK2/YWHAZ/RHOB/CFLAR/HMGB1",0.380730400722792
"GO:0007264","small GTPase-mediated signal transduction",138,-0.323448536862232,-1.47136896445039,0.0103521441889927,0.235409389116621,0.210180391482343,1318,"tags=38%, list=32%, signal=27%","DOCK10/KRAS/SQSTM1/ABI2/OGT/RABIF/SHTN1/PREX1/ARHGAP15/PIN1/NRP1/PICALM/RIPOR1/USP8/RSU1/FAM13B/TAGAP/GABARAP/WAS/RAP2B/ARHGDIB/CHORDC1/NUCB2/RB1/RHEB/ARHGAP4/RAP1B/RHOH/RAB4B/CUL3/ARF6/VAV1/ARHGAP25/AIF1/RAPGEF1/SH3BP1/ROCK1/ARHGEF2/RGS19/PIK3CG/DOK2/AKAP13/CD2AP/CDC42SE1/GRB2/CYTH2/SIAH2/CCDC88A/RHOB/RHOC/MAPRE2/CDC42",0.380730400722792
"GO:0030837","negative regulation of actin filament polymerization",19,0.471835835034992,1.47083934366803,0.0451616193623012,0.443380004912798,0.395862643192405,377,"tags=26%, list=9%, signal=24%","SPTAN1/PRKCD/ADD1/CAPG/MYADM",0.321775918075361
"GO:0006091","generation of precursor metabolites and energy",196,0.291448139068115,1.46823415176316,0.00542002415229024,0.177238720305239,0.158243916096015,1244,"tags=39%, list=30%, signal=29%","MT-ND4/NDUFA2/IFNAR1/NDUFA3/COX6C/NDUFB5/ATP5MF/ATP5F1D/NDUFB4/ACO2/NOP53/COX6A1/ASIP/ATP5PF/CXXC5/ATP5ME/COX6B1/MT-ND2/MTLN/NDUFA1/PFKL/NDUFS4/NDUFB2/ATP5F1E/CHCHD5/HIGD2A/CHCHD2/UQCR11/ATP5MG/UQCRQ/COX7C/NDUFA7/GSK3A/NDUFA11/NDUFB11/NDUFA8/PNPT1/UQCRB/NNT/NDUFB8/NDUFB6/ATP5PO/MT-CO2/NDUFC1/WDR45/OGDH/COX8A/ANTKMT/COX4I1/PRKAG2/PFKFB2/NDUFA12/OXA1L/SURF1/PDHA1/IDH3A/DERA/COX5B/NDUFC2/ADSL/NDUFS5/NDUFA10/IFNLR1/UQCRH/TPI1/NDUFS8/NDUFA6/ATP5PD/IDH1/TALDO1/AKT1/COX7A2L/MT-CYB/GAPDH/NDUFB7/UQCR10/NDUFB3",0.407017918923954
"GO:0097237","cellular response to toxic substance",48,0.370146925917755,1.46803315826233,0.0304689764897817,0.361251938795329,0.322536302416312,1028,"tags=35%, list=25%, signal=27%","CCS/PRDX4/GSTP1/GPX4/AKR1A1/TXN/PGP/CLIC1/SELENOF/SELENOW/NNT/RAB29/PRDX3/GSTM2/GSTM1/SOD1/RDH11",0.352487857583619
"GO:0072359","circulatory system development",175,-0.310996730008568,-1.46598636301957,0.00282790013819611,0.125992473804186,0.112489767580485,637,"tags=23%, list=15%, signal=21%","MTDH/MEF2C/BSG/ANXA2/XBP1/RUNX1/FOXP1/PIM1/ARRB2/CALR/PANK2/PRCP/LYL1/TMED2/ITGB2/LGALS8/ROCK1/MEF2A/ATP5F1B/ATP5IF1/PIK3CG/STAT3/HECTD1/SAT1/ADAM10/AKAP13/CXCR4/MDM4/AIMP1/GRN/FKBP1A/PTPRJ/GLUL/SRPK2/YWHAZ/TNFRSF1B/RHOB/RGS2/CFLAR/HMGB1/CDC42",0.431707695803346
"GO:0048002","antigen processing and presentation of peptide antigen",35,-0.412688235551202,-1.4656993427827,0.0466852094129446,0.448487641642705,0.400422890731681,1026,"tags=43%, list=25%, signal=33%","CTSD/DNM2/AP3B1/IFI30/LGMN/HLA-DRA/LNPEP/TAPBP/HLA-F/HLA-DMA/HLA-DPB1/PDIA3/CALR/TAP1/HLA-DPA1",0.321775918075361
"GO:0042110","T cell activation",191,-0.306339737521348,-1.46539950218106,0.00362806647206453,0.145525777379477,0.129929672623373,603,"tags=23%, list=14%, signal=21%","JAK2/CD44/RHOH/PSMA6/GSN/XBP1/RUNX1/HLA-DMA/HLA-DPB1/VAV1/FOXP1/AIF1/STAT5A/UFL1/ARID1A/LILRB2/IRF4/SOCS1/PSMB1/FCHO1/CD8A/PIK3CG/VSIR/STAT3/YWHAG/TNFRSF21/GRB2/FKBP1A/PTPN2/PRKAR1A/BRD2/SPN/CD8B/TNFRSF1B/ITGAL/NFKBIZ/HLA-DPA1/ZFP36L2/LAPTM5/EIF2AK4/HMGB1/BTN3A1/GPR183/MAP3K8",0.431707695803346
"GO:0000281","mitotic cytokinesis",45,-0.389244064454738,-1.46379399154503,0.0416831912923434,0.426883178908822,0.381133794182844,686,"tags=29%, list=16%, signal=24%","SPART/SEPTIN6/CHMP3/ARF6/EXOC6/PDCD6IP/ROCK1/ARF1/IQGAP2/CHMP1B/RHOB/SNX18/RHOC",0.321775918075361
"GO:1903844","regulation of cellular response to transforming growth factor beta stimulus",37,-0.408292729830087,-1.46074815419585,0.040384223418851,0.416534418691577,0.371894118220982,1280,"tags=54%, list=31%, signal=38%","OGT/LEMD3/CITED2/BRMS1/PIN1/EP300/ZEB2/USP15/ARID4A/RBBP4/SUDS3/XBP1/HDAC2/SINHCAF/CDKN1C/NREP/FKBP1A/RBBP7/CFLAR/LDLRAD4",0.321775918075361
"GO:0006812","monoatomic cation transport",246,0.284400467539842,1.46031956180022,0.00119720096417291,0.096042121792538,0.0857492168553666,381,"tags=17%, list=9%, signal=16%","MT-ND4/NDUFA2/CD4/TMEM175/NDUFA3/NDUFB5/ATP5MF/ATP5F1D/NDUFB4/TMEM63A/IBTK/ATP5PF/FYN/ATP5ME/TCIRG1/TGFB1/COX6B1/MT-ND2/STIM2/ATP6V1G1/NDUFA1/TPT1/GP1BB/ATP6V0B/NDUFS4/NDUFB2/ATP5F1E/ORAI1/ATP5MC3/ATOX1/AP3D1/ATP5MC2/ROMO1/RNASEK/NDFIP1/B2M/ATP5MG/SLC25A28/NDUFA7/SMDT1/SELENOK",0.45505986738723
"GO:0048666","neuron development",202,-0.301339645260094,-1.4599819552343,0.00487834101522661,0.171812790877737,0.153399487522,826,"tags=27%, list=20%, signal=23%","BTG2/BCL11A/FBXO7/ACTB/FRYL/C1QA/RB1/DICER1/ARHGAP4/LST1/MEF2C/JAK2/BSG/RAB8A/ARF6/TAOK1/APLP2/BLOC1S1/XBP1/RUNX1/RAB10/TRAPPC4/HDAC2/PPP1R9B/PPP1R12A/RAPGEF1/DAB2/CSF1R/ITM2C/ROCK1/MEF2A/RTCA/ULK1/TUBA1A/USP33/GRN/NREP/TNFRSF21/UGCG/SETX/PTPRJ/ARF4/YWHAZ/MAP4/CCDC88A/ABI3/RGS2/CUX1/CFLAR/EIF2AK4/ZDHHC17/HMGB1/AREG/CDC42",0.407017918923954
"GO:0006892","post-Golgi vesicle-mediated transport",49,-0.379625493706708,-1.45944379815468,0.0272139519355869,0.337312846308905,0.301162780105203,1031,"tags=37%, list=25%, signal=28%","RAB11A/DNM2/RABEP1/GOLGA4/GOLPH3/EPS15/MON2/SCAMP2/RAB10/SEC16A/EXOC6/LAMP1/SYS1/CNST/VAMP5/LAPTM5/CORO7/ACSL3",0.352487857583619
"GO:0002456","T cell mediated immunity",39,-0.401653553074128,-1.45918102346382,0.0452898550724638,0.443380004912798,0.395862643192405,531,"tags=23%, list=13%, signal=20%","HLA-F/UFL1/CD8A/STX7/YWHAG/MYO1G/TNFRSF1B/NFKBIZ/HMGB1",0.287857117255149
"GO:0050852","T cell receptor signaling pathway",61,-0.368295462950521,-1.45751559742944,0.0318694326442939,0.369634222798076,0.330020250868091,952,"tags=36%, list=23%, signal=28%","TRBC2/UBE2N/PDE4B/SLC39A6/PRNP/DGKZ/PLCG2/THEMIS2/RBCK1/BTK/HLA-DPB1/LCP2/FCHO1/SIVA1/CD8A/TNFRSF21/PTPN2/PTPRJ/CD8B/NFKBIZ/LAPTM5/BTN3A1",0.321775918075361
"GO:0050678","regulation of epithelial cell proliferation",59,-0.370702431711555,-1.4569883650202,0.0368852142624546,0.401523054209292,0.358491532727641,731,"tags=36%, list=17%, signal=30%","SRSF6/TINF2/RREB1/MEF2C/IL17RA/XBP1/BTK/STAT5A/DAB2/MAGED1/ATP5IF1/STAT3/CDKN1C/AIMP1/GRN/ZFP36/CDK6/CFLAR/HMGB1/AREG/CDC42",0.321775918075361
"GO:0006413","translational initiation",83,-0.346750449514413,-1.45213673178286,0.0271664581276714,0.337312846308905,0.301162780105203,945,"tags=31%, list=23%, signal=25%","EIF4B/SH3BGRL/METAP2/EIF3A/CSDE1/PAIP2/EIF4A1/DDX3X/EIF2AK1/RPS6KB2/DDX1/PPP1R15A/SYNCRIP/EIF1B/EIF2S3/EIF4E2/EIF3F/EIF4G2/EIF2A/EIF4H/EIF2S1/BZW2/ABCE1/DHX29/EIF3L/EIF2AK4",0.352487857583619
"GO:0009611","response to wounding",124,-0.324685380469801,-1.45213560839892,0.00880647431348753,0.22261387778402,0.198756184524436,655,"tags=28%, list=16%, signal=25%","DGKZ/RREB1/PLSCR1/JAK2/PLCG2/CD44/ANO6/ANXA5/CHMP3/ANXA2/XBP1/VAV1/SERPINA1/F13A1/SH2B3/PRCP/JMJD1C/FIBP/TMX1/RTCA/PIK3CG/ST3GAL4/STAT3/GRN/NREP/ZFP36/PTPRJ/MRTFA/ARF4/FERMT3/CHMP1B/NFKBIZ/ZFP36L2/HMGB1/RHOC",0.380730400722792
"GO:0008283","cell population proliferation",400,-0.279533086589915,-1.4500804907117,0.00096044574013118,0.0815813911029073,0.0728382533255236,740,"tags=25%, list=18%, signal=23%","EPS15/SRSF6/CDCA7L/DICER1/EIF2AK1/GAS6/LGMN/RPS6/RBBP4/TINF2/LST1/MZB1/HELZ/RREB1/MEF2C/IL17RA/JAK2/RUNX2/TMEM14B/NMI/MAPK1/CUL3/NAP1L1/XBP1/RUNX1/RAB10/BTK/HLA-DPB1/PIAS1/VAV1/FOXP1/MORC3/HDAC2/DHX9/PPP1R9B/AIF1/TOB1/PIM1/GID8/CSNK2A1/MYD88/STAT5A/NOP2/CALR/SH2B3/UFL1/DAB2/CSF1R/JUN/SIRT2/LILRB2/TSPAN31/TIAL1/TIMP1/MAGED1/N4BP2L2/ATP5IF1/ARHGEF2/PIK3CG/VSIR/STAT3/ULK1/SINHCAF/FLT3/ADAM10/CCAR1/BCL7A/CDKN1C/TNFSF13/MDM4/AIMP1/GRN/TNFRSF21/ZFP36/CDK6/PTPN2/NDRG1/PRKAR1A/PTPRJ/GLUL/SOD2/TBC1D8/SRPK2/SPN/DERL2/CCDC88A/TNFRSF1B/YPEL5/NFKBIZ/HLA-DPA1/LAPTM5/CFLAR/HMGB1/AREG/BTN3A1/KLF10/GPR183/CDC42/FOS",0.477270815362862
"GO:0031667","response to nutrient levels",116,-0.32758311394017,-1.44892207720403,0.0168003996051431,0.288806869402698,0.257855224473556,1131,"tags=40%, list=27%, signal=30%","RNF167/SLC7A5/LAMP2/EP300/PMAIP1/RIPOR1/PAK2/CYBB/TFAM/CAT/GABARAP/ZEB2/MAP1LC3B/FES/HNRNPA1/PHEX/RRAGA/RHEB/EIF2AK1/GAS6/SLC38A2/CPT1A/MAPK1/XBP1/CD68/PIM1/SIRT2/SREBF2/HSPA5/DELE1/YWHAG/ULK1/EIF2A/NENF/ZFP36/EIF2S1/APAF1/BECN1/SOD2/YWHAZ/NFKBIZ/EIF2AK4/MAT2A/KLF10/FOS/BNIP2",0.352487857583619
"GO:0042129","regulation of T cell proliferation",48,-0.376245321482464,-1.44527263687584,0.0371353219594782,0.401523054209292,0.358491532727641,603,"tags=25%, list=14%, signal=22%","JAK2/HLA-DPB1/AIF1/LILRB2/VSIR/TNFRSF21/PRKAR1A/SPN/TNFRSF1B/HLA-DPA1/LAPTM5/HMGB1",0.321775918075361
"GO:0009141","nucleoside triphosphate metabolic process",135,0.304029482063767,1.44451570346819,0.00859210501433784,0.22261387778402,0.198756184524436,483,"tags=21%, list=12%, signal=19%","MT-ND4/NDUFA2/NDUFA3/NDUFB5/ATP5MF/ATP5F1D/NDUFB4/ATP5PF/ATP5ME/TGFB1/HSPA8/MT-ND2/BAD/NDUFA1/PFKL/NDUFS4/NDUFB2/ATP5F1E/ATP5MC3/ATP5MC2/AK2/ATP5MG/NME2/NDUFA7/ATP5MC1/NDUFA11/NDUFB11/NDUFA8",0.380730400722792
"GO:0009144","purine nucleoside triphosphate metabolic process",130,0.305828366005518,1.44399865536599,0.0106989680985603,0.236145564236742,0.210837670172574,483,"tags=22%, list=12%, signal=20%","MT-ND4/NDUFA2/NDUFA3/NDUFB5/ATP5MF/ATP5F1D/NDUFB4/ATP5PF/ATP5ME/TGFB1/HSPA8/MT-ND2/BAD/NDUFA1/PFKL/NDUFS4/NDUFB2/ATP5F1E/ATP5MC3/ATP5MC2/AK2/ATP5MG/NME2/NDUFA7/ATP5MC1/NDUFA11/NDUFB11/NDUFA8",0.380730400722792
"GO:0050657","nucleic acid transport",81,-0.342976287614606,-1.44194277914804,0.0250795638129218,0.320485753503178,0.286139059230309,1084,"tags=38%, list=26%, signal=29%","TPR/CASC3/NUP42/THOC2/POM121/G3BP2/YBX1/ERH/NEAT1/RBM33/SSB/HNRNPA1/BICD2/MAGOHB/RBM15B/AAAS/TOMM20/SARNP/LRPPRC/DHX9/KPNB1/THOC7/AGFG1/NUP58/ENY2/SMG7/ZFP36/UPF3A/RANBP2/SRSF7/EIF4A3",0.352487857583619
"GO:0050658","RNA transport",81,-0.342976287614606,-1.44194277914804,0.0250795638129218,0.320485753503178,0.286139059230309,1084,"tags=38%, list=26%, signal=29%","TPR/CASC3/NUP42/THOC2/POM121/G3BP2/YBX1/ERH/NEAT1/RBM33/SSB/HNRNPA1/BICD2/MAGOHB/RBM15B/AAAS/TOMM20/SARNP/LRPPRC/DHX9/KPNB1/THOC7/AGFG1/NUP58/ENY2/SMG7/ZFP36/UPF3A/RANBP2/SRSF7/EIF4A3",0.352487857583619
"GO:0000724","double-strand break repair via homologous recombination",52,-0.375058326788334,-1.44191126848854,0.0428082191780822,0.430767027826834,0.384601408151468,1215,"tags=48%, list=29%, signal=35%","RPA1/RPA2/ZSWIM7/SAMHD1/RECQL/NUCKS1/PPP4R2/RNF126/WAS/RECQL5/UBE2N/POGZ/ARID2/ACTB/TERF2IP/NSMCE3/EP400/CSNK2A1/MEAF6/MORF4L2/FUS/NBN/MCM5/ACTR2/MORF4L1",0.287857117255149
"GO:0007159","leukocyte cell-cell adhesion",159,-0.307031924387325,-1.44090765553459,0.0143252586224761,0.26691191549491,0.238306768903898,603,"tags=24%, list=14%, signal=21%","JAK2/CD44/RHOH/PSMA6/XBP1/RUNX1/HLA-DMA/HLA-DPB1/VAV1/TNIP1/AIF1/STAT5A/UFL1/ARID1A/LILRB2/SOCS1/ITGB2/ROCK1/PSMB1/FCHO1/ICAM2/VSIR/ST3GAL4/YWHAG/TNFRSF21/PTPN2/PRKAR1A/BRD2/FERMT3/SELPLG/SPN/ITGAL/NFKBIZ/ITGB7/HLA-DPA1/LAPTM5/HMGB1/MAP3K8",0.380730400722792
"GO:0002695","negative regulation of leukocyte activation",61,-0.363480198480324,-1.43845936737211,0.0363818082006445,0.397994932134323,0.355341522094263,656,"tags=28%, list=16%, signal=24%","LST1/PSMA6/RUNX1/BTK/STAT5A/UFL1/LILRB2/SOCS1/PSMB1/VSIR/GRN/TNFRSF21/PTPN2/PRKAR1A/SPN/LAPTM5/HMGB1",0.321775918075361
"GO:1903311","regulation of mRNA metabolic process",162,-0.307690632483305,-1.43783758644879,0.0197901823860091,0.302402363654996,0.269993679592389,986,"tags=33%, list=24%, signal=26%","CIRBP/YBX1/WTAP/XRN1/DDX17/RBM33/ARGLU1/HNRNPA1/BTG2/CNOT6L/CSDE1/HNRNPC/SMU1/DDX6/U2AF2/SRSF6/FASTK/SERBP1/RBM15B/LSM3/TUT4/HELZ/SYNCRIP/CNOT4/LRPPRC/ANGEL2/SRSF8/PCF11/DHX9/DCP2/AHCYL1/TNRC6B/TOB1/MYD88/TRA2B/TIAL1/ROCK1/RBM47/SNRPF/SRSF2/FUS/SRSF5/SRRM1/ZFP36/UPF3A/SRPK2/CCNL1/ZFP36L2/SRSF7/EIF4A3/RBM39/SNRPD3/HNRNPA0",0.352487857583619
"GO:0045333","cellular respiration",166,0.296148744673435,1.43711668590022,0.00689783849280711,0.201273812464685,0.179703149724475,1142,"tags=39%, list=27%, signal=29%","MT-ND4/NDUFA2/IFNAR1/NDUFA3/COX6C/NDUFB5/ATP5MF/ATP5F1D/NDUFB4/ACO2/NOP53/COX6A1/ATP5PF/ATP5ME/COX6B1/MT-ND2/MTLN/NDUFA1/PFKL/NDUFS4/NDUFB2/ATP5F1E/CHCHD5/HIGD2A/CHCHD2/UQCR11/ATP5MG/UQCRQ/COX7C/NDUFA7/NDUFA11/NDUFB11/NDUFA8/PNPT1/UQCRB/NNT/NDUFB8/NDUFB6/ATP5PO/MT-CO2/NDUFC1/OGDH/COX8A/ANTKMT/COX4I1/PRKAG2/PFKFB2/NDUFA12/OXA1L/SURF1/PDHA1/IDH3A/COX5B/NDUFC2/ADSL/NDUFS5/NDUFA10/IFNLR1/UQCRH/TPI1/NDUFS8/NDUFA6/ATP5PD/IDH1",0.407017918923954
"GO:0022408","negative regulation of cell-cell adhesion",66,-0.351856629662572,-1.43631342552106,0.0301700284699112,0.361251938795329,0.322536302416312,603,"tags=27%, list=14%, signal=24%","JAK2/PSMA6/RUNX1/STAT5A/SH2B3/UFL1/LILRB2/SOCS1/TMX1/PSMB1/VSIR/TNFRSF21/PTPN2/PRKAR1A/SPN/FXYD5/LAPTM5/HMGB1",0.352487857583619
"GO:0006936","muscle contraction",94,0.317027375751387,1.43598138749369,0.0236156560487388,0.320140240524904,0.285830575132422,992,"tags=43%, list=24%, signal=33%","RPL7/GNAS/EMD/RPL9/RPL24/SETD3/RPL30/RPL12/RPL19/RPL23/RPL34/RPL32/RPL10/HSBP1/RPL27/RPL39/MYL6/RPL18A/RPL17/RPL41/RPLP2/SULF2/RPL11/RPL35A/RPL21/RPL7A/RPL36/TPM2/SUMO1/RPL36A/UBA52/PABPN1/GSTM2/RPL8/RPL31/EEF2/GRK2/RPL37/RPL29/SOD1",0.352487857583619
"GO:0009060","aerobic respiration",149,0.298332883182879,1.43010344863544,0.00624177809996158,0.185837681986485,0.165921320719883,1142,"tags=39%, list=27%, signal=29%","MT-ND4/NDUFA2/NDUFA3/COX6C/NDUFB5/ATP5MF/ATP5F1D/NDUFB4/ACO2/NOP53/COX6A1/ATP5PF/ATP5ME/COX6B1/MT-ND2/NDUFA1/PFKL/NDUFS4/NDUFB2/ATP5F1E/CHCHD2/UQCR11/ATP5MG/UQCRQ/COX7C/NDUFA7/NDUFA11/NDUFB11/NDUFA8/UQCRB/NNT/NDUFB8/NDUFB6/ATP5PO/MT-CO2/NDUFC1/OGDH/COX8A/ANTKMT/COX4I1/PRKAG2/PFKFB2/NDUFA12/OXA1L/SURF1/PDHA1/IDH3A/COX5B/NDUFC2/ADSL/NDUFS5/NDUFA10/UQCRH/TPI1/NDUFS8/NDUFA6/ATP5PD/IDH1",0.407017918923954
"GO:0032944","regulation of mononuclear cell proliferation",70,-0.357047432724871,-1.42870817060892,0.0187806120262534,0.299882363038753,0.267743749298422,656,"tags=26%, list=16%, signal=22%","LST1/MZB1/MEF2C/JAK2/BTK/HLA-DPB1/AIF1/LILRB2/VSIR/TNFSF13/TNFRSF21/PRKAR1A/SPN/TNFRSF1B/HLA-DPA1/LAPTM5/HMGB1/GPR183",0.352487857583619
"GO:0050670","regulation of lymphocyte proliferation",70,-0.357047432724871,-1.42870817060892,0.0187806120262534,0.299882363038753,0.267743749298422,656,"tags=26%, list=16%, signal=22%","LST1/MZB1/MEF2C/JAK2/BTK/HLA-DPB1/AIF1/LILRB2/VSIR/TNFSF13/TNFRSF21/PRKAR1A/SPN/TNFRSF1B/HLA-DPA1/LAPTM5/HMGB1/GPR183",0.352487857583619
"GO:0040011","locomotion",283,-0.28632087888034,-1.42870200532101,0.00284708037237777,0.125992473804186,0.112489767580485,933,"tags=30%, list=22%, signal=25%","WAS/RAP2B/BEX4/RPS19/ZEB2/RNASE2/FES/CORO1A/PDE4B/ARHGDIB/DNM1L/SRP54/PDCD6/ARID2/ARID4A/SPINT2/VCL/FBXO7/RNF7/IL16/GAS6/ARHGAP4/LGMN/RBBP4/RREB1/MEF2C/IL17RA/JAK2/PLCG2/ANO6/BSG/MAPK1/SUDS3/ARF6/XBP1/FOXP1/HDAC2/CORO1C/CCDC25/AIF1/ARRB2/STAT5A/CALR/SH3BP1/PRCP/DAB2/CSF1R/HSPA5/TIMP1/ITGB2/ROCK1/ATP5F1B/RCC2/ARHGEF2/KIF2A/PIK3CG/VSIR/ST3GAL4/STAT3/SINHCAF/ADAM10/CCAR1/CXCR4/ATP8A1/GRN/CMTM3/CDK6/PTPN2/TRADD/RBBP7/PTPRJ/GLUL/PLVAP/SOD2/FERMT3/SPN/RHOB/ABI3/HMGB1/RHOC/MAPRE2/LDLRAD4/GPR183/CDC42",0.431707695803346
"GO:0043085","positive regulation of catalytic activity",79,-0.341906827585769,-1.42698539960888,0.0221898762257634,0.317272438156397,0.283270117256172,626,"tags=24%, list=15%, signal=21%","PLSCR1/JAK2/TIGAR/CORO1C/RAPGEF1/LCP2/SH3BP1/CSF1R/RIC1/PIK3CG/VSIR/FLT3/GRN/PRKAR1A/CCDC88A/TNFRSF1B/SNX18/RHOC/RGS1",0.352487857583619
"GO:0007283","spermatogenesis",130,0.301438648915429,1.42327217515646,0.0137557339827048,0.266301275110162,0.237761571298981,1041,"tags=39%, list=25%, signal=30%","YY1/IFT20/PSMB4/DYNLL1/RPL7/GPX4/RPL9/RPL24/KDM2B/EIF4G3/RPL30/RPL12/IGF2R/RPL19/SBF1/CCNI/RPL23/RPL34/RPL32/PSMA5/RPL27/RPL18A/SELENOF/RPL17/PSMB3/FAM50A/RPL41/REC8/RPLP2/RPL11/RPL35A/RPL21/RPL7A/DAZAP1/STRBP/RPL36/HADH/EPC1/UBA52/UBE2B/RPL8/RPL31/PSMB5/BCAP31/RPL37/RPL29/SOD1/PUM1/TSNAX/RPL5/HERPUD2",0.380730400722792
"GO:0048232","male gamete generation",130,0.301438648915429,1.42327217515646,0.0137557339827048,0.266301275110162,0.237761571298981,1041,"tags=39%, list=25%, signal=30%","YY1/IFT20/PSMB4/DYNLL1/RPL7/GPX4/RPL9/RPL24/KDM2B/EIF4G3/RPL30/RPL12/IGF2R/RPL19/SBF1/CCNI/RPL23/RPL34/RPL32/PSMA5/RPL27/RPL18A/SELENOF/RPL17/PSMB3/FAM50A/RPL41/REC8/RPLP2/RPL11/RPL35A/RPL21/RPL7A/DAZAP1/STRBP/RPL36/HADH/EPC1/UBA52/UBE2B/RPL8/RPL31/PSMB5/BCAP31/RPL37/RPL29/SOD1/PUM1/TSNAX/RPL5/HERPUD2",0.380730400722792
"GO:0051250","negative regulation of lymphocyte activation",55,-0.367598087315806,-1.42299364137231,0.025011476827831,0.320485753503178,0.286139059230309,656,"tags=29%, list=16%, signal=25%","LST1/PSMA6/RUNX1/BTK/STAT5A/UFL1/LILRB2/SOCS1/PSMB1/VSIR/TNFRSF21/PTPN2/PRKAR1A/SPN/LAPTM5/HMGB1",0.352487857583619
"GO:0061640","cytoskeleton-dependent cytokinesis",52,-0.369454515480412,-1.42036742292039,0.0462328767123288,0.448055530017468,0.400037088827614,686,"tags=27%, list=16%, signal=23%","SPART/SEPTIN6/CHMP3/ARF6/SEPTIN7/EXOC6/PDCD6IP/ROCK1/ARF1/IQGAP2/CHMP1B/RHOB/SNX18/RHOC",0.276500599254472
"GO:0034220","monoatomic ion transmembrane transport",233,0.274139988190226,1.41680842250407,0.00760625623416228,0.217493742616442,0.194184778014261,374,"tags=17%, list=9%, signal=16%","MT-ND4/NDUFA2/CD4/TMEM175/NDUFA3/NDUFB5/ATP5MF/ATP5F1D/NDUFB4/TMEM63A/IBTK/ATP5PF/FYN/ATP5ME/CLIC3/TCIRG1/TGFB1/COX6B1/MT-ND2/STIM2/ATP6V1G1/NDUFA1/GP1BB/ATP6V0B/NDUFS4/NDUFB2/ATP5F1E/ORAI1/ATP5MC3/ATOX1/CLIC1/AP3D1/ATP5MC2/ROMO1/RNASEK/ATP5MG/SLC25A28/NDUFA7/SMDT1",0.407017918923954
"GO:0051028","mRNA transport",67,-0.348937198747476,-1.41540577938844,0.0384918386892956,0.404382239249245,0.361044296800785,1128,"tags=42%, list=27%, signal=31%","HNRNPA2B1/TPR/CASC3/NUP42/THOC2/POM121/G3BP2/ERH/NEAT1/RBM33/HNRNPA1/BICD2/MAGOHB/RBM15B/AAAS/SARNP/LRPPRC/DHX9/THOC7/AGFG1/NUP58/ENY2/SMG7/ZFP36/UPF3A/RANBP2/SRSF7/EIF4A3",0.321775918075361
"GO:0072522","purine-containing compound biosynthetic process",122,0.299069123365147,1.41500989921468,0.0207158190678741,0.311600445145939,0.278205995914637,483,"tags=22%, list=12%, signal=20%","MT-ND4/NDUFA2/NDUFA3/NAPRT/NDUFB5/ATP5MF/ATP5F1D/NDUFB4/ATP5PF/ATP5ME/TGFB1/MT-ND2/NDUFA1/MTAP/NDUFS4/NDUFB2/ATP5F1E/ATP5MC3/ATP5MC2/AK2/ATP5MG/NME2/NDUFA7/ATP5MC1/NDUFA11/NDUFB11/NDUFA8",0.352487857583619
"GO:1901698","response to nitrogen compound",232,-0.289836861922418,-1.41164419319523,0.0078788338627703,0.218789155727698,0.195341360748182,850,"tags=28%, list=20%, signal=23%","STAMBPL1/PRNP/JAK1/BTG2/PHEX/BCL11A/ACTB/RB1/GOLPH3/SRSF6/OAS1/LGMN/RPS6/CPT1A/MZB1/RAP1B/MEF2C/JAK2/BSG/SNX5/RAB8A/LTA4H/MAPK1/CALM3/CUL3/NSMCE3/XBP1/RAB10/HDAC2/DHX9/PPP1R9B/AHCYL1/ARRB2/RAPGEF1/MYD88/STAT5A/RTF2/HSP90B1/TIMP1/PIP4K2A/SOCS1/ROCK1/ARHGEF2/STAT3/YWHAG/TUBA1A/ADCY7/ITPR1/RIOK3/SRSF5/GRB2/TIFAB/EIF2S1/PTPN2/PRKAR1A/PTPRJ/RANBP2/NFKBIZ/RGS2/CFLAR/AREG/MAT2A/FOS/FOSB",0.380730400722792
"GO:0019080","viral gene expression",46,-0.373462592022337,-1.41136653139351,0.0457875457875458,0.44618852451724,0.398370171682083,1217,"tags=41%, list=29%, signal=30%","GSK3B/EIF3B/IFITM3/EIF3D/RSF1/SSB/EIF3A/TRIM27/ST3GAL1/CSDE1/MGAT1/DHX9/ST3GAL4/EIF3F/ZFP36/GTF2B/EIF3L/CANX/EIF2AK4",0.287857117255149
"GO:0072593","reactive oxygen species metabolic process",63,0.336098006113897,1.4095331235371,0.0373231303987577,0.401523054209292,0.358491532727641,320,"tags=17%, list=8%, signal=16%","NCF1/CCS/PRDX4/GSTP1/CYBA/PRKCD/FYN/TGFB1/TXN/NDUFS4/ROMO1",0.321775918075361
"GO:0015980","energy derivation by oxidation of organic compounds",187,0.28315696148992,1.40717850784002,0.00969549438024568,0.231409816282228,0.206609455814699,1142,"tags=35%, list=27%, signal=27%","MT-ND4/NDUFA2/IFNAR1/NDUFA3/COX6C/NDUFB5/ATP5MF/ATP5F1D/NDUFB4/ACO2/NOP53/COX6A1/ATP5PF/ATP5ME/COX6B1/MT-ND2/MTLN/NDUFA1/PFKL/NDUFS4/NDUFB2/ATP5F1E/CHCHD5/HIGD2A/CHCHD2/UQCR11/ATP5MG/UQCRQ/COX7C/NDUFA7/GSK3A/NDUFA11/NDUFB11/NDUFA8/PNPT1/UQCRB/NNT/NDUFB8/NDUFB6/ATP5PO/MT-CO2/NDUFC1/WDR45/OGDH/COX8A/ANTKMT/COX4I1/PRKAG2/PFKFB2/NDUFA12/OXA1L/SURF1/PDHA1/IDH3A/COX5B/NDUFC2/ADSL/NDUFS5/NDUFA10/IFNLR1/UQCRH/TPI1/NDUFS8/NDUFA6/ATP5PD/IDH1",0.380730400722792
"GO:0019725","cellular homeostasis",181,0.282089718019626,1.40706109740144,0.00916048455165047,0.223689892415427,0.199716881875202,607,"tags=22%, list=15%, signal=20%","NCF1/PRDX4/TMEM175/DRD4/GSTP1/SERPINF1/CYBA/DYNLL1/GNAS/SCT/TCIRG1/TGFB1/IL2RG/ORMDL2/STIM2/SMARCB1/ATP6V1G1/TXN/BAD/TPT1/ATP6V0B/ATOX1/IL7R/RNASEK/NDFIP1/B2M/SMDT1/SELENOK/TXN2/PNPLA2/BOLA3/DEDD2/FUNDC2/CLN3/IREB2/HERPUD1/OSBP/ORMDL1/PIM3/NNT",0.380730400722792
"GO:0002250","adaptive immune response",156,-0.299337831120537,-1.40180998422724,0.0194175906815259,0.299882363038753,0.267743749298422,635,"tags=24%, list=15%, signal=21%","MEF2C/IL17RA/JAK2/PSMA6/HLA-F/BTK/HLA-DMA/HLA-DPB1/PDIA3/STAT5A/UFL1/LILRB2/IRF4/TRBV7-9/PSMB1/TRBV3-1/CD8A/STX7/MCOLN2/PIK3CG/STAT3/YWHAG/ADCY7/NBN/TNFSF13/TNFRSF21/MYO1G/BRD2/SPN/CD8B/TNFRSF1B/NFKBIZ/TAP1/HLA-DPA1/EIF2AK4/HMGB1/BTN3A1/GPR183",0.352487857583619
"GO:0050790","regulation of catalytic activity",158,-0.300745829201677,-1.40096345033694,0.0130975125775824,0.260983851322909,0.233014019735824,633,"tags=22%, list=15%, signal=20%","NOLC1/PLSCR1/JAK2/TIGAR/HERC5/CORO1C/PPP1R12A/RAPGEF1/MYD88/LCP2/SH3BP1/NEK7/CSF1R/RIC1/TIMP1/TMED2/ADAR/ATP5IF1/RCC2/PIK3CG/VSIR/YWHAG/FLT3/GRN/ZFP36/ABCE1/PRKAR1A/PTPRJ/CCDC88A/TNFRSF1B/TSPYL2/DAPK1/SNX18/RHOC/RGS1",0.380730400722792
"GO:0031175","neuron projection development",186,-0.291944049819146,-1.39992121249192,0.0142552924433167,0.26691191549491,0.238306768903898,872,"tags=27%, list=21%, signal=22%","GOLGA4/FES/BTG2/BCL11A/FBXO7/ACTB/FRYL/RB1/DICER1/ARHGAP4/LST1/MEF2C/JAK2/BSG/RAB8A/ARF6/APLP2/BLOC1S1/RAB10/TRAPPC4/HDAC2/PPP1R9B/PPP1R12A/RAPGEF1/DAB2/CSF1R/ITM2C/ROCK1/MEF2A/RTCA/ULK1/TUBA1A/USP33/GRN/NREP/TNFRSF21/SETX/PTPRJ/ARF4/MAP4/CCDC88A/ABI3/RGS2/CUX1/CFLAR/EIF2AK4/ZDHHC17/HMGB1/AREG/CDC42",0.380730400722792
"GO:0007186","G protein-coupled receptor signaling pathway",118,-0.310950141707828,-1.39950734006661,0.022370719639966,0.317272438156397,0.283270117256172,655,"tags=25%, list=16%, signal=21%","DGKZ/RAP1B/YWHAB/JAK2/MAPK1/CALM3/APLP2/S1PR4/PPP1R9B/AHCYL1/ARRB2/STAT5A/SH2B3/P2RY14/ROCK1/RGS19/PIK3CG/ADCY7/ITPR1/USP33/AKAP13/CXCR4/IQGAP2/PRKAR1A/RGS2/AREG/GPR183/CDC42/RGS1",0.352487857583619
"GO:0042127","regulation of cell population proliferation",348,-0.272932086514512,-1.39870999275142,0.00487656264091237,0.171812790877737,0.153399487522,740,"tags=26%, list=18%, signal=23%","EPS15/SRSF6/CDCA7L/DICER1/EIF2AK1/GAS6/LGMN/RPS6/RBBP4/TINF2/LST1/MZB1/HELZ/RREB1/MEF2C/IL17RA/JAK2/NMI/MAPK1/CUL3/NAP1L1/XBP1/RUNX1/BTK/HLA-DPB1/PIAS1/FOXP1/MORC3/HDAC2/DHX9/PPP1R9B/AIF1/TOB1/PIM1/GID8/CSNK2A1/MYD88/STAT5A/NOP2/CALR/SH2B3/UFL1/DAB2/CSF1R/JUN/SIRT2/LILRB2/TSPAN31/TIAL1/TIMP1/MAGED1/N4BP2L2/ATP5IF1/ARHGEF2/VSIR/STAT3/ULK1/SINHCAF/FLT3/ADAM10/CCAR1/BCL7A/CDKN1C/TNFSF13/MDM4/AIMP1/GRN/TNFRSF21/ZFP36/CDK6/PTPN2/NDRG1/PRKAR1A/PTPRJ/SOD2/TBC1D8/SRPK2/SPN/DERL2/CCDC88A/TNFRSF1B/HLA-DPA1/LAPTM5/CFLAR/HMGB1/AREG/KLF10/GPR183/CDC42",0.407017918923954
"GO:0006325","chromatin organization",275,-0.276928142477978,-1.39828375971732,0.00845491323595115,0.22261387778402,0.198756184524436,928,"tags=29%, list=22%, signal=24%","PRKCB/TASOR/MTA1/NOC2L/PHC3/NEAT1/KDM4B/USP15/UBN1/NASP/BANF1/TRIM27/PIH1D1/ARID2/NAA50/ARID4A/TBL1XR1/ACTB/SPEN/ATAD2B/HNRNPC/ASH1L/RB1/RBBP4/RBM15B/TRMT112/JAK2/SUDS3/RAD23A/NSMCE3/HDGF/NAP1L1/MORC3/HDAC2/DHX9/CBX5/BAZ1A/CREBZF/EP400/CSNK2A1/MYD88/WAC/ARID1A/HUWE1/JMJD1C/SUPT4H1/SIRT2/SETD5/MSL3/TAF9/DPF2/KANSL1/HMGN2/APOBEC3A/RIOX2/RAD23B/MEAF6/INO80E/ENY2/CHD9/BCL7A/NTMT1/MORF4L2/NBN/KMT2E/NSD3/SRCAP/RBBP7/UBE2A/BRD2/SRPK2/NFKBIZ/TSPYL2/SF3B1/MORF4L1/PRMT7/HMGB1/HMGN4/CHD2",0.380730400722792
"GO:0007162","negative regulation of cell adhesion",87,-0.327170011071579,-1.39792059792638,0.0297223616801757,0.360664624085493,0.322011930656545,603,"tags=24%, list=14%, signal=21%","JAK2/PSMA6/RUNX1/CORO1C/STAT5A/SH2B3/UFL1/LILRB2/SOCS1/TMX1/PSMB1/RCC2/VSIR/ADAM10/TNFRSF21/PTPN2/PRKAR1A/SPN/FXYD5/LAPTM5/HMGB1",0.352487857583619
"GO:0006417","regulation of translation",170,-0.296822275749254,-1.39570294405393,0.00952612122729884,0.229261984203659,0.204691808482084,986,"tags=32%, list=24%, signal=25%","CIRBP/ETF1/YBX1/EIF4B/SH3BGRL/METAP2/XRN1/SSB/BTG2/CNOT6L/CSDE1/PAIP2/LSM14A/DDX6/DDX3X/EIF2AK1/SERBP1/HELZ/NOLC1/RPS6KB2/DDX1/MRPL44/PPP1R15A/SYNCRIP/SARNP/LRPPRC/DHX9/EIF5A/TNRC6B/TOB1/CSNK2A1/CALR/EIF1B/EIF2S3/EIF4E2/SECISBP2/EIF4G2/EIF2A/SRP9/ZFP36/TIFAB/EIF4H/EIF2S1/BZW2/ABCE1/UPF3A/DHX29/ELP2/ZFP36L2/RGS2/EIF4A3/DAPK1/RBM3/EIF2AK4",0.380730400722792
"GO:0008285","negative regulation of cell population proliferation",141,-0.303606504294927,-1.39241861712242,0.0229605053928971,0.317272438156397,0.283270117256172,833,"tags=28%, list=20%, signal=23%","PRNP/BTG2/ARID2/CEBPB/DICER1/EIF2AK1/RBBP4/TINF2/LST1/MEF2C/JAK2/NMI/BTK/MORC3/AIF1/TOB1/SH2B3/DAB2/CSF1R/SIRT2/LILRB2/TIAL1/MAGED1/ATP5IF1/VSIR/ULK1/CDKN1C/MDM4/AIMP1/TNFRSF21/CDK6/PTPN2/NDRG1/PRKAR1A/PTPRJ/SOD2/SPN/LAPTM5/KLF10",0.352487857583619
"GO:0045321","leukocyte activation",311,-0.276376730769247,-1.39164838330161,0.00381289975983915,0.150844582279664,0.134678457284573,882,"tags=28%, list=21%, signal=24%","FCGR3A/FES/CORO1A/LCP1/SLC39A6/PRNP/JAK1/SYVN1/ST3GAL1/ARID2/CEBPB/ACTB/DDOST/C1QA/IL16/GAS6/FLOT2/HLA-DRA/LST1/MZB1/MEF2C/PLSCR1/JAK2/PLCG2/CD44/RHOH/PSMA6/NMI/THEMIS2/PHB2/GSN/XBP1/RUNX1/HLA-F/BTK/HLA-DMA/TOLLIP/IRF8/HLA-DPB1/VAV1/FOXP1/AIF1/STAT5A/LCP2/UFL1/ARID1A/JMJD1C/LILRB2/LYL1/IRF4/SOCS1/ITGB2/LAMP1/PSMB1/FCHO1/CD8A/PIK3CG/VSIR/STAT3/YWHAG/FLT3/ADAM10/NBN/KMT2E/TNFSF13/GRN/TNFRSF21/GRB2/FKBP1A/PTPN2/PRKAR1A/PTPRJ/BRD2/SELPLG/SPN/CD8B/TNFRSF1B/ITGAL/NFKBIZ/HLA-DPA1/ZFP36L2/LAPTM5/EIF2AK4/HMGB1/BTN3A1/GPR183/MAP3K8",0.431707695803346
"GO:0006811","monoatomic ion transport",268,0.266227466374013,1.38742257624174,0.00327094000333575,0.135514442433673,0.120991259818064,381,"tags=16%, list=9%, signal=16%","MT-ND4/NDUFA2/CD4/TMEM175/NDUFA3/NDUFB5/ATP5MF/ATP5F1D/NDUFB4/TMEM63A/IBTK/ATP5PF/FYN/ATP5ME/CLIC3/TCIRG1/TGFB1/COX6B1/MT-ND2/STIM2/ATP6V1G1/NDUFA1/TPT1/GP1BB/ATP6V0B/NDUFS4/NDUFB2/ATP5F1E/ORAI1/ATP5MC3/ATOX1/CLIC1/AP3D1/ATP5MC2/ROMO1/RNASEK/NDFIP1/B2M/ATP5MG/SLC25A28/NDUFA7/SMDT1/SELENOK",0.431707695803346
"GO:0071375","cellular response to peptide hormone stimulus",94,-0.323045219810337,-1.38671188392527,0.0421755147827892,0.428349573455771,0.38244303414605,651,"tags=24%, list=16%, signal=21%","MZB1/JAK2/SNX5/RAB8A/MAPK1/CUL3/XBP1/RAB10/AHCYL1/STAT5A/PIP4K2A/SOCS1/ROCK1/STAT3/YWHAG/ADCY7/SRSF5/GRB2/PTPN2/PRKAR1A/PTPRJ/CFLAR/FOS",0.321775918075361
"GO:0034976","response to endoplasmic reticulum stress",131,-0.303992172275603,-1.38631575583314,0.0184945194999949,0.299882363038753,0.267743749298422,614,"tags=23%, list=15%, signal=20%","PPP1R15A/ERP44/XBP1/DERL3/PDIA3/CREBZF/CALR/SEC16A/UFL1/JUN/HSP90B1/HSPA5/PSMC6/ATP2A2/TMX1/PDIA6/DNAJC10/STAT3/ITPR1/UBAC2/EIF2S1/PTPN2/CREB3L2/BFAR/APAF1/JKAMP/DERL2/MAN1A1/CANX/STT3B",0.352487857583619
"GO:0050851","antigen receptor-mediated signaling pathway",83,-0.330999310422814,-1.38617342106657,0.0488656195462478,0.457310254050256,0.408299977268775,952,"tags=33%, list=23%, signal=26%","TRBC2/PRKCB/UBE2N/PDE4B/SLC39A6/PRNP/KLHL6/DGKZ/MEF2C/PLCG2/THEMIS2/RBCK1/BTK/HLA-DPB1/FOXP1/LCP2/FCHO1/SIVA1/CD8A/TNFRSF21/GRB2/PTPN2/PTPRJ/CD8B/NFKBIZ/LAPTM5/BTN3A1",0.271288554688953
"GO:0072659","protein localization to plasma membrane",91,-0.326459210284118,-1.38378828664127,0.0317919989744731,0.369634222798076,0.330020250868091,1130,"tags=36%, list=27%, signal=27%","RAB7A/PICALM/ATP6AP1/RAB11A/PIK3R1/FLNA/AP3B1/GOLGA4/PRNP/ACTB/GOLPH3/GAS6/FLOT2/BSG/RAB8A/ARF6/RAB10/RILPL2/PPP1R9B/SEC16A/SCP2/DAB2/HSP90B1/TMED2/TMEM59/ROCK1/STX7/SYS1/CNST/CCDC88A/ABI3/VAMP5/ACSL3",0.321775918075361
"GO:0002768","immune response-regulating cell surface receptor signaling pathway",131,-0.302460707004676,-1.37933171272866,0.0190592268470075,0.299882363038753,0.267743749298422,1141,"tags=36%, list=27%, signal=27%","IKBKG/CD36/LILRA4/EP300/FCER1G/HCK/PAK2/PIK3R1/FGR/TRBC2/PRKCB/AP3B1/UBE2N/FCGR3A/PDE4B/SLC39A6/PRNP/KLHL6/OAS1/DGKZ/MEF2C/PLSCR1/PLCG2/NMI/THEMIS2/RBCK1/TAX1BP1/BTK/HLA-DPB1/VAV1/FOXP1/MYD88/LCP2/LILRB2/FCHO1/SIVA1/CD8A/TNFRSF21/GRB2/PTPN2/PTPRJ/MYO1G/CD8B/NFKBIZ/LAPTM5/HMGB1/BTN3A1",0.352487857583619
"GO:0031589","cell-substrate adhesion",76,-0.333410742794313,-1.37634079794289,0.0288766027319293,0.353371308007677,0.315500244635048,1217,"tags=43%, list=29%, signal=31%","GSK3B/PLAUR/ACTG1/NRP1/CD36/PIK3R1/FLNA/RSU1/ARL2/MKLN1/CORO1A/PTPRA/UTRN/TLN1/RAB1A/VCL/RNF7/RREB1/JAK2/CD44/PARVG/CORO1C/CALR/DAB2/ITGB2/ROCK1/RCC2/CDK6/PTPRJ/FERMT3/ITGAL/ITGB7/CDC42",0.352487857583619
"GO:0016071","mRNA metabolic process",358,-0.265990649719084,-1.37615571766287,0.00584695648144806,0.181570003423892,0.162111012412417,871,"tags=27%, list=21%, signal=23%","RBM17/RBM33/SSB/SSU72/ARL6IP4/ARGLU1/HNRNPA1/BTG2/HNRNPM/CNOT6L/CSDE1/HNRNPC/PAF1/SUGP2/SMU1/DDX6/U2AF2/SRSF6/MAGOHB/FASTK/SERBP1/RBM15B/SYMPK/CLASRP/LSM3/SNRNP25/TUT4/HELZ/IK/HNRNPUL1/DDX1/TSEN15/SYNCRIP/FRG1/ANXA2/CNOT4/LUC7L/LRPPRC/N4BP2/POLR2A/SNRPA1/ANGEL2/SRSF8/PCF11/DHX9/DCP2/AHCYL1/TNRC6B/TAF11/TOB1/MYD88/FAM32A/SF3A3/HNRNPR/PRPF40A/TRA2B/THOC7/SLU7/TIAL1/TAF9/TRMT10C/PRPF6/ADAR/ROCK1/RBM47/SF3B5/TRA2A/WBP11/NUDT16/EXOSC9/SNRPF/SMG7/SRSF2/BCAS2/FUS/SRSF5/SRRM1/ZFP36/SETX/PTBP3/RSRC1/TSEN54/UPF3A/SRPK2/CCNL1/NFKBIZ/SF3B1/ZFP36L2/SRSF7/EIF4A3/RBBP6/RBM3/RBM39/SNRPD3/PRMT7/HNRNPA0",0.407017918923954
"GO:0007399","nervous system development",433,-0.263442380328851,-1.37541415678185,0.0032842274893118,0.135514442433673,0.120991259818064,809,"tags=24%, list=19%, signal=22%","BCL11A/ZNF24/FBXO7/ACTB/SPEN/FRYL/RNF7/C1QA/RB1/NIF3L1/DICER1/ARHGAP4/SLC38A2/RBBP4/BTBD1/TUBGCP2/RTN3/LST1/HESX1/MEF2C/JAK2/RUNX2/TMEM14B/BSG/RAB8A/HEXB/MAPK1/CALM3/ANXA2/SUDS3/ARF6/TAOK1/ACSL4/NAP1L1/APLP2/BLOC1S1/GSN/XBP1/RUNX1/RAB10/TRAPPC4/FOXP1/HDAC2/PPP1R9B/PPP1R12A/EP400/BHLHE40/RAPGEF1/CALR/SEC16A/ARID1A/DAB2/CSF1R/SIRT2/SETD5/HSPA5/ITM2C/GLUD1/ROCK1/MEF2A/ARHGEF2/RTCA/KIF2A/DDIT4/STAT3/YWHAG/MARCKSL1/ULK1/SRRT/TUBA1A/USP33/YWHAQ/CXCR4/GRN/NREP/TNFRSF21/UGCG/GRB2/CDK6/TIFAB/SETX/RBBP7/NDRG1/PTPRJ/APAF1/ARF4/YWHAZ/MAP4/CCDC88A/TNFRSF1B/ABI3/RGS2/TMEM107/CUX1/CFLAR/BIN1/EIF2AK4/ZDHHC17/HMGB1/AREG/ACSL3/GPR183/CDC42/FOS",0.431707695803346
"GO:0051241","negative regulation of multicellular organismal process",262,-0.278265440702269,-1.37065341346172,0.0112249051395587,0.241715558633055,0.215810724166574,855,"tags=27%, list=20%, signal=23%","PDE4B/ARHGDIB/BANF1/PRNP/TRIM27/BCL11A/ANXA4/CEBPB/ARID4A/EPN1/RB1/RHEB/SRSF6/DICER1/GAS6/ARHGAP4/CUEDC2/OAS1/RBBP4/LST1/MEF2C/JAK2/ANXA5/PSMA6/CUL3/SUDS3/LNPEP/RUNX1/HLA-F/BTK/FOXP1/MORC3/HDAC2/CORO1C/ARRB2/STAT5A/CALR/SH2B3/UFL1/SIRT2/LILRB2/SREBF2/TIMP1/SOCS1/TMX1/ROCK1/PSMB1/XAF1/OTUD5/PIK3CG/VSIR/TLE3/STAT3/ULK1/SINHCAF/ADCY7/GRN/TNFRSF21/ZFP36/CDK6/TIFAB/PTPN2/RBBP7/PRKAR1A/SPN/TNFRSF1B/RGS2/LAPTM5/BIN1/HMGB1/LDLRAD4",0.380730400722792
"GO:0015931","nucleobase-containing compound transport",90,-0.322212838057673,-1.36881406988071,0.0485762144053601,0.456964518575505,0.407991294519522,1084,"tags=37%, list=26%, signal=28%","TPR/CASC3/NUP42/THOC2/POM121/G3BP2/YBX1/ERH/NEAT1/RBM33/SSB/HNRNPA1/BICD2/MAGOHB/RBM15B/AAAS/TOMM20/SARNP/LRPPRC/SLC25A24/DHX9/KPNB1/THOC7/AGFG1/NUP58/ENY2/SMG7/SLC35B1/ZFP36/UPF3A/RANBP2/SRSF7/EIF4A3",0.266350657088526
"GO:0010608","post-transcriptional regulation of gene expression",232,-0.280747636354955,-1.36737531584178,0.0157934355909547,0.277829557947999,0.248054359573349,986,"tags=31%, list=24%, signal=25%","CIRBP/ETF1/YBX1/EIF4B/SH3BGRL/METAP2/XRN1/NEAT1/RBM33/SSB/BTG2/CNOT6L/CSDE1/HNRNPC/PAIP2/LSM14A/DDX6/DDX3X/DICER1/EIF2AK1/FASTK/SERBP1/LSM3/TUT4/HELZ/NOLC1/RPS6KB2/DDX1/MRPL44/PPP1R15A/SYNCRIP/SARNP/CNOT4/LRPPRC/ANGEL2/DHX9/DCP2/EIF5A/TNRC6B/TOB1/CSNK2A1/MYD88/TRDMT1/CALR/EIF1B/EIF2S3/TIAL1/EIF4E2/ROCK1/RBM47/SECISBP2/STAT3/EIF4G2/EIF2A/FUS/SRP9/ZFP36/TIFAB/EIF4H/EIF2S1/BZW2/ABCE1/UPF3A/DHX29/ELP2/ZFP36L2/RGS2/EIF4A3/DAPK1/RBM3/EIF2AK4/HNRNPA0",0.352487857583619
"GO:0009150","purine ribonucleotide metabolic process",148,0.283089385105973,1.36542334900198,0.0239501040190551,0.320485753503178,0.286139059230309,483,"tags=20%, list=12%, signal=18%","MT-ND4/NDUFA2/NDUFA3/NDUFB5/ATP5MF/ATP5F1D/NDUFB4/ATP5PF/ATP5ME/TGFB1/HSPA8/MT-ND2/BAD/NDUFA1/PFKL/NDUFS4/NDUFB2/ATP5F1E/ATP5MC3/ATP5MC2/AK2/ATP5MG/NME2/NDUFA7/HINT1/ATP5MC1/NDUFA11/NDUFB11/NDUFA8",0.352487857583619
"GO:0003012","muscle system process",114,0.299666551518476,1.36500855733278,0.0237223031413883,0.320140240524904,0.285830575132422,992,"tags=41%, list=24%, signal=32%","YY1/CYBA/JUND/RPL7/GNAS/EMD/RPL9/RPL24/SETD3/IL6ST/RPL30/RPL12/RPL19/RPL23/RPL34/RPL32/RPL10/GSK3A/HSBP1/RPL27/RPL39/MYL6/RPL18A/RPL17/RPL41/RPLP2/SULF2/RPL11/RPL35A/RPL21/RPL7A/RPL36/TPM2/SUMO1/TWF1/RPL36A/UBA52/PABPN1/GSTM2/RPL8/RPL31/EEF2/GRK2/RPL37/PARP1/RPL29/SOD1",0.352487857583619
"GO:0055082","intracellular chemical homeostasis",150,0.280348371635069,1.35943998535896,0.0188899938154211,0.299882363038753,0.267743749298422,607,"tags=23%, list=15%, signal=20%","NCF1/TMEM175/DRD4/GSTP1/SERPINF1/CYBA/DYNLL1/GNAS/SCT/TCIRG1/TGFB1/ORMDL2/STIM2/SMARCB1/ATP6V1G1/BAD/TPT1/ATP6V0B/ATOX1/RNASEK/NDFIP1/B2M/SMDT1/SELENOK/PNPLA2/BOLA3/FUNDC2/CLN3/IREB2/HERPUD1/OSBP/ORMDL1/PIM3/NNT",0.352487857583619
"GO:0001775","cell activation",343,-0.263157164018976,-1.35742464600985,0.010506110438349,0.236145564236742,0.210837670172574,882,"tags=28%, list=21%, signal=24%","FCGR3A/FES/CORO1A/LCP1/SLC39A6/PRNP/TLN1/JAK1/SYVN1/ST3GAL1/ARID2/CEBPB/VCL/ACTB/DDOST/C1QA/IL16/GAS6/FLOT2/HLA-DRA/LST1/DGKZ/MZB1/MEF2C/PLSCR1/IL17RA/JAK2/PLCG2/CD44/RHOH/PSMA6/NMI/THEMIS2/PHB2/GSN/XBP1/RUNX1/HLA-F/BTK/HLA-DMA/TOLLIP/IRF8/HLA-DPB1/VAV1/FOXP1/AIF1/STAT5A/LCP2/SH2B3/UFL1/ARID1A/JMJD1C/LILRB2/FIBP/LYL1/IRF4/SOCS1/TMX1/ITGB2/LAMP1/PSMB1/FCHO1/CD8A/PIK3CG/VSIR/STAT3/YWHAG/FLT3/ADAM10/NBN/KMT2E/TNFSF13/GRN/TNFRSF21/GRB2/FKBP1A/PTPN2/PRKAR1A/PTPRJ/BRD2/FERMT3/SELPLG/SPN/CD8B/TNFRSF1B/ITGAL/NFKBIZ/HLA-DPA1/ZFP36L2/LAPTM5/EIF2AK4/HMGB1/BTN3A1/GPR183/MAP3K8",0.380730400722792
"GO:0071674","mononuclear cell migration",64,-0.337959035096879,-1.35634294366743,0.046875,0.448487641642705,0.400422890731681,714,"tags=28%, list=17%, signal=24%","GAS6/LGMN/ANO6/MAPK1/CORO1C/AIF1/CALR/CSF1R/ICAM2/PIK3CG/ADAM10/CXCR4/PTPRJ/MYO1G/SPN/ITGAL/HMGB1/GPR183",0.276500599254472
"GO:0046649","lymphocyte activation",270,-0.273229981025388,-1.3561099853894,0.0112037503523156,0.241715558633055,0.215810724166574,859,"tags=27%, list=21%, signal=23%","CORO1A/LCP1/SLC39A6/PRNP/JAK1/SYVN1/ST3GAL1/ARID2/CEBPB/ACTB/DDOST/GAS6/FLOT2/HLA-DRA/LST1/MZB1/MEF2C/JAK2/PLCG2/CD44/RHOH/PSMA6/THEMIS2/PHB2/GSN/XBP1/RUNX1/HLA-F/BTK/HLA-DMA/IRF8/HLA-DPB1/VAV1/FOXP1/AIF1/STAT5A/UFL1/ARID1A/JMJD1C/LILRB2/LYL1/IRF4/SOCS1/LAMP1/PSMB1/FCHO1/CD8A/PIK3CG/VSIR/STAT3/YWHAG/FLT3/NBN/TNFSF13/TNFRSF21/GRB2/FKBP1A/PTPN2/PRKAR1A/PTPRJ/BRD2/SPN/CD8B/TNFRSF1B/ITGAL/NFKBIZ/HLA-DPA1/ZFP36L2/LAPTM5/EIF2AK4/HMGB1/BTN3A1/GPR183/MAP3K8",0.380730400722792
"GO:0009259","ribonucleotide metabolic process",153,0.278375650557428,1.35562097435608,0.0158162864796312,0.277829557947999,0.248054359573349,483,"tags=20%, list=12%, signal=18%","MT-ND4/NDUFA2/NDUFA3/NDUFB5/ATP5MF/ATP5F1D/NDUFB4/ATP5PF/ATP5ME/TGFB1/HSPA8/MT-ND2/BAD/NDUFA1/PFKL/NDUFS4/NDUFB2/ATP5F1E/ATP5MC3/ATP5MC2/AK2/ATP5MG/NME2/NDUFA7/HINT1/CDA/ATP5MC1/NDUFA11/NDUFB11/NDUFA8",0.352487857583619
"GO:0006310","DNA recombination",88,-0.318696355189689,-1.35537293611774,0.0474213338681355,0.450502671747287,0.402221968575683,1220,"tags=41%, list=29%, signal=30%","UCHL5/RPA1/KPNA2/XRCC6/RPA2/ZSWIM7/SAMHD1/RECQL/NUCKS1/PPP4R2/RNF126/WAS/DCLRE1C/RECQL5/UBE2N/POGZ/ARID2/ACTB/TERF2IP/NSMCE3/EP400/CSNK2A1/ERCC1/CCNB1IP1/MEAF6/INO80E/MORF4L2/FUS/NBN/TNFSF13/MCM5/SETX/NFKBIZ/ACTR2/MORF4L1/HMGB1",0.321775918075361
"GO:0002429","immune response-activating cell surface receptor signaling pathway",121,-0.299658071027474,-1.355048848879,0.0299766311430712,0.361251938795329,0.322536302416312,1141,"tags=36%, list=27%, signal=27%","IKBKG/CD36/EP300/HCK/PAK2/PIK3R1/FGR/TRBC2/PRKCB/AP3B1/UBE2N/PDE4B/SLC39A6/PRNP/KLHL6/OAS1/DGKZ/MEF2C/PLSCR1/PLCG2/NMI/THEMIS2/RBCK1/TAX1BP1/BTK/HLA-DPB1/VAV1/FOXP1/MYD88/LCP2/FCHO1/SIVA1/CD8A/TNFRSF21/GRB2/PTPN2/PTPRJ/MYO1G/CD8B/NFKBIZ/LAPTM5/HMGB1/BTN3A1",0.352487857583619
"GO:0061061","muscle structure development",146,0.277161684984881,1.35028546487367,0.0385059265213096,0.404382239249245,0.361044296800785,861,"tags=32%, list=21%, signal=26%","YY1/SMARCA2/PLEKHO1/RPL7/EMD/RPL9/TGFB1/RPL24/SMARCB1/MTLN/RPL30/KAT2A/RPL12/RPL19/CACYBP/RPL23/PRR14/RPL34/RPL32/BRD7/RPL10/CD81/GSK3A/RPL27/HDGFL2/RPL39/MYL6/RPL18A/RPL17/REST/RPL41/NACA/RPLP2/QKI/RPL11/RPL35A/RPL21/RPL7A/TCF12/RPL36/CTNNB1/SUPT6H/RPL36A/UBA52/SMARCC1/RPL8/RPL31",0.321775918075361
"GO:0000902","cell morphogenesis",170,-0.286973357861301,-1.34939185214797,0.0182264110546628,0.299882363038753,0.267743749298422,1350,"tags=39%, list=32%, signal=28%","BAIAP2/USP9X/ABI1/DOCK10/LYPLA2/MAP1A/ABI2/MSN/GSK3B/KCTD12/ACTG1/SHTN1/ARHGAP15/ATF4/VASP/NRP1/NRDC/PICALM/HCK/PAK2/DNM2/FGR/FLNA/TPM4/BRWD1/GOLGA4/FES/MKLN1/SNX2/BCL11A/SPINT2/ACTB/FRYL/RB1/DICER1/ARHGAP4/LST1/RREB1/MEF2C/CD44/BSG/RAB8A/HEXB/PARVG/APLP2/RAB10/SEPTIN7/RILPL2/CORO1C/PPP1R12A/CSF1R/ITGB2/ROCK1/MEF2A/ARHGEF2/ULK1/TUBA1A/ITPR1/USP33/CDC42SE1/PTPRJ/ALDOA/ABI3/CUX1/EIF2AK4/ZDHHC17/CDC42",0.352487857583619
"GO:0003013","circulatory system process",86,-0.319801126790788,-1.34918162108884,0.0435510887772194,0.435209496154359,0.388567773876008,703,"tags=26%, list=17%, signal=22%","SLC38A2/TBXAS1/FABP5/SNX5/CALM3/GSN/LNPEP/PRCP/ATP2A2/ROCK1/RAP1GDS1/PIK3CG/SLC2A3/ATP8A1/FKBP1A/PTPRJ/PLVAP/SOD2/TBC1D8/RGS2/BIN1/CDC42",0.282013350011725
"GO:0019693","ribose phosphate metabolic process",154,0.278126613355303,1.34866301188735,0.0206831376995997,0.311600445145939,0.278205995914637,483,"tags=19%, list=12%, signal=18%","MT-ND4/NDUFA2/NDUFA3/NDUFB5/ATP5MF/ATP5F1D/NDUFB4/ATP5PF/ATP5ME/TGFB1/HSPA8/MT-ND2/BAD/NDUFA1/PFKL/NDUFS4/NDUFB2/ATP5F1E/ATP5MC3/ATP5MC2/AK2/ATP5MG/NME2/NDUFA7/HINT1/CDA/ATP5MC1/NDUFA11/NDUFB11/NDUFA8",0.352487857583619
"GO:1901699","cellular response to nitrogen compound",170,-0.286186483787356,-1.34569185200872,0.0185004872977467,0.299882363038753,0.267743749298422,850,"tags=28%, list=20%, signal=23%","STAMBPL1/PRNP/JAK1/BCL11A/ACTB/RB1/GOLPH3/OAS1/LGMN/MZB1/RAP1B/MEF2C/JAK2/SNX5/RAB8A/MAPK1/CUL3/NSMCE3/XBP1/RAB10/HDAC2/DHX9/PPP1R9B/AHCYL1/ARRB2/RAPGEF1/STAT5A/RTF2/HSP90B1/PIP4K2A/SOCS1/ROCK1/ARHGEF2/STAT3/YWHAG/ADCY7/ITPR1/RIOK3/SRSF5/GRB2/TIFAB/PTPN2/PRKAR1A/PTPRJ/CFLAR/MAT2A/FOS",0.352487857583619
"GO:0043434","response to peptide hormone",120,-0.293093247288125,-1.33831071967925,0.0356718609955579,0.393207383798364,0.351067058839978,1047,"tags=33%, list=25%, signal=26%","NUCKS1/CYBB/CTSD/PIK3R1/CAT/LEPROT/PRKCB/JAK1/BTG2/PHEX/RB1/SRSF6/RPS6/MZB1/JAK2/BSG/SNX5/RAB8A/LTA4H/MAPK1/CUL3/XBP1/RAB10/AHCYL1/STAT5A/TIMP1/PIP4K2A/SOCS1/ROCK1/STAT3/YWHAG/ADCY7/SRSF5/GRB2/PTPN2/PRKAR1A/PTPRJ/CFLAR/AREG/FOS",0.321775918075361
"GO:0006338","chromatin remodeling",222,-0.270444480834569,-1.32868395564536,0.0247160464853619,0.320485753503178,0.286139059230309,928,"tags=28%, list=22%, signal=23%","PRKCB/TASOR/MTA1/NOC2L/PHC3/KDM4B/USP15/UBN1/NASP/TRIM27/PIH1D1/ARID2/NAA50/ACTB/SPEN/ATAD2B/HNRNPC/ASH1L/RB1/RBBP4/RBM15B/TRMT112/JAK2/SUDS3/RAD23A/HDGF/NAP1L1/HDAC2/CBX5/BAZ1A/CREBZF/CSNK2A1/MYD88/WAC/ARID1A/HUWE1/JMJD1C/SUPT4H1/SIRT2/SETD5/TAF9/DPF2/APOBEC3A/RIOX2/RAD23B/MEAF6/INO80E/BCL7A/NTMT1/NBN/KMT2E/NSD3/SRCAP/RBBP7/UBE2A/BRD2/SRPK2/NFKBIZ/TSPYL2/SF3B1/PRMT7/HMGB1/CHD2",0.352487857583619
"GO:0034330","cell junction organization",142,-0.291621980747926,-1.32757866279916,0.0234338698479537,0.320140240524904,0.285830575132422,846,"tags=27%, list=20%, signal=22%","PTPRA/PRNP/TLN1/VCL/ACTB/RNF7/C1QA/VMP1/ARHGAP4/LGMN/RPS6/RAP1B/MEF2C/ARF6/CORO1C/PPP1R9B/RAPGEF1/SH3BP1/CSF1R/LILRB2/PDCD6IP/SETD5/ROCK1/ARF1/RCC2/TUBA1A/ADAM10/GRN/CD2AP/PTPRJ/ARF4/YWHAZ/RHOB/ABI3/ZDHHC17/RHOC/MAPRE2/CDC42",0.352487857583619
"GO:0065009","regulation of molecular function",209,-0.271258987118225,-1.32164930069573,0.03718354221301,0.401523054209292,0.358491532727641,756,"tags=23%, list=18%, signal=20%","RB1/VMP1/GAS6/OAS1/BTAF1/SYMPK/BTBD1/NOLC1/PLSCR1/JAK2/TIGAR/CALM3/HERC5/CORO1C/PPP1R12A/RAPGEF1/MYD88/LCP2/SH3BP1/NEK7/CSF1R/JUN/SIRT2/RIC1/TIMP1/TMED2/ADAR/ROCK1/ATP5IF1/RCC2/PIK3CG/VSIR/YWHAG/FLT3/GRN/ZFP36/GTF2B/ABCE1/PRKAR1A/PTPRJ/CCDC88A/TNFRSF1B/TSPYL2/GOLGA2/DAPK1/SNX18/HMGB1/RHOC/RGS1",0.321775918075361
"GO:0032870","cellular response to hormone stimulus",174,-0.280283990276774,-1.32057158558794,0.0442338072669826,0.440072721922717,0.392909804156518,673,"tags=22%, list=16%, signal=19%","NCOA4/MZB1/MEF2C/JAK2/SNX5/RAB8A/MAPK1/CUL3/XBP1/RAB10/FOXP1/HDAC2/AHCYL1/PIM1/STAT5A/CALR/UFL1/DAB2/PIP4K2A/SOCS1/ROCK1/STAT3/YWHAG/ADCY7/FLT3/ABHD2/MT-ND3/SRSF5/UGCG/ZFP36/GRB2/PTPN2/PRKAR1A/PTPRJ/ZFP36L2/CFLAR/FOS/FOSB",0.271288554688953
"GO:0071495","cellular response to endogenous stimulus",286,-0.263808556638808,-1.31958884140231,0.0249553280303874,0.320485753503178,0.286139059230309,695,"tags=22%, list=17%, signal=20%","LGMN/RBBP4/SPART/NCOA4/MZB1/MEF2C/JAK2/CD44/RUNX2/SNX5/RAB8A/TIGAR/MAPK1/CUL3/SUDS3/ARF6/XBP1/RAB10/FOXP1/HDAC2/PPP1R9B/AHCYL1/PIM1/ARRB2/RAPGEF1/STAT5A/CALR/UFL1/DAB2/JUN/FIBP/PIP4K2A/SOCS1/ROCK1/DDIT4/STAT3/YWHAG/SINHCAF/ADCY7/FLT3/ABHD2/MT-ND3/CDKN1C/NREP/SRSF5/UGCG/ZFP36/GRB2/FKBP1A/PTPN2/RBBP7/PRKAR1A/PTPRJ/APAF1/BECN1/NFKBIZ/ZFP36L2/EIF4A3/CFLAR/ZDHHC17/LDLRAD4/FOS/FOSB",0.352487857583619
"GO:0007010","cytoskeleton organization",355,-0.256366963364488,-1.31709773299522,0.00889189112060682,0.22261387778402,0.198756184524436,940,"tags=26%, list=22%, signal=22%","TPM4/ARL2/WAS/WASF2/PCNT/ZEB2/CKAP2/BRWD1/FES/MKLN1/CORO1A/LCP1/EML4/TLN1/TRIM27/MSRB2/ACTB/DCTN2/CHORDC1/LSM14A/DSTN/SMC3/BICD2/FLNB/ARHGAP4/RNF4/SEPTIN6/TUBGCP2/ACAP1/AAAS/JAK2/RHOH/CHMP3/MAPK1/CUL3/PARVG/ARF6/TAOK1/GSN/SEPTIN7/ACTR3/CORO1C/ARHGAP25/PPP1R9B/AIF1/PPP1R12A/SSH2/SH3BP1/KPNB1/NEK7/CSF1R/COTL1/HSP90B1/PDCD6IP/WASHC4/CAPZB/ROCK1/ARF1/RAP1GDS1/AGFG1/ARHGEF2/KIF2A/MARCKSL1/TUBA1A/USP33/NTMT1/ARPC5/AKAP13/CD2AP/FCHSD2/GRB2/GTF2B/IQGAP2/ZNF207/MRTFA/ALDOA/MYO1G/CYTH2/MAP4/CHMP1B/CCDC88A/RHOB/CCNL1/ABI3/ACTR2/GOLGA2/CFLAR/CORO7/BIN1/RHOC/MAPRE2/CDC42",0.380730400722792
"GO:0090407","organophosphate biosynthetic process",208,0.256043985346322,1.31560377654151,0.0285191053003666,0.350481600457272,0.31292022917138,487,"tags=19%, list=12%, signal=18%","MT-ND4/NDUFA2/PLAAT3/NDUFA3/PLEK/NAPRT/NDUFB5/PMVK/ATP5MF/ATP5F1D/NDUFB4/AGPAT5/ATP5PF/ATP5ME/TGFB1/MT-ND2/NDUFA1/NDUFS4/NDUFB2/ATP5F1E/ATP5MC3/IP6K2/MBOAT7/ATP5MC2/LPCAT4/SBF1/PIK3CD/AK2/ATP5MG/NME2/NDUFA7/DGKA/CDA/ATP5MC1/NDUFA11/CLN3/ATM/NDUFB11/NDUFA8/CDIPT",0.352487857583619
"GO:0009888","tissue development",271,-0.263664185971072,-1.31536680252367,0.016238150864802,0.282504696973183,0.252228460505495,933,"tags=30%, list=22%, signal=25%","WAS/TASOR/OPN3/DDX17/ZEB2/FES/CTSB/SLC39A6/PHEX/PDCD6/PIH1D1/DNPH1/ANXA4/CEBPB/SPINT2/VCL/ACTB/PAF1/RB1/RHEB/SRSF6/GAS6/FLOT2/CPT1A/RAP1B/SLC39A10/RREB1/MEF2C/NOLC1/PEF1/JAK2/CD44/ANO6/RUNX2/FABP5/BSG/LTA4H/XBP1/RUNX1/RAB10/BTK/TOLLIP/FOXP1/HDAC2/RILPL2/CORO1C/PIM1/ARRB2/RAPGEF1/CALR/SH3BP1/DAB2/CSF1R/SIRT2/CBR1/TIMP1/MAGED1/ATP2A2/ITGB2/ROCK1/OTUD5/IPO7/ST14/AKAP13/MDM4/UGCG/ZFP36/CDK6/FKBP1A/HS3ST3B1/TRADD/CREB3L2/MRTFA/RHOB/NFKBIZ/RGS2/TMEM107/CFLAR/RHOC/LDLRAD4/CDC42",0.352487857583619
"GO:0030155","regulation of cell adhesion",227,-0.269806710232146,-1.310234000693,0.0249461226076213,0.320485753503178,0.286139059230309,846,"tags=27%, list=20%, signal=23%","PTPRA/UTRN/PRNP/TLN1/JAK1/ARID2/CEBPB/SPINT2/VCL/ACTB/RNF7/FLOT2/HLA-DRA/RREB1/JAK2/CD44/RHOH/PSMA6/XBP1/RUNX1/HLA-DMA/HLA-DPB1/VAV1/CORO1C/AIF1/PPP1R12A/STAT5A/CALR/SH2B3/UFL1/ARID1A/DAB2/LILRB2/SOCS1/TMX1/ITGB2/ROCK1/PSMB1/FCHO1/RCC2/PIK3CG/VSIR/ST3GAL4/YWHAG/ADAM10/CXCR4/TNFRSF21/CDK6/PTPN2/PRKAR1A/PTPRJ/BRD2/FERMT3/SPN/NFKBIZ/HLA-DPA1/FXYD5/LAPTM5/HMGB1/CDC42/MAP3K8",0.352487857583619
"GO:0045595","regulation of cell differentiation",339,-0.256665455858522,-1.30712329916115,0.0147185623770354,0.268167937709769,0.239428182292804,809,"tags=24%, list=19%, signal=21%","BCL11A/ARID2/CEBPB/VCL/ACTB/SPEN/PAF1/RB1/RHEB/SRSF6/DICER1/GAS6/ARHGAP4/FLOT2/RBBP4/HLA-DRA/RREB1/MEF2C/MTCH2/JAK2/RHOH/RUNX2/PSMA6/ANXA2/CNOT4/NAP1L1/XBP1/RUNX1/BTK/PIAS1/FOXP1/HDAC2/CORO1C/PIM1/BHLHE40/ARRB2/STAT5A/CALR/ARID1A/DAB2/SIRT2/LILRB2/PITHD1/IRF4/DPF2/SRA1/SOCS1/N4BP2L2/ROCK1/PSMB1/MEAF6/IPO7/ARHGEF2/VSIR/STAT3/YWHAG/ULK1/SRRT/SINHCAF/BCL7A/CXCR4/GRN/NREP/TNFRSF21/ZFP36/CDK6/PTPN2/RBBP7/PTBP3/GLUL/BRD2/TNFRSF1B/NFKBIZ/ZFP36L2/RGS2/CUX1/BIN1/ASXL2/EIF2AK4/HMGB1/AREG/LDLRAD4",0.380730400722792
"GO:0055085","transmembrane transport",344,0.242612498495285,1.30591777708506,0.0118215278906015,0.247712492945533,0.221164962611439,520,"tags=18%, list=12%, signal=17%","ABCA7/MT-ND4/NDUFA2/CD4/TMEM175/NDUFA3/TOMM7/NDUFB5/ATP5MF/ATP5F1D/NDUFB4/TMEM63A/TOMM22/MFSD12/IBTK/SCARB1/SPNS1/ATP5PF/FYN/ATP5ME/CLIC3/TCIRG1/TGFB1/COX6B1/MT-ND2/STIM2/ATP6V1G1/NDUFA1/SLC2A1/GP1BB/ATP6V0B/NDUFS4/NDUFB2/ATP5F1E/ZFAND2B/ORAI1/ATP5MC3/MPC2/ATOX1/CLIC1/AP3D1/ATP5MC2/ROMO1/RNASEK/ATP5MG/SLC25A28/NDUFA7/SEC62/SMDT1/SRP14/GSK3A/ARPP19/SLC1A5/ORAI3/HSPA4/ATP5MC1/CLN3/S100A6/NDUFA8/SLC25A32/PLP2/PNPT1",0.380730400722792
"GO:0120036","plasma membrane bounded cell projection organization",287,-0.26152825501526,-1.30285746301371,0.0232070904623283,0.319152748834306,0.284948913653691,1195,"tags=35%, list=29%, signal=27%","ACTG1/SHTN1/MIEN1/PREX1/VASP/NRP1/TTC17/NRDC/VDAC3/PICALM/CCDC32/EP300/CFAP298/PAK2/THOC2/RAB11A/PIK3R1/DNM2/FLNA/TXNDC15/MANF/DGUOK/RAB6A/WAS/WASF2/DYNLRB1/PCNT/GOLGA4/FES/OFD1/PRNP/BTG2/SNX2/BCL11A/VCL/FBXO7/ACTB/FRYL/RB1/GOLPH3/DICER1/ARHGAP4/RRP7A/LGMN/LST1/RREB1/MEF2C/JAK2/CD44/ANO6/BSG/RAB8A/ARF6/APLP2/BLOC1S1/GSN/RAB10/TRAPPC4/SEPTIN7/ACTR3/HDAC2/RILPL2/CORO1C/PPP1R9B/AIF1/PPP1R12A/RAPGEF1/SH3BP1/ODF2L/DAB2/CSF1R/ITM2C/ROCK1/MEF2A/ARF1/RCC2/RTCA/ULK1/TUBA1A/USP33/GRN/NREP/TNFRSF21/CD2AP/SETX/PTPRJ/ARF4/MAP4/CCDC88A/FXYD5/ABI3/ACTR2/RGS2/TMEM107/CUX1/CFLAR/EIF2AK4/ZDHHC17/HMGB1/AREG/CDC42",0.352487857583619
"GO:0030030","cell projection organization",296,-0.258243488049418,-1.29675547058355,0.0247557828945024,0.320485753503178,0.286139059230309,1195,"tags=35%, list=29%, signal=27%","ACTG1/SHTN1/MIEN1/PREX1/VASP/NRP1/TTC17/NRDC/VDAC3/PICALM/CCDC32/EP300/CFAP298/PAK2/THOC2/RAB11A/PIK3R1/DNM2/FLNA/TXNDC15/MANF/DGUOK/RAB6A/WAS/WASF2/DYNLRB1/PCNT/GOLGA4/FES/RO60/OFD1/PRNP/BTG2/SNX2/BCL11A/VCL/FBXO7/ACTB/FRYL/RB1/GOLPH3/DICER1/ARHGAP4/RRP7A/LGMN/NUBP2/LST1/RREB1/MEF2C/JAK2/CD44/ANO6/BSG/RAB8A/CUL3/PARVG/ARF6/APLP2/BLOC1S1/GSN/RAB10/TRAPPC4/SEPTIN7/ACTR3/HDAC2/RILPL2/CORO1C/PPP1R9B/AIF1/PPP1R12A/RAPGEF1/SH3BP1/ODF2L/DAB2/CSF1R/ITM2C/ROCK1/MEF2A/ARF1/RCC2/RTCA/ULK1/TUBA1A/USP33/GRN/NREP/TNFRSF21/CD2AP/SETX/PTPRJ/ARF4/MAP4/CCDC88A/FXYD5/ABI3/ACTR2/RGS2/TMEM107/CUX1/CFLAR/EIF2AK4/ZDHHC17/HMGB1/AREG/CDC42",0.352487857583619
"GO:0048513","animal organ development",399,-0.248918030327179,-1.29329047483597,0.0221555351947921,0.317272438156397,0.283270117256172,898,"tags=27%, list=21%, signal=23%","DDX17/ZEB2/KDM4B/FES/LCP1/NASP/UTRN/SLC39A6/PHEX/SRP54/PDCD6/CEBPB/ACTB/CSDE1/RB1/RHEB/FLNB/SRSF6/GAS6/SLC38A2/RBBP4/BTBD1/CPT1A/NCOA4/TUBGCP2/RTN3/HESX1/SLC39A10/RREB1/MEF2C/NOLC1/PEF1/FRG1/JAK2/CD44/ANO6/RUNX2/TMEM14B/BSG/LTA4H/CALM3/CUL3/ANXA2/SUDS3/XBP1/RUNX1/FOXP1/HDAC2/CORO1C/PPP1R9B/PIM1/ARRB2/MYD88/STAT5A/CALR/SEC16A/SH2B3/DAB2/CSF1R/SIRT2/HSPA5/TIMP1/MAGED1/TMED2/GLUD1/ROCK1/MEF2A/OTUD5/RELT/RAD23B/ST14/DDIT4/TLE3/STAT3/HECTD1/TUBA1A/FLT3/ADAM10/YWHAQ/AKAP13/CXCR4/MDM4/SRSF5/UGCG/ZFP36/CDK6/TIFAB/FKBP1A/HS3ST3B1/TRADD/RBBP7/CREB3L2/APAF1/NRIP1/YWHAZ/TNFRSF1B/NFKBIZ/VAMP5/RGS2/EIF4A3/NBPF26/CFLAR/ASXL2/LDLRAD4/CDC42/FOS/CHD2",0.352487857583619
"GO:0098657","import into cell",271,-0.256640831770681,-1.28032872208231,0.025363552876078,0.32103730001035,0.286631496092038,640,"tags=20%, list=15%, signal=18%","SLC39A10/SLC30A5/PLSCR1/PPP3CC/PLCG2/CD44/ANO6/SNX5/MAPK1/CALM3/RAB4B/ANXA2/ARF6/GSN/BTK/SMAP1/VAV1/CORO1C/ARHGAP25/AIF1/ARRB2/MYD88/CALR/SH3BP1/DAB2/RUBCN/CD302/ITGB2/ROCK1/ARF1/FCHO1/PIK3CG/STAT3/SLC2A3/SYNRG/USP33/ATP8A1/FCHSD2/CDC42SE1/GRB2/SLC7A6/PTPRJ/MYO1G/BECN1/CYTH2/ITGAL/CANX/FXYD5/RGS2/BIN1/SNX18/HMGB1/NECAP2/ACSL3/CDC42",0.352487857583619
"GO:0070925","organelle assembly",255,-0.257026087062764,-1.27783216342817,0.0451795959439852,0.443380004912798,0.395862643192405,1093,"tags=33%, list=26%, signal=26%","SUGT1/TPR/MZT1/HCK/HPS4/CFAP298/MDN1/MALSU1/RAB11A/ATG4B/BRIX1/EIF1AX/FLNA/TXNDC15/CIRBP/G3BP2/GABARAP/AP3B1/RPS19/PCNT/MAP1LC3B/AP1S1/POGZ/CORO1A/NASP/OFD1/RAB1A/CNOT6L/CSDE1/LSM14A/SMC3/VMP1/DDX6/DDX3X/RRP7A/RNF4/RPS6/LSM3/TUBGCP2/SNF8/AAAS/RAB8A/CHMP3/CDS2/GSN/RAB10/SEPTIN7/ACTR3/RILPL2/NOP2/KPNB1/ODF2L/NEK7/PDCD6IP/PIP4K2A/ATP2A2/AGFG1/KIF2A/STX7/ULK1/RAB1B/USP33/TBC1D14/EIF2A/FUS/AKAP13/EIF2S1/GTF2B/DAZAP2/ZNF207/BECN1/ARF4/DHX29/MAP4/CHMP1B/CCDC88A/ABI3/ACTR2/GOLGA2/TMEM107/CFLAR/SNX18/MAPRE2",0.321775918075361
"GO:0009719","response to endogenous stimulus",343,-0.246691412516441,-1.27249054593343,0.0361297880637397,0.396740790601065,0.354221787832925,695,"tags=21%, list=17%, signal=19%","LGMN/RPS6/RBBP4/SPART/NCOA4/MZB1/MEF2C/JAK2/CD44/RUNX2/BSG/SNX5/RAB8A/TIGAR/LTA4H/MAPK1/CALM3/CUL3/SUDS3/ARF6/XBP1/CD68/RAB10/FOXP1/HDAC2/PPP1R9B/AHCYL1/PIM1/ARRB2/RAPGEF1/MYD88/STAT5A/CALR/UFL1/DAB2/JUN/FIBP/SREBF2/TIMP1/PIP4K2A/SOCS1/ITGB2/ROCK1/DDIT4/STAT3/YWHAG/SINHCAF/ADCY7/FLT3/ABHD2/MT-ND3/CDKN1C/NREP/SRSF5/UGCG/ZFP36/GRB2/FKBP1A/PTPN2/RBBP7/PRKAR1A/PTPRJ/APAF1/BECN1/NFKBIZ/ZFP36L2/EIF4A3/CFLAR/ZDHHC17/AREG/LDLRAD4/FOS/FOSB",0.321775918075361
"GO:0098609","cell-cell adhesion",225,-0.258500701437213,-1.26230077989724,0.0443425076452599,0.440072721922717,0.392909804156518,833,"tags=26%, list=20%, signal=22%","PRNP/TLN1/JAK1/ARID2/CEBPB/SPINT2/VCL/ACTB/VMP1/GOLPH3/FLOT2/HLA-DRA/JAK2/CD44/RHOH/BSG/PSMA6/ANXA2/XBP1/RUNX1/RAB10/HLA-DMA/HLA-DPB1/VAV1/TNIP1/AIF1/STAT5A/SH2B3/UFL1/ARID1A/LILRB2/FIBP/SOCS1/TMX1/ITGB2/ROCK1/PSMB1/FCHO1/ICAM2/PIK3CG/VSIR/ST3GAL4/YWHAG/TNFRSF21/PTPN2/PRKAR1A/BRD2/FERMT3/SELPLG/SPN/ITGAL/NFKBIZ/ITGB7/HLA-DPA1/FXYD5/LAPTM5/HMGB1/MAP3K8",0.266350657088526
"GO:0009896","positive regulation of catabolic process",188,-0.261076465730684,-1.26163791611562,0.0498392282958199,0.459858438716703,0.410575071107525,826,"tags=27%, list=20%, signal=22%","BTG2/CNOT6L/FBXO7/CSDE1/DDX6/EIF2AK1/PSMC5/CPT1A/LSM3/TUT4/SNF8/HELZ/MTDH/SYNCRIP/CNOT4/RAD23A/XBP1/PIAS1/DHX9/DCP2/TNRC6B/TOB1/CSNK2A1/WAC/UFL1/DAB2/HUWE1/SIRT2/HSPA5/PSMC6/PIP4K2A/TMEM59/TMX1/ROCK1/UBR4/ATP5IF1/DELE1/VSIR/ULK1/HECTD1/USP33/ZFP36/UBE2A/BECN1/TNFRSF1B/ZFP36L2/LAPTM5/DAPK1/SNX18/HMGB1",0.257206466468838
"GO:0007155","cell adhesion",313,-0.247460870895614,-1.25709461095791,0.0458857312263229,0.44618852451724,0.398370171682083,870,"tags=27%, list=21%, signal=23%","FES/MKLN1/CORO1A/PTPRA/UTRN/PRNP/TLN1/JAK1/RAB1A/ARID2/CEBPB/SPINT2/VCL/ACTB/RNF7/VMP1/GOLPH3/FLOT2/HLA-DRA/SYMPK/KLC1/RREB1/JAK2/CD44/RHOH/SIGLEC6/BSG/PSMA6/PARVG/THEMIS2/ANXA2/ARF6/XBP1/RUNX1/RAB10/HLA-DMA/HLA-DPB1/VAV1/CORO1C/TNIP1/AIF1/PPP1R12A/STAT5A/CALR/SH2B3/UFL1/ARID1A/DAB2/LILRB2/FIBP/ATP2A2/SOCS1/TMX1/ITGB2/ROCK1/PSMB1/FCHO1/RCC2/ICAM2/PIK3CG/VSIR/ST3GAL4/YWHAG/ADAM10/CXCR4/TNFRSF21/CDK6/PTPN2/PRKAR1A/PTPRJ/BRD2/FERMT3/SELPLG/SPN/ITGAL/RHOB/NFKBIZ/ITGB7/HLA-DPA1/FXYD5/LAPTM5/HMGB1/CDC42/MAP3K8",0.321775918075361
"GO:0009725","response to hormone",225,-0.256845611325451,-1.25421870689991,0.0489296636085627,0.457310254050256,0.408299977268775,1047,"tags=29%, list=25%, signal=23%","NUCKS1/UBA5/CYBB/CTSD/PIK3R1/USP8/DUSP1/CAT/JUNB/WBP2/LEPROT/PRKCB/DDX17/CTSB/JAK1/BTG2/PHEX/RB1/SRSF6/RPS6/NCOA4/MZB1/MEF2C/JAK2/BSG/SNX5/RAB8A/LTA4H/MAPK1/CALM3/CUL3/XBP1/RAB10/FOXP1/HDAC2/PPP1R9B/AHCYL1/PIM1/STAT5A/CALR/UFL1/DAB2/JUN/TIMP1/PIP4K2A/SOCS1/ROCK1/STAT3/YWHAG/ADCY7/FLT3/ABHD2/MT-ND3/SRSF5/UGCG/ZFP36/GRB2/PTPN2/RBBP7/PRKAR1A/PTPRJ/ZFP36L2/CFLAR/AREG/FOS/FOSB",0.252961123069611
"GO:0045934","negative regulation of nucleobase-containing compound metabolic process",423,-0.240516054389182,-1.2519630998654,0.0351841632243938,0.392193124163097,0.350161498156927,838,"tags=26%, list=20%, signal=23%","TFDP2/PRNP/HNRNPA1/BTG2/TRIM27/BCL11A/ANXA4/ZNF24/CEBPB/ARID4A/TBL1XR1/SPEN/CSDE1/HNRNPC/PAF1/RB1/NIF3L1/U2AF2/SRSF6/DICER1/GAS6/RBBP4/BTAF1/TINF2/MAF1/ELF2/APOBEC3G/HESX1/RREB1/MTDH/MEF2C/YWHAB/SYNCRIP/RUNX2/TERF2IP/TIGAR/SUDS3/LRPPRC/ZNF652/NSMCE3/HDGF/PHB2/TNKS2/XBP1/RUNX1/ANGEL2/IRF8/PIAS1/FOXP1/MORC3/HDAC2/DHX9/DCP2/CBX5/CREBZF/TOB1/ZMYM2/BHLHE40/CSNK2A1/ERCC1/MYD88/TRDMT1/CALR/LRRFIP1/DAB2/SUPT4H1/JUN/SIRT2/SETD5/SREBF2/MAGED1/DPF2/N4BP2L2/MEF2A/RBM47/APOBEC3A/RIOX2/ATP5IF1/TLE3/NUDT16/STAT3/SINHCAF/SNRPF/CCAR1/YWHAQ/SRSF2/BCL7A/FUS/CDKN1C/NBN/MDM4/ZFP36/DR1/RBBP7/UPF3A/NRIP1/YWHAZ/SIAH2/RANBP2/TSPYL2/SRSF7/CUX1/BIN1/SNRPD3/HNRNPA0/HMGB1/KLF10/FOSB",0.321775918075361
"GO:0006397","mRNA processing",261,-0.252013809532602,-1.24889598359475,0.0396946564885496,0.411511792768993,0.36740977081819,871,"tags=26%, list=21%, signal=22%","RBM17/SSU72/ARL6IP4/ARGLU1/HNRNPA1/HNRNPM/CNOT6L/HNRNPC/PAF1/SUGP2/SMU1/U2AF2/SRSF6/MAGOHB/RBM15B/SYMPK/CLASRP/LSM3/SNRNP25/IK/HNRNPUL1/DDX1/TSEN15/SYNCRIP/FRG1/LUC7L/SNRPA1/ANGEL2/SRSF8/PCF11/DHX9/AHCYL1/FAM32A/SF3A3/HNRNPR/PRPF40A/TRA2B/THOC7/SLU7/TIAL1/TRMT10C/PRPF6/ADAR/RBM47/SF3B5/TRA2A/WBP11/SNRPF/SRSF2/BCAS2/SRSF5/SRRM1/SETX/PTBP3/RSRC1/TSEN54/SRPK2/CCNL1/SF3B1/SRSF7/EIF4A3/RBBP6/RBM3/RBM39/SNRPD3/PRMT7/HNRNPA0",0.282013350011725
"GO:0002684","positive regulation of immune system process",363,-0.240652659885416,-1.24487708024766,0.0421216848673947,0.428349573455771,0.38244303414605,909,"tags=26%, list=22%, signal=22%","AP3B1/RPS19/UBE2N/FCGR3A/USP15/FES/PDE4B/SLC39A6/BANF1/PRNP/LRCH4/DNM1L/ARID2/KLHL6/ACTB/C1QA/DDX3X/IL16/GAS6/OAS1/FLOT2/LGMN/HLA-DRA/CPT1A/DGKZ/MZB1/MEF2C/PLSCR1/DDX1/JAK2/PLCG2/ANO6/RHOH/NMI/MAPK1/THEMIS2/PHB2/XBP1/RBCK1/RUNX1/TAX1BP1/HLA-F/BTK/HLA-DMA/HLA-DPB1/VAV1/FOXP1/DHX9/CORO1C/TNIP1/AIF1/ARRB2/MYD88/CALR/LCP2/ARID1A/NEK7/CSF1R/LILRB2/HSP90B1/SOCS1/ITGB2/LAMP1/RBM47/FCHO1/SIVA1/CD8A/STX7/VSIR/YWHAG/ADCY7/ADAM10/RIOK3/TNFSF13/TNFRSF21/GRB2/TIFAB/PTPN2/PTPRJ/PLVAP/MYO1G/BECN1/BRD2/SPN/CD8B/NFKBIZ/HLA-DPA1/LAPTM5/EIF2AK4/HMGB1/BTN3A1/GPR183/MAP3K8",0.276500599254472
"GO:1902680","positive regulation of RNA biosynthetic process",463,-0.229186164454772,-1.21330811510355,0.0492753623188406,0.458143293715712,0.409043739459667,1027,"tags=28%, list=25%, signal=23%","CXXC1/RSF1/PIK3R1/DNM2/IER2/MED13L/TRIM38/YBX1/CRLF3/JUNB/WBP2/MED27/ZNF580/WAS/PRKCB/MTA1/DDX17/ZEB2/RERE/CKAP2/ARGLU1/ZFAT/TFDP2/TRIM27/PIH1D1/BCL11A/ZNF24/CEBPB/TBL1XR1/ACTB/PAF1/NIF3L1/EIF4A1/DDX3X/ILF2/PSMC5/SERTAD2/RNF4/RBBP4/MED30/NCOA4/ELF2/NFATC2IP/RREB1/MTDH/MEF2C/YWHAB/PLSCR1/JAK2/RUNX2/SNX5/HEXB/ANXA2/HDGF/XBP1/RBCK1/RUNX1/IRF8/PIAS1/ACTR3/HDAC2/DHX9/RFX5/TNIP1/PPP1R12A/EIF5A/CREBZF/TAF11/EP400/PIM1/CSNK2A1/MYD88/STAT5A/WAC/ARID1A/CCNC/DAB2/SUPT4H1/JUN/UBE2E1/SIRT2/PITHD1/LYL1/SREBF2/HSPA5/UBTF/MSL3/TAF9/IRF4/PSMC6/MAGED1/SRA1/PRPF6/KANSL1/MEF2A/SF3B5/MEAF6/ARHGEF2/EAF2/NFYC/TLE3/INO80E/STAT3/ENY2/EXOSC9/CCAR1/MORF4L2/FUS/KMT2E/RFXANK/SETX/NSD3/SRCAP/RBBP7/CREB3L2/DAZAP2/MRTFA/ARF4/NRIP1/NFKBIZ/SF3B1/ACTR2/ASXL2/MORF4L1/HMGB1/KLF10/FOS/FOSB",0.245041785430996
"GO:0051253","negative regulation of RNA metabolic process",388,-0.233718089560925,-1.21277014749491,0.0468986384266263,0.448487641642705,0.400422890731681,838,"tags=25%, list=20%, signal=22%","TFDP2/PRNP/BTG2/TRIM27/BCL11A/ANXA4/ZNF24/CEBPB/ARID4A/TBL1XR1/SPEN/CSDE1/HNRNPC/PAF1/RB1/NIF3L1/U2AF2/SRSF6/DICER1/GAS6/RBBP4/BTAF1/MAF1/ELF2/APOBEC3G/HESX1/RREB1/MTDH/MEF2C/YWHAB/SYNCRIP/RUNX2/SUDS3/LRPPRC/ZNF652/NSMCE3/HDGF/PHB2/XBP1/RUNX1/ANGEL2/IRF8/PIAS1/FOXP1/MORC3/HDAC2/DHX9/CBX5/CREBZF/TOB1/ZMYM2/BHLHE40/MYD88/TRDMT1/CALR/LRRFIP1/DAB2/SUPT4H1/JUN/SIRT2/SETD5/SREBF2/MAGED1/DPF2/N4BP2L2/MEF2A/RBM47/APOBEC3A/RIOX2/TLE3/NUDT16/STAT3/SINHCAF/SNRPF/CCAR1/YWHAQ/SRSF2/BCL7A/FUS/CDKN1C/MDM4/ZFP36/DR1/RBBP7/UPF3A/NRIP1/YWHAZ/SIAH2/RANBP2/SRSF7/CUX1/BIN1/SNRPD3/HNRNPA0/HMGB1/KLF10/FOSB",0.257206466468838
"GO:0045893","positive regulation of DNA-templated transcription",462,-0.23064985596378,-1.20719952526318,0.0414201183431953,0.425698582829708,0.380076152138103,1027,"tags=28%, list=25%, signal=23%","CXXC1/RSF1/PIK3R1/DNM2/IER2/MED13L/TRIM38/YBX1/CRLF3/JUNB/WBP2/MED27/ZNF580/WAS/PRKCB/MTA1/DDX17/ZEB2/RERE/CKAP2/ARGLU1/ZFAT/TFDP2/TRIM27/PIH1D1/BCL11A/ZNF24/CEBPB/TBL1XR1/ACTB/PAF1/NIF3L1/EIF4A1/DDX3X/ILF2/PSMC5/SERTAD2/RNF4/RBBP4/MED30/NCOA4/ELF2/NFATC2IP/RREB1/MTDH/MEF2C/YWHAB/PLSCR1/JAK2/RUNX2/SNX5/HEXB/ANXA2/HDGF/XBP1/RBCK1/RUNX1/IRF8/PIAS1/ACTR3/HDAC2/DHX9/RFX5/TNIP1/PPP1R12A/EIF5A/CREBZF/TAF11/EP400/PIM1/CSNK2A1/MYD88/STAT5A/WAC/ARID1A/CCNC/DAB2/SUPT4H1/JUN/UBE2E1/SIRT2/PITHD1/LYL1/SREBF2/HSPA5/UBTF/MSL3/TAF9/IRF4/PSMC6/MAGED1/SRA1/PRPF6/KANSL1/MEF2A/SF3B5/MEAF6/ARHGEF2/EAF2/NFYC/TLE3/INO80E/STAT3/ENY2/EXOSC9/CCAR1/MORF4L2/FUS/KMT2E/RFXANK/SETX/NSD3/SRCAP/RBBP7/CREB3L2/DAZAP2/MRTFA/ARF4/NRIP1/NFKBIZ/SF3B1/ACTR2/ASXL2/MORF4L1/HMGB1/KLF10/FOS/FOSB",0.271288554688953
"GO:0002682","regulation of immune system process",487,-0.228120295501542,-1.20445721723749,0.0474074074074074,0.450502671747287,0.402221968575683,841,"tags=23%, list=20%, signal=21%","SLC39A6/BANF1/PRNP/LRCH4/DNM1L/ARID2/CEBPB/KLHL6/ACTB/PAF1/FAM3A/C1QA/DDX3X/IL16/GAS6/CUEDC2/OAS1/FLOT2/LGMN/HLA-DRA/CPT1A/LST1/DGKZ/MZB1/MEF2C/PLSCR1/DDX1/JAK2/PLCG2/ANO6/RHOH/PSMA6/NMI/MAPK1/THEMIS2/CNOT4/PHB2/XBP1/RBCK1/CD68/RUNX1/TAX1BP1/HLA-F/BTK/HLA-DMA/HLA-DPB1/VAV1/FOXP1/DHX9/CORO1C/TNIP1/AIF1/PIM1/ARRB2/MYD88/STAT5A/CALR/LCP2/UFL1/ARID1A/NEK7/CSF1R/LILRB2/HSP90B1/PITHD1/IRF4/SOCS1/ITGB2/LAMP1/EIF4E2/PSMB1/RBM47/OTUD5/MEAF6/FCHO1/SIVA1/CD8A/STX7/VSIR/ST3GAL4/STAT3/YWHAG/ADCY7/ADAM10/RIOK3/TNFSF13/GRN/TNFRSF21/ZFP36/GRB2/CDK6/TIFAB/FKBP1A/PTPN2/PRKAR1A/PTPRJ/GLUL/PLVAP/MYO1G/BECN1/BRD2/YWHAZ/SPN/CD8B/TNFRSF1B/NFKBIZ/HLA-DPA1/ZFP36L2/LAPTM5/EIF2AK4/HMGB1/BTN3A1/GPR183/MAP3K8",0.252961123069611
