"gene","baseMean","log2FoldChange","lfcSE","stat","pvalue","padj"
"CTDNEP1",13.1057163164525,0.987301740624768,0.229228214183639,4.30706902350957,1.65431999669539e-05,0.0691009462619663
"MAP3K8",11.7283507295148,-1.10106329356204,0.321938074718166,-3.42010895892305,0.000625960584056722,0.986961497231767
"MT-ATP8",27.986080920354,-1.27625120709023,0.376905398703113,-3.38613140454251,0.000708854319295021,0.986961497231767
"NOC2L",4.69873790444813,-0.312421929411357,0.427924052567398,-0.730087331004022,0.465336804806256,0.999657356903497
"ISG15",64.6422955150766,-0.0933478098996174,0.368042726244918,-0.253633079104783,0.799779038646812,0.999657356903497
"SDF4",9.16269124580881,0.243917722047585,0.272328282550343,0.895675321576245,0.370426194489098,0.999657356903497
"B3GALT6",5.14297823147469,-0.0222326546805044,0.398486303963031,-0.0557927699381283,0.95550689472758,0.999657356903497
"UBE2J2",5.32376581070004,-0.264002719071191,0.382382554401085,-0.690415177242306,0.489933135013519,0.999657356903497
"INTS11",7.59350038284684,0.161110585978094,0.345856278051588,0.465831029252164,0.64133645277788,0.999657356903497
"AURKAIP1",20.9922008988552,-0.0442986991511295,0.212538405148473,-0.208426797595398,0.834895734296596,0.999657356903497
"CCNL2",5.51956151592594,0.00174289664524273,0.37340210741561,0.00466761330648523,0.996275796929925,0.999657356903497
"MRPL20",18.072028474346,0.0889954304907327,0.210641015545856,0.422498107788312,0.672661481567488,0.999657356903497
"SSU72",14.0023334008149,-0.19792842040372,0.254093285138343,-0.77895966552582,0.436003474914564,0.999657356903497
"MIB2",5.15213125728,0.537795933219207,0.446075916168403,1.20561526351532,0.227965871130796,0.999657356903497
"SLC35E2B",3.73556507897775,-1.2268930230819,0.65104324475723,-1.88450311551793,0.0594969537870493,0.999657356903497
"CDK11A",4.46326506463117,0.377494567692762,0.389846752625553,0.968315280685038,0.332886935539495,0.999657356903497
"NADK",19.9230967788383,-0.104001670690767,0.20302870100256,-0.512251076705926,0.608475300278781,0.999657356903497
"GNB1",25.1705572857287,0.0471590292812385,0.218235765488468,0.216092120261243,0.828915941739391,0.999657356903497
"FAAP20",17.9849334455519,0.127349205148391,0.210407184283369,0.60525122078,0.545012087107245,0.999657356903497
"RER1",15.9770749079094,0.170517962646542,0.218176342961005,0.781560275199125,0.434473040488487,0.999657356903497
"TNFRSF14",11.7756106144207,0.153045613861544,0.273599738206297,0.559377778885687,0.575903923402349,0.999657356903497
"KCNAB2",7.76410913204853,-0.156149301886269,0.303735888817255,-0.514095658877562,0.607185112365698,0.999657356903497
"RPL22",164.873824597455,0.164988887735528,0.163300098720745,1.01034162886619,0.312331643140277,0.999657356903497
"ACOT7",4.09312343965681,0.156845710119909,0.414220346765679,0.37865283862706,0.704945679194941,0.999657356903497
"CAMTA1",6.34222664519496,0.0778698693198459,0.424986617158873,0.18322899163372,0.854618347392041,0.999657356903497
"PARK7",82.6777275971043,-0.0532337937004938,0.137384033753801,-0.387481661776588,0.698399658457008,0.999657356903497
"RERE",11.4015827799793,-0.196982652493183,0.261782689896757,-0.752466301614022,0.451770687724684,0.999657356903497
"ENO1",37.4897059576788,-0.102276482651068,0.15825877800294,-0.646261041199046,0.518110313857031,0.999657356903497
"PIK3CD",12.8474350103915,0.319930058157934,0.262964732872025,1.21662724375147,0.223746072314702,0.999657356903497
"CTNNBIP1",3.55408413253341,0.401303096363404,0.483474393862243,0.830040021680545,0.406516156215459,0.999657356903497
"LZIC",4.59624625545877,0.436199262884314,0.387324171906681,1.12618652416408,0.260086576296551,0.999657356903497
"PGD",19.2477110662574,-0.115992357433574,0.224835876074448,-0.515897904990778,0.605925717383377,0.999657356903497
"TARDBP",6.17961903715944,0.0536016018215386,0.388806970841427,0.137861730476535,0.890349696196541,0.999657356903497
"EXOSC10",4.8144597778654,0.421406938066569,0.368336550305309,1.14408124232382,0.252589946006815,0.999657356903497
"FBXO6",7.39734856045273,0.0517651761384191,0.322445423992662,0.160539341813073,0.872456233216276,0.999657356903497
"MAD2L2",12.0974749926788,0.0634554001837093,0.275144113271769,0.230626050578201,0.817605327679428,0.999657356903497
"AGTRAP",5.37062421457223,-0.0932080805052551,0.529415180944234,-0.176058571533621,0.860247927590886,0.999657356903497
"KIAA2013",7.02960937872807,0.699059827161375,0.310968680360033,2.24800718307715,0.0245757318897008,0.999657356903497
"MIIP",17.9087100918484,0.203557682064852,0.222988379834772,0.912862285540092,0.361314975078251,0.999657356903497
"TNFRSF1B",9.93859038579573,-0.774437770819805,0.412556756249822,-1.87716661789644,0.0604952612268068,0.999657356903497
"EFHD2",21.0539736995012,-0.136944295985469,0.319644331240648,-0.428427106634243,0.668340193149065,0.999657356903497
"SPEN",7.77749017367398,-0.309553496339505,0.370290638187481,-0.835974406090103,0.403169301581243,0.999657356903497
"SZRD1",5.51051822225161,-0.275821247770669,0.391940334238078,-0.703732746227454,0.481599223344595,0.999657356903497
"NECAP2",5.45277369540697,-0.949209228202928,0.404848207800805,-2.34460523700765,0.0190472344415947,0.999657356903497
"ATP13A2",15.5584733748468,-0.0200865542685448,0.269689376918587,-0.0744803317729808,0.940628190665042,0.999657356903497
"SDHB",8.98114784874336,-0.192484219426287,0.300412007410226,-0.640734107420149,0.521695450286395,0.999657356903497
"RCC2",4.35381856497234,-0.65559544134176,0.490594089895501,-1.33632967629391,0.181441540766119,0.999657356903497
"UBR4",6.82465454492712,-0.435607246515041,0.328768907721872,-1.32496485003244,0.185182809902214,0.999657356903497
"AKR7A2",9.55959854531639,-0.102920516407502,0.27679256419649,-0.371832663591499,0.710017442543174,0.999657356903497
"CAPZB",31.7549107949755,-0.282970681102909,0.219885898897126,-1.28689780709994,0.198129909736276,0.999657356903497
"MICOS10",19.7665750607206,0.317968904394771,0.201311631787587,1.57948600173424,0.114224624818152,0.999657356903497
"CDA",2.00193063559894,1.0982027660068,1.00768783934399,1.08982437132687,0.275790516169126,0.999657356903497
"DDOST",31.4031468440038,-0.15103570790817,0.177994376356266,-0.848542021383101,0.396136180481081,0.999657356903497
"HP1BP3",16.2828845041725,0.112242026299037,0.225515438786317,0.497713269224951,0.61868615413251,0.999657356903497
"EIF4G3",7.05134273910227,0.552156865789071,0.393574294359059,1.40292918948954,0.160637955582733,0.999657356903497
"USP48",6.84161461934596,0.298944899859516,0.339495989134079,0.880555026944521,0.378558709379666,0.999657356903497
"CDC42",23.9538125776085,-0.538547845097215,0.217607377841548,-2.47486022964424,0.0133288327445182,0.999657356903497
"C1QA",0.894347804840106,-3.16589498684849,3.70306330200077,-0.854939472716534,0.392584656822559,0.999657356903497
"C1QB",0.314007468389977,-2.1469875894567,3.71457633484008,-0.577989895999574,0.563270940879904,0.999657356903497
"KDM1A",6.54693490163043,-0.12058279905352,0.345937563279351,-0.348568099718468,0.727413580122574,0.999657356903497
"HNRNPR",13.363294638075,-0.291704184663012,0.249860609435992,-1.16746767456252,0.243021555258056,0.999657356903497
"RPL11",530.803956758517,0.0935553784980745,0.106042938525281,0.882240531987622,0.377646747559962,0.999657356903497
"PITHD1",5.08970462083524,-0.460252077371209,0.383943687159077,-1.19874891231254,0.230625592796816,0.999657356903497
"LYPLA2",6.3148150520857,-0.181394466503107,0.383017068153329,-0.473593689643332,0.635789676270351,0.999657356903497
"PNRC2",10.2789756989858,-0.108401301631436,0.275198859814758,-0.393901710582678,0.693653607403302,0.999657356903497
"SRSF10",16.8720067355471,-0.140743649797157,0.273731837245464,-0.514166167930799,0.607135819248268,0.999657356903497
"IFNLR1",3.32687247116131,0.261167737194166,0.503948159866517,0.518243259908603,0.604288555428982,0.999657356903497
"RCAN3",3.30987868345132,0.530797842920544,0.479284701977102,1.10747920960328,0.268086796186629,0.999657356903497
"SRRM1",23.0632512598227,-0.303296943941257,0.197297206377109,-1.53725919140255,0.124229850516819,0.999657356903497
"SYF2",12.1314872402481,0.112773055051951,0.27997466321806,0.402797359431473,0.687097303851713,0.999657356903497
"RSRP1",18.8650825213875,-0.023550503161236,0.263559833283131,-0.0893554335191001,0.928799440634,0.999657356903497
"TMEM50A",26.745167855139,0.00460978535076511,0.196060185919193,0.0235120931317746,0.98124179222804,0.999657356903497
"STMN1",47.9870439625017,0.231305568426634,0.175499510922378,1.31798411979016,0.187508963962866,0.999657356903497
"ZNF593",3.42070912035991,0.0435333097407387,0.482736161900837,0.0901803369553267,0.928143909489207,0.999657356903497
"SH3BGRL3",144.010133757864,0.00710106966123598,0.170299245720246,0.0416975990187359,0.966739768003725,0.999657356903497
"UBXN11",2.871339547985,-0.39153304068984,0.666297691502372,-0.587624789464614,0.556784168152345,0.999657356903497
"CD52",20.2590748761641,-0.837418470945119,0.344748207422992,-2.42907273457594,0.0151374951949566,0.999657356903497
"HMGN2",52.744241114744,-0.187930667666747,0.147115623352869,-1.27743514511698,0.201448663535093,0.999657356903497
"RPS6KA1",8.82004489202162,-0.172694899787077,0.319524136871104,-0.54047528765172,0.588869299026448,0.999657356903497
"ARID1A",9.40701936780608,-0.388947005681559,0.335360139973004,-1.15978901282922,0.246134718517477,0.999657356903497
"NUDC",13.0127117971222,-0.0957381487562859,0.244193610650501,-0.392058369181943,0.695015086629723,0.999657356903497
"WASF2",24.1667016025528,-0.151052909923756,0.208319572429811,-0.72510186230653,0.468389542009982,0.999657356903497
"FGR",4.65196605595496,-0.50577717514378,0.761541376393855,-0.664149304058564,0.506594756662699,0.999657356903497
"IFI6",15.1031842137569,-0.00271249390736865,0.833227986828415,-0.00325540422339082,0.997402567818767,0.999657356903497
"THEMIS2",15.2166319163166,-0.329893145977243,0.320986412006249,-1.02774800937935,0.304068378071899,0.999657356903497
"RPA2",7.33933823606385,-0.181411100730325,0.323805540291304,-0.56024705620269,0.575310934401412,0.999657356903497
"DNAJC8",14.8891702288211,-0.0653732939340233,0.22909227331049,-0.285357917093181,0.775369945014558,0.999657356903497
"ATP5IF1",24.6747135090194,-0.248451239933358,0.186719113410083,-1.33061492953695,0.183315747508512,0.999657356903497
"TAF12",3.75003381757392,0.640396795378951,0.396329461262531,1.61581930684368,0.106133386011003,0.999657356903497
"YTHDF2",10.1203870718326,0.13659097545093,0.295597398661405,0.46208449759529,0.644020726792492,0.999657356903497
"EPB41",5.68011497838907,0.0141402958545533,0.359139021067049,0.0393727638187036,0.968593194390225,0.999657356903497
"SRSF4",9.77653816387427,0.233707630980822,0.268994084237922,0.868820708986708,0.384945204181896,0.999657356903497
"LAPTM5",65.2759339402932,-0.291995755901482,0.146176453836592,-1.99755670792164,0.0457647407029153,0.999657356903497
"PUM1",5.93305572874699,0.238605340887399,0.425801560486518,0.560367464634865,0.575228818958383,0.999657356903497
"SNRNP40",6.81487008326807,-0.104335391311393,0.356270370653482,-0.292854528205694,0.769633346942738,0.999657356903497
"ZCCHC17",4.00744901218898,-0.161352119954674,0.43175341901296,-0.373713589399117,0.708617413859153,0.999657356903497
"PEF1",5.98847553374806,-0.377478178010717,0.386128347293018,-0.977597683923121,0.328273343303535,0.999657356903497
"PTP4A2",24.8111591354595,0.140678442849875,0.183729236174156,0.76568349044094,0.443864652818959,0.999657356903497
"KHDRBS1",20.9990689015455,-0.0925801847048161,0.238761536549505,-0.387751670737051,0.698199813779945,0.999657356903497
"TMEM39B",4.70036622041086,-0.371645006086655,0.439468972331911,-0.845668362238707,0.397737777275493,0.999657356903497
"EIF3I",16.064384987445,0.0525679432194385,0.240722383181976,0.218375800889689,0.8271363186478,0.999657356903497
"HDAC1",8.99605328510468,-0.109557480975114,0.299052195307187,-0.366349027675841,0.714104649773927,0.999657356903497
"MARCKSL1",6.73794783855259,-0.67494841916297,0.48505561946496,-1.39148665035047,0.164077905011214,0.999657356903497
"ZBTB8OS",6.93923481478163,0.722056362963735,0.332852687427101,2.16929708017417,0.030060136772036,0.999657356903497
"RBBP4",25.093187247553,-0.17923887511816,0.195905999449563,-0.914922848824269,0.36023213402678,0.999657356903497
"SYNC",10.6389202680398,-0.422105113609589,0.294756244112585,-1.43204808054333,0.152130061675259,0.999657356903497
"YARS",4.91322206790301,0.0220581068658006,0.381696398536145,0.0577896646402646,0.953916170843584,0.999657356903497
"S100PBP",7.3095495622605,-0.087280016500163,0.36381777256332,-0.239900365188928,0.810407497744218,0.999657356903497
"AK2",11.1134844756963,0.353230342979332,0.292063583290198,1.20942960091111,0.226497842139794,0.999657356903497
"AZIN2",4.08864295353836,-0.320393018978039,0.477829554061877,-0.670517376446225,0.502528033186516,0.999657356903497
"TMEM35B",8.88898257629939,0.280702269441952,0.275471310988469,1.01898912244151,0.308208130651341,0.999657356903497
"SFPQ",24.5297631001891,0.0825985375478337,0.194891332407578,0.423818425003606,0.671698239806769,0.999657356903497
"ZMYM4",4.8653792708337,-0.0643563737378512,0.386949773178379,-0.166317124853783,0.867907390047711,0.999657356903497
"PSMB2",19.4843920218168,-0.0885052872657127,0.210524078960623,-0.420404581284343,0.674189921931839,0.999657356903497
"TRAPPC3",9.28455237357019,0.0848777640116836,0.296889801922775,0.285889792987101,0.774962531643685,0.999657356903497
"MAP7D1",7.99919744544421,-0.107405198588747,0.345241275009378,-0.311101847789866,0.755723196474375,0.999657356903497
"THRAP3",16.1063226118346,0.217738817405676,0.207069189818708,1.05152687174905,0.293016674360641,0.999657356903497
"LSM10",13.6856380732904,0.0832674313369981,0.235451477607751,0.353650069148077,0.72360114631901,0.999657356903497
"MRPS15",10.2054945324488,0.0129558904539593,0.272683520811284,0.0475125538038129,0.962104725147438,0.999657356903497
"CSF3R",3.4244436022537,1.0228489916957,0.722410330009925,1.41588367331576,0.156809565886337,0.999657356903497
"MEAF6",8.39319155694329,-0.432798029473915,0.326349237867895,-1.32618060425534,0.184779882223209,0.999657356903497
"GNL2",4.40836089268085,0.0252814683960697,0.385906108693205,0.065511967358279,0.947766378231776,0.999657356903497
"C1orf122",4.05162138684281,0.0920629311418309,0.448432764321853,0.205299296720778,0.837338293491745,0.999657356903497
"SF3A3",6.33124729814156,-0.409822578455646,0.352281742787964,-1.16333754685185,0.244692577581026,0.999657356903497
"UTP11",3.32155074734897,-0.215172468117616,0.542133230653445,-0.396899610559316,0.691441491397811,0.999657356903497
"RRAGC",6.80508436129769,0.0881439356623735,0.330448078287954,0.266740651418056,0.78966885221428,0.999657356903497
"MYCBP",10.2893838117982,0.058210661229954,0.289647132831981,0.200970956145183,0.840721284354388,0.999657356903497
"AKIRIN1",6.56414852163655,0.0033791240336348,0.333574214727465,0.0101300516779919,0.991917526400706,0.999657356903497
"NDUFS5",20.8604338641838,0.101966277952912,0.193620152019628,0.526630502503559,0.59845020566897,0.999657356903497
"MACF1",6.93498886745485,0.328348271696971,0.331335349160367,0.990984730512559,0.321693036366208,0.999657356903497
"PABPC4",4.79145079971889,0.129858963481859,0.419135346988015,0.309825846030524,0.756693395788271,0.999657356903497
"PPIE",6.01533364161546,0.188564514475423,0.356379732978256,0.529111217687926,0.596728300146816,0.999657356903497
"MYCL",8.90461869755668,0.390655211859964,0.339596268288362,1.15035189823772,0.249998963380056,0.999657356903497
"CAP1",38.1016030340054,-0.0157364515798418,0.160438386543512,-0.0980840802433147,0.921865528692197,0.999657356903497
"PPT1",7.83379648103934,-0.138034303741044,0.378720986048947,-0.364474926993362,0.715503393467911,0.999657356903497
"ZMPSTE24",5.48720479018474,-0.0733006372365883,0.355284887623575,-0.206315100332245,0.836544783907487,0.999657356903497
"SMAP2",12.1942013492517,-0.116911148983965,0.356397178253793,-0.328036124070299,0.742884349422616,0.999657356903497
"NFYC",5.82980197022113,-0.593950849150994,0.429897763690552,-1.38160953444394,0.167091624865799,0.999657356903497
"HIVEP3",3.79140784035587,0.239732908163604,0.501366891285598,0.478158634585711,0.632537301695312,0.999657356903497
"PPCS",11.4657477600868,-0.0546003419854436,0.26372055737363,-0.207038626526516,0.835979692379825,0.999657356903497
"PPIH",5.18657473606039,0.0619982784867284,0.364215369147963,0.170224223738184,0.864833801937417,0.999657356903497
"YBX1",78.1162000526139,-0.0980674286052406,0.140491901416791,-0.698029050901009,0.48515902635224,0.999657356903497
"SVBP",5.49363729577194,0.266726883023267,0.358518481012782,0.743969689567434,0.456894812526887,0.999657356903497
"SLC2A1",6.91923727171201,0.549514409286485,0.389492163057704,1.41084843651931,0.158289308930317,0.999657356903497
"EBNA1BP2",4.8086625075105,-0.00423587672617157,0.407319494901615,-0.0103993960004166,0.991702632046375,0.999657356903497
"ELOVL1",7.87646781840493,-0.107391172740377,0.298689381065707,-0.35954131465006,0.719190176507732,0.999657356903497
"HYI",3.30327194131489,0.467497455852549,0.516348000060954,0.905392207963159,0.365257642294867,0.999657356903497
"ATP6V0B",44.8896763278899,0.204598759305305,0.152155801298543,1.34466617479714,0.178733062652876,0.999657356903497
"ERI3",3.89297060589647,-0.0412786682974105,0.445080474896159,-0.0927442802496361,0.926106718034281,0.999657356903497
"RNF220",5.98798783008556,0.279247479956594,0.329858593047381,0.846567243790077,0.397236378251425,0.999657356903497
"TMEM53",3.93783344907606,0.367457851730803,0.430625107723556,0.853312649774004,0.393485946966457,0.999657356903497
"ARMH1",13.3650956191638,-0.272056378787866,0.315057898239198,-0.863512326808312,0.387855844943913,0.999657356903497
"RPS8",710.97179610614,0.12588426956489,0.0933719187356794,1.34820266381424,0.177593208087402,0.999657356903497
"UROD",6.92692477678529,-0.391807255175954,0.366193275907771,-1.06994661276805,0.284643340052185,0.999657356903497
"PRDX1",23.8667624521224,0.0833079043163991,0.240639813223375,0.346193355124775,0.729197408178043,0.999657356903497
"AKR1A1",16.1253466359479,0.366468255921909,0.236902213867435,1.54691781870378,0.121883063743737,0.999657356903497
"NASP",10.0154214115771,-0.229501706091325,0.290799585432706,-0.789209192818583,0.429989749944469,0.999657356903497
"GPBP1L1",4.75332119947589,0.0643865898403911,0.390410722962378,0.164920136803199,0.869006842548611,0.999657356903497
"POMGNT1",4.04028485698131,-0.604720404206494,0.457785351365386,-1.32096931979772,0.186511594233356,0.999657356903497
"UQCRH",31.3473689598517,0.0906154023022371,0.175132993504731,0.517409087167742,0.604870617537312,0.999657356903497
"FAAH",3.13010184792956,0.215337814100512,0.583455587155816,0.369073188844113,0.712073172594637,0.999657356903497
"EFCAB14",10.1766181031067,-0.178979178553281,0.331185641339921,-0.54041949955669,0.588907763207677,0.999657356903497
"CMPK1",12.1582506260789,-0.328576345803081,0.289027591656843,-1.13683383624216,0.255607755482047,0.999657356903497
"RNF11",10.2826176088072,-0.308518702653427,0.373726513677847,-0.825519976137874,0.409076446349543,0.999657356903497
"EPS15",8.20479455448459,-0.333768083569219,0.38457580694308,-0.867886324473394,0.385456566185542,0.999657356903497
"OSBPL9",6.59550192500752,-0.635115905173914,0.379777478690582,-1.67233693625989,0.0944579000459855,0.999657356903497
"NRDC",13.6641737260508,-0.129842726257123,0.226718102632445,-0.572705596727862,0.566844047348821,0.999657356903497
"TXNDC12",7.83112732621479,-0.00657682067121451,0.309691300595128,-0.0212366981525666,0.983056839984582,0.999657356903497
"BTF3L4",7.12735742923263,-0.589783273308489,0.426601245858968,-1.38251652810097,0.166813159129017,0.999657356903497
"TUT4",9.73919329000781,-0.296769913692404,0.317223353858218,-0.935523535965904,0.349518559815614,0.999657356903497
"GPX7",8.20378094439757,-0.14370775288757,0.301122937659235,-0.477239475692803,0.633191603965537,0.999657356903497
"SCP2",14.3453548839973,-0.289366403332666,0.25333302549266,-1.14223719063052,0.253355440966466,0.999657356903497
"CZIB",3.75110735401203,0.124623640181792,0.434343709393293,0.286924013141276,0.774170503364791,0.999657356903497
"MAGOH",10.8400043543581,0.161696449866447,0.281894771703256,0.573605707156077,0.56623464886545,0.999657356903497
"LINC02812",13.2603908553369,-0.218754353445334,0.279058053864014,-0.783902669771838,0.433097223115477,0.999657356903497
"HSPB11",9.30107638741591,-0.390081312936789,0.300407363218069,-1.29850782869668,0.194112887927315,0.999657356903497
"TMEM59",31.5575624493178,-0.223183033701865,0.175962090458842,-1.26835861701738,0.204669912923689,0.999657356903497
"MRPL37",6.95894412203527,0.197237323431895,0.336913897125956,0.585423531396085,0.558262970100962,0.999657356903497
"USP24",10.8171081941071,0.160028295491447,0.335685399461487,0.476721048184304,0.633560772680412,0.999657356903497
"JUN",40.5727766372818,-0.754908819011534,0.641061504251043,-1.17759187535914,0.238959350428115,0.999657356903497
"TM2D1",6.88756499444188,-0.190665989372121,0.361983060398183,-0.526726275982052,0.598383685886217,0.999657356903497
"USP1",4.24764511217089,0.130725446489749,0.412176147263166,0.317159174197151,0.751122826192758,0.999657356903497
"JAK1",33.5775505730088,-0.153534221134662,0.190574850928412,-0.805637367085419,0.42045197319645,0.999657356903497
"LEPROT",7.05513925604578,-0.291569443588249,0.402733201013876,-0.723976674518581,0.469080055334717,0.999657356903497
"PDE4B",6.1341243097363,-0.362678433912107,0.460977179768406,-0.786760060648373,0.431422337677164,0.999657356903497
"MIER1",5.94290837040843,-0.16742267522385,0.351638790726973,-0.476121177864715,0.633988050141993,0.999657356903497
"SERBP1",31.3686898969592,-0.164072658926834,0.178819184821971,-0.917533871380645,0.358862952238643,0.999657356903497
"SRSF11",19.7736490432526,0.0253649759106841,0.237220156399976,0.106925888152255,0.914847775149793,0.999657356903497
"ZRANB2",13.4185489575823,-0.170279449867005,0.255787416791887,-0.665706906159293,0.505598458372168,0.999657356903497
"ACADM",7.50126696330924,-0.222082610570809,0.368370638257968,-0.602878154515902,0.546589749615023,0.999657356903497
"RABGGTB",6.17810757653434,-0.0903019963067335,0.377992346971759,-0.23889900689836,0.811183895647742,0.999657356903497
"USP33",5.18489058219679,-0.61118665556696,0.423752162633132,-1.442321029748,0.149211830241374,0.999657356903497
"FUBP1",7.63800747448863,-0.423454153280605,0.367049268101256,-1.15367115556757,0.248635013818312,0.999657356903497
"IFI44L",63.064815621929,0.0215356132770733,0.200349000322514,0.107490495297736,0.914399865289436,0.999657356903497
"IFI44",13.012738144518,0.162249757945599,0.28358607969403,0.57213583304461,0.567229954803083,0.999657356903497
"PRKACB",6.81256970386571,-0.349769643091491,0.400436030098059,-0.873471957570448,0.382405884612153,0.999657356903497
"GNG5",69.2263508633945,0.0846083170267876,0.153975299852396,0.549492789479187,0.582667311553542,0.999657356903497
"CTBS",6.46504471802557,-0.52930013353538,0.37776957628277,-1.4011190068392,0.161178488763513,0.999657356903497
"MCOLN2",10.9205220223699,-0.380724612717229,0.277499130856948,-1.37198488348958,0.170068143701497,0.999657356903497
"ODF2L",3.52091863145069,-0.55495925992167,0.476541258379146,-1.16455658385015,0.244198526574357,0.999657356903497
"SH3GLB1",10.5016508530793,0.0510972155043209,0.291003699744163,0.17558957342894,0.860616394280676,0.999657356903497
"SELENOF",23.0052342970033,0.181848406316113,0.180077764284899,1.00983265223358,0.312575473500594,0.999657356903497
"LMO4",6.05102974456375,0.171475159132524,0.339591041476501,0.504946062142777,0.613596720489098,0.999657356903497
"GTF2B",5.90038952158574,-0.630264069109591,0.38935648536883,-1.61873268532449,0.105504791072906,0.999657356903497
"LRRC8D",4.54431065549411,0.194061230633724,0.436478249291267,0.444606875483101,0.65660387790613,0.999657356903497
"ZNF644",5.45602758813657,-0.65416183604534,0.479744733099372,-1.36356230910374,0.172705361359518,0.999657356903497
"RPL5",238.773420964317,0.0668345108720314,0.120302981836918,0.555551573631249,0.578517444289429,0.999657356903497
"MTF2",5.00411988334369,0.153761512869937,0.385218390208213,0.399154133806613,0.689779636637745,0.999657356903497
"TMED5",8.22771755312057,0.486007329843476,0.314802581087704,1.54384798296198,0.12262516401626,0.999657356903497
"CCDC18-AS1",13.2399505240637,-0.39977439459014,0.262293146847156,-1.52415112402116,0.127470964179714,0.999657356903497
"DR1",10.005920961098,-0.495100236125324,0.300604643908546,-1.64701459594201,0.0995550457636999,0.999657356903497
"DNTTIP2",7.69543404639861,-0.37433669403609,0.319857179446444,-1.17032450134129,0.241870405502159,0.999657356903497
"RTCA",3.97550980558211,-0.69068808926509,0.511191948473774,-1.35113256640138,0.17665297100354,0.999657356903497
"RNPC3",4.58124533747343,0.167397771522711,0.419440154934095,0.399098106257885,0.689820917595764,0.999657356903497
"VAV3",8.2237876207947,0.00816668062945667,0.324427020295564,0.025172627797822,0.979917269888787,0.999657356903497
"SLC25A24",3.16716104283665,-0.634047451476692,0.580437155596925,-1.09236192990546,0.274674049436131,0.999657356903497
"PRPF38B",13.8430867379497,0.130737759998817,0.243624834921971,0.536635602198315,0.591519346826705,0.999657356903497
"SARS",7.77486068581492,0.660050690431075,0.351745772180405,1.87649928623036,0.0605867526197822,0.999657356903497
"PSMA5",14.9829960071316,0.26483729853798,0.237965583084687,1.11292269707645,0.265741631118003,0.999657356903497
"GNAI3",6.59514600372412,-0.256443251224231,0.345080262632031,-0.743140883423064,0.457396389804045,0.999657356903497
"GSTM2",3.57581657238329,0.31907451582261,0.452827522778314,0.704627037387072,0.48104236807078,0.999657356903497
"GSTM1",2.64419001590378,0.861747707586686,1.32704162920237,0.649375037394002,0.516095994886562,0.999657356903497
"AHCYL1",3.82382761905378,-0.594776397739647,0.535803153611485,-1.11006513069336,0.26697096162107,0.999657356903497
"LAMTOR5",20.3478937708784,0.0514525510943975,0.2085884947585,0.246670129884049,0.805163525231127,0.999657356903497
"CD53",36.2764073781248,0.0580857299849467,0.172536452981408,0.336657726417999,0.736374934311303,0.999657356903497
"DRAM2",7.24823504005326,-0.190753399494811,0.343073951062461,-0.556012483326318,0.578202321004105,0.999657356903497
"WDR77",3.76897983550495,0.131168816266286,0.528454096487028,0.248212318039066,0.803970136107279,0.999657356903497
"ATP5PB",30.7912984629958,0.0654030450736725,0.180339800539852,0.362665617228624,0.716854686971741,0.999657356903497
"C1orf162",20.3473016085023,0.086463995601997,0.253864919670361,0.340590561761227,0.733411835701467,0.999657356903497
"RAP1A",13.198941578851,0.0910549064802474,0.241037688830375,0.37776211231566,0.705607321696301,0.999657356903497
"CAPZA1",13.0109103087573,-0.101896231171888,0.296624696812994,-0.343519040277783,0.731208019270223,0.999657356903497
"RHOC",11.7050030238442,-0.817022719202992,0.347321278437527,-2.3523543471868,0.0186549941745875,0.999657356903497
"PPM1J",15.1251128470693,0.018850008801333,0.275598499358913,0.0683966307696927,0.945469903807776,0.999657356903497
"RSBN1",5.67930591161702,-0.00477377928776516,0.363769333879378,-0.0131230943434833,0.989529586162347,0.999657356903497
"PTPN22",6.29710230903448,-0.0803860557471754,0.407151913619206,-0.197435043427937,0.843487108599238,0.999657356903497
"HIPK1",4.50278493589825,0.20203614518023,0.43653745366989,0.462815145600335,0.643496874096829,0.999657356903497
"BCAS2",5.64605672534912,-0.616137387294504,0.422016569534007,-1.45998387687679,0.14429450515153,0.999657356903497
"CSDE1",25.599092195564,-0.157338173480447,0.187647365618727,-0.838477923533103,0.401762341418741,0.999657356903497
"ATP1A1",6.81681559589934,0.0979315275584639,0.327367726879,0.299148387326099,0.764826827925048,0.999657356903497
"MAN1A2",6.48557233712057,-0.245394308946582,0.368411179597298,-0.666088117127219,0.505354779358996,0.999657356903497
"NOTCH2",12.547170318455,-0.0770499491490531,0.308298698192825,-0.249919800507437,0.802649370429365,0.999657356903497
"SEC22B",4.31271199707742,0.519281167915353,0.392214457849483,1.32397252962723,0.185512168153294,0.999657356903497
"NBPF26",3.78329548782682,-1.94612457184817,0.957366083874747,-2.03279038669473,0.0420737047880397,0.999657356903497
"RNF115",5.21609157445938,0.629637760488926,0.366968901948601,1.71577961278342,0.086202386951099,0.999657356903497
"POLR3C",4.90333764837703,0.399098734216583,0.406448521062918,0.981917053537029,0.326140713571235,0.999657356903497
"NUDT17",4.66007635513847,-0.0774163965471646,0.490742027492556,-0.157753752909086,0.874650842059576,0.999657356903497
"RBM8A",24.5921671143704,-0.0821203380278599,0.189930913920465,-0.432369519699401,0.665472867531853,0.999657356903497
"POLR3GL",6.11806041691915,0.230468543535261,0.351498400522637,0.655674515709265,0.512033569306348,0.999657356903497
"TXNIP",29.4555537208308,-0.207049733665226,0.333387153089184,-0.621048926890827,0.534567431752905,0.999657356903497
"NBPF10",10.4654489055996,0.562060568686029,0.36734227046489,1.53007321475613,0.12599860741806,0.999657356903497
"NBPF14",16.5490690977142,0.45961237080896,0.300514475979858,1.52941840591987,0.126160752400636,0.999657356903497
"NBPF19",3.29459185032717,0.409480295600839,0.51712502989334,0.791840023070042,0.42845396219284,0.999657356903497
"SF3B4",10.1349973660041,-0.0568863519851572,0.282393734738217,-0.201443392637204,0.840351888145657,0.999657356903497
"PLEKHO1",19.0939172532245,0.437658461600708,0.266454136186821,1.64252830848852,0.100480564432455,0.999657356903497
"ANP32E",3.95873640494851,-0.0748840537285941,0.423367929699485,-0.176877010456953,0.859604996883755,0.999657356903497
"APH1A",20.3203812553935,-0.114147305556255,0.20591675408513,-0.554337144946759,0.579348133732703,0.999657356903497
"MRPS21",24.171298615501,0.197283615148181,0.179135752853476,1.10130787408781,0.270762685331981,0.999657356903497
"MCL1",25.6086131342369,0.161731132752476,0.202544648618834,0.7984962024686,0.42458259602057,0.999657356903497
"ENSA",12.4646027872202,0.1151086258282,0.23114885632882,0.497984838239707,0.618494728745264,0.999657356903497
"CTSS",42.2223847905403,0.175217909251482,0.221211387501901,0.792083586790831,0.428311939693443,0.999657356903497
"CERS2",4.84233418934,0.106481601728769,0.393536950286218,0.270575867529912,0.786717258595445,0.999657356903497
"CDC42SE1",6.53346558802407,-0.567654349315974,0.367614554192945,-1.54415635301,0.122550459703724,0.999657356903497
"SCNM1",9.95994588044761,-0.147171492151541,0.28197405133699,-0.521932750385089,0.601717154565916,0.999657356903497
"PIP5K1A",5.40304732408015,-0.139692630235575,0.367829691308126,-0.379775296928262,0.704112221105272,0.999657356903497
"PSMD4",12.0003951005035,0.0347485107412278,0.272066119031534,0.1277208307485,0.898369904549468,0.999657356903497
"RFX5",4.56586211262876,-0.495996778650078,0.451738713859638,-1.09797270730308,0.27221640716372,0.999657356903497
"PSMB4",10.752622165884,0.465167231703061,0.275905843238573,1.68596368327305,0.0918027945278629,0.999657356903497
"POGZ",5.65300969340297,-0.329791436614327,0.422900826152782,-0.77983162060597,0.435489991484773,0.999657356903497
"MRPL9",6.84088150180926,0.0311177289003738,0.336918907730332,0.0923596989851346,0.926412258071142,0.999657356903497
"S100A10",60.1344465304693,0.211995313551127,0.561149167012762,0.3777878076157,0.705588231788949,0.999657356903497
"S100A11",90.2425997601629,0.160672770520295,0.287048441468702,0.559740961136044,0.575656138739338,0.999657356903497
"S100A9",185.748477930013,0.372081025684203,1.3183029932061,0.282242418929284,0.777757634298529,0.999657356903497
"S100A12",13.8727020132554,0.42455656214023,1.33196322434986,0.318744958103073,0.749919919757345,0.999657356903497
"S100A8",195.623145167034,0.74401732257234,1.44547837723915,0.514720478900146,0.606748360837022,0.999657356903497
"S100A6",253.796882131665,0.277923944207778,0.265225674795723,1.04787722539243,0.294695176450999,0.999657356903497
"S100A4",160.510638652191,0.00290312640279676,0.306475059259569,0.00947263509732436,0.992442043736158,0.999657356903497
"CHTOP",5.95633445040781,-0.161748446620052,0.372888268745803,-0.433771883368943,0.664454101000139,0.999657356903497
"SNAPIN",8.2186315957047,0.0447557736786613,0.313281647390842,0.142861141249124,0.886399848500834,0.999657356903497
"ILF2",21.4822657616453,-0.188672729723523,0.213174190399323,-0.8850636625855,0.376122296369249,0.999657356903497
"GATAD2B",4.91819364734769,0.192512546230583,0.408472871019155,0.471298242525279,0.63742777052877,0.999657356903497
"DENND4B",6.44256816076068,0.0202955158755552,0.323559389817523,0.0627257823888258,0.949984866438205,0.999657356903497
"CRTC2",5.65732416259015,0.0814823432266979,0.363582293034628,0.224109767685901,0.822671892264725,0.999657356903497
"SLC39A1",4.11367314724854,0.131463247433039,0.416059476863449,0.315972246141591,0.752023574123686,0.999657356903497
"JTB",29.2833291532439,0.0851569785979547,0.165420857927562,0.514789849749448,0.606699879013837,0.999657356903497
"RPS27",620.493270856523,0.00235580189002051,0.16837767149978,0.0139911775061196,0.988837019679507,0.999657356903497
"TPM3",58.3062219315618,0.0738102319181358,0.173573152408033,0.425239911208295,0.670661792288139,0.999657356903497
"C1orf43",17.0840702222086,-0.180034401045017,0.219028959020401,-0.821966199584811,0.411096134253735,0.999657356903497
"HAX1",12.7045249540142,0.0242854300682788,0.307851987319661,0.0788867087710622,0.937122735157535,0.999657356903497
"ADAR",28.7890676790309,-0.255091890201589,0.199853154996674,-1.27639661333259,0.20181535281595,0.999657356903497
"PMVK",4.02146388413908,0.709079264894983,0.390643898578209,1.81515510027356,0.0695000775337168,0.999657356903497
"PBXIP1",4.23497570256013,0.149168632805214,0.505386853793471,0.295157326878496,0.767873698747035,0.999657356903497
"DPM3",7.95900641532456,0.0967753693641368,0.330441518046098,0.292866858669486,0.769623921639696,0.999657356903497
"KRTCAP2",41.176950471875,0.0966716248061251,0.154196374673882,0.626938376538236,0.530699630163082,0.999657356903497
"MTX1",5.0790783289239,0.0265622740762088,0.36517578893813,0.0727383218735486,0.942014352858076,0.999657356903497
"SCAMP3",8.17027074138168,-0.10050791447571,0.359528201634667,-0.279555022439772,0.779818918529636,0.999657356903497
"FDPS",7.3123803855904,0.000993985151493544,0.334383045486094,0.00297259434923976,0.997628216356184,0.999657356903497
"ASH1L",6.35688584112592,-0.312725600868662,0.37096397135646,-0.843008014296254,0.399223961622235,0.999657356903497
"DAP3",8.72532213103913,-0.203344405364966,0.317399752635588,-0.640657100947489,0.52174549178821,0.999657356903497
"ARHGEF2",4.28906071109302,-0.652269972696518,0.485024103160742,-1.34481970781635,0.178683464305613,0.999657356903497
"SSR2",38.3244024406735,-0.0963715644049193,0.17727812197471,-0.543617922682344,0.586704423804909,0.999657356903497
"LAMTOR2",14.1336576254688,-0.0955941504979904,0.259946061383609,-0.367746100822507,0.713062562122237,0.999657356903497
"PMF1",7.25748147670437,-0.0876252100885254,0.412546239948889,-0.212400942254089,0.831794250736352,0.999657356903497
"CCT3",16.0512196812616,0.317253408268742,0.217314178818677,1.45988361179807,0.144322063977465,0.999657356903497
"MEF2D",8.57409311279041,0.150632514745919,0.302159159667266,0.498520431787651,0.618117271855994,0.999657356903497
"TTC24",6.33903214664405,-0.312727012033646,0.45655122865598,-0.68497682714439,0.493358543826882,0.999657356903497
"NAXE",10.0937669685798,0.208460753688818,0.265204802292784,0.786036873716485,0.431845884937921,0.999657356903497
"ISG20L2",4.01560229704702,0.255705043711251,0.448425948293032,0.570228026911939,0.56852304920467,0.999657356903497
"MRPL24",4.88329147423837,0.363692623953994,0.361207036203763,1.00688133812772,0.313991801022573,0.999657356903497
"HDGF",7.29747422411527,-0.355750077743031,0.342271250377207,-1.03938054204368,0.298627789823551,0.999657356903497
"PRCC",5.72055293490712,0.341502207914317,0.357664642004888,0.954811205267669,0.339673179810114,0.999657356903497
"MNDA",12.3151050486911,0.465517203952202,0.792582426850836,0.587342323248119,0.556973821730763,0.999657356903497
"IFI16",29.109867122939,-0.0703657230359629,0.174153473287232,-0.404044327728729,0.686180122768074,0.999657356903497
"FCER1A",15.2426434123412,0.0735163645102915,0.377392127150334,0.194801001985413,0.845548737846321,0.999657356903497
"DUSP23",4.03975477134431,0.335706811090204,0.417649692353382,0.803799972169393,0.421512505856159,0.999657356903497
"TAGLN2",207.222922148744,0.10610372988443,0.158174109329902,0.67080339718007,0.502345783022213,0.999657356903497
"PEA15",8.68418713399937,0.069595415503975,0.310598323614994,0.224068870346651,0.822703714511897,0.999657356903497
"COPA",11.241462946031,-0.231356415239123,0.287361126234155,-0.805106864213095,0.420758015057469,0.999657356903497
"NCSTN",6.82887242069131,0.0756506347570558,0.327224996507775,0.231188434760235,0.817168414381809,0.999657356903497
"CD48",14.0240343953773,0.481624741674079,0.340449189737027,1.41467436608118,0.157163993558675,0.999657356903497
"SLAMF7",13.5442056751269,0.341780866661745,0.243134167977431,1.40572947646532,0.159804470579491,0.999657356903497
"LY9",6.91777351343518,-0.197857274210999,0.353216177173989,-0.560159151808999,0.575370886427477,0.999657356903497
"F11R",4.11715260317172,-0.105411387695214,0.503182124093269,-0.209489532016195,0.834066106341992,0.999657356903497
"TSTD1",8.40909733591925,0.530724496704968,0.316576130251823,1.67645139980326,0.0936498081836547,0.999657356903497
"ARHGAP30",10.7519357565982,-0.11660497651862,0.339856571375854,-0.343100549877743,0.731522817465597,0.999657356903497
"PFDN2",16.3397199126034,0.431267454613362,0.21343391601627,2.02061351196164,0.0433197891066681,0.999657356903497
"NIT1",3.50411147146104,-0.0241554589677692,0.515078672009091,-0.0468966398347453,0.962595606172907,0.999657356903497
"DEDD",4.48767004187568,-0.646847997981262,0.443600965414064,-1.45817536122241,0.144792213291646,0.999657356903497
"UFC1",23.3686594638848,0.0664909034641385,0.19070661096976,0.348655472015503,0.727347977096549,0.999657356903497
"B4GALT3",7.04124045457294,0.2800012684286,0.394171174738488,0.710354501732315,0.477484330031737,0.999657356903497
"NDUFS2",12.9557148899066,-0.027367920413738,0.262243840698773,-0.104360584183078,0.916883201096971,0.999657356903497
"FCER1G",146.926513491091,-0.0868172126753541,0.142197198006379,-0.610540952230715,0.541503524059898,0.999657356903497
"SDHC",13.4337937676663,-0.182592201859181,0.247189856271881,-0.738671904312895,0.460106250216705,0.999657356903497
"FCGR3A",7.04575876204739,-1.54709588337625,2.01913562931183,-0.766216920209339,0.443547242219271,0.999657356903497
"FCRLA",7.67981429285879,-0.349439014499894,0.393135793924241,-0.888850671702594,0.374083339031792,0.999657356903497
"UHMK1",6.52215460837337,0.143455253411377,0.364344957612899,0.393734702275726,0.693776917933541,0.999657356903497
"MGST3",8.10842215124236,0.0302376422931238,0.352799660563687,0.0857076853328357,0.931698792600452,0.999657356903497
"ALDH9A1",4.0424086993392,-0.132701889050847,0.440541977531233,-0.301224164367943,0.763243564548016,0.999657356903497
"TMCO1",14.4580635469747,0.046967700115872,0.249147690346924,0.188513487925464,0.850474143229229,0.999657356903497
"UCK2",6.3399474918433,-0.0847806499085293,0.354731725322839,-0.238999344734027,0.811106090846534,0.999657356903497
"RCSD1",15.4469073021087,-0.14857251444039,0.277983958818163,-0.534464344892561,0.59302031150989,0.999657356903497
"MPZL1",4.26777500146981,0.826759495605535,0.42918452020166,1.92634975561809,0.0540607166325301,0.999657356903497
"MPC2",7.30300708223176,0.418987678239305,0.326400119162081,1.28366276126035,0.199259979450621,0.999657356903497
"DCAF6",5.003812007851,0.188168033463912,0.433671993010115,0.433894824883292,0.664364817946013,0.999657356903497
"TIPRL",4.80478423218825,-0.218204520402853,0.386044962519759,-0.565230845077234,0.571916759164621,0.999657356903497
"SFT2D2",25.2995831235835,-0.12465811845563,0.226973918265217,-0.549217810611915,0.582855983027725,0.999657356903497
"SELL",75.0794419107145,0.263986583457856,0.141159747473313,1.87012649273663,0.0614662543171322,0.999657356903497
"PRRC2C",23.5267326292267,-0.102921833995277,0.204589168544055,-0.503065898980444,0.614917941192827,0.999657356903497
"PRDX6",27.6654930698747,-0.0288867163065835,0.181763192746242,-0.158925004948125,0.873727959963333,0.999657356903497
"GAS5",26.0377009136845,0.429367320544565,0.399312004580725,1.07526774957692,0.282254870732512,0.999657356903497
"RABGAP1L",18.2613667407228,0.163317669253294,0.255457264724297,0.63931503153592,0.522618011773184,0.999657356903497
"CACYBP",10.3799385034624,0.316057212379802,0.251889733607423,1.25474431948221,0.209571591395863,0.999657356903497
"TOR3A",8.34161914275431,0.045802120111409,0.347050030688708,0.131975554131248,0.895003627571917,0.999657356903497
"TOR1AIP1",7.96896662877282,0.0459252915427436,0.286612669737288,0.160234687408757,0.872696205799421,0.999657356903497
"CEP350",10.2200400390533,-0.0391628202776537,0.34582786984204,-0.113243678988457,0.909837367542951,0.999657356903497
"GLUL",18.9595825587053,-0.805244681289924,0.462195781178743,-1.74221555903496,0.0814707324359709,0.999657356903497
"DHX9",7.56030982899013,-0.369617763235751,0.338031401382106,-1.09344209361763,0.274199740370161,0.999657356903497
"SMG7",5.08255615491492,-0.57725551375787,0.398587584423856,-1.44825262079418,0.147546412943214,0.999657356903497
"NCF2",5.77392239317062,0.0311581068539201,0.461825583763599,0.0674672602587331,0.946209725147286,0.999657356903497
"ARPC5",38.677702876232,-0.265470708163359,0.179400582461187,-1.47976502930693,0.138935964342396,0.999657356903497
"TSEN15",4.95056410582904,-0.381061190115365,0.38876281565028,-0.980189397687037,0.326992637038457,0.999657356903497
"EDEM3",3.47293564491199,0.335024131975912,0.44157765947781,0.758698101647842,0.448033172761029,0.999657356903497
"TPR",13.518882792736,-0.156800032432482,0.258010604181663,-0.607727085209568,0.543368496013844,0.999657356903497
"RGS1",18.2971627628654,-1.75467936992249,0.605924758314054,-2.89587006611972,0.00378108920199646,0.999657356903497
"RGS2",16.8316473933415,-0.939108116674473,0.47413056506904,-1.980695162603,0.0476254695844176,0.999657356903497
"UCHL5",4.74465561668693,-0.221516145427455,0.420983375300832,-0.526187394618995,0.598758011363821,0.999657356903497
"RO60",5.38516599107821,-0.305059689675363,0.382066050007113,-0.798447518877125,0.424610836941807,0.999657356903497
"CDC73",7.26671551603553,-0.135853558440076,0.389149232889477,-0.349104011927116,0.727011224754725,0.999657356903497
"LINC01724",3.31454186297654,-0.00864854009710825,0.481618959492217,-0.017957225160377,0.985672977280391,0.999657356903497
"NEK7",3.949447586586,-0.545502073416913,0.465614565532675,-1.17157433164241,0.241367998543699,0.999657356903497
"PTPRC",38.4615091601489,-0.0584807045466575,0.232810485047309,-0.251194462031097,0.801663765990388,0.999657356903497
"TIMM17A",4.96847566080183,0.0735045089624153,0.382154197002005,0.192342540103072,0.847473898254124,0.999657356903497
"RNPEP",5.20258475850423,-0.565284313763247,0.405350784956644,-1.39455586307477,0.163149812634433,0.999657356903497
"ARL8A",7.05991011720444,0.34454043255188,0.355264026731004,0.969815142057029,0.332138643810587,0.999657356903497
"RABIF",5.092673451153,-0.196498836823358,0.39242319066244,-0.500731968698519,0.616559770202888,0.999657356903497
"ADIPOR1",9.08460678216802,0.16269513523546,0.297681531384505,0.546540910612665,0.584694174053437,0.999657356903497
"TMEM183A",6.5522257237798,0.243888807854925,0.41044275055628,0.594209076721123,0.552372282636322,0.999657356903497
"BTG2",21.5752802505426,-0.310500423319077,0.384789672783584,-0.806935438451102,0.419703680192216,0.999657356903497
"ATP2B4",7.85122121207978,-0.181454593511231,0.332411111277942,-0.545874031748326,0.585152529858887,0.999657356903497
"SNRPE",13.1307281682508,0.287130104760267,0.244407414364811,1.17480112257023,0.240074290934459,0.999657356903497
"MDM4",9.967635795613,-0.505940024109184,0.335829432914327,-1.50653866076787,0.131928950295631,0.999657356903497
"NUCKS1",20.3677245989859,-0.158157692900341,0.248330733596581,-0.636883283070678,0.52420087245117,0.999657356903497
"RAB29",4.38166896043043,0.359425973069495,0.447281928691067,0.803578123805102,0.421640661399491,0.999657356903497
"SRGAP2",5.97602135296242,-0.0839761624754286,0.384377879005725,-0.218472932658484,0.827060645563268,0.999657356903497
"RASSF5",9.01936721907541,-0.132082604709468,0.30738730615457,-0.429694402029244,0.667417956070437,0.999657356903497
"MAPKAPK2",40.3997967647609,0.0596314489092015,0.212953757856585,0.28002064631027,0.779461664825134,0.999657356903497
"FCMR",3.81537155148648,-0.34341680385862,0.680361391971157,-0.504756454306829,0.613729904161041,0.999657356903497
"PFKFB2",7.64511827042021,0.206184278488109,0.316258853737909,0.651947846048221,0.514434817705643,0.999657356903497
"CD55",12.2391947681708,0.0877833707547769,0.340168862623962,0.258058218725964,0.796361976304938,0.999657356903497
"CD46",6.82697501180724,0.036969678992045,0.324388038647959,0.113967454367718,0.909263592959156,0.999657356903497
"TRAF3IP3",15.5461535911249,0.0187271371656942,0.259005244946,0.0723040846898626,0.942359914094697,0.999657356903497
"LPGAT1",8.38273133226078,0.0132618572164784,0.302049321553961,0.0439062638785275,0.964979122264711,0.999657356903497
"PACC1",4.80053362068183,0.100343359646654,0.405555481338841,0.247422027968641,0.804581628187186,0.999657356903497
"NENF",15.5775154591334,-0.373996796050415,0.242639786329701,-1.54136632622246,0.123227654723109,0.999657356903497
"NSL1",7.69607385674422,0.0651224712678913,0.339638781367163,0.191740386671248,0.847945568898155,0.999657356903497
"TATDN3",8.90026579019611,-0.330833583907288,0.308553487970396,-1.07220821285621,0.283626522367747,0.999657356903497
"ANGEL2",4.64774684790763,-0.546001579932272,0.511107178567085,-1.06827218013845,0.285397753737296,0.999657356903497
"SMYD2",5.48460424250038,-0.260426353032298,0.483698355040402,-0.538406530265221,0.590296418993601,0.999657356903497
"EPRS",7.48825693959169,-0.385977314706861,0.360632621147882,-1.07027842760954,0.284494001580452,0.999657356903497
"MIA3",11.4199455732562,-0.177211139739853,0.309134648505699,-0.573249037584302,0.566476085957806,0.999657356903497
"AIDA",6.92624928735273,-0.0479284999435611,0.349944569673937,-0.136960261987259,0.891062205387438,0.999657356903497
"DEGS1",4.99977411212419,-0.298639916354811,0.398112622482626,-0.750139280921301,0.453170823737241,0.999657356903497
"CNIH4",4.82432567801942,-0.491780197573762,0.550790967867015,-0.892861768373258,0.371931203123961,0.999657356903497
"WDR26",4.69386508919612,0.153829416574407,0.461310803667999,0.333461552062667,0.738785907235975,0.999657356903497
"LBR",9.24900607782901,-0.112200481433985,0.310760090611927,-0.361051772166263,0.718060745061886,0.999657356903497
"SRP9",21.1622510879954,-0.35345918814555,0.230053086581497,-1.53642445488483,0.124434312778628,0.999657356903497
"TMEM63A",6.01223383994254,0.594898483891575,0.339814291641512,1.7506576342562,0.080004901168528,0.999657356903497
"PYCR2",12.1857593799689,-0.242667660605856,0.297038626602421,-0.816956580299103,0.41395324172795,0.999657356903497
"H3F3A",162.280082762316,-0.0513773231356742,0.119036752176053,-0.431608912344048,0.666025679848277,0.999657356903497
"ACBD3",4.69124235750434,0.203936663147161,0.525349939136723,0.388192037258591,0.697873925395284,0.999657356903497
"PARP1",9.60583100231334,0.176888732234226,0.291939397803263,0.605909081012187,0.544575128936223,0.999657356903497
"ARF1",45.093048305946,-0.19845389406822,0.152135685534651,-1.30445328044365,0.192079078972623,0.999657356903497
"MRPL55",7.93312206053891,-0.287441937633097,0.334407027046031,-0.859557109706102,0.390033226288704,0.999657356903497
"GUK1",36.3242159419463,0.0496850238731311,0.171213828355653,0.290192821165842,0.771668727916498,0.999657356903497
"RNF187",5.81928008677906,0.28912815432733,0.364642721418446,0.79290806409801,0.427831388656719,0.999657356903497
"RAB4A",9.34822312114591,0.0979706816327483,0.27697355684696,0.353718538145074,0.723549828225084,0.999657356903497
"GALNT2",7.47420617960184,0.161295285950219,0.314842335801701,0.512304946345617,0.608437604002587,0.999657356903497
"GNPAT",3.79581249395157,-0.422849388399787,0.500490163478553,-0.844870527446255,0.3981831314982,0.999657356903497
"TSNAX",4.24614296054719,0.22203017116364,0.399276599777289,0.556081100889672,0.578155414180513,0.999657356903497
"SLC35F3",14.2954123093863,0.00807447274617022,0.280070322999485,0.0288301618668289,0.977000045182107,0.999657356903497
"COA6",4.90176301571198,-0.0435866585511947,0.436168643344398,-0.0999307474672792,0.920399305574839,0.999657356903497
"TARBP1",7.90547557013069,0.0361812233395785,0.326984603724041,0.110651152768384,0.911892982461741,0.999657356903497
"IRF2BP2",25.0820987282586,-0.030007063652182,0.236325563883803,-0.126973413959295,0.898961440795646,0.999657356903497
"TOMM20",23.772776615819,-0.180437696007048,0.185500345326246,-0.972708140729907,0.3306983781158,0.999657356903497
"ARID4B",14.274617013741,-0.0361954197658744,0.248406647849989,-0.145710350665545,0.884150049934903,0.999657356903497
"ERO1B",5.18484606787044,0.174974893249999,0.43291322382023,0.404180061089237,0.686080314832927,0.999657356903497
"LGALS8",4.8052175689423,-0.565556606619264,0.438705368842259,-1.28914904349533,0.197346276211798,0.999657356903497
"KMO",10.8644098210829,0.166634401977499,0.297358182035249,0.560382770828706,0.575218380926124,0.999657356903497
"OPN3",15.160409201574,-0.298895959143235,0.409282400912123,-0.730292723256896,0.465211275218702,0.999657356903497
"CEP170",5.06644781291278,-0.457000665963611,0.481254732060576,-0.94960243612958,0.342314300168083,0.999657356903497
"ADSS",6.00486329585097,-0.549970474654718,0.405565043814193,-1.3560598553624,0.175080124451009,0.999657356903497
"HNRNPU",39.3812014766434,0.22193045226596,0.180991672253725,1.22619151203181,0.220126614686916,0.999657356903497
"CNST",4.79694316167336,-0.674311513655532,0.430165445252607,-1.56756318085837,0.116983110475228,0.999657356903497
"ACP1",11.2959668454074,0.00348154054418957,0.270220006537253,0.0128840961437458,0.989720263013735,0.999657356903497
"TMEM18",6.99510213745442,-0.285873300905135,0.382810636080036,-0.746774707809754,0.455199565130381,0.999657356903497
"TRAPPC12",6.1537018398395,0.137397057110208,0.344115451249911,0.399276047068355,0.689689814440945,0.999657356903497
"ADI1",11.4975752723112,0.38886242170991,0.255314382294941,1.523072919804,0.127740463020506,0.999657356903497
"RNASEH1",4.50633131325058,0.0352357556901527,0.44472221434455,0.079230932374459,0.936848941444699,0.999657356903497
"RPS7",373.765966016213,0.108092872761215,0.115625777810762,0.934850989181013,0.349865097896667,0.999657356903497
"CMPK2",5.34046797951489,0.00411829092878285,0.54414798999387,0.00756832884530042,0.993961404911364,0.999657356903497
"ITGB1BP1",5.33035047226596,-0.0145698997282889,0.375094739803405,-0.0388432526031298,0.969015360247609,0.999657356903497
"CPSF3",4.49213709749012,0.35688167442227,0.389940510481108,0.915220821714446,0.360075715868218,0.999657356903497
"IAH1",9.77923321072936,0.0853178894021727,0.2688004083423,0.317402380183612,0.750938301394099,0.999657356903497
"YWHAQ",10.1694127600983,-0.399490707554646,0.275525415517297,-1.44992325591672,0.147079921352062,0.999657356903497
"HPCAL1",4.68312255456324,-0.704660675057158,0.429883828850268,-1.63918860809858,0.101173985608441,0.999657356903497
"ODC1",19.0992817697819,-0.165607273965941,0.241606308160674,-0.685442674186341,0.493064623190845,0.999657356903497
"PDIA6",28.2613323565981,-0.287714384095119,0.225187211458895,-1.27766751153912,0.201366685160992,0.999657356903497
"DDX1",4.01897694276714,-0.446496162128142,0.457824655143131,-0.975255825810763,0.329433376604315,0.999657356903497
"FAM49A",4.6029960661234,-0.548987328388192,0.405641215827685,-1.35338152773263,0.175933775652285,0.999657356903497
"SMC6",17.1814103568078,0.0817464343937762,0.270522367503908,0.302179945961752,0.762514890888859,0.999657356903497
"RDH14",5.25413403391665,-0.329824630679716,0.391040590871213,-0.843453693502479,0.398974753362056,0.999657356903497
"LAPTM4A",18.5943766628485,0.0239891712503567,0.225438251602477,0.106411272620485,0.915256049601918,0.999657356903497
"PUM2",4.94167803952052,0.112202460473736,0.380034630279771,0.295242726672398,0.767808464746955,0.999657356903497
"RHOB",3.83820750110542,-1.18496016194822,0.62110906670751,-1.90781333821075,0.0564153462095713,0.999657356903497
"ATAD2B",4.37646406484739,-0.434628770655997,0.51976321096831,-0.836205336361322,0.403039396853396,0.999657356903497
"SF3B6",16.7181438217436,-0.0691771534945318,0.213092439443372,-0.324634481050724,0.745457727358123,0.999657356903497
"ITSN2",7.80212647894502,0.147810480577525,0.348027297064964,0.424709446138457,0.671048496856027,0.999657356903497
"NCOA1",4.4534429016301,-0.0462107940084352,0.392817799409566,-0.117639256871489,0.90635349841085,0.999657356903497
"PTRHD1",18.1565733522514,-0.0263670431501503,0.199391148492568,-0.132237781614128,0.894796218104885,0.999657356903497
"ASXL2",4.80318895596945,-1.09125997578201,0.509662678289674,-2.14114162615176,0.0322626187321015,0.999657356903497
"RAB10",10.5959018376644,-0.321368879905011,0.302413220798559,-1.06268131749134,0.287926496044394,0.999657356903497
"HADHA",15.2058542089685,0.206412342632899,0.227152686113792,0.908694262719381,0.363511533477061,0.999657356903497
"HADHB",6.83554379829174,0.345348458835924,0.327315368628079,1.05509393061325,0.291382367602253,0.999657356903497
"OST4",67.5670671941307,0.265149616254515,0.131742291052908,2.01263856985779,0.0441526662528592,0.999657356903497
"PREB",7.43080490918558,0.0367405937642737,0.314947102264777,0.116656395629847,0.907132345513865,0.999657356903497
"ATRAID",15.9142175996102,-0.0659205492111652,0.23213255075784,-0.283978050454171,0.776427201678095,0.999657356903497
"MPV17",7.70318251220028,0.126317050811161,0.320488855609387,0.394138668475626,0.693478663538665,0.999657356903497
"SNX17",14.9197152155794,-0.0205111739257774,0.244602423189389,-0.0838551542471687,0.93317159564667,0.999657356903497
"PPM1G",23.4132650220971,-0.0197947379926146,0.207663531375639,-0.0953212047463848,0.924059700388146,0.999657356903497
"NRBP1",6.9043245132594,-0.121620788978697,0.354223704370252,-0.343344579931254,0.731339246896102,0.999657356903497
"MRPL33",8.17109166120152,-0.337394600563438,0.332683643129826,-1.01416047206076,0.310506186598072,0.999657356903497
"PPP1CB",5.56430370687167,0.00770175195643394,0.395177474989898,0.0194893495805418,0.984450733234462,0.999657356903497
"YPEL5",20.6818624512559,-0.46131179347423,0.242422974917997,-1.90292109743425,0.0570508416190851,0.999657356903497
"YIPF4",6.67883187918624,0.0236105927174126,0.333924252606369,0.0707064327706824,0.943631401043425,0.999657356903497
"BIRC6",9.57632089026167,-0.112033426543387,0.32050220632554,-0.349555866799845,0.726672036937572,0.999657356903497
"FEZ2",17.8907986804755,0.275603114850276,0.220597112113155,1.24935051148315,0.211536900620033,0.999657356903497
"GPATCH11",6.46737812384219,-0.421688480561783,0.365166375855399,-1.15478452684474,0.248178674985582,0.999657356903497
"EIF2AK2",18.1837674828702,-0.0293684199415144,0.226575440298227,-0.129618726119912,0.896868086936112,0.999657356903497
"CEBPZOS",4.94447652531541,0.196216414599296,0.445335177268167,0.440603897053345,0.659499781075545,0.999657356903497
"CEBPZ",5.50961863822906,0.332568921634936,0.404724106285547,0.821717600879195,0.411237639467726,0.999657356903497
"SRSF7",29.9583593137299,-0.422676285637685,0.211029980662784,-2.00292055332698,0.045185816604401,0.999657356903497
"EML4",10.0388748712595,-0.236065512120184,0.296597135115533,-0.795912988263455,0.426082611461605,0.999657356903497
"COX7A2L",25.8167222364158,0.0898474688902605,0.209900624583734,0.42804764906461,0.668616429764618,0.999657356903497
"ZFP36L2",76.0151447960041,-0.652899041778668,0.337327453899702,-1.9355052019359,0.0529283309385505,0.999657356903497
"LRPPRC",5.40502820672308,-0.392470825825847,0.380183592001185,-1.03231921125261,0.301922604249819,0.999657356903497
"PPM1B",4.61644192042325,0.149692959158938,0.470444004380305,0.318195062037452,0.750336978195378,0.999657356903497
"PIGF",5.2982676945341,-0.161892246256138,0.393791991904981,-0.411111067731417,0.680991094785293,0.999657356903497
"MCFD2",4.81088621697299,-0.147202379212277,0.421145186841603,-0.349528817641791,0.726692340058247,0.999657356903497
"TTC7A",11.2676251856725,0.101509429625964,0.269158308981725,0.377136526120977,0.706072147983906,0.999657356903497
"CALM2",92.6672676692067,0.00450849565014759,0.111471354068411,0.0404453295452094,0.967738092043218,0.999657356903497
"FOXN2",6.60007370120226,0.0274169738218396,0.33524539602591,0.0817818056469913,0.934820224592625,0.999657356903497
"ERLEC1",8.65467733828139,0.0784602621645297,0.312994942232984,0.250675814774433,0.802064760769477,0.999657356903497
"ACYP2",6.0102626169218,0.131986762686763,0.34010642561727,0.388074886992257,0.697960615720907,0.999657356903497
"RTN4",17.8365733232815,0.00468403927873448,0.209744321157539,0.022332138733884,0.982183012267981,0.999657356903497
"RPS27A",480.180167524258,0.128798354998603,0.0987464440626397,1.3043341076353,0.192119690900113,0.999657356903497
"CCDC88A",36.4378511621355,-0.378063981349029,0.202321202041026,-1.86863253843443,0.0616739555715373,0.999657356903497
"PPP4R3B",7.77914294940542,-1.13284243874766,0.410047999253994,-2.76270690457862,0.00573242165579278,0.999657356903497
"PNPT1",5.43308272107541,0.392303706864074,0.404311455624161,0.970300745642862,0.331896605731927,0.999657356903497
"VRK2",5.31751496064826,-0.295157158488692,0.374694240293288,-0.787728037286244,0.430855802038502,0.999657356903497
"AC007381.1",9.66802758520705,-0.0534847917926562,0.429105847094925,-0.124642421339052,0.900806642880536,0.999657356903497
"BCL11A",48.2855213799359,-0.184743179503133,0.225418982516696,-0.819554668557916,0.412470024827339,0.999657356903497
"REL",10.9209974546587,-0.102810915953687,0.275490233263163,-0.37319259828524,0.709005104621149,0.999657356903497
"USP34",7.00078845235965,-0.0755396907420756,0.375858779192401,-0.200978917944623,0.840715058764374,0.999657356903497
"XPO1",8.26420309352999,0.155012513962591,0.333996245633719,0.464114540175363,0.64256568489096,0.999657356903497
"CCT4",16.0538557786993,0.00548218790326404,0.228788988880934,0.0239617646377076,0.980883107342307,0.999657356903497
"COMMD1",8.52415985292348,0.0258610163665008,0.313910292784948,0.0823834610106827,0.934341787540926,0.999657356903497
"B3GNT2",4.56951478648273,0.363722225906938,0.412108525257135,0.882588453320624,0.37745866944579,0.999657356903497
"MDH1",14.201229598561,0.0801275717204925,0.253701665823255,0.315833841533837,0.752128630026447,0.999657356903497
"UGP2",4.88771286787393,-0.0284084532254849,0.409148649650251,-0.0694330856273607,0.944644893935849,0.999657356903497
"AFTPH",7.06893760239359,-0.309220675563151,0.361570451885878,-0.855215557439272,0.392431825071023,0.999657356903497
"SERTAD2",11.7791597847803,-0.249545416706403,0.276758385640791,-0.90167246831065,0.367230882327621,0.999657356903497
"LINC02245",10.8012205676369,-0.0303341146428085,0.297112209487751,-0.102096493089622,0.918680084579323,0.999657356903497
"RAB1A",6.08625080071774,-0.300802562584089,0.373193194994019,-0.806023707342547,0.420229179616095,0.999657356903497
"ACTR2",27.748828359152,-0.487836040681397,0.246725516310451,-1.97724194877177,0.0480142880035788,0.999657356903497
"C1D",7.78251564462071,0.259384747564878,0.306916428209157,0.845131520259035,0.398037411326403,0.999657356903497
"PPP3R1",6.23184299668497,0.123597099916021,0.386866964100882,0.319482177040558,0.749360904477867,0.999657356903497
"PLEK",84.5972799978528,0.287737871719361,0.155915354076025,1.84547489517331,0.0649684871437602,0.999657356903497
"ARHGAP25",6.36050626997479,-0.433661870677624,0.395669704158868,-1.09601990276087,0.273070064679633,0.999657356903497
"ANXA4",5.31451095759853,-0.32366377141396,0.394264108479234,-0.820931361625598,0.411685366089644,0.999657356903497
"SNRNP27",5.30402194565204,-0.198934119362247,0.416514220521197,-0.477616632424493,0.632923090596479,0.999657356903497
"PCBP1",54.2194552517936,-0.0145149960441184,0.197574663064669,-0.073465877754616,0.94143539628266,0.999657356903497
"TIA1",6.92054927792388,-0.00381366618111856,0.364279929861448,-0.0104690537921457,0.991647056195265,0.999657356903497
"SNRPG",26.7009364286684,0.123867745521964,0.192462404684379,0.643594502131966,0.519838416314263,0.999657356903497
"NAGK",23.6789845101633,0.0741932897368653,0.201765475716618,0.367720441137664,0.713081697059594,0.999657356903497
"ZNF638",6.92613508711355,-0.369939664725768,0.353700451143009,-1.04591233494411,0.295601508821555,0.999657356903497
"CCT7",16.4362280623102,-0.0633356559456717,0.22439202994273,-0.282254480971701,0.777748385995437,0.999657356903497
"TPRKB",5.20063989817127,0.0999714391283284,0.373415580820248,0.267721659896275,0.788913576047035,0.999657356903497
"STAMBP",4.42036625645499,0.428725466800274,0.403958005851094,1.06131196953752,0.288548147876976,0.999657356903497
"DGUOK",12.9049709664306,-0.172870644774146,0.242648981250193,-0.712430952248261,0.476197954361876,0.999657356903497
"BOLA3",4.16083773118891,0.466023726263673,0.425154972570381,1.0961267216192,0.27302332213445,0.999657356903497
"MOB1A",26.8615191746147,-0.0918688510119232,0.189285633968672,-0.485345079210438,0.627431583483646,0.999657356903497
"MTHFD2",4.90885085444119,-0.142669394287665,0.412932637135687,-0.345502828929418,0.729716383891613,0.999657356903497
"DCTN1",8.56511447523141,0.146726794653085,0.288052609342378,0.509374988784379,0.610489404266873,0.999657356903497
"WBP1",8.50055667220607,-0.290243826073758,0.307272550557669,-0.94458104229289,0.344872809277628,0.999657356903497
"MOGS",4.67508629095286,0.356929799832686,0.401821769692985,0.888278900631494,0.374390746350979,0.999657356903497
"AUP1",17.4697657092999,0.0777831734089516,0.275226294652789,0.282615342066349,0.777471718334004,0.999657356903497
"POLE4",8.76087202687848,0.217943297942196,0.304679507200586,0.715319845252057,0.474411428598655,0.999657356903497
"MRPL19",5.14519246548356,0.334764898928467,0.352379211158324,0.950013191266432,0.342105549937555,0.999657356903497
"SUCLG1",8.05144230759486,0.0152082680982894,0.311737015118221,0.0487855704030587,0.961090181631988,0.999657356903497
"TMSB10",589.600407172384,0.124597273640172,0.152916328439036,0.814806861451987,0.415182872767517,0.999657356903497
"KCMF1",3.91802261290048,0.397881223629587,0.443999672565999,0.896129542911866,0.370183580255888,0.999657356903497
"TGOLN2",11.8686303481295,0.217570752498846,0.267685555542778,0.812784806627628,0.416341447990593,0.999657356903497
"CAPG",48.7225865607875,0.216884179816948,0.17175289523086,1.26276869758396,0.206672317246163,0.999657356903497
"MAT2A",9.56483809103463,-0.707249607275669,0.30129546926913,-2.34736223877275,0.0189068633913166,0.999657356903497
"VAMP8",99.1286043391859,0.102371996425619,0.129512721118916,0.790439699986094,0.42927102481413,0.999657356903497
"VAMP5",9.33750860564384,-0.828133739647384,0.419095173614877,-1.97600400048603,0.048154324114012,0.999657356903497
"RNF181",16.7290756962043,0.228566393864339,0.223913554659516,1.02077962279639,0.307358860807057,0.999657356903497
"USP39",4.64896015849079,0.0121682987768959,0.393943709145453,0.0308884200823807,0.975358524953584,0.999657356903497
"C2orf68",4.90859047401735,-0.0688994507009697,0.408540824789982,-0.16864765164262,0.866073796765413,0.999657356903497
"GNLY",8.82460045989914,1.33770599513842,1.59745905601513,0.8373961073377,0.402369953091644,0.999657356903497
"IMMT",6.37487401997658,-0.711028143314798,0.37619781409685,-1.89003794458983,0.0587528854705742,0.999657356903497
"CHMP3",6.09844524024941,-0.369017643000027,0.363179005807264,-1.01607647220628,0.309592971972505,0.999657356903497
"CD8A",2.0196330150182,-2.04260744241039,1.50866537435248,-1.35391683081948,0.175762913225497,0.999657356903497
"CD8B",2.02035606504869,-3.74248587853919,2.01722435530577,-1.85526506692008,0.0635583840844303,0.999657356903497
"KRCC1",5.88882560905946,0.101389585322284,0.375899052224286,0.26972556786812,0.78737138901178,0.999657356903497
"IGKC",67.284499379071,0.228180795014147,0.237047506694193,0.96259521222687,0.335750701167257,0.999657356903497
"MRPS5",7.12931424019762,0.143943373429515,0.340022798032845,0.423334477165294,0.672051243056602,0.999657356903497
"STARD7",10.7488291807473,-0.0596137584787803,0.294528553570349,-0.202404003809231,0.839600898593361,0.999657356903497
"CIAO1",6.70155788402165,0.0295286055804691,0.316001380200214,0.0934445462287545,0.925550402536564,0.999657356903497
"SNRNP200",9.26551169726991,0.0696793802143253,0.277771447766637,0.250851485185276,0.801928934448792,0.999657356903497
"ARID5A",9.5462292725279,0.0897391060480767,0.269704973503635,0.33273063111262,0.739337625452639,0.999657356903497
"ANKRD39",4.07746035542219,-0.144908681014617,0.45065796385164,-0.321549140674505,0.747794278840567,0.999657356903497
"COX5B",51.2702540522592,0.0825889691670527,0.140427776792123,0.588124166412677,0.556448953306492,0.999657356903497
"TMEM131",7.05760447225553,0.00811850537247356,0.400569039042222,0.0202674310323265,0.983830036719044,0.999657356903497
"INPP4A",12.5024423537804,-0.332890128066046,0.257262005223057,-1.29397315307955,0.195674694291807,0.999657356903497
"COA5",6.19620717087349,0.0790649038750763,0.364814718854661,0.216726189456668,0.828421736814065,0.999657356903497
"UNC50",4.62835934210139,0.605940944600098,0.381147068641806,1.58978251297939,0.11188383691998,0.999657356903497
"MGAT4A",10.1634524928223,0.0405954844088233,0.290068169338448,0.139951531053574,0.888698286001426,0.999657356903497
"MITD1",5.31417230658112,0.181213465699726,0.395991507610616,0.457619575715537,0.647225777022348,0.999657356903497
"TXNDC9",5.37651394144134,0.0716769097409929,0.372585260518758,0.192377201506027,0.847446749416062,0.999657356903497
"EIF5B",8.78605807708767,-0.0629096748849921,0.333845896496508,-0.188439263579956,0.850532323085228,0.999657356903497
"AFF3",14.1653719617927,-0.098650117156654,0.248831371270641,-0.396453697348946,0.691770359509471,0.999657356903497
"PDCL3",4.43361562769306,-0.119317391538905,0.446504065585469,-0.267225767322975,0.789295337849853,0.999657356903497
"RPL31",85.484882622514,0.107681204904096,0.158788416511286,0.67814269623655,0.497681221577014,0.999657356903497
"TBC1D8",6.15755751089676,-0.777760465594086,0.431523912927591,-1.8023577426278,0.0714891391299312,0.999657356903497
"RNF149",19.7706586852535,-0.0537368582469748,0.22967868109892,-0.233965372797621,0.815011861129568,0.999657356903497
"MAP4K4",10.5347510866721,0.364584038026816,0.331030853681415,1.10135968889985,0.270740142511039,0.999657356903497
"IL18R1",5.5532975057407,-0.0816132398125343,0.441950241396919,-0.184666127921032,0.853490915193799,0.999657356903497
"GCC2",10.4109791664481,-0.160386867746717,0.270843456071971,-0.592175532216285,0.553733052087382,0.999657356903497
"LIMS1",4.46464142222956,-0.25134206168809,0.573801674802542,-0.43802950169949,0.661364897609495,0.999657356903497
"RANBP2",7.7486288456991,-0.656986111434921,0.352096060923466,-1.86592860400596,0.0620513550406055,0.999657356903497
"MTLN",8.39669402421975,0.494273086534105,0.346406786123024,1.42685740099378,0.153621001793154,0.999657356903497
"CHCHD5",10.2952467855155,0.407401332870401,0.312802636557181,1.30242295063241,0.192771841200169,0.999657356903497
"SLC20A1",13.8782169679645,-0.0421291943015903,0.352291879400101,-0.119586049991643,0.904811070907986,0.999657356903497
"PSD4",7.13430896976687,0.263226188148402,0.328250823589889,0.801905644195038,0.422607540962237,0.999657356903497
"ACTR3",27.2678167961016,-0.21509362773658,0.19843405961182,-1.08395518469637,0.278384669705761,0.999657356903497
"DDX18",14.4812218735881,-0.203537367435842,0.264523415334241,-0.769449340349175,0.441626607457165,0.999657356903497
"DBI",44.2387714693307,0.155540425733735,0.177562057779789,0.87597782813846,0.381042087268812,0.999657356903497
"NIFK",7.52481630923648,-0.00983538011628904,0.31192198025576,-0.0315315390990546,0.974845640080138,0.999657356903497
"GYPC",4.12979177473916,-0.521982656700235,0.52980086476464,-0.985243119473053,0.324504664971706,0.999657356903497
"BIN1",13.0202911155726,-0.729180396420671,0.34250165785589,-2.12898355291313,0.0332556211766462,0.999657356903497
"ERCC3",3.94269026542767,-0.276018788555869,0.419784777905619,-0.657524529433811,0.510843703946848,0.999657356903497
"MAP3K2",16.6004346042772,-0.0805990427438305,0.285704990397949,-0.282105827523582,0.777862364921497,0.999657356903497
"PROC",6.0650201618651,0.0828806874756595,0.411378038066418,0.201470860878281,0.840330411918114,0.999657356903497
"IWS1",5.23547357341215,0.0998349123009026,0.366457787304541,0.272432230285602,0.785289693367129,0.999657356903497
"WDR33",8.48919143087326,-0.138680930701276,0.321827495029853,-0.430916975221187,0.666528740054062,0.999657356903497
"MZT2B",30.4104287195448,0.0549704590739813,0.172447533827723,0.318766281278905,0.749903749062834,0.999657356903497
"CCDC115",6.01303012247238,-0.149913553506102,0.351311571851065,-0.42672535013921,0.66957938419353,0.999657356903497
"IMP4",7.21735661325611,0.324650483230459,0.324045455401201,1.00186710789852,0.316407780492689,0.999657356903497
"PTPN18",17.1091324688844,-0.166763499009653,0.25896681132721,-0.643957031231094,0.519603297784303,0.999657356903497
"PLEKHB2",7.53057521846168,-0.245246353247812,0.327280715261389,-0.749345567311969,0.453648949828642,0.999657356903497
"MZT2A",13.1662087858465,-0.132235426754662,0.282451562537073,-0.468170278708605,0.639662824658506,0.999657356903497
"R3HDM1",5.41157705554416,0.372517031672708,0.385048269163885,0.96745541145169,0.333316421025155,0.999657356903497
"UBXN4",22.9626267603652,-0.118141472532359,0.195562259169777,-0.604111821135157,0.54576930081129,0.999657356903497
"AC011893.1",8.78771190957999,0.509717928342206,0.417314031061805,1.2214253305725,0.221925021275123,0.999657356903497
"DARS",10.4788275385966,-0.396547591723725,0.291633616613937,-1.35974582192516,0.173910372342516,0.999657356903497
"CXCR4",28.0899346239487,-0.810427425892923,0.540964211019006,-1.49811652857096,0.134102977468759,0.999657356903497
"KYNU",8.53974719338908,-0.134633144961288,0.295427979972696,-0.455722389510064,0.648589619653189,0.999657356903497
"ARHGAP15",9.28591001913804,-0.162629468876647,0.291306499727367,-0.558276142237992,0.57665583370708,0.999657356903497
"ZEB2",25.2451382080701,-0.15722777635495,0.209045196294884,-0.752123364428621,0.451976874448555,0.999657356903497
"MMADHC",11.9420520888714,-0.0612199735671156,0.270342606758143,-0.226453293105533,0.820848882355501,0.999657356903497
"NMI",9.38540462319032,-0.320340020062246,0.317485396211664,-1.00899135482968,0.31297878030768,0.999657356903497
"ARL5A",12.1003581164402,-0.167803325100979,0.29239394743639,-0.573894660174128,0.56603908673808,0.999657356903497
"PRPF40A",18.0778434185785,-0.266804574964828,0.227172725146343,-1.17445690187039,0.240212064982744,0.999657356903497
"ARL6IP6",7.43352306355003,0.157273963436909,0.361425074174726,0.4351495639754,0.663453869085043,0.999657356903497
"CYTIP",8.10470567217593,0.247075180218103,0.325242632047229,0.75966418874087,0.447455339926149,0.999657356903497
"BAZ2B",5.26486542564438,0.271311927179296,0.388348344934364,0.698630316617291,0.484783092416004,0.999657356903497
"MARCH7",6.29790153682704,-0.376853387650309,0.34798448626003,-1.0829603115373,0.278826039720463,0.999657356903497
"CD302",16.3572455936755,-0.332184165016977,0.260523056719106,-1.2750662808902,0.202285782960684,0.999657356903497
"RBMS1",14.0319525803222,0.0240757383928021,0.278252199197498,0.0865248808894898,0.931049178147063,0.999657356903497
"TANK",5.87114681808803,0.0445669508565625,0.351177014312335,0.126907368763392,0.899013714371928,0.999657356903497
"PSMD14",5.28072952112496,0.102799369791897,0.348578970552687,0.294909843898226,0.768062751870072,0.999657356903497
"IFIH1",3.43944092137308,-0.197121399254737,0.470694021112978,-0.418788831837367,0.675370467600363,0.999657356903497
"GCA",6.42952590618962,0.409875685811631,0.416878515482198,0.983201749645299,0.32550815385201,0.999657356903497
"COBLL1",19.4455265847105,-0.175975881120827,0.233794490470838,-0.75269473102822,0.451633376895399,0.999657356903497
"SCN9A",8.45728582532419,-0.00666075995377886,0.310466809013098,-0.021454016211755,0.982883484757636,0.999657356903497
"CERS6",16.7698060769276,-0.284494462500982,0.412244978701806,-0.690110194663569,0.490124892601859,0.999657356903497
"PPIG",13.4035118065709,-0.148727681279829,0.250378205730186,-0.594012090014341,0.552504026709609,0.999657356903497
"SSB",20.6331586894382,-0.210561116216733,0.271055964993625,-0.77681786571893,0.437266234676282,0.999657356903497
"METTL5",6.52363716743106,-0.209749039276292,0.359391203459972,-0.583623186257684,0.559473857126527,0.999657356903497
"GORASP2",11.2635638614382,-0.140307594349696,0.297420194640619,-0.471748714034815,0.637106161607023,0.999657356903497
"TLK1",6.00663108308493,0.0696974307770198,0.381441198022585,0.182721297904725,0.855016703781399,0.999657356903497
"DYNC1I2",3.55406812189802,0.130123476170328,0.446563899498299,0.291388256678423,0.770754394889046,0.999657356903497
"SP3",7.26894018750062,0.0766523788946884,0.327528899879663,0.234032413392684,0.814959815062135,0.999657356903497
"OLA1",9.19639449638123,-0.403615344093115,0.32069911724393,-1.25854834762803,0.208193513724349,0.999657356903497
"CIR1",8.81271362832977,0.203153743709382,0.319881641760267,0.635090349641365,0.525369490642901,0.999657356903497
"WIPF1",7.07443322919425,-0.223796592020677,0.372669046234273,-0.600523693293247,0.548157275364036,0.999657356903497
"ATP5MC3",51.5314318611411,0.205875240230168,0.159464988263778,1.29103725194913,0.19669076046099,0.999657356903497
"HNRNPA3",35.8281820646987,-0.0163209577456589,0.176406399507565,-0.092519079756849,0.92628563278075,0.999657356903497
"NFE2L2",6.39918087965868,-0.0334755786051723,0.367679437977842,-0.0910455553056782,0.92745639344476,0.999657356903497
"PRKRA",8.7095479707339,-0.190731685846996,0.31667397178427,-0.602296692627864,0.546976661997642,0.999657356903497
"UBE2E3",9.09846541416313,0.179708891746955,0.293342367455991,0.612625081421,0.540124270086094,0.999657356903497
"ITGA4",20.824272581225,0.129463560868177,0.240299443887978,0.538759302866009,0.590052948313839,0.999657356903497
"DNAJC10",6.62272071940617,-0.541491793895245,0.413762202889033,-1.30870289773778,0.190635009777397,0.999657356903497
"ZC3H15",15.2968345128838,0.0703352846960204,0.220475560741388,0.319016241344417,0.749714196948974,0.999657356903497
"ORMDL1",10.089079036397,0.248106390880259,0.283277086074926,0.87584348708895,0.381115125324731,0.999657356903497
"GLS",8.66014609020135,-0.201038684014186,0.312417501581322,-0.643493667917497,0.519903822175756,0.999657356903497
"STAT1",39.4999767512473,-0.0673003391023103,0.196613854329465,-0.342297033603418,0.732127367739052,0.999657356903497
"CAVIN2",3.31366518512397,0.301849509312132,0.792527138846857,0.380869618864193,0.703299997049757,0.999657356903497
"SLC39A10",6.57524706653584,-0.339097037767766,0.356145199173193,-0.952131429975737,0.341030330998182,0.999657356903497
"STK17B",16.8288299974154,-0.346340558680621,0.249796615484255,-1.38649019727191,0.16559727150817,0.999657356903497
"GTF3C3",2.19592980834867,0.887285842606603,0.598421098472679,1.48271149675568,0.138151078769501,0.999657356903497
"ANKRD44",9.66042343881195,0.0266824248173393,0.298992370129596,0.0892411562401209,0.928890257890856,0.999657356903497
"SF3B1",16.9621636719586,-0.452303708136726,0.233739848408081,-1.93507316453402,0.0529813180508741,0.999657356903497
"HSPD1",14.9179274114805,-0.0125866584953778,0.236716832670615,-0.0531717932914886,0.957595029505347,0.999657356903497
"HSPE1",18.5557047592456,0.177913738313081,0.221836274728124,0.802004715104087,0.422550230772522,0.999657356903497
"MOB4",5.86830694509634,-0.542491870350566,0.398996473572771,-1.35964076447313,0.173943631597864,0.999657356903497
"SPATS2L",11.3809130307666,-0.421410246126032,0.437354706040793,-0.963543412944839,0.335274888794389,0.999657356903497
"BZW1",13.7279223168992,-0.116952192865867,0.266242187197561,-0.439269952282523,0.660465943694991,0.999657356903497
"CLK1",6.3773449471642,-0.175258867589284,0.446246650261518,-0.392739906252687,0.694511593163777,0.999657356903497
"NIF3L1",2.96169172011071,-0.475627083690135,0.553602393862176,-0.859149253983439,0.390258176296717,0.999657356903497
"NDUFB3",15.6429584891433,0.103716378200118,0.254674130550763,0.407251329280359,0.683823405615772,0.999657356903497
"CFLAR",9.35464282392578,-0.673346784114267,0.319996576008646,-2.10423121557424,0.0353582828268385,0.999657356903497
"CASP8",5.91093035065998,0.152673215455867,0.356897646558191,0.427778711706842,0.668812237313158,0.999657356903497
"SUMO1",13.4508225531575,0.173524932921855,0.230913635729125,0.751471139302531,0.452369163472241,0.999657356903497
"NOP58",10.1988527326693,-0.0319519802218023,0.280892907533711,-0.113751466715006,0.909434812722945,0.999657356903497
"BMPR2",4.12874187592305,0.128990314464937,0.402378919379551,0.320569265069438,0.748536832202191,0.999657356903497
"ABI2",5.81932992075277,-0.168136419750533,0.352655610446051,-0.476772280860265,0.633524286174651,0.999657356903497
"EEF1B2",169.415386388729,0.222009580923439,0.100592761748739,2.20701347754995,0.0273131177711279,0.999657356903497
"CREB1",4.74523432665826,0.312755638578903,0.386022931543611,0.810199635882432,0.417825446733676,0.999657356903497
"IDH1",2.89240950577804,0.262802022440546,0.557065573720082,0.471761377544039,0.637097121628452,0.999657356903497
"ATIC",6.63320546255239,-0.085194593648557,0.356469472453485,-0.238995482732884,0.811109085517143,0.999657356903497
"XRCC5",22.1416529901505,-0.0550467831690221,0.243952037540817,-0.225645925010206,0.821476818889606,0.999657356903497
"RPL37A",170.939402960521,0.0136115295847869,0.284037679469988,0.0479215631186183,0.961778754247973,0.999657356903497
"RUFY4",3.41708547559006,0.726495523635563,0.479838759019078,1.51404093558578,0.130015457429271,0.999657356903497
"ARPC2",86.8097699890033,0.0434250672012322,0.125176730377997,0.346910061239826,0.728658887734094,0.999657356903497
"AAMP",6.98442836762352,-0.0813467876446751,0.333846771476903,-0.243665042153337,0.807490249728858,0.999657356903497
"PNKD",7.83530173835602,-0.082099940012394,0.34283569226805,-0.239473140819315,0.810738721153893,0.999657356903497
"SLC11A1",3.42687984013959,-0.494083448996056,1.21290091300826,-0.407356811836032,0.683745942187309,0.999657356903497
"CTDSP1",4.81692099329271,-0.292202540110425,0.394248545910319,-0.741163266527033,0.45859445300646,0.999657356903497
"WNT10A",2.35905274807438,0.625625158396071,0.645386174869513,0.96938109732915,0.332355080045792,0.999657356903497
"CNPPD1",7.9859655976275,0.131429162389132,0.303764134167679,0.432668467425397,0.665255640935163,0.999657356903497
"RETREG2",3.40164714168265,-0.0967362998942356,0.459155516839487,-0.210683083065411,0.833134576077221,0.999657356903497
"ZFAND2B",4.15088425218336,0.533715259082913,0.406024479893356,1.31449034605769,0.188681244752386,0.999657356903497
"TUBA4A",3.1137130512881,-0.0985619272042222,0.710052686884333,-0.138809315174492,0.889600832807188,0.999657356903497
"DNPEP",3.94622114836088,0.543299585528508,0.421701792577682,1.28835019222364,0.197624088499503,0.999657356903497
"CHPF",5.97627761304346,0.0796689626196173,0.364598678312626,0.218511386240695,0.827030687722292,0.999657356903497
"STK11IP",5.93747993459116,-0.253900023701509,0.37795453473592,-0.671773984346851,0.501727593186661,0.999657356903497
"ACSL3",7.08004314173423,-0.895487585116191,0.369221103288417,-2.42534236840921,0.015293955902785,0.999657356903497
"MRPL44",4.99591430410922,-0.379752569691377,0.388304780803832,-0.977975519398058,0.328086432002692,0.999657356903497
"CUL3",5.74709523542685,-0.37217889205467,0.364017452867425,-1.02242046122502,0.306581940363028,0.999657356903497
"DOCK10",6.33816031731316,-0.177267593502361,0.386688251505479,-0.458425082252206,0.646647074992196,0.999657356903497
"MFF",9.34263064925416,-0.0310109342798077,0.302096707441858,-0.102652341173815,0.918238899970916,0.999657356903497
"AGFG1",4.0437084602702,-0.642599619354223,0.479543169822722,-1.34002454792919,0.180237364280195,0.999657356903497
"TRIP12",7.65087798028617,0.0297258284594862,0.374872197902764,0.0792959003782847,0.936797267059788,0.999657356903497
"SP110",46.6182931402475,-0.300488142204221,0.211560042644244,-1.42034449628807,0.155507412976934,0.999657356903497
"SP100",20.2927778103264,-0.0444018431507923,0.225688207445271,-0.196739757266935,0.844031196278824,0.999657356903497
"ITM2C",164.36590586678,-0.173582401397801,0.14180008517933,-1.22413467649386,0.220901426645613,0.999657356903497
"PSMD1",5.75148755143288,0.610637981272419,0.339350748089584,1.79943019047425,0.0719506574820562,0.999657356903497
"NCL",41.0678307252631,-0.0121776183979518,0.182804854734395,-0.0666153993319553,0.946887886083845,0.999657356903497
"PTMA",324.291684340005,0.0118233542172536,0.07869546596791,0.150241873173162,0.880573790788018,0.999657356903497
"PDE6D",4.08011681406507,0.258142243562546,0.411826412756027,0.626822941819115,0.53077530336805,0.999657356903497
"EIF4E2",8.25768765319151,-0.396575439850644,0.306973300637223,-1.29188903082914,0.196395576987394,0.999657356903497
"GIGYF2",3.27347088548674,0.730068178194299,0.4175163978747,1.74859761655014,0.0803605985989597,0.999657356903497
"INPP5D",8.49101077309857,-0.0656971739562829,0.332536821085189,-0.197563607368018,0.843386510634756,0.999657356903497
"DGKD",3.28880383404154,0.0167781144175463,0.509814639980391,0.0329102248185568,0.973746178987669,0.999657356903497
"ARL4C",31.2013546791521,0.45529294267808,0.203574557612704,2.23649235944437,0.0253195372410239,0.999657356903497
"LRRFIP1",35.7533799407272,-0.215791249736562,0.186063890182093,-1.15976963356714,0.246142610663871,0.999657356903497
"UBE2F",11.8693828065636,0.0113733086585238,0.258295903209823,0.0440320907811102,0.964878823921567,0.999657356903497
"ILKAP",3.87892019023692,0.986021669479487,0.405595379313094,2.4310475902102,0.0150552369336417,0.999657356903497
"NDUFA10",8.98964918564995,0.168379854401069,0.323582822998007,0.520360916692124,0.602812045173412,0.999657356903497
"COPS9",13.391665549696,0.236793745591025,0.27734140238474,0.853798760498567,0.39321650139734,0.999657356903497
"RNPEPL1",8.96883996868498,0.0593344155660125,0.330344058304434,0.179613993575546,0.857455618067248,0.999657356903497
"PPP1R7",7.56162679121145,-0.191515819799974,0.357193355692476,-0.536168483393792,0.591842113177672,0.999657356903497
"HDLBP",10.1481630482255,-0.0514017796070671,0.281569124917123,-0.182554744317924,0.855147396305902,0.999657356903497
"SEPTIN2",13.0253643780626,0.0951444860331944,0.258883811221256,0.367518098502802,0.713232594311576,0.999657356903497
"ATG4B",4.71807540996559,-0.296227751172841,0.455689357085141,-0.650065108098397,0.515650166269317,0.999657356903497
"CRBN",4.28609515247658,0.0844346101724409,0.456856572265948,0.184816450715935,0.853373004332955,0.999657356903497
"ITPR1",7.00374541007013,-0.585905302736747,0.409691526862566,-1.43011330310791,0.152684502684677,0.999657356903497
"BHLHE40",7.23494312219984,-0.502864992950215,0.446476439895712,-1.12629681661965,0.260039904781515,0.999657356903497
"ARL8B",6.38947898501345,0.161890624851778,0.330955953909225,0.489160635847576,0.624727975766102,0.999657356903497
"EDEM1",5.76223405687819,0.273428871820341,0.371733212853878,0.735551364165625,0.462003770258351,0.999657356903497
"THUMPD3-AS1",6.08097290924337,-0.226179707905624,0.40584238421784,-0.557309233094342,0.577316168397659,0.999657356903497
"SETD5",6.23882855071434,-0.429356273702568,0.356977205821307,-1.20275543284266,0.229070975787084,0.999657356903497
"MTMR14",11.0128786722289,-0.155327906041138,0.265810888286783,-0.584354941373039,0.558981535145488,0.999657356903497
"TADA3",6.72932152037303,-0.11822284546776,0.358783020102528,-0.329510703806374,0.741769704819849,0.999657356903497
"ARPC4",24.2588974520198,0.0456626698478194,0.201408868911312,0.22671628163468,0.820644365841046,0.999657356903497
"RPUSD3",4.47804398342284,0.662659898713147,0.452952581557681,1.46297852290475,0.143473255833909,0.999657356903497
"JAGN1",8.17797911822832,-0.196486448897756,0.314598600868045,-0.624562373626606,0.532258321161145,0.999657356903497
"EMC3",7.23034663587688,0.182438078788337,0.3174179902596,0.574756580870322,0.56545593528549,0.999657356903497
"BRK1",41.249169600215,0.0473970321353247,0.17367061756757,0.272913362082586,0.784919814838654,0.999657356903497
"SEC13",19.4340710109283,0.0175269228975534,0.229494096140443,0.0763719990723748,0.939123146030793,0.999657356903497
"RPL32",583.227102614089,0.118598736432905,0.103487658301758,1.14601816660191,0.251787635375738,0.999657356903497
"IQSEC1",9.92456298184883,0.0219833461184655,0.296914678914577,0.0740392701325154,0.940979137947673,0.999657356903497
"NUP210",8.15116027372283,-0.0364061213887067,0.296453756199153,-0.122805397561735,0.902261199980624,0.999657356903497
"LSM3",13.8691939701814,-0.238335222814836,0.256825509371499,-0.928004478208133,0.353405246669968,0.999657356903497
"CCDC174",3.26986509528002,-0.103261428692662,0.523743554889311,-0.19716028527451,0.843702108319883,0.999657356903497
"MRPS25",7.25802620979334,-0.23305723826426,0.333134438873362,-0.699589148010164,0.484183921637963,0.999657356903497
"CAPN7",3.88191165387216,-0.00289106875256206,0.430330857775397,-0.00671824643835094,0.994639655214248,0.999657356903497
"SH3BP5",5.63425890043238,0.49457676441604,0.45003190027323,1.09898157023039,0.271776104745478,0.999657356903497
"RFTN1",8.73948771802158,0.0361785073084328,0.366068249258424,0.0988299514686748,0.9212732870698,0.999657356903497
"TBC1D5",4.87069855603242,0.284931911233022,0.383596817058449,0.742790082091862,0.457608781001662,0.999657356903497
"RAB5A",4.8299428561384,-0.0462017295162029,0.379725972018846,-0.121671239053171,0.903159391882013,0.999657356903497
"UBE2E2",8.81220601820938,0.262972661949204,0.278226566412406,0.945174522117375,0.344569784416075,0.999657356903497
"UBE2E1",5.63836513603725,-0.453631374216806,0.384448589514595,-1.17995328007202,0.238018797163838,0.999657356903497
"RPL15",268.656974607029,-0.00693631454732034,0.110812264450418,-0.0625951881925841,0.950088861171359,0.999657356903497
"TOP2B",5.66568621681949,0.377119203443065,0.402470716633405,0.937010291326533,0.348753264201106,0.999657356903497
"NGLY1",16.316176971317,0.088856418845048,0.232196159145592,0.382678245721253,0.701958346273849,0.999657356903497
"CMC1",4.94838691197794,-0.0601647675539646,0.393996122703386,-0.152703958458136,0.878631738981994,0.999657356903497
"AZI2",5.7652632642704,-0.164451470893213,0.386406910548584,-0.425591433289173,0.670405583696366,0.999657356903497
"TGFBR2",27.0910124120421,0.101452232026272,0.222685526842629,0.455585207825238,0.648688282126889,0.999657356903497
"STT3B",9.4827441084917,-0.715905751566041,0.346870826349762,-2.06389727005801,0.0390274576469173,0.999657356903497
"CMTM7",5.38520678133424,-0.00931217790919764,0.356533090857093,-0.0261186917792441,0.979162668264112,0.999657356903497
"CMTM6",12.4269332769501,-0.142607925031688,0.270631362021691,-0.526945302888649,0.598231572644488,0.999657356903497
"CRTAP",15.8284306094298,-0.175973933832864,0.234523343440733,-0.750347198923228,0.45304562279713,0.999657356903497
"UBP1",4.0835490488661,-0.187091638351314,0.465114986910204,-0.402248139958205,0.68750141682899,0.999657356903497
"PDCD6IP",8.68205128325613,-0.395672798569702,0.329938081993829,-1.19923349308039,0.230437167274732,0.999657356903497
"LRRFIP2",3.68862628742497,0.164697840055156,0.419154308851433,0.392928896535649,0.694371998241893,0.999657356903497
"GOLGA4",7.96299385615353,-0.231289787717725,0.299659957938891,-0.771840820203585,0.440208711587197,0.999657356903497
"ACAA1",17.6284037345405,-0.0767914707947684,0.221275096110228,-0.34704072959261,0.72856072024039,0.999657356903497
"MYD88",23.0465895690153,-0.269415666365428,0.237363145920751,-1.13503579218393,0.256360322049282,0.999657356903497
"RPSA",185.59547671007,0.114854542622834,0.16842079557793,0.681949887653214,0.495270638643358,0.999657356903497
"EIF1B",14.8190075303189,-0.307345455379839,0.263836346387827,-1.16490945841122,0.24405564447836,0.999657356903497
"RPL14",259.001332349037,0.0466104859562689,0.121187376418181,0.384615026200668,0.700522659688854,0.999657356903497
"CTNNB1",4.52764415039424,0.311268593738366,0.412348062778135,0.754868573023573,0.45032784403485,0.999657356903497
"SS18L2",7.66695745740788,0.135848752351454,0.307252412629078,0.442140555346765,0.658387498846792,0.999657356903497
"NKTR",9.0794002691999,-0.384920797080577,0.314443748081374,-1.22413245430774,0.220902264801314,0.999657356903497
"HIGD1A",15.9679553145386,-0.576606513381614,0.620992721347168,-0.928523787091637,0.353135934725334,0.999657356903497
"ZDHHC3",3.28844980234784,-0.130905384561707,0.542448748547202,-0.241323046485591,0.809304750126565,0.999657356903497
"CCR2",9.86200424275903,-0.0114200218036645,0.302575583719087,-0.0377427076676053,0.969892824444153,0.999657356903497
"CCDC12",12.6611854788381,-0.137368984302455,0.24492057175805,-0.560871564672641,0.574885095904909,0.999657356903497
"NBEAL2",3.7252940170369,-0.147170076628795,0.516085534682003,-0.285166056280722,0.77551692429382,0.999657356903497
"SETD2",7.04160475877232,0.0688930827778601,0.356520442031274,0.1932373986337,0.846773050788099,0.999657356903497
"SMARCC1",8.07021497324696,0.224916378573352,0.321179386996852,0.700282731953642,0.483750753590647,0.999657356903497
"DHX30",5.3955126508379,-0.0190933907547741,0.410641060335597,-0.0464965455212149,0.962914487385129,0.999657356903497
"MAP4",7.49465755838844,-0.603332952900609,0.330030525676069,-1.8281125712983,0.0675326586259063,0.999657356903497
"TMA7",70.5841918083447,0.0188092409515585,0.163115575315986,0.115312353925254,0.908197546666803,0.999657356903497
"SHISA5",13.7610436952953,0.0198973074944548,0.236596005184733,0.0840982394394997,0.932978324410756,0.999657356903497
"UQCRC1",11.7985727667995,-0.00297556532087699,0.26102324669418,-0.0113996180744898,0.990904617732522,0.999657356903497
"IP6K2",4.07790106317572,0.572750892201151,0.446849229250247,1.28175423545465,0.199928872775598,0.999657356903497
"ARIH2",7.22706342525903,-0.130467465582003,0.322793836639967,-0.404182021999144,0.68607887296983,0.999657356903497
"WDR6",4.74687392260131,0.555901181346477,0.391891207928881,1.41850893844845,0.156042230922813,0.999657356903497
"NDUFAF3",17.1822634601352,0.163145546391188,0.248372065115277,0.656859483434529,0.511271272306127,0.999657356903497
"IMPDH2",6.28239592849069,0.300768698311311,0.388176894553834,0.774823804639405,0.438443781015432,0.999657356903497
"QRICH1",4.10111105892258,-0.136456693053653,0.469362780859786,-0.290727553649844,0.771259696621849,0.999657356903497
"QARS",5.12023785803071,0.188439950282364,0.419068500428046,0.449663837988031,0.65295284984393,0.999657356903497
"USP4",6.97831989868717,0.104199674692886,0.366246431270968,0.284507003471096,0.776021867708898,0.999657356903497
"RHOA",87.1763158659591,0.0366700667463409,0.139304328799189,0.26323709437057,0.792367841521118,0.999657356903497
"TCTA",3.06050968369639,-0.138859284370817,0.56484194552685,-0.245837416060342,0.805808091857602,0.999657356903497
"APEH",5.44364427376635,-0.380675505254911,0.38904139766336,-0.978496138306371,0.327829000341725,0.999657356903497
"GMPPB",7.29656479434531,-0.449260588126073,0.357065436261408,-1.25820239794134,0.208318567982853,0.999657356903497
"UBA7",4.72865314780829,-0.0363440360537581,0.435315015569357,-0.0834890475951607,0.93346268574091,0.999657356903497
"RBM6",13.6508046635169,0.504887562964594,0.247453218138197,2.04033540870189,0.0413169303936162,0.999657356903497
"RBM5",5.4396800021772,-0.231509131165666,0.435006392972457,-0.532197077803232,0.594589506670001,0.999657356903497
"GNAI2",56.7208662307734,0.0118462226354678,0.181170803352434,0.0653870403854379,0.947865842272317,0.999657356903497
"TUSC2",7.64456533293968,0.274669765191829,0.30249302466905,0.908020161761873,0.363867569573361,0.999657356903497
"RASSF1",3.93835495701047,0.0502877091399589,0.49420666205683,0.101754413691364,0.91895161036569,0.999657356903497
"CYB561D2",6.96039038235921,0.0774425728089573,0.39614798703899,0.195488997401709,0.845010150321174,0.999657356903497
"MAPKAPK3",11.691951550871,-0.0799519143679606,0.250069241805797,-0.319719105758921,0.749181275104779,0.999657356903497
"MANF",19.9627627252599,-0.175136224415844,0.250661644140831,-0.698695745877442,0.484742193105984,0.999657356903497
"RBM15B",6.28392260583975,-0.350604453645146,0.382087251253074,-0.917603119432332,0.35882668417061,0.999657356903497
"TEX264",7.30098214812925,-0.0578255216371936,0.32394759280495,-0.178502705133576,0.858328196924669,0.999657356903497
"ABHD14B",7.495907629848,0.145582163636349,0.312846376349975,0.465347130866202,0.641682888391573,0.999657356903497
"RPL29",394.236079545617,0.0575365710692174,0.0959204860797838,0.599836108225726,0.548615466412984,0.999657356903497
"TLR9",22.173397945236,-0.0724203391832777,0.243442967209257,-0.297483800881489,0.766097173547541,0.999657356903497
"TWF2",20.107678832894,-0.0301798173018374,0.220187778202601,-0.137063998502533,0.890980208879322,0.999657356903497
"PPM1M",6.35176576196355,0.113562352560112,0.370444918974544,0.306556647812778,0.75918085572352,0.999657356903497
"PBRM1",10.1969546363208,-0.0701529859497145,0.290226459004422,-0.241718092107673,0.808998609731019,0.999657356903497
"GNL3",6.31387507174542,0.294752751467903,0.40210368038039,0.733026743722084,0.463542118160317,0.999657356903497
"GLT8D1",4.42287266741254,-0.109082260565099,0.43731691371044,-0.249435265696871,0.803024108940873,0.999657356903497
"PRKCD",16.0081284233998,0.396912273080757,0.231152494580244,1.71710140442793,0.0859606456426693,0.999657356903497
"TKT",23.759620533433,-0.00760053243462711,0.304646034965758,-0.0249487325035476,0.980095856398617,0.999657356903497
"SELENOK",9.97073264802946,0.369623465682182,0.326604127267842,1.13171706914488,0.257753402982835,0.999657356903497
"TASOR",8.32652974794605,-0.218306725583814,0.300766430477224,-0.72583474571091,0.467940083687629,0.999657356903497
"HESX1",3.988646262193,-0.439865431342209,0.468134898499084,-0.939612562004006,0.347416330313892,0.999657356903497
"APPL1",16.4258835916886,0.089043412110855,0.21336782009307,0.41732353113049,0.676441779069629,0.999657356903497
"ARF4",15.549857977804,-0.445005311316328,0.251861411060674,-1.76686579115975,0.0772507072628177,0.999657356903497
"FLNB",18.1436465138249,-0.264218219324394,0.303509799897025,-0.87054262964174,0.384003933152369,0.999657356903497
"DNASE1L3",22.8548328908063,0.52299326682308,0.366850433316356,1.425630772997,0.153974948668412,0.999657356903497
"ABHD6",4.73092934069205,0.137259176906526,0.415589539196469,0.330275822562602,0.741191559704517,0.999657356903497
"PXK",4.31123625010999,0.0624888132032381,0.440338641621405,0.141910809764828,0.887150455778196,0.999657356903497
"PDHB",7.25713866918329,-0.320212566914333,0.332988995980537,-0.961631077241512,0.336234954945229,0.999657356903497
"THOC7",12.049252590982,-0.412106881492924,0.342567320991215,-1.20299531286433,0.228978134359715,0.999657356903497
"PSMD6",8.96688127347938,0.064307656267587,0.306616890370413,0.20973292172489,0.833876129133437,0.999657356903497
"TMF1",5.05167394533057,0.242893732261287,0.359376548180458,0.67587529985212,0.49911982118452,0.999657356903497
"UBA3",5.52753226565306,0.0160397087102982,0.351315060782276,0.0456561943987897,0.963584279179516,0.999657356903497
"ARL6IP5",27.8016417860014,0.0616262028228084,0.20831163536536,0.295836585002664,0.76735488206184,0.999657356903497
"FRMD4B",4.11161631763791,0.747352962472644,0.4122385018981,1.8129140267868,0.0698450824589946,0.999657356903497
"FOXP1",16.9393186743017,-0.271846189053568,0.251133812929319,-1.08247545753657,0.279041314973607,0.999657356903497
"PPP4R2",6.37173969887633,-0.252100740859937,0.383042150799455,-0.658154044754011,0.510439151023481,0.999657356903497
"CHMP2B",5.59283443960731,-0.166244869419831,0.371678645664823,-0.4472811966974,0.65467204167937,0.999657356903497
"CGGBP1",6.31866610080397,0.299668548200203,0.414004317430136,0.723829524436718,0.469170401071397,0.999657356903497
"MTRNR2L12",223.792327108556,0.757302370545314,1.00418082529558,0.754149403641922,0.450759514998924,0.999657356903497
"CRYBG3",6.34718956179694,-0.158219312860869,0.412829348145282,-0.383255971436384,0.701529981140534,0.999657356903497
"RIOX2",4.92431237017537,-0.562006015246484,0.42723034418429,-1.3154637138884,0.18835410468169,0.999657356903497
"TFG",5.33742841845915,-0.0900221738906477,0.382001941601075,-0.235658943285315,0.813697331146309,0.999657356903497
"TRMT10C",6.04002030110347,-0.458691584549304,0.367675497076341,-1.247544609844,0.212197873847873,0.999657356903497
"PCNP",8.44681070653295,-0.0270430847472387,0.30211302285685,-0.0895131381345733,0.928674112776757,0.999657356903497
"RPL24",184.664694536411,0.148084415791093,0.0971944780051991,1.52358877613574,0.127611468680734,0.999657356903497
"NFKBIZ",13.8772395925452,-0.638073207509427,0.333589517713475,-1.91274957283723,0.0557801195906005,0.999657356903497
"ALCAM",4.57873073011464,-0.1013834773784,0.473796472703678,-0.213981072505381,0.830561817290209,0.999657356903497
"BBX",11.4284610224469,0.0818892122729668,0.265507509274215,0.308425221180438,0.757758793038159,0.999657356903497
"CD47",16.5820929834785,0.0880082038158953,0.226624256949172,0.3883441472712,0.697761371000159,0.999657356903497
"ABHD10",4.06964150189782,0.24340079198061,0.397021598638128,0.613066878012504,0.53983211986646,0.999657356903497
"BTLA",3.47706394732434,0.120418660878974,0.44135369492315,0.272839362769902,0.784976699953089,0.999657356903497
"ATG3",8.15983319156905,-0.00617142523040883,0.305140314229424,-0.0202248766964589,0.983863983208465,0.999657356903497
"SIDT1",10.8496130825939,-0.0405161117110345,0.33418462918413,-0.121238705113247,0.903501967967918,0.999657356903497
"NAA50",4.42103597666096,-0.35354466168852,0.429585351975229,-0.822990495516025,0.410513398357061,0.999657356903497
"ATP6V1A",5.70592840457902,-0.00255331342014981,0.367656815602685,-0.00694482819790589,0.994458873345511,0.999657356903497
"ARHGAP31",5.92573382577695,0.0115795931690663,0.353269145157981,0.0327783881716812,0.973851312690977,0.999657356903497
"TIMMDC1",6.26866323049127,-0.16338494566299,0.348766034810932,-0.468465760295613,0.63945155099334,0.999657356903497
"COX17",16.248907271141,0.250975232836118,0.250742676689214,1.00092746934816,0.316861875145669,0.999657356903497
"GSK3B",5.08260233343072,-0.207858325386009,0.393237587235818,-0.52858203827133,0.597095423093723,0.999657356903497
"NDUFB4",27.0634248460554,0.302104884268728,0.16911754353351,1.78636040919591,0.0740409215856674,0.999657356903497
"HCLS1",30.0842465969731,0.0770974962950587,0.167250242546065,0.46097090874965,0.644819476763453,0.999657356903497
"GOLGB1",6.25234205240637,0.722576001931679,0.39260544547788,1.84046352452437,0.065700214616888,0.999657356903497
"EAF2",7.35009769130316,-0.45971801157667,0.334361325356192,-1.37491383337154,0.169158160053782,0.999657356903497
"CSTA",2.88739067697528,0.920639931752631,1.21289643376265,0.759042492108431,0.447827138462005,0.999657356903497
"FAM162A",9.14843170788602,0.0908075313006304,0.289372101025228,0.31380886747169,0.753666209089452,0.999657356903497
"PARP9",6.98260581487217,-0.130360459275093,0.373409099222762,-0.349108951941541,0.727007516211156,0.999657356903497
"PARP14",7.54574085784526,0.280573472107909,0.370172565918009,0.757953176276316,0.448479014387381,0.999657356903497
"ZNF148",3.49990611948782,0.357389620504896,0.526211442186394,0.679174932076642,0.497027028732326,0.999657356903497
"SNX4",5.1232083175358,-0.19294395828004,0.402704085305955,-0.479120935993113,0.631852596543368,0.999657356903497
"ABTB1",3.99653186130707,0.41296326014539,0.434225248322635,0.951034657106242,0.341586782985107,0.999657356903497
"MGLL",6.729009548601,0.0607673306457348,0.40250358127131,0.150973391227479,0.879996706002603,0.999657356903497
"SEC61A1",13.1076194435909,0.0792823814402526,0.305942035062651,0.259141838498973,0.795525804607371,0.999657356903497
"RPN1",24.2859643495004,0.148914843992641,0.193982976153546,0.767669653004855,0.442683469777191,0.999657356903497
"RAB7A",17.0365502330656,-0.139477613025944,0.240981226582474,-0.578790368876341,0.562730630524909,0.999657356903497
"ISY1",3.79675840481889,0.331466229674316,0.429860199005291,0.771102396642765,0.440646240157612,0.999657356903497
"CNBP",37.7655251511601,-0.0329876407041158,0.169669561668991,-0.194422855694479,0.845844795104083,0.999657356903497
"COPG1",7.83580354676477,-0.748880967565746,0.348379645420952,-2.14961171643901,0.0315859408668121,0.999657356903497
"H1FX",61.65208330019,0.267599857159711,0.257036917501925,1.04109502930725,0.29783144628387,0.999657356903497
"MBD4",8.13054961557326,0.00937887557873591,0.306270149430604,0.0306228850450247,0.975570291080067,0.999657356903497
"NUDT16",4.08648698172703,-0.803544468203118,0.581569281273212,-1.381683135746,0.167069014735107,0.999657356903497
"MRPL3",7.00630844220595,-0.210738971827697,0.330012947494165,-0.638577890436929,0.523097568249123,0.999657356903497
"UBA5",4.80892336599425,-0.263899563203457,0.410870482842753,-0.642293798711394,0.520682439955865,0.999657356903497
"CDV3",20.033594860796,0.405630070287537,0.24816022236665,1.63454910871344,0.102143603504172,0.999657356903497
"SRPRB",4.10789660314894,-0.201084388404322,0.435968157412965,-0.461236411387375,0.644629000968106,0.999657356903497
"ANAPC13",4.24603584932395,0.18360253395379,0.418033536818485,0.439205273699157,0.660512804140447,0.999657356903497
"EPHB1",11.8930267929436,-0.028049358968109,0.398897846648712,-0.0703171481214099,0.943941234063365,0.999657356903497
"NCK1",2.80735444890144,-0.14200913878902,0.59311063938347,-0.239431110081985,0.810771309057969,0.999657356903497
"COPB2",7.22405103847627,-0.139869214896032,0.315825736507469,-0.442868324927422,0.657860979525849,0.999657356903497
"SLC25A36",5.52420321358445,0.201143191985655,0.379489111190606,0.530036794348565,0.596086420212551,0.999657356903497
"RNF7",16.5840028856075,-0.189791264431755,0.223047927942067,-0.850899025078817,0.39482544647388,0.999657356903497
"ATP1B3",6.62895224720556,-0.0606866009027736,0.331229458202891,-0.183216194694859,0.85462838791679,0.999657356903497
"TFDP2",4.44772267420815,-0.408159413591791,0.509950085730027,-0.800390910823133,0.423484345456687,0.999657356903497
"XRN1",8.18255839845994,-0.230380801591119,0.312221707321128,-0.737875670361914,0.460590004739493,0.999657356903497
"U2SURP",12.493074761421,-0.396753135360648,0.300648116211944,-1.31965947553436,0.186948735834349,0.999657356903497
"PLSCR1",18.3244052683666,-0.33226148501108,0.343289093356011,-0.967876613156785,0.333105995514971,0.999657356903497
"GYG1",5.9599023733095,0.0826184382914584,0.383261068626845,0.215566998723521,0.829325282176033,0.999657356903497
"HLTF",4.25321189085797,-0.0227803138125166,0.439080620344025,-0.0518818475629099,0.958622838340175,0.999657356903497
"HPS3",4.7377696592468,0.17856677512792,0.404808440650434,0.441114258489781,0.659130281552717,0.999657356903497
"COMMD2",4.5657177296874,-0.0777106530669903,0.406901660579021,-0.190981410487261,0.848540157372346,0.999657356903497
"RNF13",10.0819889924136,-0.06280357358084,0.290852276424135,-0.215929455161825,0.829042736763414,0.999657356903497
"SERP1",62.222235836902,-0.0448540365559339,0.138567716123135,-0.32369759573778,0.746166991264752,0.999657356903497
"EIF2A",9.19442835460886,-0.471784234828535,0.32519537156659,-1.45077167782485,0.146843448635394,0.999657356903497
"SELENOT",12.7528762330105,-0.0828096940521467,0.268443339208029,-0.308481090633333,0.757716286634305,0.999657356903497
"SIAH2",6.94973658069177,-0.66100074304428,0.362002411881641,-1.82595673771477,0.0678567786938388,0.999657356903497
"P2RY14",13.6668340418766,-0.357289835730373,0.276088466273973,-1.2941135881273,0.195626188674418,0.999657356903497
"MBNL1",23.0294506301372,-0.101050948882594,0.204087177297131,-0.495136197290207,0.620503984213084,0.999657356903497
"RAP2B",4.8428632276318,-0.287310064772361,0.396547583376884,-0.724528598373269,0.468741276397191,0.999657356903497
"DHX36",8.60398136690353,0.0955776716414353,0.301031331370494,0.317500743880388,0.75086367511584,0.999657356903497
"GMPS",4.26352267765748,-0.585564079724154,0.48253084109364,-1.21352674245027,0.224928496348254,0.999657356903497
"SSR3",34.5427812748402,0.0261105092795636,0.192783049649953,0.135439860127609,0.892264110637104,0.999657356903497
"CCNL1",21.8077285748593,-0.509038119652549,0.266182840406891,-1.91236264093668,0.0558296963390673,0.999657356903497
"RSRC1",4.49092317764877,-0.758089952342765,0.443701942557898,-1.70855675765684,0.0875330844237991,0.999657356903497
"MFSD1",9.46190415431491,-0.225065774650191,0.280422111304889,-0.802596391571593,0.42220805466763,0.999657356903497
"KPNA4",5.69223974716203,-0.221307685820607,0.363824546189053,-0.608281349179803,0.543000888757871,0.999657356903497
"PDCD10",8.29124137369587,-0.109325707894341,0.29763462484763,-0.367315153437906,0.713383952098435,0.999657356903497
"SEC62",19.6483402963273,0.301838992112614,0.264285657523542,1.14209372896343,0.253415061828685,0.999657356903497
"PHC3",8.13568662101326,-0.280285398079165,0.382411876926971,-0.732941142758207,0.463594328077439,0.999657356903497
"RPL22L1",34.004062966818,0.162982431812645,0.167084546896945,0.975448866095138,0.329337654289843,0.999657356903497
"TNFSF10",11.0849878184758,0.0447759271786689,0.474930242694772,0.0942789554200814,0.924887566586621,0.999657356903497
"TBL1XR1",7.12117870771276,-0.291078354815207,0.351282636617571,-0.828615833728481,0.407321825456371,0.999657356903497
"GNB4",5.62217900999041,0.269405610476897,0.363427836626213,0.741290521325646,0.458517307652375,0.999657356903497
"MRPL47",5.3726220694805,-0.348576104663453,0.428906302504043,-0.81270921557551,0.416384796300408,0.999657356903497
"NDUFB5",11.8802254539666,0.564776863929457,0.311097746886184,1.81543218998652,0.0694575179751512,0.999657356903497
"TTC14",7.42071015408969,0.225080378607926,0.339845689965311,0.662301701195331,0.507777886797843,0.999657356903497
"FXR1",7.26799683685383,0.185615397161915,0.386151646712399,0.480680061168193,0.630743904253143,0.999657356903497
"DNAJC19",6.47669355652362,0.271725773181703,0.332793032969056,0.816500786562345,0.414213773846355,0.999657356903497
"ATP11B",6.58289289326387,-0.111769535140622,0.470467022590649,-0.237571455115296,0.812213492218639,0.999657356903497
"MCCC1",3.35713176783631,0.105555002236397,0.47751646116165,0.221049975909971,0.825053520160017,0.999657356903497
"KLHL6",5.3699632897261,-0.321373426181349,0.38884027994578,-0.826492117087667,0.408524987927958,0.999657356903497
"PARL",7.1195358161518,-0.0865620760413691,0.382293796801854,-0.226428147057366,0.820868438151267,0.999657356903497
"AP2M1",15.9303384739079,-0.0219077342907623,0.220409946234729,-0.0993953978257923,0.920824336673867,0.999657356903497
"ALG3",5.879523076367,-0.148009274274198,0.36285591997305,-0.407900949460026,0.683346395674877,0.999657356903497
"PSMD2",8.25551951417731,-0.514459978971937,0.338868603699546,-1.51816950096704,0.128971673989797,0.999657356903497
"EIF4G1",9.36673526390562,-0.00827523493283439,0.346664474388723,-0.0238710209560013,0.980955489620837,0.999657356903497
"POLR2H",5.13485595729533,0.0229581425407577,0.385244746301197,0.0595936551015499,0.952479271884486,0.999657356903497
"TRA2B",19.5075729327495,-0.365933683092807,0.305818688560713,-1.19657070277495,0.231473925358929,0.999657356903497
"DNAJB11",11.6740843025035,-0.0799119025794483,0.285627359388586,-0.279776778913994,0.779648768265338,0.999657356903497
"EIF4A2",19.3078594776548,0.240678098116272,0.227277214830119,1.05896272222523,0.289616757156145,0.999657356903497
"P3H2",5.76396966569609,0.313065586938825,0.473725280006661,0.66085894114501,0.508702779374623,0.999657356903497
"CCDC50",91.4315654256056,0.0699806743650357,0.183395905180282,0.381582534769483,0.702771040952218,0.999657356903497
"FAM43A",4.50180021470517,-0.489041325695383,0.567623747945721,-0.861558959548937,0.388930263268603,0.999657356903497
"XXYLT1",2.49147151310092,-1.16042351720025,0.735417349779963,-1.57791153220338,0.114585935279258,0.999657356903497
"ACAP2",17.2080434230918,-0.115373827040766,0.225307684122051,-0.512072313424813,0.60860040064241,0.999657356903497
"PPP1R2",16.8341479717957,-0.0177651229337701,0.208096833535317,-0.0853695014573835,0.931967638936499,0.999657356903497
"TFRC",4.57005863531717,-0.124365926146595,0.425622446805694,-0.2921977613727,0.770135423150878,0.999657356903497
"PAK2",16.2710600760495,-0.15787660426627,0.252992539441841,-0.624036600504433,0.532603548622678,0.999657356903497
"NCBP2",4.56509284748901,-0.166083613688786,0.384448566223639,-0.432004768076501,0.665737947730318,0.999657356903497
"NCBP2AS2",8.55663932085096,0.0749232439065743,0.306427606049439,0.244505528964927,0.80683932040687,0.999657356903497
"RUBCN",7.92633232614864,-0.424259702375021,0.338377569875816,-1.25380563058811,0.209912662141174,0.999657356903497
"FYTTD1",5.86501830199378,0.200650691377987,0.3473303117424,0.577694156238228,0.563470625220824,0.999657356903497
"RPL35A",296.755855112206,0.128469011324788,0.14959929718195,0.858754110111478,0.390476190362141,0.999657356903497
"ATP5ME",18.7945110155282,0.385117463251143,0.247098130265946,1.55856081483356,0.119100363595244,0.999657356903497
"GAK",6.23046131434455,-0.0289543504524924,0.358272655462664,-0.0808165234243219,0.935587867260767,0.999657356903497
"TMEM175",6.94145100482959,0.628651679627959,0.316218886433412,1.98802698573267,0.046808705514962,0.999657356903497
"SPON2",3.52423042976349,0.643807025673398,0.687271720159971,0.936757626988557,0.348883246041451,0.999657356903497
"CTBP1",12.8166496897889,-0.072705011713771,0.326951322016011,-0.222372588266245,0.824023849019329,0.999657356903497
"SLBP",6.97527894107998,-0.0887783071148412,0.332618430778043,-0.266907359604745,0.789540490005962,0.999657356903497
"C4orf48",17.430492457552,0.541708118153144,0.274032080271399,1.97680548064533,0.0480636219611279,0.999657356903497
"MXD4",10.6675789101347,0.692737156765904,0.252581119444745,2.74263238000039,0.00609488772121357,0.999657356903497
"RNF4",4.89530916195516,-0.501068146313268,0.550614733791603,-0.91001587055771,0.362814140091454,0.999657356903497
"SH3BP2",5.85972816919389,0.0207560902974939,0.37312688205539,0.0556274321034116,0.955638610676572,0.999657356903497
"ADD1",12.2991134955014,0.350462578596471,0.241359259060838,1.45203701718413,0.146491312776257,0.999657356903497
"MFSD10",7.33823374988344,-0.00351025203115238,0.315491011880022,-0.0111263139010987,0.991122669081369,0.999657356903497
"LRPAP1",9.66625028573142,0.0820596538038834,0.274144261809866,0.299330189375973,0.764688122141131,0.999657356903497
"STX18",6.00732563119842,0.223280649363859,0.345601045313984,0.646064739650902,0.5182374295187,0.999657356903497
"MRFAP1",7.74906850776771,0.103408320155343,0.347483126081492,0.297592350228515,0.766014313826121,0.999657356903497
"BLOC1S4",4.05385131126138,0.172576549366338,0.426212566740448,0.404907229005832,0.685545704425422,0.999657356903497
"TBC1D14",5.53189714796966,-0.578006239107871,0.399512992413585,-1.4467770762997,0.147959369119973,0.999657356903497
"SH3TC1",7.30553290241985,0.185007360061506,0.333007635886363,0.555564918411177,0.578508319348218,0.999657356903497
"WDR1",27.1779910621753,-0.00462262396848021,0.170717599940007,-0.0270776063516865,0.97839783575357,0.999657356903497
"HS3ST1",5.34409244306931,0.328979778723227,0.392605959979884,0.837938829915071,0.402065059287806,0.999657356903497
"BOD1L1",13.3292733565231,0.1000044571178,0.251023350977032,0.398387069284842,0.690344888016582,0.999657356903497
"FBXL5",4.73339941856632,0.136036998217825,0.398758479919741,0.341151361207931,0.732989637245336,0.999657356903497
"FAM200B",3.3413216640023,0.88898768292144,0.505514573205786,1.75857973249675,0.0786489179399496,0.999657356903497
"CD38",9.22151658790095,-0.0823615448933882,0.305971862295687,-0.269180127464777,0.787791072054074,0.999657356903497
"FGFBP2",2.27886781450819,1.12818589225144,2.91180993579107,0.387451762693753,0.698421789277431,0.999657356903497
"QDPR",7.74475128034588,0.265597113957561,0.312102929626269,0.850992056612872,0.394773765329539,0.999657356903497
"LAP3",36.1384429854067,0.169944303918763,0.209454907339241,0.811364632500662,0.417156303420885,0.999657356903497
"MED28",7.68198450340585,-0.0494042768109698,0.30825386008877,-0.160271397077534,0.872667289416912,0.999657356903497
"DHX15",7.02738536212085,-0.0752632743425375,0.35280800680251,-0.213326435033736,0.831072355902553,0.999657356903497
"SEL1L3",22.8420549857701,-0.118074255666935,0.323170575901629,-0.365362023870873,0.71484118522837,0.999657356903497
"STIM2",5.01097621454849,0.605616010533437,0.407153250815827,1.48743994876608,0.13689865248496,0.999657356903497
"RELL1",4.46032121360343,-0.00928510174276519,0.484078546252052,-0.0191809817118616,0.984696729208028,0.999657356903497
"TBC1D1",6.47770125524011,0.704780393237832,0.336235024549165,2.09609452252282,0.0360738068223027,0.999657356903497
"KLF3",5.92939615544874,0.0189996076157963,0.356856097755349,0.0532416504448297,0.957539370401247,0.999657356903497
"TLR10",2.27971693070743,0.73150088012328,0.732313663067352,0.998890116373539,0.317847924622926,0.999657356903497
"RFC1",6.91588200382355,0.0243613741579328,0.329224047332569,0.0739963388316041,0.941013298465048,0.999657356903497
"RPL9",204.286319785623,0.234488508475306,0.151390578919682,1.5488976272408,0.121406331434653,0.999657356903497
"SMIM14",14.2908603246308,0.2362850202368,0.302035454626883,0.782308886646083,0.434033065500256,0.999657356903497
"UBE2K",8.53110574990714,-0.101944192653265,0.30539004020261,-0.333816363446661,0.738518134799758,0.999657356903497
"PDS5A",6.9994335058443,0.39824104911025,0.331258754645493,1.20220535616165,0.229283974642468,0.999657356903497
"N4BP2",7.48191057803519,-0.369327727675226,0.356030718881284,-1.03734792558272,0.299573737880003,0.999657356903497
"RHOH",4.62136510719988,-0.456497415466263,0.457678405529246,-0.997419607198601,0.31856087803693,0.999657356903497
"RBM47",5.00493190206633,-0.524083426755677,0.40356331358955,-1.29863991375763,0.194067533503753,0.999657356903497
"TMEM33",5.67964383566619,0.0745387795361567,0.406820266141512,0.183222876881528,0.854623145045902,0.999657356903497
"ATP8A1",5.09017280881285,-0.630632827209573,0.415095719602748,-1.51924676027278,0.1287003952283,0.999657356903497
"COMMD8",5.9724045118097,-0.188535619838289,0.361449517312497,-0.521609826014201,0.601942020450405,0.999657356903497
"FRYL",8.57213656678588,-0.308254986632218,0.364454065093193,-0.845799282149302,0.397664726002462,0.999657356903497
"OCIAD1",14.0427335009964,0.188270514103589,0.236667658959502,0.795505879135797,0.426319292444303,0.999657356903497
"OCIAD2",8.74929930605008,0.333491457695463,0.317469654838418,1.05046719462117,0.29350336603712,0.999657356903497
"DANCR",9.48550870982066,0.160678492833637,0.314616416944671,0.510712360130573,0.609552484546123,0.999657356903497
"FIP1L1",10.5858119350276,-0.197438949475962,0.30914199053259,-0.638667523411536,0.52303924432108,0.999657356903497
"TMEM165",9.55073641779333,-0.00986884769032036,0.271736877586493,-0.0363176605912797,0.971029068113294,0.999657356903497
"SRP72",14.6022862860588,-0.0709879344054029,0.255602334079284,-0.277728036643763,0.781221136813277,0.999657356903497
"REST",12.3539757613873,0.275223577374268,0.291433629661346,0.944378236973151,0.344976398599643,0.999657356903497
"POLR2B",5.77317850513585,-0.428539610495218,0.396616438705042,-1.0804887762454,0.279924582141613,0.999657356903497
"CENPC",5.81728884942298,-0.0644896690913504,0.375254890159591,-0.171855639413317,0.863551022241414,0.999657356903497
"UBA6",2.8977344344125,0.166614254446793,0.556784801440221,0.299243539004327,0.764754231058085,0.999657356903497
"YTHDC1",9.87472838400181,0.109520198508667,0.266108284780909,0.411562528385153,0.680660101568205,0.999657356903497
"JCHAIN",110.898549122179,-0.0230525552957965,0.232504746739417,-0.0991487512366059,0.921020164859619,0.999657356903497
"UTP3",6.66655521694871,-0.0975647366638554,0.353628814907213,-0.27589589012834,0.782628030655277,0.999657356903497
"RUFY3",8.33031689771648,0.106128193193583,0.331657486172535,0.319993359469574,0.748973364486191,0.999657356903497
"GRSF1",16.9514020905889,0.0425662885597854,0.24299079336633,0.175176548749371,0.860940910779734,0.999657356903497
"MOB1B",5.71030373057413,-0.0619531963878684,0.36487052244158,-0.169795016526137,0.865171346256845,0.999657356903497
"DCK",23.932229331648,-0.248634196414493,0.210754653238937,-1.1797328912715,0.238106467803024,0.999657356903497
"ANKRD17",6.88557362613766,0.0831244439660472,0.325290745666053,0.255538914259134,0.798306891756839,0.999657356903497
"PF4",4.68856829002704,0.770095228029317,0.991489130683172,0.776705668471316,0.437332441774925,0.999657356903497
"PPBP",11.0294859183378,0.532041232706473,1.0444383964498,0.509404130023332,0.610468982035048,0.999657356903497
"AREG",7.96697252694023,-3.23213244998721,1.39763918258496,-2.31256571099367,0.0207465285843641,0.999657356903497
"G3BP2",9.03627985286581,-0.212874527218705,0.308350034661884,-0.690366477344906,0.48996375233234,0.999657356903497
"USO1",5.99980100648269,-0.420030606845581,0.36117793517206,-1.16294647580142,0.244851219287093,0.999657356903497
"NAAA",4.34586899264625,-0.0729571598200417,0.395063328880427,-0.184672062645742,0.853486260026019,0.999657356903497
"SDAD1",6.35096158756572,0.0683767095246366,0.332538198079765,0.205620617178648,0.837087271467181,0.999657356903497
"SCARB2",14.0906326087922,0.1223700071281,0.217368546505858,0.562960966962173,0.573461463528252,0.999657356903497
"SEPTIN11",5.79045069251325,0.242971088024552,0.458555190398665,0.529862256740165,0.59620743655959,0.999657356903497
"CCNI",58.9504368982816,0.154358696035529,0.128070836404359,1.20526031038144,0.228102826388194,0.999657356903497
"CNOT6L",3.86981445807614,-0.394040014108983,0.48091650555687,-0.819352235899473,0.412585477876546,0.999657356903497
"ANTXR2",9.8787869006317,0.0719113509358201,0.291971893210515,0.246295457227354,0.805453526264805,0.999657356903497
"HNRNPD",24.5583002133138,-0.0993799427805791,0.19069809724416,-0.521137568841802,0.602270941275431,0.999657356903497
"HNRNPDL",37.7535014561978,-0.171955476236171,0.186416253152619,-0.922427488634216,0.356305636872991,0.999657356903497
"SEC31A",13.0970682069421,-0.237903250217218,0.26851029785793,-0.886011643185075,0.375611253127011,0.999657356903497
"COPS4",3.07990059948351,-0.075794858737576,0.518390189934061,-0.146211985121125,0.883754044480805,0.999657356903497
"PLAC8",158.708721090656,0.209025829697329,0.130477078632047,1.60201187740257,0.109152983037845,0.999657356903497
"MRPS18C",10.9255663484481,-0.0823115341779198,0.26553061875171,-0.309988861415967,0.756569426736993,0.999657356903497
"AFF1",7.61593821425797,-0.164167265260652,0.334157399379207,-0.491287236391114,0.623223305974946,0.999657356903497
"HSD17B11",5.94314644290209,0.171612534190623,0.343070767728781,0.500224881667254,0.616916740279927,0.999657356903497
"PPM1K",22.2455964142173,-0.163893225481162,0.193573042785402,-0.846673809135996,0.397176961044517,0.999657356903497
"HERC5",10.2098216231265,-0.327968125111021,0.300229632974616,-1.09239092044838,0.274661312129837,0.999657356903497
"PYURF",14.6491372534163,-0.524842388548219,0.24122685758587,-2.17572120202822,0.0295761138410548,0.999657356903497
"SNCA",5.58186764491629,-0.195850819190113,0.385133159638502,-0.508527542458157,0.611083428690154,0.999657356903497
"RAP1GDS1",10.4873436899685,-0.371575957253128,0.284246693372447,-1.30723053571728,0.191134427793363,0.999657356903497
"EIF4E",3.80128711120873,0.279904621898176,0.473503033231885,0.59113585817538,0.554429395472476,0.999657356903497
"ADH5",8.42796880721313,0.134958696887876,0.306525222245127,0.440285781050508,0.659730137762589,0.999657356903497
"DAPP1",7.41679338463097,-0.186531046044079,0.327081586923206,-0.57028904561318,0.56848166945416,0.999657356903497
"DNAJB14",4.26296890919431,0.0857371563927565,0.396517641105715,0.216225326453756,0.828812112813937,0.999657356903497
"H2AFZ",22.4155359652375,0.130075899895344,0.205922423177029,0.631674287280116,0.527599733104896,0.999657356903497
"NFKB1",8.57536299985939,-0.119448592997868,0.316201224965173,-0.377761322749539,0.705607908294608,0.999657356903497
"MANBA",4.16650565001421,-0.311951519235444,0.478912952902507,-0.651374153371351,0.514804991073244,0.999657356903497
"UBE2D3",29.8739911750858,0.137854888645976,0.164511153240201,0.83796682432039,0.402049336189556,0.999657356903497
"CISD2",6.87338285236327,0.385483182407148,0.342321752342722,1.12608439215167,0.260129799796524,0.999657356903497
"TET2",5.38161627062206,-0.0918029974626377,0.385955812789582,-0.237858828447513,0.811990589245366,0.999657356903497
"PPA2",5.57280163848288,0.37179320693217,0.352526762570754,1.05465243041668,0.29158431523098,0.999657356903497
"INTS12",3.30120473074611,0.0192526620286842,0.456227922108922,0.0421996574424652,0.966339535639897,0.999657356903497
"AIMP1",12.3917713989071,-0.409932938918265,0.27188355500046,-1.50775187163332,0.131618044166689,0.999657356903497
"HADH",7.17041641939019,0.247337632040443,0.314452416789938,0.786566166561446,0.43153587155618,0.999657356903497
"RPL34",441.267938509509,0.160081337221112,0.136385948758347,1.17373775435436,0.240500082958089,0.999657356903497
"OSTC",37.4709868336342,0.279598150698415,0.161618796646359,1.72998535133391,0.0836328924678979,0.999657356903497
"MCUB",9.33541881562811,-0.0817928106415871,0.305757713498068,-0.267508576335897,0.789077611750945,0.999657356903497
"LARP7",8.73202419031099,0.0679440968492129,0.327083087823806,0.207727331001024,0.83544187608734,0.999657356903497
"SNHG8",18.3498246882842,-0.125416282716054,0.225959265490394,-0.555039345007016,0.578867748928517,0.999657356903497
"C4orf3",28.056974532959,-0.138765166646231,0.179354080584739,-0.773693947714053,0.439111799945352,0.999657356903497
"ANXA5",12.7153451980392,-0.433873861491807,0.433354180717328,-1.00119920563272,0.31673051052792,0.999657356903497
"EXOSC9",4.60306690229807,-0.620217049538992,0.441693358622157,-1.40418015673528,0.160265209226565,0.999657356903497
"KIAA1109",3.77524221174852,0.376911733198162,0.436541446633342,0.863404233675747,0.387915252518733,0.999657356903497
"SCLT1",4.37745213398719,0.254567736066465,0.451083474595327,0.564347289146075,0.572517804206216,0.999657356903497
"ELF2",7.2797928608338,-0.309253258607976,0.330108756679575,-0.936822342183902,0.348849950718268,0.999657356903497
"NDUFC1",18.2922852837534,0.151919335014151,0.199267308536337,0.76238965703924,0.445827477442703,0.999657356903497
"MGST2",14.7559588910961,-0.12589218217828,0.30195727878485,-0.416920508374235,0.676736552279203,0.999657356903497
"SMARCA5",11.1598367286233,-0.0419361395472482,0.279771568553261,-0.149894214641273,0.880848076196589,0.999657356903497
"ABCE1",7.52211297307222,-0.592974009071668,0.349765411485506,-1.69534776624486,0.0900094684688567,0.999657356903497
"LSM6",11.1667000672902,0.315945770369996,0.269703211843201,1.17145720368239,0.241415050435011,0.999657356903497
"RPS3A",471.623663248481,0.0774429823750489,0.13719578180386,0.564470578882405,0.572433917505299,0.999657356903497
"AC097375.1",7.64376041774029,0.756990879186874,0.49934515600483,1.5159672024125,0.12952764581005,0.999657356903497
"PLRG1",5.02319070454153,0.264256394295709,0.359179211202659,0.735722965176312,0.461899310730344,0.999657356903497
"PPID",5.81781644279626,0.0750947128178883,0.33715135559447,0.222732940478558,0.823743362491005,0.999657356903497
"MARCH1",8.1666229015991,-0.371291510018793,0.313616988323839,-1.18390114006005,0.236452198838288,0.999657356903497
"DDX60",4.28086000994985,-0.188587350483912,0.432972230174581,-0.435564540496906,0.663152702754883,0.999657356903497
"HMGB2",9.3256095376836,0.088052801187742,0.333299409665545,0.26418528996526,0.791637145436379,0.999657356903497
"SPCS3",25.8503512152895,-0.0959164694832413,0.219932115460662,-0.436118523583234,0.662750738216135,0.999657356903497
"DCTD",4.57100594135143,0.280771120282185,0.414077813706085,0.678063665785963,0.497731327033489,0.999657356903497
"RWDD4",4.45170627280044,-0.207020940586256,0.425473583143145,-0.486565908644455,0.626565987732467,0.999657356903497
"IRF2",4.1840260473625,0.0146823687730327,0.41277953808774,0.0355695169412972,0.971625614890693,0.999657356903497
"CFAP97",4.97564978357757,-0.293548479550515,0.389715618227876,-0.753237657975694,0.451307113709995,0.999657356903497
"UFSP2",3.90164420012225,-0.210090647975089,0.44406546428916,-0.473107379136975,0.636136572469524,0.999657356903497
"FRG1",6.10681517243307,-0.380142882000888,0.384149415283493,-0.989570377766557,0.322384154735638,0.999657356903497
"SDHA",9.06902124589083,-0.0226442989475105,0.325247683539041,-0.0696217070668004,0.94449475912087,0.999657356903497
"PDCD6",15.836465474649,-0.208405541162402,0.255214175450992,-0.816590774372643,0.414162329047729,0.999657356903497
"SLC12A7",3.22153342992265,-0.0501127189911269,0.520335030843492,-0.0963085627924981,0.923275510577233,0.999657356903497
"CLPTM1L",4.72346548304146,0.621059989024248,0.363269939319017,1.70963771510652,0.087332886896822,0.999657356903497
"MRPL36",21.0103959187889,0.257585531799953,0.239516858288467,1.07543800315602,0.282178674980702,0.999657356903497
"NDUFS6",19.2995994575625,-0.079745095761623,0.210617472729358,-0.378625261846604,0.704966160223324,0.999657356903497
"ICE1",4.31175185928755,0.343187498255988,0.380520033756571,0.901890749004649,0.367114906077032,0.999657356903497
"MED10",10.8819799780387,0.121985730302497,0.275735587526693,0.442401111139446,0.658198975111858,0.999657356903497
"CCT5",10.1928708030555,0.10973586743849,0.291137934665811,0.376920539621375,0.70623265686778,0.999657356903497
"DAP",7.17706561390672,-0.0689566910651574,0.383000627244304,-0.180043284945254,0.857118586923073,0.999657356903497
"OTULINL",9.96523658533938,-0.4361528695531,0.341885744279404,-1.275726984383,0.202052046197374,0.999657356903497
"OTULIN",5.71042097292347,-0.141686798931363,0.399313826483916,-0.354825677284856,0.722720190727732,0.999657356903497
"DROSHA",3.71759826048332,0.370645240923381,0.495450786495726,0.748096987684524,0.454401658851505,0.999657356903497
"GOLPH3",7.75547308663163,-0.287074931971434,0.331526323330776,-0.865918968627444,0.386534600106962,0.999657356903497
"ZFR",6.03909796786417,-0.0835731104976489,0.341329835043902,-0.244845606557949,0.806575979509008,0.999657356903497
"SUB1",89.5560259080522,0.0849368690373143,0.13197650330732,0.6435756889204,0.51985061913491,0.999657356903497
"BRIX1",4.07762639626323,-0.302669401712006,0.464174762572514,-0.652059151244187,0.514363014414873,0.999657356903497
"DNAJC21",7.2528729474135,-0.0113935599726375,0.32460654620162,-0.0350996001342521,0.972000320263781,0.999657356903497
"IL7R",5.76866533411218,1.23385359198815,0.998933249245357,1.23517121181046,0.21676679093284,0.999657356903497
"NIPBL",10.4658236427031,0.0657925404426888,0.266704313824427,0.246687200140303,0.805150313290494,0.999657356903497
"FYB1",31.2295911141531,0.0608445024576265,0.254007216989347,0.239538479177063,0.810688062685928,0.999657356903497
"DAB2",16.4874188188105,-0.29957663809081,0.255915883202499,-1.17060588167465,0.241757232060942,0.999657356903497
"RPL37",375.470622488894,0.112261158416913,0.182267699622006,0.615913618538688,0.537951532852934,0.999657356903497
"C5orf51",3.41707910814786,0.604583150676567,0.45181514602622,1.33812059200309,0.180857129147832,0.999657356903497
"PAIP1",14.9869084950636,-0.0162183945870368,0.261188095539882,-0.062094692920491,0.950487423280537,0.999657356903497
"NNT",4.16985806605802,0.377534983743698,0.432453244689298,0.873007633495601,0.382658917006283,0.999657356903497
"MRPS30",4.05921224711985,0.171830823665324,0.398485186294388,0.431210066459989,0.666315635114004,0.999657356903497
"EMB",10.275920153665,-0.0449838002357709,0.289244605891058,-0.155521656478924,0.876410082251411,0.999657356903497
"PARP8",4.04635522587209,-0.363855570476084,0.495773565463043,-0.733914826895318,0.463000649960899,0.999657356903497
"NDUFS4",7.77481775816309,0.390015305178021,0.292090393164183,1.33525550413702,0.181792736361588,0.999657356903497
"SNX18",9.63651021157285,-0.665883322991103,0.312498603020551,-2.13083615912137,0.0331026423010858,0.999657356903497
"GZMA",2.7548176432078,0.916067206770662,2.1611854070464,0.42387256724198,0.67165875165102,0.999657356903497
"DHX29",6.50363303537337,-0.675377394522026,0.37685575141248,-1.79213768660998,0.073110913345765,0.999657356903497
"IL6ST",6.18556098346962,0.640934545923025,0.463132017686317,1.38391327191102,0.166385012405648,0.999657356903497
"GPBP1",7.71834658123234,-0.0999051365876875,0.316720870964903,-0.315435911385702,0.752430704152112,0.999657356903497
"GAPT",33.8542090069438,-0.127093008311859,0.215013692254209,-0.591092627541123,0.554458359365715,0.999657356903497
"SMIM15",5.73618599966965,-0.282147338894389,0.379129220332987,-0.744198346533619,0.456756488210091,0.999657356903497
"KIF2A",9.03839082434332,-0.441589913426361,0.323099368664868,-1.36673096964295,0.17170964685953,0.999657356903497
"DIMT1",5.21927939199411,0.118787734339036,0.36494337930882,0.325496340182996,0.744805452068113,0.999657356903497
"SREK1IP1",6.59904081060835,0.810326070856877,0.345565665430373,2.34492645514329,0.0190308330583927,0.999657356903497
"SREK1",7.14764281605672,-0.0576866378401331,0.344270028318206,-0.167562184027283,0.866927723264085,0.999657356903497
"CD180",4.55156592636806,0.164383768372506,0.430965521324104,0.38143136803021,0.702883188829214,0.999657356903497
"PIK3R1",6.2407405100338,-0.243572445793735,0.374404939940933,-0.650558846344714,0.515331303341002,0.999657356903497
"SLC30A5",6.67559464335051,-0.339297600350319,0.353790754036437,-0.959034673685604,0.337541277852555,0.999657356903497
"MRPS36",9.33724206509605,-0.372230965269972,0.301463709968082,-1.23474551981525,0.216925228978456,0.999657356903497
"AK6",3.86907989597164,0.0857163825891418,0.473204401765911,0.181140290050693,0.856257460767147,0.999657356903497
"TAF9",6.51759882643015,-0.46364152230699,0.37504892266525,-1.23621611551945,0.216378241939141,0.999657356903497
"BDP1",9.61020737211144,0.190807625883305,0.355562487238881,0.536635985885408,0.591519081742636,0.999657356903497
"BTF3",102.777417398675,-0.0597213362278734,0.141897646967652,-0.420876156188044,0.673845517227546,0.999657356903497
"HEXB",11.822186480646,-0.258561494280143,0.25487392271906,-1.0144682183322,0.310359387128712,0.999657356903497
"NSA2",16.5040582622805,0.0263885053957661,0.227677640940368,0.115902928749502,0.907729474535558,0.999657356903497
"CERT1",3.52996900066616,-0.416181873629602,0.482620494578843,-0.862337754621841,0.388501682546754,0.999657356903497
"IQGAP2",27.2037781059323,-0.32748496483204,0.199212365944541,-1.6438987774645,0.100197112747566,0.999657356903497
"AGGF1",5.67424465292753,0.162583550419631,0.3476357379736,0.467683648888761,0.640010835811621,0.999657356903497
"TBCA",26.1501808459577,0.225265674510341,0.206028291787314,1.09337252935575,0.274230269760266,0.999657356903497
"AP3B1",8.17236084248024,-0.24996982087569,0.33682480718623,-0.742136017129764,0.458004929693923,0.999657356903497
"LHFPL2",6.55869839824597,0.365296282572779,0.430729375827175,0.848087692814688,0.396389135138205,0.999657356903497
"RPS23",697.146241230373,0.0277125184846357,0.0906666290748101,0.305652904132675,0.759868935186688,0.999657356903497
"TMEM167A",9.55359835886973,0.0465595933079537,0.268407803228827,0.173465870767773,0.862285252356843,0.999657356903497
"VCAN",5.68527764759914,0.550256018591449,1.06722059178335,0.51559726529635,0.606135720711345,0.999657356903497
"COX7C",80.7160423827775,0.159052932760847,0.137194059238298,1.15932813449729,0.246322457891688,0.999657356903497
"CCNH",7.95391721900741,-0.320111969697398,0.468861440988129,-0.682743219452552,0.494769114490158,0.999657356903497
"MEF2C",25.9597707256126,-0.202756129031709,0.21140121657631,-0.959105781486927,0.337505458158671,0.999657356903497
"TTC37",4.44381377961283,-0.219190381743369,0.402257851350112,-0.544900195254592,0.585822161978543,0.999657356903497
"GLRX",18.1997245357328,0.175891218845273,0.246499873394358,0.713555006837174,0.475502387791277,0.999657356903497
"CAST",11.6719304599189,-0.196205822439145,0.265912003256531,-0.737859968847894,0.460599547104221,0.999657356903497
"ERAP2",4.35102700791525,0.0688846576166484,0.523768350888624,0.131517411275001,0.895366013998632,0.999657356903497
"LNPEP",10.7489621249306,-0.32067683737406,0.304162002979608,-1.05429617845974,0.291747337831278,0.999657356903497
"CHD1",5.29964678556081,0.453852323200815,0.375780544283712,1.20775897024131,0.227139987764721,0.999657356903497
"PPIP5K2",4.285868640677,-0.34590957884329,0.413171582351082,-0.837205639543142,0.402476988039157,0.999657356903497
"PJA2",5.75609417875805,-0.0628654534737733,0.404749064712133,-0.15531957688027,0.876569382779852,0.999657356903497
"NREP",8.51732852439564,-0.524695172251842,0.344613947732712,-1.52255930354509,0.127868997940133,0.999657356903497
"EPB41L4A-AS1",4.43263721450168,-0.296699198004915,0.405484597956772,-0.731715087330014,0.46434248572186,0.999657356903497
"SRP19",14.2639937165078,0.0863417589099311,0.238467564604067,0.362069193994102,0.717300323698548,0.999657356903497
"REEP5",18.3338324759167,-0.0970346899918451,0.268414430673842,-0.361510704727179,0.717717704105554,0.999657356903497
"DCP2",6.33969197536983,-0.384361564970498,0.349016536142939,-1.10127035589249,0.270779008995648,0.999657356903497
"PGGT1B",6.29792742226074,0.166162097258163,0.370199274652955,0.448845010336479,0.653543466682752,0.999657356903497
"TMED7",5.23255951708904,-0.132605391708162,0.464312690194531,-0.285595019280228,0.775188318682597,0.999657356903497
"ATG12",7.59676847992545,0.0997891696797742,0.316357232483008,0.315431921364826,0.75243373322269,0.999657356903497
"AP3S1",11.6232706052893,0.157347071868797,0.271878165636582,0.578741111851999,0.562763871248547,0.999657356903497
"DMXL1",7.33282341511228,-0.031320663144523,0.355854288707058,-0.0880154156869146,0.92986442374661,0.999657356903497
"TNFAIP8",9.6643687471652,0.138429192326414,0.302734785158152,0.457262260939378,0.647482551881234,0.999657356903497
"HSD17B4",6.49640639933848,-0.204707405630133,0.354356280549989,-0.577688097731501,0.563474716298735,0.999657356903497
"SRFBP1",3.47659822970331,-0.514430587906905,0.482097293456594,-1.06706798583847,0.285941137026554,0.999657356903497
"SNX2",11.2295704267823,-0.265337116758933,0.327085642253201,-0.811216031774127,0.417241620586039,0.999657356903497
"CEP120",3.26706018261168,0.366912226799238,0.467729219616558,0.784454362504936,0.43277355070736,0.999657356903497
"CSNK1G3",2.84303816821478,0.113305812131939,0.499811323241267,0.226697169238089,0.820659228438787,0.999657356903497
"HINT1",120.028851482541,0.13506741599479,0.123419098476317,1.09438018639157,0.273788270123182,0.999657356903497
"CDC42SE2",7.68225901743825,0.00775070115056818,0.308705424868769,0.0251071102941032,0.979969528776699,0.999657356903497
"C5orf56",5.85243131325738,0.252797938762342,0.345056356593702,0.732627972015618,0.463785365738507,0.999657356903497
"IRF1",15.6562033299845,-0.209859361026745,0.330647430267573,-0.634692248649623,0.525629150071859,0.999657356903497
"UQCRQ",23.9445611825416,0.254182850607186,0.217765810853652,1.16723029024059,0.24311738156635,0.999657356903497
"AFF4",8.97175627394916,-0.27595194033205,0.302445699636464,-0.912401600233499,0.361557347455404,0.999657356903497
"HSPA4",4.3822323924535,0.415183888973575,0.390443541417502,1.0633647248108,0.287616583318607,0.999657356903497
"C5orf15",5.07698842842223,-0.433823711557345,0.425718592113952,-1.01903867858612,0.308184604320765,0.999657356903497
"VDAC1",8.72900369449899,-0.00612080626296755,0.317553077104472,-0.0192749077375618,0.984621800934583,0.999657356903497
"TCF7",3.26768400137387,1.14848378887813,1.24681876067714,0.921131302399074,0.356981879262662,0.999657356903497
"SKP1",41.0629799329003,-0.0739115785179727,0.198929809729833,-0.37154601725278,0.710230888004192,0.999657356903497
"PPP2CA",10.0224553972625,-0.181127756913446,0.293005305976688,-0.618172276128873,0.536461783082636,0.999657356903497
"UBE2B",10.7672962555714,0.234052136508401,0.331394922830819,0.706263495255441,0.480024290464714,0.999657356903497
"CAMLG",5.53458393646238,0.3409036667882,0.382975066973474,0.890145850700543,0.373387575923076,0.999657356903497
"DDX46",13.2669487513459,0.113242349100386,0.271603825458394,0.416939448143869,0.676722698510991,0.999657356903497
"TXNDC15",4.78719552920473,-0.262539043769149,0.388606450697083,-0.675591059536469,0.499300319427343,0.999657356903497
"H2AFY",39.1068373102225,-0.261642257129953,0.201032696740047,-1.30149105778689,0.193090423387769,0.999657356903497
"TIFAB",6.30649252940922,-0.673365821866273,0.424296098017324,-1.58701865280594,0.112508420103805,0.999657356903497
"TGFBI",46.2289086738525,0.0412591367822723,0.217981878593857,0.189277829186646,0.849875070981141,0.999657356903497
"HNRNPA0",23.6283717898557,-0.478393323947479,0.208554577272828,-2.29385195090516,0.021799004167496,0.999657356903497
"FAM13B",5.69357334379053,-0.285361236066525,0.4115192363001,-0.693433528483771,0.488037527205324,0.999657356903497
"KDM3B",5.77147594647301,-0.196591018777912,0.376858440288651,-0.521657465406203,0.601908844746459,0.999657356903497
"ETF1",4.95306572015052,-0.264374909892835,0.384060265316741,-0.688368294686254,0.491220884362974,0.999657356903497
"HSPA9",8.48954377328569,-0.199444555612191,0.31582891845709,-0.631495546976927,0.527716559943316,0.999657356903497
"SIL1",3.60740451597619,-0.0731268960858052,0.46563245022798,-0.15704853914284,0.875206593996537,0.999657356903497
"PAIP2",20.1825894988463,-0.172608703839294,0.204914467373575,-0.842345130881434,0.39959479612128,0.999657356903497
"MZB1",71.027974132933,-0.193775929924756,0.206257981496157,-0.939483303963033,0.347482660441813,0.999657356903497
"TMEM173",4.69839124137331,-0.531981280710591,0.429011938041658,-1.2400150987382,0.214969809562277,0.999657356903497
"UBE2D2",32.8073669578306,0.036025788658489,0.1599499654867,0.225231612578775,0.821799097904372,0.999657356903497
"CXXC5",25.0220757256613,0.359110771825573,0.229109870041455,1.56741729092944,0.117017184939478,0.999657356903497
"PURA",4.3262179316942,0.279130963770254,0.407353575775508,0.685230179307628,0.493198682663242,0.999657356903497
"CYSTM1",8.36218884267012,0.208626603506376,0.31095988131316,0.670911638586179,0.502276821567796,0.999657356903497
"PFDN1",6.26233114129177,-0.162690584322078,0.384850333239485,-0.422737283225474,0.672486950438304,0.999657356903497
"ANKHD1",7.14433973784367,-0.196957904227181,0.35486561426801,-0.555021101814699,0.578880226981747,0.999657356903497
"SRA1",12.7444674286346,-0.313469096607732,0.251069837117891,-1.24853347660612,0.211835756781938,0.999657356903497
"EIF4EBP3",9.79854739856602,-0.183610241891406,0.371294261741226,-0.494514084409345,0.620943161964537,0.999657356903497
"CD14",7.20055531403807,0.00251711390377253,1.41644984015434,0.00177705827090796,0.998582113388261,0.999657356903497
"NDUFA2",21.7344419724943,0.405465981836552,0.189050029874741,2.14475492072232,0.0319724472085208,0.999657356903497
"IK",13.6792918927889,-0.26882095112431,0.284546954298402,-0.944733187487923,0.344795109265748,0.999657356903497
"HARS",3.96087140466841,0.440200144777995,0.414312899709624,1.06248235352198,0.288016764883486,0.999657356903497
"ZMAT2",9.22287791686925,-0.15479217141304,0.294464580022828,-0.525673313242089,0.599115208861839,0.999657356903497
"TAF7",13.0408700769619,-0.0998679681803736,0.254920804212353,-0.391760760715246,0.695234990575996,0.999657356903497
"DIAPH1",6.95077341453959,-0.0724300333065422,0.343149671517237,-0.21107417351237,0.832829392771418,0.999657356903497
"HDAC3",7.47123857826491,0.0596447016727403,0.300234296101116,0.198660520957448,0.842528308129726,0.999657356903497
"RELL2",3.41378696160489,-0.218830165045426,0.468520989940687,-0.467065872701091,0.640452749809142,0.999657356903497
"DELE1",4.58355422777565,-0.557502072332513,0.418275036642118,-1.33286001672034,0.182577745832929,0.999657356903497
"NDFIP1",8.7676549415435,0.372577946952518,0.305451750163365,1.21976039342794,0.222555719744773,0.999657356903497
"NR3C1",16.3357623877688,-0.0190854807717574,0.252274310869728,-0.0756536831116864,0.93969462585472,0.999657356903497
"YIPF5",4.18548806413123,-0.139814745668628,0.454560994499025,-0.307581924891551,0.758400475700394,0.999657356903497
"LARS",11.4392499487868,-0.335179550351566,0.284084145631345,-1.17986010661266,0.238055858773552,0.999657356903497
"RBM27",7.14197427848874,0.235229437604636,0.337212421409191,0.697570500581282,0.485445835330621,0.999657356903497
"TCERG1",6.7072319977317,-0.12362122041493,0.344158569948953,-0.359198437026473,0.71944664578744,0.999657356903497
"CSNK1A1",15.1433108671868,0.0527617932901166,0.216435212808611,0.243776382805014,0.80740401239513,0.999657356903497
"CSF1R",4.84446421654191,-0.548604801021257,0.468092057578488,-1.17200194307776,0.241196276034968,0.999657356903497
"CD74",2344.10521454316,-0.0317619166102388,0.111874519940032,-0.283906618122376,0.776481944574577,0.999657356903497
"RPS14",469.469901489693,0.185287798100613,0.0998825342453866,1.85505703775404,0.0635880819648799,0.999657356903497
"DCTN4",4.25323987170695,-0.356987893043095,0.522474638295369,-0.683263582339245,0.494440301803972,0.999657356903497
"SMIM3",6.545722271561,-0.542388745340373,0.49040241779829,-1.10600748620996,0.268723279128702,0.999657356903497
"TNIP1",8.97201480417951,-0.385999721000049,0.349782659308547,-1.10354161570816,0.269792029607114,0.999657356903497
"ANXA6",11.9424593857521,-0.0277558432702498,0.260006804927941,-0.106750449388977,0.914986958412814,0.999657356903497
"CCDC69",16.9867041927958,-0.031528483429716,0.234268033841582,-0.134582951471033,0.89294162171604,0.999657356903497
"GM2A",3.86946464055545,-0.0488055823862809,0.48040475905087,-0.101592628854688,0.919080030498632,0.999657356903497
"SPARC",1.67749628350832,0.824089113083933,1.11029648301422,0.742224374922551,0.457951402633733,0.999657356903497
"ATOX1",13.0078326768334,0.391471456021499,0.305055500297172,1.28327945452596,0.199394188029781,0.999657356903497
"G3BP1",8.7738503451929,-0.0754296670944892,0.327886349710131,-0.230048207743851,0.818054309750638,0.999657356903497
"SAP30L",4.56076826123237,0.158028049244781,0.420945210167106,0.375412394363741,0.707353788487742,0.999657356903497
"LARP1",4.66763713806065,-0.0323216142497864,0.428769973970824,-0.0753821774189481,0.939910639217888,0.999657356903497
"CNOT8",7.66725657786586,-0.106871623490436,0.33315608439218,-0.320785447113822,0.74837298856962,0.999657356903497
"MRPL22",5.07731591570378,0.161410767330025,0.373206516759861,0.432497183413021,0.665380098867481,0.999657356903497
"CYFIP2",14.8249718253041,-0.0133464205710689,0.241867335292657,-0.0551807483839019,0.955994466128331,0.999657356903497
"ADAM19",7.61865753575121,0.044342387008299,0.323638505276477,0.137012086897442,0.891021241250852,0.999657356903497
"CLINT1",12.0407665732012,-0.0506071361066954,0.29047384617569,-0.174222694307859,0.86169045080182,0.999657356903497
"RNF145",7.19124728729697,0.0944888490566617,0.334816947888835,0.282210472475944,0.777782128684128,0.999657356903497
"UBLCP1",6.27655058640996,0.524923685424056,0.322501060955233,1.62766498773448,0.103595940930934,0.999657356903497
"TTC1",6.20750971624735,0.344325394519455,0.33467043768563,1.02884914753927,0.303550567604774,0.999657356903497
"SLU7",7.62987039632109,-0.411088771207245,0.337387596697576,-1.21844660334604,0.223054304424329,0.999657356903497
"NUDCD2",9.13621313151132,-0.267723148868234,0.300730207300072,-0.890243621589686,0.373335086473505,0.999657356903497
"MAT2B",10.6051792705549,0.138071472142961,0.25273190420221,0.546315957135711,0.58484876927711,0.999657356903497
"DOCK2",9.7952216396302,-0.0807529013251291,0.278601339028024,-0.289851088321605,0.771930161835137,0.999657356903497
"LCP2",7.42574431231461,-0.405682711142612,0.354623348236581,-1.14398195482596,0.252631120713757,0.999657356903497
"NPM1",80.6127029580176,0.0187590317599783,0.113022749799879,0.165975715448381,0.868176061344032,0.999657356903497
"FBXW11",5.79737786873727,-0.0797562610982181,0.379253948817012,-0.210297773686992,0.833435272779501,0.999657356903497
"STK10",10.7866266827098,0.113952180450829,0.289085917662878,0.394181015014768,0.693447401193162,0.999657356903497
"DUSP1",25.7692066293437,-0.270494620698529,0.399915465463073,-0.67637949531488,0.498799732361714,0.999657356903497
"ERGIC1",4.93462524815162,-0.189744375448418,0.446987913196254,-0.424495539692835,0.671204457509911,0.999657356903497
"RPL26L1",4.62035203204479,0.0254987144138155,0.453732408501159,0.0561976925960544,0.955184319301449,0.999657356903497
"ATP6V0E1",45.2200442659784,0.0201059429111473,0.19004572569353,0.105795291305685,0.915744772817763,0.999657356903497
"THOC3",5.95393542624141,-0.037921053331998,0.373374982902709,-0.101562919500365,0.919103613155934,0.999657356903497
"HIGD2A",38.7925837995132,0.232803720610403,0.18182283895903,1.28038766715583,0.200408829187416,0.999657356903497
"CLTB",9.56599154162356,0.32706737901262,0.297639882114786,1.09886946832779,0.271825005767734,0.999657356903497
"NSD1",6.43528631741265,-0.00500435020214876,0.333765953636935,-0.0149935910107608,0.988037293441434,0.999657356903497
"RAB24",3.88117321967072,-0.026805740802424,0.544228137743428,-0.0492546028832147,0.960716397227027,0.999657356903497
"PRELID1",24.0416189588571,-0.149930517040812,0.230342992223209,-0.650901143523935,0.515110303233881,0.999657356903497
"LMAN2",22.5764200525395,-0.0276961284305502,0.186139369213474,-0.148792426597229,0.881717426815487,0.999657356903497
"RGS14",4.1706587587032,-0.0923662003146584,0.473472361977163,-0.195082559685107,0.845328315625182,0.999657356903497
"GRK6",9.08368501839258,0.693234118602376,0.332542937267121,2.08464544247868,0.0371014963449561,0.999657356903497
"TMED9",29.0232154966971,-0.192223229929392,0.181054709040648,-1.06168589012638,0.288378306978981,0.999657356903497
"NHP2",26.0522623702218,0.062746418888823,0.189478576159274,0.33115310533091,0.740528840115757,0.999657356903497
"HNRNPAB",12.5806810326994,0.0361266661556584,0.25064681974318,0.144133750400962,0.885394854003683,0.999657356903497
"PHYKPL",14.1338985607232,-0.020525305710787,0.229422423965378,-0.0894651244460936,0.928712269067605,0.999657356903497
"RUFY1",5.92355731871485,-0.0459282879635353,0.425473892667174,-0.107946195419005,0.914038372540828,0.999657356903497
"HNRNPH1",14.58188278336,0.197340077874816,0.234630793969046,0.841066402822002,0.400310735493576,0.999657356903497
"CANX",38.0324611300208,-0.301838901268249,0.157375501364567,-1.91795354836727,0.0551169014240817,0.999657356903497
"SQSTM1",15.1399843591687,-0.113301408843403,0.243103274679027,-0.466062865640114,0.641170502657228,0.999657356903497
"TBC1D9B",7.61022839273009,-0.235662149000578,0.353520529046796,-0.666615174049435,0.505017974086261,0.999657356903497
"RNF130",45.2424881622479,0.143755027545171,0.16730825433941,0.859222565633505,0.390217735950049,0.999657356903497
"MGAT1",24.0445040670753,-0.213318780589239,0.209936002528808,-1.01611337750402,0.309575399399929,0.999657356903497
"RACK1",227.363816090249,0.0864278304442383,0.105164001370068,0.821838550438015,0.411168789990393,0.999657356903497
"DUSP22",7.40280065249326,0.0513293039151426,0.327756737087794,0.156607929317387,0.875553852971186,0.999657356903497
"IRF4",20.4368323396014,-0.545199830533231,0.438360435368489,-1.243724995562,0.213600793310861,0.999657356903497
"EXOC2",2.59651076925598,0.218299456528019,0.725846008909245,0.300751748784933,0.763603804677191,0.999657356903497
"SERPINB1",16.9646209958403,-0.0282188678488128,0.281744985416506,-0.100157480379275,0.920219301955437,0.999657356903497
"SERPINB6",3.28692217163853,0.0694089370899426,0.52565925964211,0.132041690157231,0.89495131644345,0.999657356903497
"PSMG4",3.74008626530567,0.294921230616862,0.48144562351926,0.612574330743841,0.540157835440234,0.999657356903497
"PRPF4B",7.88154384196487,0.0613152980625774,0.30256057948341,0.202654616035132,0.839404998184519,0.999657356903497
"ECI2",5.29999113004874,0.157346471861093,0.36384166202307,0.432458644197585,0.665408103400202,0.999657356903497
"CDYL",14.1528030420849,-0.062309562862949,0.340082579517064,-0.183218919803043,0.85462624978503,0.999657356903497
"F13A1",4.6716386452809,-0.799216992492929,0.722939593130433,-1.10551005932903,0.26893863803989,0.999657356903497
"RREB1",5.83143074441581,-0.423927398064707,0.4451226315068,-0.952383383944456,0.340902583203066,0.999657356903497
"SSR1",23.4292318465251,0.150715974287452,0.219632433663833,0.68621911515189,0.492574945579093,0.999657356903497
"TXNDC5",25.6383391043461,0.197200319970732,0.206803559153006,0.953563472400544,0.340304652932911,0.999657356903497
"EEF1E1",4.47986109307689,-0.00966281050051667,0.414729410833777,-0.0232990722338462,0.981411711764159,0.999657356903497
"PAK1IP1",4.77963952503634,-0.414014416272911,0.451053960734551,-0.917882232091875,0.358680524693382,0.999657356903497
"TMEM14C",14.295582157253,0.029563747480036,0.23860243211901,0.123903797700143,0.901391445992026,0.999657356903497
"TMEM14B",21.1343674155406,-0.216675422626452,0.215954165731531,-1.0033398609954,0.315696909792135,0.999657356903497
"TMEM170B",3.99989793580053,0.20480672282741,0.412802674109012,0.496137102961996,0.619797683340184,0.999657356903497
"PHACTR1",15.1102484912411,-0.02366141767041,0.275548542469124,-0.0858702334564566,0.931569574345086,0.999657356903497
"NOL7",18.7883072867953,-0.102948441993581,0.209732033721458,-0.490857024398595,0.623527574560341,0.999657356903497
"MCUR1",5.97892549510569,-0.341875765373642,0.35387812081025,-0.966083363930136,0.334002468315785,0.999657356903497
"JARID2",6.26320452101417,0.00814721771822718,0.365474595375539,0.0222921588020519,0.982214903699055,0.999657356903497
"DTNBP1",7.04904513128507,-0.0853402873388193,0.324516324099034,-0.262976870503364,0.792568406502495,0.999657356903497
"GMPR",4.87725205256419,-0.244747784383829,0.42024551585693,-0.582392375763391,0.560302415871144,0.999657356903497
"DEK",16.4851120324263,0.162254855209091,0.244998760283757,0.662268066259468,0.507799438683158,0.999657356903497
"RNF144B",7.13903199634201,0.231701485769787,0.331842228981884,0.698227849061476,0.485034712799986,0.999657356903497
"SOX4",27.2364705024677,-0.302423914877445,0.513592762034848,-0.588839908255804,0.555968671692863,0.999657356903497
"C6orf62",8.39931985048982,-0.816211313083773,0.363263039709543,-2.24688785772535,0.02464719490867,0.999657356903497
"RIPOR2",16.6000538057374,0.0075818244624704,0.26902250907123,0.0281828627970418,0.977516305302511,0.999657356903497
"TRIM38",7.49788795582895,-0.243107552055552,0.360149667226127,-0.675018122126745,0.499664251404006,0.999657356903497
"HIST1H1C",11.8163551373469,-0.642447667028569,0.441608298386714,-1.45479074866927,0.145727200133948,0.999657356903497
"HIST1H4C",36.6027768587714,0.271499291119881,0.2668668726044,1.01735853712479,0.308982898935872,0.999657356903497
"HIST1H2AC",11.1144229826745,-0.0383461255290891,0.45523822137094,-0.0842330975936304,0.932871103613654,0.999657356903497
"HIST1H1E",24.5727687807595,0.369676072163481,0.308243423003536,1.19929914014496,0.230411649335992,0.999657356903497
"HIST1H1D",7.59277677469536,0.0691492023014972,0.398234697614165,0.173639320520718,0.862148928092634,0.999657356903497
"BTN3A2",4.51267380206924,0.133423226181507,0.39885303322798,0.334517265925475,0.737989264268611,0.999657356903497
"BTN3A1",2.6421864779232,-1.64756142241728,0.69450857383931,-2.37226937791337,0.0176791960653421,0.999657356903497
"HMGN4",8.25743124322247,-0.819780990285035,0.353496098187103,-2.31906658797442,0.02039142608518,0.999657356903497
"ABT1",4.43919939192816,-0.0758220669340632,0.433360864905495,-0.174962884455656,0.861108797590184,0.999657356903497
"HIST1H2BK",4.05981968785679,0.307687469717232,0.440229886758431,0.698924536866055,0.484599192379195,0.999657356903497
"HIST1H3H",2.90506155564419,-0.0339334087414152,0.757606245790627,-0.0447902969780863,0.964274459222149,0.999657356903497
"ZSCAN16-AS1",3.50190329887014,0.386301762329552,0.491861209469759,0.785387737215538,0.432226268358971,0.999657356903497
"TRIM27",6.53396763820348,-0.297816543980917,0.36672474579042,-0.812098303699192,0.416735226460223,0.999657356903497
"HLA-F",20.5707011002995,-0.233799091079621,0.220495988161778,-1.06033263021585,0.288993299459551,0.999657356903497
"HLA-A",239.387566351275,0.064834914628995,0.113584010186379,0.570810226920213,0.56812828973327,0.999657356903497
"ZNRD1",6.43596316587144,-0.250631124188753,0.356144177359069,-0.703735004309964,0.481597816845127,0.999657356903497
"PPP1R11",4.71037155834932,0.00962834664915323,0.392128061786874,0.0245540872675068,0.980410641298939,0.999657356903497
"HLA-E",101.527558780308,-0.000577597894486971,0.164423705611575,-0.0035128626516389,0.997197146890667,0.999657356903497
"ABCF1",5.32970288346305,0.198551872869701,0.415598286067858,0.477749498796735,0.63282850908724,0.999657356903497
"PPP1R10",6.93718402406115,-0.0914828516265615,0.364609009181158,-0.250906722881079,0.801886226540884,0.999657356903497
"MRPS18B",8.28582613472635,-0.0823603910448957,0.332811519752232,-0.247468570517662,0.804545612269952,0.999657356903497
"PPP1R18",12.4062095197459,-0.229735157542853,0.263294426959852,-0.872540904855095,0.382913363151114,0.999657356903497
"TUBB",41.9853107334239,0.256840763276899,0.205823019110525,1.24787190658678,0.212077970266566,0.999657356903497
"FLOT1",14.7030846838727,0.154355631706913,0.247405826889013,0.623896509018591,0.532695553095695,0.999657356903497
"HLA-C",347.921831121947,-0.00468794566885439,0.251121163176379,-0.0186680628966414,0.985105905929819,0.999657356903497
"HLA-B",545.292473778284,0.00447381463884815,0.227443704721893,0.0196699866646937,0.984306633318069,0.999657356903497
"DDX39B",21.6305779857294,0.00170833390571657,0.195261239585408,0.00874896579241135,0.993019424325355,0.999657356903497
"NFKBIL1",3.71542979552301,-0.0665765481362146,0.488715555290085,-0.136227601956924,0.89164135535928,0.999657356903497
"LTB",88.3769462521326,0.117104045495313,0.582447384311971,0.201055148755874,0.840655451917294,0.999657356903497
"LST1",21.774082127813,-0.610816322942027,0.651592747919638,-0.937420382427829,0.348542360489554,0.999657356903497
"AIF1",33.8483070314885,-0.624399441084413,0.564467692621956,-1.10617392145877,0.268651248122875,0.999657356903497
"PRRC2A",12.075373886102,0.334303624820238,0.25262000036801,1.32334583300306,0.185720396316304,0.999657356903497
"BAG6",9.52521311995548,-0.00152019779304595,0.290019255405594,-0.00524171331631049,0.995817737024438,0.999657356903497
"CSNK2B",30.7764785672769,0.102615636255695,0.164099989292733,0.625323844918978,0.531758533085156,0.999657356903497
"ABHD16A",5.02452956084438,0.0812455455252288,0.390541564728337,0.20803303121332,0.835203176338264,0.999657356903497
"DDAH2",13.6672069963583,0.0998171285999004,0.244693598271517,0.407927012823365,0.683327260230075,0.999657356903497
"CLIC1",76.2691215720981,0.230191953646328,0.1798373489515,1.28000081734083,0.200544848454467,0.999657356903497
"LSM2",11.7617718240275,0.174213066902422,0.252602342490694,0.689673204075057,0.490399720485219,0.999657356903497
"HSPA1A",3.3798960356054,-0.0892267642945778,0.534680216714837,-0.16687874640809,0.867465456542239,0.999657356903497
"SNHG32",5.58067140502814,-0.496153581712317,0.43286080807279,-1.14621969108574,0.251704262316187,0.999657356903497
"NEU1",3.60622462001352,0.179523493999333,0.458502007754335,0.391543528628388,0.695395520320782,0.999657356903497
"NELFE",6.86720009425558,0.0543509200639077,0.349592510942897,0.15546934892088,0.8764513161251,0.999657356903497
"ATF6B",10.0391668691581,-0.0051942552810954,0.288380382485449,-0.0180118190992326,0.985629424663436,0.999657356903497
"AGPAT1",4.00186254080563,0.274497551567852,0.402468593009654,0.682034713603771,0.495217000877073,0.999657356903497
"RNF5",17.4038483886725,-0.111812262830328,0.258774850251018,-0.432083190162673,0.665680951607416,0.999657356903497
"PBX2",7.54784186918093,0.231847333561204,0.333239099422421,0.69573868721602,0.486592492786479,0.999657356903497
"GPSM3",44.4259422382573,0.248564831525994,0.1552936542909,1.6006116454725,0.109462961327825,0.999657356903497
"NOTCH4",4.58123331728764,-0.322928770876682,0.594782822280575,-0.542935604021779,0.587174140908313,0.999657356903497
"HLA-DRA",360.390477667361,-0.129709040153063,0.141331574414506,-0.917764064331752,0.358742399574053,0.999657356903497
"HLA-DRB5",113.982148526074,0.363397265578292,0.731706988385324,0.496643152719109,0.619440716797836,0.999657356903497
"HLA-DRB1",206.400056656788,0.0934635069808293,0.205137753631698,0.455613388204653,0.648668014005892,0.999657356903497
"HLA-DQA1",68.5520664315964,0.0966129103390832,0.251470911925356,0.384191195710782,0.700836743339076,0.999657356903497
"HLA-DQB1",74.1493500318106,0.0864634249963598,0.334913841824552,0.258166173500988,0.796278662848029,0.999657356903497
"HLA-DQA2",14.7119381794391,0.694968024895299,1.83631681133483,0.378457584554881,0.705090697252073,0.999657356903497
"TAP2",13.9995952004616,0.0535940948831163,0.244963862361681,0.218783678402272,0.826818561627206,0.999657356903497
"PSMB8",47.6100127037959,0.267020268537889,0.170651313238568,1.56471264984992,0.117650301053014,0.999657356903497
"PSMB8-AS1",5.77344350336635,0.224793521452285,0.366487656408906,0.613372694881361,0.53962993633698,0.999657356903497
"PSMB9",52.7684158007308,0.149912520066708,0.247782076926137,0.605017610339088,0.545167295667282,0.999657356903497
"TAP1",30.9905282706504,-0.408503572600547,0.213447479628974,-1.91383647776319,0.0556410529709083,0.999657356903497
"HLA-DMB",31.3042038754115,-0.032419481126785,0.186003222448753,-0.174295265963562,0.861633419516682,0.999657356903497
"HLA-DMA",67.7288726728138,-0.146853601921545,0.137785917209954,-1.0658099528254,0.286509560844123,0.999657356903497
"BRD2",18.8112668217025,-0.445071384409606,0.24959424831048,-1.78317965026167,0.0745570639591225,0.999657356903497
"HLA-DOA",6.14146192637326,-0.150424608020792,0.385179599412726,-0.390531087965563,0.69614387176705,0.999657356903497
"HLA-DPA1",215.740798690124,-0.321639999031304,0.166195907031841,-1.93530637893316,0.0529527100300828,0.999657356903497
"HLA-DPB1",136.216143267947,-0.202102998052507,0.187669098165459,-1.07691143628943,0.281519833427959,0.999657356903497
"RING1",3.99145275858375,0.213961986585516,0.442634643006287,0.483382830436244,0.62882393694564,0.999657356903497
"RPS18",530.511660340575,-0.31308281993155,0.108580399857417,-2.88341929429877,0.00393383434903063,0.999657356903497
"WDR46",4.21502252425473,-0.0252606777403852,0.394523689775623,-0.0640282913169338,0.948947699807418,0.999657356903497
"PFDN6",5.96192466427978,0.225660047624641,0.339793589881614,0.664109195536212,0.506620425139523,0.999657356903497
"TAPBP",33.6565100670658,-0.215162434010534,0.20359819204232,-1.05679933526036,0.290603177767317,0.999657356903497
"DAXX",6.01782793171158,0.0676810126512305,0.365456515012889,0.185195802704033,0.853075461107323,0.999657356903497
"CUTA",15.8865110162099,0.398181085897562,0.234493934037179,1.69804429070831,0.0894994027912374,0.999657356903497
"UQCC2",6.91382093340992,-0.147795755220788,0.415975933326376,-0.355298812695559,0.722365744847809,0.999657356903497
"HMGA1",21.4947502251818,-0.0770694352372056,0.203242249562225,-0.379199873073683,0.704539445816072,0.999657356903497
"SMIM29",4.79288968496872,0.384926046133263,0.371890636072527,1.03505172971926,0.300644753529439,0.999657356903497
"NUDT3",6.54052463315063,0.0416056200542162,0.32934268614928,0.126329266760634,0.899471290313258,0.999657356903497
"RPS10",18.7563976045528,0.970010450160277,0.317562087575953,3.05455370181201,0.0022539565779064,0.999657356903497
"PACSIN1",18.1738096258266,-0.074215002679672,0.220571221690161,-0.33646729664454,0.736518508940956,0.999657356903497
"SNRPC",14.8341014194741,-0.0982807063229914,0.228661789913856,-0.429808173722495,0.667335186597278,0.999657356903497
"TAF11",5.61108334916865,-0.460844512754161,0.410828338724731,-1.12174470287198,0.261971003694107,0.999657356903497
"DEF6",9.97865962490637,0.433116585954017,0.300262079682621,1.44246182006008,0.149172134902501,0.999657356903497
"RPL10A",202.335045456166,-0.0482155351525915,0.156070576342547,-0.308934177616972,0.757371597634085,0.999657356903497
"FKBP5",10.6017495482527,-0.0767799217647567,0.474496746516305,-0.161813378760687,0.871452817164907,0.999657356903497
"STK38",5.42915189556847,0.191607479153779,0.399675399358173,0.479407738033104,0.631648589664342,0.999657356903497
"SRSF3",25.6263690124165,-0.073440213666057,0.217380985460359,-0.337841019123769,0.735482996612284,0.999657356903497
"CDKN1A",4.28907192949891,-0.180717083537696,0.584908573342308,-0.308966378292312,0.757347102587036,0.999657356903497
"MTCH1",9.39764490690445,-0.0747236225938726,0.304902961877828,-0.24507345594043,0.806399555389372,0.999657356903497
"FGD2",7.50217187307498,0.239390855859544,0.346476000232227,0.690930557092241,0.489609182047603,0.999657356903497
"PIM1",3.10254935747292,-0.957766003791014,0.853075666348436,-1.1227210452394,0.261555987036993,0.999657356903497
"ZFAND3",3.58069394168513,-1.16185525270528,0.526752918774696,-2.20569305132266,0.0274054987801563,0.999657356903497
"GLO1",7.94772816315393,0.212370249927112,0.303664477408578,0.699358225036542,0.484328187972194,0.999657356903497
"KCNK17",12.1294852085331,-0.695001941925479,0.446568066760789,-1.55631804792206,0.119632481859499,0.999657356903497
"OARD1",2.60949884546275,-0.0414667191909924,0.57221532189397,-0.0724669850743286,0.94223027846208,0.999657356903497
"TOMM6",31.1871644440682,-0.0297145810026017,0.162743630241098,-0.182585216752144,0.855123484669306,0.999657356903497
"CCND3",25.863365048106,0.0296145876101008,0.257730140080392,0.114905410755852,0.908520096341978,0.999657356903497
"MRPS10",6.43087080859518,0.191376042627818,0.331265848644535,0.577711356032884,0.563459010935252,0.999657356903497
"UBR2",7.11447387438438,-0.0357703944951044,0.317257706561127,-0.112748701624408,0.910229789075473,0.999657356903497
"TBCC",7.01836182870718,0.199702432273033,0.323208242339105,0.617875431727105,0.536657455125056,0.999657356903497
"RPL7L1",7.75252508769456,-0.308640520983914,0.347293136225398,-0.888703198509522,0.374162611655474,0.999657356903497
"PTCRA",27.4101767329912,0.0413730541364569,0.250395984827907,0.165230501459086,0.868762558513051,0.999657356903497
"CNPY3",68.6146067678597,0.0629652185080949,0.142883550608943,0.440675068891758,0.659448247977462,0.999657356903497
"MEA1",8.16351719433542,-0.00894566463060191,0.306261804853616,-0.0292092075761052,0.976697737784342,0.999657356903497
"KLHDC3",4.60188270464263,0.0423593006844224,0.431309092721687,0.0982110078345966,0.921764741735143,0.999657356903497
"RRP36",5.09979773141193,0.125010013039474,0.390379670320885,0.320226749863072,0.748796446551046,0.999657356903497
"MRPL2",4.9436940960979,-0.0245370321296093,0.396819652696676,-0.0618342160295301,0.950694855160132,0.999657356903497
"DNPH1",6.18569864287462,-0.301347707372063,0.368513721425361,-0.817738091831399,0.413506754760615,0.999657356903497
"POLR1C",1.41242409498963,0.276949001909984,0.805749195179582,0.343716138429724,0.731059773136228,0.999657356903497
"YIPF3",8.96498675758578,0.271884027245324,0.272047668340459,0.999398483743188,0.317601694062135,0.999657356903497
"MRPS18A",4.05470127066762,-0.0423738198837554,0.419176599118965,-0.101088228619674,0.919480422377879,0.999657356903497
"MRPL14",9.42124097044676,0.0147915869239368,0.308503778165609,0.0479462099682828,0.961759111486291,0.999657356903497
"HSP90AB1",62.7439373790203,0.099048997213543,0.132620560826764,0.746860038866266,0.45514804982133,0.999657356903497
"CDC5L",5.43760837540616,-0.195746619568497,0.373546064676638,-0.524022705842038,0.600262747334725,0.999657356903497
"SUPT3H",3.53348135671958,-0.123371959190818,0.586585109914851,-0.210322350679387,0.833416092086064,0.999657356903497
"RUNX2",26.0143878040578,-0.263811144218212,0.263374964787618,-1.00165611576235,0.316509708458607,0.999657356903497
"TNFRSF21",20.138048237665,-0.355056953518204,0.231536559084208,-1.53348116998263,0.125157342709104,0.999657356903497
"CD2AP",23.2925958280248,-0.327051292847561,0.212304827522865,-1.54047977459362,0.123443449129362,0.999657356903497
"FBXO9",5.40230599813741,-0.349336368791409,0.421146606300897,-0.829488742316538,0.406827904434566,0.999657356903497
"ELOVL5",4.91605501508673,-0.298329514020539,0.389266412247146,-0.76638904522574,0.443444849094595,0.999657356903497
"PHF3",9.42709146949992,0.11429134060381,0.368870743932808,0.309841163832252,0.756681746723371,0.999657356903497
"LMBRD1",7.34089166322132,0.246893522867285,0.397080042225554,0.621772682110882,0.53409135162245,0.999657356903497
"SMAP1",5.92282741361104,-0.394711601080472,0.367281177879636,-1.07468507740907,0.282515746997306,0.999657356903497
"OGFRL1",3.32228464217363,0.16136311252817,0.498308646628095,0.323821618629469,0.746073088046001,0.999657356903497
"CGAS",5.66671729218091,0.0223854226287764,0.361420959258528,0.0619372564189447,0.950612798107729,0.999657356903497
"EEF1A1",1107.04177891872,-0.0062852829394595,0.126797204899623,-0.0495695701213222,0.96046539633488,0.999657356903497
"COX7A2",42.59479458155,0.0217529609016112,0.163647261894882,0.132925908137614,0.894251976988875,0.999657356903497
"TMEM30A",9.15158209925462,-0.208876490510095,0.316190812612737,-0.660602655668941,0.508867165488881,0.999657356903497
"SENP6",14.0311484676586,-0.0337852276910881,0.257802630860981,-0.131050748311822,0.89573516219312,0.999657356903497
"PHIP",10.0229015452883,0.27245749176516,0.31378750815042,0.868286610168534,0.385237450437876,0.999657356903497
"HMGN3",24.1711069906307,0.293198137055363,0.191012812685315,1.53496581163063,0.124792226158456,0.999657356903497
"IBTK",3.23287762918602,0.787418737147575,0.482114064523493,1.63326232335876,0.102413837229042,0.999657356903497
"CYB5R4",4.71456037829922,0.13185838926854,0.37615273715083,0.350544808652202,0.725929868273327,0.999657356903497
"SYNCRIP",8.48050681041217,-0.324743142031496,0.330528240320471,-0.982497416004859,0.325854855345494,0.999657356903497
"SNHG5",11.7639864062295,0.306312696540454,0.481318356753236,0.636403520128975,0.524513447107751,0.999657356903497
"ZNF292",7.6758441086811,-0.0148106094594741,0.333947829600913,-0.0443500695218582,0.964625361203127,0.999657356903497
"AKIRIN2",15.1348518158181,-0.0508474325116957,0.229800135384003,-0.221268070302604,0.824883710026449,0.999657356903497
"PNRC1",68.0785459482593,0.109758681803482,0.160479117188525,0.683943703868595,0.494010715282334,0.999657356903497
"UBE2J1",36.3003494261584,-0.0498958089777598,0.188318905455697,-0.264953796630356,0.791045055028846,0.999657356903497
"LYRM2",4.77213999618762,0.341701385913339,0.381161591123196,0.89647381549233,0.369999758967847,0.999657356903497
"MDN1",8.03745956286149,-0.263920542796307,0.419178051970307,-0.629614412194945,0.528946891842323,0.999657356903497
"UFL1",7.74422067433584,-0.383129094543776,0.330804844402798,-1.15817256314804,0.246793622564302,0.999657356903497
"NDUFAF4",4.38723370388025,-0.00331819035033666,0.404304693540697,-0.00820715268298673,0.993451713098723,0.999657356903497
"PNISR",34.580033856081,-0.166794633181434,0.185737276549461,-0.898013776663818,0.369178204781904,0.999657356903497
"CCNC",4.36857867045072,-0.501718436576438,0.429529804521166,-1.16806431426976,0.24278082347758,0.999657356903497
"SEC63",11.9761530226399,-0.370732830693161,0.314408131264641,-1.17914517414663,0.238340373069445,0.999657356903497
"SNX3",45.1178840059319,0.313533330559542,0.137745710806972,2.27617490753601,0.0228355431207104,0.999657356903497
"CD164",60.0406333955828,-0.017824696111822,0.200062439411561,-0.0890956651545856,0.929005882401168,0.999657356903497
"MICAL1",12.5365346403055,0.0737242945828337,0.238765315662409,0.308773049294448,0.757494171575457,0.999657356903497
"CDC40",12.5035350524141,0.338381895436564,0.239624576372539,1.41213351551424,0.157910651924287,0.999657356903497
"GTF3C6",11.2837719499823,-0.0181881048230372,0.261912479351163,-0.0694434448793531,0.944636648351359,0.999657356903497
"FYN",5.23558467403928,0.57719801100229,0.364942417293275,1.58161393044767,0.113737731917231,0.999657356903497
"MARCKS",3.20457153934226,-0.474023433278855,1.33347273325522,-0.355480409503154,0.722229718766048,0.999657356903497
"HDAC2",10.9464791074854,-0.299324300063434,0.274045612176639,-1.09224262956088,0.27472646956885,0.999657356903497
"NT5DC1",4.45156607953772,-0.250102789290034,0.440791954002414,-0.567394179995999,0.570446403149129,0.999657356903497
"TSPYL1",5.76460782352483,0.174913948063826,0.365121156913867,0.479057279348752,0.631897880335063,0.999657356903497
"CALHM6",10.0162772989129,0.0277309822167413,0.341555312821884,0.0811903114246172,0.93529060444255,0.999657356903497
"RWDD1",17.2430893655034,0.017825585479514,0.228530485607541,0.078000908422022,0.93782733037961,0.999657356903497
"GOPC",6.76799395492557,-0.0983773844863397,0.343651081117036,-0.286271133402417,0.774670465562873,0.999657356903497
"NUS1",5.29610279436732,0.0298329794908965,0.457244317561563,0.0652451618206931,0.947978803773578,0.999657356903497
"ASF1A",4.59410543731834,0.010405704389717,0.399321150522628,0.0260584854473601,0.979210689621981,0.999657356903497
"MAN1A1",6.82505348616988,-0.738159120790948,0.393783018941373,-1.874532636718,0.0608570480673124,0.999657356903497
"SERINC1",9.79933593659135,-0.1751763054189,0.337472842227323,-0.519082674216792,0.603703089853822,0.999657356903497
"HDDC2",4.5087474487689,-0.528384554514768,0.443947589758023,-1.19019579496483,0.233969445562845,0.999657356903497
"NCOA7",5.65186344823259,0.0514734877819776,0.368004942896031,0.139871729376526,0.888761338364107,0.999657356903497
"ECHDC1",11.2061065297195,-0.407439766165363,0.27179189433472,-1.49908725998866,0.133850996212778,0.999657356903497
"ARHGAP18",6.29162513729207,-0.0418378847899225,0.371893565576511,-0.112499619951922,0.910427271065144,0.999657356903497
"STX7",20.5597892969163,-0.306404309829147,0.224155648642564,-1.36692656056032,0.171648325787649,0.999657356903497
"RPS12",746.905298161547,0.223957005151928,0.207039429722361,1.08171185291736,0.27938058470311,0.999657356903497
"AHI1",6.96451577386938,-0.0332533932324823,0.404226711754595,-0.0822642152670761,0.934436610017489,0.999657356903497
"BCLAF1",17.1595217535047,-0.00370288616624569,0.251864023506925,-0.0147019257243934,0.988269983019212,0.999657356903497
"MAP3K5",3.60160183572278,-0.134476991451941,0.492542094186567,-0.27302639315332,0.784832927257453,0.999657356903497
"IFNGR1",8.93452300467216,-0.162624100177968,0.314242918734899,-0.51751078698184,0.604799640832007,0.999657356903497
"WAKMAR2",6.15971720796955,-0.360881755362004,0.409212624600038,-0.881893015189176,0.377834664631072,0.999657356903497
"TNFAIP3",6.89635700657358,-0.141152740635262,0.358822535643111,-0.393377579761751,0.694040626432927,0.999657356903497
"HEBP2",12.1430656726396,0.437204887357422,0.274453104084852,1.59300398082673,0.111159298011103,0.999657356903497
"CCDC28A",4.77860084757722,0.249121571573375,0.401259695204488,0.620848728518371,0.534699158365779,0.999657356903497
"ABRACL",18.0897450724771,0.263064586235601,0.237888283428861,1.10583246238047,0.268799041464961,0.999657356903497
"HECA",4.09385683434324,0.850817957792962,0.494737560616539,1.71973592773647,0.0854804539455336,0.999657356903497
"CITED2",15.3924312606346,-0.159014122601843,0.297864652217594,-0.533846904686365,0.593447459165868,0.999657356903497
"LTV1",7.38011318827261,-0.143505546699375,0.378370267731839,-0.379272788952544,0.704485304099918,0.999657356903497
"SF3B5",24.2494225830113,-0.249157477983828,0.191084294893123,-1.30391395129142,0.192262922915366,0.999657356903497
"UTRN",13.4599953245287,-0.205606831414205,0.258797700421343,-0.794469313596916,0.426922266489205,0.999657356903497
"RAB32",2.97423679353138,0.106160152134343,0.648217795070539,0.163772350808096,0.869910358616664,0.999657356903497
"TAB2",6.009555812681,-0.237161528757543,0.390181310036706,-0.607823908160111,0.543304270716128,0.999657356903497
"GINM1",6.2916373420491,-0.0771209363704795,0.402090957658651,-0.191799728149943,0.84789908391566,0.999657356903497
"PCMT1",7.04947557113136,0.799256556685923,0.31410154805067,2.54458012590562,0.01094092071618,0.999657356903497
"ARID1B",12.532672091763,0.11320533222727,0.251564076604688,0.450005953772017,0.65270614759091,0.999657356903497
"SNX9",17.5198594573111,0.0192898894643768,0.215438979489844,0.0895376013665444,0.928654672004841,0.999657356903497
"GTF2H5",6.14658564797481,-0.416992507006172,0.424733950699161,-0.981773428565705,0.326211481374785,0.999657356903497
"DYNLT1",10.5451391279282,0.387320498913316,0.363661620039216,1.06505739833516,0.286849956147177,0.999657356903497
"EZR",14.8608118255291,0.0499483078295605,0.260533926995605,0.191715176620369,0.847965317281571,0.999657356903497
"TAGAP",8.33794135148994,-0.253462937694498,0.358543176410712,-0.706924449746481,0.479613428992922,0.999657356903497
"SOD2",6.71598422730319,-0.7376160879283,0.41079787925265,-1.79556936678986,0.0725630314381847,0.999657356903497
"WTAP",6.09797369033303,-0.256702746880451,0.365339010898837,-0.702642584619938,0.4822785169237,0.999657356903497
"TCP1",5.95130979555872,-0.0822085188571333,0.358743008280949,-0.229157131872942,0.818746789849404,0.999657356903497
"MRPL18",8.75684240137898,0.0104568791405532,0.294440398970864,0.0355144171013976,0.971669550443096,0.999657356903497
"IGF2R",13.805615198932,0.28746024775923,0.22304080885137,1.28882355314084,0.197459435747109,0.999657356903497
"QKI",14.0780549867507,0.26210860252426,0.293012730181743,0.894529744020628,0.37103852278419,0.999657356903497
"SFT2D1",19.3940505086204,-0.15326424738175,0.209564658581462,-0.731345869189931,0.464567919817925,0.999657356903497
"MPC1",4.84736672071153,0.0888611135976928,0.426536417774027,0.20833183262858,0.83496987804321,0.999657356903497
"RNASET2",108.492325080308,-0.0731026892348511,0.140322065336494,-0.520963606540069,0.602392124106772,0.999657356903497
"C6orf120",4.12393869707839,0.510409887170508,0.454020707679237,1.1241995762253,0.260928369205236,0.999657356903497
"PSMB1",28.0001992463841,-0.248598035102341,0.191851111082372,-1.29578626727684,0.195049130565734,0.999657356903497
"PDCD2",10.2492620206482,-0.102103364678141,0.270882281718804,-0.376928915506301,0.706226432142826,0.999657356903497
"GET4",2.8564304427665,0.409731819605859,0.51253038627681,0.799429322780814,0.424041513375486,0.999657356903497
"NUDT1",16.0364494153623,0.155719586189496,0.242266916480026,0.642760424956063,0.520379566009024,0.999657356903497
"EIF3B",8.21408062905696,-0.188957411985215,0.357160272500005,-0.52905495525181,0.596767327832914,0.999657356903497
"CHST12",14.6795749680517,0.411978361188977,0.237010379284395,1.73822919668271,0.0821704364657802,0.999657356903497
"CARD11",13.2690830301314,0.0791059833972818,0.246252925201342,0.32123875617966,0.748029464076957,0.999657356903497
"WIPI2",6.77930483422589,-0.0799554893364918,0.362045456350825,-0.220843786143291,0.825214068780134,0.999657356903497
"TNRC18",3.86508186007722,0.0459608884073742,0.409828799844127,0.112146555890789,0.910707203962165,0.999657356903497
"ACTB",858.447832412672,-0.147700667435741,0.177054581641913,-0.834209801667039,0.404162768753026,0.999657356903497
"RNF216",4.8939725749126,-0.2149607853145,0.419970568348415,-0.511847261487536,0.608757910562617,0.999657356903497
"PMS2",5.2979329221763,0.581642144612453,0.365054260476192,1.59330326361274,0.111092174906194,0.999657356903497
"AIMP2",4.41749482442664,-0.177944480544645,0.451775217612952,-0.393878357216786,0.693670849865798,0.999657356903497
"EIF2AK1",6.38637281814547,-0.314752646310684,0.353261416866681,-0.89099072608167,0.372934145497324,0.999657356903497
"RAC1",51.1015644877741,-0.0344995919016942,0.16806574698641,-0.205274379344435,0.837357760141055,0.999657356903497
"KDELR2",17.173974384748,-0.374590091117264,0.238330526222163,-1.57172518793536,0.116014298087928,0.999657356903497
"ZDHHC4",12.4776199921176,0.184132850788066,0.261606319577001,0.703854750473138,0.481523233350745,0.999657356903497
"C1GALT1",6.22816934032427,-0.176345623833286,0.357984805050221,-0.492606449618852,0.622290689973135,0.999657356903497
"RPA3",7.5541559611821,0.0410463277653541,0.318654903071964,0.128811222955149,0.897507024883113,0.999657356903497
"NDUFA4",54.4341853890655,-0.0558426494034607,0.141533366409309,-0.394554660997506,0.693171579552998,0.999657356903497
"PHF14",7.53575021605839,0.317898944150716,0.337365664288779,0.942297861938316,0.346040162504528,0.999657356903497
"BZW2",5.76840003749487,-0.670286065680508,0.39827542090799,-1.68297120658962,0.0923806655462294,0.999657356903497
"TSPAN13",44.0542490549013,0.0695658759375839,0.198188552291802,0.351008547835593,0.725581935670868,0.999657356903497
"HDAC9",5.39763716284772,0.0592333409990614,0.365819057922962,0.161919778962241,0.871369026992735,0.999657356903497
"CDCA7L",8.05944502781019,-0.290391944336976,0.328995804701538,-0.882661542144641,0.377419166680657,0.999657356903497
"TOMM7",59.5264252313033,0.265745325622381,0.140886754483409,1.88623356820726,0.0592634868669548,0.999657356903497
"NUP42",5.96698297132162,-0.223102924681206,0.357380913055593,-0.624272076462296,0.532448918935212,0.999657356903497
"MALSU1",5.86592075846665,-0.246961869594074,0.391485525469507,-0.630832696299293,0.528149922332575,0.999657356903497
"TRA2A",8.0897316864755,-0.511877990415716,0.383586229744791,-1.33445350933552,0.182055273490933,0.999657356903497
"CYCS",13.8822333207549,0.0171864753677884,0.234030204647467,0.0734369967059481,0.941458377947453,0.999657356903497
"HNRNPA2B1",91.4304500272912,-0.0701026872583467,0.120842803827157,-0.580114703053528,0.561837269231951,0.999657356903497
"CBX3",10.8473288664628,0.169200078384914,0.254985400809684,0.663567709553701,0.506967029887075,0.999657356903497
"SNX10",9.79668432232095,-0.148684031083756,0.301045341490554,-0.493892482599406,0.621382113892363,0.999657356903497
"SKAP2",13.3702994192127,0.0448753488313552,0.249933993008331,0.179548801230329,0.857506802015155,0.999657356903497
"TAX1BP1",15.6985285337576,-0.269514628093507,0.254264927533397,-1.05997563528736,0.289155683935414,0.999657356903497
"CPVL",4.44733798938548,0.325102735880919,0.590322898941384,0.550720184603918,0.581825505667977,0.999657356903497
"SCRN1",7.98633293149187,-0.241149847276849,0.395542713589879,-0.609668283579828,0.542081568491258,0.999657356903497
"ZNRF2",14.9150024476399,-0.0166324620017859,0.310442841383542,-0.0535765680009256,0.957272525718508,0.999657356903497
"GGCT",4.60168796707116,0.116271391518229,0.395269439075731,0.294157301384367,0.76863770648375,0.999657356903497
"GARS",6.00215027923349,0.49327348894044,0.338594969998724,1.45682462129399,0.145164797634879,0.999657356903497
"LSM5",13.181663498261,0.107098493438237,0.230274433537324,0.465090682422103,0.641866518228669,0.999657356903497
"NT5C3A",7.43143864387491,-0.187108694260531,0.411594716183067,-0.45459450013277,0.649400992234083,0.999657356903497
"HERPUD2",3.27714969378757,0.251853030262403,0.459834600980276,0.54770352149556,0.583895493734464,0.999657356903497
"SEPTIN7",17.3388399346437,-0.246248525338878,0.227866215710809,-1.08067150090998,0.279843264549006,0.999657356903497
"ELMO1",5.50245862658644,-0.108693276845112,0.386818711925228,-0.280992810053415,0.778715914507668,0.999657356903497
"STARD3NL",4.04951563915905,0.262112072147338,0.443170179439971,0.591447900394755,0.55422035370035,0.999657356903497
"TRG-AS1",5.1497872085849,-0.437757673457614,0.391914112985285,-1.11697348718353,0.264005661456909,0.999657356903497
"VPS41",3.92093910761569,-0.180595803827619,0.467754086006464,-0.386091344213557,0.699429020117553,0.999657356903497
"RALA",6.47890276206796,-0.0568215379121433,0.357899311317714,-0.158764032551328,0.873854787192188,0.999657356903497
"MPLKIP",6.77395070988358,0.186819757575506,0.345937037012205,0.540039769054606,0.589169606554037,0.999657356903497
"PSMA2",35.9253155445545,-0.0187678476730657,0.179661971358283,-0.104461993437881,0.916802728063083,0.999657356903497
"MRPL32",4.30306360508911,-0.172758036836006,0.455020454696401,-0.379670924796718,0.704189705497625,0.999657356903497
"STK17A",8.32832541620471,-0.0839726201881179,0.359481342775641,-0.233593820307183,0.815300325719377,0.999657356903497
"BLVRA",5.21329915992329,-0.107092843398167,0.580408523202776,-0.184512871739397,0.853611130327152,0.999657356903497
"MRPS24",12.3566330615599,-0.436005859720195,0.285077905912044,-1.52942704670602,0.126158611695499,0.999657356903497
"DBNL",32.2775555517563,0.0420526884944033,0.17418146962724,0.241430323124491,0.809221613263427,0.999657356903497
"AEBP1",9.09535590067539,0.415833838461693,0.314784743643398,1.32101014060824,0.186497983023235,0.999657356903497
"POLD2",5.8948739243163,-0.0183031877903097,0.362647633050966,-0.0504709975254061,0.959747060561507,0.999657356903497
"DDX56",5.02162986959864,-0.107182673586826,0.418719527342135,-0.255977251090196,0.797968403237002,0.999657356903497
"TMED4",10.9385832585332,-0.151948952234116,0.282694470366878,-0.537502385656567,0.590920637474451,0.999657356903497
"OGDH",4.6186324981744,0.269592250180132,0.374677295816591,0.719531856320703,0.471813281374055,0.999657356903497
"ZMIZ2",7.4447278004004,-0.000638788505420678,0.327957554128884,-0.00194777798949446,0.998445898996979,0.999657356903497
"PPIA",205.143733644337,0.0882576412980656,0.103083326183301,0.856177662924141,0.391899515942641,0.999657356903497
"H2AFV",29.8117094082472,0.0237666356626667,0.19026257831258,0.124914924802611,0.90059090263652,0.999657356903497
"MYO1G",6.06432141545648,-0.683038369812766,0.391637725893435,-1.74405662338725,0.0811492167428408,0.999657356903497
"SNHG15",5.25962441192355,-0.628488853595444,0.405156070323853,-1.55122655102532,0.120847401419352,0.999657356903497
"CCM2",5.30894193031797,0.431377460058875,0.385614437160167,1.11867559533229,0.263278560253865,0.999657356903497
"IKZF1",24.3122197358831,0.0890149824200864,0.232917993970085,0.382173059722983,0.702333003154887,0.999657356903497
"SEC61G",55.066748850281,0.157849347767571,0.18335602746623,0.860889876099891,0.389298698039307,0.999657356903497
"VOPP1",5.75411604306212,-0.170671562548222,0.377535828534422,-0.452067193756847,0.651220576536145,0.999657356903497
"NIPSNAP2",4.87340910885404,-0.161679060496678,0.414645215009029,-0.389921442824699,0.696594637342827,0.999657356903497
"MRPS17",3.07227798953029,0.00983013935178938,0.498307289656094,0.019727063111145,0.984261101737376,0.999657356903497
"CCT6A",17.5486112928976,-0.00401234993826186,0.22734123698263,-0.0176490195598277,0.985918850801613,0.999657356903497
"SUMF2",7.59807381020045,-0.00617081938390426,0.305025959668014,-0.0202304728116272,0.983859519067936,0.999657356903497
"CHCHD2",76.5933211744346,0.176556233820919,0.14384601038886,1.22739750197891,0.219673224842875,0.999657356903497
"GUSB",6.3226749345989,-0.13589742572331,0.378955614511466,-0.358610403222296,0.719886563142453,0.999657356903497
"TMEM248",8.55971394778624,-0.255352423451972,0.335223457287997,-0.761737933012826,0.446216430719772,0.999657356903497
"SBDS",8.14940766600532,-0.105255642828039,0.395022724755149,-0.266454652433682,0.789889079416289,0.999657356903497
"AUTS2",4.1553672094885,0.484444724943117,0.579207624732849,0.836392174855363,0.402934313338071,0.999657356903497
"POM121",5.58557699360615,-0.275972122846076,0.424567456689261,-0.650007716083758,0.515687237460671,0.999657356903497
"NSUN5",6.52486589014634,0.252789968058886,0.337811647724667,0.748316316981827,0.454269384750771,0.999657356903497
"BAZ1B",7.72951051542234,0.0663885574814803,0.291893360836674,0.227441135664018,0.820080736661396,0.999657356903497
"BCL7B",5.20164132904916,0.19188842661726,0.388586262659162,0.493811657942138,0.621439199144197,0.999657356903497
"BUD23",11.9625230806538,0.366355085344268,0.250782467676948,1.46084807577616,0.144057138922033,0.999657356903497
"EIF4H",10.3943360989714,-0.471350523973084,0.294920169888398,-1.5982308844846,0.109991602708309,0.999657356903497
"GTF2I",14.9701232062533,0.0142791154862813,0.257033460520043,0.0555535277679064,0.955697486762088,0.999657356903497
"NCF1",64.8929098196642,0.591039190991096,0.207639908569796,2.8464623928132,0.00442079506075767,0.999657356903497
"HIP1",5.33728737459521,-0.197067709822147,0.544919191994121,-0.361645749897305,0.717616771950856,0.999657356903497
"MDH2",22.7352129028154,-0.0633257972628793,0.221554911818159,-0.285824388830765,0.775012627450985,0.999657356903497
"HSPB1",8.19264028331319,0.224683970655772,0.367055205138921,0.612125826061329,0.540454511683641,0.999657356903497
"YWHAG",6.8006926362516,-0.477443630316673,0.34327995697396,-1.39082874084865,0.164277365503657,0.999657356903497
"DTX2",7.77408172695799,0.0912318743623749,0.306616692029474,0.297543730442455,0.766051426771715,0.999657356903497
"FGL2",5.66101934431416,-0.420996800184535,0.953057433644471,-0.441732874979688,0.658682517346435,0.999657356903497
"RSBN1L",11.4334719701347,0.0111072442333483,0.29263287666589,0.0379562418272978,0.969722570830135,0.999657356903497
"CD36",17.6156849358491,-0.177069047270918,0.307568416533463,-0.575706209586227,0.564813777448152,0.999657356903497
"DMTF1",5.33666023025635,0.210526404954463,0.365500833825711,0.575994321957834,0.564619019506235,0.999657356903497
"TMEM243",11.3873800773709,-0.117008965483597,0.309987801664974,-0.377463128726778,0.705829460334595,0.999657356903497
"SRI",16.5616140142429,0.0969336011134751,0.277310583966164,0.349548869455709,0.726677289131531,0.999657356903497
"AKAP9",19.5337283877611,-0.133762194386977,0.215532086310576,-0.620613833776141,0.534853735387201,0.999657356903497
"FAM133B",8.29705866573612,0.361768666019215,0.329552909692449,1.09775594564415,0.27231107307898,0.999657356903497
"CDK6",5.68703798488371,-0.680703286612216,0.431812619664373,-1.57638581091329,0.114936916380658,0.999657356903497
"SAMD9",5.91385230398979,0.336568377151794,0.368918403901481,0.91231116038785,0.361604940970082,0.999657356903497
"SAMD9L",12.8309192020123,0.193491043574761,0.369827552320798,0.523192613315413,0.600840221270414,0.999657356903497
"GNG11",2.13740072557385,0.234622376756765,0.771425000716058,0.304141525798337,0.761020071374285,0.999657356903497
"BET1",5.57869635459698,0.119486905889081,0.358277251871558,0.333504025904265,0.7387538510025,0.999657356903497
"SEM1",21.3307766614007,0.17005223411505,0.222585120976554,0.76398742813075,0.444874734534356,0.999657356903497
"SDHAF3",10.3477187376136,0.0338873189551849,0.368575786130895,0.0919412512441886,0.926744716489574,0.999657356903497
"BRI3",40.3576160805354,0.294368037861342,0.235646626212548,1.24919266866918,0.21159461281974,0.999657356903497
"TRRAP",4.45561097898687,0.219467834268217,0.413168219658878,0.531182757593059,0.595292140195998,0.999657356903497
"ARPC1A",7.19351545642606,0.039468699291557,0.358694365119411,0.110034344360045,0.912382137418845,0.999657356903497
"ARPC1B",122.55422841749,0.0398059507414837,0.151208717058739,0.263251692863849,0.792356590283137,0.999657356903497
"PDAP1",8.38997237420041,-0.106363690213666,0.301745545558904,-0.352494649147695,0.724467330656556,0.999657356903497
"BUD31",8.83247405227719,0.284869797248278,0.291818236055095,0.976189154931684,0.328970736541006,0.999657356903497
"ATP5MF",43.0115445575778,0.283128789248497,0.157418161999327,1.79857765871836,0.0720855140310585,0.999657356903497
"ZNF394",7.50445628435493,-0.0939423550476383,0.340966358542698,-0.275517958572661,0.782918330575836,0.999657356903497
"ZNF655",6.6402052960177,-0.166113004237678,0.339736273651614,-0.488946918891623,0.624879277238313,0.999657356903497
"ZKSCAN1",6.71298783551856,0.022559859792044,0.317667654740526,0.0710171761442664,0.943384085419166,0.999657356903497
"COPS6",11.4670459218592,-0.177894912212193,0.269506749764966,-0.660075906697451,0.50920511913953,0.999657356903497
"LAMTOR4",26.713876873368,-0.13856835556137,0.182700083117209,-0.75844714023733,0.448183346310228,0.999657356903497
"PILRA",3.24192049692882,-0.0471662608418861,1.15088994064947,-0.0409824251442056,0.967309906793528,0.999657356903497
"PPP1R35",4.40363150973196,0.577286502781829,0.400115101393019,1.44280108591748,0.14907651318755,0.999657356903497
"TSC22D4",11.2022680188592,-0.0617988978977661,0.293123525137474,-0.21082885745449,0.833020819627934,0.999657356903497
"LRCH4",6.19747894051942,-0.323291422759151,0.402528537259443,-0.803151560284975,0.421887139315506,0.999657356903497
"GNB2",33.1818790989468,-0.0202789967763073,0.17115831039515,-0.118480935745916,0.90568659976289,0.999657356903497
"SLC12A9",6.60105547821686,0.102415198547556,0.347685879482106,0.294562432906702,0.768328163632308,0.999657356903497
"SRRT",6.7101526534075,-0.488265950610679,0.347292648863293,-1.40592077663837,0.159747651039149,0.999657356903497
"AP1S1",4.7295268458605,-0.309688168091454,0.403756410072663,-0.767017341063935,0.443071205314887,0.999657356903497
"ZNHIT1",16.3993093733941,0.0653305347744323,0.227638525222555,0.286992435531554,0.774118112289904,0.999657356903497
"FIS1",16.6940902759746,0.0103834200194247,0.260619141132298,0.0398413561425781,0.968219604956519,0.999657356903497
"CUX1",21.2806475920765,-0.541914789012691,0.268960414974498,-2.01484961667714,0.0439204084464153,0.999657356903497
"POLR2J",7.74709095865981,-0.0541394219327146,0.386532443782747,-0.14006436666192,0.888609134293677,0.999657356903497
"POLR2J3",5.46787748157162,0.199655627162291,0.398359881625213,0.501194112087149,0.616234517683067,0.999657356903497
"RASA4",6.2017345389659,0.508622086794057,0.51272254830984,0.992002572289243,0.321196270621872,0.999657356903497
"ARMC10",7.69934708876504,0.6811054804876,0.310399903547716,2.19428380196935,0.0282150132011946,0.999657356903497
"PMPCB",6.87623275526912,-0.125440410779535,0.340741327620277,-0.368139701912903,0.712769068594233,0.999657356903497
"PSMC2",5.59046961127188,0.519552485562094,0.352867932226959,1.47237093006209,0.140920738781677,0.999657356903497
"KMT2E",15.8076987521742,-0.369752602892428,0.25036629336246,-1.47684657517827,0.139716768525582,0.999657356903497
"SRPK2",7.93286858415624,-0.628875221173223,0.348511102572695,-1.80446251649056,0.0711588302134513,0.999657356903497
"SYPL1",7.23873571039197,-0.523118616154314,0.337620216791065,-1.54942918148188,0.121278583344059,0.999657356903497
"NAMPT",8.05232496199636,0.0922592677923763,0.326883621141586,0.282238882052812,0.77776034612597,0.999657356903497
"CCDC71L",3.85084239070734,0.591436575751364,0.412580010561868,1.43350758788804,0.151712832019967,0.999657356903497
"PIK3CG",6.85585427325889,-0.502404444612917,0.366181466172695,-1.37200948443409,0.170060485284165,0.999657356903497
"PRKAR2B",5.53019520562262,-0.224058876621983,0.549645139329193,-0.40764278729988,0.68353594657902,0.999657356903497
"HBP1",5.08129200381963,-0.614274578581413,0.454752823253604,-1.3507878283998,0.176763408159714,0.999657356903497
"DNAJB9",5.77417551838883,0.324603797675354,0.411942622656253,0.787983034098954,0.430706629812197,0.999657356903497
"MDFIC",13.919711842292,0.013942157206525,0.274060802354507,0.0508724964925496,0.959427121741969,0.999657356903497
"CAPZA2",12.5958113161349,-0.101686142657761,0.237975042146995,-0.427297508765437,0.669162647110229,0.999657356903497
"LSM8",13.835929111544,0.35810615097041,0.221050225052477,1.62002165293157,0.105227625677293,0.999657356903497
"NDUFA5",4.33024232896843,-0.13977229879971,0.419177615776238,-0.333444090378914,0.738799086204112,0.999657356903497
"ZNF800",8.28493517735,-0.0393037698379021,0.291711411405307,-0.134735112516024,0.892821310532137,0.999657356903497
"ARF5",28.6194784447636,0.0718366157795712,0.180366428840541,0.398281521907165,0.690422679617737,0.999657356903497
"SND1",19.0960789258497,0.226205777176323,0.227263500226312,0.995345829625365,0.319568095200055,0.999657356903497
"ATP6V1F",19.2353228219045,0.039293610678922,0.260501623398126,0.150838256462108,0.880103307217163,0.999657356903497
"UBE2H",4.72300171587254,0.28570920273998,0.406146020781453,0.703464242220705,0.481766483273325,0.999657356903497
"MKLN1",4.14975006104367,-0.353073952579826,0.455657102850862,-0.774867658971594,0.438417864272558,0.999657356903497
"PLXNA4",4.78100408997365,-0.0641590602940086,0.447070707556274,-0.143509872621061,0.885887514731555,0.999657356903497
"CHCHD3",6.77208128761915,0.10610202406665,0.389751431697237,0.27222997900126,0.785445192077272,0.999657356903497
"CNOT4",3.57012469080228,-0.53540425742358,0.519621947847503,-1.03037267698459,0.302835094317823,0.999657356903497
"STMP1",10.9274652876036,-0.0916451859700047,0.260517981404093,-0.351780654356647,0.72500276797611,0.999657356903497
"MTPN",25.3870353730659,-0.000911813525383386,0.19015393831646,-0.00479513352947714,0.996174051651714,0.999657356903497
"CREB3L2",7.96202376879279,-0.645487726677988,0.388615366701917,-1.66099383088241,0.0967146857166461,0.999657356903497
"ZC3HAV1",6.71522157051419,0.0646812456039465,0.425393788029809,0.152050282406602,0.879147277041623,0.999657356903497
"FMC1",4.27293421000749,0.42599470545082,0.421366833831891,1.01098299924757,0.312024566733291,0.999657356903497
"LUC7L2",6.21953990811977,0.00250181565118131,0.337640542936686,0.00740970154064242,0.994087967639333,0.999657356903497
"TBXAS1",4.34535581858659,-0.453791695710636,0.484557789328345,-0.936506863999949,0.349012280164601,0.999657356903497
"PARP12",7.26254942602726,-0.066059424501452,0.326341254284091,-0.202424375203097,0.839584974161091,0.999657356903497
"MKRN1",6.54713689231452,-0.508236762466274,0.376669154096778,-1.34929222883935,0.177243120740149,0.999657356903497
"NDUFB2",29.7739798062639,0.231642544787367,0.174862723422578,1.32471083746976,0.185267077272075,0.999657356903497
"MRPS33",6.72336114018863,-0.436488248040463,0.35575885566236,-1.22692166644116,0.219852034275256,0.999657356903497
"SSBP1",16.7079948527132,0.262876829594363,0.204717583089623,1.28409502313867,0.199108709233957,0.999657356903497
"TRBV3-1",2.59706885194435,-4.79264315250835,3.68987304540918,-1.29886396998704,0.193990616467475,0.999657356903497
"TRBV7-9",2.38824110473812,-4.68196143820252,3.69043321449463,-1.26867529259533,0.204556898115729,0.999657356903497
"TRBC2",3.29437001742091,-0.595735528635088,0.839697387798538,-0.709464549123997,0.47803624339098,0.999657356903497
"GSTK1",30.7987941239211,-0.0958339844848729,0.209921782175348,-0.456522346046122,0.648014405613017,0.999657356903497
"ZYX",25.0924129786112,0.324258592320688,0.295021006318435,1.09910340408335,0.271722965289178,0.999657356903497
"PDIA4",25.8735421320058,-0.109570577414657,0.220738549180233,-0.496381705060461,0.619625130285973,0.999657356903497
"ZNF467",4.23746873617194,0.1075264028516,0.480156847910717,0.223940163135179,0.822803863582414,0.999657356903497
"REPIN1",14.9821759871937,0.342137468466261,0.252899710238108,1.35285828577714,0.176100907983797,0.999657356903497
"LINC00996",15.1418947370861,-0.00785515603979793,0.290144611449142,-0.0270732446160725,0.978401314639692,0.999657356903497
"GIMAP7",7.2851826145206,0.31931222467061,0.934297728351022,0.341767099481421,0.732526171062013,0.999657356903497
"GIMAP4",5.47847383763263,-0.140006622529593,1.08500287596716,-0.129038019742383,0.897327564895585,0.999657356903497
"GIMAP1",3.72261880394446,-0.4138786261448,0.678754127004505,-0.609762224167004,0.542019328680905,0.999657356903497
"GIMAP5",3.28143092329024,0.627072967042643,0.731343436115121,0.857426123045062,0.391209427300788,0.999657356903497
"TMEM176B",3.37948629084477,0.712206601080206,1.53757167286971,0.463202212714385,0.643219430343128,0.999657356903497
"TMEM176A",1.76906015338339,0.403820251465793,1.67597771841853,0.240946074060484,0.809596911922803,0.999657356903497
"FASTK",6.64671947413823,-0.328763924104937,0.362515065923169,-0.906897271338828,0.364461124259595,0.999657356903497
"TMUB1",8.26031559041217,0.276664612946215,0.317631975849361,0.871022548049208,0.383741841675407,0.999657356903497
"CHPF2",4.9946159450253,-0.270033763402832,0.422269120780163,-0.639482619292481,0.522509016953908,0.999657356903497
"NUB1",7.73067631298261,0.0149573859006787,0.297468397575968,0.0502822687134651,0.959897453411509,0.999657356903497
"RHEB",10.097889646417,-0.25346949530665,0.292830751604755,-0.865583597069641,0.38671855398241,0.999657356903497
"PRKAG2",4.05075571426199,0.274764468787927,0.410829118881218,0.668804756430541,0.503620032205381,0.999657356903497
"KMT2C",8.5910008424628,0.174102516179539,0.286151995139253,0.608426707263787,0.5429045026986,0.999657356903497
"INSIG1",3.67821354236292,-0.0805028448687332,0.525675647799342,-0.153141666740214,0.878286558087293,0.999657356903497
"RBM33",6.63780613101462,-0.265799384715315,0.342390732482248,-0.776304261474413,0.437569357510504,0.999657356903497
"UBE3C",3.65425486406531,0.56587375628972,0.432709195999495,1.30774608333117,0.190959447128884,0.999657356903497
"DNAJB6",8.30565931880107,-0.0532151627305845,0.31351007897526,-0.169739878553582,0.865214710568468,0.999657356903497
"VIPR2",2.97501553232825,0.387525789478744,0.71848560225171,0.53936472528364,0.589635215872801,0.999657356903497
"ERICH1",7.86156540796285,0.068112540947696,0.334458427057171,0.203650246002183,0.838626825217455,0.999657356903497
"CLN8",14.3518308177773,-0.193098552816194,0.41471190818734,-0.465620950360953,0.641486844208064,0.999657356903497
"AGPAT5",6.15293286683245,0.659274088296113,0.370088720611038,1.78139470775444,0.0748479921956613,0.999657356903497
"FDFT1",14.1800394403159,-0.264961687869784,0.24861973883251,-1.06573069827044,0.286545396391381,0.999657356903497
"CTSB",71.8614180031919,-0.15777069315964,0.198030045304538,-0.796700788090083,0.425624826142668,0.999657356903497
"CNOT7",11.2403435199779,-0.14253501933344,0.264808442537366,-0.53825708110997,0.590399577253874,0.999657356903497
"PCM1",14.5220899377467,-0.0362891293676072,0.226913908328353,-0.15992465880538,0.872940423600561,0.999657356903497
"ASAH1",9.42068767122938,-0.109318236006317,0.38970437985417,-0.280515800328507,0.77908180497792,0.999657356903497
"INTS10",8.11003254062402,-0.222101905536308,0.317065797180803,-0.700491530499762,0.483620392597479,0.999657356903497
"ATP6V1B2",7.46775815659497,-0.00307172027282152,0.357511280704355,-0.00859195342527302,0.993144697359915,0.999657356903497
"DOK2",2.28618643817357,-1.54090440160189,1.11114409868922,-1.38677278979355,0.165511056764077,0.999657356903497
"PPP3CC",6.03063865823354,-0.428160350375278,0.432679934345171,-0.989554440566482,0.322391947906117,0.999657356903497
"PDLIM2",8.6999829537707,-0.157456480206436,0.316900791022358,-0.496863638927702,0.619285214295363,0.999657356903497
"ENTPD4",4.63141549396003,0.000545078243606665,0.408299779610865,0.00133499519428141,0.998934828262131,0.999657356903497
"PPP2R2A",5.70210926189456,0.0516056805984337,0.3655117644629,0.141187468135986,0.887721845883389,0.999657356903497
"BNIP3L",6.61059585299521,-0.151183442437451,0.41779444499571,-0.361860824738833,0.717456036155737,0.999657356903497
"DPYSL2",10.5574271732981,-0.00919768191891961,0.318527627552804,-0.0288756174451299,0.976963791971326,0.999657356903497
"PTK2B",4.71046903116591,0.175025553327863,0.385687132261335,0.453801899746214,0.649971416147764,0.999657356903497
"CLU",3.02672544258733,0.00375910436071681,0.811575987503555,0.00463185754457816,0.996304325591912,0.999657356903497
"CCDC25",5.02767999505053,-0.464361641308521,0.42250410606415,-1.09907012652326,0.271737479033538,0.999657356903497
"PNOC",14.7806613766666,0.128646424030852,0.412911478419081,0.31155933112686,0.755375445812644,0.999657356903497
"SARAF",57.3954399295972,0.0250518399344581,0.157623206176826,0.158934972470705,0.873720106839899,0.999657356903497
"LEPROTL1",12.8726389148906,-0.00413049430976148,0.26343073991562,-0.0156796215623299,0.987489984637275,0.999657356903497
"GTF2E2",7.37647709821701,-0.040513320776194,0.319756066150734,-0.126700710525679,0.89917728345322,0.999657356903497
"GSR",4.17154926637624,-0.123066656729422,0.516597109859896,-0.238225600531908,0.811706122253344,0.999657356903497
"RAB11FIP1",11.7944125075702,-0.014024326177748,0.274614779217295,-0.0510690874603328,0.959270468470755,0.999657356903497
"EIF4EBP1",8.20214024663171,0.162509312193871,0.326347909358096,0.497963392851253,0.618509844373169,0.999657356903497
"LSM1",8.50982580919047,0.211352735585599,0.323342015129315,0.653650703268711,0.51333687002782,0.999657356903497
"NSD3",9.03260806321401,-0.544386344495696,0.335266200540277,-1.62374359126695,0.104430543455153,0.999657356903497
"TACC1",23.7627361842152,0.00121101857752442,0.201596279416173,0.00600714745843306,0.995207018614912,0.999657356903497
"PLEKHA2",6.55079794078658,0.0677431391275214,0.360430084687756,0.187950845407947,0.850915184046269,0.999657356903497
"TM2D2",4.17492095614684,0.150925716697774,0.425724263439562,0.354515186610219,0.722952824855832,0.999657356903497
"GOLGA7",6.40142459697904,0.0439398005618371,0.362430518953951,0.121236480549862,0.903503729915953,0.999657356903497
"KAT6A",3.56795749740617,-0.124768408296964,0.461189836995446,-0.270535901462625,0.786748000883882,0.999657356903497
"POLB",13.5976742953576,0.0217734671163452,0.254381856359388,0.0855936324546032,0.931789460449102,0.999657356903497
"VDAC3",14.2241780750279,-0.144036350338467,0.244383752721695,-0.589385950311094,0.555602399184532,0.999657356903497
"SMIM19",8.1993277481233,0.179832528888274,0.31161784396987,0.577093168341354,0.563876519087263,0.999657356903497
"HOOK3",6.70734581847322,0.163200005843438,0.37828498879898,0.431420782414822,0.666162441405524,0.999657356903497
"FNTA",10.8453977195805,0.0544115105808272,0.260842732301417,0.208598913608802,0.83476135873386,0.999657356903497
"CEBPD",14.1815963775782,-0.00734289102148919,1.20067489573173,-0.00611563633719036,0.995120458603717,0.999657356903497
"PRKDC",8.85334448667917,0.149390842852318,0.317340703011421,0.4707585299795,0.637813181970231,0.999657356903497
"UBE2V2",7.98276444911557,-0.159062462072695,0.355199268707291,-0.447811907528935,0.654288948985923,0.999657356903497
"PCMTD1",8.82345029509942,0.0140615541306089,0.315877877900036,0.044515792698401,0.96449326370281,0.999657356903497
"RB1CC1",4.71909064576228,0.0840977800771335,0.429837998830688,0.195649943248176,0.844884166576449,0.999657356903497
"ATP6V1H",5.26501170495639,-0.0138635362516176,0.399534329118103,-0.0346992366894199,0.972319569595821,0.999657356903497
"TCEA1",20.9265873087111,0.109436166976136,0.199690089286722,0.54803003677866,0.583671278513846,0.999657356903497
"LYPLA1",11.990401494358,-0.0295931857695725,0.257130391697821,-0.115090190522287,0.908373635066384,0.999657356903497
"MRPL15",5.22559909795239,-0.177028978518823,0.399446832085146,-0.443185336067674,0.657631684574093,0.999657356903497
"TGS1",5.07356467902663,0.0168831757823455,0.402731641269774,0.041921652167966,0.966561155634981,0.999657356903497
"LYN",35.2877008033908,-0.0493100828703331,0.186567489940223,-0.264301582693385,0.791547540816419,0.999657356903497
"RPS20",18.6083163855345,0.441249272062519,0.459771524410376,0.959714224643185,0.337199062165388,0.999657356903497
"CHCHD7",7.63473482481089,-0.425768642729103,0.371923215086319,-1.14477565652977,0.25230210190033,0.999657356903497
"SDCBP",8.54482238355052,-0.106386367513506,0.328614442764529,-0.323742214792848,0.746133207769732,0.999657356903497
"NSMAF",4.35293353273923,0.592069211024787,0.386041387949655,1.5336936129294,0.125105045815541,0.999657356903497
"RAB2A",10.2475955002845,0.0547094416505036,0.300153181323454,0.182271736748801,0.855369477930413,0.999657356903497
"ASPH",11.7384543540857,-0.000450010371914978,0.303305559649157,-0.00148368652534928,0.998816189862678,0.999657356903497
"GGH",2.61412974582383,0.311000127879799,0.572359075201499,0.543365417540224,0.58687823135638,0.999657356903497
"PDE7A",6.96874705185147,0.0946771210991032,0.381583363358965,0.248116480408602,0.804044284713575,0.999657356903497
"SNHG6",33.9846016708382,0.0433826713018073,0.224679539290958,0.193086880268288,0.846890927344706,0.999657356903497
"COPS5",7.09179606980205,0.0501201696736701,0.332296250732557,0.150829777835828,0.880109995663687,0.999657356903497
"ARFGEF1",4.29647626739253,-0.0649224214405365,0.409016491991126,-0.158728126400207,0.873883077439001,0.999657356903497
"TRAM1",34.9521952437682,-0.0520738375866199,0.169261452134057,-0.307653260267298,0.758346188595846,0.999657356903497
"TERF1",3.71250313122545,0.321129060026282,0.524891048103582,0.611801365610089,0.540669186108197,0.999657356903497
"RPL7",76.2233709439954,0.237717137883694,0.147497214387937,1.61167205001219,0.107033322893115,0.999657356903497
"UBE2W",7.03242531712516,-0.489935294968133,0.351312490513152,-1.39458547076564,0.163140878947955,0.999657356903497
"ELOC",12.7290069316278,0.062148736487144,0.253551233133437,0.245113130467154,0.806368836350422,0.999657356903497
"LY96",5.76059550998334,0.275515906505296,0.400747037161487,0.687505785337279,0.491764056311498,0.999657356903497
"PEX2",3.93125632467114,-0.0651442741013283,0.457238973277656,-0.142473144041835,0.886706290905985,0.999657356903497
"MRPS28",4.99098098921424,-0.519418684486984,0.435649670872369,-1.19228526776314,0.233149409117076,0.999657356903497
"PAG1",9.11503211382266,0.0324248434873906,0.352523882654601,0.0919791398052884,0.926714613347411,0.999657356903497
"FABP5",13.4990695986751,-0.281148759749664,0.280418572911377,-1.00260391753195,0.316052004892511,0.999657356903497
"ZFAND1",4.5608497058486,0.0234060017037252,0.447407242384223,0.0523147582032761,0.95827789407409,0.999657356903497
"E2F5",5.77695463179853,0.45037893009612,0.352895368089331,1.27623927889615,0.201870947556726,0.999657356903497
"RBIS",24.5676787087244,0.214673503536951,0.192122936637053,1.11737571418919,0.263833714554065,0.999657356903497
"RMDN1",5.5331577309584,0.0398100390684221,0.347659415054794,0.114508732812968,0.908834524151462,0.999657356903497
"CPNE3",15.4787498186049,-0.116392730527712,0.266014219207337,-0.437543266952183,0.661717405041832,0.999657356903497
"NBN",5.08231562842437,-0.636906502869971,0.43240405449681,-1.47294294825968,0.140766420036401,0.999657356903497
"DECR1",11.0195211868863,-0.20156122290497,0.296621379310911,-0.679523584487476,0.496806169308978,0.999657356903497
"PIP4P2",4.41351699535667,-0.195573105348252,0.460472242851725,-0.424722897816945,0.671038689618593,0.999657356903497
"UQCRB",41.2027711637215,0.189422768828708,0.203606255962561,0.930338647666792,0.352195773515483,0.999657356903497
"PTDSS1",6.54452484420553,-0.222096467593449,0.341176775285594,-0.650971823646366,0.515064675584719,0.999657356903497
"MTDH",48.2748895240041,-0.146281262766763,0.153091571739963,-0.955514801397635,0.339317423854943,0.999657356903497
"RPL30",575.295933522634,0.139603457839392,0.103744314067444,1.34564924443604,0.17841566227172,0.999657356903497
"COX6C",49.6817327421227,0.27889481218925,0.145323850748392,1.9191262188071,0.054968362058274,0.999657356903497
"POLR2K",10.7080481569239,0.0383292151967052,0.275489756172142,0.139131181243468,0.889346488776439,0.999657356903497
"RNF19A",4.0872024178213,0.144687803626234,0.463370602580692,0.312250718583379,0.7548499897153,0.999657356903497
"PABPC1",126.119345899625,0.142995107423133,0.127743632743872,1.11939127102985,0.262973253241442,0.999657356903497
"YWHAZ",43.2934226550248,-0.319666880334177,0.175626682767616,-1.82014985022038,0.0687361878307387,0.999657356903497
"ZNF706",39.6105672802251,0.142926316672553,0.15757790019492,0.907020061161856,0.364396188674889,0.999657356903497
"UBR5",2.54201611111545,0.447219417338615,0.552028093296513,0.810138872947538,0.417860364700887,0.999657356903497
"KLF10",6.92843614001737,-0.935035818929208,0.390269976904694,-2.39586920404474,0.016581005936092,0.999657356903497
"AZIN1",7.03714692911747,-0.399556811747015,0.329611212636576,-1.21220637050221,0.225433393523106,0.999657356903497
"SLC25A32",4.98755840580542,0.353455875810731,0.359633306759272,0.982822973199542,0.325694573102852,0.999657356903497
"OXR1",6.40699667592698,0.050626325265017,0.354023524958388,0.143002715062418,0.886288036923617,0.999657356903497
"EIF3E",25.4987386009358,0.175342106449776,0.214184968872561,0.818648046932295,0.412987245859095,0.999657356903497
"ENY2",17.7936279640636,-0.293969339553137,0.211735535502288,-1.38837979584188,0.165021425349843,0.999657356903497
"EIF3H",32.3030712973297,-0.062120831797601,0.190154950385208,-0.326685325161186,0.7439059006257,0.999657356903497
"RAD21",9.69995627936715,0.156085617378265,0.279013753031194,0.55941908125516,0.575875741916953,0.999657356903497
"MED30",5.21802558472703,-0.351215143550459,0.381464738541682,-0.920701464814637,0.357206311220948,0.999657356903497
"AC023590.1",6.05920070624698,0.0168257498082667,0.43703223314688,0.0385000202092915,0.969289015372556,0.999657356903497
"MRPL13",5.81514435070133,-0.0427905783028458,0.370833915214793,-0.11539014245248,0.908135891955478,0.999657356903497
"DERL1",5.98767992257582,-0.0655385117950281,0.371602049076946,-0.176367466104734,0.8600052622844,0.999657356903497
"NDUFB9",19.5533010987798,-0.231257957946047,0.249005666725585,-0.928725683182558,0.353031267099477,0.999657356903497
"FAM49B",25.6267234402205,-0.102531513843565,0.20030336200894,-0.511881142758796,0.608734196492255,0.999657356903497
"EFR3A",3.37018438080417,0.0202477074887112,0.544582632641069,0.0371802299138988,0.970341301955223,0.999657356903497
"PHF20L1",6.52049826670105,-0.470558607189719,0.388201893446188,-1.21214918096464,0.225455280507482,0.999657356903497
"NDRG1",9.52227503798598,-0.528307961010889,0.316587250612835,-1.66875943357863,0.0951650652050941,0.999657356903497
"ST3GAL1",5.05277504994969,-0.435026399196037,0.534040296791497,-0.814594707196566,0.415304341100234,0.999657356903497
"ZFAT",25.459264856456,-0.205334470552139,0.257435811572127,-0.797614245268318,0.425094381777764,0.999657356903497
"LY6E",87.0340459742682,0.0275848411645091,0.223248973882579,0.123560886685274,0.901662962998923,0.999657356903497
"GSDMD",8.67009147764995,0.175964629134801,0.308900225674689,0.569648755517951,0.56891595302487,0.999657356903497
"NAPRT",6.48141467830512,0.823506173873971,0.451179014398731,1.8252315546445,0.0679660939360984,0.999657356903497
"EEF1D",120.243307607894,0.163374219672769,0.119039336427995,1.37243893132412,0.169926837602751,0.999657356903497
"TSTA3",5.82168735053447,0.344992111358188,0.356135406307202,0.968710510801046,0.332689646827344,0.999657356903497
"PUF60",11.5149111613879,-0.0722437474715251,0.284917406410294,-0.253560315537517,0.799835258411785,0.999657356903497
"PLEC",8.80095172048515,-0.110115598542693,0.306183439873604,-0.359639301812501,0.719116888827121,0.999657356903497
"PARP10",33.0157292513262,0.103054623896476,0.167454255917757,0.615419556413605,0.538277679538578,0.999657356903497
"GRINA",24.9420648332306,-0.154771173063229,0.19787577751968,-0.782163309745355,0.434118603991505,0.999657356903497
"GPAA1",10.5857255487276,0.00580409332595993,0.264539764842222,0.0219403435601511,0.982495543004631,0.999657356903497
"CYC1",16.2983029235748,0.0207576470147089,0.225548315308089,0.0920319311024553,0.926672669888761,0.999657356903497
"SHARPIN",7.33100239774332,-0.236466964602886,0.328376745672181,-0.720108740096205,0.47145804662812,0.999657356903497
"MAF1",11.6969190705142,-0.27594528389256,0.296952736278774,-0.929256579180018,0.352756131923682,0.999657356903497
"BOP1",3.88304838741452,0.0061883045738404,0.411485644488575,0.0150389318721718,0.98800112074663,0.999657356903497
"HSF1",6.60656189657612,-0.17758088926049,0.345123448899214,-0.514543099945517,0.606872335118614,0.999657356903497
"DGAT1",4.17298652323607,0.389538520072967,0.448594620025905,0.868353080227472,0.385201072205822,0.999657356903497
"SLC52A2",4.43597339729615,0.288588520573722,0.386974405309159,0.745756092946677,0.455814767709381,0.999657356903497
"VPS28",14.4417464351181,0.257143096320444,0.232296976897832,1.10695842776094,0.26831190257306,0.999657356903497
"CYHR1",5.69162081038681,0.319172525294374,0.379802591273815,0.840364264561507,0.400704179138271,0.999657356903497
"RPL8",233.437139399197,0.11384389206313,0.163709386832699,0.695402348427772,0.48680318922606,0.999657356903497
"WASHC1",11.2925355163411,0.555067380032854,0.274064829359928,2.0253141613581,0.0428351153006207,0.999657356903497
"DOCK8",13.700388263243,0.15310183385296,0.231078428938599,0.662553551866331,0.507616526489887,0.999657356903497
"SMARCA2",8.8756831377825,0.532143559589987,0.281086918803513,1.89316372976421,0.0583360991708554,0.999657356903497
"PUM3",4.32675200688418,-0.0145733326566473,0.413878180833002,-0.0352116476092456,0.971910974542504,0.999657356903497
"JAK2",6.6160396247568,-0.344312285596632,0.347869513063998,-0.989774247717097,0.322284474711498,0.999657356903497
"RIC1",5.98697254739353,-0.527144512973908,0.424578634648367,-1.24157098345395,0.214394893168427,0.999657356903497
"DMAC1",4.43850811331611,0.674400449630918,0.38804963683731,1.73792315624215,0.08222435485052,0.999657356903497
"PSIP1",6.83536731799479,0.169614437866582,0.330017607726171,0.513955722045347,0.607282947970088,0.999657356903497
"RRAGA",5.20344027326595,-0.328385069929837,0.405303732792346,-0.810219702807628,0.417813915472156,0.999657356903497
"DENND4C",3.54013395459251,0.177626814400364,0.449466388782157,0.39519487737815,0.692699072910402,0.999657356903497
"RPS6",351.43781267383,-0.09959735402858,0.108859166210575,-0.91491931727569,0.360233988136821,0.999657356903497
"HACD4",5.91430401951557,0.0883994481823525,0.375754852588756,0.235258300919672,0.814008257920841,0.999657356903497
"MTAP",3.77948442418447,0.600098328721439,0.427284943359064,1.40444529592786,0.160186290663253,0.999657356903497
"NDUFB6",15.3825874868468,0.178917309015613,0.218060546100347,0.820493721653247,0.411934706905302,0.999657356903497
"DNAJA1",36.4614923263742,0.000901144385729303,0.21187906169783,0.00425310730804756,0.996606521574202,0.999657356903497
"SMU1",11.1010210433923,-0.234228519479011,0.273291258256477,-0.857065538697887,0.391408665151507,0.999657356903497
"B4GALT1",21.1305627995413,-0.259464832812318,0.224610983620868,-1.15517428680283,0.248019062168082,0.999657356903497
"BAG1",25.0951344654677,0.140747773478561,0.18453480936345,0.762716660147039,0.44563239257937,0.999657356903497
"CHMP5",21.5810168426525,0.0511403303292936,0.221431078578629,0.230953715519811,0.817350759619863,0.999657356903497
"NFX1",8.89436077945127,0.0222250491107026,0.330508336580325,0.0672450484627975,0.946386622773514,0.999657356903497
"UBE2R2",8.08505871322881,0.0398604563083638,0.324616136097153,0.122792590619815,0.902271341686459,0.999657356903497
"DCAF12",6.39305489390982,0.220504414690195,0.372087789985408,0.59261394924795,0.55343954157316,0.999657356903497
"NUDT2",4.94228711847253,-0.10881095804749,0.396343223973951,-0.274537197725983,0.783671821648778,0.999657356903497
"DCTN3",14.0089223692915,0.0904227403957717,0.27381522832818,0.330232693586333,0.741224145282073,0.999657356903497
"VCP",20.4327239079607,-0.0817810126309621,0.20916213557614,-0.390993390872087,0.695802121111437,0.999657356903497
"STOML2",9.83165081723688,-0.0580204730213526,0.282219449278724,-0.205586373191632,0.837114022771625,0.999657356903497
"SIT1",19.2984856168741,-0.108866331888535,0.290384294471865,-0.37490433870239,0.707731612212143,0.999657356903497
"CCDC107",13.5575444860424,0.161645123697965,0.24758042475341,0.652899452204121,0.513821102145249,0.999657356903497
"TPM2",68.077740969572,0.186626997968956,0.24147288102823,0.772869388787132,0.439599682629723,0.999657356903497
"TLN1",34.3865450807235,-0.182608643583049,0.226853423699871,-0.804963137010626,0.420840952369569,0.999657356903497
"CREB3",3.06916044772219,0.391328640178346,0.485601750824988,0.805863322184316,0.420321661644109,0.999657356903497
"HINT2",14.5175478970406,-0.00802905326847121,0.224000493866756,-0.0358439087783762,0.971406821402925,0.999657356903497
"TMEM8B",14.8280326309358,0.103438479361024,0.305166775078333,0.33895721227998,0.73464196367163,0.999657356903497
"GLIPR2",3.31563523467154,0.27726035675213,0.484450705604692,0.572319027600658,0.567105861308967,0.999657356903497
"CLTA",26.4711819430539,-0.0776272359133253,0.205578051912835,-0.377604686838063,0.705724282452273,0.999657356903497
"ZCCHC7",4.9652310210321,-0.193218743878731,0.415603878002448,-0.464910830012979,0.641995314563875,0.999657356903497
"GRHPR",9.9151799996131,0.00754532664851998,0.301056711703033,0.0250628082856455,0.980004865545586,0.999657356903497
"TOMM5",14.0166505202011,0.361778576501953,0.236664105163506,1.52865841759995,0.126349145834959,0.999657356903497
"ZFAND5",5.53781444396408,-0.580309483875766,0.41850740421114,-1.38661700614261,0.165558579843233,0.999657356903497
"ANXA1",12.0846005294184,0.273544863786136,0.494033590898324,0.553696891923353,0.5797863027212,0.999657356903497
"OSTF1",15.4894750546778,-0.167141710600632,0.245290983545183,-0.681401771010648,0.495617302566077,0.999657356903497
"GNAQ",9.07427095924313,-0.127954025981537,0.3174719561727,-0.403040405597059,0.686918500208313,0.999657356903497
"UBQLN1",5.37217247019467,0.176038703409593,0.351418651006342,0.500937280663616,0.616415264122025,0.999657356903497
"HNRNPK",42.9311001108085,0.0232713114007965,0.164517155081754,0.141452187093998,0.887512729339028,0.999657356903497
"TUT7",3.70542023931045,0.2361808517702,0.452054593295138,0.52246090466335,0.60134946011007,0.999657356903497
"DAPK1",7.64409756943016,-0.711220680583587,0.349184194144629,-2.03680662673123,0.0416694239799019,0.999657356903497
"CKS2",16.973367709559,0.388678769219196,0.283201489891995,1.37244606081496,0.169924619506539,0.999657356903497
"SECISBP2",7.53383999787165,-0.474740846681223,0.343257930408564,-1.38304407451318,0.166651352038917,0.999657356903497
"SEMA4D",6.29178435317614,-0.148192084014505,0.355054215967783,-0.417378747666952,0.676401397231102,0.999657356903497
"SYK",27.3964552579669,-0.00362316106827536,0.212731539170297,-0.0170316121549561,0.986411396573351,0.999657356903497
"IARS",4.02468198444029,0.428745800074854,0.426230615410024,1.00590099484621,0.31446319765913,0.999657356903497
"NOL8",5.2506842813356,-0.0522314416308182,0.39466994309656,-0.132342081134968,0.894713724142959,0.999657356903497
"BICD2",5.28925078876305,-0.338033249426631,0.391671072271469,-0.863053907622616,0.38810782849024,0.999657356903497
"FGD3",5.13803356034673,0.286844450500796,0.489538035591772,0.585949261642249,0.557909611784306,0.999657356903497
"NINJ1",2.3750326731048,-0.0867718376869774,0.826314879431857,-0.105010619857939,0.916367381885826,0.999657356903497
"FAM120A",7.46861844973358,-0.279692616544894,0.348855530517191,-0.801743392544872,0.422701409558659,0.999657356903497
"FBP1",3.92937824146145,-0.154723922018945,0.464293379235733,-0.33324602274888,0.738948580422747,0.999657356903497
"XPA",5.55145009877183,0.530727358145944,0.345877390792309,1.53443784495481,0.124921973233651,0.999657356903497
"ANP32B",27.3302155868478,0.00748914151254153,0.180260945858116,0.0415461123699876,0.966860532211816,0.999657356903497
"NANS",10.3803220515506,-0.378586016926366,0.283635263597543,-1.33476356967923,0.181953740314216,0.999657356903497
"TRIM14",7.98251354727246,0.128026249415891,0.315908397267486,0.405263837629135,0.685283584957198,0.999657356903497
"ALG2",10.5981392401315,0.149667600737751,0.298049592133506,0.502156703743146,0.615557295911151,0.999657356903497
"SEC61B",167.414047361774,0.0365508446487682,0.122637324378662,0.298040134469272,0.765672531899033,0.999657356903497
"ERP44",11.6082653618938,-0.255698133077295,0.259824290811927,-0.984119430397604,0.325056794354578,0.999657356903497
"MRPL50",3.05914564370383,0.0973927121236864,0.475419078480415,0.204856549793886,0.837684203447571,0.999657356903497
"NIPSNAP3A",5.2060903294409,0.142697112034186,0.367245375511675,0.388560677817574,0.697601159849539,0.999657356903497
"TMEM38B",4.17103593597526,-0.127814148159428,0.463823520429713,-0.275566336181084,0.782881168678153,0.999657356903497
"RAD23B",5.56641406238457,-0.515845753026712,0.389953185461339,-1.32284020815584,0.185888522715126,0.999657356903497
"KLF4",6.25396364505796,-0.18955915922181,0.480456780461794,-0.39453946105124,0.693182799204603,0.999657356903497
"PALM2-AKAP2",5.51298315653475,-0.325447322142954,0.467349595229846,-0.696368041108277,0.486198372081083,0.999657356903497
"TXN",190.826455098197,0.398302993998715,0.276841559898179,1.43873988481068,0.150224234328614,0.999657356903497
"GNG10",7.64809607204745,0.0489729063137827,0.32011578517158,0.152984977880843,0.878410121749611,0.999657356903497
"UGCG",113.240431070103,-0.279202432837766,0.180885354746483,-1.5435325498246,0.122701616205441,0.999657356903497
"SUSD1",12.2077690132057,-0.0397007868488827,0.325520653988314,-0.121960884393861,0.902929996682345,0.999657356903497
"PTBP3",19.038534264133,-0.471645201049211,0.277203480589276,-1.70144040055555,0.0888603203721546,0.999657356903497
"HSDL2",5.55066692308034,-0.627477854527185,0.506228262125682,-1.2395156522719,0.215154595854015,0.999657356903497
"FKBP15",4.36689569352716,-0.339254897720317,0.473436439194691,-0.716579607385915,0.473633531066091,0.999657356903497
"CDC26",4.59270915111191,0.365301997172153,0.407812035279115,0.895760707312458,0.370380579684313,0.999657356903497
"POLE3",7.4595395592811,0.241430356775883,0.308908991351325,0.781558204957854,0.434474257570719,0.999657356903497
"AKNA",13.7203370319898,0.0761467302326309,0.242158576948896,0.314449858402911,0.753179393535242,0.999657356903497
"ATP6V1G1",43.3916599536808,0.202460097060136,0.140213897945139,1.44393744148924,0.148756573390602,0.999657356903497
"TMEM268",8.73036051690853,-0.126180956222631,0.322469519763203,-0.391295761271604,0.69557863162805,0.999657356903497
"CNTRL",8.49126835565438,0.0197859188048736,0.374430594683367,0.0528426872318095,0.957857249500544,0.999657356903497
"RAB14",11.4623373563346,0.00363930337045253,0.256692712822543,0.0141776653120981,0.988688238696197,0.999657356903497
"GSN",32.9705930213226,-0.184400199032893,0.175411090585257,-1.05124595267976,0.293145642910104,0.999657356903497
"NDUFA8",6.93392392246208,0.374440621016934,0.367295568267777,1.01945314173774,0.307987888213957,0.999657356903497
"STRBP",7.44362784884266,0.25705852394442,0.312024249990077,0.823841492937153,0.410029627777082,0.999657356903497
"NEK6",3.24233792109453,0.0156302854418846,0.47979003488154,0.0325773448915913,0.974011636396817,0.999657356903497
"PSMB7",11.8950266257647,-0.329755741800221,0.276680192419502,-1.1918299568776,0.233327926936686,0.999657356903497
"RPL35",221.974532914891,-0.0081602732603415,0.097636640339868,-0.0835779808884863,0.933391974376695,0.999657356903497
"ARPC5L",12.5201422206066,-0.163127076552882,0.280242170413798,-0.582093252817779,0.560503869651201,0.999657356903497
"PPP6C",7.34852408976791,0.198624868610027,0.311530531440978,0.637577535952228,0.523748722617737,0.999657356903497
"HSPA5",31.6859125182585,-0.254136249070726,0.208115603407117,-1.22113020316686,0.222036725675941,0.999657356903497
"MAPKAP1",5.27093430138799,-0.0895127739089266,0.372709843082853,-0.240167453503577,0.810200443693053,0.999657356903497
"RPL12",327.890173052231,0.152343947050025,0.114366618219397,1.33206655422628,0.182838319532372,0.999657356903497
"SH2D3C",12.667123931106,-0.110731683595267,0.282581503288033,-0.391857507681242,0.695163501087817,0.999657356903497
"CDK9",6.52316196346257,-0.00320326520509797,0.339235636297761,-0.00944259642075557,0.992466010060542,0.999657356903497
"FPGS",6.51276220220142,-0.187121818263526,0.348316070347305,-0.53721844667387,0.591116730644162,0.999657356903497
"ST6GALNAC4",20.9294512357225,0.0157463801677519,0.227655414993134,0.0691676065259717,0.944856207580828,0.999657356903497
"DPM2",5.25107869493829,0.166876986148709,0.385718864050974,0.432638902842604,0.665277122414965,0.999657356903497
"PTGES2",7.0234088546304,-0.558053626150676,0.346410223800219,-1.61096176674195,0.107188055955473,0.999657356903497
"C9orf16",22.2139979766477,0.3169345495313,0.212057430782446,1.49456941151215,0.135026854159686,0.999657356903497
"CIZ1",4.68830613378417,-0.0251937861005398,0.383962226923502,-0.0656152723730275,0.947684129721839,0.999657356903497
"GOLGA2",4.837140202785,-0.883693790414434,0.443965939640283,-1.99045402251,0.0465409439663317,0.999657356903497
"COQ4",7.06295958357319,-0.378968264908194,0.344459504257291,-1.10018234429417,0.271252681657574,0.999657356903497
"URM1",4.69643026332499,-0.120605271864634,0.38262330012522,-0.315206292521034,0.752605028175522,0.999657356903497
"SPTAN1",6.79326349926294,0.667255975854643,0.331226655930445,2.01449963011057,0.0439571036669678,0.999657356903497
"SET",34.8321327469443,0.140543039361544,0.168662117698733,0.833281600392234,0.404685930816907,0.999657356903497
"ZDHHC12",10.0420596485364,-0.0750050602834794,0.268914643938059,-0.278917723427349,0.780307966756698,0.999657356903497
"ENDOG",5.11304352323913,0.0435530810480721,0.464796283178476,0.093703591496553,0.925344617231482,0.999657356903497
"SH3GLB2",5.57737726833082,0.56631074673534,0.364491465365973,1.55370097943645,0.120255759350113,0.999657356903497
"NTMT1",4.86062277447248,-0.663886886377772,0.455877179012336,-1.45628453658525,0.145313978441204,0.999657356903497
"TOR1A",4.13430296046659,0.395959218730561,0.402602497986672,0.983499160364544,0.325361828341343,0.999657356903497
"C9orf78",10.909970414697,0.112434099998127,0.261795464252247,0.429473063329294,0.667578992669298,0.999657356903497
"FNBP1",15.4969663573687,0.0334830057372272,0.270806860000207,0.123641645330556,0.901599017251376,0.999657356903497
"NUP214",5.82154607397392,-0.138385079733374,0.458240880993335,-0.301991999128046,0.762658162155387,0.999657356903497
"PRRC2B",7.40445016416837,0.221749117530305,0.341130183673325,0.650042500321982,0.515664769132376,0.999657356903497
"RAPGEF1",5.41300214614772,-0.425899420482468,0.376380617726811,-1.13156576195323,0.257817041229542,0.999657356903497
"MED27",2.91343876318529,-0.378196591737038,0.531397915648983,-0.711701308190409,0.476649757419999,0.999657356903497
"SETX",12.2364577036144,-0.430637666347305,0.270675508953877,-1.59097388608101,0.111615452832474,0.999657356903497
"RPL7A",370.928923923962,0.0890342703371814,0.105857530331418,0.84107639823481,0.400305136234028,0.999657356903497
"SURF1",9.91067645192156,0.174621356872182,0.282305213518998,0.618555196680527,0.536209424930016,0.999657356903497
"SURF4",6.07296404301093,0.00635177875958686,0.411854656656765,0.0154223793683614,0.987695209395041,0.999657356903497
"SLC2A6",7.36204156842344,-0.347510665586759,0.370799845602894,-0.937192045001344,0.348659781006552,0.999657356903497
"BRD3",4.46965424447954,0.636365819149656,0.378658530234681,1.68057964719626,0.0928445918390062,0.999657356903497
"FCN1",23.0184668304678,0.0172768169442579,1.34671229290576,0.0128288848592748,0.989764311604659,0.999657356903497
"MRPS2",4.01549407882719,0.25831879846219,0.444949656986424,0.580557360605117,0.56153881692723,0.999657356903497
"SEC16A",5.99928198038244,-0.418685161942243,0.366929234729733,-1.14105152251123,0.253848483011826,0.999657356903497
"AGPAT2",7.96152506389505,-0.0383034837757735,0.347962159544235,-0.110079451817243,0.912346364184571,0.999657356903497
"SNHG7",21.6327233509882,0.290431443776045,0.224740312087624,1.29229794636402,0.196253982892323,0.999657356903497
"TMEM141",13.630360086971,0.0279653793442759,0.238348945095699,0.11732957044575,0.906598893030042,0.999657356903497
"CCDC183",5.95464066644483,0.104389295153615,0.390633502255324,0.267230779108608,0.789291479284525,0.999657356903497
"RABL6",7.98888973772287,-0.109222338376667,0.334158173288035,-0.326858198026238,0.743775139107235,0.999657356903497
"PHPT1",19.2174377953098,0.161508625561966,0.19909071527004,0.811231329109955,0.417232837345672,0.999657356903497
"EDF1",57.6813602018802,0.0882428648256703,0.142585878397437,0.618875205717824,0.535998573527568,0.999657356903497
"FBXW5",20.0760673348224,0.410945084905273,0.237210661502791,1.73240562756257,0.0832013667196887,0.999657356903497
"PTGDS",933.386130337548,-0.167292252957754,0.607225169112355,-0.275502830691788,0.782929951358631,0.999657356903497
"LCNL1",5.57712683228396,-0.42628549105658,0.889058458209752,-0.479479709258903,0.631597399781971,0.999657356903497
"PAXX",48.0503092603675,0.19810163505245,0.18059290536958,1.0969513705261,0.272662650681371,0.999657356903497
"CLIC3",76.4937553266346,0.517869693469012,0.334056542758557,1.55024562366769,0.121082573123877,0.999657356903497
"FUT7",11.3353451303634,0.470687806624992,0.364136668445406,1.29261304178588,0.19614492666813,0.999657356903497
"DPP7",26.0978052711322,-0.157769231690598,0.199779935741619,-0.789715098790729,0.429694171510465,0.999657356903497
"LRRC26",41.5527791496996,0.210884765819217,0.243566584711693,0.865819776012536,0.386589002455649,0.999657356903497
"ANAPC2",3.25511606265031,0.193416940210758,0.498322437135227,0.38813612592417,0.697915298875132,0.999657356903497
"SSNA1",15.7863253161677,0.0159234008596752,0.234707265491062,0.0678436640057124,0.945910084961789,0.999657356903497
"TMEM203",3.58678696544559,-0.267437843259258,0.443394709434781,-0.603159752628027,0.546402419264949,0.999657356903497
"TUBB4B",10.7159597737711,-0.0528310379047437,0.308877147560929,-0.171042235794807,0.864190555542685,0.999657356903497
"MRPL41",17.1720858309506,0.19717713906968,0.226150504399667,0.87188458674059,0.383271343004066,0.999657356903497
"ARRDC1",7.29178736459881,-0.0167616053985316,0.321921391518351,-0.0520673861388181,0.958474999792779,0.999657356903497
"EHMT1",6.08988282862353,-0.22827747252729,0.44771664450067,-0.50987041766536,0.610142248073514,0.999657356903497
"LARP4B",5.8401606056874,0.0992813558280309,0.360834116702937,0.275144037751192,0.783205579488215,0.999657356903497
"GTPBP4",4.11437901829392,0.0394435423335872,0.438194293296179,0.0900138202094908,0.928276232473467,0.999657356903497
"PFKP",8.03538100747585,-0.428255235536034,0.309797755996456,-1.38237036016792,0.166858012103058,0.999657356903497
"KLF6",70.4874724951676,-0.0931408938234492,0.257425505656278,-0.361816882076221,0.717488875608839,0.999657356903497
"GDI2",35.0341295460585,-0.0363452504127009,0.176610528373155,-0.205793226188125,0.836952432672259,0.999657356903497
"RBM17",9.36011186714388,-0.230149186905256,0.298148627183449,-0.771927709610571,0.440157244520888,0.999657356903497
"SFMBT2",7.26619527759315,0.130915057200603,0.335390651088712,0.390336035830574,0.696288079715542,0.999657356903497
"KIN",4.23577388696422,-0.170744739232062,0.44653574757574,-0.382376417026054,0.702182180269549,0.999657356903497
"ATP5F1C",30.6007115294366,-0.0114505530561243,0.185537834478921,-0.0617154613682049,0.950789427049263,0.999657356903497
"CELF2",13.9618001545865,0.00303526072431905,0.250387234919343,0.0121222662381203,0.990328067807915,0.999657356903497
"UPF2",7.88146914015263,-0.0703636658362533,0.344264831606618,-0.204388190068325,0.838050158356616,0.999657356903497
"DHTKD1",7.19377274836801,-0.239120001875128,0.350936685887304,-0.681376474706655,0.495633304688691,0.999657356903497
"NUDT5",13.125972481784,0.0325000373750178,0.312381895997743,0.104039439517496,0.91713805017398,0.999657356903497
"CDC123",9.46958162409443,0.0629146245164315,0.293990515286153,0.214002225395585,0.830545321767662,0.999657356903497
"SEPHS1",3.75330533548588,-0.0880228399957368,0.444611599340886,-0.1979769311602,0.843063112756284,0.999657356903497
"FAM107B",6.09318027826783,0.0815016453029169,0.419533709746006,0.194267214790105,0.845966655379972,0.999657356903497
"DCLRE1C",5.05102162456945,-0.320440370983845,0.442414057950727,-0.724299703468133,0.468881759003692,0.999657356903497
"RSU1",9.56878422344024,-0.183285665547715,0.269200662052699,-0.680851466523643,0.495965480496341,0.999657356903497
"TRDMT1",3.46756247322258,-0.641668525186221,0.564296335053531,-1.13711269297071,0.255491178402849,0.999657356903497
"VIM",253.286765111941,0.0924784907895385,0.165578935419047,0.558516036810445,0.576492056813818,0.999657356903497
"AL133415.1",10.066160911234,0.868921591575001,0.699817687225639,1.24163994056761,0.21436943844414,0.999657356903497
"DNAJC1",11.4410007337609,0.0132992956976373,0.264567903842824,0.0502679860423969,0.959908834941237,0.999657356903497
"COMMD3",12.5659418215399,0.0613841001248539,0.252178413489603,0.243415363255843,0.807683643507087,0.999657356903497
"PIP4K2A",9.28592214710222,-0.424197193388417,0.336128421275176,-1.26200929924085,0.206945440216872,0.999657356903497
"MSRB2",4.81688985911477,-0.333911356923664,0.402202184618322,-0.830207715655589,0.406421353640631,0.999657356903497
"APBB1IP",30.3109054692186,0.174024160961402,0.179417549689737,0.969939458332469,0.332076670328498,0.999657356903497
"ABI1",11.6099551087086,-0.130485707585377,0.294019692229848,-0.443799211528223,0.657187758516827,0.999657356903497
"YME1L1",10.5989612637286,0.11381462069109,0.306557161605347,0.371267205421257,0.710438521466424,0.999657356903497
"RAB18",7.22345910319899,-0.0691205463186538,0.40544185639346,-0.170482019132174,0.864631074019254,0.999657356903497
"WAC",10.3048462994041,-0.362503355288815,0.313503159493665,-1.15629888985581,0.247558922281358,0.999657356903497
"KIF5B",24.0830405666114,0.00238237029834578,0.226720160986486,0.0105079772702163,0.991616001461258,0.999657356903497
"EPC1",16.3474616589061,0.175224848279044,0.236930115725396,0.739563426720019,0.459564940425605,0.999657356903497
"ITGB1",6.63630449506416,0.103123488601461,0.356881396896073,0.288957310463262,0.772614045953205,0.999657356903497
"NRP1",9.52254624492756,-0.243994788984615,0.427620228948597,-0.57058757389596,0.56827924365606,0.999657356903497
"CCNY",5.51287448858796,0.0171866611556327,0.373295835318359,0.0460403238653208,0.963278110173118,0.999657356903497
"HNRNPF",23.3537076131052,-0.0569550721149173,0.223731931247338,-0.25456836580002,0.799056494780404,0.999657356903497
"ZNF22",12.3326473640147,0.182865331520205,0.252887096584243,0.723110565901443,0.469611958403887,0.999657356903497
"TIMM23",3.81319153685695,-0.198269022760487,0.448809317299972,-0.44176672613053,0.658658018887836,0.999657356903497
"NCOA4",15.7474234363825,-0.216679261581018,0.233832716308279,-0.926642195334864,0.354112339179856,0.999657356903497
"WDFY4",17.4638352213319,-0.206095123970178,0.24672339933672,-0.83532864950886,0.403532690814494,0.999657356903497
"UBE2D1",4.34284638990608,0.144820083684173,0.425256374658452,0.340547707957314,0.733444101551401,0.999657356903497
"TFAM",7.71737094014273,-0.234260114715696,0.337031498499261,-0.695068905306516,0.487012120351935,0.999657356903497
"NRBF2",4.77594517265717,-0.144135741140885,0.436566625630772,-0.33015748955301,0.741280965892073,0.999657356903497
"JMJD1C",13.2510951927367,-0.293325211121021,0.249398700955666,-1.17612966706335,0.239543064434382,0.999657356903497
"REEP3",3.68679042657035,0.699183990236707,0.407982247440366,1.71376081832802,0.0865726620866021,0.999657356903497
"HNRNPH3",11.8381502793035,0.151033459025282,0.260540311357127,0.579693246847541,0.56212149821852,0.999657356903497
"CCAR1",9.00404754764333,-0.433368276049062,0.29929269026849,-1.44797480907501,0.14762409587773,0.999657356903497
"DDX21",12.578624043631,-0.145255553351911,0.328289829585561,-0.442461326125404,0.658155409975174,0.999657356903497
"SRGN",99.8082646869708,-0.0147032570296929,0.155099432222602,-0.0947989094414635,0.924474553112026,0.999657356903497
"SAR1A",2.88534662558766,0.222922533575465,0.514968628899149,0.432885657621529,0.665097840036655,0.999657356903497
"PPA1",10.1525725627257,-0.0329419738887442,0.329030251403898,-0.100118374368886,0.920250347987818,0.999657356903497
"EIF4EBP2",5.42136146233918,-0.013701179342356,0.371503727981304,-0.0368803280031837,0.970580425054661,0.999657356903497
"CDH23",6.0614208807486,-0.0998377196863985,0.460133972415258,-0.216975328212231,0.828227572163842,0.999657356903497
"VSIR",16.6912993488977,-0.493043766254075,0.356995890004894,-1.38109087543645,0.167251020776562,0.999657356903497
"PSAP",100.99105296232,0.0593176244728899,0.188938881580225,0.313951389871562,0.75355795864654,0.999657356903497
"ANAPC16",29.6618131767001,0.188971942527517,0.179690735785257,1.05165100305088,0.292959698430984,0.999657356903497
"DDIT4",43.5767273591962,-0.786695613588016,0.571413079560051,-1.37675464865753,0.168588116546355,0.999657356903497
"DNAJB12",4.74352503676684,0.340176519777529,0.383935631972328,0.886024873570596,0.375604123844585,0.999657356903497
"DNAJC9",4.24063186942663,-0.134462984729316,0.477056983501937,-0.281859378186359,0.778051338648479,0.999657356903497
"MRPS16",7.89588859896692,-0.116991727582774,0.321928974689872,-0.363408505542183,0.716299748975725,0.999657356903497
"ANXA7",6.92192116832737,0.456106465854124,0.305414104473006,1.49340341252785,0.135331620234134,0.999657356903497
"PPP3CB",3.97177755398711,-0.11483867248975,0.462264266644275,-0.248426453819156,0.80380446779228,0.999657356903497
"SEC24C",5.17421847847136,0.217961877015205,0.37730632894801,0.577678825645245,0.563480977411738,0.999657356903497
"CHCHD1",6.75251698031449,0.233638324123979,0.356296424202263,0.655741422741157,0.511990511814221,0.999657356903497
"NDST2",4.72407557967066,-0.234643210987915,0.400412448218463,-0.586003786924963,0.557872970012314,0.999657356903497
"VCL",8.57261723933444,-0.280248721282797,0.33647472457645,-0.832896799709308,0.404902934718136,0.999657356903497
"ADK",8.86065306173844,0.0100517053873082,0.306166510110982,0.0328308454888308,0.973809480322386,0.999657356903497
"VDAC2",19.3389851889039,-0.311964996740174,0.213084952221571,-1.46404048473486,0.143182887008469,0.999657356903497
"RPS24",384.692695977238,0.0744197317480584,0.0882168641375253,0.84359983179681,0.398893058317795,0.999657356903497
"ZMIZ1",5.20332057554985,-0.186400640234716,0.381664028083523,-0.488389333337759,0.625274095799325,0.999657356903497
"NUTM2B-AS1",6.28556916704637,-0.225135068810382,0.386915337610255,-0.581871657507573,0.560653132620991,0.999657356903497
"AL135925.1",4.71895519741203,-0.637838266062077,0.491225193192817,-1.29846407493134,0.194127913497638,0.999657356903497
"ANXA11",26.4537821013383,0.025889935257766,0.230293620367656,0.112421417564384,0.910489274212106,0.999657356903497
"PRXL2A",8.76879425262613,0.106947973030532,0.331704734543253,0.322419193617469,0.747135145546702,0.999657356903497
"TSPAN14",2.74729877863343,-0.265855548837068,0.583281375779003,-0.455792966956993,0.648538862032835,0.999657356903497
"GHITM",18.2584985707339,-0.158535101600888,0.20234280371425,-0.783497602537785,0.433334961003593,0.999657356903497
"WAPL",8.05075042841287,-0.147608813700651,0.32372670026128,-0.455967374892205,0.648413438999311,0.999657356903497
"GLUD1",4.91583375772954,-0.527676070777537,0.407957688744873,-1.29345783971125,0.19585275667562,0.999657356903497
"NUTM2A-AS1",5.86754661801155,-0.399989025269168,0.399774343300761,-1.00053700786958,0.317050697275264,0.999657356903497
"PTEN",9.5574878354052,0.123946483077385,0.268076360952981,0.462355138799888,0.643826664531567,0.999657356903497
"STAMBPL1",4.81869453287811,-0.349721476991951,0.443429863599386,-0.788673713026925,0.430302735639468,0.999657356903497
"LIPA",3.34952967831215,0.188840548872049,0.455496362216986,0.414581903471032,0.67844799803172,0.999657356903497
"IFIT2",10.6188486874572,0.20708872005223,0.286738635940725,0.722221194129694,0.470158494843516,0.999657356903497
"IFIT3",4.59037069460369,-0.126056283376386,0.547806331384847,-0.230111037705092,0.818005488172976,0.999657356903497
"KIF20B",5.99074474986157,-0.0364366013584669,0.399578237770796,-0.0911876521647996,0.92734348622015,0.999657356903497
"RPP30",4.36209206792437,-0.198717832925078,0.443803451233754,-0.447760900400056,0.654325764440575,0.999657356903497
"TNKS2",11.0389176502205,-0.30513915246501,0.291449367482806,-1.04697140055729,0.295112768816113,0.999657356903497
"BTAF1",10.2752751878016,-0.324857738739122,0.352936381381601,-0.920442764974914,0.357341429509626,0.999657356903497
"HHEX",7.46150276232664,0.289953541284102,0.326697243187107,0.887529807277984,0.374793725646522,0.999657356903497
"EXOC6",4.8969292584499,-0.521260553920048,0.436553274221983,-1.1940365236042,0.23246368137397,0.999657356903497
"NOC3L",3.19908975823747,-0.107207425029949,0.46597118717885,-0.230073077434294,0.818034984848926,0.999657356903497
"BLNK",29.5144802770707,-0.0936658446922937,0.186254300861194,-0.502892251396107,0.615040029246934,0.999657356903497
"TM9SF3",8.24303390092432,0.453581010694327,0.305714509890257,1.48367511524772,0.137895131111299,0.999657356903497
"PIK3AP1",16.1223841604719,-0.144977798040889,0.299506919555022,-0.484054920187763,0.628346893032288,0.999657356903497
"PGAM1",20.8685417245999,-0.307983260315402,0.209101440953788,-1.47288922979478,0.140780906643007,0.999657356903497
"EXOSC1",5.83617965529458,0.298583008215906,0.358807734418842,0.832153210686829,0.405322470236736,0.999657356903497
"HPS1",9.94485537558473,-0.101795435667033,0.272501757580014,-0.37355882241289,0.708732574417071,0.999657356903497
"SLC25A28",4.6873588823689,0.537705764764812,0.45817377914834,1.1735847602722,0.240561388332697,0.999657356903497
"BLOC1S2",7.69636145537774,-0.0659820391306217,0.327621511029794,-0.201397151619331,0.840388042262386,0.999657356903497
"NDUFB8",32.0986469853673,0.146036767195718,0.175626699385139,0.831518030612579,0.405681046703057,0.999657356903497
"MRPL43",9.36522447006856,-0.0308871146984693,0.279811164875247,-0.110385569182846,0.912103597310607,0.999657356903497
"OGA",9.65297749237928,0.127841489859627,0.298175248856348,0.428746149621619,0.66810797174479,0.999657356903497
"NOLC1",6.84954585620119,-0.336506330513277,0.350392847404301,-0.9603687204408,0.336869674953013,0.999657356903497
"FBXL15",4.93780233738844,0.064766377274392,0.402248717417884,0.161010773856882,0.87208491504754,0.999657356903497
"CUEDC2",7.81552319314045,-0.275193351184424,0.307209315620317,-0.8957845260283,0.370367855862007,0.999657356903497
"ACTR1A",5.68950301542691,0.385668004214903,0.379198789638214,1.01706021947713,0.309124782966527,0.999657356903497
"TRIM8",11.1449381120597,0.222649559655898,0.27073025680689,0.822403680630023,0.410847185271081,0.999657356903497
"BORCS7",11.085274223633,-0.000561096628062545,0.258874045479065,-0.0021674503020347,0.998270626221753,0.999657356903497
"ATP5MD",36.3466513330404,0.362172808712367,0.208833137992389,1.73426886266282,0.082870389519387,0.999657356903497
"STN1",4.38722770259304,0.0437729834414805,0.415373433604854,0.105382241376375,0.916072506923506,0.999657356903497
"SLK",4.60416326943015,-0.100066760192984,0.4092976189668,-0.244484100458696,0.806855914418625,0.999657356903497
"GSTO1",12.3243638765903,-0.189874695838259,0.296567670706587,-0.640240709265017,0.522016120443297,0.999657356903497
"XPNPEP1",8.7695410874647,0.29131028792919,0.267149218721972,1.0904403513617,0.2755192151653,0.999657356903497
"ADD3",10.0655848862223,0.0330515434491983,0.278070362794375,0.118860360079578,0.905385987138793,0.999657356903497
"SMNDC1",5.63803101886911,0.0167042556330055,0.362580056756222,0.0460705306917541,0.963254034160066,0.999657356903497
"DUSP5",23.8518358291729,0.198936194261481,0.287190891664995,0.692696739468805,0.488499885708633,0.999657356903497
"SMC3",6.54405471681132,-0.292452456348148,0.341696807990273,-0.855882904110926,0.39206255212647,0.999657356903497
"PDCD4",19.6615016216813,0.0974936371000637,0.248439570735713,0.392423947647923,0.694744994528407,0.999657356903497
"SHOC2",8.40753967334167,0.0464620583557542,0.365577352110546,0.12709227770134,0.898867363401353,0.999657356903497
"CCDC186",22.4075770815086,0.092056906543042,0.235559583198291,0.390800940013336,0.695944380090254,0.999657356903497
"SHTN1",7.76159011721394,-0.198078522653583,0.363515977858455,-0.544896331161296,0.58582481972522,0.999657356903497
"FAM204A",6.36344175273672,0.272749509610467,0.330386695456291,0.825546286704366,0.409061515540516,0.999657356903497
"EIF3A",20.1792030972563,-0.167770856606875,0.213384975675934,-0.786235563565016,0.431729494704272,0.999657356903497
"PRDX3",14.3428281855381,0.187136844376377,0.240295153262384,0.778779104928673,0.436109848397668,0.999657356903497
"RGS10",18.3878492122023,0.182226093932749,0.218348467640013,0.834565481051058,0.40396240449581,0.999657356903497
"TIAL1",7.51735051502982,-0.410585748075347,0.332858350834603,-1.23351493824881,0.217383706894152,0.999657356903497
"NSMCE4A",6.87403305220523,-0.110401342792965,0.357380325979427,-0.308918356068991,0.757383633171629,0.999657356903497
"BUB3",10.6619654103845,-0.184452716811563,0.296969744404996,-0.621116192092663,0.534523176241425,0.999657356903497
"BCCIP",5.62900561839822,0.331559667207036,0.373631907335808,0.887396554462467,0.37486543788269,0.999657356903497
"PTPRE",48.196677418156,0.0291775315336702,0.185401807018182,0.157374580123746,0.874949645930303,0.999657356903497
"MGMT",5.88755263982488,0.172661058655298,0.344230779364633,0.501585183561995,0.615959343800936,0.999657356903497
"GLRX3",6.67555571998439,-0.210253028554394,0.337476602878257,-0.623015126859747,0.533274581399007,0.999657356903497
"TUBGCP2",5.35462905976109,-0.39632446089303,0.424001225816888,-0.934724799744303,0.349930142854338,0.999657356903497
"ZNF511",6.18220948694981,0.423763344610138,0.382339582507967,1.10834285540213,0.267713773978845,0.999657356903497
"FUOM",7.19789361859822,-0.345886885379814,0.341333656612823,-1.01333952476933,0.31089801462058,0.999657356903497
"ECHS1",5.35182326386416,0.207265455536182,0.350639561247937,0.591106875671751,0.554448813244626,0.999657356903497
"MTG1",5.95163050678843,-0.198207058567582,0.392043905438474,-0.505573625346634,0.613156000702261,0.999657356903497
"PSMD13",11.8599422099822,-0.572395621538856,0.302713980179715,-1.89087937464612,0.0586404482930456,0.999657356903497
"IFITM2",66.6838114974892,0.0988790073245077,0.368737795508712,0.268155335658211,0.788579753257019,0.999657356903497
"IFITM1",60.2416278836643,-0.409081088910508,0.621631473933951,-0.658076539017028,0.510488950413617,0.999657356903497
"IFITM3",71.8654943410901,-0.39966114426698,0.736563019443843,-0.542602783083996,0.587403322362544,0.999657356903497
"SIGIRR",4.77527059279433,-0.211050787821599,0.441177141808555,-0.478381057904361,0.632379013082547,0.999657356903497
"RNH1",17.4880780876365,0.112188741604375,0.240168553399781,0.467125025388429,0.640410430579257,0.999657356903497
"RASSF7",4.22641429434898,0.393921304534665,0.446457265911812,0.882327010022221,0.377599994169918,0.999657356903497
"IRF7",286.542913594427,0.108823500565066,0.180626942445054,0.602476569065381,0.546856955370345,0.999657356903497
"SCT",47.434973390169,0.430964853393662,0.279571435970374,1.54151961876152,0.123190371868993,0.999657356903497
"DRD4",4.04960564614114,1.33695964349809,0.699154617996915,1.91225175244997,0.0558439110059917,0.999657356903497
"TMEM80",3.74729672550459,-0.138511947346039,0.447177534461077,-0.309747106399183,0.756753277516473,0.999657356903497
"TALDO1",35.074965452416,0.0853954124087239,0.189596487173329,0.450406089700679,0.65241765476405,0.999657356903497
"RPLP2",235.731576896719,0.129758904225135,0.143582692525398,0.90372246085427,0.366142586061766,0.999657356903497
"PNPLA2",13.9272486374685,0.270081099279901,0.244715663328632,1.10365268657612,0.269743826968664,0.999657356903497
"POLR2L",28.6675888154105,0.497676518048944,0.190956288930334,2.60623266631722,0.00915442539929828,0.999657356903497
"CHID1",4.35715493220704,-0.308586523142731,0.483348077353895,-0.638435400078756,0.52319029320192,0.999657356903497
"TOLLIP",6.49100803431929,-0.412668208507346,0.38633154619125,-1.06817114102056,0.285443320002156,0.999657356903497
"CTSD",25.7856915746923,-0.153699925274262,0.236639209946945,-0.649511656621577,0.516007714495436,0.999657356903497
"TNNI2",8.34717602099774,-0.11632114626496,0.487583082095949,-0.238566821812062,0.811441494681491,0.999657356903497
"LSP1",105.575906804295,-0.0384571864317145,0.152044789141449,-0.252933274786138,0.80031977573966,0.999657356903497
"CD81",15.4089994449572,0.317096543143847,0.282828575977485,1.12116161546947,0.26221907522871,0.999657356903497
"TSSC4",5.94784691053857,0.458518165727644,0.359251181163127,1.27631637631121,0.201843703487515,0.999657356903497
"CDKN1C",4.04399259974494,-4.7076915651389,3.20747200893076,-1.46772646870526,0.142178537954164,0.999657356903497
"NAP1L4",6.90707253296579,0.18115176096645,0.328169150085342,0.552007283193257,0.580943363329536,0.999657356903497
"RHOG",17.0289349159519,0.07745611788974,0.256362208013691,0.302135476558244,0.762548789037385,0.999657356903497
"TRIM34",4.22266139468022,-0.209038239442054,0.578789603597646,-0.361164468301973,0.717976502166171,0.999657356903497
"TRIM5",4.80515389261998,-0.179097555371081,0.397008587275602,-0.451117585642429,0.65190480382945,0.999657356903497
"TRIM22",42.0460103204199,0.141876501111651,0.145519674696052,0.974964391639756,0.329577923347422,0.999657356903497
"ILK",8.45185389440989,0.0464767084449033,0.307315220413264,0.1512346455942,0.87979062136424,0.999657356903497
"TAF10",40.919251858504,0.467269580144875,0.312837463297649,1.49364969022362,0.135267204519817,0.999657356903497
"TPP1",16.2316462403626,-0.103261179859576,0.26836757783857,-0.384775168040941,0.700403998365673,0.999657356903497
"MRPL17",7.57384055496953,0.237561741944316,0.303527983151335,0.782668337455632,0.433821900088381,0.999657356903497
"EIF3F",48.3101181055783,-0.231929020127866,0.166026420520127,-1.3969404351505,0.162431483845053,0.999657356903497
"RPL27A",77.5618086453545,-0.24782107729475,0.207568827349517,-1.19392242303057,0.232508315353441,0.999657356903497
"TMEM9B",5.90466176980119,0.626302395614377,0.363113192065898,1.72481311420026,0.0845611575979007,0.999657356903497
"DENND5A",3.26841108160421,0.922875385366819,0.463153453299911,1.99259096265276,0.046306255599035,0.999657356903497
"IPO7",5.14950294640976,-0.551648840224689,0.414636507354856,-1.33043962709385,0.183373465558982,0.999657356903497
"RNF141",3.96415846837215,-0.166811578760451,0.461374214105008,-0.361553753245701,0.717685529300701,0.999657356903497
"CTR9",4.68009625173178,-0.0704933353715945,0.390959372506258,-0.180308595544582,0.856910307996945,0.999657356903497
"EIF4G2",32.7352116045404,-0.310181634458469,0.216472073088665,-1.43289446085464,0.151888000494512,0.999657356903497
"ZBED5",4.10561096116699,0.399046997078601,0.532246332070034,0.749741187556166,0.453410596110982,0.999657356903497
"COPB1",9.48601269614419,-0.193962673786144,0.308644728560289,-0.628433457104246,0.529720025426285,0.999657356903497
"PSMA1",20.3652687308193,-0.0275499725258938,0.220557702306719,-0.124910498421775,0.900594406931445,0.999657356903497
"C11orf58",30.0941347485616,0.0464976736154977,0.175194489850712,0.265406027638881,0.790696693235208,0.999657356903497
"RPS13",525.901082281973,0.139905517943797,0.0881183881400924,1.58769946769082,0.112354313480118,0.999657356903497
"NUCB2",33.3399597849935,-0.161350939530762,0.190091398755214,-0.848807155859475,0.395988607694393,0.999657356903497
"LDHA",21.6616323629763,-0.0558559660271938,0.219799165007685,-0.254122739844079,0.799400736039395,0.999657356903497
"TSG101",6.45005587530371,0.0253694751147142,0.336007844613924,0.0755026274575939,0.939814807097121,0.999657356903497
"HTATIP2",2.85296246033818,0.251163209033164,0.634633702449852,0.395760905958206,0.69228141954195,0.999657356903497
"SVIP",5.04599121339268,-0.14496381854007,0.384228357229348,-0.377285579818724,0.705961387376098,0.999657356903497
"ARL14EP",3.75216770310787,-0.194418550966567,0.469784911872165,-0.413845881494531,0.678986979954525,0.999657356903497
"EIF3M",25.2992237578941,0.0226062537375078,0.190493632893137,0.118671965010975,0.905535248240361,0.999657356903497
"HIPK3",3.66913959174466,0.00206430158409394,0.463025745370844,0.00445828683336088,0.996442813551998,0.999657356903497
"CAPRIN1",13.2144307683079,0.0354450659131477,0.236667100455025,0.149767609629727,0.880947964849046,0.999657356903497
"CAT",29.3020874358386,-0.122200312089049,0.173805554263101,-0.703086346159373,0.482001940616121,0.999657356903497
"APIP",4.72982665319475,-0.252718647225225,0.4254167867934,-0.594049541697929,0.552478977957588,0.999657356903497
"CD44",12.3044373303045,-0.317470344345687,0.318362579817819,-0.997197423539405,0.318668691317089,0.999657356903497
"TRIM44",15.1471519371055,0.288544042834719,0.250350646500494,1.15255960736714,0.24909119051195,0.999657356903497
"COMMD9",5.94803047552724,-0.0749673602409113,0.370322995348242,-0.202437766983425,0.839574505767448,0.999657356903497
"API5",5.31826825764571,-0.442735338276426,0.446838079008633,-0.990818283121014,0.32177432002862,0.999657356903497
"TTC17",9.12068353848518,-0.190547111541976,0.333676339931747,-0.571053709055164,0.567963236085058,0.999657356903497
"HSD17B12",5.78771145037188,0.199940400161742,0.346476051364272,0.57706845646175,0.563893211955874,0.999657356903497
"TP53I11",4.73809476979437,0.164203937732219,0.466629751018699,0.351893417369437,0.724918196048934,0.999657356903497
"PEX16",5.68482792899887,0.0487477894883224,0.344260147729595,0.141601605093751,0.887394699028424,0.999657356903497
"DGKZ",14.3468950411799,-0.240830141252158,0.25687805065561,-0.937527128680345,0.348487475786743,0.999657356903497
"CKAP5",4.01764209435134,-0.230265844540877,0.478518515087203,-0.481205715726411,0.630370298961157,0.999657356903497
"SPI1",15.3079878621211,-0.237703696553272,0.602947641251758,-0.394236050181379,0.693406772244348,0.999657356903497
"PSMC3",9.43370508341479,0.162749391667082,0.310288146949375,0.52451050182602,0.599923517397943,0.999657356903497
"CELF1",5.99904836259101,-0.236092454281295,0.369080289605645,-0.639677763701648,0.522382114707081,0.999657356903497
"NDUFS3",13.454627507807,-0.111761193545212,0.264611480777435,-0.422359578718409,0.672762577083951,0.999657356903497
"PTPMT1",11.3227146123206,-0.138979459478341,0.298371282621017,-0.465793685831584,0.64136318513774,0.999657356903497
"MTCH2",5.61442256267872,-0.411314678551869,0.422818828910501,-0.972791773752661,0.330656802000173,0.999657356903497
"FNBP4",14.8273416225267,-0.379884332721583,0.261887848004736,-1.4505611299487,0.146902105535034,0.999657356903497
"PTPRJ",6.42102469221368,-0.644137358638812,0.377852844178252,-1.70473073992514,0.0882446539679811,0.999657356903497
"SSRP1",8.54972259041016,-0.114275426569691,0.31244178106157,-0.365749504376215,0.714552002527206,0.999657356903497
"SLC43A3",6.07491629195942,-0.0281469927066661,0.36323057739098,-0.0774907027619781,0.938233187156406,0.999657356903497
"TIMM10",7.67938656874774,-0.447985767844917,0.351538349560538,-1.27435817004019,0.202536509705687,0.999657356903497
"UBE2L6",38.0927527932036,0.0190412922880866,0.230189731763202,0.0827199899067372,0.934074189698174,0.999657356903497
"SERPING1",6.89063162589844,-0.00713771594775313,0.3878739148095,-0.018402155121101,0.985318033196576,0.999657356903497
"TMX2",5.18267870092125,0.0577301936649463,0.404097051803081,0.142862199581398,0.886399012647182,0.999657356903497
"SELENOH",51.0790463383298,-0.102586635814879,0.142377299554218,-0.72052662984954,0.471200809712749,0.999657356903497
"LPXN",16.3370734499211,0.038465874786014,0.258569781934954,0.148763999018611,0.881739859093875,0.999657356903497
"ZFP91",5.9691454939764,0.0123000894184549,0.35183514334314,0.03495980902186,0.972111789022467,0.999657356903497
"MPEG1",75.7847277400291,-0.107917378646727,0.21388264714238,-0.504563507552286,0.613865446230206,0.999657356903497
"OSBP",4.0578299427511,0.415453654027513,0.462737256991877,0.897817601133437,0.369282799408202,0.999657356903497
"MRPL16",12.0431523480783,0.223580193810048,0.264706963177562,0.844632838993636,0.398315868101341,0.999657356903497
"MS4A6A",44.686988839556,0.55826478598851,0.361690714840495,1.54348663950277,0.122712746689785,0.999657356903497
"MS4A4A",5.61467287577211,-0.521749050448987,0.449664967309718,-1.16030620212764,0.245924160258261,0.999657356903497
"MS4A7",4.12861587863465,-1.92208876160401,1.65849390453879,-1.15893628330128,0.246482157895071,0.999657356903497
"PRPF19",6.32907078044039,-0.0481289838661639,0.347528058539572,-0.138489490800881,0.8898535747116,0.999657356903497
"TMEM109",23.4302625560324,-0.0855990268648773,0.206614990479811,-0.414292431861286,0.678659955744591,0.999657356903497
"DDB1",10.2939386033722,-0.0826569864705204,0.294761159198172,-0.280420211046019,0.779155132660707,0.999657356903497
"CYB561A3",55.593541552228,0.131476259760747,0.194973759210921,0.674327972609471,0.500102823863403,0.999657356903497
"SDHAF2",6.951748445122,-0.190124405380708,0.332810565233476,-0.571269139990585,0.567817217146053,0.999657356903497
"TMEM258",49.6103091395821,0.0382557188351028,0.166841266056847,0.229294105344826,0.818640334704087,0.999657356903497
"BEST1",4.52742658175659,-0.908941988727913,0.56050922990942,-1.62163607702732,0.104881293177982,0.999657356903497
"FTH1",543.092942048588,-0.115054953544721,0.180793160883189,-0.636389966205959,0.524522279132281,0.999657356903497
"AHNAK",32.5141979938152,0.357384590815722,0.205035311125254,1.74303922994707,0.0813267624771448,0.999657356903497
"EEF1G",111.750345917263,-0.0828141681001878,0.158131408838017,-0.523704738411703,0.600483919406046,0.999657356903497
"B3GAT3",5.23625508486277,-0.174023434963868,0.370475840828455,-0.4697295094188,0.638548282019084,0.999657356903497
"GANAB",6.16921481912358,-0.165308358339368,0.363672534184048,-0.454552771520845,0.649431018636732,0.999657356903497
"C11orf98",3.48071170549214,-1.14387458741114,0.822855875678947,-1.39012750740501,0.164490161683708,0.999657356903497
"UBXN1",26.687343121548,0.0789228743471494,0.1987516235783,0.397092979298642,0.691298896953183,0.999657356903497
"HNRNPUL2",7.97192285747861,-0.0359724339636595,0.33019956845942,-0.108941492962854,0.913248895853867,0.999657356903497
"POLR2G",14.249060053723,0.0395263075147764,0.232142857844044,0.170267170318592,0.864800028525074,0.999657356903497
"TMEM179B",20.6875407894637,-0.235013564557767,0.199884402891153,-1.17574738778265,0.239695836093469,0.999657356903497
"NXF1",4.60697958394918,0.362059127557937,0.497333527597761,0.7280006423592,0.46661319307457,0.999657356903497
"STX5",5.6213079543341,0.104890797662855,0.368679692743073,0.284503865353799,0.776024272252246,0.999657356903497
"WDR74",5.49443811378075,0.109169735085828,0.35776475952563,0.305143903023257,0.760256554901009,0.999657356903497
"SNHG1",7.2521446521543,-0.395110266118885,0.367089734914117,-1.0763315574905,0.281778999961094,0.999657356903497
"SLC3A2",22.0474904758648,0.122053402829951,0.223398449234433,0.546348478461769,0.584826418406768,0.999657356903497
"PLAAT4",6.43843227744138,0.269195607431745,0.870639959000772,0.309192800822855,0.757174869897791,0.999657356903497
"PLAAT3",12.0393904702579,0.509533017511163,0.244262747789474,2.08600378945348,0.0369782798034482,0.999657356903497
"ATL3",4.20779747707278,0.351790987008133,0.411779890618948,0.854318035004952,0.392928797036422,0.999657356903497
"RTN3",9.63391937211704,-0.262865980939,0.281166987461556,-0.934910543062748,0.349834403224268,0.999657356903497
"MARK2",3.84515850475948,0.321897026941258,0.412531617173008,0.780296621013318,0.435216301257578,0.999657356903497
"COX8A",57.1206074792413,0.0868007106151277,0.125152501201805,0.69355953561938,0.487958477371286,0.999657356903497
"OTUB1",20.6115125252597,0.194603364874752,0.188913200036605,1.03012052538967,0.302953431152794,0.999657356903497
"STIP1",6.85362386183728,-0.180699282958196,0.36469109231348,-0.495485869457079,0.620257194111775,0.999657356903497
"FERMT3",37.8346714054116,-0.291015102731849,0.161670689207315,-1.80004863069935,0.0718529597591034,0.999657356903497
"TRPT1",7.2715544619873,-0.130046133753098,0.3214252009467,-0.404592214207443,0.685777282504677,0.999657356903497
"NUDT22",19.9289097730321,-0.0289838007854831,0.221727243344971,-0.130718266047213,0.895998182116832,0.999657356903497
"DNAJC4",18.1613464509647,0.0895040104127057,0.226671639453373,0.39486197138975,0.69294475663796,0.999657356903497
"VEGFB",44.9284361497308,0.719567608807126,0.284010828629019,2.53359216013218,0.0112900047787599,0.999657356903497
"FKBP2",10.8589207782,-0.770416154549189,0.54151411109768,-1.42270743967782,0.154820983037033,0.999657356903497
"PPP1R14B",153.404115481429,0.396288223251242,0.270850330979387,1.46312622849038,0.143432842146388,0.999657356903497
"PPP1R14B-AS1",4.49484324213608,0.489331817769949,0.431453245137864,1.13414795991067,0.256732488848165,0.999657356903497
"BAD",4.36933243610092,0.565342263810916,0.394679314039908,1.43240915776435,0.152026759225752,0.999657356903497
"TRMT112",32.563839472895,-0.153258887949036,0.164040264833053,-0.934276033417837,0.350161523796666,0.999657356903497
"PRDX5",23.7589024892389,0.0599240415697407,0.201122230211901,0.297948374511387,0.765742566146577,0.999657356903497
"CCDC88B",4.00627974324965,0.158783077551212,0.482561828121134,0.329041934728733,0.742123991872379,0.999657356903497
"RPS6KA4",38.6391149156041,-0.0647817225823212,0.218772764816471,-0.296114201585681,0.767142868786626,0.999657356903497
"RASGRP2",15.2308990179751,-0.0509572220194157,0.255441478501325,-0.19948687393442,0.841881910095133,0.999657356903497
"SF1",34.0408718845564,-0.0255947440670086,0.172947477143557,-0.147991427742906,0.882349533418733,0.999657356903497
"MAP4K2",4.0140752438984,-0.00647393098511342,0.464321844966444,-0.0139427663274841,0.98887564244413,0.999657356903497
"ARL2",8.91118683088337,-0.240527079202806,0.333160809020342,-0.721954901928816,0.470322204959249,0.999657356903497
"VPS51",10.4648253036207,-0.0069691894330078,0.298539496835436,-0.0233442794232665,0.981375651453631,0.999657356903497
"FAU",388.521665043236,0.13699362987077,0.0947129839915404,1.44640812798175,0.148062763452534,0.999657356903497
"SYVN1",4.86660272734242,-0.421006096032192,0.516832061565934,-0.814589742665341,0.415307183780259,0.999657356903497
"CAPN1",10.2812246563489,-0.023178336151009,0.286592427673151,-0.0808756056089632,0.935540880304414,0.999657356903497
"DPF2",3.83368373419622,-0.619885038400433,0.496574935513803,-1.24832123828208,0.211913439516654,0.999657356903497
"NEAT1",18.6834634505598,-0.312266994868038,0.410947898541635,-0.759870036995458,0.447332273423298,0.999657356903497
"MALAT1",1244.66476068617,0.0287915439994814,0.215407971630905,0.133660531601935,0.893671016262166,0.999657356903497
"SCYL1",5.33110461495354,-0.186538674061591,0.468317317303014,-0.398316840248074,0.690396648571024,0.999657356903497
"ZNRD2",5.88138287765588,0.0679248898079849,0.39412825398935,0.172342097072341,0.863168590763852,0.999657356903497
"FAM89B",5.48504899469126,0.609737816909284,0.387212359160525,1.57468583448936,0.115328979138383,0.999657356903497
"EHBP1L1",6.22615713713177,-0.245908656845824,0.439510519928501,-0.559505735803158,0.575816617791475,0.999657356903497
"MAP3K11",4.87299530901256,0.275539867336918,0.393889398433045,0.699536134846635,0.484217038909794,0.999657356903497
"SIPA1",6.10307094042033,0.118152545973737,0.364865062730522,0.32382532076249,0.746070285055248,0.999657356903497
"RELA",5.93773795172748,-0.138687452182205,0.351596278566109,-0.394450853540898,0.693248205077454,0.999657356903497
"RNASEH2C",10.9049258422413,0.433306523678431,0.264845685029197,1.63607167558974,0.10182458736527,0.999657356903497
"CFL1",172.26843110393,-0.036762196766419,0.117454395536567,-0.312991238841921,0.754287318382227,0.999657356903497
"CTSW",5.35387219134756,0.232021247022068,0.554885201338222,0.418142791450376,0.675842720117113,0.999657356903497
"FIBP",10.5674771603089,-0.349895520125323,0.292340747905536,-1.19687564129235,0.231355029776687,0.999657356903497
"CCDC85B",23.2551951673061,0.339411880388035,0.182405706676316,1.86075253111643,0.0627791317547966,0.999657356903497
"DRAP1",34.7849764549086,-0.074159456331383,0.240457681346893,-0.308409595883934,0.757770681153261,0.999657356903497
"BANF1",19.5556214001945,-0.168333236393243,0.209795997983534,-0.802366289210409,0.422341107296305,0.999657356903497
"SF3B2",27.0375881400405,-0.0726848585963709,0.180259885473241,-0.403222593898522,0.686784479822837,0.999657356903497
"RAB1B",13.7229934671827,-0.377048540543635,0.264293841471267,-1.42662628249182,0.153687644331173,0.999657356903497
"YIF1A",8.01240013639677,0.0320496091968761,0.310953692332478,0.103068752637959,0.917908404696111,0.999657356903497
"BRMS1",5.69558452504267,-0.197636734079093,0.351485232957092,-0.562290291447947,0.573918251930948,0.999657356903497
"MRPL11",7.91198723007249,0.177703191005211,0.303612529429655,0.585295973585251,0.558348721749186,0.999657356903497
"ZDHHC24",9.73933983353231,0.168224975027281,0.290253047267036,0.579580392389514,0.562197618765804,0.999657356903497
"CCS",17.0659690195152,0.437709867576082,0.201166589412162,2.17585767524883,0.0295659044578546,0.999657356903497
"RBM14",4.52863352419722,0.355214111225034,0.481414657472234,0.737854790483859,0.460602694203215,0.999657356903497
"RBM4",11.0784832571525,-0.030837234214903,0.270835482308684,-0.113859653661467,0.909349049222732,0.999657356903497
"KDM2A",8.00099278216562,0.274041150288017,0.317681712993224,0.862628030131094,0.388342013888747,0.999657356903497
"GRK2",15.4155783563697,0.177652312284641,0.280453735670816,0.633446054336611,0.526442398311588,0.999657356903497
"ANKRD13D",6.83426564641041,-0.21315824639842,0.343299126977996,-0.620911122829867,0.53465810237288,0.999657356903497
"POLD4",19.0404134658444,0.0573732718036066,0.209296469442968,0.274124412878547,0.783989013389746,0.999657356903497
"PPP1CA",34.7592522831905,-0.0101826909616095,0.187105927353898,-0.0544220651136809,0.956598899484558,0.999657356903497
"TBC1D10C",7.79132205392175,-0.0324920491424558,0.323647314339142,-0.100393384103315,0.920032021952903,0.999657356903497
"RPS6KB2",7.17679551022737,-0.336512382243157,0.348587190461908,-0.965360723086954,0.334364166982533,0.999657356903497
"PTPRCAP",14.0620027320317,-1.65163381992771,0.698627373417747,-2.36411266258832,0.0180733154623014,0.999657356903497
"CORO1B",12.6935332886022,0.0778648032994725,0.251155405337365,0.310026388621342,0.756540889139444,0.999657356903497
"AIP",14.6383309206927,0.248045454883202,0.221759407694456,1.1185340791718,0.263338959956131,0.999657356903497
"CDK2AP2",30.6243327107138,0.244206649776441,0.177853313263747,1.37307900142571,0.169727788254197,0.999657356903497
"GSTP1",74.4687066694345,0.24983490494063,0.136837024002352,1.82578440858473,0.0678827427511465,0.999657356903497
"NDUFV1",13.3356506602848,-0.217617149280331,0.241091145150495,-0.902634350774222,0.366719989152876,0.999657356903497
"UNC93B1",50.9238585154302,0.163549011952807,0.147855772071989,1.10613883828071,0.268666430561965,0.999657356903497
"NDUFS8",19.8752466006261,0.0977714799973516,0.201574815072103,0.485038172860925,0.627649267781453,0.999657356903497
"TCIRG1",18.3547448792726,0.358560004805209,0.232791507733645,1.54026239314308,0.123496406685176,0.999657356903497
"C11orf24",4.46955715212641,0.143060914927069,0.419094852503638,0.341356888714894,0.73283492586238,0.999657356903497
"CPT1A",3.62799817199332,-0.43863240436174,0.474515820051118,-0.924378884384693,0.355289084589519,0.999657356903497
"MRPL21",7.72288696701721,0.121220037032279,0.309437003963777,0.391743829857109,0.695247501617805,0.999657356903497
"NADSYN1",7.98038922110419,0.0368873459750554,0.353606622189011,0.104317463702188,0.91691741949352,0.999657356903497
"NUMA1",11.2510004045885,0.364302244625342,0.247204860071686,1.47368560844516,0.140566259489651,0.999657356903497
"LAMTOR1",27.5251112637646,0.127206905223652,0.185576567233642,0.685468575693063,0.493048283697498,0.999657356903497
"ANAPC15",7.26053292247738,-0.108624291712723,0.352109411854414,-0.30849584832352,0.757705058861822,0.999657356903497
"FOLR3",1.48319618259987,-0.378935030204573,2.88244342173449,-0.131463128589893,0.8954089525091,0.999657356903497
"ARAP1",4.37430459577885,-0.144197701124148,0.458022715006534,-0.31482652802949,0.752893368733369,0.999657356903497
"ATG16L2",4.45854050883247,0.13891913705226,0.412159543053199,0.337051851385446,0.73607781282425,0.999657356903497
"FCHSD2",31.45682622648,-0.354533558951765,0.22985337535354,-1.54243355533262,0.122968272704331,0.999657356903497
"P2RY6",9.57274474435071,0.182009400502885,0.325238227375086,0.559618720012823,0.575739533325988,0.999657356903497
"RELT",5.3941979431803,-0.561893507293134,0.429068286407849,-1.30956662399194,0.190342485506215,0.999657356903497
"RAB6A",6.06720261318453,-0.263490535544764,0.369220120979535,-0.713640781130042,0.475449333433058,0.999657356903497
"COA4",9.08024079813656,-0.254370680441408,0.302189684819656,-0.841758316777803,0.399923248273238,0.999657356903497
"UCP2",116.646649888515,-0.0210768138733344,0.122142032068226,-0.172559875715521,0.862997393219006,0.999657356903497
"SPCS2",28.0225817947364,-0.0488905408137809,0.185966870706249,-0.262899196120839,0.792628275927942,0.999657356903497
"RPS3",420.623989357722,0.021996283396201,0.0969693073416044,0.226837583965742,0.820550037584382,0.999657356903497
"UVRAG",17.4856203653484,0.00954985749091925,0.223636015459122,0.0427026812801752,0.965938542168651,0.999657356903497
"PAK1",6.35974673236634,-0.0411041953471266,0.338968149722621,-0.121262706778682,0.903482957666701,0.999657356903497
"CLNS1A",11.159407318519,0.143473407873096,0.266037844342858,0.539296986966237,0.58968194752765,0.999657356903497
"RSF1",9.05765609068279,-0.192680300650545,0.296499733735748,-0.64984982692183,0.515789229852726,0.999657356903497
"NDUFC2",36.7412675551006,0.109963098639172,0.195713561210254,0.561857328430293,0.574213228956223,0.999657356903497
"PRCP",5.4795760981781,-0.459572388908211,0.393632552483861,-1.16751621787442,0.243001962767591,0.999657356903497
"PCF11",6.63824720888443,-0.438424737029413,0.40421216354923,-1.08464013843566,0.27808107025287,0.999657356903497
"CCDC90B",6.02431410942636,-0.448883569347308,0.382670743330744,-1.17302818982254,0.240784501332101,0.999657356903497
"TMEM126B",4.3970167330061,-0.111902866001616,0.415555035770446,-0.269285308489033,0.78771013688722,0.999657356903497
"TMEM126A",4.26395717475132,0.583877917813102,0.397345882619095,1.46944499327509,0.141712131180367,0.999657356903497
"CREBZF",5.10682518298991,-0.48087547704742,0.432211209246793,-1.1125937198284,0.265882958891412,0.999657356903497
"PICALM",5.13876723497535,-0.238014752310365,0.40247326030105,-0.591380287307361,0.554265645450357,0.999657356903497
"HIKESHI",5.9771019532545,-0.226174003946538,0.385402610387081,-0.586851250746275,0.557303612724207,0.999657356903497
"CTSC",91.4047293528199,0.128629010696113,0.193769975462284,0.663823228491607,0.506803456893287,0.999657356903497
"CHORDC1",3.45878191840456,-0.399054451891175,0.473853562832103,-0.842147201566085,0.399705563168065,0.999657356903497
"SMCO4",8.46195749140715,0.128682961789927,0.29819115425849,0.431545201633905,0.66607199327679,0.999657356903497
"TAF1D",8.91146896246327,-0.0568712068428631,0.302090872177756,-0.188258607196178,0.850673931807892,0.999657356903497
"CWC15",10.8250290369963,0.208725066595623,0.299167929253477,0.697685300414592,0.485374022990076,0.999657356903497
"SRSF8",5.04810754316874,-0.448453895924086,0.414264975707764,-1.08252911112727,0.279017487209863,0.999657356903497
"FAM76B",3.58100410266038,0.162009106247518,0.431240711042997,0.375681381879933,0.707153780784404,0.999657356903497
"CEP57",8.02912643591809,0.0327224004996681,0.326658205841008,0.100173208309345,0.920206815678248,0.999657356903497
"CCDC82",4.32052470969641,-0.0399141160857501,0.466472149179532,-0.0855659146123819,0.931811495249236,0.999657356903497
"TMEM123",12.1705397423825,-0.00571951588521913,0.264536564090594,-0.021620889743092,0.982750369820583,0.999657356903497
"CASP1",3.84356292045095,0.215207023439519,0.702209679800456,0.306471171831002,0.759245926053211,0.999657356903497
"CARD16",10.4374566047409,0.339662210510412,0.392829643436667,0.864655242254327,0.387228042256056,0.999657356903497
"AASDHPPT",6.82795756423867,-0.300673371581934,0.38125730122531,-0.788636363462706,0.430324571236003,0.999657356903497
"CUL5",5.09882512561694,0.247223373044261,0.37602452678735,0.657466083812323,0.510881272050486,0.999657356903497
"ATM",5.1603651959491,0.467432978062736,0.447148826273388,1.04536331216253,0.295855086286162,0.999657356903497
"FDX1",4.7584738365196,-0.0223700897893439,0.398865090973354,-0.0560843510640501,0.955274610357385,0.999657356903497
"C11orf1",3.72308496905431,0.319110185508092,0.412550397704502,0.77350594565821,0.439223011368881,0.999657356903497
"NKAPD1",4.60744177744371,0.427875800298389,0.356594800887902,1.19989354649311,0.230180686657236,0.999657356903497
"TIMM8B",14.8622720102251,0.17303748214416,0.238613307808817,0.725179512128475,0.468341910077077,0.999657356903497
"SDHD",13.0820277399882,-0.269777573980646,0.289385636931633,-0.932242445897135,0.351211244052648,0.999657356903497
"RBM7",3.51400575614337,-0.204237927463148,0.476403574335137,-0.428707798316123,0.668135884780432,0.999657356903497
"REXO2",7.67616096393462,0.394480425264092,0.426065793217555,0.925867393120352,0.35451489849853,0.999657356903497
"IL10RA",11.2728662315762,0.086580826666707,0.267980353058309,0.323086471372281,0.746629755592145,0.999657356903497
"JAML",32.916280654967,0.14034864590849,0.186317800963552,0.753275560266761,0.451284341920926,0.999657356903497
"CD3E",8.43724356328852,0.0850628411734842,0.524442682333805,0.162196640431608,0.871151005318034,0.999657356903497
"CD3D",4.27911796091768,-0.360748561934558,1.13205847316248,-0.318666014597977,0.749979788498887,0.999657356903497
"CD3G",2.48432513202723,1.14011421050379,0.791434783381131,1.44056621523892,0.149707270790359,0.999657356903497
"ATP5MG",101.866138812927,0.117382324626537,0.0994310591495074,1.18053981955515,0.23778558288571,0.999657356903497
"KMT2A",6.26071506777368,0.613047263338959,0.35414905706743,1.73104304841403,0.0834440867950567,0.999657356903497
"ARCN1",7.60655984313903,-0.3653634645919,0.350884780914385,-1.04126335613584,0.29775333854903,0.999657356903497
"DDX6",9.57675077732051,-0.258444112047747,0.299677575209192,-0.862407245077777,0.388463455056325,0.999657356903497
"RPS25",263.337286541711,0.0847155155142369,0.110538563864247,0.766388783721458,0.443445004647099,0.999657356903497
"TRAPPC4",5.34781781403079,-0.436510691668854,0.406276492441561,-1.0744177913066,0.282635472049818,0.999657356903497
"HYOU1",11.356880626622,-0.055990495312293,0.352587412880108,-0.158798905652743,0.873827311033584,0.999657356903497
"DPAGT1",3.2969576520893,0.150987202843216,0.456411123856771,0.330814029174709,0.740784963247934,0.999657356903497
"NECTIN1",3.06088061317107,0.364126066911022,0.524976691471401,0.693604254867871,0.487930424675087,0.999657356903497
"SORL1",8.10697658605073,0.0932196249848608,0.422622459804253,0.220574233153717,0.825423965878705,0.999657356903497
"HSPA8",70.0375220336492,0.312606199977575,0.205900441669809,1.51823957948999,0.128954013101312,0.999657356903497
"GRAMD1B",12.9925644205336,-0.0738710562533489,0.245407110447777,-0.301014327248145,0.763403569354506,0.999657356903497
"TBRG1",7.54489199153208,0.126206717815496,0.3309115722595,0.381391067570538,0.70291308810515,0.999657356903497
"NRGN",15.3833575355889,1.03857741947608,1.13434703860086,0.9155729103477,0.359890945116221,0.999657356903497
"EI24",5.00246009404348,-0.0468948014338639,0.378787092942698,-0.123802532630007,0.901471626494935,0.999657356903497
"STT3A",7.7062746258445,0.117195737594672,0.376890279348796,0.310954524476373,0.755835193124739,0.999657356903497
"SRPRA",18.6360635976459,-0.00453366112556181,0.25160506503292,-0.0180189581039182,0.985623729486089,0.999657356903497
"DCPS",13.8836148180235,0.126067931647195,0.23518680817165,0.536033175615808,0.591935622264564,0.999657356903497
"GSEC",4.40175390176501,-0.237850445566616,0.417088381762833,-0.570263896014883,0.568498724446127,0.999657356903497
"ST3GAL4",10.9005299318995,-0.450539922321567,0.325760307576092,-1.38304118655195,0.166652237502442,0.999657356903497
"KIRREL3",3.29384659941284,0.611006012495158,0.587294336233775,1.04037443373529,0.298165974862175,0.999657356903497
"ETS1",9.8159883305395,0.365330928084885,0.308795660349212,1.18308310314898,0.236776213678129,0.999657356903497
"FLI1",6.11008439788587,0.495062935851488,0.367772885172725,1.34611048234016,0.178266888577282,0.999657356903497
"APLP2",5.3254548034139,-0.566768937664966,0.542683638289158,-1.04438184178859,0.296308761307078,0.999657356903497
"ST14",13.7009040036505,-0.346103637584443,0.259448796309514,-1.3339959271638,0.182205191319384,0.999657356903497
"ZBTB44",3.48918638805538,0.495495467482098,0.432924915997259,1.14452979990931,0.252403986646649,0.999657356903497
"VPS26B",3.95980528085994,-0.390567854519346,0.448642488023465,-0.870554762300886,0.38399730595463,0.999657356903497
"THYN1",7.14624624832905,0.0676342765626357,0.339551409063907,0.199187147386881,0.842116352880536,0.999657356903497
"KDM5A",12.1627386927707,0.179080456860123,0.290199791754483,0.61709367803968,0.537172938347658,0.999657356903497
"WNK1",4.84167971501472,0.141404384449253,0.396698532961027,0.356453005746672,0.721501339778434,0.999657356903497
"FKBP4",2.93963734615826,-0.0927085404942819,0.590801894027245,-0.156919843066729,0.875308021090472,0.999657356903497
"ITFG2",4.87875828680176,-0.0846153099368672,0.421121214692113,-0.200928632861041,0.840754378474434,0.999657356903497
"TIGAR",3.66632912101435,-0.588522914718633,0.580416805610698,-1.01396601378453,0.310598969663544,0.999657356903497
"NDUFA9",12.6580060192201,-0.187977473245935,0.252087842212114,-0.745682424016963,0.455859278924096,0.999657356903497
"TNFRSF1A",8.39520238659653,-0.0796165038509762,0.345110177906674,-0.23069879982649,0.817548805978979,0.999657356903497
"TAPBPL",8.53276134324733,-0.137378992420001,0.333031493145909,-0.412510514012597,0.679965275946486,0.999657356903497
"MRPL51",17.3445547390132,0.211431702091351,0.201715846416857,1.0481660506454,0.294562109044578,0.999657356903497
"GAPDH",104.146050784177,0.0959141505569252,0.226750917408965,0.422993439907173,0.672300047322882,0.999657356903497
"NOP2",5.32302216654099,-0.515004317284287,0.45251616911328,-1.13809042071017,0.255082727689493,0.999657356903497
"CHD4",8.36172607557712,-0.0732659180316627,0.316290896022842,-0.231640932296615,0.816816912670417,0.999657356903497
"ZNF384",3.43675088863298,-0.0629330321213502,0.453930841140905,-0.138640132851901,0.889734528108097,0.999657356903497
"COPS7A",3.87954020551867,-0.258085115486587,0.486185080593824,-0.530837176598185,0.595531615403783,0.999657356903497
"MLF2",22.2928279836532,-0.178512566244418,0.20547485561664,-0.868780589764585,0.384967151763091,0.999657356903497
"PTMS",17.5898783245619,0.217981430424922,0.292291722417689,0.745766690284245,0.455808364934846,0.999657356903497
"CD4",28.4841645451967,0.410006903191132,0.200309692538672,2.046865021831,0.0406713392844364,0.999657356903497
"TPI1",20.5091803890301,0.134937699206104,0.277966749950595,0.485445468675973,0.627360385703668,0.999657356903497
"C12orf57",24.2971166375926,0.0943512622203051,0.253912357885104,0.371589878516269,0.710198226118359,0.999657356903497
"PTPN6",21.7074031541674,-0.0513321029352395,0.229046292884078,-0.224112349904825,0.822669883048233,0.999657356903497
"PHB2",26.4137803872509,-0.21868856330272,0.209939379341768,-1.04167481102585,0.297562471117229,0.999657356903497
"CLEC4C",52.3952444577215,0.0489437771779996,0.170986602369088,0.286243345969005,0.774691746696322,0.999657356903497
"SLC2A3",2.07667898982219,-1.36524712094675,0.983111687826723,-1.38869991868857,0.164924018941579,0.999657356903497
"M6PR",20.3798520053888,0.0170943692298181,0.205223160119798,0.0832964915842801,0.933615789911896,0.999657356903497
"KLRB1",1.62781719572742,0.836477591368614,3.53445224318236,0.236663995950746,0.812917468577533,0.999657356903497
"CLEC2B",8.6142551507926,-0.141435151046934,0.311769134155646,-0.453653474805895,0.650078258415931,0.999657356903497
"MAGOHB",5.24555688364254,-0.344748547577688,0.380454757498502,-0.906148604486949,0.36485720212381,0.999657356903497
"SMIM10L1",8.22656677492421,0.156589456157754,0.306868501513412,0.510281946128349,0.609853949120498,0.999657356903497
"ETV6",24.3096239471178,0.0220788935901512,0.193390346725572,0.114167506103508,0.90910500982481,0.999657356903497
"CDKN1B",5.61820828114473,0.300791437172755,0.392807309202531,0.76574806559332,0.443826221296522,0.999657356903497
"HEBP1",5.13044685020855,0.165387923517899,0.428578993576256,0.385898343121831,0.699571957761932,0.999657356903497
"ATF7IP",8.22431878582505,0.140893565330166,0.333381459652338,0.422619678602088,0.672572766693837,0.999657356903497
"H2AFJ",6.43741003428606,-0.185696616131981,0.355206695078046,-0.522784673557969,0.601124106374127,0.999657356903497
"WBP11",4.29986643902781,-0.652138120273125,0.47900013413173,-1.36145707235602,0.173369290671442,0.999657356903497
"ARHGDIB",67.2657263384675,-0.12328251641762,0.155879528851261,-0.790883301522259,0.429012093570379,0.999657356903497
"STRAP",11.2051936425936,-0.0271330675467614,0.264899214682047,-0.102427889713938,0.91841704729602,0.999657356903497
"DERA",3.83625624839135,0.245988256409838,0.408417991695741,0.602295347931419,0.546977556933433,0.999657356903497
"RECQL",5.96860100856134,-0.219887555933075,0.363188983775296,-0.605435643029081,0.544889574214463,0.999657356903497
"LDHB",48.5912391389325,0.0376809503851038,0.153146687978612,0.246044827233654,0.805647531762692,0.999657356903497
"CMAS",2.70747929952499,0.269232295951376,0.555444349487234,0.484715158593154,0.627878412198855,0.999657356903497
"ETNK1",6.5076151620788,-0.313013154414017,0.358942684758671,-0.872042160782485,0.383185377677147,0.999657356903497
"ETFRF1",3.32139389407,-0.0403906248541033,0.473190334279717,-0.0853580936212174,0.931976707969657,0.999657356903497
"KRAS",7.57126148746291,-0.145398105957217,0.316578734834688,-0.459279446021986,0.646033505833311,0.999657356903497
"ITPR2",8.48166992170455,-0.0810491597257887,0.294393569356337,-0.275308865961287,0.783078953517703,0.999657356903497
"FGFR1OP2",7.01386758963354,0.0587062851514157,0.324310854606253,0.18101856387968,0.856353004854582,0.999657356903497
"TM7SF3",5.30008456069873,-0.0967704172055156,0.401076117420668,-0.241276937225405,0.809340484376321,0.999657356903497
"MRPS35",5.14144417652425,-0.0954841310207194,0.386505125818985,-0.247044928106434,0.804873453822427,0.999657356903497
"CCDC91",4.89578072969526,-0.0239944183733088,0.417233786522892,-0.0575083302176257,0.954140270538286,0.999657356903497
"ERGIC2",8.07552551462507,-0.283497612639766,0.317169069836588,-0.893837513178161,0.371408834805054,0.999657356903497
"SINHCAF",11.1930352037901,-0.498261579286935,0.353656565375404,-1.40888542181603,0.158869050892303,0.999657356903497
"RESF1",7.26158811330077,0.300179261532267,0.33438760448427,0.897698531604474,0.369346292523141,0.999657356903497
"DNM1L",5.5178245932174,-0.309197548052266,0.380229080699945,-0.813187532850143,0.416110546223024,0.999657356903497
"PPHLN1",10.0882493614609,-0.0495337524865565,0.293731626102623,-0.168636088472307,0.866082892573716,0.999657356903497
"ZCRB1",7.28654785774076,0.198522278992757,0.313016829072036,0.634222382168054,0.525935702615526,0.999657356903497
"IRAK4",5.86009912766421,0.480021863246858,0.339155833293261,1.41534308458081,0.156967928406433,0.999657356903497
"TWF1",3.92946527935636,0.316647020604281,0.430549912498162,0.735447880518689,0.46206677074176,0.999657356903497
"ANO6",4.02708203597115,-0.463568079053178,0.464869978966778,-0.997199432158443,0.318667716539809,0.999657356903497
"ARID2",5.64189604814944,-0.324795082968123,0.396213661786337,-0.819747308822665,0.412360174441454,0.999657356903497
"SCAF11",25.7803447443476,-0.117774432303271,0.218117087976983,-0.539959676683833,0.589224841144733,0.999657356903497
"SLC38A1",15.5922432672549,0.121169386336816,0.276291486366431,0.438556351954021,0.660983029741175,0.999657356903497
"SLC38A2",14.0327164581742,-0.306126733311693,0.339302999098723,-0.902222303147468,0.366938789387962,0.999657356903497
"AMIGO2",3.71082468379034,-0.131294068341028,0.467383719640479,-0.280912797822786,0.778777284495242,0.999657356903497
"PCED1B",4.86596606951211,-0.285029202357898,0.442652081186586,-0.64391248674092,0.519632184191039,0.999657356903497
"PCED1B-AS1",19.6617305748704,-0.0853232281437471,0.286186172913513,-0.298138890761617,0.765597159956567,0.999657356903497
"ASB8",3.66088665234469,-0.0755501936786909,0.47789410088655,-0.158089822700335,0.874386020074009,0.999657356903497
"ARF3",13.3327088922435,-0.298088261838281,0.256070694419764,-1.16408581041937,0.244389238427224,0.999657356903497
"TUBA1B",75.1793375289485,0.0234549339795692,0.19806629940964,0.11841961024909,0.905735188371139,0.999657356903497
"TUBA1A",14.3251711894188,-0.51195520630956,0.361014782685169,-1.41810039606058,0.156161455660427,0.999657356903497
"TUBA1C",6.36869060485505,0.0289673513065814,0.34480338879217,0.0840112140662324,0.933047515754984,0.999657356903497
"MCRS1",5.56971713741055,0.188669038674915,0.355222315602088,0.531129465656255,0.595329066726632,0.999657356903497
"FMNL3",11.2926337539017,-0.0616721646345848,0.289764431049761,-0.212835524398762,0.831455254038751,0.999657356903497
"TMBIM6",48.0398621487966,0.0316532600962324,0.168280940939694,0.188097712786,0.850800054029405,0.999657356903497
"COX14",16.2759374030728,0.256633962395916,0.234575724021668,1.09403461703569,0.27393979610282,0.999657356903497
"METTL7A",5.97735495454675,-0.339139528109159,0.526025698958193,-0.644720455256908,0.519108358034761,0.999657356903497
"DAZAP2",33.8843322434763,-0.272675699448286,0.162164706394885,-1.68147376522422,0.0926709280638008,0.999657356903497
"BIN2",10.9184068908399,0.119156315733771,0.277795596746245,0.428935221182124,0.667970367462016,0.999657356903497
"GRASP",4.16748088337462,-0.543405493536031,0.63224423299842,-0.859486674886584,0.390072068494821,0.999657356903497
"ATG101",13.4969656039756,-0.0161419107715803,0.234575943623758,-0.0688131550158899,0.945138346722227,0.999657356903497
"KRT5",4.4425143639521,0.870339921399786,0.549466952163961,1.58397137074784,0.113200234261081,0.999657356903497
"EIF4B",24.5434658806768,-0.131397591803343,0.183685936432194,-0.71533833430872,0.474400006615799,0.999657356903497
"ITGB7",6.39536636582398,-0.80821643545352,0.42200311410629,-1.91519069039371,0.0554681893095542,0.999657356903497
"MFSD5",4.13768736279335,0.436621151073398,0.403159752754175,1.08299786397485,0.278809371147535,0.999657356903497
"PFDN5",109.763609486557,0.0133656479484929,0.128505834048208,0.104008102414081,0.917162918650121,0.999657356903497
"C12orf10",4.60938830262672,0.0684406764296711,0.409996488480817,0.166929908798166,0.867425199505546,0.999657356903497
"AAAS",4.61466062120661,-0.398003045541068,0.409546113602896,-0.971814973507426,0.33114260534117,0.999657356903497
"PRR13",34.3577968620285,0.15556202486068,0.153814379165737,1.01136204368162,0.311843180770538,0.999657356903497
"PCBP2",52.7692018991812,0.0445036813264863,0.228688833822073,0.194603648034305,0.845703246942699,0.999657356903497
"ATP5MC2",99.6624635410846,0.166156816209054,0.132019928937934,1.25857374371992,0.208184335663055,0.999657356903497
"CBX5",4.29613465442387,-0.496407017280172,0.450265571863949,-1.102476068124,0.270254757193438,0.999657356903497
"HNRNPA1",94.2555528661769,-0.105959613465906,0.131923690511635,-0.803188669563188,0.421865693392546,0.999657356903497
"COPZ1",17.7878248379859,-0.128599252485932,0.224575919876489,-0.572631529491934,0.566894206816305,0.999657356903497
"NCKAP1L",16.0208139118396,-0.0629201389339154,0.237972485706629,-0.26440089805795,0.791471019592006,0.999657356903497
"BLOC1S1",28.0579070499202,-0.195521479548839,0.186725866948511,-1.04710441431638,0.295051423609745,0.999657356903497
"CD63",14.4004914060548,0.133116194123834,0.31102134016205,0.427996979417801,0.668653319529776,0.999657356903497
"SARNP",9.28978064835474,-0.300631011649328,0.305166037778858,-0.98513915191042,0.324555724226305,0.999657356903497
"ORMDL2",7.78321180343751,0.449678555892211,0.300741127266607,1.49523465572958,0.134853211962759,0.999657356903497
"DGKA",4.19756544150596,0.546494887667336,0.49490589266042,1.1042400096099,0.26948903819526,0.999657356903497
"RPS26",234.85930613935,0.0665456624589954,0.29646803901781,0.224461505798262,0.822398216649569,0.999657356903497
"PA2G4",18.2634252768192,0.265041640971371,0.204557401082443,1.29568345886713,0.195084562424698,0.999657356903497
"RPL41",904.647488123117,0.419762458935615,0.450335159259209,0.932111229392159,0.351279045292905,0.999657356903497
"MYL6B",5.49075369036458,0.06020650857097,0.363752862134887,0.165514872426335,0.868538744772673,0.999657356903497
"MYL6",169.768633711459,0.128811714195185,0.122899362592411,1.0481072601034,0.294589191724733,0.999657356903497
"SMARCC2",5.71773310748801,0.158568397483968,0.410524536438796,0.386258027009813,0.699305582515102,0.999657356903497
"CS",5.24943773476903,-0.345861745728545,0.399478705708888,-0.865782683246663,0.386609347242881,0.999657356903497
"CNPY2",9.79497624821757,0.0278383170612143,0.307533762656566,0.0905211734176399,0.927873069068851,0.999657356903497
"STAT2",14.9774144752143,0.145405139209405,0.222250672262571,0.654239367328529,0.512957602342844,0.999657356903497
"BAZ2A",7.6215988841406,0.0980586060127051,0.319905190946581,0.306523960185064,0.759205739643658,0.999657356903497
"ATP5F1B",54.2436281451733,-0.189782985306892,0.145679930726333,-1.30273939835548,0.192663746483587,0.999657356903497
"PTGES3",29.2749213356912,-0.0379178668550544,0.174297274998994,-0.217547100809655,0.827782004654258,0.999657356903497
"NACA",290.836028472285,0.0801640044096975,0.0885582180240543,0.905212482797737,0.365352830049347,0.999657356903497
"STAT6",7.73864505780601,-0.110350102085403,0.319035434351948,-0.345886663998798,0.729427891369253,0.999657356903497
"R3HDM2",5.02088708272277,0.141990093178579,0.381892165779496,0.371806771392539,0.710036721716693,0.999657356903497
"ARHGAP9",26.6684073506337,0.23650191268378,0.211127676987894,1.12018431717666,0.2626352255854,0.999657356903497
"MARS",9.29301798879216,0.106343271352334,0.326158164694491,0.326048165778539,0.744387913507047,0.999657356903497
"DCTN2",8.20897179345176,-0.275666284935398,0.330031977818014,-0.835271438719208,0.403564894731019,0.999657356903497
"OS9",21.4557952039203,0.0900606649470186,0.213719035343421,0.42139748947632,0.673464852094686,0.999657356903497
"TSPAN31",4.8118056149534,-0.592625379091008,0.480633018063241,-1.23301012793306,0.21757198556583,0.999657356903497
"CDK4",5.26276417663395,0.20731600295324,0.40099930129834,0.516998414416184,0.605157265672762,0.999657356903497
"MARCH9",8.15103569566166,0.570182210640598,0.288481352070744,1.97649590362698,0.048098639238834,0.999657356903497
"CTDSP2",5.80808803548838,-0.136434177387855,0.404556295863463,-0.337243985034659,0.735932982119604,0.999657356903497
"USP15",17.9049076798605,-0.167083921215921,0.217347379521219,-0.768741365016591,0.442046863461689,0.999657356903497
"MON2",4.37361144273889,-0.415302738477832,0.470135609302785,-0.88336796928386,0.37703749102424,0.999657356903497
"GNS",6.01947293262948,0.142787605595729,0.338594282476818,0.421707078309881,0.673238837278877,0.999657356903497
"LEMD3",4.99058111924409,-0.198594276375726,0.385591436827612,-0.515038088007417,0.606526404715785,0.999657356903497
"LLPH",5.59034454685601,0.28209609366548,0.344631831215837,0.818543350073801,0.413046999391032,0.999657356903497
"TMBIM4",23.0193247501497,0.00494083499932187,0.183616337266981,0.0269084716145808,0.978532736593883,0.999657356903497
"RAP1B",24.297064352522,-0.203806281678265,0.215219259875952,-0.946970460709397,0.343653831363696,0.999657356903497
"CPSF6",6.49132936657686,-0.0106032959069174,0.361525218164734,-0.0293293396260005,0.976601927325271,0.999657356903497
"LYZ",48.5167715785038,1.2849289001387,1.16036398011864,1.1073498679331,0.268142691619565,0.999657356903497
"CCT2",14.1618832216283,0.105377769366798,0.236956524417045,0.444713517072578,0.656526799675929,0.999657356903497
"CNOT2",7.53100078978735,0.0497907606095554,0.395964429000411,0.125745539151709,0.899933352909154,0.999657356903497
"ZFC3H1",5.92217977409867,-0.483084217199825,0.4228653677802,-1.14240667126688,0.253285019535688,0.999657356903497
"TMEM19",7.67027690812123,0.204327743445972,0.31563536123209,0.647353777626098,0.517403003873635,0.999657356903497
"RAB21",4.87523945039192,0.415672740619687,0.377353079428301,1.10154855831425,0.270657982894234,0.999657356903497
"ATXN7L3B",5.20418703571906,-0.138024103634105,0.386464513878335,-0.357145607623775,0.720982802926392,0.999657356903497
"GLIPR1",32.3044260122425,0.140834024866712,0.180452543992688,0.780449096203482,0.435126578930798,0.999657356903497
"KRR1",5.7129996130815,-0.313375567620442,0.412138449330914,-0.760364795202175,0.447036560665043,0.999657356903497
"NAP1L1",27.8565373417212,-0.2107811628628,0.201902062605815,-1.04397726374059,0.296495908951178,0.999657356903497
"OSBPL8",11.7024253503331,0.00554299703636889,0.256783923721338,0.0215862307734816,0.982778017224861,0.999657356903497
"ZDHHC17",14.9816811249733,-0.635795695487422,0.276381359179171,-2.30042900641231,0.0214239270695201,0.999657356903497
"PPP1R12A",10.6130646561244,-0.309516949116851,0.279751391924901,-1.10640003249721,0.268553411457411,0.999657356903497
"CCDC59",8.07439489985475,-0.230108500363952,0.313178409492132,-0.734752120164057,0.462490471698555,0.999657356903497
"DUSP6",4.11104268946926,-0.262315946887136,0.743286433400167,-0.35291367513217,0.724153158388011,0.999657356903497
"BTG1",76.5908005971815,-0.0109871250131192,0.24566615038397,-0.0447238050335655,0.964327459007081,0.999657356903497
"UBE2N",9.46722888101608,-0.233026503004784,0.310170940223669,-0.751284123640806,0.452481681880819,0.999657356903497
"MRPL42",3.60639386486085,-0.362880780183695,0.454180278930064,-0.798979605716373,0.424302237641233,0.999657356903497
"NDUFA12",17.7654583444915,0.132258427941033,0.206968579108353,0.639026602544304,0.522805626006586,0.999657356903497
"METAP2",8.57165063107551,-0.21873813548816,0.297521259670666,-0.735201698629157,0.46221666468878,0.999657356903497
"SNRPF",15.3588490737547,-0.405795294663627,0.285397174273131,-1.42186164140249,0.15506642067799,0.999657356903497
"LTA4H",11.0532400026444,-0.299981771256191,0.294863977544355,-1.01735645620214,0.30898388850257,0.999657356903497
"TMPO",8.45563105569108,-0.396683440745191,0.320416174703712,-1.23802564309372,0.215706552717189,0.999657356903497
"SLC25A3",47.7059615712257,0.0155750651329981,0.214639980377653,0.0725636719943515,0.942153336027425,0.999657356903497
"APAF1",3.98309089823571,-0.805603704144922,0.456993262730868,-1.76283496901213,0.0779283276890837,0.999657356903497
"UHRF1BP1L",4.49015504372971,-0.20198950821061,0.464554463435358,-0.434802642335856,0.663705686799375,0.999657356903497
"CHPT1",6.18246185116859,0.244950927583851,0.388481353606284,0.630534581158053,0.528344884886881,0.999657356903497
"GNPTAB",5.32932963941852,0.223111569600889,0.385893504418131,0.578168761708773,0.563150186799083,0.999657356903497
"WASHC3",6.36926306955427,0.368253685473656,0.340442845084246,1.08169018909041,0.279390214036551,0.999657356903497
"HSP90B1",117.884841595846,-0.187398028469926,0.157194992540809,-1.19213739217091,0.233207377401881,0.999657356903497
"TDG",7.42453500058642,-0.1657550734158,0.339572568313144,-0.48812857363362,0.625458773020682,0.999657356903497
"TXNRD1",3.58754942950258,-0.0373763310136466,0.437517537341743,-0.0854281893263907,0.931920983231642,0.999657356903497
"CHST11",5.86726817511521,-0.2771367986381,0.384777045215822,-0.720252941499286,0.471369273021762,0.999657356903497
"C12orf45",22.4552108544486,-0.019662959591751,0.236263142235206,-0.0832248289162937,0.933672770600883,0.999657356903497
"WASHC4",7.91906204021234,-0.458369011230093,0.381033064991264,-1.20296387202145,0.228990301470496,0.999657356903497
"C12orf75",74.5060587642908,-0.0627362427896278,0.182335264664461,-0.344070813208168,0.730793032033867,0.999657356903497
"PWP1",8.16862129801839,0.2278011278719,0.297916418323338,0.764647779917456,0.444481309459375,0.999657356903497
"CMKLR1",6.298461723344,-0.0589120908695942,0.352931131192875,-0.166922341677473,0.867431153659498,0.999657356903497
"ISCU",16.3765248790341,0.0599980700145009,0.238651096595783,0.25140496260163,0.801501031295439,0.999657356903497
"SELPLG",40.6392586314675,-0.379846696844288,0.208542054368099,-1.82143931589845,0.0685401033561033,0.999657356903497
"CORO1C",15.5196587067685,-0.2529801040118,0.23085023890739,-1.0958624310252,0.273138982246894,0.999657356903497
"GIT2",10.2007579268676,0.080426971343713,0.272913612066705,0.294697544525757,0.768224939106688,0.999657356903497
"ATP2A2",5.34054329883937,-0.546433237914865,0.43289660770056,-1.26227193328537,0.206850952411834,0.999657356903497
"ARPC3",115.455569609026,-0.0515417168966353,0.120321127163998,-0.428367969212785,0.668383240914998,0.999657356903497
"GPN3",5.66292276661836,0.0469004325468226,0.388325422944197,0.120776106264777,0.903868375981244,0.999657356903497
"VPS29",15.272669536684,0.0093077536769815,0.229967940243299,0.0404741359475334,0.967715126664294,0.999657356903497
"HVCN1",12.2769105807665,0.170167417628318,0.309303465363232,0.550163307832587,0.582207367772083,0.999657356903497
"PPP1CC",8.63448602331831,-0.105127788251342,0.341593666952354,-0.307756842184097,0.758267363595171,0.999657356903497
"CUX2",6.63575519076761,-0.123294807672741,0.35704496862799,-0.345320109527166,0.72985373023089,0.999657356903497
"SH2B3",8.75573641521953,-0.432255085166764,0.376599874740797,-1.14778340132023,0.251057991240297,0.999657356903497
"ALDH2",17.7991268083154,-0.324871623996086,0.247486933216086,-1.31268192536223,0.189290150614335,0.999657356903497
"ERP29",89.1615360255564,0.118699323182546,0.1333322834736,0.890251933666526,0.373330624248183,0.999657356903497
"TRAFD1",3.53111647944868,0.760855484879613,0.438455902198212,1.73530674593509,0.0826864875248135,0.999657356903497
"RPL6",322.361366080925,0.0413871706978714,0.122245599668455,0.338557549802353,0.734943066173583,0.999657356903497
"PTPN11",5.18907125319074,0.181878246756469,0.414130726368628,0.439180759059581,0.660530565652417,0.999657356903497
"OAS1",38.8189614758535,-0.174554434232882,0.193770484803209,-0.900830869108661,0.367678251995536,0.999657356903497
"OAS3",2.75521287403409,0.39427778905195,0.658967229524343,0.598326853577452,0.549621861972466,0.999657356903497
"OAS2",14.89522168854,0.207885929045697,0.287063227761996,0.724181674770464,0.468954207372565,0.999657356903497
"MED13L",11.7981783781157,-0.226350436672718,0.335919820800547,-0.673822807279699,0.500423972991022,0.999657356903497
"PEBP1",33.0881532589628,0.142769264345688,0.184380386973179,0.774319149066847,0.438742082395746,0.999657356903497
"TAOK3",14.1261486706856,0.00940514374872858,0.244752878787858,0.0384271016353625,0.969347152955274,0.999657356903497
"SUDS3",4.66540723315631,-0.44823503475196,0.435145619078775,-1.03008054108621,0.302972198941931,0.999657356903497
"RPLP0",434.032842030299,-0.0561374094282572,0.10843289672789,-0.517715666760546,0.604656665761702,0.999657356903497
"COX6A1",67.164372869463,0.219179489831312,0.131661178832908,1.66472373841855,0.0959678847360088,0.999657356903497
"TRIAP1",4.97300937522072,0.212987172001389,0.380122744650806,0.560311570403517,0.575266936692595,0.999657356903497
"SRSF9",31.0991588199273,-0.0258377766824342,0.173344444921075,-0.149054541056671,0.881510596066928,0.999657356903497
"DYNLL1",46.4823011321902,0.231350886245415,0.141310939575036,1.63717605261954,0.101593689244547,0.999657356903497
"RNF10",7.27540118068875,0.125670256167151,0.348260133602327,0.360851685397478,0.718210322866109,0.999657356903497
"POP5",9.59935741991015,-0.132338475719315,0.284441886940153,-0.465256636928297,0.64174768404922,0.999657356903497
"MLEC",25.4410994240704,-0.130002384784459,0.191198887182059,-0.67993274804299,0.496547044866051,0.999657356903497
"ANAPC5",14.6187311873052,-0.169327280355869,0.245658495344502,-0.689279156083778,0.490647612356867,0.999657356903497
"KDM2B",5.71901779079915,0.496970890518404,0.346850941410165,1.43280825041993,0.151912642890326,0.999657356903497
"ORAI1",3.91387571162547,0.643420576690639,0.493570799799636,1.30360340796464,0.192368838111051,0.999657356903497
"RHOF",12.7478280851877,-0.0801285452330977,0.256922131679118,-0.311878718697438,0.755132696424078,0.999657356903497
"PSMD9",14.4506471632676,0.280856641569857,0.224165095399128,1.25290086340065,0.210241787643853,0.999657356903497
"BCL7A",7.45581794177043,-0.580521949926674,0.398663257923345,-1.45617118806142,0.145345302179066,0.999657356903497
"MLXIP",4.10633601254921,-0.273127775428531,0.535120859414421,-0.51040390338626,0.609768522793254,0.999657356903497
"RSRC2",8.38744349471431,-0.212621267607486,0.328831797599763,-0.646595825462955,0.517893560496228,0.999657356903497
"DENR",8.59190340837054,0.184909737822428,0.293161037540556,0.630744587936068,0.528207539982833,0.999657356903497
"ARL6IP4",26.5415835515176,-0.150874624003211,0.193639836709412,-0.779150750006172,0.435890917800414,0.999657356903497
"CDK2AP1",6.33053585767165,0.521704443588502,0.371196988866099,1.40546518219924,0.159882995799776,0.999657356903497
"RILPL2",10.379579827793,-0.344537681091848,0.315092942038995,-1.09344778991974,0.274197240559636,0.999657356903497
"TMED2",19.6449483434452,-0.269207890830694,0.214354686033612,-1.25589925656433,0.20915249815346,0.999657356903497
"EIF2B1",5.73254078275306,-0.104003014646489,0.35901202490787,-0.289692287251879,0.772051657321883,0.999657356903497
"ATP6V0A2",6.33430546955447,-0.0573494632829337,0.337515297107774,-0.16991663422183,0.86507569913272,0.999657356903497
"NCOR2",5.7613787784896,-0.181372213186616,0.412910342195009,-0.439253258279875,0.66047803858198,0.999657356903497
"SCARB1",8.00200267439858,0.616292371005238,0.382373725489195,1.61175397241737,0.107015487733764,0.999657356903497
"UBC",172.060778655257,-0.0967697048038125,0.168438744145303,-0.574509773834069,0.565622888530457,0.999657356903497
"BRI3BP",5.69224006976388,-0.18801710299136,0.362394414640777,-0.518818986704671,0.603886976294871,0.999657356903497
"SLC15A4",45.0830325506898,0.120693815113915,0.245758783957251,0.49110682096681,0.623350897441276,0.999657356903497
"GLT1D1",4.47833798209999,0.210446449822923,0.443233422434419,0.474798242125029,0.634930786074509,0.999657356903497
"RAN",43.3788120975232,-0.00761300504227666,0.171861230485623,-0.0442973963398541,0.964667347058983,0.999657356903497
"SFSWAP",5.82687181995792,0.65119032476567,0.323209668931995,2.01476127529676,0.0439296683791779,0.999657356903497
"ULK1",6.05699987515377,-0.519000074735352,0.371298286222599,-1.39779819620337,0.162173676200807,0.999657356903497
"EP400",5.89648697952373,-0.459552793095175,0.409486828167803,-1.12226514135115,0.261749722821115,0.999657356903497
"FBRSL1",5.48847045861887,-0.213542521934261,0.426727205202915,-0.500419282695414,0.616779878606311,0.999657356903497
"ANKLE2",4.80577273379729,0.481072814705806,0.386251961655029,1.2454896349121,0.212951823208573,0.999657356903497
"GOLGA3",3.81072714368121,0.373087524761306,0.453759107542241,0.822214956261952,0.410954568060301,0.999657356903497
"MPHOSPH8",11.7581645059127,0.00482284500509332,0.266660189794771,0.0180861080493685,0.985570160311012,0.999657356903497
"ZMYM2",7.74723779758029,-0.384245201198477,0.341878493386214,-1.12392329038494,0.261045569873444,0.999657356903497
"SAP18",37.8108954543928,0.197722855335777,0.151363022662125,1.30628241864023,0.191456533709047,0.999657356903497
"MRPL57",21.0939981677172,0.166296163467622,0.204511203495861,0.813139625727093,0.416138009654192,0.999657356903497
"MICU2",5.50583254569584,0.0592251306997607,0.395588818729397,0.149713864234049,0.880990369392127,0.999657356903497
"SPATA13",5.08286309931096,0.0991781097672725,0.441946037848173,0.224412261393198,0.822436530767716,0.999657356903497
"PARP4",4.28784089120377,0.587592724268787,0.387590570279517,1.51601398311893,0.129515816672509,0.999657356903497
"NUP58",5.15507437186962,-0.667982719225864,0.497620823730398,-1.34235282643189,0.179481622532754,0.999657356903497
"RPL21",208.555188129988,0.220727948264702,0.261612262866973,0.843721719485832,0.398824927684922,0.999657356903497
"GTF3A",27.9009227304844,0.135376468156853,0.171080635041411,0.791302113907189,0.428767715166513,0.999657356903497
"MTIF3",8.33864656616106,-0.017243214620652,0.376638045537486,-0.0457819246487561,0.963484065743743,0.999657356903497
"POLR1D",16.8785426805805,-0.0665022049487176,0.227202114553676,-0.292700642682648,0.769750978607609,0.999657356903497
"FLT3",11.0445998908308,-0.543872450698405,0.383132501202519,-1.41954140928107,0.155741233246297,0.999657356903497
"PAN3",5.66822548217284,0.0229633421460386,0.351517918233216,0.0653262350364838,0.947914254414967,0.999657356903497
"POMP",30.9071111115034,0.162559970551208,0.1581473643637,1.02790186358946,0.303995992857048,0.999657356903497
"HMGB1",66.5008614034397,-0.290456180155415,0.125651625082054,-2.31159907375443,0.0207997877336102,0.999657356903497
"ALOX5AP",142.846693611234,-0.0907777087855665,0.153054337268215,-0.593107718512321,0.553109065259509,0.999657356903497
"HSPH1",5.90432974880815,0.223618484999271,0.345433147770335,0.647356764811541,0.517401071003829,0.999657356903497
"N4BP2L1",11.0266136758075,-0.280370209454903,0.296844854294516,-0.944500823910973,0.344913781017177,0.999657356903497
"N4BP2L2",17.0447359520607,-0.312095597328429,0.24349789686986,-1.28171783551474,0.199941646012807,0.999657356903497
"SPART",4.48328650936646,-0.386411859665306,0.420321669965201,-0.919324144523165,0.357926052582526,0.999657356903497
"ALG5",8.31916184912237,-0.313768241786458,0.305816668022587,-1.02600111306976,0.304891059407372,0.999657356903497
"EXOSC8",5.12375588967284,0.604549071183719,0.373571308412887,1.61829631336555,0.105598754822418,0.999657356903497
"UFM1",11.280422816845,0.30596800920868,0.264996127111473,1.15461313545904,0.248248885192548,0.999657356903497
"MRPS31",3.87366835639756,-0.1167417252347,0.443895035152169,-0.262993987294047,0.792555213482882,0.999657356903497
"ELF1",13.2361684597414,-0.0733010679613569,0.232918165341489,-0.314707390271119,0.752983832552709,0.999657356903497
"EPSTI1",18.5840499190477,0.00252742959614323,0.271319808128106,0.00931531543376991,0.992567561128315,0.999657356903497
"DNAJC15",16.6551291862152,-0.00524722294568078,0.251798888068157,-0.0208389440713513,0.983374131600084,0.999657356903497
"TSC22D1",4.56754879770546,-0.19853342796247,0.523363831607651,-0.379341131297939,0.704434559696834,0.999657356903497
"GTF2F2",3.98360938323903,-0.24632158986985,0.439789622131245,-0.560089591646483,0.575418329523629,0.999657356903497
"TPT1",529.154578708623,0.182318529499054,0.131218043389451,1.38943185547995,0.164701469161242,0.999657356903497
"AL138963.4",49.1289109230857,0.610879159353978,0.930136352951818,0.656763019115781,0.511333306225575,0.999657356903497
"COG3",6.19967595362295,-0.0762616462923267,0.399054716683668,-0.19110573839622,0.848442751906614,0.999657356903497
"ZC3H13",7.31669657558055,-0.141253236054782,0.331623837252918,-0.425944157768892,0.670148537254371,0.999657356903497
"LCP1",48.011178166451,-0.119181703860677,0.151634787686102,-0.78597863774765,0.431880002345368,0.999657356903497
"RUBCNL",18.0149035660194,-0.0891927183274804,0.215776082000051,-0.4133577619018,0.679344515880232,0.999657356903497
"ESD",14.7841567608856,-0.223969662445395,0.250061867849477,-0.89565700029167,0.370435982548231,0.999657356903497
"SUCLA2",3.79961550149915,-0.0727203344487407,0.416152056845042,-0.174744623395719,0.861280302791888,0.999657356903497
"MED4",4.99461373302259,-0.161060675305861,0.404109445111282,-0.398557067285347,0.690219601239409,0.999657356903497
"ITM2B",55.9512613240994,0.00951327197168951,0.215901114197605,0.0440630980856468,0.964854107660768,0.999657356903497
"RB1",8.85777825927734,-0.286407007417964,0.33355322487328,-0.858654589613913,0.390531110807804,0.999657356903497
"PHF11",16.2132879398383,0.133532035771083,0.221203172322855,0.603662390411777,0.546068123548814,0.999657356903497
"ARL11",3.6257914581619,0.832412261311311,0.512596508081795,1.62391324987037,0.104394324323342,0.999657356903497
"EBPL",5.60558370203213,-0.771702539866276,0.423894874262669,-1.8205045324235,0.0686822066595639,0.999657356903497
"RNASEH2B",18.9613908115203,-0.048073034956612,0.202871822179699,-0.236962602495038,0.812685802925782,0.999657356903497
"INTS6",7.00489172557561,-0.4160949850394,0.365441432210309,-1.13860922261256,0.254866180040324,0.999657356903497
"WDFY2",10.3097174644669,-0.0278147566567911,0.306677107614416,-0.090697205517415,0.927733191155179,0.999657356903497
"VPS36",17.3027937388371,0.254469562135908,0.239326274477668,1.06327465587007,0.28765741505577,0.999657356903497
"CKAP2",3.50964855569569,-0.423858754481652,0.553045675748637,-0.766408224615246,0.443433440563094,0.999657356903497
"SUGT1",10.2675066920323,-0.185725686438428,0.308463262766309,-0.602099857120209,0.547107669639804,0.999657356903497
"MZT1",4.26810174463055,-0.274367718197222,0.446704804743917,-0.614203642502813,0.539080766674146,0.999657356903497
"TBC1D4",6.6129208859651,0.329028684444774,0.401422174324253,0.81965747158501,0.412411400697068,0.999657356903497
"COMMD6",92.1980494666857,0.220208289406552,0.152254183240911,1.44632012545834,0.148087433492323,0.999657356903497
"UCHL3",8.75261252118036,-0.122391672334874,0.332698430999779,-0.367875712449499,0.712965910913726,0.999657356903497
"KCTD12",7.71992181900787,-0.170157131984171,0.319387685663665,-0.532760465171337,0.594199404276852,0.999657356903497
"MYCBP2",10.422848792664,-0.100448726842453,0.320937115809786,-0.312985696867756,0.754291528870168,0.999657356903497
"GPR180",3.25595158562154,-0.193653138164779,0.52875493795351,-0.366243649495347,0.714183273832524,0.999657356903497
"DNAJC3",12.3409117507851,0.0643684245707191,0.254964027709536,0.252460808487265,0.800684903441511,0.999657356903497
"STK24",8.94123989494685,0.207448997147099,0.295113295316308,0.702946971347907,0.482088797280596,0.999657356903497
"UBAC2",8.35566846620336,-0.46565761191365,0.316659543191733,-1.47053080169354,0.141418049789218,0.999657356903497
"GPR183",25.3299404826984,-0.729019531951137,0.297300571605045,-2.45212960074499,0.0142013502795028,0.999657356903497
"TM9SF2",45.3655375888056,0.060800832421393,0.218462191591693,0.278312837468143,0.780772222392213,0.999657356903497
"TPP2",4.14688178806503,-0.554635973336287,0.453321666430746,-1.22349319348278,0.221143473442431,0.999657356903497
"ERCC5",6.92353403936117,-0.112492414206392,0.339795259755239,-0.331059398201794,0.740599619462318,0.999657356903497
"ARGLU1",29.2303379154556,-0.192043198737651,0.244469197477839,-0.785551720703216,0.43213015839084,0.999657356903497
"TNFSF13B",25.5435786068569,-0.0233257530868188,0.200342057012479,-0.116429637564148,0.907312047737369,0.999657356903497
"CARS2",4.05814526930748,-0.104315338291228,0.457729869714528,-0.227897162045131,0.819726189036917,0.999657356903497
"ANKRD10",7.73422988330672,-0.233032487680925,0.30961730414671,-0.752646846800605,0.451662158549158,0.999657356903497
"LAMP1",15.0603280212925,-0.310615881418079,0.242070012103262,-1.28316547233276,0.199434109765826,0.999657356903497
"GAS6",29.0569089474766,-0.181525789586036,0.20335164664153,-0.892669386179259,0.372034249325494,0.999657356903497
"UPF3A",7.31358833853372,-0.665990618390743,0.38227746754361,-1.74216550787097,0.0814794875718179,0.999657356903497
"CCNB1IP1",5.77241372759265,-0.482756198368864,0.415500914716005,-1.16186554895752,0.245290083009044,0.999657356903497
"TEP1",5.31802480973207,-0.0725143005658856,0.449542358750874,-0.161306936163654,0.871851660533286,0.999657356903497
"OSGEP",5.97381767411455,0.119403389693348,0.36250845771426,0.329380976229431,0.741867745064658,0.999657356903497
"APEX1",30.7246910198315,-0.0772974421941943,0.208730650772456,-0.370321473670192,0.711142975696794,0.999657356903497
"PIP4P1",4.40251197901951,0.387023756626835,0.449667913700919,0.860687954009213,0.389409929337643,0.999657356903497
"PNP",7.07769177060544,0.280441703113058,0.327713512009729,0.855752640143605,0.392134616480603,0.999657356903497
"RNASE6",59.1868325536212,-0.08042315910124,0.202699305987198,-0.39676090014003,0.691543786312959,0.999657356903497
"RNASE2",1.70073046474485,-1.19084061783399,1.56871903322172,-0.759116573850909,0.447782825515071,0.999657356903497
"METTL17",5.12484588446303,0.0266283576989459,0.388110099570536,0.0686103188976828,0.945299804932261,0.999657356903497
"HNRNPC",36.3090186503754,-0.131914317793817,0.156715913921516,-0.841741687189984,0.399932558566793,0.999657356903497
"SUPT16H",7.02386259159932,-0.20155079337967,0.335310099371878,-0.601087750584389,0.547781541641598,0.999657356903497
"CHD8",3.86360875177659,-0.0498134541423544,0.495056240817552,-0.100621808261807,0.919850684078294,0.999657356903497
"TOX4",10.8004686588286,0.300622924505606,0.26289284604604,1.14351884818105,0.252823233671726,0.999657356903497
"DAD1",35.5842913046543,0.114609705420587,0.152436707175413,0.751851096394405,0.452140610100613,0.999657356903497
"OXA1L",10.2305676276271,0.171196500350144,0.269756470205122,0.634633527862991,0.525667455972075,0.999657356903497
"MRPL52",12.763389448419,0.00462548173441467,0.265335399545351,0.0174325843530128,0.986091514546597,0.999657356903497
"LRP10",9.68381731742854,-0.0952018935342442,0.289019734747418,-0.329395823497809,0.741856524186221,0.999657356903497
"PSMB5",9.95050207749157,0.177421594292337,0.264045489490743,0.671935713177776,0.501624623439582,0.999657356903497
"ACIN1",9.8348648306524,0.243620236744442,0.309685319530128,0.786670279088708,0.431474906744497,0.999657356903497
"C14orf119",8.04731998458857,-0.320393115083397,0.306409784316255,-1.04563604520118,0.295729100726447,0.999657356903497
"PABPN1",22.5153563475911,0.188199845576051,0.265575680871462,0.708648641918154,0.478542543014764,0.999657356903497
"NGDN",6.29745774921311,0.0246401208510757,0.338077838375458,0.07288298153312,0.941899236691908,0.999657356903497
"AP1G2",5.16478588614656,0.565155638689754,0.406715372195112,1.38956055592272,0.164662360406434,0.999657356903497
"DHRS4",7.76939471968881,0.217029382311986,0.3216517978958,0.674733931946787,0.499844822300926,0.999657356903497
"DCAF11",4.31574407889381,0.442125842983443,0.401445117402349,1.10133570896149,0.27075057518752,0.999657356903497
"PSME1",76.1186183574984,0.112169486087465,0.130798024997497,0.857577827261625,0.391125622817176,0.999657356903497
"PSME2",60.6454948950726,0.117173239584778,0.186349064035842,0.628783622772802,0.529490723250817,0.999657356903497
"IRF9",19.6721200619047,0.257745054617418,0.230824922051634,1.11662576261918,0.264154371535941,0.999657356903497
"REC8",5.86193865034809,0.354062537401571,0.382805382622604,0.924915253217926,0.355009991720354,0.999657356903497
"TM9SF1",5.70393981253583,-0.112077144627604,0.424884565982184,-0.263782574376456,0.791947462779287,0.999657356903497
"CHMP4A",12.3819644444258,0.0121058614562336,0.263681570061804,0.0459109123682633,0.963381256537713,0.999657356903497
"MDP1",5.81638313197542,0.0587173190143336,0.352479595265233,0.166583597470799,0.867697700672286,0.999657356903497
"NEDD8",32.9136543202082,-0.0126390038791932,0.167751971797047,-0.0753433998050665,0.939941491539138,0.999657356903497
"GMPR2",5.19412965659776,0.0816719475244741,0.391501593406505,0.208612043731,0.834751107895232,0.999657356903497
"TINF2",7.17268846112465,-0.379938509577395,0.409609888805064,-0.927561858151844,0.353634890509268,0.999657356903497
"SDR39U1",13.1599260400847,-0.575927725187745,0.27683327463167,-2.08041365675431,0.0374876077009,0.999657356903497
"GZMH",4.3738347752654,0.812007997411677,1.19964528631095,0.676873411397046,0.49848627523565,0.999657356903497
"GZMB",290.761629459314,0.129373664881811,0.172870420885368,0.748385202160177,0.454227845646541,0.999657356903497
"SCFD1",4.99237250118272,0.0902139137730631,0.377359752527374,0.239066072014447,0.811054349655274,0.999657356903497
"HECTD1",7.53471558048429,-0.489135180670433,0.345794011589994,-1.41452762128917,0.157207043274587,0.999657356903497
"EGLN3",5.10837049597394,-0.519576580501843,0.414059490227125,-1.25483557982656,0.209538453547394,0.999657356903497
"EAPP",8.93243303308568,0.397403580743647,0.286603406134937,1.38659754991377,0.165564515846422,0.999657356903497
"SNX6",16.477718070259,0.34876898095705,0.251490022421323,1.38681040941161,0.165499582130212,0.999657356903497
"BAZ1A",10.3813181423356,-0.315322593702744,0.284647532893195,-1.10776506825042,0.267963289821446,0.999657356903497
"SRP54",4.75883598745431,-0.340870820496683,0.418790684555377,-0.813940789677736,0.415678871840766,0.999657356903497
"FAM177A1",6.43328549437551,0.0598407987280896,0.322535420140906,0.185532487259685,0.85281140142024,0.999657356903497
"PSMA6",38.9724195358308,-0.164211420503868,0.162826190248916,-1.00850741672967,0.313210928979185,0.999657356903497
"NFKBIA",24.7827481739888,0.277976351270354,0.256225202446569,1.08489074695266,0.277970046669304,0.999657356903497
"PNN",13.8984087007006,0.429708209962135,0.236608444461051,1.81611527408047,0.0693526911666568,0.999657356903497
"FKBP3",9.09241961908363,0.209146276491788,0.29124787213048,0.71810404986612,0.472693133257611,0.999657356903497
"MIS18BP1",13.2695846779424,-0.0839903022785189,0.332959404820299,-0.25225388159211,0.800844832782404,0.999657356903497
"RPS29",89.9618305630078,-0.0315327359139399,0.325103276612836,-0.096992980945843,0.922731968562114,0.999657356903497
"RPL36AL",83.0635834850305,0.110293064123815,0.136346937849385,0.808914859867629,0.418564120838939,0.999657356903497
"MGAT2",5.95698135139375,0.116745858877871,0.361597236327148,0.322861590602001,0.746800066031402,0.999657356903497
"NEMF",9.63031937030044,0.459745794629639,0.314123514492356,1.46358286921824,0.143307956021939,0.999657356903497
"AL627171.2",5.33928853003995,0.0295160438924427,0.564294398266705,0.0523061082709745,0.958284786285212,0.999657356903497
"ARF6",12.8314940863596,-0.319319070886136,0.309503161587565,-1.03171505340437,0.302205623373319,0.999657356903497
"DMAC2L",4.44900393381001,0.200521518307412,0.40191876415991,0.498910566483606,0.61784238979906,0.999657356903497
"NIN",19.4552350064877,-0.00894583858387719,0.213230787896088,-0.0419537847800698,0.966535540055779,0.999657356903497
"TMX1",13.2479277973522,-0.380978118998226,0.298888812211876,-1.27464830877697,0.202433750483068,0.999657356903497
"RTRAF",26.1992316931424,-0.0324593292140993,0.19420204639086,-0.167142055489828,0.867258275923849,0.999657356903497
"PSMC6",6.38821750301645,-0.482424161797822,0.387497379807174,-1.24497399708325,0.213141308641914,0.999657356903497
"STYX",2.60153804154463,-0.070394481120771,0.56715262956043,-0.124119112654613,0.901220965463901,0.999657356903497
"CNIH1",8.99825666735252,0.493079225876312,0.290938247215412,1.69478997895809,0.0901152691665028,0.999657356903497
"MAPK1IP1L",15.7348741382281,-0.621951412086683,0.236126636330442,-2.63397396309117,0.00843919591596828,0.999657356903497
"LGALS3",5.01161477579214,0.329806670037723,1.22931015909596,0.268285971280237,0.788479203829412,0.999657356903497
"KTN1",20.8712500306201,0.288226126986277,0.216121998046091,1.33362697731866,0.18232613716282,0.999657356903497
"ACTR10",6.49100977486792,-0.0117740905682332,0.381873169892627,-0.030832463489236,0.97540315060027,0.999657356903497
"PSMA3",19.8939913005788,-0.0360159061239126,0.205108926685049,-0.175594045105682,0.860612880980369,0.999657356903497
"ARID4A",5.45591792873417,-0.345922876947524,0.419549708076239,-0.824509874011554,0.409649907699126,0.999657356903497
"TIMM9",4.00374405846919,-0.206489742065885,0.435721412699461,-0.473903131789191,0.635568985826551,0.999657356903497
"DAAM1",9.28857668326183,0.157490022247401,0.292377639816018,0.538652758625808,0.590126476355531,0.999657356903497
"JKAMP",8.69402004978236,-0.545696132141161,0.30762077899477,-1.7739248106853,0.0760755881884478,0.999657356903497
"PCNX4",4.79250017473158,0.0933928623986699,0.400217484879904,0.23335527788521,0.815485537629005,0.999657356903497
"DHRS7",39.0422095295997,0.0900324277018812,0.177311765139165,0.507763416777325,0.611619268360815,0.999657356903497
"MNAT1",5.33809112187638,0.0216290457138867,0.432169064624119,0.0500476491363366,0.960084417351731,0.999657356903497
"HIF1A",6.0082063996049,-0.0505303534033063,0.431690685211653,-0.11705222080141,0.90681867164748,0.999657356903497
"CHURC1",18.2040849121167,0.164250544564568,0.211364542988381,0.777096017346663,0.437102123518417,0.999657356903497
"MAX",12.6532585130896,0.0709998425714902,0.276556712888927,0.256727966679318,0.797388780658009,0.999657356903497
"ATP6V1D",4.4843349419956,0.114959238267458,0.474739388079085,0.242152307464127,0.808662148495442,0.999657356903497
"EIF2S1",5.76308845397743,-0.62049072108349,0.387176068688775,-1.60260607837893,0.109021650935671,0.999657356903497
"VTI1B",9.23121541180624,0.193409388468674,0.281720644398779,0.686528986476759,0.492379592007054,0.999657356903497
"RDH11",3.86444632523418,0.252383849738783,0.453713284124658,0.55626286152433,0.578031171638724,0.999657356903497
"ZFP36L1",7.15842320822583,0.0349491569463404,0.422211208575964,0.0827764783038732,0.934029272521808,0.999657356903497
"DCAF5",4.01561399206121,-0.522730211841323,0.47359656050091,-1.10374579428627,0.269703424550553,0.999657356903497
"ERH",28.6633896089153,-0.15393339594989,0.203253697923467,-0.757346102543492,0.448842537328718,0.999657356903497
"SRSF5",43.5480150506869,-0.297879268622248,0.194795237664387,-1.52919174099864,0.12621691743817,0.999657356903497
"COX16",11.2097244454282,0.141639583464837,0.294924523244853,0.480257056641045,0.631044620315476,0.999657356903497
"PCNX1",5.52644501107429,-0.407192826355533,0.396084131192805,-1.02804630200477,0.303928047995611,0.999657356903497
"RBM25",18.4055883596195,0.142892072478845,0.210602609844139,0.678491461167532,0.49746013602052,0.999657356903497
"AC004846.1",7.60310656761232,-0.0664832091054409,0.317833030293382,-0.20917652593902,0.834310436664661,0.999657356903497
"ELMSAN1",10.2765894499568,0.112255523361579,0.287414709258641,0.390569862103201,0.696115206181911,0.999657356903497
"ABCD4",4.30856546350051,-0.821167227095102,0.474010870476871,-1.73238058078495,0.083205823207167,0.999657356903497
"NPC2",120.786974988294,0.144109082367938,0.107114776107899,1.34537070985215,0.178505549182334,0.999657356903497
"ISCA2",7.77884400711739,0.0467078127651623,0.31519213965411,0.148188380637979,0.8821941014828,0.999657356903497
"YLPM1",8.57766182373609,-0.428489674936327,0.366716296826546,-1.16845004883707,0.242625276823637,0.999657356903497
"NEK9",4.50577984066013,-0.179363495176241,0.42616719409449,-0.420875885478112,0.673845714915188,0.999657356903497
"TMED10",37.8741539610208,-0.0250648858379499,0.164586352387852,-0.152290183689617,0.878958066897121,0.999657356903497
"FOS",109.750231222626,-1.29322680785569,0.52151006216344,-2.47977345344181,0.01314658809165,0.999657356903497
"IRF2BPL",7.70599002245443,-0.0397472609819884,0.334761115650879,-0.11873320742377,0.905486726911858,0.999657356903497
"AHSA1",6.80827035969606,0.662499137818434,0.322788919686437,2.05242217874764,0.0401286509243358,0.999657356903497
"SPTLC2",6.89498955218463,-0.0487264589061172,0.36049918088891,-0.135163854702717,0.892482324557717,0.999657356903497
"SLIRP",11.9616255246731,0.0241711049974206,0.295423092644106,0.0818186038914004,0.934790961907817,0.999657356903497
"SNW1",7.45672003414918,0.131605703610514,0.349594132990773,0.37645283828029,0.706580270684271,0.999657356903497
"GPR65",5.07942499839368,0.132700601191212,0.37128343189556,0.357410511192808,0.720784508940198,0.999657356903497
"PSMC1",8.23957287610834,0.0483923805003491,0.314021935124854,0.1541050961332,0.877526870149113,0.999657356903497
"CALM1",73.6873678760948,0.0152877126309567,0.14102130805351,0.108407111251272,0.913672760419245,0.999657356903497
"CCDC88C",4.15033090782948,0.377724976000754,0.434277302914174,0.869778304014667,0.384421570277686,0.999657356903497
"PPP4R3A",6.24164701857084,0.088334722729502,0.344213956952546,0.256627370695721,0.797466443682321,0.999657356903497
"NDUFB1",12.3928262899673,0.0230972766251829,0.286349231592379,0.0806612139195892,0.935711383074536,0.999657356903497
"LGMN",32.8380786655665,-0.172740547275605,0.189794657157177,-0.910144415353858,0.362746353584295,0.999657356903497
"DDX24",19.4692009768269,-0.0261165573606638,0.257404100350735,-0.101461310542752,0.919184268735845,0.999657356903497
"IFI27",54.5978983651616,-0.774512257795022,1.20187170959368,-0.64442173953563,0.519301991119319,0.999657356903497
"IFI27L2",9.10173460234464,-0.132981632735805,0.348201591909847,-0.381909893077788,0.702528201903562,0.999657356903497
"SERPINA1",17.1759118384528,-1.44671851278216,1.33953728315375,-1.08001362185012,0.280136114316978,0.999657356903497
"DICER1",4.13211797555402,-0.406329423082986,0.45627739463224,-0.890531566681028,0.373180526311345,0.999657356903497
"GLRX5",11.7145336423008,-0.0508404148584548,0.271810482347432,-0.187043613695037,0.851626437540332,0.999657356903497
"TCL1A",50.496690711897,0.558387185134257,0.442968800377716,1.26055646505606,0.207468692111793,0.999657356903497
"PAPOLA",11.3825616872305,-0.0552274976121848,0.271300205850565,-0.203565999660925,0.838692665092225,0.999657356903497
"SETD3",3.61920994137578,0.584141643103059,0.415782248471334,1.40492203611557,0.160044463065673,0.999657356903497
"CYP46A1",4.73914467174675,-0.0402657042718972,0.445034550449532,-0.0904777038799002,0.927907611000082,0.999657356903497
"EVL",6.66930036880933,0.00642768127087665,0.479100270972652,0.0134161503558063,0.989295781880872,0.999657356903497
"YY1",13.167727977355,0.533681898985574,0.263029500694855,2.02898115069118,0.0424602102337286,0.999657356903497
"WARS",7.73645984693763,0.0325887706244399,0.546406091897551,0.0596420338420204,0.95244073977238,0.999657356903497
"PPP2R5C",7.94945632882929,-0.116833938762086,0.367288176336745,-0.318098828901498,0.750409971933221,0.999657356903497
"DYNC1H1",11.3803067126563,-0.136799974792063,0.29067175203925,-0.470633881112707,0.637902208276909,0.999657356903497
"HSP90AA1",75.4759866066812,0.0356171001153508,0.154348386706575,0.230757838648881,0.81750293713516,0.999657356903497
"CINP",3.87987811612498,0.273832681143676,0.51398791990671,0.532760927909313,0.594199083914523,0.999657356903497
"TNFAIP2",2.59162636849842,0.970216555851647,0.816559693137584,1.18817590925122,0.23476411278116,0.999657356903497
"EIF5",28.9020421388964,-0.0781124996640273,0.204318996282073,-0.38230659451845,0.702233963820517,0.999657356903497
"MARK3",5.29793843597057,0.28838363052185,0.355713759944119,0.81071823189284,0.417527500817164,0.999657356903497
"KLC1",5.74528824821468,-0.406383227249814,0.428786987518006,-0.947750839180372,0.343256312827311,0.999657356903497
"ATP5MPL",26.1253105846749,-0.0731070370822777,0.199261852005013,-0.366889278337322,0.713701609273216,0.999657356903497
"SIVA1",26.9681747127365,-0.266869882508417,0.200372268445571,-1.331870346025,0.182902796948143,0.999657356903497
"AKT1",5.0826536680551,0.19970279428022,0.455155752152935,0.438757048187582,0.660837585719059,0.999657356903497
"PLD4",201.253846454762,0.0347840767247602,0.13537290272792,0.256950069207507,0.797217318152005,0.999657356903497
"PACS2",4.82143193395532,0.211260215553342,0.416804275206554,0.506857122443499,0.61225507271205,0.999657356903497
"MTA1",5.59593252858658,-0.303460422041686,0.417443573268724,-0.726949560309406,0.467256855271974,0.999657356903497
"CRIP1",66.9263970205622,0.354907838456807,0.227033556517254,1.56323956643755,0.11799625691039,0.999657356903497
"IGHM",34.8367552799937,0.231054906738832,0.300163337518081,0.769763918036507,0.441439946757587,0.999657356903497
"FAM30A",5.50443494361761,-0.926670241065056,0.537202865415138,-1.7249912476713,0.0845290498300596,0.999657356903497
"NIPA1",4.23867208144513,-0.306382629791638,0.451036693335785,-0.679285375931807,0.496957060652204,0.999657356903497
"NIPA2",8.67756909452219,-0.0558372923766279,0.333929515966781,-0.167212809011416,0.867202606179463,0.999657356903497
"SNRPN",15.7284002901576,0.228471243088242,0.318599814668909,0.717110408007207,0.473305974181939,0.999657356903497
"UBE3A",9.12182538540261,0.103637310110157,0.30682131326641,0.337777415156845,0.735530930702893,0.999657356903497
"HERC2",6.80329321276215,-0.455482720583938,0.386316377928339,-1.17904066875578,0.238381982100901,0.999657356903497
"NSMCE3",5.83845072452789,-0.422219895060581,0.40655460274768,-1.03853182870647,0.299022525021004,0.999657356903497
"KLF13",13.7084932388789,-0.0436290699420541,0.330398531504819,-0.132049830074435,0.894944878104277,0.999657356903497
"LINC02256",7.17605950319079,0.272942313959241,0.357211679677759,0.764091236337686,0.444812874419184,0.999657356903497
"AVEN",7.26070993039661,0.629373588025855,0.374073812984371,1.6824850234896,0.0924748266337667,0.999657356903497
"EMC7",13.6905063814171,-0.240512999609729,0.241217577642573,-0.997079076741714,0.318726128138178,0.999657356903497
"EMC4",11.4300002747763,-0.0777444402122616,0.255629074467413,-0.304129881838508,0.761028942014401,0.999657356903497
"NOP10",24.6620773079972,0.295604651342264,0.188583522959849,1.56749988918809,0.116997892099709,0.999657356903497
"LPCAT4",3.4847126285062,0.543493709976485,0.436873579669193,1.24405259386028,0.21348020683465,0.999657356903497
"ZNF770",3.38270215685226,0.189133657283676,0.53494998428834,0.353553907540135,0.723673222357805,0.999657356903497
"EIF2AK4",12.3333998858709,-0.720495646479811,0.326446397487567,-2.20708714210042,0.0273079718993384,0.999657356903497
"SRP14",134.129918933497,0.142824960000569,0.127264696548226,1.12226692770565,0.261748963518541,0.999657356903497
"PLCB2",5.62373677242975,0.133732158633405,0.374032171626033,0.357541860776388,0.720686193962696,0.999657356903497
"IVD",8.93892367074398,-0.0602466911359098,0.319447817372666,-0.188596346130693,0.850409196788279,0.999657356903497
"CCDC32",5.35581620887058,-0.223800724743125,0.377342937783595,-0.593096364960921,0.553116663025269,0.999657356903497
"RMDN3",5.1576361443534,0.0587983979068342,0.374905988411357,0.156835045916415,0.875374851975086,0.999657356903497
"GCHFR",6.38851517926738,-0.840191774405569,0.51793880890629,-1.62218347024384,0.104764069907015,0.999657356903497
"OIP5-AS1",11.7035597521005,-0.012346742962865,0.278300105572613,-0.0443648518834051,0.964613578182823,0.999657356903497
"RTF1",10.3234780366577,-0.0452103476152639,0.284546136495933,-0.158885824885941,0.873758828924358,0.999657356903497
"LTK",4.93305292833425,1.11707926462057,0.382810239941243,2.91810183758937,0.00352169313648288,0.999657356903497
"MGA",3.71283719550687,0.791757596586048,0.519345025001467,1.52453101208356,0.127376116005582,0.999657356903497
"TMEM87A",5.50283590110123,-0.38582848645111,0.427623914710821,-0.902261246806145,0.366918106545512,0.999657356903497
"ZNF106",10.090821071754,0.105927230003174,0.280332737175305,0.377862503932007,0.705532738421913,0.999657356903497
"SNAP23",9.26155072108608,-0.0208056447071303,0.295072267454376,-0.0705103359479463,0.943787474130527,0.999657356903497
"UBR1",2.43298017294256,0.178974454326583,0.589067831514474,0.303826562496964,0.761260028825859,0.999657356903497
"CCNDBP1",10.0688165288362,-0.152187820317571,0.283939827525398,-0.535986168773587,0.59196810954473,0.999657356903497
"MAP1A",32.3748669624638,-0.108002986563378,0.228045696147814,-0.47360238929207,0.635783471342781,0.999657356903497
"PDIA3",48.5919408897562,-0.150231535108082,0.136475841616396,-1.10079214994218,0.270987129079121,0.999657356903497
"SERF2",207.4274243358,0.200575490676691,0.133096251393862,1.50699579121235,0.131811736016136,0.999657356903497
"CASC4",5.19476185333889,0.0753896412065551,0.403549472669684,0.186816354158053,0.851804623894281,0.999657356903497
"EIF3J",5.48352627505435,0.136139333885173,0.396574453781974,0.343288208776097,0.731381650492027,0.999657356903497
"SPG11",5.32933159039537,-0.0812606206386788,0.3745726177105,-0.216942234420038,0.828253362988846,0.999657356903497
"B2M",1466.5321260673,0.119532325907526,0.0990442722145092,1.20685753183833,0.227487015175141,0.999657356903497
"TRIM69",4.88203412096355,-0.327022959950859,0.383296453984484,-0.853185456195472,0.393556467353106,0.999657356903497
"BLOC1S6",4.58462257677957,0.253313789114209,0.39836577354697,0.635882412434063,0.524853066797612,0.999657356903497
"SQOR",3.95424767405983,0.0705288315794974,0.441700877290438,0.159675552405846,0.873136660131181,0.999657356903497
"DUT",15.5497000413075,-0.00962126032352511,0.238351775270203,-0.0403658009789026,0.967801494881226,0.999657356903497
"EID1",33.2510485535082,-0.0611412258799768,0.194551167741765,-0.314268100210695,0.753317424087202,0.999657356903497
"SECISBP2L",5.01239413152542,-0.018883338449346,0.415762654901409,-0.0454185536549065,0.963773692569019,0.999657356903497
"COPS2",4.90526033411495,-0.150317796765116,0.385311440870076,-0.390120252919773,0.696447627346299,0.999657356903497
"DTWD1",4.09511226239105,0.321068891571813,0.435746372077595,0.736825162860194,0.461228678942105,0.999657356903497
"USP8",6.58839831357886,-0.240772440019918,0.365558242055286,-0.658643171786301,0.510124933180287,0.999657356903497
"SPPL2A",6.94169310007166,0.0820082711341671,0.374328192561955,0.219081204044213,0.826586792125745,0.999657356903497
"DMXL2",6.00639472001768,-0.437992030833198,0.418488935562983,-1.04660361030568,0.295282436108253,0.999657356903497
"LYSMD2",14.7322734062938,0.431786476324362,0.224536406891308,1.92301320887075,0.0544783910155213,0.999657356903497
"TMOD3",10.2004578371168,-0.014785418547522,0.274446535820788,-0.053873584169329,0.957035882871897,0.999657356903497
"ARPP19",4.45453513848733,0.4065179405856,0.369502653798549,1.10017597006822,0.271255458388258,0.999657356903497
"FAM214A",6.67077528936696,0.295156855818338,0.359149495914224,0.821821718187319,0.41117837119181,0.999657356903497
"RSL24D1",15.0268676063536,-0.0343080887918666,0.239807309832932,-0.1430652335651,0.886238662041084,0.999657356903497
"PIGBOS1",5.50324138811456,0.3203093771383,0.373282789216142,0.858087718994274,0.390844028195364,0.999657356903497
"ZNF280D",4.04468035502544,0.0466677966592734,0.461596967038105,0.101100743704455,0.919470487681657,0.999657356903497
"TCF12",4.06524551346054,0.368113113547044,0.441889165001785,0.833043990896579,0.40481991973238,0.999657356903497
"ADAM10",7.72242973561268,-0.47554511973149,0.329117115718087,-1.44491154370358,0.148482733423554,0.999657356903497
"SLTM",13.6629321389504,-0.111160260594031,0.244326499145424,-0.454966043318403,0.649133668289364,0.999657356903497
"MYO1E",13.5621457361713,0.202787914260009,0.262989273919795,0.771088155944544,0.440654680464103,0.999657356903497
"GTF2A2",18.1400718952294,-0.117874098891156,0.213924735027084,-0.551007338521339,0.581628643944166,0.999657356903497
"BNIP2",12.8776736072131,-0.707927012273259,0.251845943766207,-2.81095260732267,0.00493950610796365,0.999657356903497
"ANXA2",26.1537973540196,-0.414777022294302,0.402946935684919,-1.02935891940529,0.303311045814215,0.999657356903497
"VPS13C",17.538496438891,0.0759432534151823,0.221178055405082,0.343357993975008,0.731329156684619,0.999657356903497
"RPS27L",13.3808938889792,0.142137375946581,0.307139627089994,0.462777718698388,0.643523703760471,0.999657356903497
"USP3",4.37489589411779,-0.178949004621006,0.467185332874933,-0.38303643549724,0.701692748850149,0.999657356903497
"HERC1",6.84385274545857,-0.0938840835168333,0.363169631967076,-0.258513034276347,0.79601099082326,0.999657356903497
"CIAO2A",26.7559809521694,-0.135416883017244,0.196060924835351,-0.690687770298773,0.489761776484209,0.999657356903497
"SNX1",9.72292802902619,-0.116402057418654,0.282667891617927,-0.411797946885282,0.680487526362195,0.999657356903497
"PPIB",165.730850156534,-0.0830633108262637,0.133113924558163,-0.624001667007948,0.532626490291613,0.999657356903497
"SPG21",10.048130688623,0.168913007018923,0.31421519456512,0.537571097580756,0.590873188328495,0.999657356903497
"PDCD7",6.15491519251975,0.402305898657847,0.34807978225914,1.155786458055,0.247768513477747,0.999657356903497
"RAB11A",15.9175819303392,-0.14395621845176,0.223117114498505,-0.645204733735134,0.518794518952714,0.999657356903497
"MAP2K1",8.96494232138566,-0.0916719886020095,0.367147443176011,-0.249687122451407,0.802829317638424,0.999657356903497
"RPL4",137.203400260574,-0.0897815321541973,0.125715994342988,-0.714161572068931,0.475127276001301,0.999657356903497
"C15orf61",5.52340356374085,-0.00679168934076963,0.379667980049937,-0.0178884965223466,0.985727805992558,0.999657356903497
"PIAS1",9.88246251246388,-0.328709372703011,0.305124678117086,-1.07729527067907,0.281348374454893,0.999657356903497
"ANP32A",22.9522286940403,-0.104175137891228,0.190535382578566,-0.546749566833196,0.584550795815714,0.999657356903497
"RPLP1",1007.81492792097,0.0428312481334309,0.0878600943818342,0.487493764202997,0.625908460841676,0.999657356903497
"TLE3",5.127284393426,-0.627838272805084,0.454416332737476,-1.38163667890827,0.167083285888552,0.999657356903497
"MYO9A",5.11745132674899,0.122981140027854,0.392532742964521,0.313301609183134,0.75405152768489,0.999657356903497
"PKM",25.8551916606226,-0.0332157549444586,0.245056669583785,-0.13554315824529,0.892182443733228,0.999657356903497
"HEXA",11.3096319442394,0.0303767096873069,0.282047587918943,0.107700654033024,0.914233150689304,0.999657356903497
"ARIH1",4.92802691874461,-0.307774613204404,0.399987636428158,-0.769460316205757,0.441620093961469,0.999657356903497
"ADPGK",10.8358474994979,-0.263617565353645,0.30881564402351,-0.853640579599576,0.393304166974708,0.999657356903497
"NPTN",5.68934759114278,-0.128135088034122,0.351423903570892,-0.36461688215319,0.71539741107028,0.999657356903497
"PML",6.57682947981225,0.248143898909361,0.327814186194544,0.756965102059672,0.449070770317251,0.999657356903497
"UBL7",16.5678476257402,0.048188423735419,0.237088269445509,0.203250982632418,0.838938865983131,0.999657356903497
"CLK3",4.72204529666738,0.294139519003,0.398403863280341,0.738294846292756,0.460335297594489,0.999657356903497
"CSK",21.5627322918057,-0.0999487376058633,0.203788750657407,-0.490452673582012,0.6238136113423,0.999657356903497
"SCAMP2",21.4612465273543,-0.221242070590769,0.216033351461442,-1.02411071760027,0.305782982731519,0.999657356903497
"COX5A",57.9913821335473,0.0720934869355022,0.22062761302117,0.326765475763836,0.74384527356731,0.999657356903497
"RPP25",5.78959051301984,0.0970325828037884,0.388250435291337,0.249922663270105,0.802647156507676,0.999657356903497
"SCAMP5",13.2886025340538,-0.0927200499426039,0.304136222558881,-0.304863554766658,0.760470074283053,0.999657356903497
"C15orf39",10.4432402866952,-0.129575069750696,0.318562186818295,-0.406749686913105,0.684191843223008,0.999657356903497
"COMMD4",6.03219241587855,-0.00468749735765459,0.360571726215646,-0.0130001800386621,0.989627649222956,0.999657356903497
"MAN2C1",5.74329833197391,0.527537903537291,0.367471150361991,1.43558998581962,0.151119045958879,0.999657356903497
"IMP3",13.6429006493874,0.0323858775781593,0.240580798923187,0.134615387940828,0.892915974537175,0.999657356903497
"UBE2Q2",3.01528838321358,-0.147134118266504,0.532264185096224,-0.276430619204455,0.782217341841516,0.999657356903497
"ETFA",7.42140181067306,-0.390642251606875,0.352106477023382,-1.10944352659816,0.267238894019306,0.999657356903497
"RCN2",5.83296973025117,0.108400650648287,0.381656174392796,0.284026980097335,0.776389704587516,0.999657356903497
"TSPAN3",19.0003587917592,-0.16177017861875,0.227945830953121,-0.709686937209304,0.477898294430333,0.999657356903497
"CIB2",18.4061644006294,0.493916327056345,0.25876616240612,1.9087361441067,0.05629613802525,0.999657356903497
"IDH3A",30.2579457375201,0.127700081116075,0.211568216480433,0.603588210178467,0.546117453163925,0.999657356903497
"WDR61",7.98876707855746,0.128904722051178,0.32415598963211,0.397662625939673,0.690878890398501,0.999657356903497
"IREB2",6.24616164235418,0.364252422464683,0.359737867751642,1.01254956766508,0.311275359272819,0.999657356903497
"PSMA4",19.3699109727519,-0.0538797100880606,0.214639425638822,-0.251024293079898,0.801795327232223,0.999657356903497
"MORF4L1",25.146055664754,-0.511543483218319,0.236874747147005,-2.15955263015375,0.0308073188657014,0.999657356903497
"CTSH",10.3679430406707,-0.190983923849104,0.419817362534627,-0.454921451309322,0.649165749689111,0.999657356903497
"TMED3",10.9011182218625,0.102611782662201,0.261514328296671,0.392375375110591,0.694780878050513,0.999657356903497
"MTHFS",4.95843956643878,0.0796627710354531,0.382990044820002,0.208002197740918,0.83522725133566,0.999657356903497
"BCL2A1",2.80822976461711,-2.91028987210971,1.07565652651451,-2.70559402594807,0.00681823431140221,0.999657356903497
"ZFAND6",5.28701298499687,-0.0517313829980851,0.387443713462111,-0.133519737708027,0.893782355591612,0.999657356903497
"MESD",13.0226529924656,0.370537828457565,0.247078351874716,1.49967743287138,0.13369797899178,0.999657356903497
"IL16",12.6081434095142,-0.29279992410184,0.328067342454091,-0.892499454263153,0.3721252851438,0.999657356903497
"RPS17",42.1607950009322,0.0230722700312974,0.21880835662773,0.105445104505544,0.916022627306819,0.999657356903497
"RAMAC",4.23355702377682,0.200855872192088,0.39534228692248,0.508055623787778,0.611414334951181,0.999657356903497
"C15orf40",4.13600740048578,0.145605554894064,0.458761799870753,0.317388141155356,0.750949104410967,0.999657356903497
"BTBD1",4.19352478290844,-0.414944897643371,0.44953054441988,-0.92306274355363,0.35597450863164,0.999657356903497
"SEC11A",19.9945257051605,0.435656659208087,0.218355204555515,1.99517414798934,0.0460238895725883,0.999657356903497
"AKAP13",22.5978136911896,-0.344107408292277,0.230804011932403,-1.49090739546182,0.135985809467808,0.999657356903497
"MRPS11",5.47198926327563,-0.0570945087121857,0.385836788903847,-0.147975803122325,0.882361864302424,0.999657356903497
"ISG20",42.1856352749353,0.124714616437489,0.388661639748586,0.320882237100021,0.748299635451749,0.999657356903497
"ABHD2",3.76761609245427,-0.828324412612343,0.578271318375396,-1.43241483070516,0.152025136651015,0.999657356903497
"POLG",5.72064341932884,0.0570069739161395,0.363260078008403,0.15693156877762,0.875298779816502,0.999657356903497
"IDH2",9.68841046108114,-0.0110669869046798,0.300336795167381,-0.0368485882607625,0.970605732502995,0.999657356903497
"CIB1",13.2636339641084,0.094411786473777,0.235819000810871,0.400356994767763,0.688893594531333,0.999657356903497
"IQGAP1",18.0268782729636,0.0319485632453965,0.237860005730576,0.134316667265133,0.893152174094398,0.999657356903497
"FES",11.0335774632929,-0.221024543327569,0.285930072188052,-0.773002089763417,0.439521143881029,0.999657356903497
"LINC01578",20.6894405916977,0.212463542447692,0.26454603032669,0.803125044761846,0.42190246336445,0.999657356903497
"CHD2",9.97998460943521,-0.833320293891358,0.317551931815484,-2.62420161995917,0.0086852354941292,0.999657356903497
"MEF2A",6.91511956630969,-0.453520191621368,0.349530091284143,-1.29751401361518,0.194454386552934,0.999657356903497
"LRRK1",8.68542582812903,-0.105974586299685,0.330531088973978,-0.320619118245874,0.748499047642566,0.999657356903497
"SELENOS",54.3371481697906,0.0198633333216704,0.16118984466244,0.123229433983684,0.901925418245832,0.999657356903497
"SNRPA1",8.09476083115401,-0.343580074520474,0.322193931324827,-1.06637661705082,0.286253427512287,0.999657356903497
"POLR3K",4.7114740522669,0.0881976049776956,0.396079636072896,0.222676444192307,0.823787335889136,0.999657356903497
"SNRNP25",15.259195828294,-0.221416798082546,0.236835890314956,-0.934895457728536,0.349842178196331,0.999657356903497
"MPG",15.7251255921142,-0.241155129620464,0.239854835805561,-1.00542116989443,0.314694090311638,0.999657356903497
"LUC7L",5.32423881600463,-0.39948251538798,0.387301145058908,-1.03145193471406,0.302328937086165,0.999657356903497
"MRPL28",9.22745277816527,0.227440402478864,0.285992738181744,0.7952663551,0.426458580325464,0.999657356903497
"NME4",16.5156140994682,0.0404363424207857,0.235946104295877,0.171379572218231,0.863925316152494,0.999657356903497
"CAPN15",7.58009269227945,0.425055705653211,0.32673635286426,1.300913418195,0.193288092633079,0.999657356903497
"METTL26",11.4006353441044,-0.301766387894471,0.273001727000467,-1.1053643916837,0.2690017266686,0.999657356903497
"RHOT2",5.03336921733737,-0.380855279729499,0.387943447654397,-0.981728862885159,0.326233442087244,0.999657356903497
"STUB1",15.7006874660444,0.0957754198239298,0.236988276468124,0.404135686588751,0.686112943845371,0.999657356903497
"ANTKMT",8.1942291674572,0.220189520151272,0.325185056451289,0.677120660322395,0.498329401417402,0.999657356903497
"UBE2I",22.8079047686923,-0.132196051182852,0.22551093397323,-0.586206836421264,0.557736528137075,0.999657356903497
"TSR3",5.94509423235063,0.647506363342336,0.376490195967797,1.71984920265419,0.0854598561680892,0.999657356903497
"GNPTG",9.76078955581267,0.0971055062968902,0.337645365575123,0.287596147311209,0.773655894342938,0.999657356903497
"NME3",14.0556251468047,0.0986238503505571,0.264341951304488,0.373091935895392,0.709080020308617,0.999657356903497
"MRPS34",14.6599588898115,0.183702118228666,0.237619806396606,0.773092618054123,0.439467569555721,0.999657356903497
"SPSB3",10.2559937393197,0.272845485454522,0.290571649957636,0.938995547206003,0.347733030518436,0.999657356903497
"NUBP2",7.4542933580723,-0.349710222261664,0.383881518390895,-0.910984784387468,0.362303390773426,0.999657356903497
"HAGH",7.87851354886963,0.0871206620769611,0.37006130973793,0.235422238922135,0.813881026906125,0.999657356903497
"MSRB1",6.36883447962899,0.0690098653058245,0.435229779246619,0.158559612867668,0.87401585042078,0.999657356903497
"NDUFB10",22.2125849436963,-0.134864757303079,0.206566924788001,-0.652886503691193,0.513829450420634,0.999657356903497
"RPS2",299.068757819839,0.163032246189521,0.142898888849784,1.14089232954709,0.253914731805565,0.999657356903497
"TRAF7",3.52245956138411,0.272396235415605,0.531717507169748,0.512295028361072,0.608444544217481,0.999657356903497
"PGP",4.63574460936847,0.5552364165004,0.38641950619234,1.43687471155773,0.15075359664922,0.999657356903497
"ECI1",4.60312690863196,0.420393495731266,0.467305623191457,0.899611463821461,0.368327054336345,0.999657356903497
"RNPS1",12.1680990052725,-0.0235347534006134,0.25161833705065,-0.0935335384395134,0.925479706649774,0.999657356903497
"ATP6V0C",61.7406745763968,-0.165960527940757,0.142442042674581,-1.16510915474517,0.243974811648898,0.999657356903497
"AMDHD2",5.07946468238314,-0.384524601021793,0.51495246528354,-0.746718633165622,0.455233419804952,0.999657356903497
"PDPK1",6.67345754649487,-0.0377624663500362,0.347866661539498,-0.108554427673284,0.913555908508626,0.999657356903497
"KCTD5",13.4039498169456,0.693428105518092,0.339400043421531,2.04309963701702,0.0410425758515188,0.999657356903497
"SRRM2",48.3640186389666,0.0486334648186589,0.152129421077586,0.319684808330769,0.749207277127892,0.999657356903497
"ELOB",41.660153629516,0.232168743634637,0.151241956779594,1.53508159097001,0.12476378760049,0.999657356903497
"HCFC1R1",4.45698104310545,0.0810618870443513,0.428868619711241,0.189013332565415,0.850082367265687,0.999657356903497
"IL32",11.4153074067715,0.868340982557012,1.07793151652505,0.805562291523214,0.420495275602793,0.999657356903497
"PAM16",6.21661196602723,0.238007878861341,0.322360593686533,0.738328082038408,0.460315105670716,0.999657356903497
"CORO7",7.92627272235866,-0.930610458196848,0.440130483381667,-2.11439673763712,0.0344813960718833,0.999657356903497
"NMRAL1",6.62941709691217,-0.479712943614612,0.365708339096268,-1.31173640940228,0.189609087423453,0.999657356903497
"HMOX2",5.17379107412583,-0.135299790466065,0.394128298722247,-0.343288697880115,0.731381282573931,0.999657356903497
"NUDT16L1",4.89767064900311,-0.0792940526075458,0.364333210078167,-0.217641572094219,0.827708390971121,0.999657356903497
"ROGDI",4.42932736713344,0.312684349461186,0.459935449685209,0.679843986096733,0.496603251937548,0.999657356903497
"GLYR1",3.92489742323447,0.409223620291872,0.403528225459482,1.01411399370119,0.310528361437841,0.999657356903497
"UBN1",6.09887963673646,-0.275755389882904,0.350384801738343,-0.787007280323847,0.431277604338341,0.999657356903497
"CARHSP1",8.19897989244637,0.0666185457950495,0.311235928200081,0.214045165608976,0.830511836206424,0.999657356903497
"USP7",5.54341779123042,0.225458129988508,0.360984194542943,0.624565101178377,0.532256530521077,0.999657356903497
"CIITA",8.77710694850814,0.0254878010892831,0.295001846024391,0.0863987850678593,0.931149412696048,0.999657356903497
"SOCS1",7.89598654220122,-0.723871159624571,0.569473753385066,-1.27112295399346,0.203684910497156,0.999657356903497
"LITAF",16.0434853309635,0.0956654902999766,0.229730811200698,0.416424291543553,0.677099556217774,0.999657356903497
"SNN",4.37081740278263,0.262996113886897,0.49589141512202,0.530350205442019,0.595869143481985,0.999657356903497
"RSL1D1",18.6546593210721,-0.120771863976136,0.227111122243246,-0.531774326079831,0.594882306532622,0.999657356903497
"GSPT1",6.9510462799749,0.165555407585428,0.357845648781452,0.462644741242999,0.643619033079303,0.999657356903497
"TNFRSF17",2.5765197375527,0.745551406038294,0.542024768019418,1.37549324316409,0.168978579071605,0.999657356903497
"CPPED1",5.25931263878823,-0.287637727960002,0.376059525352431,-0.764872868704593,0.44434725120984,0.999657356903497
"BFAR",4.27866664897083,-0.83907815646661,0.481004674735454,-1.74442827801641,0.0810844376569627,0.999657356903497
"NTAN1",6.3304871441661,0.377634119499147,0.339531758095047,1.11222031664394,0.26604343462218,0.999657356903497
"RPS15A",555.419833023807,0.204986936734819,0.081237707630308,2.52329789594337,0.011625986740877,0.999657356903497
"ARL6IP1",33.3470958172944,-0.0178409082436959,0.154656144669459,-0.11535854771129,0.908160933687556,0.999657356903497
"SMG1",9.563636844912,0.115018248946077,0.271460464179201,0.423701658706914,0.671783405341783,0.999657356903497
"METTL9",7.76556587923015,-0.0857771623739274,0.318961538166398,-0.26892635039018,0.787986359009813,0.999657356903497
"IGSF6",16.8736330227519,0.0461471561941686,0.329533399774577,0.140037872415167,0.888630067340439,0.999657356903497
"UQCRC2",12.0393285249622,-0.173136375968485,0.277649808960167,-0.623578228333392,0.532904612437462,0.999657356903497
"GGA2",12.379801702491,0.193702281361308,0.302223976711277,0.640922945522477,0.521572747127919,0.999657356903497
"NDUFAB1",21.1539774248366,-0.105232432131927,0.205923491757329,-0.511026844163743,0.609332259915212,0.999657356903497
"PRKCB",30.6738803480509,-0.125782192345499,0.173315825517961,-0.725739798830223,0.467998298664107,0.999657356903497
"RBBP6",14.204686188671,-0.523938703976441,0.251943640839956,-2.07958693551335,0.0375634363131494,0.999657356903497
"ARHGAP17",17.7101493417815,-0.0625593137340026,0.223103545274971,-0.280404839183077,0.779166924784244,0.999657356903497
"NSMCE1",7.30247194672131,-0.084868623478422,0.313680169919815,-0.270557821682246,0.786731139596169,0.999657356903497
"CLN3",7.02836135109148,0.362355711054374,0.342912244267055,1.05670099890681,0.290648068975682,0.999657356903497
"SGF29",4.67200872280292,0.0391189799902961,0.451572025595147,0.086628439701816,0.9309668592598,0.999657356903497
"ATXN2L",9.95825731465637,-0.0542230505337801,0.287373346933869,-0.188685036772941,0.850339679854343,0.999657356903497
"TUFM",18.6903002334667,0.353598661785568,0.219978543499238,1.60742341576051,0.107961516880634,0.999657356903497
"NFATC2IP",14.3703102081956,-0.275618682337427,0.292567938272861,-0.942067281755165,0.346158194214374,0.999657356903497
"SPNS1",3.67039871077889,0.691389823619189,0.435741146936238,1.58669849859361,0.11258094655776,0.999657356903497
"BOLA2",3.47600307823029,-0.796128668181133,1.13407298197387,-0.702008319425318,0.482673975195271,0.999657356903497
"SPN",13.4575208344617,-0.498377709900373,0.268897970439318,-1.85340822426491,0.0638238694256546,0.999657356903497
"MAZ",8.19134507945123,0.752025888996923,0.307534427312885,2.44533887008303,0.0144716097211829,0.999657356903497
"PAGR1",6.66897583828337,-0.00347122445965927,0.345374931298799,-0.0100505976117188,0.991980918346265,0.999657356903497
"MVP",12.8029382945079,0.0752321068007395,0.246104678931411,0.305691493259689,0.759839550859187,0.999657356903497
"CDIPT",5.07776132499971,0.396608879986007,0.390418922545507,1.01585465530242,0.309698604665723,0.999657356903497
"TMEM219",22.945713779258,0.157370024971602,0.177584239806649,0.886171121620615,0.375525322664747,0.999657356903497
"INO80E",8.76164451366696,-0.403767585546323,0.292000504922635,-1.38276331286927,0.166737451521713,0.999657356903497
"ALDOA",31.0280100385255,-0.351963078977447,0.202037343599118,-1.74206942492677,0.0814962968975476,0.999657356903497
"PPP4C",20.0332438542495,0.113421474709288,0.212091951937658,0.534775005242191,0.592805448698479,0.999657356903497
"YPEL3",11.5683892202707,0.60441059154797,0.285696211664472,2.11557089968628,0.0343813190015199,0.999657356903497
"CORO1A",105.647999127096,-0.115440260569227,0.147219389179089,-0.784137614025801,0.432959366638253,0.999657356903497
"CD2BP2",6.71242050393493,0.0276631486528153,0.357467049466678,0.0773865694588837,0.938316024760551,0.999657356903497
"SEPTIN1",21.3476471406226,0.062946665184928,0.237653110328559,0.264867836561884,0.791111276360735,0.999657356903497
"DCTPP1",4.13045218216966,-0.0439605197850001,0.429630895965335,-0.102321597906094,0.918501412628854,0.999657356903497
"SEPHS2",6.2599382521411,0.274469866721669,0.350946367614411,0.782084933909994,0.434164660322479,0.999657356903497
"ITGAL",6.21593681174995,-0.75317574136578,0.398356894632091,-1.89070592605504,0.0586636109525454,0.999657356903497
"PRR14",3.76131921582899,0.523060749194321,0.438690984184353,1.19232162969301,0.233135156547161,0.999657356903497
"FBRS",7.7275297566855,0.0521833825839411,0.350405251883458,0.148922946512505,0.881614434419118,0.999657356903497
"SRCAP",3.5985106027158,-1.02074188918754,0.618371478175858,-1.65069367720296,0.098801139548321,0.999657356903497
"PHKG2",6.31892952934678,-0.152886673933846,0.336898433435888,-0.453806425796103,0.649968158227265,0.999657356903497
"CCDC189",6.87531799907117,0.157407914527096,0.334566472549085,0.4704832296189,0.638009813065555,0.999657356903497
"BCL7C",5.12712948738284,0.373006378183676,0.401664184630574,0.928652323150855,0.353069296375134,0.999657356903497
"ORAI3",7.14987366209445,0.356789837025508,0.333204170636718,1.07078442728889,0.284266370576107,0.999657356903497
"VKORC1",10.8925897802421,0.423829421917281,0.273428271764205,1.55005705585111,0.1211278221783,0.999657356903497
"FUS",31.7501472942188,-0.26633299130476,0.181805832498072,-1.46493095213314,0.142939757084522,0.999657356903497
"PYCARD",48.4334514623449,0.168501976204267,0.156771864958008,1.07482280860409,0.282454066699847,0.999657356903497
"VPS35",8.21582350497748,0.111701508798837,0.323264100774482,0.345542571944179,0.729686511049551,0.999657356903497
"DNAJA2",7.04616278654025,0.142518741010414,0.331492172668383,0.429930938830904,0.667245878909725,0.999657356903497
"ITFG1",4.7843873059956,-0.0344719473060453,0.407554816201543,-0.0845823578465535,0.932593425198318,0.999657356903497
"PHKB",4.34932790352695,0.0368640365617011,0.433952631839063,0.0849494480664253,0.932301579958488,0.999657356903497
"LONP2",6.62776175342271,-0.18860920119169,0.34035156981586,-0.5541599273179,0.579469400334857,0.999657356903497
"ADCY7",5.87757867675801,-0.585259394285297,0.412491636290645,-1.41883942071717,0.15594583697226,0.999657356903497
"BRD7",10.8797877952106,0.307794066108933,0.270700271553157,1.13702902602553,0.255526151795309,0.999657356903497
"SNX20",7.80748696791763,0.454956199280702,0.303966392546417,1.49673190996346,0.134463029699897,0.999657356903497
"CYLD",5.95268964740081,0.195910846621297,0.350231318273986,0.559375579507815,0.575905424102921,0.999657356903497
"CHD9",17.4835638339495,-0.347143865492509,0.238614872669651,-1.45482912112151,0.145716574041941,0.999657356903497
"RBL2",7.28119579070497,0.38974532931199,0.376402807172714,1.03544745651473,0.300459992759919,0.999657356903497
"NUDT21",6.51482810745263,0.0983398802956839,0.366387221382082,0.26840423070632,0.788388183321976,0.999657356903497
"MT2A",31.0465039801168,-0.661954005067293,0.985900811344187,-0.671420489212072,0.501952695931682,0.999657356903497
"SLC12A3",4.38821029213206,-0.12536431793242,0.461345460381139,-0.271736320606365,0.785824771930159,0.999657356903497
"HERPUD1",82.0165684086636,0.179611763240006,0.179343025888144,1.00149845443128,0.316585886966678,0.999657356903497
"FAM192A",5.31648641430875,0.0538466553181133,0.382312462789823,0.140844624643365,0.887992689050222,0.999657356903497
"CIAPIN1",2.98313170168686,-0.213343287625291,0.49893108572302,-0.427600712262951,0.66894184729839,0.999657356903497
"POLR2C",4.30647497231913,-0.13336230315484,0.433864807705316,-0.307382163259992,0.758552503113759,0.999657356903497
"ADGRG5",8.7381366123465,-0.175227971827465,0.306299304247712,-0.572080867953112,0.567267189943439,0.999657356903497
"CNOT1",6.47963466865206,0.290008449525248,0.346482129104406,0.837008391384767,0.402587851259508,0.999657356903497
"GOT2",3.54644005839424,-0.073114925131445,0.455805980263448,-0.160407998791911,0.872559689084761,0.999657356903497
"CKLF",13.2028400710598,0.215161124848667,0.251724482204352,0.854748505050047,0.392690391578174,0.999657356903497
"CMTM3",14.7579650277452,-0.494222682135895,0.32008772886351,-1.54402258371685,0.122582861670645,0.999657356903497
"CIAO2B",25.7600702550852,0.217652889692294,0.178198039215807,1.22141012690215,0.221930774812617,0.999657356903497
"TRADD",8.00471335525024,-0.600739150535519,0.370231934217626,-1.62260219882167,0.104674470175015,0.999657356903497
"E2F4",5.78672528271562,0.307691907200658,0.366875804047188,0.838681384289608,0.401648127419794,0.999657356903497
"TMEM208",11.7062524615912,0.207753896789067,0.260053879466771,0.798887896673786,0.424355417624054,0.999657356903497
"ATP6V0D1",15.0931207783831,-0.0416921204025316,0.257912744704342,-0.161652036429317,0.871579877023306,0.999657356903497
"RIPOR1",12.0000779303079,-0.192577961014527,0.319150679777707,-0.603407647913082,0.546237535717196,0.999657356903497
"CTCF",6.19854362917538,0.138541298813504,0.337082520685476,0.411001135661894,0.681071701964114,0.999657356903497
"NUTF2",11.1909263213808,0.233983181151247,0.284931832425402,0.821190033979464,0.411538032323714,0.999657356903497
"PSMB10",39.4569037982296,0.0846131051259553,0.154691691297121,0.546978990380526,0.584393166176926,0.999657356903497
"NFATC3",3.94738706487096,-0.214893413997875,0.511502089555546,-0.420122260271899,0.674396141762456,0.999657356903497
"SLC7A6",7.06830962790154,-0.652776641231405,0.387427334748125,-1.68490083864575,0.0920077047585528,0.999657356903497
"SLC7A6OS",3.36050298425938,0.122652760933891,0.458270587786344,0.267642663969248,0.788974387495703,0.999657356903497
"PRMT7",8.16533757351893,-0.821209883854788,0.37365120875317,-2.19779801220252,0.0279635031695956,0.999657356903497
"SMPD3",36.9050819531952,-0.268914401630557,0.185099271595227,-1.45281177669146,0.146276021253657,0.999657356903497
"VPS4A",4.80953804148354,-0.0467707344695892,0.391420699254669,-0.119489680945971,0.90488741487747,0.999657356903497
"CYB5B",5.7901573357371,0.229018742626069,0.4211014336796,0.54385647805778,0.586540240249925,0.999657356903497
"NOB1",3.87116432865065,1.02663967654519,0.413148800621253,2.48491505966235,0.0129582349463502,0.999657356903497
"ST3GAL2",8.66322758636912,0.176759961435993,0.322939910982331,0.54734628772987,0.584140849008038,0.999657356903497
"IST1",5.14618171617257,-0.143890820872373,0.392054474073683,-0.367017418210435,0.71360602544041,0.999657356903497
"PSMD7",16.8540119343976,-0.0475438575486741,0.220059493680071,-0.216050017900135,0.828948759475894,0.999657356903497
"GLG1",14.9212839295861,0.253743157328979,0.240032131324385,1.05712162754604,0.290456081864881,0.999657356903497
"CFDP1",5.67451421743941,0.260679665707751,0.362686257948689,0.718747016173495,0.472296808749924,0.999657356903497
"GABARAPL2",30.3330144430261,0.1722040451052,0.184114758710173,0.935308208378219,0.349629486308129,0.999657356903497
"KARS",5.12329164019787,-0.0939355286415556,0.428835467592079,-0.219047946684554,0.82661269852695,0.999657356903497
"TERF2IP",11.9509885420946,-0.266729978032185,0.263389915865007,-1.01268105559854,0.311212529512646,0.999657356903497
"CMC2",5.91352246483531,-0.0873965714269924,0.351910818561145,-0.248348634987495,0.803864672100514,0.999657356903497
"PLCG2",4.74440242208236,-0.408423252263703,0.410844024064128,-0.994107808173822,0.320170384385969,0.999657356903497
"HSBP1",15.4206048444498,0.259390523024299,0.233666886086393,1.11008678794305,0.266961629945514,0.999657356903497
"COTL1",27.7500145519506,-0.644996480788374,0.541578475340375,-1.19095663907802,0.233670607663011,0.999657356903497
"USP10",6.47302373570993,0.015136512762242,0.358584994874754,0.0422117851516036,0.966329867742676,0.999657356903497
"EMC8",4.71596931614294,-0.308578598474931,0.427999759060942,-0.720978439688779,0.470922780019915,0.999657356903497
"COX4I1",126.229950103176,0.076956612323806,0.114297719965668,0.673299627909655,0.500756689450164,0.999657356903497
"IRF8",180.056163854038,-0.195947636868667,0.183022495777136,-1.07062050507315,0.284340099765892,0.999657356903497
"MAP1LC3B",15.6703157429152,-0.172688935448934,0.226022933768361,-0.764032802201896,0.444847695170062,0.999657356903497
"SLC7A5",17.8910153067604,-0.17539285708543,0.300335686625952,-0.583989398848462,0.559227444428642,0.999657356903497
"ZFPM1",4.3439049475779,-0.0453785246322587,0.490478672978069,-0.0925188537897706,0.926285812306398,0.999657356903497
"CYBA",316.51574885832,0.210771564654801,0.117373490051795,1.79573398185391,0.0725368346717322,0.999657356903497
"RNF166",8.0314603493096,-0.270451425339767,0.343027858922737,-0.788424083656375,0.430448688144952,0.999657356903497
"APRT",44.1288931876039,-0.0927620145649992,0.15212770404989,-0.609764113278001,0.542018077097551,0.999657356903497
"TRAPPC2L",7.70087564447094,-0.152550080423246,0.317869120007902,-0.479914753655383,0.631288009969428,0.999657356903497
"CBFA2T3",15.3084644376192,-0.051844703026064,0.275227343713762,-0.188370466126297,0.850586249864341,0.999657356903497
"ANKRD11",19.7660667567236,-0.0206906830032907,0.234590173194862,-0.0881992741703806,0.929718294198524,0.999657356903497
"SPG7",6.70472162431319,0.247707400898983,0.366862251112814,0.675205476027051,0.499545228015098,0.999657356903497
"RPL13",686.781020776229,0.00375615561518057,0.119163197098233,0.0315211047256828,0.974853961369224,0.999657356903497
"ZNF276",2.90785708893606,0.118435131190993,0.619796827301178,0.191087023963486,0.848457413696234,0.999657356903497
"TCF25",22.6782912718072,-0.0645997481566525,0.20563329632937,-0.314150233983415,0.753406938107175,0.999657356903497
"DEF8",4.85653549772608,0.355464444845099,0.381981989773039,0.930579070118736,0.352071345246714,0.999657356903497
"GLOD4",5.20858783833089,-0.237234447679939,0.378273499747445,-0.627150587705268,0.530560529466769,0.999657356903497
"YWHAE",16.6023364413643,-0.0894049429608799,0.250387445079158,-0.357066397369145,0.721042099532198,0.999657356903497
"INPP5K",4.17672486163877,-0.126722885408208,0.458820826431023,-0.276192531175912,0.782400193474447,0.999657356903497
"PITPNA",2.98471724861435,0.609108823219052,0.462950882911553,1.3157093888412,0.188271601736313,0.999657356903497
"RILP",5.062869976374,0.091421972115489,0.398137511411387,0.229624111004764,0.818383869574707,0.999657356903497
"PRPF8",14.9982411659573,-0.0381430748428578,0.236034778057089,-0.161599384450169,0.871621342078982,0.999657356903497
"SERPINF2",5.4004122062466,0.179506432922486,0.433690637833477,0.413904330098568,0.678944172590252,0.999657356903497
"SERPINF1",80.4569894727767,0.366601168262643,0.203977236227769,1.79726510194148,0.0722935436388642,0.999657356903497
"RPA1",5.35691545449999,-0.198461537003405,0.375070885295827,-0.52913074510402,0.596714754793326,0.999657356903497
"DPH1",3.91836337563454,0.183814696482346,0.52418162330531,0.350669860044451,0.725836039582074,0.999657356903497
"OVCA2",3.87942842213279,-0.112852830321629,0.434963097676988,-0.259453804068305,0.795285120867133,0.999657356903497
"PAFAH1B1",9.39153557289501,-0.091420288497008,0.308318238270658,-0.296512749326086,0.766838531952574,0.999657356903497
"RAP1GAP2",4.65051895861885,-0.0629603363034565,0.390937475167604,-0.161049631469748,0.872054310540188,0.999657356903497
"TAX1BP3",10.6127331899373,0.0621630064206934,0.305105990780995,0.203742333153052,0.838554858915682,0.999657356903497
"EMC6",11.1297710639533,0.0893783605528098,0.258338889821443,0.345973308991866,0.729362773819106,0.999657356903497
"ITGAE",9.61805708850159,0.310560512899666,0.277461418490774,1.11929260143241,0.263015331127517,0.999657356903497
"P2RX1",6.84035651891184,0.140472755016526,0.361949646660515,0.388100268400815,0.697941833332897,0.999657356903497
"ATP2A3",14.5923993757759,0.143512254428735,0.22702232213482,0.632150411815046,0.527288596680097,0.999657356903497
"SPNS3",8.73003646276834,0.0705214227024689,0.328974166754686,0.214367661139351,0.830260358152173,0.999657356903497
"ARRB2",10.5814966667264,-0.334944671614878,0.296463874329784,-1.12979927949767,0.258560811891472,0.999657356903497
"MED11",3.86025107898581,0.429617096308458,0.449767304846922,0.955198591980087,0.33947727773461,0.999657356903497
"PSMB6",21.3175114853185,-0.115962075707013,0.220578651890409,-0.525717582881172,0.599084445332089,0.999657356903497
"SLC25A11",6.87063817268671,0.00841372029349717,0.330169892779467,0.0254830027737175,0.979669705907118,0.999657356903497
"RNF167",7.835184416303,-0.180284700291307,0.311664559291723,-0.57845749513841,0.562955286238758,0.999657356903497
"PFN1",267.911399161806,0.0800283722416688,0.10869038698988,0.736296690609083,0.461550159780599,0.999657356903497
"SPAG7",10.3769352772675,-0.0134116416803654,0.292375956773534,-0.0458712194681375,0.963412893558725,0.999657356903497
"RABEP1",5.83651903852725,-0.267342498746931,0.366695232455745,-0.729059107086144,0.465965507403819,0.999657356903497
"RPAIN",8.77786136012488,0.0721724300568759,0.318218953762451,0.226801166943539,0.82057835625825,0.999657356903497
"C1QBP",27.3107340359853,0.153102946398383,0.211046380772702,0.725446917581949,0.46817789881855,0.999657356903497
"DERL2",6.56704004082153,-0.719967008276382,0.385518931210732,-1.86752698762498,0.0618280316865247,0.999657356903497
"TXNDC17",13.244896158931,-0.120100326504818,0.26546688334467,-0.452411709481989,0.65097241295793,0.999657356903497
"XAF1",30.83671511868,-0.267095405832652,0.204330917127092,-1.30717078740718,0.191154714438006,0.999657356903497
"RNASEK",96.5776120798925,0.153543259728237,0.125217450570583,1.22621295217704,0.220118548444092,0.999657356903497
"C17orf49",27.5268812505219,-0.278450752727168,0.195894718368423,-1.42143062889261,0.155191607463169,0.999657356903497
"ACADVL",16.0354005033814,0.0264856458686949,0.252940854711638,0.104710826168788,0.916605271151063,0.999657356903497
"GABARAP",145.359602428567,-0.105969296631146,0.147023403152017,-0.720764819472841,0.471054223958713,0.999657356903497
"EIF5A",24.6709157655386,-0.217420164576393,0.196033323887303,-1.10909798530675,0.267387913939801,0.999657356903497
"GPS2",15.466517877075,-0.0571369638133485,0.222650835923575,-0.256621375690504,0.797471072063973,0.999657356903497
"ACAP1",12.8993418040379,-0.254048570870545,0.269286616523415,-0.943413282659205,0.345469551760835,0.999657356903497
"TMEM256",13.1395220233813,0.283817815427947,0.231944237116212,1.22364676508752,0.221085509922878,0.999657356903497
"POLR2A",10.6073870211664,-0.287361401659136,0.273985709173788,-1.04881894214732,0.294261457674711,0.999657356903497
"TNFSF13",15.8956813571512,-0.438313142253574,0.293979225752434,-1.49096638081048,0.135970321687734,0.999657356903497
"EIF4A1",67.1174225876806,-0.115043222909898,0.131101802823864,-0.877510609556292,0.380209358737565,0.999657356903497
"CD68",58.0965192079446,-0.172443141535611,0.163402460404508,-1.05532769279436,0.291275479982745,0.999657356903497
"MPDU1",5.89905952280526,0.119197188677563,0.38307571889004,0.31115829795461,0.755680283856953,0.999657356903497
"SAT2",8.33265758550863,0.587203212191093,0.358539716921399,1.6377633619871,0.101471067194245,0.999657356903497
"NAA38",17.6007672661687,0.0925725781434859,0.227123732132015,0.407586548858216,0.68357724128581,0.999657356903497
"CHD3",8.40401616773897,0.251485145659524,0.406579891883756,0.618538079919173,0.536220704203708,0.999657356903497
"TRAPPC1",37.6356678009413,-0.0447024527792133,0.154762178196713,-0.288846107621938,0.772699146416621,0.999657356903497
"VAMP2",20.7781165628955,-0.0181044995560168,0.194577612220232,-0.0930451317057238,0.925867706796224,0.999657356903497
"TMEM107",5.18024353483547,-0.874354227555504,0.435978464937283,-2.00549866076822,0.0449097637725386,0.999657356903497
"RANGRF",4.89867658069905,-0.169105739857528,0.465415549812664,-0.363343553788856,0.716348262000576,0.999657356903497
"RPL26",443.443871432634,-0.00819390318375681,0.114615233566703,-0.07149052467784,0.94300736547525,0.999657356903497
"STX8",6.73844700265988,0.324215014367606,0.332727276221403,0.974416699615172,0.32984968107091,0.999657356903497
"HS3ST3B1",7.24871132108761,-0.721439763517703,0.447082931063483,-1.61365982324935,0.106601233059763,0.999657356903497
"ZSWIM7",5.49942563901062,-0.251253151016186,0.44606561792871,-0.563265001644536,0.573254446239607,0.999657356903497
"TTC19",4.76971281071356,-0.0631157552202271,0.404857211557786,-0.155896334357918,0.876114734741276,0.999657356903497
"NCOR1",14.4643237450946,-0.124647615709806,0.255162592216142,-0.488502701854589,0.62519381242024,0.999657356903497
"UBB",69.7590353007149,0.139720206818794,0.145143316332783,0.962636174706423,0.335730136988322,0.999657356903497
"TRPV2",7.34524142311734,0.125432562052236,0.328560744927137,0.381763689025152,0.702636654398869,0.999657356903497
"SNHG29",78.3976545903876,0.113714676729675,0.156409694990664,0.727030870666057,0.467207044829163,0.999657356903497
"MPRIP",4.02551536309165,-0.100414290034917,0.488015809389782,-0.205760321905299,0.836978136487486,0.999657356903497
"COPS3",5.27032620035624,-0.142735497860101,0.423199588573573,-0.337277024160637,0.735908078110014,0.999657356903497
"RASD1",22.1967686151005,0.0513535423127609,0.53659494023852,0.0957026212172891,0.923756759027911,0.999657356903497
"ATPAF2",4.78339695931136,-0.280771823033137,0.419178889769695,-0.669813842933262,0.502976467932354,0.999657356903497
"DRG2",3.83271185002222,-0.310880206000682,0.506388544955849,-0.61391634762944,0.539270606923972,0.999657356903497
"FLII",7.44875464221874,-0.041660982628475,0.360508967288932,-0.115561571024905,0.908000020670726,0.999657356903497
"AC007952.4",11.4063529127099,-1.00957516459299,0.40095464634851,-2.51792858316317,0.0118047253995947,0.999657356903497
"USP22",6.54997606116242,0.171935659288366,0.386264939110238,0.44512364928699,0.656230399066123,0.999657356903497
"TMEM11",4.16479280292039,-0.863726923084051,0.475874895195718,-1.81502939491863,0.0695193922910186,0.999657356903497
"MAP2K3",6.82568911041823,-0.0515478616875075,0.329127379106186,-0.15661979209234,0.875544503217132,0.999657356903497
"WSB1",11.4521926488823,-0.092117177298136,0.283000475252308,-0.32550184665241,0.74480128523011,0.999657356903497
"LGALS9",20.4606376945827,0.154926952103799,0.287355778552839,0.539146812651659,0.589785556634989,0.999657356903497
"IFT20",3.89398732360319,0.696878505599286,0.39927034364091,1.74538008319003,0.080918730222722,0.999657356903497
"POLDIP2",4.5290298257026,0.564425896402581,0.398429652226868,1.416626230623,0.156592235290977,0.999657356903497
"UNC119",17.3864399966675,-0.0549459577921584,0.217102921206016,-0.253087141743332,0.800200874898477,0.999657356903497
"PIGS",5.27764233747439,-0.0134193329718179,0.3936396300603,-0.0340904013393221,0.972805062659279,0.999657356903497
"KIAA0100",12.596344030702,-0.262813026880643,0.270981608342948,-0.969855587202927,0.332118480493578,0.999657356903497
"SDF2",5.81195775389435,0.0505766288830427,0.358956559155252,0.140899024110513,0.887949713103935,0.999657356903497
"SUPT6H",7.09742435486685,0.25887131468416,0.345165504775089,0.749991847687217,0.453259614701822,0.999657356903497
"RAB34",4.97888808047716,0.212917828492093,0.395374648955612,0.538521701010721,0.590216927293438,0.999657356903497
"RPL23A",189.106704783775,-0.0502559384911191,0.150514972034224,-0.333893285245351,0.738460086905688,0.999657356903497
"TRAF4",30.3867463706729,0.0361335912501317,0.222656921191905,0.1622837100985,0.871082442095459,0.999657356903497
"FLOT2",6.2603315356952,-0.370259650330375,0.407845200035808,-0.907843589425271,0.363960864817555,0.999657356903497
"NUFIP2",6.26657304908105,-0.319884093248712,0.414723781603205,-0.771318423101108,0.440518214999683,0.999657356903497
"TAOK1",5.83930295530136,-0.397968054165861,0.384588594815373,-1.0347890174874,0.300767452972831,0.999657356903497
"ABHD15",8.17686151944411,-0.195779108403402,0.350236908618181,-0.558990510668411,0.576168196415639,0.999657356903497
"TP53I13",17.2258612836064,0.289698776962405,0.216542032480665,1.33784085077465,0.180948322083675,0.999657356903497
"SSH2",5.90736878571476,-0.548864225803348,0.478751667692737,-1.14644869739777,0.251609543073841,0.999657356903497
"NSRP1",5.74382534913894,0.0729415802185392,0.390635083197006,0.186725625413817,0.851875763282594,0.999657356903497
"GOSR1",4.00174440671568,0.416702585918112,0.467420697957359,0.89149365387351,0.372664394600335,0.999657356903497
"CRLF3",4.55703181363871,-0.28698842629545,0.407113998620846,-0.704933820177302,0.480851422027451,0.999657356903497
"EVI2B",18.3154290608784,0.0170922971017978,0.232462504702528,0.0735271140766124,0.941386668551816,0.999657356903497
"UTP6",7.84040979174726,0.322530717735775,0.298650599394284,1.07996005496029,0.280159968366925,0.999657356903497
"SUZ12",10.9605921318246,0.0327516490966901,0.330964169134012,0.098958292622391,0.921171385167862,0.999657356903497
"ZNF207",17.4012993303703,-0.431063116374755,0.251434171111455,-1.71441739390178,0.0864520962755576,0.999657356903497
"PSMD11",7.73614197542557,-0.00735574851925372,0.317060911446546,-0.0231997961706921,0.981490901196905,0.999657356903497
"SLFN5",7.32300502852425,0.741203532525699,0.571658184598588,1.29658518410991,0.194773952940451,0.999657356903497
"AP2B1",5.30658403886412,0.265086534535181,0.383210296298785,0.691752119124942,0.489093010247546,0.999657356903497
"TAF15",15.1758309230769,-0.0113947047111877,0.293085078845193,-0.0388784879669918,0.968987267715012,0.999657356903497
"CCL5",9.30224890046156,0.770225075471849,1.20259804807026,0.64046759156793,0.521868652131008,0.999657356903497
"ZNHIT3",4.87026472028568,0.074614865206748,0.411325541866947,0.18140100142598,0.856052832894388,0.999657356903497
"GGNBP2",17.9940921491963,-0.408924427012928,0.241269104663426,-1.6948893128417,0.0900964202643111,0.999657356903497
"AATF",9.68432219458335,-0.162170390283584,0.275854600174895,-0.587883581353241,0.556610437630411,0.999657356903497
"SYNRG",10.2577136371036,-0.384326172223782,0.274429668964668,-1.40045416253176,0.161377360489976,0.999657356903497
"CISD3",6.48882932518427,-0.0199231302463509,0.329011960248779,-0.0605544255329994,0.951714070031421,0.999657356903497
"PSMB3",33.2495456158893,0.18936788791964,0.190637477205692,0.993340295388605,0.320544146687922,0.999657356903497
"RPL23",55.9881157407728,0.240404804240438,0.200057153826468,1.20168061797464,0.229487293327926,0.999657356903497
"LASP1",8.75799973111786,-0.429001836208734,0.329667138557452,-1.30131816621441,0.193149571597034,0.999657356903497
"RPL19",581.947143824704,0.135868692924448,0.10628166272544,1.27838320779231,0.201114341952227,0.999657356903497
"CDK12",5.10630069612219,-0.159814638145057,0.400838074138391,-0.398701242362221,0.690113352343342,0.999657356903497
"STARD3",4.19581804144806,-0.20199801209099,0.443330949115636,-0.455637064125433,0.648650985819317,0.999657356903497
"MIEN1",11.8741251498508,-0.156251312296515,0.284035789896293,-0.550111351648908,0.582243001188048,0.999657356903497
"PSMD3",9.00372940813984,-0.0160710461226167,0.306501103298584,-0.0524338932214569,0.958182968365743,0.999657356903497
"CASC3",5.85674527975507,-0.268240551514053,0.438924205614475,-0.611131826595272,0.541112311319697,0.999657356903497
"RARA",5.48130095854007,-0.149882649464119,0.380708991445562,-0.393693484608837,0.693807352232451,0.999657356903497
"CCR7",5.53285289057142,0.284210096967276,0.670291425538441,0.424009745819099,0.671558705743659,0.999657356903497
"SMARCE1",11.3943819494502,-0.0817114866439304,0.255044463081591,-0.320381339224722,0.74867926978358,0.999657356903497
"KRT10",18.4713763107626,0.171322358903756,0.246973544654303,0.693687087592969,0.487878465427943,0.999657356903497
"EIF1",173.396995577354,0.0337505923062803,0.126883147175412,0.265997439830375,0.790241180739171,0.999657356903497
"ACLY",5.48332429866469,0.0909353739322312,0.408193094563474,0.22277538533443,0.823710326266778,0.999657356903497
"CNP",12.5134491452012,0.0207354554306015,0.29238957802623,0.0709172179479713,0.943463639936316,0.999657356903497
"DNAJC7",19.8614058139925,-0.109380868266313,0.221080399995298,-0.494756062810809,0.620772322350029,0.999657356903497
"NKIRAS2",4.70191723488299,0.170106675236163,0.36692483515906,0.46360087662756,0.642933726178682,0.999657356903497
"KAT2A",4.58801902027711,0.524063543139697,0.39330312277917,1.33246728232551,0.182706685680049,0.999657356903497
"RAB5C",18.5455767645806,0.0955216198998444,0.214013737779108,0.446334057295126,0.655355958550029,0.999657356903497
"STAT5A",3.86180739481489,-0.542460917848272,0.476825152378142,-1.13765164262576,0.255265973263945,0.999657356903497
"STAT3",12.6383358142689,-0.352027276724958,0.253630352281319,-1.387954058174,0.165151035136995,0.999657356903497
"COASY",5.09006705013554,-0.0491480014305146,0.40275487291992,-0.122029563724948,0.902875604767088,0.999657356903497
"MLX",8.65201685783176,0.0922069421350664,0.303699676668437,0.30361224992588,0.761423317798369,0.999657356903497
"TUBG1",3.60642981452685,0.209509063241419,0.424930705192296,0.493042890714638,0.621982281849335,0.999657356903497
"VPS25",5.78781040944986,0.606332167642007,0.322723362384755,1.87879849528566,0.060272012595305,0.999657356903497
"COA3",5.64269249805972,0.508431107427216,0.338806834189352,1.50065186448708,0.133445629233978,0.999657356903497
"BECN1",7.58811069022528,-0.580507364109276,0.329029685543257,-1.76430088109165,0.0776813357179013,0.999657356903497
"PSME3",6.04746556579118,0.0608816727846981,0.363866003970749,0.16731893642252,0.867119105056981,0.999657356903497
"RPL27",154.862641782895,0.122634852458096,0.111186796787454,1.10296236604896,0.270043508672652,0.999657356903497
"IFI35",26.8758674432062,0.0815862692888392,0.227253916513609,0.359009299115658,0.719588132709307,0.999657356903497
"NBR1",5.08518007392124,-0.0229063760362973,0.382975095404826,-0.059811659586073,0.952305639197165,0.999657356903497
"DUSP3",4.86436210371726,-0.0223061710145395,0.421334786303371,-0.0529416790155051,0.957778375889656,0.999657356903497
"TMEM101",3.67990271417934,0.601059130702846,0.418157769043118,1.43739797559726,0.150604943695899,0.999657356903497
"LSM12",6.28397807467678,-0.0289758148074192,0.368155320225091,-0.0787054083306561,0.937266943601938,0.999657356903497
"G6PC3",6.48530538527589,-0.210995408837065,0.3641195762575,-0.579467357964441,0.562273865692194,0.999657356903497
"HDAC5",3.12268602122622,-0.18581340354618,0.535463384324046,-0.347014210468837,0.728580642959402,0.999657356903497
"TMUB2",4.11519149609507,0.493432329009829,0.394965367714359,1.24930530457719,0.211553428495842,0.999657356903497
"UBTF",8.66377442065271,-0.406165776714293,0.330962757308223,-1.22722502077789,0.219738027747883,0.999657356903497
"SLC25A39",8.27188935291485,0.163674232327553,0.323712696625782,0.505615732819906,0.613126434825184,0.999657356903497
"GRN",123.483199236601,-0.209684551315177,0.138010620373992,-1.51933634344196,0.128677856103111,0.999657356903497
"GPATCH8",4.39037215629416,-0.548253638406348,0.505686352329729,-1.0841772491595,0.278286216971227,0.999657356903497
"EFTUD2",4.74442721395204,0.224100357344197,0.375773585529113,0.596370702929132,0.55092760774478,0.999657356903497
"NMT1",8.74372512265671,0.184454825201668,0.302689847779914,0.609385569270183,0.542268900780813,0.999657356903497
"FMNL1",11.673517658777,0.123744619250361,0.254086275785473,0.487018115668866,0.626245493108321,0.999657356903497
"MAP3K14",5.25951340928703,-0.112955766619905,0.380792700307622,-0.29663322466175,0.766746542315777,0.999657356903497
"ARHGAP27",14.8806908259527,0.00774780548899604,0.243432176944366,0.031827368042503,0.974609721146768,0.999657356903497
"KANSL1",6.12807932632915,-0.515177345158148,0.405623094041488,-1.27008879111172,0.204053003857133,0.999657356903497
"CDC27",3.33718827052412,-0.261746072133107,0.462361715946901,-0.566106714949485,0.57132123880727,0.999657356903497
"NPEPPS",6.39750383941995,-0.120842132756708,0.324823339810931,-0.372024168050997,0.70987485525392,0.999657356903497
"KPNB1",11.4824450300865,-0.338372523677141,0.291113501531038,-1.16233881938679,0.245097864101776,0.999657356903497
"MRPL10",3.08968685116158,0.451549317959606,0.512509792112932,0.881055005989244,0.378288048656232,0.999657356903497
"CDK5RAP3",9.4040352112986,0.099518452069255,0.298459767620767,0.333440090979722,0.738802104707017,0.999657356903497
"HOXB2",4.74021450873868,0.338439613075807,0.380219144873505,0.890117232756393,0.373402940666635,0.999657356903497
"CALCOCO2",8.03625224523481,0.271848838440961,0.314818056980103,0.863510946762949,0.387856603376656,0.999657356903497
"ATP5MC1",19.9461328763051,0.2252013829468,0.212745472328995,1.05854841694841,0.289805489540505,0.999657356903497
"UBE2Z",4.82131741154297,-0.342839965936253,0.39905926482844,-0.859120426845983,0.390274078688533,0.999657356903497
"SNF8",11.6551894556447,-0.245696554950646,0.262035498255607,-0.9376460692779,0.348426327703268,0.999657356903497
"ABI3",3.33023577093163,-1.45686882934909,0.74922841557013,-1.94449222569926,0.0518361220208403,0.999657356903497
"ZNF652",6.72448973724305,-0.416744886330368,0.401623597950199,-1.03765039817716,0.299432845396852,0.999657356903497
"PHB",36.7526925261937,-0.18490045314963,0.200780785068153,-0.920907113132702,0.357098924568679,0.999657356903497
"SPOP",6.84769649078504,-0.118649065022021,0.36158693055438,-0.32813427421204,0.742810140301932,0.999657356903497
"SLC35B1",5.55245844390685,-0.582645140526457,0.390399743010318,-1.49243218254644,0.135585883500211,0.999657356903497
"PPP1R9B",6.91766435832516,-0.416889396737348,0.379389118113818,-1.09884384351867,0.271836184651944,0.999657356903497
"MRPL27",6.9016484896652,0.152804823491128,0.356559643352211,0.428553332773522,0.668248313297057,0.999657356903497
"LRRC59",6.1279107710935,-0.0943116478923402,0.34458007891678,-0.273700233016423,0.784314998670243,0.999657356903497
"LUC7L3",18.3665268921978,0.0416047320792915,0.213856989708636,0.194544644699128,0.845749442012066,0.999657356903497
"TOB1",4.25030892011505,-0.589515551002724,0.525371677003691,-1.12209237156609,0.261823167029846,0.999657356903497
"SPAG9",4.05080815771929,-0.196721262564723,0.440267353043177,-0.446822280155373,0.655003383117815,0.999657356903497
"NME1",6.19022219730228,0.256898230303314,0.352367637548482,0.729063066320802,0.465963085644295,0.999657356903497
"NME2",80.1873843906072,0.155771436156768,0.134593015137129,1.1573515609117,0.247128755740646,0.999657356903497
"UTP18",3.93013382466269,0.30012998629205,0.418927531930424,0.71642459236099,0.473729214297673,0.999657356903497
"TRIM25",5.87044490514634,0.121863074118711,0.409809637299781,0.2973650764332,0.766187803362825,0.999657356903497
"MRPS23",7.40213591444258,0.283871868001874,0.297542597850716,0.9540545456429,0.340056032810172,0.999657356903497
"CUEDC1",7.34610725178086,0.147462792182864,0.39057495099895,0.377553122149045,0.705762594440264,0.999657356903497
"VEZF1",9.01877187077051,-0.195772215633298,0.356619314090505,-0.548966945698329,0.583028134032607,0.999657356903497
"SRSF1",7.53846786302672,0.38248063855565,0.328781202431124,1.16332879047662,0.244696128898483,0.999657356903497
"AC004687.1",7.69126050285579,0.101145842273089,0.313319452894596,0.322820180294122,0.746831428921847,0.999657356903497
"SUPT4H1",15.5322799464075,-0.277067254576221,0.235304371384442,-1.17748451907656,0.239002172924948,0.999657356903497
"CLTC",13.8887817468559,-0.0529236527041494,0.250887746642014,-0.210945546016103,0.832929763103613,0.999657356903497
"PTRH2",3.35282806316676,-0.0528605340744477,0.486701554347583,-0.108609749860583,0.913512027235129,0.999657356903497
"VMP1",5.17038783459865,-0.336446045760151,0.390196955774828,-0.862246721254036,0.388551764504277,0.999657356903497
"DCAF7",9.28503064705154,0.260544961939069,0.27828508737964,0.936251972365413,0.349143469807471,0.999657356903497
"LIMD2",39.6210959831528,0.0408453101884748,0.169580240360727,0.240861258962658,0.809662649119573,0.999657356903497
"CCDC47",7.41978138722898,-0.295918106352653,0.318507654741123,-0.929076905838163,0.352849231875264,0.999657356903497
"DDX42",4.92326899048566,0.272895330471513,0.358622385332286,0.760954535001094,0.446684223525844,0.999657356903497
"PSMC5",11.8100601500885,-0.228953850394732,0.256452531065212,-0.892772824053401,0.371978842413891,0.999657356903497
"SMARCD2",6.4713306369939,-0.107291131593924,0.413618694747644,-0.259396233672136,0.795329535387763,0.999657356903497
"ICAM2",5.75303040503444,-0.555182794993849,0.40900630835658,-1.35739421043313,0.174655986842964,0.999657356903497
"ERN1",24.3651533320558,0.116327341332419,0.215267829370016,0.540384235177418,0.588932077514297,0.999657356903497
"TEX2",6.51134649298557,0.211813097107504,0.339626920951891,0.623664038509797,0.532848244833608,0.999657356903497
"PECAM1",17.1220455440439,0.0184322370063916,0.268229746791741,0.0687180941966993,0.945214015163402,0.999657356903497
"MILR1",9.88711984896308,0.0894959767275347,0.300245022125365,0.298076471323366,0.765644798934475,0.999657356903497
"DDX5",112.783823357718,0.0156559126945448,0.112920207217205,0.138645802025764,0.889730048027148,0.999657356903497
"HELZ",4.0779795176016,-0.449070670592561,0.477757639684229,-0.939954975684684,0.347240656054828,0.999657356903497
"PSMD12",3.93135459978002,-0.0834903341929587,0.45658379387707,-0.182858733298444,0.854908862935137,0.999657356903497
"BPTF",13.0036386912117,0.0968541773377074,0.299486970877937,0.323400303705307,0.746392099563157,0.999657356903497
"KPNA2",4.67827267229269,-0.232622106078042,0.426609961202058,-0.545280530774723,0.585560592300811,0.999657356903497
"AMZ2",4.62205758155157,-0.107510492724763,0.431033857034021,-0.249424705206574,0.80303227691322,0.999657356903497
"PRKAR1A",9.91647549057404,-0.578044000164587,0.339330789886208,-1.70348231694044,0.0884778444554706,0.999657356903497
"MAP2K6",11.9253097223518,-0.0784665553889908,0.246999690628153,-0.317678759796985,0.750728624453273,0.999657356903497
"RPL38",63.1250700964029,0.0747032441892626,0.217185926212442,0.343959875725056,0.730876461553213,0.999657356903497
"TTYH2",4.51400968696701,-0.0897251487812079,0.397518614889169,-0.225713074609661,0.821424588422436,0.999657356903497
"CD300A",13.1646284090456,0.00890833025208487,0.430552562195265,0.0206904592709049,0.983492579791191,0.999657356903497
"SLC9A3R1",11.1410049670403,-0.0978018472326608,0.307838893731009,-0.317704647542426,0.750708985512963,0.999657356903497
"MRPL58",4.4876979447187,-0.278585231562542,0.45177913117852,-0.616640327842986,0.537471988436434,0.999657356903497
"ATP5PD",25.0920589695978,0.0932070520403203,0.197505685498026,0.471920855368247,0.63698328133787,0.999657356903497
"NT5C",11.067227497269,0.0979419256377511,0.26047390889595,0.37601434267597,0.706906233258104,0.999657356903497
"JPT1",7.62874796933197,-0.234175380617148,0.332359183668081,-0.70458525632622,0.481068376401095,0.999657356903497
"SUMO2",58.4707594611383,-0.0663724823210244,0.154842225796848,-0.428645881182984,0.668180950581132,0.999657356903497
"GGA3",4.90550884015729,0.158827172829643,0.427292021421253,0.371706385486333,0.710111470205181,0.999657356903497
"MRPS7",10.604968579521,-0.0571532004354455,0.271993001923745,-0.210127466630442,0.833568188732506,0.999657356903497
"MIF4GD",23.4646284990152,0.0286507805638132,0.204654937961032,0.139995549822837,0.888663506489753,0.999657356903497
"GRB2",27.1732186553449,-0.323423701354278,0.205616278477821,-1.57294793850266,0.115730873589442,0.999657356903497
"TSEN54",6.33752393465199,-0.705008197380318,0.40884889798731,-1.72437348088975,0.0846404417797534,0.999657356903497
"MYO15B",7.10576725380465,-0.630534419093828,0.364800575558394,-1.72843592181476,0.0839100999402848,0.999657356903497
"RECQL5",5.19164719954083,-0.278269292447482,0.382035159919455,-0.72838660322822,0.466376961716167,0.999657356903497
"SMIM5",19.6418475009179,0.280647062498845,0.230466631676124,1.21773404009844,0.223325056978201,0.999657356903497
"SAP30BP",13.1082894120952,-0.00509511504002102,0.269921928609324,-0.0188762545758019,0.984939822269645,0.999657356903497
"GALK1",8.99455524838074,-0.5231242281227,0.398979229182929,-1.31115654615407,0.189804879844595,0.999657356903497
"H3F3B",224.624680731382,-0.125792585332144,0.136221447266373,-0.923441850431702,0.35577699069275,0.999657356903497
"WBP2",9.40088413534855,-0.211806080953309,0.300176508649526,-0.705605118489154,0.480433740292895,0.999657356903497
"MRPL38",8.33953864481253,-0.480000935107319,0.323615249466511,-1.48324572435513,0.138009136865621,0.999657356903497
"UBALD2",16.381303428815,0.101470780177567,0.228454325263578,0.444162219561811,0.656925304952082,0.999657356903497
"SPHK1",6.54597793069945,0.126799555522285,0.377686728906816,0.33572679635659,0.737076896927597,0.999657356903497
"RHBDF2",7.35982302997752,-0.0154833929299722,0.35631243512042,-0.0434545399032716,0.965339202171167,0.999657356903497
"SNHG16",5.1613125973343,0.370737478295901,0.418523600522698,0.885822156344071,0.375713368558215,0.999657356903497
"METTL23",7.74031345869509,-0.192791559662107,0.337217880304676,-0.57171215087385,0.567517001150768,0.999657356903497
"SRSF2",26.170037161123,-0.416038920573316,0.285803767457068,-1.45568032316373,0.145481011830571,0.999657356903497
"SEPTIN9",47.3375574724183,0.054665923635356,0.151224216995878,0.36148921595571,0.717733765171485,0.999657356903497
"SYNGR2",44.7877877247699,0.193487886931672,0.209010907442848,0.925731050589212,0.354585767057439,0.999657356903497
"CYTH1",11.7090724947579,0.357481408246052,0.28657194406394,1.24744035712823,0.212236076609633,0.999657356903497
"TIMP2",6.62087638216022,-0.125819880177353,0.461506850762182,-0.272628412708414,0.785138868821341,0.999657356903497
"LGALS3BP",3.57460506399696,0.0536049251909835,0.670198420461723,0.079983663873832,0.936250248680135,0.999657356903497
"CBX4",10.5803420581709,-0.22987921801036,0.419066197434558,-0.548551086720035,0.583313561123104,0.999657356903497
"EIF4A3",20.6353548867459,-0.503818527600112,0.249321561368503,-2.02075795143709,0.0433048275533043,0.999657356903497
"RNF213",37.5856030210649,0.101803520870757,0.216204347838989,0.470867130510121,0.637735621912097,0.999657356903497
"BAIAP2",4.33471276507314,-0.228453562495055,0.520999442178971,-0.438490992503938,0.661030398323013,0.999657356903497
"NDUFAF8",10.1483046461433,0.234986969735123,0.283548306377984,0.82873698925175,0.407253250226684,0.999657356903497
"SLC38A10",6.98792747189597,0.0817029482747886,0.338387498545901,0.24144789221197,0.809207997840479,0.999657356903497
"ACTG1",206.684197122416,-0.0865815677847014,0.16011663464157,-0.5407406168542,0.58868637855159,0.999657356903497
"OXLD1",6.52466865099836,-0.174317093329311,0.385454620327224,-0.452237654282957,0.651097784582363,0.999657356903497
"ARL16",5.38674194772306,-0.0530061214492012,0.39348170830382,-0.134710509613508,0.892840763467048,0.999657356903497
"HGS",4.33418489317956,-0.201305240478649,0.428783399678592,-0.46948002331607,0.638726560627101,0.999657356903497
"MRPL12",7.2149657044541,-0.00131358749301271,0.350801487322605,-0.00374453227960435,0.997012302488688,0.999657356903497
"MCRIP1",6.11487768546642,-0.114095914718959,0.400985418494629,-0.284538812277252,0.775997494727979,0.999657356903497
"P4HB",38.4198501496243,-0.086866829840374,0.185448239360931,-0.46841550040984,0.639487485484636,0.999657356903497
"ARHGDIA",28.4278783628873,-0.0257020633544167,0.185434613278054,-0.138604454152673,0.889762723383573,0.999657356903497
"ALYREF",9.15044823218149,0.0940367402073241,0.400694092164279,0.234684618631139,0.814453526914523,0.999657356903497
"ANAPC11",29.1280549135951,0.202756792437171,0.169034687894343,1.19949813238279,0.230334310524263,0.999657356903497
"SIRT7",6.10187956821976,-0.0997494261780933,0.398621050787741,-0.250236223051874,0.802404674184667,0.999657356903497
"ASPSCR1",3.80593067240081,-0.094378760430911,0.424767588150325,-0.222189176066585,0.824166619787999,0.999657356903497
"CENPX",6.4590909810262,-0.00593036563695814,0.37655505141489,-0.015749000351144,0.987434635207248,0.999657356903497
"DCXR",14.1379992661127,-0.0265818252753905,0.250043131862864,-0.106308959887646,0.915337222915335,0.999657356903497
"GPS1",9.22919157713417,0.294032246985813,0.281711297231095,1.04373608682299,0.296607508948997,0.999657356903497
"DUS1L",8.58986414283037,0.232364943902702,0.309117343930913,0.751704647004974,0.452228695215964,0.999657356903497
"CCDC57",9.65535506146293,-0.108729310567491,0.276131722024898,-0.393758854542932,0.693759084613134,0.999657356903497
"SLC16A3",4.49706276219008,-0.535163683511846,0.44423004479445,-1.20469943395988,0.228319354634301,0.999657356903497
"CSNK1D",5.15626481242469,-0.0218328279194839,0.433871840105642,-0.0503209148447337,0.959866657245694,0.999657356903497
"CD7",7.75680276307189,0.132727540451812,0.48614801390186,0.273018785753192,0.784838775021973,0.999657356903497
"SECTM1",5.17640596108303,0.188194221829415,0.487731847372899,0.385855922353846,0.69960337623769,0.999657356903497
"HEXD",3.05342204891237,0.470215285247504,0.563268856613937,0.834797237103043,0.40383188175385,0.999657356903497
"CYBC1",12.8819196821176,-0.258551828793131,0.251292599466653,-1.02888755714209,0.303532516062856,0.999657356903497
"NARF",5.03447477598962,-0.523351718883086,0.403407242524603,-1.29732851499603,0.19451817710661,0.999657356903497
"USP14",5.36983649534521,-0.142897495324304,0.364000352327694,-0.392575156618693,0.694633291536623,0.999657356903497
"SMCHD1",11.0362818725003,0.0679250035554929,0.292952311497183,0.231863688695101,0.816643888228099,0.999657356903497
"EMILIN2",6.45189108525878,0.272408010101037,0.355534269811165,0.766193397462701,0.443561236397043,0.999657356903497
"MYL12A",194.586233191083,0.0584310922669802,0.103302690908128,0.565629914896853,0.571645387517322,0.999657356903497
"MYL12B",79.6628448997721,-0.00471819998907706,0.118242072544036,-0.0399028864055127,0.968170549918719,0.999657356903497
"NDUFV2",33.1745615537548,0.0388873745521524,0.196447787717906,0.1979527232345,0.843082053089839,0.999657356903497
"ANKRD12",37.3834242505534,0.0629591257358165,0.197294149841693,0.319112988329021,0.749640834904447,0.999657356903497
"RALBP1",11.3390524370888,0.236527096274092,0.255921610622468,0.924216972919156,0.355373360409723,0.999657356903497
"RAB31",6.59983835754697,-0.0364665429937049,0.3478305591539,-0.104839963120003,0.916502798782878,0.999657356903497
"VAPA",15.1918527323018,-0.107400852778179,0.235083941027581,-0.456861716324461,0.647770442602963,0.999657356903497
"CHMP1B",5.20544592500413,-0.793476778578236,0.428976612113172,-1.84969706080131,0.0643572243784816,0.999657356903497
"MPPE1",5.80386406316422,-0.216060428897922,0.402650791151383,-0.536595068595534,0.591547351235833,0.999657356903497
"TUBB6",9.65329158800871,0.104985795803939,0.281062167722671,0.373532292355798,0.708752315834291,0.999657356903497
"AFG3L2",4.48627976312614,-0.111876370679384,0.415774085660401,-0.269079710683949,0.78786834334769,0.999657356903497
"PSMG2",12.0941464117243,0.148222503232064,0.240233256622094,0.616994105296713,0.537238613819965,0.999657356903497
"PTPN2",15.260050873766,-0.381883249250695,0.236676797775291,-1.61352212316675,0.10663112081103,0.999657356903497
"LDLRAD4",6.54644229471433,-1.42107944837355,0.5904273179806,-2.40686601906222,0.0160900715784579,0.999657356903497
"RNMT",6.81601459387177,0.032341119334859,0.32420952481716,0.0997537606370384,0.920539818535695,0.999657356903497
"ROCK1",14.8169605326715,-0.325454710372217,0.251395619577254,-1.29459181078612,0.195461078886167,0.999657356903497
"SNRPD1",14.0954087342069,-0.0103684585800122,0.236292065176657,-0.043879842398688,0.965000183257718,0.999657356903497
"RIOK3",7.87225464570185,-0.480072596844942,0.325171172242572,-1.47636887222837,0.139844894322451,0.999657356903497
"RMC1",9.3513473935093,0.399199651149038,0.293543411696328,1.35993394926544,0.173850826560233,0.999657356903497
"NPC1",14.0700432368471,-0.215084936758264,0.253259009918765,-0.849268647252686,0.395731822640206,0.999657356903497
"TTC39C",9.16108885549257,0.190520973982548,0.312354095145538,0.609951900562651,0.541893670512954,0.999657356903497
"RNF138",5.32251662296939,0.156102814060778,0.370715684812795,0.421084999787929,0.67369301457826,0.999657356903497
"MAPRE2",9.9380194913194,-0.789053868430336,0.331648768809746,-2.37918527863731,0.0173509523964594,0.999657356903497
"ZNF24",8.88284703301405,-0.262606310297479,0.319202845192102,-0.82269414027133,0.410681948416079,0.999657356903497
"SLC39A6",5.79634096817965,-0.322429585003221,0.403880620050155,-0.798328934335053,0.424679631380475,0.999657356903497
"ELP2",4.90512179168746,-0.853849371197862,0.470516344380436,-1.81470714332398,0.0695689267134449,0.999657356903497
"SETBP1",6.88978214160717,-0.00993202775932648,0.427169794728715,-0.0232507726011715,0.981450238858458,0.999657356903497
"ATP5F1A",32.5309504855503,0.026828868756838,0.18483055449625,0.145153861762517,0.884589393016904,0.999657356903497
"IER3IP1",9.99347268949577,0.118833043288858,0.286571826429028,0.414671060898192,0.678382720053526,0.999657356903497
"SMAD2",6.21590077627321,0.13876516954532,0.334320767141874,0.415065958156385,0.67809361899019,0.999657356903497
"C18orf32",14.9418933027268,0.123844473884143,0.222481160487823,0.556651509784449,0.577765553140471,0.999657356903497
"RPL17",218.876327689125,0.121149137226192,0.120901967543332,1.00204438097975,0.316322158483574,0.999657356903497
"ACAA2",4.34754835849659,0.254791875662383,0.407233364873453,0.62566552163907,0.53153435250867,0.999657356903497
"CXXC1",4.14581762145597,-0.293380149156531,0.453360943500122,-0.647122680863338,0.51755254724984,0.999657356903497
"ME2",6.577073882662,-0.507060401992531,0.400276214042993,-1.26677625150634,0.205235306043083,0.999657356903497
"MBD2",6.04707501796803,0.471009858897475,0.358503279803412,1.31382301203983,0.188905771640587,0.999657356903497
"TCF4",103.506158753728,-0.0876172835251731,0.239156663328656,-0.366359365888823,0.714096936459538,0.999657356903497
"TXNL1",11.7105062806736,0.0859685952800034,0.243588504503702,0.352925502191327,0.72414429151158,0.999657356903497
"NARS",6.78652468485645,-0.00791749920880206,0.340077072169257,-0.0232814848654705,0.981425740648441,0.999657356903497
"MALT1",7.694422293739,-0.119614711636927,0.369552776381533,-0.323674233510383,0.74618468026278,0.999657356903497
"SEC11C",20.6995294683715,0.26164394861589,0.239108985192884,1.09424557343517,0.273847288683671,0.999657356903497
"LMAN1",14.753639314751,-0.0777363515727832,0.239968553437778,-0.323943910396324,0.745980499231058,0.999657356903497
"PMAIP1",3.04868777736609,-0.451746412902686,0.750261397722053,-0.602118693930249,0.547095131768179,0.999657356903497
"VPS4B",8.83681429199858,-0.0739086393460638,0.298202326876024,-0.247847292542391,0.804252562074988,0.999657356903497
"TMX3",6.2646142379397,-0.324000343409177,0.372751729343451,-0.869212180396472,0.384731086379819,0.999657356903497
"CNDP2",16.9876581611703,-0.30834613247415,0.244901567767919,-1.25906148859918,0.208008123236108,0.999657356903497
"LINC00909",3.4457892459182,-0.0636262558276384,0.558504957068127,-0.113922454979889,0.909299264949863,0.999657356903497
"MBP",12.4716717486681,-0.0874159176044983,0.261857946552931,-0.333829539088775,0.738508191891128,0.999657356903497
"SLC66A2",7.27375379123719,0.0436008013922819,0.437206732400842,0.0997258234173475,0.92056199861313,0.999657356903497
"TXNL4A",26.6342193721449,0.150018524440814,0.237848322130561,0.630731901310051,0.528215836548464,0.999657356903497
"TPGS1",5.83687052550511,-0.0053406192664104,0.347599032155325,-0.0153643099444073,0.987741536602804,0.999657356903497
"BSG",18.9202166376882,-0.210078292673831,0.209264400465667,-1.00388930083833,0.31543197417937,0.999657356903497
"RNF126",7.51708981958435,-0.265162228156577,0.387202885350282,-0.684814700997641,0.493460857391313,0.999657356903497
"PTBP1",8.91107827891111,-0.13905758358711,0.375959954627825,-0.369873391767928,0.711476827976409,0.999657356903497
"CFD",9.11870178575713,-0.623404040945323,1.05871224373123,-0.588832371247785,0.555973728169563,0.999657356903497
"R3HDM4",5.78357420487113,0.0363903699114248,0.371628616622956,0.097921334051477,0.921994759273784,0.999657356903497
"ARID3A",11.2258081031143,-0.0253926082431739,0.323033304551805,-0.0786067810512759,0.937345393732764,0.999657356903497
"WDR18",4.40278406771212,0.124787378145784,0.442570719592223,0.281960311926556,0.777973942553218,0.999657356903497
"TMEM259",13.9325520407108,0.28879638256228,0.2460761173037,1.1736058977469,0.240552917801968,0.999657356903497
"CNN2",17.2791041408651,-0.0578535721892628,0.252740063806177,-0.228905426856384,0.818942422528372,0.999657356903497
"ABCA7",6.17733058541622,0.872503387623476,0.322326971011239,2.70688917184362,0.00679169264216756,0.999657356903497
"ARHGAP45",10.6066849491749,0.170550386749931,0.285432874620622,0.597514869219656,0.550163682614347,0.999657356903497
"POLR2E",18.8686692879785,-0.0612223976518698,0.232880940421337,-0.262891405115008,0.792634281103243,0.999657356903497
"GPX4",30.9534880461585,0.350043646281226,0.22472308891093,1.55766658413977,0.119312305739568,0.999657356903497
"ATP5F1D",41.1905969393556,0.296834564823365,0.166065590801808,1.78745376083131,0.0738641791612152,0.999657356903497
"CIRBP",48.4059645647788,-0.119966787336892,0.175829599991798,-0.682290054362226,0.495055560668654,0.999657356903497
"FAM174C",13.360404319198,-0.0684424812639702,0.244264030132961,-0.280198771905608,0.779325008825731,0.999657356903497
"NDUFS7",20.8907030313528,-0.120930652973382,0.212657688345312,-0.568663441770398,0.56958456200396,0.999657356903497
"DAZAP1",9.84736279893064,0.261297476877382,0.314924624751478,0.829714339053622,0.406700312348855,0.999657356903497
"RPS15",367.211259703741,0.0378242017057856,0.0961343692554998,0.393451395153577,0.693986116200288,0.999657356903497
"C19orf25",4.61961218638285,-0.104246032673373,0.40087318994407,-0.26004740473644,0.794827207384905,0.999657356903497
"UQCR11",56.2925236660065,0.165543792896932,0.137486200193399,1.20407570115448,0.228560320678567,0.999657356903497
"TCF3",4.46574682572597,0.440548954691162,0.387244440307903,1.13765081905599,0.255266317294943,0.999657356903497
"ABHD17A",11.337188122915,0.465359738235204,0.278487241047404,1.67102714108181,0.0947163170068536,0.999657356903497
"SCAMP4",7.27797684773119,-0.044114208734864,0.341953500947794,-0.129006454423167,0.897352541618387,0.999657356903497
"CSNK1G2",10.7483150332491,0.400950668699915,0.26875288108067,1.49189347138409,0.135727074454722,0.999657356903497
"MKNK2",8.30507603967858,0.661730697260754,0.348750563345429,1.89743262609536,0.0577708630107346,0.999657356903497
"MOB3A",5.21731839492604,-0.348330776088836,0.401796350803201,-0.866933647835561,0.385978366060102,0.999657356903497
"AP3D1",10.3168004744537,0.392990562221995,0.307655257466482,1.27737313985219,0.201470542972689,0.999657356903497
"PLEKHJ1",9.66897508576265,0.124275005462673,0.277455914387513,0.447909015516976,0.65421886160317,0.999657356903497
"SF3A2",10.4472707599887,0.292615047966423,0.256656142210863,1.14010537774707,0.254242401751335,0.999657356903497
"OAZ1",156.447162748569,0.00436723928117684,0.144608663951366,0.0302003985227719,0.975907230702453,0.999657356903497
"LSM7",24.9941835573398,0.0952179612707918,0.183723238091975,0.518268468701407,0.604270969362148,0.999657356903497
"TIMM13",19.3402773096792,0.149284821479994,0.201823159404368,0.739681322602284,0.459493383742966,0.999657356903497
"GADD45B",15.5228779996153,-0.393195189885297,0.425796183858531,-0.923435213350656,0.355780448074392,0.999657356903497
"GNG7",12.583356874318,-0.0408331342500913,0.260206541717857,-0.156925855824051,0.875303282310611,0.999657356903497
"SLC39A3",7.68989222509217,0.275147182036454,0.333254777560223,0.825636121560872,0.409010538197157,0.999657356903497
"TLE5",38.4379213207183,0.254602347810118,0.195740932352104,1.30071081582534,0.193357458703881,0.999657356903497
"GNA15",12.009305055965,0.0397661711474059,0.281325135160079,0.141353068664762,0.887591027701203,0.999657356903497
"S1PR4",7.49497438267942,-0.408154167940279,0.382587618192126,-1.06682534544365,0.286050711182641,0.999657356903497
"NCLN",6.00593199903868,0.239083911225956,0.323705885185334,0.738583764360883,0.460159785932887,0.999657356903497
"MFSD12",11.3543273322539,0.462431215103298,0.277102353569209,1.66881013151627,0.0951550142008489,0.999657356903497
"HMG20B",5.31696034514234,0.135696035470568,0.354855382112038,0.382398132622163,0.702166075276511,0.999657356903497
"MRPL54",12.9965549054688,-0.253027458571736,0.26325130427946,-0.961163171686052,0.336470130647068,0.999657356903497
"EEF2",120.268391889831,0.0785550113576385,0.123447424570015,0.636343865667971,0.524552319793604,0.999657356903497
"ZBTB7A",7.51108665116553,-0.0853092062045996,0.306670042998495,-0.278179131455036,0.780874853562489,0.999657356903497
"MAP2K2",12.8011425627034,0.268240094278767,0.279014009344772,0.961385755893384,0.336358243601604,0.999657356903497
"SHD",19.4043997665505,-0.446755475696545,0.460030298326646,-0.971143590588732,0.331476779500258,0.999657356903497
"TMIGD2",12.9737311376813,-0.00462329052652242,0.25593634569406,-0.0180642202809638,0.985587621370894,0.999657356903497
"CHAF1A",5.94244569624492,0.0148088241256092,0.367268408535381,0.040321529925933,0.96783678933636,0.999657356903497
"HDGFL2",5.42673843805648,0.462131062534865,0.427402939062334,1.08125382466653,0.279584221286005,0.999657356903497
"MYDGF",28.7913598107283,-0.132304827382774,0.214929688873633,-0.615572599933189,0.5381766398639,0.999657356903497
"PLIN3",10.8675438330831,0.202055293290487,0.296346205171112,0.68182176712477,0.495351658636694,0.999657356903497
"KDM4B",5.46913761348856,-0.315920925384969,0.412179558307701,-0.76646432123431,0.443400073412143,0.999657356903497
"PTPRS",21.6541195270701,-0.0609533520758303,0.274567040504108,-0.221998066351735,0.824315388606007,0.999657356903497
"SAFB2",6.26961538104403,0.336961127414155,0.367334479198722,0.917314182292875,0.358978027750061,0.999657356903497
"SAFB",6.75607242382519,0.314676407905295,0.333632859196031,0.943181701777168,0.345587971184787,0.999657356903497
"RPL36",225.894036052953,0.0953039602219627,0.116822781038139,0.815799447462637,0.414614849327123,0.999657356903497
"MICOS13",15.9006622792644,-0.0761525440264812,0.246301042113536,-0.309184822658516,0.757180938438337,0.999657356903497
"DUS3L",4.76130820669417,0.311947835905075,0.38377410379757,0.81284232786488,0.416308463748902,0.999657356903497
"NDUFA11",41.3887807768534,0.194382580277626,0.183878730038425,1.05712379151741,0.290455094386265,0.999657356903497
"CLPP",8.10981159224253,-0.204033731837717,0.319741109974915,-0.638121672417175,0.523394479783162,0.999657356903497
"ALKBH7",15.5390938712053,0.12877667323126,0.270404016610225,0.476238019115248,0.633904816524525,0.999657356903497
"GTF2F1",7.39977937092547,0.130194808442017,0.32090998482586,0.405705071821516,0.68495931524906,0.999657356903497
"VAV1",6.1555211611289,-0.418284835100321,0.387681894972173,-1.07893827523296,0.280615244727788,0.999657356903497
"PET100",15.7086980714107,0.239733494330722,0.249703234772631,0.960073643214967,0.337018152447223,0.999657356903497
"STXBP2",28.3283795001905,-0.12771789485513,0.216061230539844,-0.591118982966163,0.554440701527991,0.999657356903497
"RETN",6.58930778542064,0.0206421766321066,1.56284719574942,0.0132080581442949,0.989461800732433,0.999657356903497
"TRAPPC5",19.6328097359533,-0.114393727295407,0.289071199211425,-0.395728552714585,0.692305289387845,0.999657356903497
"ELAVL1",7.56095729969321,-0.0511111043568037,0.33252353845789,-0.153706725827099,0.877840981365727,0.999657356903497
"CD320",7.66402407463025,0.352963003661883,0.323260350960805,1.09188461440692,0.274883821120748,0.999657356903497
"NDUFA7",20.5816219792797,0.281393259102419,0.244887777302923,1.14907024842787,0.250527015153272,0.999657356903497
"RPS28",631.494833787141,0.235109292398026,0.123935102650025,1.89703552400276,0.0578232497506633,0.999657356903497
"RAB11B",14.367830098223,0.0211636575699434,0.22583320268195,0.0937136670720163,0.925336613305109,0.999657356903497
"MARCH2",13.7042205209821,0.458453072277492,0.272159761323484,1.6844998321871,0.0920851118643951,0.999657356903497
"HNRNPM",18.0036183275275,-0.210261046033771,0.258523569089416,-0.813314804427166,0.416037591200565,0.999657356903497
"MYO1F",7.75414644508834,-0.00567423243292993,0.370462088403238,-0.0153166345776081,0.987779571566251,0.999657356903497
"UBL5",51.3911006529689,0.120845037561931,0.142704622204856,0.846819365026981,0.397095812699545,0.999657356903497
"PIN1",12.83730582228,-0.138999239714371,0.245710139413528,-0.565704126195772,0.571594929811684,0.999657356903497
"SHFL",5.88740980561345,0.256588558125014,0.383910574273443,0.668355016296731,0.503907002597189,0.999657356903497
"EIF3G",32.849488650996,-0.0150641594708962,0.16869810292432,-0.0892965552650834,0.928846231635149,0.999657356903497
"DNMT1",7.87859576591255,0.0687345649197533,0.358243258934031,0.191865619814525,0.84784746848315,0.999657356903497
"MRPL4",8.75386659885731,-0.0940211851754185,0.320409952444409,-0.293440276926888,0.76918564315365,0.999657356903497
"ICAM3",9.42158466590933,0.211360476982035,0.286621813911102,0.737419368393191,0.460867360638218,0.999657356903497
"TYK2",5.32367712794621,0.142811681421058,0.387305960966294,0.368730915126521,0.712328303059683,0.999657356903497
"CDC37",28.106228600085,0.108825340866784,0.171914298378449,0.633020882458642,0.52672000625311,0.999657356903497
"ATG4D",4.52953689322964,-0.210450323585576,0.453528842628837,-0.464028533148455,0.642627303039893,0.999657356903497
"KRI1",6.21390327674895,0.30629748780878,0.319576157739114,0.958449122036276,0.337836335285708,0.999657356903497
"CDKN2D",26.0139476575987,0.189062692041375,0.26203313485102,0.721522078300772,0.470588361793917,0.999657356903497
"SLC44A2",17.2700892158241,-0.190706160343806,0.215914646405494,-0.883247910776995,0.377102340664918,0.999657356903497
"ILF3",11.1890049821243,0.162478163073723,0.265923968421515,0.610994804410332,0.54120301993194,0.999657356903497
"DNM2",18.6385509787659,-0.143403978120991,0.217118581243195,-0.660486897527965,0.50894142396807,0.999657356903497
"SMARCA4",6.12223453100135,-0.123839706113204,0.352257202663737,-0.351560465412033,0.725167918705963,0.999657356903497
"TMEM205",7.06675738201801,0.259591514246343,0.356833167795252,0.727487065875263,0.466927635831988,0.999657356903497
"PRKCSH",10.6225307787746,0.293551985445179,0.270589545960151,1.08486077835545,0.277983321648643,0.999657356903497
"ELOF1",5.84175542576019,0.22064528206835,0.332395729600687,0.663802998713055,0.506816406176381,0.999657356903497
"ACP5",6.23783051886067,-0.140794789806929,0.408426367206652,-0.34472502539409,0.730301102535427,0.999657356903497
"ZNF791",3.31263177885745,0.766805952212015,0.478742289342183,1.6017092479247,0.109219919191474,0.999657356903497
"MAN2B1",38.342947369478,0.0402737607989158,0.148139146478509,0.271864404219167,0.785726282010555,0.999657356903497
"WDR83OS",20.650066855515,0.163239951552436,0.241884376657918,0.674867694259132,0.499759827081342,0.999657356903497
"DHPS",9.20812204535289,-0.129008626627707,0.295293894690535,-0.436882133180935,0.662196829987834,0.999657356903497
"TRIR",37.5958613449181,-0.0460518908303359,0.171790246323291,-0.268070462764639,0.788645081284242,0.999657356903497
"GET3",9.52434738206957,-0.395642040059285,0.29477884833533,-1.34216563465645,0.179542296355936,0.999657356903497
"JUNB",42.9345788909711,-0.256508322206859,0.363706629802851,-0.705261606987756,0.480647448405527,0.999657356903497
"PRDX2",4.84159152188786,-0.167187929195413,0.402040745111941,-0.415848222420497,0.677521069632265,0.999657356903497
"DNASE2",4.12205322631849,0.0162581822652482,0.466975571384029,0.0348159159954813,0.972226529196526,0.999657356903497
"FARSA",6.10481390322624,0.0690462942143407,0.328183649902862,0.210389195911428,0.833363924369379,0.999657356903497
"CALR",57.2729877620893,-0.190401203709211,0.167021543504256,-1.1399799074684,0.254294672083173,0.999657356903497
"RAD23A",17.8490987464104,-0.228922829375937,0.221039588122685,-1.03566438627671,0.300358742604805,0.999657356903497
"GADD45GIP1",15.7352014353002,0.153065070747554,0.23437175037371,0.653086690283657,0.51370039230749,0.999657356903497
"LYL1",2.74983269131795,-0.683051780130519,0.567349794682785,-1.20393412764417,0.228615039832995,0.999657356903497
"TRMT1",5.87798990045191,0.392617327061708,0.363631789107518,1.07971123213768,0.280270790579271,0.999657356903497
"STX10",5.55859833249908,-0.364666642429167,0.393836006822294,-0.925935252521771,0.354479629654952,0.999657356903497
"IER2",23.6552927339313,-0.25525920011662,0.383773853608018,-0.665129210124195,0.505967853132376,0.999657356903497
"CCDC130",3.65413262066657,0.438748074873893,0.475688759286464,0.922342742620233,0.356349825621986,0.999657356903497
"C19orf53",29.2810931792405,-0.00484920833373205,0.187261619662306,-0.0258953668267782,0.979340795545589,0.999657356903497
"ADGRE5",10.7118165823338,0.102658704947687,0.309292402182744,0.33191473254177,0.739953645487458,0.999657356903497
"DDX39A",7.36464093913287,0.152603696757174,0.32532629697866,0.469078885335803,0.639013250915209,0.999657356903497
"PKN1",9.08045255700086,0.0926718456362454,0.287581084634227,0.32224597022476,0.747266361117376,0.999657356903497
"TECR",15.9051298590994,-0.0454955037367389,0.247494585917238,-0.183824238288398,0.854151340745862,0.999657356903497
"NDUFB7",22.9399431668964,0.081650309029271,0.194005859518278,0.420865169907811,0.673853540046355,0.999657356903497
"BRD4",17.1478558134759,0.28876960534813,0.238748889284362,1.20951182731657,0.226466269988996,0.999657356903497
"RASAL3",5.64677076329288,0.030773067706387,0.384586779442039,0.0800159270972153,0.936224588595686,0.999657356903497
"TPM4",18.791539752663,-0.184212738000686,0.255722498381344,-0.720361873385033,0.471302218231386,0.999657356903497
"RAB8A",11.5357803383534,-0.260084701703007,0.257452464897356,-1.01022416626192,0.312387903652201,0.999657356903497
"HSH2D",9.22927729673894,0.212569645459672,0.277336930798608,0.766467144666111,0.443398394028439,0.999657356903497
"FAM32A",8.05110446186897,-0.368887003543226,0.319199684077442,-1.15566218246547,0.247819362499838,0.999657356903497
"AP1M1",11.5711842167477,-0.112561706720178,0.251957271122546,-0.446749189728407,0.655056161268951,0.999657356903497
"KLF2",14.3913711298526,0.0127053993945211,0.849890673278628,0.0149494514929872,0.988072507734384,0.999657356903497
"SMIM7",10.0842802075012,-0.0989535044333334,0.295908510244761,-0.334405740313058,0.738073408357283,0.999657356903497
"MYO9B",8.16510251444751,0.0907231756283289,0.340517191845179,0.266427592500461,0.789909917189644,0.999657356903497
"USE1",4.48107647838255,-0.291460524578836,0.411917349887782,-0.707570401339586,0.479212079040553,0.999657356903497
"BABAM1",7.90539672470915,0.0673754366626906,0.293053264683113,0.229908500543563,0.818162870772776,0.999657356903497
"MRPL34",13.4693776159391,0.197893682820871,0.267472404991304,0.73986579223866,0.459381432766423,0.999657356903497
"DDA1",7.3068763359272,-0.250623393053367,0.363146557099675,-0.690143932672826,0.49010367786578,0.999657356903497
"PLVAP",7.71782497395792,-0.726306113244962,0.416751937824914,-1.74277801090897,0.0813723987430512,0.999657356903497
"BST2",93.5082240436134,0.139358191203621,0.176080848951401,0.791444339537939,0.428684744460944,0.999657356903497
"BISPR",6.4535888075865,-0.89439541892341,0.368197389594376,-2.42911939139145,0.0151355472521951,0.999657356903497
"PGLS",29.5992837956722,0.061987743534071,0.184270322885488,0.336395696080657,0.736572494604462,0.999657356903497
"NIBAN3",44.9988818487438,0.160313867366737,0.208820733332313,0.767710489320122,0.442659203044429,0.999657356903497
"FCHO1",5.94725577119025,-0.537317348396702,0.40485225760338,-1.32719365720592,0.184444630023891,0.999657356903497
"RPL18A",517.389863595521,0.100298240206992,0.0981062327155767,1.02234320318639,0.306618492048977,0.999657356903497
"CCDC124",7.72100300247092,-0.160589263545282,0.332651610336034,-0.482755106410158,0.629269630421381,0.999657356903497
"MAST3",4.40132173079074,0.375152032549966,0.401998648804801,0.933217148031084,0.3507078626564,0.999657356903497
"IFI30",57.1057224929523,-0.815479657972725,0.957276021292157,-0.851875153910122,0.394283388355409,0.999657356903497
"JUND",46.6699189948627,0.572464539529862,0.346745205785783,1.65096598302653,0.0987455211042179,0.999657356903497
"LSM4",15.9760588025892,0.036120878965618,0.230957252756653,0.156396383029705,0.875720588018905,0.999657356903497
"LRRC25",5.25415073033328,-0.939497511791857,0.562268888682942,-1.67090431411301,0.0947405792660685,0.999657356903497
"SSBP4",5.69410612555602,0.0583196735206114,0.388517367470821,0.150108279329344,0.880679188038653,0.999657356903497
"ELL",5.72298184660327,0.0581822348817915,0.410256651561654,0.141819114108983,0.887222885795556,0.999657356903497
"FKBP8",16.7183433293827,0.182193574179397,0.214203649237562,0.850562419584811,0.395012472702829,0.999657356903497
"KXD1",6.67990820606049,0.104492143709854,0.332570636612393,0.31419533839254,0.75337268297553,0.999657356903497
"UBA52",152.313529641094,0.0842740255148192,0.116068185646356,0.72607342869639,0.467793757216534,0.999657356903497
"REX1BD",9.79729995734031,0.448084607982076,0.327111637845215,1.3698216637407,0.170742577782897,0.999657356903497
"COPE",37.7125585609204,0.0817308549396869,0.159626735963422,0.512012317024482,0.608642389300944,0.999657356903497
"SUGP2",3.34315913523516,-0.427013653703036,0.50180451854468,-0.850956175009045,0.394793697896214,0.999657356903497
"BORCS8",3.98686714650321,0.234770066083375,0.417081982974516,0.562887095743282,0.573511767810445,0.999657356903497
"RFXANK",6.33318080535587,-0.606759130456487,0.393741923899786,-1.54100717659651,0.123315039355849,0.999657356903497
"NDUFA13",40.2686156320685,0.0503272429368122,0.159393759574009,0.315741614171819,0.752198637678922,0.999657356903497
"GMIP",6.6089984152262,0.130551970472899,0.32463078297903,0.402155240100357,0.687569780917363,0.999657356903497
"ATP13A1",10.7926166252493,0.0811288860259295,0.273717030635852,0.296396924361867,0.766926973869805,0.999657356903497
"ZNF506",3.42680584254336,0.954205793388773,0.543606268065707,1.75532522239688,0.0792036945901686,0.999657356903497
"UQCRFS1",21.0886852121855,-0.104473066579016,0.216575119652382,-0.482387204710782,0.629530908941219,0.999657356903497
"POP4",4.34899446991239,0.275012195967293,0.38028394356501,0.723175933722479,0.46957180245196,0.999657356903497
"URI1",10.2376852139141,-0.00570660588548076,0.312723050922838,-0.0182481140057975,0.985440919589078,0.999657356903497
"PDCD5",8.34255571958915,-0.174519631606902,0.320793428188641,-0.544024958966045,0.586424297639242,0.999657356903497
"PEPD",5.10419705050374,0.138391177989837,0.41107517950669,0.336656613897032,0.736375773070358,0.999657356903497
"LSM14A",10.2177180305518,-0.246007011151512,0.290869972634084,-0.84576282977477,0.397685065047738,0.999657356903497
"GPI",8.88205193656232,-0.00237011677770887,0.29558406328207,-0.00801841869075028,0.99360229608144,0.999657356903497
"PDCD2L",4.77029026001123,-0.210617407817774,0.458461190197179,-0.459400735157515,0.645946420434525,0.999657356903497
"UBA2",8.383072648167,-0.189138321382453,0.316700572251838,-0.597214965661797,0.550363868661882,0.999657356903497
"ZNF302",4.46971277057719,-0.157264781442494,0.420690826045406,-0.373825079383881,0.708534459409867,0.999657356903497
"GRAMD1A",3.64249868564782,-0.0625153068483828,0.489640249202008,-0.12767599671446,0.898405386450778,0.999657356903497
"FXYD5",66.5908645164735,-0.315949756059618,0.162595257996999,-1.94316710063863,0.0519959717354729,0.999657356903497
"USF2",28.8302949705879,0.0462244603383192,0.307266226996929,0.150437816710592,0.880419207326467,0.999657356903497
"TMEM147",9.82076848002602,0.32428467004331,0.294820943988596,1.09993769661037,0.271359268681109,0.999657356903497
"RBM42",8.97147539519991,0.301387317386344,0.284821049065281,1.05816377818785,0.289980781766318,0.999657356903497
"COX6B1",61.9935731768259,0.21486289541783,0.139992514254904,1.53481703333508,0.124828777579238,0.999657356903497
"KMT2B",4.89396725914799,0.382393631361008,0.462104408501317,0.827504832947116,0.407950983927472,0.999657356903497
"IGFLR1",64.4238274527763,0.0906206377960533,0.139855423932457,0.64795940870923,0.517011204410942,0.999657356903497
"U2AF1L4",7.90883510280302,0.349193845378596,0.34211483331312,1.02069191796486,0.30740042482669,0.999657356903497
"PSENEN",14.2598502778076,0.239086892200628,0.238676145228616,1.00172093851951,0.316478391009331,0.999657356903497
"HCST",48.7839771366413,0.180500324556701,0.213859772473675,0.844012515625955,0.398662411879274,0.999657356903497
"TYROBP",223.158210618387,0.0695401917339658,0.187321840913139,0.371233762144221,0.710463428393668,0.999657356903497
"POLR2I",10.3981256393409,0.0154958426866704,0.274746672845704,0.0564004743939984,0.95502277904683,0.999657356903497
"TBCB",17.1050295195022,0.0835975505387567,0.213737185749525,0.391123099359618,0.695706247104656,0.999657356903497
"CAPNS1",17.6378787599529,0.308808374696626,0.244850863902475,1.26121006793599,0.207233172237504,0.999657356903497
"SPINT2",36.9063247735548,-0.133754507105396,0.162197646118414,-0.824639014845798,0.40957656443363,0.999657356903497
"PPP1R14A",19.6542793324665,-0.25209613514432,0.451524969178184,-0.558321582089154,0.576624810071983,0.999657356903497
"YIF1B",11.4733657543004,0.121856112526879,0.332005720374367,0.367030159569162,0.713596521478913,0.999657356903497
"PSMD8",20.4659920545447,-0.0487388005501696,0.195290861509637,-0.249570308479409,0.80291966249481,0.999657356903497
"MAP4K1",14.0296790227531,0.21946159353547,0.244855869427009,0.896288882308748,0.370098495348394,0.999657356903497
"EIF3K",58.8814103164542,0.0446297999859983,0.165001578410367,0.270481048823678,0.786790194609473,0.999657356903497
"ACTN4",19.6893002828798,0.0759069924909732,0.237879810960415,0.319098086485383,0.749652134641036,0.999657356903497
"ECH1",14.6238107624397,0.177962438382678,0.237044016965437,0.750756929708235,0.452798954436291,0.999657356903497
"HNRNPL",18.5285384691358,-0.0273315844982357,0.246752018095125,-0.110765393974201,0.911802388049185,0.999657356903497
"SIRT2",5.42840178108914,-0.479391497415272,0.404691582439569,-1.18458480041862,0.236181649577614,0.999657356903497
"MRPS12",9.95716090369639,-0.108527344807973,0.29092425496913,-0.373043302351976,0.709116215722035,0.999657356903497
"GMFG",29.6447016261841,-0.111749268633813,0.190350850079349,-0.587069974141066,0.557156712272252,0.999657356903497
"PAF1",3.40789381767271,-0.457136976368385,0.54253790027841,-0.842589939124621,0.399457819796909,0.999657356903497
"ZFP36",102.886482625816,-0.394741796017029,0.253505971601126,-1.55713016748232,0.119439583911206,0.999657356903497
"RPS16",192.660348944523,-0.0776885549339923,0.143127036517506,-0.54279440715235,0.587271364422067,0.999657356903497
"SUPT5H",10.4302686481371,0.326388364955447,0.267820198463726,1.218684650477,0.222963906054147,0.999657356903497
"TIMM50",4.25280236631726,0.109471594795008,0.410840160208495,0.266457871936017,0.789886600216182,0.999657356903497
"FBL",16.198426843446,0.0104426265108227,0.254859850350439,0.0409739960863347,0.967316626564331,0.999657356903497
"PSMC4",9.08218609689183,-0.108931022315057,0.319946194197979,-0.340466691870231,0.733505102158187,0.999657356903497
"AKT2",4.92677192961649,0.0343783296871713,0.366720550089461,0.093745304643508,0.925311480815279,0.999657356903497
"PLD3",4.29908536731963,-0.118158662751161,0.59618306683137,-0.198191913398611,0.842894914170593,0.999657356903497
"SERTAD3",4.29707353242202,-0.0890840950691772,0.404114553198884,-0.220442679839186,0.825526409115737,0.999657356903497
"BLVRB",8.72315097954093,-0.0178020098375549,0.475124145896107,-0.0374681227871074,0.970111756622144,0.999657356903497
"SHKBP1",10.2028604447028,0.349724078275012,0.268090824599366,1.30449849896071,0.19206367097584,0.999657356903497
"SNRPA",10.4494370212487,0.0352263380578128,0.276419859227128,0.127437797545755,0.898593901988371,0.999657356903497
"RAB4B",11.489303117115,-0.309807879045943,0.303932433519156,-1.01933142000923,0.308045652220749,0.999657356903497
"EGLN2",6.49193592462401,0.08431190199638,0.329285668791828,0.256044857055961,0.797916200545892,0.999657356903497
"HNRNPUL1",20.3184086822918,-0.220717352005315,0.22750033970916,-0.970184713954641,0.331954428724854,0.999657356903497
"TGFB1",35.3219901109292,0.332911959482109,0.216295333751084,1.53915460730757,0.123766556356591,0.999657356903497
"EXOSC5",9.46032859947602,-0.220382442907952,0.307539613041507,-0.7165985569417,0.473621835156409,0.999657356903497
"BCKDHA",7.29028085698865,-0.106796755901292,0.347641561994351,-0.30720364759789,0.758688369306095,0.999657356903497
"AC243960.1",4.20084077510572,0.323308909624817,0.450207323109257,0.718133386618316,0.472675046094401,0.999657356903497
"RPS19",550.508594637032,-0.0707493465458166,0.0946436941584776,-0.747533654247997,0.454741495979261,0.999657356903497
"ARHGEF1",14.2661739543659,-0.00651321063014855,0.286900078261686,-0.0227020176139783,0.981887966428245,0.999657356903497
"RABAC1",27.6977657641415,-0.0657658393485868,0.198798709632995,-0.330816228485578,0.74078330189317,0.999657356903497
"POU2F2",6.37916137901133,-0.206543409012211,0.49374137634719,-0.41832307136231,0.67571092349892,0.999657356903497
"DEDD2",3.84251308820151,0.467187362201838,0.430892602351354,1.08423156873064,0.27826213788589,0.999657356903497
"GSK3A",4.15370347456542,0.442357196328382,0.39570425030624,1.11789852139833,0.263610336631337,0.999657356903497
"ETHE1",4.04602505818945,0.610146165458913,0.470440650377567,1.29696735383989,0.194642419761019,0.999657356903497
"ZNF428",14.5811847213534,0.0365833582966163,0.235657554371264,0.155239488902535,0.876632517984513,0.999657356903497
"PLAUR",6.73537021304596,-0.224574783320053,0.418401777878706,-0.53674433330242,0.591444228205078,0.999657356903497
"BCL3",4.72094514036257,0.211646323451275,0.397474079769782,0.532478302921944,0.594394765290467,0.999657356903497
"CLPTM1",8.49334117872516,-0.104470597725604,0.306345730499784,-0.341021882548083,0.733087108224458,0.999657356903497
"RELB",7.3197165140538,0.306513802524115,0.390260950459412,0.785407308016058,0.432214797352228,0.999657356903497
"CLASRP",6.20327673865255,-0.383061824885647,0.416114193281901,-0.920568995410686,0.357275495644145,0.999657356903497
"ZNF296",5.91272535209346,0.168216147923926,0.388372981836709,0.433130407600423,0.664920033184241,0.999657356903497
"GEMIN7",5.74327190322142,-0.133249604394831,0.42450660846684,-0.313892885851833,0.753602393784773,0.999657356903497
"TRAPPC6A",7.29782001677736,-0.166846928929636,0.325437984834281,-0.512684249242132,0.60817220924424,0.999657356903497
"ERCC1",23.3151772998788,-0.239915910718126,0.211779674440396,-1.13285616928101,0.257274658965495,0.999657356903497
"FOSB",17.7302870955906,-1.53948731186741,0.500485930396351,-3.07598519432552,0.00209808262992261,0.999657356903497
"VASP",7.37099062788337,-0.190102482822309,0.334852403061659,-0.567720228626532,0.570224953643502,0.999657356903497
"SNRPD2",52.4049578743421,0.1548624894991,0.140384334872594,1.10313226642877,0.269969730404348,0.999657356903497
"SYMPK",6.06514622763252,-0.360258765989441,0.391347371180515,-0.920560076595648,0.357280153951759,0.999657356903497
"CALM3",11.2876818679661,-0.338396296970453,0.332493210429429,-1.01775400626497,0.308794874671305,0.999657356903497
"STRN4",3.54524374329883,0.0521916093949881,0.536880430687843,0.0972127244945788,0.922557463222234,0.999657356903497
"SLC1A5",16.0972220750033,0.281468111101203,0.257049064881993,1.09499760767626,0.27351768456463,0.999657356903497
"AP2S1",29.7686625712517,0.0869727089172917,0.181459457474167,0.479295541427888,0.631728393565167,0.999657356903497
"TMEM160",12.5743093212264,0.358971866854068,0.24608678461298,1.45872061930762,0.144642018565788,0.999657356903497
"KPTN",4.8849263638694,-0.0927281940736744,0.42214973900573,-0.219657115724086,0.826138205622415,0.999657356903497
"NAPA",40.7194940856324,-0.0657370686571008,0.159779189197054,-0.411424472657875,0.680761312079773,0.999657356903497
"NOP53",29.5105548215848,0.317805366657659,0.181382283653857,1.75213014333939,0.0797514321396976,0.999657356903497
"SELENOW",11.8366297588811,0.234565411863659,0.258865815222729,0.906127414551969,0.364868416447982,0.999657356903497
"CARD8",4.8671041277128,0.199084272733208,0.399514573244479,0.498315420928038,0.61826174034041,0.999657356903497
"EMP3",50.1018450661824,0.17892175209811,0.243457938006661,0.734918538960165,0.462389107024797,0.999657356903497
"KDELR1",16.9606590036753,-0.258577055182069,0.252097653329626,-1.02570195226677,0.305032093858599,0.999657356903497
"CYTH2",4.27127349970219,-0.964378411237005,0.542508511190297,-1.77762816867352,0.0754649442368614,0.999657356903497
"RPL18",357.145939405158,0.0441592348054903,0.109974407326732,0.401541011940116,0.688021849604775,0.999657356903497
"PPP1R15A",36.3721586114358,-0.188091797170749,0.192226768304958,-0.978489098211079,0.327832480599803,0.999657356903497
"NUCB1",25.8424785319651,0.0860058270046692,0.214909551841155,0.400195460219646,0.689012558082956,0.999657356903497
"BAX",22.6913483256836,0.0962182748671258,0.194060931335121,0.495814763977237,0.620025107386498,0.999657356903497
"FTL",477.12260074106,-0.122864668530613,0.3213208330619,-0.382373801785034,0.702184119826452,0.999657356903497
"RUVBL2",4.04610647426028,-0.00314730249656004,0.435075598964347,-0.00723392096465963,0.994228216487473,0.999657356903497
"SNRNP70",15.7280070058707,0.299419110056018,0.248923212799072,1.20285732571557,0.229031536634223,0.999657356903497
"CD37",88.2518813737414,0.0580404899585294,0.132530035755579,0.437942158753897,0.661428213423638,0.999657356903497
"PIH1D1",7.85927709629082,-0.263430941296958,0.322339890891371,-0.817245859854608,0.413787939582328,0.999657356903497
"ALDH16A1",4.654629158086,-0.274921502018421,0.518293660340488,-0.530435780051438,0.595809823933605,0.999657356903497
"RPL13A",89.94268799993,-0.0815038071890603,0.24226382209428,-0.336425829017681,0.736549774700347,0.999657356903497
"RPS11",110.725020781654,0.0502739502847316,0.151383761503151,0.33209605697164,0.739816727418236,0.999657356903497
"FCGRT",37.2644550974592,-0.070858705212569,0.269187081386925,-0.26323219096357,0.792371620646786,0.999657356903497
"NOSIP",13.2703754529376,-0.00586052161605937,0.285512288401523,-0.0205263375838226,0.983623502146547,0.999657356903497
"PRMT1",15.0093198491742,0.181609147795486,0.227259731097762,0.799125946854888,0.424217385821431,0.999657356903497
"AP2A1",4.1058270887509,0.259612726583003,0.433665189190804,0.598647834905602,0.549407750228315,0.999657356903497
"PTOV1",7.97883442908528,-0.11874243273098,0.331032197322015,-0.358703575336729,0.719816853426512,0.999657356903497
"PNKP",5.50818673945489,0.0289142677833023,0.362472577311116,0.0797695318023594,0.9364205571789,0.999657356903497
"NUP62",6.90116187952603,0.152325125187273,0.357032926879471,0.426641672852476,0.669640339859534,0.999657356903497
"ATF5",9.30845378415629,-0.195777312114045,0.339437776496732,-0.576769368850523,0.56409526443748,0.999657356903497
"NR1H2",9.09164901724543,0.0384140834692734,0.326707971896621,0.117579265808147,0.906401034456777,0.999657356903497
"NAPSA",62.080356925295,0.745196567547227,0.795942653539936,0.936244042498518,0.349147551716311,0.999657356903497
"SPIB",70.8174661441299,0.199095266172179,0.192884441345427,1.03219971908273,0.301978566630467,0.999657356903497
"EMC10",7.51528504211336,-0.082421243582906,0.316350298987418,-0.260537903225386,0.794448881972932,0.999657356903497
"JOSD2",5.9691930726916,0.411469230676551,0.358555042033595,1.14757619455815,0.25114356180331,0.999657356903497
"CTU1",3.05534526018699,0.649989936860332,0.459809957694409,1.41360561245678,0.157477732471373,0.999657356903497
"ETFB",12.7957967932426,-0.225464244308624,0.240238618603745,-0.938501251876201,0.347986873917938,0.999657356903497
"NKG7",14.466118224682,0.755829647176903,0.848830859590719,0.890436108250519,0.373231761100909,0.999657356903497
"SIGLEC6",5.40092037781156,-0.579980206002714,0.578577814396266,-1.0024238599745,0.316138923154719,0.999657356903497
"FPR1",4.27260218669198,0.325030800021881,1.31754411458038,0.246694434307727,0.805144714247188,0.999657356903497
"PPP2R1A",14.5396314902841,-0.0227467688192339,0.250184566010894,-0.0909199523452755,0.927556196174974,0.999657356903497
"MYADM",7.85351967835754,0.423978406527172,0.371882201328456,1.1400879230375,0.254249672854071,0.999657356903497
"NDUFA3",18.9018093709778,0.453351940243343,0.228370999884067,1.9851554727767,0.0471271765839942,0.999657356903497
"TFPT",7.69214601089481,0.0969790670976973,0.297737479405496,0.325720051406827,0.744636172036109,0.999657356903497
"PRPF31",5.97472445027711,-0.0806289907162994,0.370522617366119,-0.21760882315216,0.827733909350232,0.999657356903497
"CNOT3",4.01754769980647,0.478865728985532,0.388843243980175,1.23151356336783,0.218130846987331,0.999657356903497
"MBOAT7",3.68833519653209,0.549055400129461,0.43152991004913,1.27234610473918,0.203250174164146,0.999657356903497
"TSEN34",9.66356362639192,0.00603334177668579,0.296011144892046,0.0203821439861196,0.983738527927294,0.999657356903497
"RPS9",321.214400427213,-0.0192826467825059,0.121886569984189,-0.158201570402771,0.874297966335797,0.999657356903497
"LILRB2",8.86659257497861,-0.706265359293209,0.593179493999396,-1.19064358501565,0.233793533607227,0.999657356903497
"LILRA5",6.76136156877537,-0.174065202317103,0.508821541980081,-0.342094797401321,0.732279552597386,0.999657356903497
"LILRA4",139.994590269467,-0.101802292645925,0.173282189160058,-0.587494266660565,0.556871799913505,0.999657356903497
"LAIR1",26.7865373844202,-0.0887555841351138,0.196626140195878,-0.4513925973764,0.651706617661368,0.999657356903497
"LENG8",10.6379907150509,0.0544650819440032,0.296146662407955,0.183912530032079,0.854082074933533,0.999657356903497
"LILRB1",12.016893529465,0.0439355890828342,0.264454049068668,0.166136949831409,0.868049176441655,0.999657356903497
"LILRB4",45.0423755003631,0.155717238815937,0.213713480997374,0.728626187216753,0.466230355249348,0.999657356903497
"PPP6R1",13.7245784026808,0.159438159219692,0.251715534161397,0.633406117548002,0.526468471102154,0.999657356903497
"RPL28",652.16226894777,0.0317590000328501,0.0894394874085257,0.355089244729088,0.722522733787618,0.999657356903497
"UBE2S",10.5768592565618,0.0234224870833884,0.297108016329241,0.0788349212948627,0.93716392729834,0.999657356903497
"ZNF580",6.35541043408095,-0.246811340155281,0.346784311534591,-0.711714261418259,0.476641734602464,0.999657356903497
"U2AF2",6.3029889051068,-0.298038456086319,0.341443727140149,-0.872877233922609,0.382729996421475,0.999657356903497
"EPN1",9.58426611107489,-0.253003018163323,0.297710073755354,-0.849830222309609,0.395419484319971,0.999657356903497
"ERVK3-1",5.10747116862931,0.19519144937298,0.376765554638496,0.518071376138046,0.604408470486625,0.999657356903497
"A1BG",14.7262726174852,0.0763283054503393,0.26015601956717,0.293394346889721,0.76922074596053,0.999657356903497
"RPS5",252.386158166481,0.0613802334746828,0.0939511667453155,0.653320609003967,0.513549608835406,0.999657356903497
"TRIM28",11.6916177374665,0.0974504894247378,0.281457097750785,0.346235679268692,0.729165602841143,0.999657356903497
"CHMP2A",13.0843154455692,0.162096260098119,0.243536057082487,0.665594499804257,0.505670322964995,0.999657356903497
"UBE2M",6.6429877213111,0.89007707951947,0.383895297423883,2.31854124156327,0.0204199242808622,0.999657356903497
"RBCK1",17.9116398538105,-0.235136830058449,0.223135263391143,-1.05378606001091,0.291980877105143,0.999657356903497
"CSNK2A1",4.78802672325446,-0.471805914397945,0.416711632324907,-1.13221200897526,0.257545312501446,0.999657356903497
"PSMF1",11.4131642409762,0.200193744099192,0.260042099169219,0.769851284614185,0.441388114142874,0.999657356903497
"FKBP1A",26.6439504093376,-0.281901048344488,0.177603592601286,-1.58724856978173,0.112456358361328,0.999657356903497
"NSFL1C",7.29626319182338,-0.0257571238786398,0.321435596542936,-0.0801315229416393,0.936132651669795,0.999657356903497
"SIRPB1",6.0705752803612,0.333328512380166,0.422417456698787,0.789097389547167,0.430055087566405,0.999657356903497
"SNRPB",22.326671831509,0.163586726557512,0.182135054154973,0.898161681816183,0.369099358585932,0.999657356903497
"NOP56",10.4866341757359,-0.109157314124927,0.317538940868324,-0.343760402508214,0.731026481569057,0.999657356903497
"IDH3B",7.36462351472192,-0.208679852035299,0.346739334233547,-0.601834956211636,0.547284004022165,0.999657356903497
"PTPRA",5.69141033338632,-0.334870392020526,0.421529350242689,-0.7944177358652,0.426952282424399,0.999657356903497
"MRPS26",6.02804407800716,0.193328931621198,0.352987077300365,0.547694077357653,0.583901979539068,0.999657356903497
"DDRGK1",8.10376481620633,0.0902113909059482,0.316615665280484,0.284923965546782,0.775702394806017,0.999657356903497
"ITPA",6.8816962728506,0.0827143696129441,0.320862852859383,0.257787303440805,0.7965710637873,0.999657356903497
"SIGLEC1",2.19628236047846,-0.0383273336351762,1.01104893345954,-0.0379084853035058,0.969760647619621,0.999657356903497
"C20orf27",10.4842935224064,-0.695764116159994,0.544224893106628,-1.27844963538571,0.201090932335541,0.999657356903497
"PANK2",6.89037894902599,-0.404844804108898,0.353662841396519,-1.14471965024732,0.252325308783508,0.999657356903497
"PRNP",4.36370269848051,-0.344893510866754,0.429596914935633,-0.802830511290868,0.422072704289558,0.999657356903497
"RASSF2",13.4984951705826,0.0702782107039289,0.237795237827494,0.295540866780988,0.767580738547837,0.999657356903497
"TMEM230",12.1234847940391,-0.107981622807312,0.251057892214079,-0.430106466102388,0.667118196624963,0.999657356903497
"PCNA",3.0409622774703,-0.0288129129020866,0.491606245351311,-0.0586097373142531,0.953262954762332,0.999657356903497
"CDS2",3.95429590916111,-0.530424373384725,0.512606132533095,-1.03476010082747,0.300780960503409,0.999657356903497
"LAMP5",23.348107936634,-0.000572153951621932,0.326513327932123,-0.00175231423245569,0.998601856243773,0.999657356903497
"SNRPB2",14.9967108061698,-0.138701623947522,0.248391867584175,-0.558398410127171,0.576572358235068,0.999657356903497
"DSTN",14.2390782282494,-0.206623943096663,0.242859667059674,-0.850795628596049,0.39488289038461,0.999657356903497
"RRBP1",26.115357747159,-0.252005823877341,0.186313404350309,-1.35259094618612,0.176186346450845,0.999657356903497
"SNX5",9.40670816917771,-0.300998369142993,0.298156492691677,-1.00953149275959,0.312719805997186,0.999657356903497
"MGME1",3.51256174528676,0.0528208439467699,0.426439335876784,0.123864849001716,0.901422284998719,0.999657356903497
"SEC23B",5.22268896822076,-0.281714015991966,0.399771070941304,-0.704688349080989,0.481004203485256,0.999657356903497
"SMIM26",18.9689320071904,0.274607793970635,0.246936469922416,1.11205847421773,0.266113009587874,0.999657356903497
"NAA20",6.27670611691863,-0.264753512152425,0.379025080774944,-0.6985118547066,0.484857146770688,0.999657356903497
"XRN2",11.8626484316941,-0.0876263480723869,0.287827752582014,-0.304440233043263,0.760792519972652,0.999657356903497
"CST3",352.562840962187,0.235500617910813,0.197247845506081,1.19393252335196,0.232504364054046,0.999657356903497
"CST7",3.40573606197565,0.861980489506929,1.42236287132329,0.606020099993885,0.544501406048942,0.999657356903497
"APMAP",3.83675971502137,-0.242231110864095,0.527372640054546,-0.459316795120508,0.646006688725344,0.999657356903497
"HM13",24.5049849232734,0.0823346261511917,0.204268542303718,0.403070513073775,0.686896352028172,0.999657356903497
"HCK",6.90036780940444,-0.270663445286917,0.438054828217353,-0.617875726626211,0.536657260717489,0.999657356903497
"COMMD7",7.14146845657287,0.116716538369257,0.317555010715109,0.36754746242681,0.713210695435358,0.999657356903497
"MAPRE1",7.62851481866633,0.0626897343434502,0.328502107201117,0.19083510567885,0.848654783737387,0.999657356903497
"CHMP4B",14.2668686692122,0.176357286501196,0.252249221537235,0.699139071377329,0.484465123119216,0.999657356903497
"RALY",19.4817490870451,-0.00551222472081469,0.229082096021979,-0.02406222405214,0.980802975430972,0.999657356903497
"EIF2S2",17.078756914149,0.121348523993085,0.237317610541874,0.511333835344146,0.609117316460237,0.999657356903497
"ASIP",5.07472914576095,0.684866197045328,0.422891040370086,1.61948618359466,0.105342696859945,0.999657356903497
"AHCY",16.6160137301254,-0.00188158504687698,0.216247963398146,-0.00870105325992222,0.993057651540227,0.999657356903497
"ITCH",9.16132876565399,-0.177159299649189,0.309937391473536,-0.571597053220717,0.567594992279083,0.999657356903497
"DYNLRB1",4.98929487209917,-0.467062192681714,0.630264621400896,-0.741057290576726,0.458658704091353,0.999657356903497
"GSS",2.60758298108327,0.709403016686323,0.531653152457415,1.33433426174059,0.182094333809771,0.999657356903497
"TRPC4AP",4.73630804603904,-0.121350743266145,0.398275397958892,-0.304690532952955,0.760601860600055,0.999657356903497
"MMP24OS",7.52934984945491,-0.17616943982119,0.344083178914095,-0.511996664228601,0.608653344168681,0.999657356903497
"EIF6",13.5762361317552,-0.0896572852547528,0.286013882556446,-0.313471795331678,0.753922245710984,0.999657356903497
"ERGIC3",21.4776264098952,0.0845778261616488,0.187564072732248,0.450927647974383,0.652041696049487,0.999657356903497
"CPNE1",7.63282280938759,0.15487844054813,0.338671410963532,0.457311823597672,0.647446932474547,0.999657356903497
"ROMO1",25.704433377214,0.320070764368779,0.257974672723914,1.24070615533379,0.214714319595518,0.999657356903497
"RBM39",29.0471001456115,-0.453755928474237,0.20949278471093,-2.16597401719757,0.0303131724840814,0.999657356903497
"PHF20",6.84975635460492,0.0847230701700917,0.364720015414411,0.232296190473193,0.816307971086099,0.999657356903497
"SCAND1",26.9162423577309,-0.0385095963589921,0.183964186519762,-0.209332028627513,0.834189050368453,0.999657356903497
"NORAD",7.28648279874393,-0.185377841369416,0.373031162737854,-0.496950013529271,0.619224301447475,0.999657356903497
"TGIF2",4.4604961022295,0.141095883229065,0.451656332196958,0.312396557229129,0.754739166479288,0.999657356903497
"RAB5IF",17.4055703751875,0.0784191710802569,0.219424137645572,0.357386256232779,0.720802664248361,0.999657356903497
"SLA2",7.94753541633048,0.22629626073466,0.312609258441817,0.723894941124332,0.469130235999107,0.999657356903497
"DSN1",5.90676867098967,-0.0111988862168411,0.367285916531368,-0.0304909219569399,0.975675533245511,0.999657356903497
"SOGA1",4.5488482659862,0.16536808990887,0.375356120701515,0.440563189964261,0.659529256415327,0.999657356903497
"SAMHD1",102.574503281024,-0.0917702056429871,0.156629670232111,-0.585905630184832,0.557938933592671,0.999657356903497
"RPN2",35.0662097514355,-0.167924064874116,0.172553041962591,-0.973173599052061,0.330467029845696,0.999657356903497
"CTNNBL1",7.00915838585189,0.168980247356571,0.347350899622853,0.486482826271781,0.626624878729343,0.999657356903497
"PPP1R16B",5.23937362690028,0.200226890047639,0.376992089245907,0.531116953801739,0.595337736470704,0.999657356903497
"MAFB",2.16839837177217,-0.78026357915659,1.59375269210064,-0.489576320732777,0.624433735879979,0.999657356903497
"TOP1",17.014370333811,0.123968938728017,0.213774425511656,0.579905376573016,0.561978429791659,0.999657356903497
"SRSF6",8.89369409295267,-0.341035706929064,0.39022079666869,-0.873955744646317,0.382142355042029,0.999657356903497
"MYBL2",15.3397626412212,0.493501592211882,0.25508241831194,1.93467505709617,0.0530301830641911,0.999657356903497
"SERINC3",10.762644158748,-0.151984287548593,0.263390651916351,-0.577029922826801,0.56391924189183,0.999657356903497
"ADA",18.738491756576,0.0332226163557274,0.2165974821722,0.153384129965622,0.878095359246455,0.999657356903497
"YWHAB",57.6917846106604,-0.139252211665,0.145133418603267,-0.959477238289663,0.337318381003575,0.999657356903497
"STK4",12.1141765301038,-0.116560124273598,0.298041602610339,-0.391086758535482,0.695733107928322,0.999657356903497
"SYS1",8.65539253527903,-0.526634159393451,0.344869135144583,-1.52705506444543,0.126747319445108,0.999657356903497
"DBNDD2",4.55355181477805,-0.238303030970234,0.429646419082537,-0.554649172868947,0.579134648002943,0.999657356903497
"PIGT",6.8729897199918,-0.235934856812072,0.371375897366562,-0.635299324714105,0.525233213942397,0.999657356903497
"ACOT8",3.50658898071126,-0.231964971707563,0.469099773912055,-0.494489625891509,0.620960431105303,0.999657356903497
"CTSA",6.3642175075861,0.253876502540226,0.379565031010857,0.668861675334271,0.5035837195169,0.999657356903497
"PCIF1",7.92916845057609,-0.130599794535808,0.330843747527414,-0.394747658107055,0.693029126984801,0.999657356903497
"SLC35C2",9.23339484384267,0.208597640808694,0.301384668022956,0.692130897623516,0.488855129683377,0.999657356903497
"TP53RK",4.80113839039161,-0.254847715586132,0.447968715376786,-0.568896235023421,0.569426560567086,0.999657356903497
"NCOA3",6.22635632541137,0.203333788612447,0.35488682990068,0.572953886931654,0.566675916938919,0.999657356903497
"SULF2",19.9835389793187,0.178729503043775,0.200777414639588,0.890187292054778,0.373365327087763,0.999657356903497
"PREX1",10.8631778901858,-0.177285455012801,0.322136949596214,-0.550341881721489,0.582084903155212,0.999657356903497
"STAU1",7.13045661418913,-0.128439290340163,0.339215657530512,-0.378636090312575,0.704958117992924,0.999657356903497
"DDX27",6.76564637889697,0.442182169100555,0.325967536352938,1.35652210661183,0.174933106511696,0.999657356903497
"ZNFX1",6.05582058497254,-0.262097415910616,0.380243724322811,-0.689287946506925,0.490642081650227,0.999657356903497
"ZFAS1",26.8752232240901,0.256712409311099,0.20542762816269,1.24964889877322,0.211427832115507,0.999657356903497
"RNF114",8.05397629706814,-0.0284479795417526,0.3097348553926,-0.0918462325000324,0.926820211049231,0.999657356903497
"UBE2V1",15.9583112572567,0.111505112133863,0.259883724294265,0.429057696616684,0.667881237090923,0.999657356903497
"CEBPB",4.6800296668894,-0.832796611267023,1.01012238883054,-0.824451195692416,0.409683235598973,0.999657356903497
"SMIM25",3.16822966358422,-2.3245148555423,1.6871371974328,-1.37778650075367,0.168269215075193,0.999657356903497
"PTPN1",9.96755647360936,0.0706535644156947,0.314830000459833,0.22441814411746,0.822431953750513,0.999657356903497
"ADNP",5.37199373240297,0.117856789571623,0.386979055264018,0.304555990740158,0.760704342785244,0.999657356903497
"ZNF217",4.90833738878392,0.0809907163992127,0.457395525862767,0.177069323637224,0.859453937340492,0.999657356903497
"PFDN4",4.68959621377871,0.173014349438431,0.501634464759573,0.344901241028873,0.730168617587222,0.999657356903497
"RTF2",16.4975458635649,-0.257118001135331,0.217540221529191,-1.1819331585117,0.237232223800873,0.999657356903497
"RBM38",5.30824126037766,-0.0125032305314667,0.384203796985139,-0.0325432247926231,0.97403884586981,0.999657356903497
"PMEPA1",10.6470637310178,0.224279306796497,0.361159684530691,0.62099762626589,0.534601185000117,0.999657356903497
"RAB22A",5.42774370644965,-0.350173475939195,0.385454693436827,-0.908468574651268,0.36363070959314,0.999657356903497
"STX16",6.44786920419244,-0.0845801214122269,0.342826915075495,-0.246713772148261,0.80512974734839,0.999657356903497
"GNAS",105.109956485274,0.343539694137943,0.215326588490538,1.59543554999962,0.110614871604767,0.999657356903497
"NELFCD",5.20399341952357,0.071564903300766,0.371699216214968,0.19253444769003,0.847323587281766,0.999657356903497
"CTSZ",60.4106581305249,0.327945618514005,0.196156657475507,1.67185566238023,0.0945527875623731,0.999657356903497
"TUBB1",3.84091387434099,0.680274583247251,1.27568505056155,0.533262173878888,0.593852108154728,0.999657356903497
"ATP5F1E",199.565688408302,0.203587944602819,0.154363549269448,1.31888613319876,0.18720718269802,0.999657356903497
"PSMA7",42.3197519062036,-0.0121982320361277,0.168164402586729,-0.0725375397438026,0.942174131744525,0.999657356903497
"ADRM1",11.3664378892674,0.34551096815517,0.348404076844718,0.991696111263251,0.321345788605576,0.999657356903497
"RPS21",270.252107665239,0.19166679607208,0.179934187652012,1.06520499841175,0.286783172193074,0.999657356903497
"OGFR",8.20010083339443,-0.198211791650951,0.371599287087014,-0.53340196964516,0.593755354351349,0.999657356903497
"GID8",5.70404674786214,-0.437282808592554,0.38734706300384,-1.12891732081681,0.258932713296551,0.999657356903497
"PPDPF",36.5834015373453,0.0106832222509727,0.285108219428766,0.0374707620579206,0.970109652266444,0.999657356903497
"ARFRP1",4.90638869423255,0.328259797928414,0.429831933454258,0.763693370314346,0.44504999249871,0.999657356903497
"ZGPAT",6.44191381407528,0.415496128206,0.330048309990821,1.2588948818358,0.208068302746657,0.999657356903497
"LIME1",62.8334807018856,0.0554987807961202,0.14512467716678,0.382421390211534,0.702148826839388,0.999657356903497
"SLC2A4RG",4.73039273662395,0.0652082805933783,0.386276030006027,0.168812650871349,0.865944007186697,0.999657356903497
"DNAJC5",4.34289266505409,-0.11034980707273,0.404847731104771,-0.272571138713315,0.785182900089052,0.999657356903497
"PRPF6",8.71874771652939,-0.382626916460472,0.30141296514486,-1.26944412054929,0.204282708578084,0.999657356903497
"RGS19",20.8594598351433,-0.312578740148454,0.229699525819279,-1.36081578328717,0.173571912797237,0.999657356903497
"NRIP1",5.23432483702565,-0.803675865795611,0.450782028079856,-1.78284806343974,0.0746110393993269,0.999657356903497
"USP25",5.22999753273593,0.129644769680446,0.439686350877868,0.294857389640594,0.768102823635414,0.999657356903497
"LINC01684",5.26177484758759,0.168256029224883,0.427734296747511,0.393365765860492,0.694049350756361,0.999657356903497
"ATP5PF",25.8945480440585,0.281005471591542,0.177331635489413,1.58463249276421,0.113049857966122,0.999657356903497
"APP",90.6456863774948,0.0147122270567238,0.258382359436029,0.0569397504103458,0.954593189412611,0.999657356903497
"USP16",6.90631727982353,-0.0833413647531278,0.335037139842641,-0.248752615283999,0.803552146608565,0.999657356903497
"CCT8",19.110247308102,-0.0752625703145859,0.205974442724492,-0.365397615932652,0.714814620613287,0.999657356903497
"SOD1",21.3051710467904,0.116033216568005,0.200305953930838,0.579279918000187,0.56240031358942,0.999657356903497
"SCAF4",5.88091397539412,0.262669701969198,0.338500210253259,0.775980912309254,0.437760256174846,0.999657356903497
"CFAP298",7.52995549807141,-0.203920563154838,0.328264192817649,-0.621208671602254,0.534462334604903,0.999657356903497
"PAXBP1",4.32566843858871,0.215851496610994,0.429484289878449,0.502582985450022,0.61525749419116,0.999657356903497
"IFNAR2",14.9499148994309,-0.0196028537083096,0.231132922961973,-0.0848120356766949,0.932410824932105,0.999657356903497
"IL10RB",6.80661639288499,-0.0300358578353239,0.364697869393925,-0.0823581938804279,0.934361879516744,0.999657356903497
"IFNAR1",8.54469646742792,0.660080133841718,0.313720774938096,2.10403705005499,0.035375215234785,0.999657356903497
"IFNGR2",7.0273535462005,-0.0198776283655475,0.399153394766972,-0.0497994721481755,0.960282187327618,0.999657356903497
"TMEM50B",4.14480525043407,-0.523842734569253,0.447618060988268,-1.17028953973102,0.241884469947364,0.999657356903497
"SON",47.3501747662296,0.107132512513883,0.176150188705532,0.608188462931337,0.543062485526165,0.999657356903497
"ATP5PO",31.0016641271242,0.128364426136239,0.161997958349187,0.792382987071661,0.428137396320647,0.999657356903497
"MRPS6",12.5554053652303,0.196168889775559,0.280138031160845,0.700257972695344,0.483766213015743,0.999657356903497
"RUNX1",5.39626806174173,-0.459370574390246,0.434430944007449,-1.05740758278575,0.290325612334071,0.999657356903497
"CBR1",5.50486031751694,-0.487875352767107,0.410531092544229,-1.18840049298957,0.234675662299981,0.999657356903497
"MORC3",5.43454005290968,-0.42535067603976,0.391574795994829,-1.08625652210102,0.277365516834147,0.999657356903497
"PIGP",5.06584396025569,-0.372271684459612,0.44418193690616,-0.838106310789175,0.401970998910007,0.999657356903497
"TTC3",14.0502472320789,-0.17768920052266,0.293035388360026,-0.606374545808608,0.544266067165796,0.999657356903497
"BRWD1",4.91877087660339,-0.334359678036423,0.434246560399599,-0.769976572131605,0.441313789976421,0.999657356903497
"HMGN1",43.553330103102,0.114675878881809,0.173293340858182,0.661744290426348,0.508135114661415,0.999657356903497
"MX2",14.0781852238097,0.314629339497989,0.301246015880202,1.04442655806977,0.296288081530448,0.999657356903497
"MX1",86.0830077231833,-0.00895929487972943,0.120725378013136,-0.0742121915638532,0.940841545137656,0.999657356903497
"SLC37A1",5.42856712773434,-0.246351340537195,0.416374891936292,-0.591657531009071,0.554079940663704,0.999657356903497
"NDUFV3",4.741375046867,0.0149181151298378,0.39452958147307,0.0378124121241744,0.969837248006392,0.999657356903497
"RRP1B",4.76148059501187,-0.0881124316428232,0.426224243699486,-0.20672787375499,0.836222387487129,0.999657356903497
"PDXK",2.89506994717238,-0.604372665972861,0.600193519544593,-1.00696299825336,0.313952555853905,0.999657356903497
"CSTB",7.90655341286601,-0.498976641744031,0.537454027191174,-0.928408043292126,0.353195947850619,0.999657356903497
"PFKL",12.4287838383674,0.356545623431427,0.262743267491603,1.35701145393886,0.174777571147959,0.999657356903497
"CFAP410",5.12875444667278,0.119194155195927,0.381008122552585,0.312838882272061,0.754403073204926,0.999657356903497
"UBE2G2",7.07790026106372,-0.27118320959954,0.409457274622041,-0.662299161371263,0.507779514196023,0.999657356903497
"SUMO3",17.9292738282074,-0.601896804288431,0.227775671348759,-2.64249821205372,0.00822968998148553,0.999657356903497
"PTTG1IP",13.9198345564287,-0.299925140825911,0.265875195231329,-1.12806740231994,0.259291454630083,0.999657356903497
"ITGB2",28.6970200472982,-0.36005892792048,0.281512524102196,-1.27901566393462,0.200891539968357,0.999657356903497
"FAM207A",5.92443533086483,0.125903531620269,0.347785246979581,0.362015159394214,0.717340702137712,0.999657356903497
"MCM3AP",6.07077717299466,-0.0979582659241368,0.36864292003636,-0.26572669811338,0.790449700250683,0.999657356903497
"YBEY",3.01303598267332,1.4403331206056,0.547254586036798,2.6319251722246,0.00849025599956015,0.999657356903497
"PCNT",5.43250499643579,-0.31871735267832,0.425600506305388,-0.748865069370066,0.453938535794618,0.999657356903497
"PRMT2",14.2840464264407,-0.0233120841882988,0.291435114889883,-0.0799906497098234,0.936244692591687,0.999657356903497
"IL17RA",8.38415071031775,-0.330830563553617,0.338756280697631,-0.976603482811619,0.328765494206165,0.999657356903497
"ADA2",16.5148273975243,-0.0751568653075301,0.234730972192485,-0.320182993345674,0.748829614487446,0.999657356903497
"ATP6V1E1",6.72215404960215,-0.111037910205894,0.318669380882788,-0.348442357085873,0.727507996818318,0.999657356903497
"BCL2L13",4.61233139940413,0.110796796577093,0.43332946573813,0.255687197242316,0.798192381760206,0.999657356903497
"BID",13.6296705483345,0.000324240183232646,0.243920706115766,0.00132928519434,0.998939384178884,0.999657356903497
"USP18",9.2617758739675,0.329057321897388,0.302243655664195,1.08871539809254,0.276279409372762,0.999657356903497
"SLC25A1",4.98467534687256,0.0241418893952483,0.403145035932179,0.0598838810936263,0.952248117877296,0.999657356903497
"C22orf39",9.01588670335244,-0.0250646982277488,0.298120282332132,-0.0840757899183275,0.932996173323928,0.999657356903497
"MRPL40",7.44194755516429,-0.0362824075188207,0.386747132911034,-0.093814289573976,0.925256680310581,0.999657356903497
"UFD1",8.55657627324639,0.144547190680033,0.310621865382479,0.4653477645627,0.641682434660508,0.999657356903497
"GP1BB",3.17188195564428,1.81958574694319,1.32507201726336,1.37319762491184,0.169690917866428,0.999657356903497
"COMT",26.6885608813134,-0.034000340435649,0.174802431513827,-0.194507251078825,0.845778718612731,0.999657356903497
"RANBP1",12.8895386208702,-0.246141977891677,0.281513612390408,-0.874351956914691,0.381926612390927,0.999657356903497
"DGCR6L",7.78454749019589,0.00467785488255919,0.312343326814893,0.0149766442275601,0.98805081350003,0.999657356903497
"MED15",4.80224907508706,-0.162339823695974,0.399221804485586,-0.406640674111365,0.684271919006866,0.999657356903497
"PI4KA",10.5061725506161,-0.184581984436663,0.272600874162314,-0.677114426004218,0.498333356627741,0.999657356903497
"SNAP29",8.45190182886703,0.173236226706344,0.315275384223799,0.549475903844659,0.582678896486331,0.999657356903497
"THAP7",4.83813380004942,0.200715723893904,0.377966991177301,0.531040351615651,0.595390817096276,0.999657356903497
"UBE2L3",19.8405513557444,-0.073959223159673,0.234429313539557,-0.315486242070121,0.75239249535725,0.999657356903497
"SDF2L1",13.8952827362054,-0.493578476159631,0.278938751913341,-1.76948693135679,0.0768126497867675,0.999657356903497
"PPIL2",3.82325426939863,-0.0509391442562616,0.430635877385071,-0.118288203401855,0.905839304097875,0.999657356903497
"MAPK1",9.83262331398211,-0.295014399986589,0.28994101665604,-1.01749798420748,0.308916590726686,0.999657356903497
"CHCHD10",22.9693476505597,0.448354398622072,0.223714975841573,2.0041322532631,0.0450558952415977,0.999657356903497
"SMARCB1",20.4732927444769,0.300037569042736,0.204868198195156,1.46453950240204,0.143046598017224,0.999657356903497
"DERL3",33.2358944976218,-0.26324328840172,0.240018074332958,-1.09676443798371,0.272744379594444,0.999657356903497
"MIF",44.3757330111073,0.220849647224693,0.164145668677626,1.34544913066473,0.178480238308999,0.999657356903497
"DDT",23.4761988342814,0.273005891870086,0.203953272383195,1.33857078476855,0.180710442315501,0.999657356903497
"SNRPD3",5.71050454992463,-2.01542970116814,0.929570198148132,-2.16813071802778,0.0301487422582237,0.999657356903497
"HPS4",4.45892931848804,-0.281686291821094,0.454650814917709,-0.61956623100319,0.535543404926738,0.999657356903497
"TPST2",8.10219989462432,-0.106793744799727,0.309691706707819,-0.344838891344552,0.730215493294605,0.999657356903497
"PITPNB",4.7952144292019,0.265272335284532,0.393939205542237,0.673383942376078,0.500703061653715,0.999657356903497
"XBP1",34.4353174264186,-0.19422586513466,0.18445733310784,-1.05295821999719,0.292360140953769,0.999657356903497
"EWSR1",19.5022280220678,-0.18024545767366,0.22223035938751,-0.811074860205579,0.417322681924147,0.999657356903497
"AP1B1",3.43969456909253,0.0120696379535319,0.473076415704642,0.0255130831993692,0.979645713000673,0.999657356903497
"UQCR10",43.7739390264654,0.0600548132886785,0.145862591484418,0.411721831331194,0.680543321580827,0.999657356903497
"ASCC2",4.00303874882029,-0.0569432062320988,0.42884022770788,-0.132784199226029,0.894364050885959,0.999657356903497
"SF3A1",9.59802261697202,0.271321208143624,0.274300055561261,0.989140186604988,0.322594558081198,0.999657356903497
"PES1",4.77709250449144,0.416738147972819,0.380987874419294,1.09383572537057,0.274027032517947,0.999657356903497
"DRG1",5.98124349485545,-0.118446092730253,0.378254787276525,-0.313138383741493,0.754175528431427,0.999657356903497
"YWHAH",8.94634571638088,0.00661242606334399,0.296417824125183,0.0223077882811508,0.982202436279328,0.999657356903497
"RTCB",6.96051527962926,0.3873930929497,0.297435800593541,1.30244271932513,0.192765087148897,0.999657356903497
"FBXO7",9.92794365495188,-0.231971104631338,0.278430765799209,-0.833137473028483,0.404767201630867,0.999657356903497
"TOM1",3.82987752206324,0.0559016485474669,0.453133924452098,0.123366725665177,0.901816704834817,0.999657356903497
"MCM5",8.57314872288474,-0.486934168849411,0.311875077926595,-1.56131157412975,0.118450254040724,0.999657356903497
"MYH9",23.6607544769124,0.0813843594225954,0.245931301926622,0.330923143109606,0.740702540270791,0.999657356903497
"TXN2",11.5218288942303,0.270609904867459,0.242884487144215,1.11415063205243,0.265214570341713,0.999657356903497
"EIF3D",21.2565275389638,-0.125898300311126,0.215975564157038,-0.582928447495958,0.559941469264508,0.999657356903497
"NCF4",9.78115356019813,0.173989108817918,0.311271863595913,0.558961888838713,0.576187730310492,0.999657356903497
"CSF2RB",13.9696273941044,0.300023517421808,0.304251501833269,0.9861036531094,0.324082251198684,0.999657356903497
"RAC2",81.5787078570981,0.0731475945862985,0.133341860005495,0.54857187820302,0.583299289227968,0.999657356903497
"CYTH4",25.9668967873527,-0.0780961678458558,0.24906349897382,-0.313559265679732,0.753855801510187,0.999657356903497
"LGALS2",4.38738742434362,0.937580388028813,1.47094445925913,0.637400264929814,0.523864155858297,0.999657356903497
"SH3BP1",6.75658173434393,-0.443063639654256,0.38211557795903,-1.15950164089296,0.246251768065017,0.999657356903497
"PDXP",9.15707151142761,0.22589715708524,0.305165300180428,0.740245227591995,0.459151208984416,0.999657356903497
"LGALS1",51.3840280896692,0.417192544535219,0.476242510577298,0.876008620124021,0.381025347604195,0.999657356903497
"NOL12",4.43577132868777,-0.653873941007449,0.451065868257767,-1.44961963877476,0.147164616433795,0.999657356903497
"H1F0",7.01863178111232,0.590757944891029,0.501099194908958,1.17892415492378,0.238428378362148,0.999657356903497
"EIF3L",36.8207001403639,-0.411272893565058,0.216295264879567,-1.90144196542654,0.0572441472101759,0.999657356903497
"POLR2F",8.14462803218833,0.382009100435293,0.291906885887397,1.30866765706463,0.190646952008767,0.999657356903497
"CSNK1E",8.47588762561336,0.185847658173579,0.308725267827403,0.601983956420047,0.547184816833975,0.999657356903497
"DDX17",30.1685789368439,-0.14414709836771,0.191869021114681,-0.751278645871408,0.452484977831873,0.999657356903497
"TOMM22",13.7699488402059,0.403649191756511,0.235909924386709,1.71103099119662,0.0870753919346225,0.999657356903497
"SUN2",7.95397581091024,-0.0361405761541738,0.355144015007734,-0.101763156992486,0.918944670245844,0.999657356903497
"CBX6",7.4783467108676,-0.191078955309521,0.370121053437723,-0.516260703180108,0.6056723383694,0.999657356903497
"APOBEC3A",6.87255217413472,-2.03902140614704,1.56621592266584,-1.30187758701651,0.192958235393852,0.999657356903497
"APOBEC3G",6.59870839775599,-0.371130918130257,0.395424804825261,-0.938562562594575,0.347955381643631,0.999657356903497
"RPL3",347.380483618147,-0.105580518895348,0.121662118421733,-0.867817528290612,0.385494232772912,0.999657356903497
"ATF4",8.72727405396088,-0.189685545768615,0.335478096034059,-0.565418571319654,0.571789095730785,0.999657356903497
"RPS19BP1",10.4805033137835,-0.0188358722202423,0.31091682499442,-0.060581707730292,0.951692341878754,0.999657356903497
"TNRC6B",11.419893417054,-0.340790572289684,0.305689158490729,-1.11482714654409,0.264924501065286,0.999657356903497
"ADSL",8.35425977005337,0.171543132342808,0.32291600269603,0.531231437620288,0.595258410218415,0.999657356903497
"SGSM3",10.1426728702901,0.0331249978232108,0.311311649264807,0.106404620262167,0.915261327451548,0.999657356903497
"MRTFA",8.08156022123599,-0.547252112299788,0.317805428685161,-1.7219721971519,0.0850745550832686,0.999657356903497
"ST13",16.7621008211706,-0.00645339457694309,0.218894175278555,-0.0294818012801427,0.976480333107305,0.999657356903497
"RBX1",40.8473282987067,-0.0772072972242939,0.176955896156431,-0.436308136102127,0.66261317958601,0.999657356903497
"EP300",7.32652232383537,-0.216637058127569,0.361981176302258,-0.59847603220858,0.549522346716586,0.999657356903497
"PHF5A",5.68798058897105,0.0108772892743682,0.345370065499744,0.0314945919202031,0.974875105029647,0.999657356903497
"ACO2",5.37422930043835,0.589575213273258,0.332962222713398,1.77069701321865,0.0766110994273028,0.999657356903497
"XRCC6",20.0111730023832,-0.129778294633699,0.235191421823962,-0.551798588686776,0.581086354332496,0.999657356903497
"SNU13",25.8921660010369,0.16616463059793,0.207716082863536,0.799960351202535,0.423733769374519,0.999657356903497
"SREBF2",3.64002632229143,-0.587570806204937,0.487704075704261,-1.20476911199987,0.228292447229597,0.999657356903497
"NAGA",7.97910380022188,0.0791032227887025,0.310223957795972,0.254987472117569,0.798732775288387,0.999657356903497
"SMDT1",27.7349733569411,0.244041876307135,0.213888372008542,1.14097776337925,0.253879176675882,0.999657356903497
"NDUFA6",14.7502338555363,0.108633719112284,0.227050064063273,0.478457117202182,0.632324888985359,0.999657356903497
"RRP7A",11.82487041089,-0.285332579730718,0.319256537219232,-0.893740758500999,0.371460612414778,0.999657356903497
"POLDIP3",3.97504320034639,0.673782020395418,0.403165793308463,1.67122814380213,0.0946766232747527,0.999657356903497
"CYB5R3",11.6941423382791,0.0573397013805045,0.278770151980917,0.205688094557661,0.837034558883524,0.999657356903497
"ARFGAP3",4.74037701687208,0.662878805232758,0.392436208900032,1.6891377253153,0.0911930397455946,0.999657356903497
"TSPO",19.242592460801,-0.00285125122866085,0.605596719510505,-0.00470816821954629,0.996243439146485,0.999657356903497
"SAMM50",4.60287298487215,-0.203134789566619,0.414606676297948,-0.489945775549066,0.624172269907567,0.999657356903497
"PARVB",15.2524737532863,0.332678830346405,0.276976153399112,1.20111000988243,0.229708530637373,0.999657356903497
"PARVG",19.7431095899096,-0.226703055115254,0.22134000335201,-1.02422992537284,0.305726687255201,0.999657356903497
"KIAA0930",8.3047658920814,0.374278309607499,0.285121456852316,1.31269780162972,0.189284798687285,0.999657356903497
"FAM118A",13.1443148611313,-1.86266040461081,0.935343791541633,-1.99141793793357,0.0464349587856654,0.999657356903497
"ATXN10",6.12577641824076,0.0804894836336166,0.382896327677395,0.210212211022907,0.833502049470796,0.999657356903497
"CRELD2",6.01030341557036,-0.680262045857544,0.393472785688986,-1.72886682535459,0.0838329326908739,0.999657356903497
"PIM3",27.8437243226977,0.170619067740503,0.195276954847182,0.873728637739276,0.382266051348729,0.999657356903497
"TRABD",23.795090875269,-0.00311385826229701,0.210679626329849,-0.0147800635331573,0.988207644841315,0.999657356903497
"HDAC10",5.57262823105273,0.00711026048341596,0.369696803112559,0.0192326804655953,0.984655487178458,0.999657356903497
"PLXNB2",11.3435762764574,0.171447428336355,0.259549534162661,0.660557642260716,0.508896040772371,0.999657356903497
"PPP6R2",4.73220564517599,-0.607191268645576,0.453498674016749,-1.33890417642798,0.180601869877306,0.999657356903497
"SBF1",5.19157495466735,0.4484810005088,0.366151372076479,1.22485134485615,0.220631235328523,0.999657356903497
"LMF2",6.42601347630027,-0.196769092474915,0.338861042079068,-0.580677823770023,0.561457610510035,0.999657356903497
"SCO2",4.86673453557427,0.162375793012359,0.429950550516138,0.37766155390994,0.70568203171802,0.999657356903497
"TYMP",49.448688455827,-0.0800212209503604,0.375325808990956,-0.213204685192029,0.831167314027939,0.999657356903497
"ODF3B",9.70987518742337,-0.101852339212967,0.328344563083915,-0.310199560657675,0.756409204608148,0.999657356903497
"CHKB",10.4678729528649,0.0894276951417828,0.263874092855263,0.338902899387075,0.734682880175245,0.999657356903497
"ARSA",9.56572799337361,-0.316044200746432,0.328571103553299,-0.961874605918183,0.336112595976964,0.999657356903497
"GTPBP6",10.0957815193141,-0.0761073418430774,0.309899747175641,-0.245586976229259,0.806001971991117,0.999657356903497
"CSF2RA",8.85897238172542,0.0210397997007069,0.38258235342134,0.0549941718758147,0.956143106937337,0.999657356903497
"IL3RA",61.7066348911697,0.241073355749569,0.193157314031046,1.24806744677979,0.212006358425351,0.999657356903497
"SLC25A6",73.3795129832793,0.118553335557889,0.128796567997779,0.920469678663592,0.357327371056664,0.999657356903497
"ASMTL",4.70599811178809,-0.878099360114095,0.451605694290667,-1.94439390648809,0.051847968120515,0.999657356903497
"AKAP17A",7.28117633608414,-0.0854697946323736,0.344675273351323,-0.247971935443293,0.804156121027531,0.999657356903497
"DHRSX",5.38750500363442,0.0344789410446644,0.428457923561917,0.0804721750925486,0.935861725507362,0.999657356903497
"ZBED1",3.93068993831994,0.22070190494456,0.471052426756393,0.46852938740659,0.639406060502499,0.999657356903497
"CD99",50.2040598233213,0.0668490594794746,0.186500883687183,0.358438298831872,0.720015334705426,0.999657356903497
"PRKX",4.3612223542778,0.175957519375763,0.398631523257961,0.441403925955695,0.658920600527782,0.999657356903497
"MSL3",8.71990521600643,-0.401343786447397,0.326757810355953,-1.22826072928508,0.219349107849391,0.999657356903497
"TLR7",11.9748833273218,0.452183261079766,0.2729957857701,1.65637451070606,0.0976459996684403,0.999657356903497
"TMSB4X",527.600072539044,0.00665196344859646,0.176407034259803,0.0377080396850831,0.969920465815508,0.999657356903497
"RAB9A",5.57903067947628,-0.11706881593623,0.417721175759597,-0.280255880548426,0.779281197146187,0.999657356903497
"OFD1",36.5448140623254,-0.183658500973163,0.229382523341946,-0.800664751164932,0.423325753993051,0.999657356903497
"GPM6B",4.05136807401459,0.400139590887441,0.490087128089059,0.816466232132354,0.414233529145145,0.999657356903497
"AP1S2",23.7020471138747,0.329873401549272,0.188640764054149,1.74868567355136,0.080345367806589,0.999657356903497
"RBBP7",8.54248896555065,-0.535602014785098,0.323267790474751,-1.65683693385757,0.0975524476351208,0.999657356903497
"PDHA1",4.28147538311322,0.262185232356691,0.431798791171735,0.607193067042225,0.543722792688955,0.999657356903497
"SH3KBP1",17.4072205092363,-0.0153376917291659,0.229604030824417,-0.0668006205034569,0.94674042942426,0.999657356903497
"EIF1AX",14.7536335736789,-0.200689509978987,0.30273805271366,-0.662914715147507,0.50738517676251,0.999657356903497
"RPS6KA3",9.35083316318227,0.0906633606245044,0.387243141553553,0.234125155221029,0.814887817532926,0.999657356903497
"PHEX",4.7366902828754,-0.313876389182045,0.387903499444503,-0.809161014611963,0.418422536179979,0.999657356903497
"PRDX4",4.64187656535637,0.866993667540452,0.424942028471032,2.04026339936285,0.0413240981568094,0.999657356903497
"SAT1",71.2615828971524,-0.454984919021159,0.315733338734865,-1.4410417374493,0.149572891785937,0.999657356903497
"EIF2S3",18.7530477464582,-0.308780986054725,0.261327050434461,-1.18158830301482,0.237369096996325,0.999657356903497
"CXorf21",8.51402982558745,-0.0354316716900519,0.302442345511622,-0.117151821548383,0.906739744766271,0.999657356903497
"CYBB",33.3617761006064,-0.106540905791007,0.164663307260451,-0.647022749412469,0.517617220104562,0.999657356903497
"ATP6AP2",12.8776567025546,0.184540865855438,0.247490441787599,0.745648456249531,0.455879803279127,0.999657356903497
"USP9X",4.49617904749835,-0.179818039011043,0.40848345647636,-0.440208865647046,0.659785839200164,0.999657356903497
"DDX3X",11.2210774513369,-0.247594780265532,0.280929756276378,-0.881340529915062,0.378133535426459,0.999657356903497
"SLC9A7",7.65478966560863,0.0312080189914438,0.328475840845667,0.0950085671783294,0.924308022081359,0.999657356903497
"NDUFB11",44.1452829949655,0.168983089253811,0.165601367257146,1.02042085794747,0.307528905853187,0.999657356903497
"UBA1",9.50862738699132,-0.2591605778208,0.295402342466436,-0.877313888769336,0.380316170485278,0.999657356903497
"USP11",5.89319903693452,0.0580191843077331,0.365845805692056,0.158589174469229,0.873992558373059,0.999657356903497
"ARAF",6.31732476746837,-0.0447676488414291,0.360401625006095,-0.124216001636153,0.901144252887882,0.999657356903497
"TIMP1",12.8952732885574,-1.1233150591975,0.901037827883002,-1.24669023256963,0.212511101610679,0.999657356903497
"CFP",4.67238828566795,0.511452527427883,0.662612017797818,0.771873303970079,0.440189470124671,0.999657356903497
"UXT",30.691930108058,0.00101758175547882,0.177401367712282,0.00573604233496773,0.995423325477927,0.999657356903497
"RBM3",42.0222425358112,-0.521053994949538,0.241170907051238,-2.16051762345795,0.0307326208089526,0.999657356903497
"WDR13",3.56330376538606,0.227737119197714,0.45837787761785,0.496832701397467,0.619307032607268,0.999657356903497
"WAS",17.6914111410291,-0.164687547884043,0.227641119704059,-0.723452547141494,0.469401897727968,0.999657356903497
"PQBP1",10.8623869839403,-0.0124609584260184,0.272620117872534,-0.0457081396753141,0.963542876069178,0.999657356903497
"TIMM17B",11.3224820669885,-0.138448524636134,0.265260000169065,-0.521935175103271,0.601715466275514,0.999657356903497
"PIM2",3.36651729807632,-0.121423649174379,0.630557686391942,-0.192565488923253,0.847299274861865,0.999657356903497
"OTUD5",3.70560250477676,-0.682603399551649,0.52140598012592,-1.30915913044726,0.190480453009152,0.999657356903497
"WDR45",5.93564458478047,0.267556106399836,0.365477120329496,0.732073477427589,0.464123721163448,0.999657356903497
"PLP2",84.0687372027973,0.117410948203015,0.120393736322982,0.975224723386235,0.329448800957345,0.999657356903497
"CLCN5",4.35760639797374,-0.0399156179570119,0.465898087718165,-0.0856745692014045,0.931725118617215,0.999657356903497
"MAGED1",7.22415958923487,-0.47777505021534,0.382787027202365,-1.24814849057766,0.211976683227144,0.999657356903497
"TSPYL2",14.010107430385,-0.727766129082179,0.379628935931299,-1.91704598938655,0.0552320893132461,0.999657356903497
"SMC1A",7.39229392881054,0.505436500899582,0.341645284183817,1.47941893038875,0.139028383756394,0.999657356903497
"HSD17B10",7.24216049703342,0.0467657972642487,0.310051822125199,0.15083219619127,0.880108087919684,0.999657356903497
"HUWE1",7.26746279976682,-0.472650406605476,0.403425252546774,-1.17159350740117,0.241360295996157,0.999657356903497
"TSR2",4.17602126887522,-0.333933208212177,0.462385961295492,-0.722195819433137,0.470174093246913,0.999657356903497
"NBDY",12.867101749381,-0.0917617622843189,0.259739253313498,-0.353284153679941,0.723875424126419,0.999657356903497
"LAS1L",4.19988174376963,0.189571025624388,0.45012959503677,0.421147659950913,0.673647261226472,0.999657356903497
"MSN",12.9567022976247,-0.139469852927963,0.283209839318362,-0.492461184483006,0.622393355301827,0.999657356903497
"IGBP1",8.34180237082064,0.051634090072927,0.314728536996241,0.164059130340455,0.8696845950696,0.999657356903497
"IL2RG",30.7683538980583,0.266088374029686,0.176962119700276,1.50364594682956,0.132672553887702,0.999657356903497
"NONO",16.0001721525467,-0.00466896777152712,0.235672574991973,-0.0198112477520397,0.984193945236486,0.999657356903497
"OGT",29.3356702335074,-0.126323487986398,0.25877715221213,-0.488155491729214,0.625439707793977,0.999657356903497
"CXCR3",50.3802340996805,-0.261806980059074,0.455973990882329,-0.57417086345751,0.565852183887171,0.999657356903497
"PIN4",4.7678287796725,0.411652030404391,0.409469884681309,1.00532919710269,0.314738360513608,0.999657356903497
"RPS4X",550.681968880977,0.0397494781659093,0.164310132004859,0.241917389274166,0.808844175588142,0.999657356903497
"XIST",13.9153309625195,-0.580868703107592,0.769628563789706,-0.754739013644911,0.450405592869489,0.999657356903497
"JPX",7.44846864332363,-0.101783922037664,0.394007278070623,-0.258330055566689,0.796152192274657,0.999657356903497
"ABCB7",3.8719608320663,-0.131425245253369,0.441179054598907,-0.297895477773424,0.765782939563965,0.999657356903497
"PBDC1",5.02382222808341,0.210744221713301,0.368658962421747,0.571650883865422,0.567558515547161,0.999657356903497
"ATRX",13.2448380495008,0.0358307976865655,0.258343991749244,0.138694139716413,0.889691849171134,0.999657356903497
"MAGT1",5.56210520316108,-0.323678428531142,0.381983813314038,-0.847361634837227,0.396793581837615,0.999657356903497
"COX7B",25.9555787326679,0.0735906981827469,0.195592079400831,0.37624579895148,0.706734169910099,0.999657356903497
"PGK1",32.5329526676165,-0.0317114406787479,0.170426191731834,-0.18607140344159,0.852388767018697,0.999657356903497
"CYSLTR1",9.53780347440974,-0.186471163714451,0.298569950050729,-0.624547660214194,0.532267980581576,0.999657356903497
"SH3BGRL",28.0310964700596,-0.135026237122625,0.186753074094485,-0.723020157913494,0.469667499849739,0.999657356903497
"BTK",10.0097014753716,-0.303894530245696,0.285835778307784,-1.06317876664994,0.28770088964865,0.999657356903497
"RPL36A",131.80763929533,0.111558617889629,0.153265696260525,0.727877278552917,0.466688713174602,0.999657356903497
"HNRNPH2",6.44254787092629,0.241922816994466,0.350133952422998,0.690943609782231,0.489600978999027,0.999657356903497
"ARMCX6",6.59927422390376,0.0011940894248964,0.360943811670517,0.00330824185451451,0.997360409715699,0.999657356903497
"ARMCX3",7.46227881106019,-0.0502311237827164,0.327068370179548,-0.153579888373619,0.877940995536795,0.999657356903497
"BEX4",9.50977947549196,-0.231532648123099,0.317279878264002,-0.729742615226439,0.465547527064651,0.999657356903497
"TCEAL8",4.73975336663131,-0.422761326191706,0.442940949653286,-0.954441729812121,0.339860091659611,0.999657356903497
"MORF4L2",9.60234780819361,-0.478840464406014,0.328565863899499,-1.45736522572071,0.14501559077338,0.999657356903497
"TSC22D3",31.7955756976758,-0.153026894105871,0.353666159496742,-0.432687408723594,0.665241878425883,0.999657356903497
"ACSL4",4.91138643747772,-0.440233126529432,0.423980656898231,-1.03833304507357,0.299115029276227,0.999657356903497
"ALG13",5.34834307192819,-0.0174471067347601,0.363113081883484,-0.0480486867734458,0.961677440954299,0.999657356903497
"PGRMC1",3.97155338852508,0.234555652651287,0.425803625786931,0.550854052071076,0.581733727386775,0.999657356903497
"SLC25A5",62.7591537997777,0.107337557628986,0.129637291840287,0.827983646566962,0.407679761350724,0.999657356903497
"UBE2A",11.6615918535321,-0.535795992347995,0.310264975218526,-1.72689808758022,0.0841859679616127,0.999657356903497
"SEPTIN6",32.2746274709086,-0.181506632341573,0.196022438087645,-0.925948244049584,0.354472877767927,0.999657356903497
"RPL39",454.17463544505,0.145355005630255,0.136450340898804,1.06525938061272,0.286758568765858,0.999657356903497
"NDUFA1",34.9387148227417,0.269692915690611,0.189807430566098,1.42087648985214,0.155352668849129,0.999657356903497
"NKAP",5.93713548189055,-0.156894406609135,0.382987006477481,-0.409659868234618,0.682055473126812,0.999657356903497
"ZBTB33",5.98529559037876,-0.123524833364781,0.371241517541678,-0.332734426318342,0.739334760385461,0.999657356903497
"LAMP2",6.84087501661141,-0.207455069306587,0.35137762308885,-0.590404896825573,0.554919228414686,0.999657356903497
"CUL4B",4.64852719319119,0.16913344118383,0.470893390734639,0.359175653155729,0.719463689030825,0.999657356903497
"MCTS1",9.28524863280793,0.15915600871302,0.273084668652793,0.582808289817892,0.560022363756979,0.999657356903497
"THOC2",9.32421864448036,-0.185597666504835,0.29167525139447,-0.636316127671138,0.524570395230068,0.999657356903497
"STAG2",7.79699226903782,-0.137773595786247,0.362756277755385,-0.379796585847512,0.704096416890202,0.999657356903497
"SASH3",10.0530689743621,0.0489937570592844,0.323131914184543,0.151621535690541,0.879485446764232,0.999657356903497
"ELF4",3.83113008470941,-0.081897456116045,0.4664248633361,-0.175585528460627,0.860619572327717,0.999657356903497
"HPRT1",3.66940352271308,-0.197946211849726,0.461408024060782,-0.429004701972088,0.667919802881358,0.999657356903497
"RTL8C",4.32329239144994,0.243413244261229,0.431763956789826,0.563764622853217,0.572914331035061,0.999657356903497
"MMGT1",5.84581121287105,-0.144633015045746,0.474378224766288,-0.304889658704302,0.760450192180752,0.999657356903497
"HTATSF1",4.16609319449504,-0.048218306293296,0.44425149027985,-0.10853831072783,0.913568692436171,0.999657356903497
"RBMX",12.0719423423857,0.050669882606123,0.255329347466498,0.198449113307554,0.842693694586481,0.999657356903497
"IDS",16.2997040347568,-0.149280371210666,0.287533195974372,-0.519176127489542,0.603637924852559,0.999657356903497
"MTMR1",5.73408248997394,0.104405378750874,0.376570526427538,0.277253187447648,0.781585702005963,0.999657356903497
"VMA21",8.58666184411571,-0.0351693873024518,0.299623255201209,-0.117378697053519,0.906559964653893,0.999657356903497
"BCAP31",30.4129861704906,0.116718943778812,0.177208509933393,0.658653152846234,0.510118522347151,0.999657356903497
"IDH3G",10.2378071332999,-0.383006121064187,0.283433721788026,-1.3513075249057,0.176596942549466,0.999657356903497
"SSR4",111.231390998515,-0.00196393215690792,0.101261256115607,-0.0193947046703208,0.984526234676223,0.999657356903497
"ARHGAP4",26.3540831629185,-0.16854637410916,0.188762676641596,-0.89290095429818,0.371910216029301,0.999657356903497
"NAA10",5.49469392262472,-0.100998499559865,0.402022439683124,-0.251226025192705,0.801639364455813,0.999657356903497
"HCFC1",6.79862676725253,0.189616161176766,0.369190431457239,0.513599879683578,0.60753176371889,0.999657356903497
"IRAK1",5.34259193526504,-0.06092773736514,0.401290556448674,-0.151829482119729,0.87932142833004,0.999657356903497
"FLNA",11.3164779411206,-0.317058630895596,0.47152671501512,-0.672408626699824,0.50132359237249,0.999657356903497
"EMD",11.4930049928798,0.390795718065759,0.249053030906098,1.56912652957475,0.116618459225657,0.999657356903497
"RPL10",804.70518154782,0.134826683940006,0.120223015483946,1.12147148694677,0.262087221806665,0.999657356903497
"TAZ",5.28314684898035,0.129750074345987,0.432789273525207,0.299799653741719,0.764329979457242,0.999657356903497
"ATP6AP1",13.8895223315548,-0.160748817227533,0.253975954691765,-0.632929276405807,0.526779828479463,0.999657356903497
"GDI1",7.27083836075663,0.040862870474679,0.359339564974044,0.113716591374041,0.909462459825973,0.999657356903497
"FAM50A",7.89044358766107,0.341789460590118,0.360760403385552,0.94741401046955,0.34342785462335,0.999657356903497
"LAGE3",9.57421426748504,-0.323915429693223,0.280034129305739,-1.15669982975388,0.247395019279471,0.999657356903497
"FAM3A",3.49179790254563,-0.446598661908253,0.525245780971286,-0.850266062265938,0.39517718039503,0.999657356903497
"G6PD",4.40870094402364,-0.0264420256975517,0.423058353165995,-0.0625020768403943,0.950163008096051,0.999657356903497
"IKBKG",5.29492319305591,-0.222110642097403,0.387603977599602,-0.573034991727678,0.566621001779956,0.999657356903497
"MPP1",5.3847019673527,0.313609253452886,0.392326310114288,0.799358200987156,0.424082740123324,0.999657356903497
"FUNDC2",9.23388031546116,0.293873653906959,0.273045387068078,1.07628133572419,0.281801453301324,0.999657356903497
"VBP1",6.4718179644639,-0.142404889317104,0.344596195113983,-0.413251484886534,0.679422370818385,0.999657356903497
"USP9Y",1.25187501801368,-0.0453617541510528,3.59981276504339,-0.0126011426459581,0.989946008911876,0.999657356903497
"MT-ND1",153.816588917553,-0.116464235405348,0.136728681943573,-0.851790814844629,0.394330205248378,0.999657356903497
"MT-ND2",109.788572966015,0.142762320223606,0.0953178673781587,1.49774983589613,0.134198258509129,0.999657356903497
"MT-CO1",688.12920650722,0.0530980061842453,0.150139712719848,0.353657305068402,0.723595722876634,0.999657356903497
"MT-CO2",524.542928699252,0.131933373479099,0.172253718844162,0.765924674163114,0.443721123450021,0.999657356903497
"MT-ATP6",210.913993225871,0.01964164734568,0.232527372110971,0.0844702589951699,0.932682548193328,0.999657356903497
"MT-CO3",180.527129681387,-0.0534010568597056,0.22336790357207,-0.239072203327886,0.811049595397394,0.999657356903497
"MT-ND3",150.780929197092,-0.387612827235746,0.268838340175002,-1.44180635464207,0.149357009704288,0.999657356903497
"MT-ND4L",129.751749489328,-0.13986776869184,0.268621072741093,-0.520687998393372,0.602584136320919,0.999657356903497
"MT-ND4",119.625685832718,0.31762489210582,0.133316199235622,2.38249285478393,0.0171958656891169,0.999657356903497
"MT-ND5",116.106164933305,-0.0856468510762842,0.201558086580551,-0.424923914139541,0.670892140992141,0.999657356903497
"MT-ND6",38.4465595169212,0.0265375177703524,0.288022134830972,0.0921370775406762,0.926589130111134,0.999657356903497
"MT-CYB",158.72715421819,0.0928127668106858,0.218361470133716,0.425041866378033,0.670806155103059,0.999657356903497
"SRM",14.6910355652954,2.55713704115461e-05,0.241047742264981,0.000106084256053457,0.999915357010109,0.999920260840137
"SPCS1",103.371033432632,-5.3188240960372e-05,0.14309613021968,-0.000371695872409113,0.99970342960892,0.999920260840137
"THOC6",4.91469043822944,-3.89814437976042e-05,0.390055427790816,-9.99382165206265e-05,0.999920260840137,0.999920260840137
"PRF1",4.37002267638227,1.01642213608173,1.66603267512543,0.61008535502175,NA,NA
"RPS4Y1",4.42967712186119,2.36160098867868,3.55319177074626,0.664642141784171,NA,NA
