"ID","Description","setSize","enrichmentScore","NES","pvalue","p.adjust","qvalue","rank","leading_edge","core_enrichment","log2err"
"GO:0001738","morphogenesis of a polarized epithelium",10,-0.811557870382196,-2.05824801319264,5.31352814581246e-05,0.0208442118405729,0.0155569355356501,519,"tags=80%, list=16%, signal=68%","MSN/PAFAH1B1/CDC42/SH3BP1/ACTG1/RAB10/ACTB/RHOA",0.557332238758646
"GO:0019884","antigen processing and presentation of exogenous antigen",24,-0.641793035177314,-2.05101968972897,0.000129506148742831,0.0323294440407103,0.0241288603614054,678,"tags=54%, list=21%, signal=43%","CTSS/HLA-DMB/LNPEP/HLA-DRB1/MPEG1/IFI30/HLA-C/B2M/HLA-DRA/HLA-B/HLA-DPB1/HLA-DPA1/FCGR2B",0.518848077743792
"GO:0002478","antigen processing and presentation of exogenous peptide antigen",23,-0.644282924497703,-2.03489113284324,0.000233797168773494,0.0428840454476823,0.032006215233281,678,"tags=57%, list=21%, signal=45%","CTSS/HLA-DMB/LNPEP/HLA-DRB1/MPEG1/IFI30/HLA-C/B2M/HLA-DRA/HLA-B/HLA-DPB1/HLA-DPA1/FCGR2B",0.518848077743792
"GO:0010499","proteasomal ubiquitin-independent protein catabolic process",12,-0.729983717420916,-1.97047902692696,0.00110527083375297,0.0640059631394542,0.0477704146394972,404,"tags=42%, list=12%, signal=37%","PSMA6/PSMB1/PSMB6/PSMA7/MIDN",0.45505986738723
"GO:0002396","MHC protein complex assembly",13,-0.715535618810533,-1.95738816135273,0.000732469124678214,0.0591360882439609,0.0441358166803456,669,"tags=62%, list=20%, signal=49%","HLA-DMB/HLA-DRB1/CALR/B2M/PDIA3/HLA-DRA/HLA-DPB1/HLA-DPA1",0.477270815362862
"GO:0002501","peptide antigen assembly with MHC protein complex",13,-0.715535618810533,-1.95738816135273,0.000732469124678214,0.0591360882439609,0.0441358166803456,669,"tags=62%, list=20%, signal=49%","HLA-DMB/HLA-DRB1/CALR/B2M/PDIA3/HLA-DRA/HLA-DPB1/HLA-DPA1",0.477270815362862
"GO:0019882","antigen processing and presentation",46,-0.512976087755287,-1.9222821734522,0.000234253707835118,0.0428840454476823,0.032006215233281,678,"tags=46%, list=21%, signal=37%","CTSS/HLA-DMB/LNPEP/HLA-DRB1/PYCARD/RAB6A/WAS/CTSH/CALR/CD68/MPEG1/IFI30/HLA-C/B2M/RAB10/PDIA3/HLA-DRA/HLA-B/HLA-DPB1/HLA-DPA1/FCGR2B",0.518848077743792
"GO:0097028","dendritic cell differentiation",15,-0.685786414837925,-1.9056100610778,0.00105524704806618,0.0640059631394542,0.0477704146394972,246,"tags=33%, list=7%, signal=31%","CLEC12A/HLA-B/CEBPB/LYN/FCGR2B",0.45505986738723
"GO:0002181","cytoplasmic translation",125,-0.433314037736094,-1.89920804229761,3.81684740957319e-06,0.00349368766222933,0.00260748999092421,956,"tags=50%, list=29%, signal=37%","EIF3K/UBA52/RPL35A/RPS28/RPL31/RPL30/RPS15A/RPL7/EIF3L/SH3BGRL/EIF4A2/MTOR/ZC3H15/RPL12/EIF3B/RPS4X/RPL3/CNBP/RPL38/HNRNPU/EIF4A1/RPS3A/FAU/RPS18/RPS19/HHEX/EIF2S3/RPL4/RPS3/RPL36AL/RPL15/RPL10/RPS27A/RPS17/EIF3F/RPL8/RPL35/RPLP0/EIF5/CSDE1/EIF3H/RPL23A/RPL6/RPS21/RPLP2/RPS20/NEMF/RPL22/RPL39/RPS29/RPL24/RPS16/RPS7/YBX3/RPS13/RPLP1/RPL27A/RPS24/RPS14/RPL9/RPS6/RPS25",0.610526878385931
"GO:0001913","T cell mediated cytotoxicity",15,-0.682928780278581,-1.89766948796444,0.00116921440166119,0.0642132549392325,0.047925125462381,609,"tags=53%, list=19%, signal=44%","HLA-DRB1/CTSH/STX7/HLA-C/HLA-DRA/HLA-B/CTSC/FCGR2B",0.45505986738723
"GO:0009303","rRNA transcription",12,0.685968676416624,1.88817333444231,0.00381783109569418,0.0959974313916918,0.0716470290731556,235,"tags=42%, list=7%, signal=39%","GTF3C1/POLR2L/SIRT7/TCOF1/NOP53",0.431707695803346
"GO:0048002","antigen processing and presentation of peptide antigen",32,-0.556888416093446,-1.87485733330861,0.000509557361706282,0.0518238709350167,0.0386783930959006,678,"tags=50%, list=21%, signal=40%","CTSS/HLA-DMB/LNPEP/HLA-DRB1/PYCARD/CALR/MPEG1/IFI30/HLA-C/B2M/PDIA3/HLA-DRA/HLA-B/HLA-DPB1/HLA-DPA1/FCGR2B",0.477270815362862
"GO:0030041","actin filament polymerization",50,-0.495779948563938,-1.87207290016492,0.000551564573062744,0.0540927256296534,0.0403717373438955,793,"tags=56%, list=24%, signal=43%","MSRB1/NCKAP1L/TMOD3/EPS8/EVL/MTPN/ARFGEF1/PYCARD/WAS/ARPC5/CYFIP1/TTC17/WASHC2C/ARPC4/ARF6/VASP/COTL1/CORO7/ARPC2/RAC1/CAPZA1/TMSB4X/SSH2/GSN/CFL1/PFN1/ARPC3/CAPZA2",0.477270815362862
"GO:0008064","regulation of actin polymerization or depolymerization",44,-0.509832519928608,-1.87143026199416,0.000324595962928434,0.0446092125070125,0.033293781917764,784,"tags=52%, list=24%, signal=40%","NCKAP1L/TMOD3/EPS8/EVL/MTPN/ARFGEF1/PYCARD/WAS/ARPC5/CYFIP1/WASHC2C/ARF6/VASP/SH3BP1/COTL1/CAPZA1/TMSB4X/SSH2/GSN/CFL1/PFN1/ARPC3/CAPZA2",0.49849310876659
"GO:0030832","regulation of actin filament length",44,-0.509832519928608,-1.87143026199416,0.000324595962928434,0.0446092125070125,0.033293781917764,784,"tags=52%, list=24%, signal=40%","NCKAP1L/TMOD3/EPS8/EVL/MTPN/ARFGEF1/PYCARD/WAS/ARPC5/CYFIP1/WASHC2C/ARF6/VASP/SH3BP1/COTL1/CAPZA1/TMSB4X/SSH2/GSN/CFL1/PFN1/ARPC3/CAPZA2",0.49849310876659
"GO:0019646","aerobic electron transport chain",49,-0.496278771466065,-1.86173961972973,0.000591635135879325,0.0541543361041542,0.0404177199019053,579,"tags=41%, list=18%, signal=34%","COX6A1/NDUFB7/COX4I1/UQCRB/NDUFC1/NDUFB8/MT-ND6/COX7C/MT-ND4L/COX6C/COX7B/NDUFB1/NDUFB9/NDUFA3/COX8A/NDUFB2/UQCRQ/NDUFA2/UQCRH/COX7A2",0.477270815362862
"GO:0150117","positive regulation of cell-substrate junction organization",12,-0.689165411080379,-1.86029627265557,0.00333740516574574,0.0948007205389891,0.0707538720791323,390,"tags=50%, list=12%, signal=44%","PTPRJ/ARF6/ROCK1/RAC1/IQSEC1/CFL1",0.431707695803346
"GO:0002504","antigen processing and presentation of peptide or polysaccharide antigen via MHC class II",17,-0.634272238660865,-1.86025138610394,0.00186878485203138,0.0765922866220624,0.0571641314443055,678,"tags=59%, list=21%, signal=47%","CTSS/HLA-DMB/HLA-DRB1/PYCARD/IFI30/B2M/HLA-DRA/HLA-DPB1/HLA-DPA1/FCGR2B",0.45505986738723
"GO:0002495","antigen processing and presentation of peptide antigen via MHC class II",16,-0.640504624212616,-1.85742063671191,0.00341819895932991,0.0948007205389891,0.0707538720791323,678,"tags=62%, list=21%, signal=50%","CTSS/HLA-DMB/HLA-DRB1/PYCARD/IFI30/B2M/HLA-DRA/HLA-DPB1/HLA-DPA1/FCGR2B",0.431707695803346
"GO:0030833","regulation of actin filament polymerization",39,-0.510696983827655,-1.84904101019795,0.00121029425376785,0.0651660396244415,0.0486362298226955,784,"tags=54%, list=24%, signal=41%","NCKAP1L/TMOD3/EPS8/EVL/MTPN/ARFGEF1/PYCARD/ARPC5/CYFIP1/WASHC2C/ARF6/VASP/COTL1/CAPZA1/TMSB4X/SSH2/GSN/CFL1/PFN1/ARPC3/CAPZA2",0.45505986738723
"GO:0006412","translation",232,-0.383322032206183,-1.84384984400203,5.89676066386495e-07,0.000809625239148658,0.000604258282817604,875,"tags=40%, list=27%, signal=31%","MRPL4/RPS15A/RPL7/EIF3L/SH3BGRL/EIF4A2/MTOR/ZC3H15/RPL12/EIF3B/RPS4X/RPL3/EEF1B2/CNBP/TNRC6A/RPL38/RGS2/HNRNPU/EIF4A1/PML/RPS3A/MTPN/FAU/RPS18/EIF4A3/EIF1AX/RPS19/HHEX/EIF2S3/RPL4/MAP3K20/RPS3/AURKAIP1/USP16/RPL36AL/RPL15/BCL3/PPP1R15B/CALR/RPL10/EIF4G2/CNOT1/EIF5A/RPS27A/RPS17/CYFIP1/EIF3F/RPL8/RPL35/MRPL52/RPLP0/CAPRIN1/EIF5/CSDE1/EIF3H/PPP1R15A/ABTB1/AIMP1/PUM2/RPL23A/MRPL20/AGO1/RPL6/RPS21/RPLP2/EEF1A1/RPS20/NEMF/RPL22/RPL39/RPS29/UPF1/EIF4EBP2/RPL24/RPS16/RBM3/EIF4E3/BTG2/RPS7/YBX3/KHDRBS1/RPS13/DDX3X/RPLP1/RPL27A/RPS24/RPS14/RPL9/RPS6/EIF1/RPS25/ZFP36",0.659444398037935
"GO:0160307","protein biosynthetic process",232,-0.383322032206183,-1.84384984400203,5.89676066386495e-07,0.000809625239148658,0.000604258282817604,875,"tags=40%, list=27%, signal=31%","MRPL4/RPS15A/RPL7/EIF3L/SH3BGRL/EIF4A2/MTOR/ZC3H15/RPL12/EIF3B/RPS4X/RPL3/EEF1B2/CNBP/TNRC6A/RPL38/RGS2/HNRNPU/EIF4A1/PML/RPS3A/MTPN/FAU/RPS18/EIF4A3/EIF1AX/RPS19/HHEX/EIF2S3/RPL4/MAP3K20/RPS3/AURKAIP1/USP16/RPL36AL/RPL15/BCL3/PPP1R15B/CALR/RPL10/EIF4G2/CNOT1/EIF5A/RPS27A/RPS17/CYFIP1/EIF3F/RPL8/RPL35/MRPL52/RPLP0/CAPRIN1/EIF5/CSDE1/EIF3H/PPP1R15A/ABTB1/AIMP1/PUM2/RPL23A/MRPL20/AGO1/RPL6/RPS21/RPLP2/EEF1A1/RPS20/NEMF/RPL22/RPL39/RPS29/UPF1/EIF4EBP2/RPL24/RPS16/RBM3/EIF4E3/BTG2/RPS7/YBX3/KHDRBS1/RPS13/DDX3X/RPLP1/RPL27A/RPS24/RPS14/RPL9/RPS6/EIF1/RPS25/ZFP36",0.659444398037935
"GO:0120192","tight junction assembly",13,-0.673280355052458,-1.84179649706579,0.00292696714921321,0.0948007205389891,0.0707538720791323,743,"tags=62%, list=23%, signal=48%","PECAM1/PRKACA/MPP7/GPBAR1/ROCK1/RAC1/ACTG1/RPS6",0.431707695803346
"GO:0006119","oxidative phosphorylation",68,-0.4569723182572,-1.83703429292946,0.000210354917769977,0.0428840454476823,0.032006215233281,579,"tags=35%, list=18%, signal=30%","COX6A1/NDUFB7/COX4I1/UQCRB/NDUFC1/NDUFB8/MT-ND6/COX7C/MT-ND4L/COX6C/NDUFB11/COX7B/NDUFB1/NDUFB9/NDUFA3/COX8A/NDUFB2/UQCRQ/NDUFA2/UQCRH/MT-ATP8/RHOA/ATP5MG/COX7A2",0.518848077743792
"GO:0022900","electron transport chain",57,-0.470787778969717,-1.83699535971346,0.00064312642900906,0.0569685540018993,0.0425180922620286,579,"tags=40%, list=18%, signal=34%","COX6A1/NDUFB7/COX4I1/UQCRB/NDUFC1/NDUFB8/MT-ND6/COX7C/HIGD2A/PUM2/MT-ND4L/COX6C/NDUFB11/COX7B/NDUFB1/NDUFB9/NDUFA3/COX8A/NDUFB2/UQCRQ/NDUFA2/UQCRH/COX7A2",0.477270815362862
"GO:0002042","cell migration involved in sprouting angiogenesis",13,-0.671494332280301,-1.83691073074163,0.00309071096484813,0.0948007205389891,0.0707538720791323,459,"tags=38%, list=14%, signal=33%","KLF4/ANXA1/NOTCH1/NR4A1/RHOA",0.431707695803346
"GO:0042773","ATP synthesis coupled electron transport",50,-0.486360882569278,-1.83650635850759,0.000896884930190964,0.0640059631394542,0.0477704146394972,579,"tags=40%, list=18%, signal=33%","COX6A1/NDUFB7/COX4I1/UQCRB/NDUFC1/NDUFB8/MT-ND6/COX7C/MT-ND4L/COX6C/COX7B/NDUFB1/NDUFB9/NDUFA3/COX8A/NDUFB2/UQCRQ/NDUFA2/UQCRH/COX7A2",0.477270815362862
"GO:0042775","mitochondrial ATP synthesis coupled electron transport",50,-0.486360882569278,-1.83650635850759,0.000896884930190964,0.0640059631394542,0.0477704146394972,579,"tags=40%, list=18%, signal=33%","COX6A1/NDUFB7/COX4I1/UQCRB/NDUFC1/NDUFB8/MT-ND6/COX7C/MT-ND4L/COX6C/COX7B/NDUFB1/NDUFB9/NDUFA3/COX8A/NDUFB2/UQCRQ/NDUFA2/UQCRH/COX7A2",0.477270815362862
"GO:0019886","antigen processing and presentation of exogenous peptide antigen via MHC class II",14,-0.652815875784434,-1.83411727754097,0.00360596392477714,0.0959974313916918,0.0716470290731556,678,"tags=64%, list=21%, signal=51%","CTSS/HLA-DMB/HLA-DRB1/IFI30/B2M/HLA-DRA/HLA-DPB1/HLA-DPA1/FCGR2B",0.431707695803346
"GO:0022904","respiratory electron transport chain",56,-0.478146478220379,-1.83214441796957,0.000484456898233311,0.0518238709350167,0.0386783930959006,579,"tags=41%, list=18%, signal=34%","COX6A1/NDUFB7/COX4I1/UQCRB/NDUFC1/NDUFB8/MT-ND6/COX7C/HIGD2A/PUM2/MT-ND4L/COX6C/NDUFB11/COX7B/NDUFB1/NDUFB9/NDUFA3/COX8A/NDUFB2/UQCRQ/NDUFA2/UQCRH/COX7A2",0.49849310876659
"GO:0002711","positive regulation of T cell mediated immunity",19,-0.616604756386838,-1.8230178724585,0.0023665002527542,0.0878163472170679,0.0655411326214309,379,"tags=42%, list=12%, signal=37%","YWHAG/STX7/HLA-C/B2M/CD55/IL1B/HLA-DRA/HLA-B",0.431707695803346
"GO:0002456","T cell mediated immunity",38,-0.507702793383899,-1.82094954745201,0.00193196381438561,0.0779648509428349,0.0581885354764708,609,"tags=39%, list=19%, signal=33%","HLA-DRB1/WAS/CTSH/HMGB1/NFKBIZ/YWHAG/STX7/HLA-C/B2M/CD55/IL1B/HLA-DRA/HLA-B/CTSC/FCGR2B",0.45505986738723
"GO:0001914","regulation of T cell mediated cytotoxicity",13,-0.662616976881597,-1.81262622287823,0.00395036771568142,0.0959974313916918,0.0716470290731556,351,"tags=38%, list=11%, signal=34%","STX7/HLA-C/HLA-DRA/HLA-B/FCGR2B",0.407017918923954
"GO:0048041","focal adhesion assembly",25,-0.552880471895137,-1.81044640356956,0.00308297024251312,0.0948007205389891,0.0707538720791323,627,"tags=40%, list=19%, signal=33%","VCL/SLK/PTEN/RCC2/PTPRJ/ROCK1/RAC1/ACTG1/CFL1/RHOA",0.431707695803346
"GO:0030856","regulation of epithelial cell differentiation",23,-0.572171004470592,-1.80713419399549,0.00298172767102919,0.0948007205389891,0.0707538720791323,683,"tags=48%, list=21%, signal=38%","BTG1/VCL/NME2/ZEB2/ROCK1/TNFRSF1A/IL1B/NOTCH1/CEBPB/STAT1/ZFP36",0.431707695803346
"GO:0043297","apical junction assembly",17,-0.615650561139594,-1.80563603435267,0.00318173718807832,0.0948007205389891,0.0707538720791323,743,"tags=59%, list=23%, signal=46%","PECAM1/CTNNA1/VCL/PRKACA/MPP7/GPBAR1/ROCK1/RAC1/RPS6/RHOA",0.431707695803346
"GO:0150116","regulation of cell-substrate junction organization",26,-0.56564270462736,-1.8053462739792,0.00297527526767891,0.0948007205389891,0.0707538720791323,627,"tags=46%, list=19%, signal=38%","VCL/SLK/PTEN/RCC2/PTPRJ/ARF6/ROCK1/RAC1/IQSEC1/ACTG1/CFL1/RHOA",0.431707695803346
"GO:0034242","negative regulation of syncytium formation by plasma membrane fusion",45,-0.491316138848392,-1.80367728928096,0.0010926071078931,0.0640059631394542,0.0477704146394972,953,"tags=47%, list=29%, signal=34%","UBA52/RPL35A/RPL31/RPL30/RPL7/RPL12/RPL38/RPL4/RPL15/RPL10/RPL8/RPL35/RPLP0/RPL23A/RPL6/RPLP2/RPL39/RPL24/RPLP1/RPL27A/RPL9",0.45505986738723
"GO:1901740","negative regulation of myoblast fusion",45,-0.491316138848392,-1.80367728928096,0.0010926071078931,0.0640059631394542,0.0477704146394972,953,"tags=47%, list=29%, signal=34%","UBA52/RPL35A/RPL31/RPL30/RPL7/RPL12/RPL38/RPL4/RPL15/RPL10/RPL8/RPL35/RPLP0/RPL23A/RPL6/RPLP2/RPL39/RPL24/RPLP1/RPL27A/RPL9",0.45505986738723
"GO:0007043","cell-cell junction assembly",26,-0.563765535811403,-1.79935496586227,0.00308897854570961,0.0948007205389891,0.0707538720791323,743,"tags=54%, list=23%, signal=42%","PECAM1/CTNNA1/VCL/PRKACA/MPP7/GPBAR1/ROCK1/RAC1/ACTG1/FLOT1/IL1B/ACTB/RPS6/RHOA",0.431707695803346
"GO:0010592","positive regulation of lamellipodium assembly",13,-0.65524442266447,-1.79245818376996,0.00447776061083432,0.100786316699599,0.0752211810052384,423,"tags=54%, list=13%, signal=47%","CDC42/CYFIP1/ARPC2/RAC1/CFL1/ACTR3/RAC2",0.407017918923954
"GO:0051250","negative regulation of lymphocyte activation",54,-0.467295958729947,-1.78560447841336,0.00106996020797178,0.0640059631394542,0.0477704146394972,609,"tags=41%, list=19%, signal=34%","HLA-DRB1/MNDA/CSK/LST1/HMGB1/CD300A/PRKAR1A/ANXA1/PSMA6/PSMB9/PSMB1/JAK3/ID2/PTPN2/PSMA7/CLEC12A/PAG1/CBL/SAMSN1/CEBPB/LYN/FCGR2B",0.45505986738723
"GO:0006123","mitochondrial electron transport, cytochrome c to oxygen",12,-0.661386560408066,-1.78531152801589,0.00657752763150719,0.126306929203628,0.0942683163247273,579,"tags=58%, list=18%, signal=48%","COX6A1/COX4I1/COX7C/COX6C/COX7B/COX8A/COX7A2",0.407017918923954
"GO:0071622","regulation of granulocyte chemotaxis",13,-0.652298337570347,-1.78439900134217,0.00463911706449423,0.101115810686998,0.0754670965985249,390,"tags=38%, list=12%, signal=34%","PTPRJ/RAC1/C5AR1/CXCL8/RAC2",0.407017918923954
"GO:0008637","apoptotic mitochondrial changes",27,-0.541484103141366,-1.78242738261105,0.00357995909526947,0.0959974313916918,0.0716470290731556,584,"tags=44%, list=18%, signal=37%","PYCARD/BNIP3L/HSPA1A/RHOT1/BCL2A1/LRRK2/ATG3/IFI6/PLAUR/SIVA1/SOD2/MCL1",0.431707695803346
"GO:2001233","regulation of apoptotic signaling pathway",100,-0.41563324813414,-1.7821353903226,0.000407974169174783,0.0509225940251797,0.0380057312129115,897,"tags=44%, list=27%, signal=33%","HIF1A/ENO1/BCLAF1/LGALS3/GRINA/FYN/NONO/TMC8/TCF7L2/PML/NOC2L/UBQLN1/DNAJA1/ARHGEF2/CDKN2D/MDM2/LTB/PYCARD/RPS3/HSPA1A/CTSH/URI1/TLR4/SFPQ/KLF4/EIF5A/TPT1/LRRK2/PTPN2/ATF3/IFI6/NR4A2/PLAUR/RPS7/YBX3/PPIA/SOD2/DDX3X/IL1B/MCL1/TNFSF12/TMBIM6/G0S2/FCGR2B",0.49849310876659
"GO:0010591","regulation of lamellipodium assembly",15,-0.640751496995563,-1.78047052683885,0.00614910716443107,0.123251447252027,0.0919878781812776,635,"tags=60%, list=19%, signal=49%","HSP90AA1/WAS/CDC42/CYFIP1/ARPC2/RAC1/CFL1/ACTR3/RAC2",0.407017918923954
"GO:0051893","regulation of focal adhesion assembly",23,-0.562960227358237,-1.77804304791687,0.0039171599170183,0.0959974313916918,0.0716470290731556,627,"tags=43%, list=19%, signal=35%","VCL/SLK/PTEN/RCC2/PTPRJ/ROCK1/RAC1/ACTG1/CFL1/RHOA",0.407017918923954
"GO:0090109","regulation of cell-substrate junction assembly",23,-0.562960227358237,-1.77804304791687,0.0039171599170183,0.0959974313916918,0.0716470290731556,627,"tags=43%, list=19%, signal=35%","VCL/SLK/PTEN/RCC2/PTPRJ/ROCK1/RAC1/ACTG1/CFL1/RHOA",0.407017918923954
"GO:1901739","regulation of myoblast fusion",50,-0.470152523282749,-1.77530333836864,0.00182434113237726,0.0765922866220624,0.0571641314443055,953,"tags=48%, list=29%, signal=35%","UBA52/RPL35A/RPL31/RPL30/RIPOR2/RPL7/RPL12/MAPK14/RPL38/RPL4/RPL15/RPL10/RPL8/RPL35/RPLP0/RPL23A/RPL6/RPLP2/RPL39/RPL24/CD53/RPLP1/RPL27A/RPL9",0.45505986738723
"GO:0099010","modification of postsynaptic structure",10,-0.698048919079948,-1.77037011560364,0.00508035125583822,0.10649346983612,0.0794806758768138,416,"tags=50%, list=13%, signal=44%","CYFIP1/CFL1/PFN1/RHOA/RHOB",0.407017918923954
"GO:2001198","regulation of dendritic cell differentiation",10,-0.698037551910686,-1.77034128653993,0.00508035125583822,0.10649346983612,0.0794806758768138,472,"tags=50%, list=14%, signal=43%","HMGB1/CLEC12A/HLA-B/CEBPB/FCGR2B",0.407017918923954
"GO:0008154","actin polymerization or depolymerization",58,-0.458833885256024,-1.77008780696278,0.000952632830204418,0.0640059631394542,0.0477704146394972,793,"tags=52%, list=24%, signal=40%","MSRB1/NCKAP1L/TMOD3/EPS8/EVL/MTPN/ARFGEF1/PYCARD/WAS/ARPC5/CYFIP1/TTC17/WASHC2C/ARPC4/ARF6/VASP/SH3BP1/COTL1/CORO7/ARPC2/RAC1/CAPZA1/TMSB4X/MICAL1/SSH2/GSN/CFL1/PFN1/ARPC3/CAPZA2",0.477270815362862
"GO:0070830","bicellular tight junction assembly",12,-0.655654968003593,-1.76983997385053,0.00736524658041672,0.134833114065496,0.100631776323869,743,"tags=58%, list=23%, signal=45%","PECAM1/PRKACA/MPP7/GPBAR1/ROCK1/RAC1/RPS6",0.407017918923954
"GO:0006959","humoral immune response",40,-0.489344899960241,-1.75997953805743,0.00231880524518878,0.0872251945655944,0.0650999298663908,680,"tags=38%, list=21%, signal=30%","FAU/ALOX5/RPS19/HLA-DRB1/SERPING1/CCL3/CD83/CCL3L1/RPL39/B2M/CD55/CXCL8/HMGN2/IL1B/FCGR2B",0.431707695803346
"GO:1901976","regulation of cell cycle checkpoint",10,-0.691846786646486,-1.75464045882301,0.00589319131304913,0.118990465776713,0.0888077236790555,714,"tags=60%, list=22%, signal=47%","MAD1L1/PPP1R10/MAP3K20/RBX1/DUSP1/DYNLT1",0.407017918923954
"GO:1902745","positive regulation of lamellipodium organization",16,-0.604232554110127,-1.75223405569784,0.0113690805346383,0.169671169283243,0.126632921550908,423,"tags=44%, list=13%, signal=38%","CDC42/CYFIP1/ARPC2/RAC1/CFL1/ACTR3/RAC2",0.380730400722792
"GO:0060142","regulation of syncytium formation by plasma membrane fusion",51,-0.467798236116026,-1.75116191954885,0.00132038763264731,0.0671441562823982,0.0501125837172538,953,"tags=47%, list=29%, signal=34%","UBA52/RPL35A/RPL31/RPL30/RIPOR2/RPL7/RPL12/MAPK14/RPL38/RPL4/RPL15/RPL10/RPL8/RPL35/RPLP0/RPL23A/RPL6/RPLP2/RPL39/RPL24/CD53/RPLP1/RPL27A/RPL9",0.45505986738723
"GO:0006826","iron ion transport",12,-0.64720495334042,-1.74703045594808,0.00908214667090249,0.147182229646743,0.109848454627138,647,"tags=58%, list=20%, signal=47%","MCOLN1/SLC25A37/TFRC/CLTC/B2M/FTL/FTH1",0.380730400722792
"GO:0032465","regulation of cytokinesis",22,-0.566970490290372,-1.74591545626333,0.00299074463648833,0.0948007205389891,0.0707538720791323,423,"tags=32%, list=13%, signal=28%","CDC42/ARF6/SH3GLB1/RBX1/PLK3/CALM1/RHOA",0.431707695803346
"GO:1903421","regulation of synaptic vesicle recycling",11,-0.677729107189194,-1.73983262156737,0.00801944120446645,0.140507666500815,0.104866939884148,352,"tags=55%, list=11%, signal=49%","LRRK2/ROCK1/RAC1/ACTG1/ACTB/ARPC3",0.380730400722792
"GO:0034101","erythrocyte homeostasis",44,-0.472147372474722,-1.73310027593758,0.00186820263239268,0.0765922866220624,0.0571641314443055,517,"tags=30%, list=16%, signal=25%","HSPA1A/RPS17/RCOR1/IKZF1/ID2/PTPN2/PTBP3/RPS24/RPS14/LYN/STAT1/GLUL/ZFP36",0.45505986738723
"GO:0030593","neutrophil chemotaxis",25,-0.529217268978838,-1.73295956365658,0.00652894384629138,0.126256900013494,0.0942309773794237,466,"tags=36%, list=14%, signal=31%","PPIB/CCL3/RAC1/CKLF/C5AR1/CXCL8/BSG/PPIA/RAC2",0.407017918923954
"GO:0000045","autophagosome assembly",33,-0.498177856860072,-1.73132750128123,0.00444654403586257,0.100786316699599,0.0752211810052384,432,"tags=36%, list=13%, signal=32%","STX12/GABARAPL1/ATP2A2/LRRK2/ATG3/SH3GLB1/GABARAP/ATG4B/RAB7A/MAP1LC3B/RAB1A/VMP1",0.407017918923954
"GO:0099563","modification of synaptic structure",12,-0.639177098538152,-1.72536049380842,0.0111003568129105,0.166566009881159,0.124315406980647,416,"tags=42%, list=13%, signal=37%","CYFIP1/CFL1/PFN1/RHOA/RHOB",0.380730400722792
"GO:0050866","negative regulation of cell activation",63,-0.438179568534758,-1.72018050164332,0.00115851395389358,0.0642132549392325,0.047925125462381,609,"tags=37%, list=19%, signal=30%","HLA-DRB1/MNDA/CSK/LST1/HMGB1/CD300A/PRKAR1A/ANXA1/PSMA6/PSMB9/PSMB1/JAK3/ID2/PTPN2/PSMA7/CLEC12A/PAG1/CBL/CD300LF/SAMSN1/CEBPB/LYN/FCGR2B",0.45505986738723
"GO:0002695","negative regulation of leukocyte activation",61,-0.444955598625626,-1.71767389789454,0.00222776070694784,0.0849643180733161,0.063412540095386,609,"tags=38%, list=19%, signal=31%","HLA-DRB1/MNDA/CSK/LST1/HMGB1/CD300A/PRKAR1A/ANXA1/PSMA6/PSMB9/PSMB1/JAK3/ID2/PTPN2/PSMA7/CLEC12A/PAG1/CBL/CD300LF/SAMSN1/CEBPB/LYN/FCGR2B",0.431707695803346
"GO:0045058","T cell selection",26,-0.537399403920643,-1.71520290736523,0.00646140304788147,0.12583696999633,0.0939175654712897,644,"tags=38%, list=20%, signal=31%","IL6ST/CD4/PSMA6/PSMB9/PSMB1/JAK3/PTPN2/PSMA7/SOCS3/RHOA",0.407017918923954
"GO:2001242","regulation of intrinsic apoptotic signaling pathway",63,-0.436786183068074,-1.71471042799503,0.00124831950307132,0.0651877826376879,0.0486524575725386,897,"tags=46%, list=27%, signal=34%","HIF1A/ENO1/BCLAF1/FYN/NONO/NOC2L/UBQLN1/DNAJA1/ARHGEF2/CDKN2D/MDM2/PYCARD/RPS3/HSPA1A/URI1/SFPQ/EIF5A/TPT1/LRRK2/PTPN2/PLAUR/RPS7/YBX3/PPIA/SOD2/DDX3X/MCL1/TMBIM6/FCGR2B",0.45505986738723
"GO:0030003","intracellular monoatomic cation homeostasis",85,-0.409685368182542,-1.71418886809638,0.000490738349101814,0.0518238709350167,0.0386783930959006,747,"tags=38%, list=23%, signal=30%","TMC8/PML/ATOX1/ATP5F1B/MCOLN1/SLC8B1/PRKACA/RNASEK/ITPR1/ATP6V1F/PICALM/CALR/SLC24A4/YWHAE/TFRC/ATP2A2/TPT1/LRRK2/CCL3/ATP6V0B/FBXL5/B2M/RBX1/MICU1/ATP6V0C/RAB7A/ATP1A1/CREG1/FTL/ATP6V0A1/FTH1/ATP6V0E1",0.477270815362862
"GO:0002262","myeloid cell homeostasis",51,-0.453568771912743,-1.69789516066737,0.00252949697668996,0.0926133159732085,0.0691213175800461,517,"tags=29%, list=16%, signal=25%","HSPA1A/HMGB1/RPS17/ANXA1/RCOR1/IKZF1/ID2/PTPN2/PTBP3/RPS24/RPS14/LYN/STAT1/GLUL/ZFP36",0.431707695803346
"GO:0060390","regulation of SMAD protein signal transduction",11,0.619117041840405,1.69762702074777,0.0159016770183899,0.201811036683938,0.150620292678259,570,"tags=45%, list=17%, signal=38%","TGFB1/BMPR2/SMAD4/JAK2/SH2B1",0.352487857583619
"GO:0001836","release of cytochrome c from mitochondria",14,-0.602689350267068,-1.69328441803978,0.0135570744224098,0.191676035050414,0.14305610323937,584,"tags=43%, list=18%, signal=35%","PYCARD/BCL2A1/IFI6/PLAUR/SOD2/MCL1",0.380730400722792
"GO:0097061","dendritic spine organization",19,-0.572708465928571,-1.69323664516312,0.0104075416967286,0.16306028105898,0.121698930152008,810,"tags=47%, list=25%, signal=36%","PDLIM5/FYN/PTEN/PAFAH1B1/CDC42/CAPRIN1/LRRK2/CFL1/FCGR2B",0.380730400722792
"GO:0006873","intracellular monoatomic ion homeostasis",87,-0.400765808095224,-1.69056734592886,0.00136709350205647,0.0682552501208556,0.0509418410358392,747,"tags=37%, list=23%, signal=29%","TMC8/PML/ATOX1/ATP5F1B/MCOLN1/SLC8B1/PRKACA/RNASEK/ITPR1/ATP6V1F/PICALM/CALR/SLC24A4/YWHAE/TFRC/ATP2A2/TPT1/LRRK2/CCL3/ATP6V0B/FBXL5/B2M/RBX1/MICU1/ATP6V0C/RAB7A/ATP1A1/CREG1/FTL/ATP6V0A1/FTH1/ATP6V0E1",0.45505986738723
"GO:2000629","negative regulation of miRNA metabolic process",11,0.616205048251466,1.68964229626638,0.0164799128638108,0.205699276018293,0.153522253622353,92,"tags=27%, list=3%, signal=27%","TGFB1/QKI/LILRB4",0.352487857583619
"GO:0070646","protein modification by small protein removal",35,0.454058143670585,1.68766792448232,0.0072739542404526,0.134833114065496,0.100631776323869,642,"tags=34%, list=20%, signal=28%","COPS6/USP34/NOP53/GPS1/USP4/OTULIN/USP15/UBXN1/USP19/USP7/USP8/USP22",0.407017918923954
"GO:0060996","dendritic spine development",19,-0.570487854110639,-1.68667131301161,0.0108633385179729,0.163905096540404,0.122329452432464,557,"tags=47%, list=17%, signal=40%","PTEN/PAFAH1B1/ARF4/CDC42/CAPRIN1/ARF6/LRRK2/IQSEC1/CFL1",0.380730400722792
"GO:0048871","multicellular organismal-level homeostasis",173,-0.364136161889808,-1.6862688584244,7.74446656495295e-05,0.026582881484201,0.0198399525376429,627,"tags=31%, list=19%, signal=27%","VCL/PRKACA/RPS19/PPP2CA/LTB/VPS13B/STK11/CSK/CXCR4/TLE3/GPBAR1/PICALM/EGR1/HSPA1A/PLAC8/CTSH/ARAP1/TLR4/HMGB1/ZEB2/RPS17/PRKAR1A/ANXA1/PSMA6/ADIPOR1/PSMB9/TFRC/PSMB1/NFKBIZ/RCOR1/IKZF1/JAK3/ACSL1/ID2/PTPN2/PSMA7/TPP1/PTBP3/SIVA1/ACTG1/BSG/RAB7A/IL1B/ACTB/RPS24/NOTCH1/RAC2/RPS14/CEBPB/LYN/STAT1/GLUL/ZFP36/G0S2",0.538434096309916
"GO:1902743","regulation of lamellipodium organization",19,-0.570082623148484,-1.68547323064389,0.0108633385179729,0.163905096540404,0.122329452432464,635,"tags=47%, list=19%, signal=38%","HSP90AA1/WAS/CDC42/CYFIP1/ARPC2/RAC1/CFL1/ACTR3/RAC2",0.380730400722792
"GO:0070296","sarcoplasmic reticulum calcium ion transport",10,-0.664368527146727,-1.6849509454988,0.0133767899941985,0.191250268322159,0.142738335141667,621,"tags=60%, list=19%, signal=49%","PRKACA/ATP2A2/FKBP1A/GSTO1/CCL3/CALM1",0.380730400722792
"GO:0000910","cytokinesis",52,-0.432889693625732,-1.68370951443881,0.00439906886567258,0.100786316699599,0.0752211810052384,423,"tags=25%, list=13%, signal=22%","CDC42/EXOC4/ARF6/ROCK1/SH3GLB1/RBX1/CFL1/IST1/PLK3/SEPTIN7/CALM1/RHOA/RHOB",0.407017918923954
"GO:0030167","proteoglycan catabolic process",12,0.611406975938357,1.68293741120865,0.0236419651392438,0.24411071857298,0.182190372149696,400,"tags=42%, list=12%, signal=37%","SULF2/BTK/IDUA/HGSNAT/HPSE",0.352487857583619
"GO:0140115","export across plasma membrane",17,-0.57243003331394,-1.67887493415764,0.0128080726292424,0.186501819573593,0.139194362760232,470,"tags=35%, list=14%, signal=30%","SLC24A4/YWHAE/KCNE1/ABCA1/ATP1A1/CALM1",0.380730400722792
"GO:1902600","proton transmembrane transport",74,-0.415719243170396,-1.67699458753707,0.00162059086794251,0.0732748971660462,0.0546882204188076,553,"tags=32%, list=17%, signal=28%","NDUFB7/COX4I1/ATP6V1F/NDUFC1/NDUFB8/SLC25A3/MT-ND6/ATP6V0B/MT-ND4L/COX7B/NDUFB1/NDUFB9/NDUFA3/ATP6V0C/ATP5MC2/ATP1A1/COX8A/NDUFB2/NDUFA2/UQCRH/ATP6V0A1/MT-ATP8/ATP5MG/ATP6V0E1",0.45505986738723
"GO:0000768","syncytium formation by plasma membrane fusion",54,-0.438517680438347,-1.67563857428235,0.00345232048576071,0.0948007205389891,0.0707538720791323,953,"tags=46%, list=29%, signal=33%","UBA52/RPL35A/RPL31/RPL30/RIPOR2/RPL7/RPL12/MAPK14/RPL38/RPL4/RPL15/RPL10/RPL8/RPL35/RPLP0/DOCK2/RPL23A/RPL6/RPLP2/RPL39/RPL24/CD53/RPLP1/RPL27A/RPL9",0.431707695803346
"GO:0006949","syncytium formation",54,-0.438517680438347,-1.67563857428235,0.00345232048576071,0.0948007205389891,0.0707538720791323,953,"tags=46%, list=29%, signal=33%","UBA52/RPL35A/RPL31/RPL30/RIPOR2/RPL7/RPL12/MAPK14/RPL38/RPL4/RPL15/RPL10/RPL8/RPL35/RPLP0/DOCK2/RPL23A/RPL6/RPLP2/RPL39/RPL24/CD53/RPLP1/RPL27A/RPL9",0.431707695803346
"GO:0140253","cell-cell fusion",54,-0.438517680438347,-1.67563857428235,0.00345232048576071,0.0948007205389891,0.0707538720791323,953,"tags=46%, list=29%, signal=33%","UBA52/RPL35A/RPL31/RPL30/RIPOR2/RPL7/RPL12/MAPK14/RPL38/RPL4/RPL15/RPL10/RPL8/RPL35/RPLP0/DOCK2/RPL23A/RPL6/RPLP2/RPL39/RPL24/CD53/RPLP1/RPL27A/RPL9",0.431707695803346
"GO:0006925","inflammatory cell apoptotic process",10,0.636407589159081,1.6749179783196,0.0227850069145804,0.238807744226861,0.178232533365444,373,"tags=40%, list=11%, signal=36%","SELENOS/NOD2/IRF7/IRF3",0.352487857583619
"GO:0007520","myoblast fusion",53,-0.440604453227165,-1.67467902227745,0.00270479569788992,0.0948007205389891,0.0707538720791323,953,"tags=47%, list=29%, signal=34%","UBA52/RPL35A/RPL31/RPL30/RIPOR2/RPL7/RPL12/MAPK14/RPL38/RPL4/RPL15/RPL10/RPL8/RPL35/RPLP0/DOCK2/RPL23A/RPL6/RPLP2/RPL39/RPL24/CD53/RPLP1/RPL27A/RPL9",0.431707695803346
"GO:0045646","regulation of erythrocyte differentiation",20,-0.557961622538311,-1.67395620679004,0.00899215276316985,0.146978877902764,0.109696684438064,42,"tags=20%, list=1%, signal=20%","LYN/STAT1/GLUL/ZFP36",0.380730400722792
"GO:1903514","release of sequestered calcium ion into cytosol by endoplasmic reticulum",10,-0.659861017669104,-1.67351913913557,0.014978782649241,0.197089424907093,0.147096349887879,621,"tags=60%, list=19%, signal=49%","PRKACA/ITPR1/FKBP1A/GSTO1/CCL3/CALM1",0.380730400722792
"GO:2001236","regulation of extrinsic apoptotic signaling pathway",39,-0.461924640374291,-1.67245476421541,0.00620540917702177,0.1234786492761,0.0921574488644534,836,"tags=49%, list=25%, signal=37%","LGALS3/GRINA/FYN/TMC8/TCF7L2/PML/ARHGEF2/LTB/PYCARD/HSPA1A/TLR4/KLF4/ATF3/IFI6/DDX3X/IL1B/MCL1/TNFSF12/G0S2",0.407017918923954
"GO:0006970","response to osmotic stress",27,-0.507297683962001,-1.66989442124578,0.00894465899857564,0.146978877902764,0.109696684438064,636,"tags=37%, list=19%, signal=30%","ARHGEF2/HSP90AA1/PYCARD/RELB/XRCC6/MICU1/YBX3/ATP1A1/DDX3X/PLK3",0.380730400722792
"GO:0051048","negative regulation of secretion",33,-0.480479251745903,-1.66981918382688,0.00786468005841534,0.139331686712313,0.10398925537869,425,"tags=27%, list=13%, signal=24%","CD300A/ANXA1/MIDN/TNFRSF1A/RAB7A/IL1B/NOTCH1/VAMP8/FCGR2B",0.380730400722792
"GO:0002460","adaptive immune response based on somatic recombination of immune receptors built from immunoglobulin superfamily domains",94,-0.386039746399843,-1.66779310423998,0.00162773806523264,0.0732748971660462,0.0546882204188076,644,"tags=35%, list=20%, signal=29%","IL6ST/CD4/HLA-DRB1/CSF2RB/FCGR2A/WAS/ZBTB16/CTSH/TLR4/HMGB1/ANXA1/PSMA6/PSMB9/TFRC/PSMB1/NFKBIZ/YWHAG/JAK3/STX7/PSMA7/CLEC7A/HLA-C/B2M/FCGR3A/CD55/IL1B/NOTCH1/HLA-DRA/HLA-B/FCER1G/CTSC/SOCS3/FCGR2B",0.45505986738723
"GO:1901890","positive regulation of cell junction assembly",11,-0.649325815575322,-1.666917097082,0.0133656060393298,0.191250268322159,0.142738335141667,390,"tags=36%, list=12%, signal=32%","PTPRJ/ROCK1/RAC1/CFL1",0.380730400722792
"GO:1902622","regulation of neutrophil migration",12,-0.617086095009837,-1.66572921971629,0.0197353652842478,0.222103742092395,0.165765615144654,276,"tags=33%, list=8%, signal=31%","RAC1/C5AR1/CXCL8/RAC2",0.352487857583619
"GO:0010594","regulation of endothelial cell migration",41,-0.460258119227656,-1.66311790915171,0.0128364325926472,0.186501819573593,0.139194362760232,485,"tags=32%, list=15%, signal=27%","CALR/HMGB1/KLF4/ANXA1/SH3BP1/MAP2K3/RAC1/TMSB4X/BSG/NOTCH1/GLUL/RHOA/RHOB",0.380730400722792
"GO:0051093","negative regulation of developmental process",216,-0.350614625022,-1.6629427304316,9.96019924047004e-05,0.0288934601037222,0.0215644371527904,604,"tags=29%, list=18%, signal=25%","PPP2CA/ANP32B/HHEX/RPL4/PTEN/ZBTB16/RPL15/TRIB1/CALR/RPL10/TLR4/EREG/HMGB1/KLF4/NFKBIA/ANXA1/PSMA6/RPL8/SMARCC1/ADIPOR1/RPL35/PSMB9/TFRC/PSMB1/RPLP0/JAK3/TPT1/ARF6/ARID4B/ID2/PTPN2/ROCK1/RPL23A/CCL3/AGO1/RPL6/PSMA7/RPLP2/CLEC12A/RPL39/RPL24/B2M/TMSB4X/RBX1/RBBP4/ABCA1/CFL1/IL1B/RPLP1/ACTB/RPL27A/NOTCH1/RPL9/PGK1/SRGN/DYNLT1/CDKN1B/CDKN1A/LYN/STAT1/ZFP36/KLF2/FCGR2B",0.538434096309916
"GO:0032271","regulation of protein polymerization",54,-0.43462114357593,-1.66074935142079,0.00422955155116028,0.100786316699599,0.0752211810052384,903,"tags=52%, list=27%, signal=38%","DYRK1A/HCK/MECP2/NCKAP1L/TMOD3/EPS8/EVL/MTPN/HSP90AA1/PPP2CA/ARFGEF1/PYCARD/RPS3/HSPA1A/ARPC5/CYFIP1/WASHC2C/ARF6/VASP/COTL1/CAPZA1/TMSB4X/SSH2/GSN/CFL1/PFN1/ARPC3/CAPZA2",0.407017918923954
"GO:1905037","autophagosome organization",36,-0.472416719085587,-1.65931650748416,0.00767448915314331,0.13864570535876,0.103477277867738,432,"tags=33%, list=13%, signal=29%","STX12/GABARAPL1/ATP2A2/LRRK2/ATG3/SH3GLB1/GABARAP/ATG4B/RAB7A/MAP1LC3B/RAB1A/VMP1",0.407017918923954
"GO:0045648","positive regulation of erythrocyte differentiation",12,-0.613950507997998,-1.65726518374332,0.0203473025228417,0.222815269650291,0.16629665889122,1040,"tags=67%, list=32%, signal=46%","FOXO3/HMGB2/HIF1A/MAPK14/NCKAP1L/HSPA1A/STAT1/GLUL",0.352487857583619
"GO:0032984","protein-containing complex disassembly",79,-0.403582341484446,-1.65488367250686,0.00174947305105659,0.0750633280968966,0.0560230036629045,771,"tags=39%, list=23%, signal=31%","CHMP1B/TMOD3/EPS8/MTPN/PPP1R10/MID1IP1/TAOK1/IRAK3/UBQLN1/ARHGEF2/SHISA5/SET/GABARAPL1/WASHC2C/SMARCC1/ATP2A2/SH3BP1/CLTC/CAPZA1/UPF1/GABARAP/MICAL1/GSN/CFL1/IST1/MAP1LC3B/VPS39/CALM1/CAPZA2/VAMP8/VMP1",0.45505986738723
"GO:0033119","negative regulation of RNA splicing",20,-0.551003835872173,-1.65308195719145,0.0103522804133832,0.16306028105898,0.121698930152008,236,"tags=30%, list=7%, signal=28%","SRSF7/PTBP3/RPS13/SRSF9/SAP18/TMBIM6",0.380730400722792
"GO:0030239","myofibril assembly",10,0.625380224377312,1.64589580472975,0.0274495657942587,0.261486731779244,0.195158841256802,674,"tags=60%, list=20%, signal=48%","PLEC/SMAD4/FLII/CFLAR/TPM1/AKAP13",0.352487857583619
"GO:0050792","regulation of viral process",56,-0.428730817167144,-1.64279527145713,0.00377797323414235,0.0959974313916918,0.0716470290731556,539,"tags=30%, list=16%, signal=26%","DDX5/TRIM38/HMGB1/ISG20/IFITM2/IFIT1/IFITM1/PLSCR1/CXCL8/BSG/PPIA/RAB7A/DDX3X/NOTCH1/DYNLT1/STAT1/ZFP36",0.431707695803346
"GO:0055080","monoatomic cation homeostasis",90,-0.39199187242199,-1.64198758308476,0.00125817643109886,0.0651877826376879,0.0486524575725386,747,"tags=36%, list=23%, signal=28%","TMC8/PML/ATOX1/ATP5F1B/MCOLN1/SLC8B1/PRKACA/RNASEK/ITPR1/ATP6V1F/PICALM/CALR/SLC24A4/YWHAE/TFRC/ATP2A2/TPT1/LRRK2/CCL3/ATP6V0B/FBXL5/B2M/RBX1/MICU1/ATP6V0C/RAB7A/ATP1A1/CREG1/FTL/ATP6V0A1/FTH1/ATP6V0E1",0.45505986738723
"GO:1903531","negative regulation of secretion by cell",32,-0.487392144308712,-1.64088659334021,0.00753642149551085,0.137053069050813,0.102288624606873,425,"tags=28%, list=13%, signal=25%","CD300A/ANXA1/MIDN/TNFRSF1A/RAB7A/IL1B/NOTCH1/VAMP8/FCGR2B",0.407017918923954
"GO:0002694","regulation of leukocyte activation",179,-0.350151500342399,-1.63823694445088,0.000394521192039569,0.0509225940251797,0.0380057312129115,978,"tags=44%, list=30%, signal=33%","EP300/LGALS1/JUND/TNFRSF1B/SIRPB1/ARID2/AIF1/RIPOR2/TMEM131L/SART1/FCHO1/MCUB/FBXO38/HLA-DMA/LGALS3/MTOR/FYN/NCKAP1L/SOX4/NFAM1/AHR/JUNB/VAV3/HLA-DMB/DOCK8/IL6ST/CD4/HLA-DRB1/TYK2/PYCARD/MNDA/CSK/LST1/ZBTB16/SASH3/XRCC6/TLR4/HMGB1/SH3KBP1/CD300A/PRKAR1A/ANXA1/PSMA6/SMARCC1/PSMB9/TFRC/PSMB1/NFKBIZ/YWHAG/MAP3K8/JAK3/LRRK2/AKIRIN2/ID2/PTPN2/CCL3/PSMA7/CLEC7A/PLSCR1/CLEC12A/PAG1/B2M/PJA2/FCGR3A/RBX1/CD55/CBL/IL1B/CD300LF/ACTB/RAC2/SAMSN1/HLA-DRA/CEBPB/LYN/RHOA/HLA-DPB1/HLA-DPA1/FCGR2B",0.49849310876659
"GO:0050801","monoatomic ion homeostasis",91,-0.386919816242802,-1.63797729002024,0.00195905852696854,0.0779648509428349,0.0581885354764708,747,"tags=35%, list=23%, signal=28%","TMC8/PML/ATOX1/ATP5F1B/MCOLN1/SLC8B1/PRKACA/RNASEK/ITPR1/ATP6V1F/PICALM/CALR/SLC24A4/YWHAE/TFRC/ATP2A2/TPT1/LRRK2/CCL3/ATP6V0B/FBXL5/B2M/RBX1/MICU1/ATP6V0C/RAB7A/ATP1A1/CREG1/FTL/ATP6V0A1/FTH1/ATP6V0E1",0.431707695803346
"GO:0120193","tight junction organization",15,-0.588870527082186,-1.63630771447289,0.0188892775366065,0.222103742092395,0.165765615144654,743,"tags=60%, list=23%, signal=47%","PECAM1/PRKACA/MPP7/GPBAR1/ROCK1/RAC1/ACTG1/IL1B/RPS6",0.352487857583619
"GO:2001235","positive regulation of apoptotic signaling pathway",32,-0.485566691065711,-1.63474090185095,0.00783718117709221,0.139331686712313,0.10398925537869,602,"tags=41%, list=18%, signal=34%","LTB/PYCARD/RPS3/CTSH/TLR4/SFPQ/EIF5A/PTPN2/ATF3/RPS7/MCL1/TNFSF12/G0S2",0.380730400722792
"GO:0015986","proton motive force-driven ATP synthesis",45,-0.444351177690672,-1.63126358833741,0.00682719089360239,0.129292870302291,0.0964968531262356,553,"tags=33%, list=17%, signal=28%","NDUFB7/NDUFC1/NDUFB8/MT-ND6/MT-ND4L/NDUFB11/NDUFB1/NDUFB9/NDUFA3/ATP6V0C/ATP5MC2/NDUFB2/NDUFA2/MT-ATP8/ATP5MG",0.407017918923954
"GO:0030218","erythrocyte differentiation",42,-0.447680193356519,-1.62980651811563,0.0107445671130589,0.163905096540404,0.122329452432464,380,"tags=24%, list=12%, signal=21%","RCOR1/IKZF1/ID2/PTPN2/PTBP3/RPS14/LYN/STAT1/GLUL/ZFP36",0.380730400722792
"GO:0051452","intracellular pH reduction",22,-0.528841004512241,-1.62850042373612,0.0101369816872816,0.161838091356252,0.120786757191807,608,"tags=36%, list=18%, signal=30%","RNASEK/ATP6V1F/ATP6V0B/ATP6V0C/RAB7A/CREG1/ATP6V0A1/ATP6V0E1",0.380730400722792
"GO:0071621","granulocyte chemotaxis",32,-0.483304878080617,-1.62712613282518,0.00813573160001077,0.140507666500815,0.104866939884148,466,"tags=34%, list=14%, signal=30%","PPIB/ANXA1/PTPRJ/CCL3/RAC1/CKLF/C5AR1/CXCL8/BSG/PPIA/RAC2",0.380730400722792
"GO:1902624","positive regulation of neutrophil migration",11,-0.63314772901048,-1.62538551394432,0.0191165800410343,0.222103742092395,0.165765615144654,276,"tags=36%, list=8%, signal=33%","RAC1/C5AR1/CXCL8/RAC2",0.352487857583619
"GO:0097352","autophagosome maturation",24,-0.508285922728091,-1.62436233861489,0.0199987661986205,0.222815269650291,0.16629665889122,431,"tags=33%, list=13%, signal=29%","GABARAPL1/ATP2A2/GABARAP/MAP1LC3B/VPS39/CALM1/VAMP8/VMP1",0.352487857583619
"GO:0002250","adaptive immune response",142,-0.360578978035217,-1.62326719957182,0.00111882237097371,0.0640059631394542,0.0477704146394972,691,"tags=35%, list=21%, signal=29%","JUNB/CTSS/HLA-DMB/MCOLN1/IL6ST/CD4/HLA-DRB1/CSF2RB/FCGR2A/PYCARD/CSK/WAS/ZBTB16/CTSH/SASH3/TLR4/HMGB1/ANXA1/PSMA6/SIGLEC10/PSMB9/TFRC/PSMB1/NFKBIZ/YWHAG/JAK3/STX7/AKIRIN2/MPEG1/PSMA7/CLEC7A/HLA-C/PAG1/B2M/FCGR3A/LAIR1/CD55/IL1B/PDIA3/NOTCH1/SAMSN1/HLA-DRA/HLA-B/FCER1G/LYN/CTSC/SOCS3/HLA-DPB1/HLA-DPA1/FCGR2B",0.45505986738723
"GO:2001238","positive regulation of extrinsic apoptotic signaling pathway",12,-0.601288645129537,-1.62308642793179,0.0267726599320359,0.258865225962572,0.193202298245811,716,"tags=58%, list=22%, signal=46%","PML/LTB/PYCARD/TLR4/ATF3/TNFSF12/G0S2",0.352487857583619
"GO:0006413","translational initiation",52,-0.416952464728725,-1.62172221300197,0.00881561772553951,0.146978877902764,0.109696684438064,843,"tags=46%, list=26%, signal=35%","EIF3L/SH3BGRL/EIF4A2/MTOR/EIF3B/EIF4A1/PML/RPS3A/EIF1AX/HHEX/EIF2S3/RPS3/EIF4G2/RPS17/EIF3F/EIF5/CSDE1/EIF3H/PPP1R15A/EIF4EBP2/EIF4E3/KHDRBS1/DDX3X/EIF1",0.380730400722792
"GO:0006879","intracellular iron ion homeostasis",16,-0.558856332699791,-1.62064604387485,0.0330432959461171,0.283012191623395,0.211224221599889,524,"tags=44%, list=16%, signal=37%","PICALM/TFRC/FBXL5/B2M/RBX1/FTL/FTH1",0.321775918075361
"GO:0006941","striated muscle contraction",74,-0.400947706487291,-1.61740680690355,0.00315825666559118,0.0948007205389891,0.0707538720791323,1012,"tags=46%, list=31%, signal=33%","ALDOA/SLC8A1/UBA52/RPL35A/CALM2/RPL31/RPL30/RPL7/RPL12/RPL38/RGS2/HSP90AA1/PRKACA/RPL4/RPL15/RPL10/RPL8/RPL35/RPLP0/ATP2A2/KCNE1/FKBP1A/GSTO1/RPL23A/RPL6/RPLP2/RPL39/RPL24/GSN/ATP1A1/RPLP1/RPL27A/RPL9/CALM1",0.431707695803346
"GO:0045063","T-helper 1 cell differentiation",16,-0.557580642193766,-1.6169466265992,0.0342785240339291,0.290521070978918,0.216828422563318,472,"tags=50%, list=14%, signal=43%","HMGB1/ANXA1/PSMA6/PSMB9/PSMB1/NFKBIZ/JAK3/PSMA7",0.321775918075361
"GO:0010638","positive regulation of organelle organization",122,-0.365274093912907,-1.6118412412165,0.00152945131840866,0.0726025410212223,0.0541864119895887,720,"tags=32%, list=22%, signal=26%","EVL/PML/MAD1L1/PPP1R10/MCOLN1/HSP90AA1/YME1L1/PYCARD/RPS3/HSPA1A/EREG/CCT5/KLF4/CNOT1/CDC42/CYFIP1/ANXA1/WASHC2C/ANAPC11/HNRNPA2B1/CAPRIN1/ARF6/LRRK2/VASP/MTSS1/RAC1/SH3GLB1/SMC5/PTGES3/PLAUR/SIVA1/MICU1/GSN/CFL1/PFN1/SEPTIN7/IL1B/RHOA/SDCBP",0.45505986738723
"GO:0002446","neutrophil mediated immunity",11,0.586783098083032,1.60896692435196,0.0248820172054108,0.249365033744737,0.186111894490584,791,"tags=55%, list=24%, signal=42%","CARD9/ITGAM/STXBP2/KMT2E/ADAM17/IL6R",0.352487857583619
"GO:0007015","actin filament organization",136,-0.357608918135517,-1.60883062349705,0.00110708187228581,0.0640059631394542,0.0477704146394972,505,"tags=29%, list=15%, signal=26%","ARPC5/ARAP1/ZEB2/SHTN1/SH3KBP1/CDC42/CYFIP1/ARRB1/TTC17/WASHC2C/ARPC4/WASHC4/ARF6/VASP/SH3BP1/ARHGAP25/COTL1/ROCK1/HSP90B1/CORO7/MTSS1/ARPC2/RAC1/RNH1/CAPZA1/TPM4/TMSB4X/ACTG1/MICAL1/SSH2/GSN/CFL1/PFN1/ACTR3/ARPC3/RAC2/CAPZA2/LCP1/RHOA/RHOB",0.45505986738723
"GO:0019058","viral life cycle",104,-0.372957969279211,-1.60830380718883,0.00358202360026158,0.0959974313916918,0.0716470290731556,807,"tags=37%, list=25%, signal=28%","WWP2/ADAR/CHMP1B/IFIH1/VAPA/RAD23A/SCARB2/CSNK2B/CD4/RNASEK/CXCR4/DDX5/TRIM38/HSPA1A/HMGB1/ISG20/IFITM2/IFIT1/TFRC/IFITM1/TPCN1/PLSCR1/SMC5/SIVA1/CD55/CXCL8/BSG/HSP90AB1/PPIA/RAB7A/PCBP1/CBL/DDX3X/NOTCH1/RAB1A/DYNLT1/VAMP8/NFIA",0.431707695803346
"GO:0042326","negative regulation of phosphorylation",35,-0.456912560740917,-1.60498269100516,0.0174235742140166,0.21203598290413,0.15825161164679,789,"tags=46%, list=24%, signal=35%","ADAR/HNRNPU/DNAJA1/PYCARD/PTEN/PPP1R15B/ANKLE2/CD300A/PTPRJ/YWHAG/PTPN2/MIDN/PPIA/SAMSN1/CDKN1A/LYN",0.352487857583619
"GO:0006915","apoptotic process",471,-0.312856526147476,-1.60475050485446,7.61443828091406e-06,0.004181849503878,0.00312109489431442,722,"tags=31%, list=22%, signal=28%","RTN3/PML/NOC2L/ITGA4/RPS3A/ATOX1/SLC25A6/PPP1R10/TAOK1/CSRNP1/HSPA5/BTG1/PPP2R5C/UBQLN1/DNAJA1/STK4/IL6ST/RAF1/ARHGEF2/HSP90AA1/CDKN2D/MDM2/NAA38/NME2/SLK/CITED2/MARCKS/LTB/STK11/YME1L1/ANP32B/PYCARD/MNDA/BNIP3L/SHISA5/ITPR1/CXCR4/PTEN/MAP3K20/RPS3/DDX5/ZBTB16/EGR1/HSPA1A/CTSH/URI1/BCL3/EPC1/RHOT1/CALR/TLR4/HMGB1/SET/SFPQ/ZEB2/KLF4/EIF5A/ARF4/SH3KBP1/FNIP1/IKBKE/CARD8/RICTOR/ANKLE2/YWHAZ/BCL2A1/ANXA1/PSMA6/MDM4/TFRC/PSMB1/NFKBIZ/JAK3/TPT1/PPP1R15A/LRRK2/HIGD2A/PTPN2/AIMP1/ROCK1/PSMB6/HSP90B1/MORF4L1/CCL3/PSMA7/CLEC7A/IFI27/ATF3/ATG3/TNFRSF1A/ATF5/SH3GLB1/IFI6/PLSCR1/EVI2B/PIAS1/MEF2A/GABARAP/NR4A2/PLAUR/TXNIP/SIVA1/RBX1/NAIP/MICAL1/BNIP2/BTG2/ST3GAL1/GSN/RPS7/YBX3/KHDRBS1/PPIA/BAG1/CFL1/CCNL1/UBE2D3/RASSF5/SOD2/STK17B/CBL/SAP18/DDX3X/PLK3/IL1B/ACTB/NOTCH1/MCL1/SGK1/DUSP1/SRGN/RPS6/CEBPB/CDKN1A/TNFSF12/LYN/STAT1/CTSC/ZFP36/SOCS3/TMBIM6/G0S2/RHOB/RNF130/FCGR2B",0.610526878385931
"GO:0002009","morphogenesis of an epithelium",53,-0.421610051739555,-1.60248382434191,0.00580609598502329,0.118100293147215,0.0881433494000652,664,"tags=40%, list=20%, signal=32%","CSNK2B/ARHGAP24/VCL/PTEN/MSN/CTSH/PAFAH1B1/CDC42/VASP/SH3BP1/MTSS1/LMO4/ACTG1/RAB10/BSG/ITGAX/ACTB/NOTCH1/STAT1/RHOA/RHOB",0.407017918923954
"GO:0006811","monoatomic ion transport",222,-0.3358147884246,-1.60152854514203,0.000254106869422407,0.0436110914646206,0.0325488410760555,747,"tags=30%, list=23%, signal=25%","TMC8/PER1/TMBIM4/PML/ATOX1/CTSS/ATP5F1B/UBQLN1/MCOLN1/SLC8B1/CD4/PRKACA/RNASEK/CLIC1/SEC61A1/ITPR1/NDUFB7/COX4I1/ATP6V1F/CAMK2G/NDUFC1/NDUFB8/SLC25A37/SLC25A3/SLC24A4/YWHAE/MT-ND6/TFRC/ATP2A2/TPT1/KCNE1/FKBP1A/GSTO1/CCL3/ATP6V0B/TPCN1/MT-ND4L/CLTC/COX7B/NDUFB1/B2M/NDUFB9/NDUFA3/MICU1/ATP6V0C/ATP5MC2/ATP1A1/COX8A/TTYH3/NDUFB2/SGK1/BEST1/FTL/CALM1/NDUFA2/UQCRH/LYN/ATP6V0A1/FTH1/VMP1/MT-ATP8/TMBIM6/LASP1/ATP5MG/SLC20A1/ATP6V0E1",0.49849310876659
"GO:1902106","negative regulation of leukocyte differentiation",39,-0.442165946998433,-1.60091599363944,0.0104510595289077,0.16306028105898,0.121698930152008,497,"tags=38%, list=15%, signal=33%","TRIB1/TLR4/HMGB1/ANXA1/PSMA6/PSMB9/PSMB1/JAK3/ID2/PTPN2/CCL3/PSMA7/CLEC12A/LYN/FCGR2B",0.380730400722792
"GO:1905818","regulation of chromosome separation",17,-0.545822388879924,-1.60083761134521,0.0252428001520062,0.250220553603102,0.186750405909862,714,"tags=35%, list=22%, signal=28%","MAD1L1/CHFR/ANAPC11/PLSCR1/DUSP1/DYNLT1",0.352487857583619
"GO:0002688","regulation of leukocyte chemotaxis",36,-0.455305482209666,-1.59921499823477,0.0136351110913467,0.191676035050414,0.14305610323937,485,"tags=31%, list=15%, signal=26%","CALR/HMGB1/PTPRJ/CCL3/RAC1/C5AR1/CXCL8/DDT/RAC2/DUSP1/LYN",0.380730400722792
"GO:1990266","neutrophil migration",31,-0.46649255089983,-1.59861421141021,0.0269759383155136,0.259477472274728,0.19365924411083,309,"tags=26%, list=9%, signal=24%","CCL3/RAC1/CKLF/C5AR1/CXCL8/BSG/PPIA/RAC2",0.352487857583619
"GO:0097530","granulocyte migration",40,-0.444243756482114,-1.59776861142686,0.0108507081662586,0.163905096540404,0.122329452432464,466,"tags=30%, list=14%, signal=26%","PPIB/CD300A/ANXA1/PTPRJ/CCL3/RAC1/CKLF/C5AR1/CXCL8/BSG/PPIA/RAC2",0.380730400722792
"GO:0007276","gamete generation",125,-0.364459254879493,-1.59741870254962,0.000935024573435283,0.0640059631394542,0.0477704146394972,641,"tags=30%, list=19%, signal=25%","MOV10/PRKACA/VPS13B/STK11/UBE2B/RPL4/PTEN/SEPTIN6/CTSH/RPL15/EPC1/PAFAH1B1/CALR/EREG/GGNBP2/PSMA6/RPL8/RPL35/PSMB1/RPLP0/LRRK2/PSMB6/RPL23A/RPL6/RPLP2/KDM1B/PIAS1/RPL24/NRIP1/RBX1/SSH2/KHDRBS1/DDX3X/SEPTIN7/RPLP1/RPL27A/NOTCH1/RPL9",0.477270815362862
"GO:0008219","cell death",493,-0.30796363631553,-1.59734935547928,6.54011802984006e-06,0.004181849503878,0.00312109489431442,722,"tags=30%, list=22%, signal=28%","RTN3/PML/NOC2L/ITGA4/RPS3A/ATOX1/SLC25A6/PPP1R10/TAOK1/CSRNP1/HSPA5/BTG1/PPP2R5C/UBQLN1/DNAJA1/STK4/IL6ST/RAF1/ARHGEF2/HSP90AA1/CDKN2D/MDM2/NAA38/NME2/SLK/CITED2/MARCKS/LTB/STK11/YME1L1/ANP32B/PYCARD/MNDA/BNIP3L/SHISA5/ITPR1/CXCR4/PTEN/MAP3K20/RPS3/ASAH1/DDX5/ZBTB16/EGR1/HSPA1A/CTSH/URI1/BCL3/EPC1/RHOT1/CALR/TLR4/HMGB1/SET/SFPQ/ZEB2/KLF4/EIF4G2/EIF5A/ARF4/SH3KBP1/FNIP1/IKBKE/CARD8/RICTOR/ANKLE2/YWHAZ/BCL2A1/ANXA1/PSMA6/MDM4/TFRC/PSMB1/NFKBIZ/JAK3/TPT1/PPP1R15A/LRRK2/HIGD2A/PTPN2/AIMP1/ROCK1/PSMB6/HSP90B1/MORF4L1/CCL3/PSMA7/CLEC7A/IFI27/ATF3/ATG3/TNFRSF1A/ATF5/SH3GLB1/IFI6/PLSCR1/EVI2B/PIAS1/MEF2A/GABARAP/NR4A2/PLAUR/TXNIP/SIVA1/RBX1/NAIP/MICAL1/BNIP2/BTG2/ST3GAL1/GSN/RPS7/YBX3/KHDRBS1/PPIA/BAG1/CFL1/CCNL1/UBE2D3/RASSF5/SOD2/STK17B/CBL/SAP18/DDX3X/PLK3/IL1B/ACTB/NOTCH1/MCL1/SGK1/DUSP1/SRGN/RPS6/CEBPB/CDKN1B/CDKN1A/TNFSF12/LYN/STAT1/CTSC/ZFP36/SOCS3/FTH1/TMBIM6/G0S2/RHOB/RNF130/FCGR2B",0.610526878385931
"GO:0002709","regulation of T cell mediated immunity",30,-0.47810824651625,-1.59693429194436,0.0194873445356127,0.222103742092395,0.165765615144654,609,"tags=40%, list=19%, signal=33%","HLA-DRB1/WAS/HMGB1/YWHAG/STX7/HLA-C/B2M/CD55/IL1B/HLA-DRA/HLA-B/FCGR2B",0.352487857583619
"GO:0110053","regulation of actin filament organization",79,-0.389110395336538,-1.59554166239442,0.00382891313378667,0.0959974313916918,0.0716470290731556,749,"tags=39%, list=23%, signal=31%","TMOD3/EPS8/EVL/MTPN/ARFGEF1/PYCARD/WAS/ARPC5/ARAP1/CDC42/CYFIP1/WASHC2C/WASHC4/ARF6/VASP/SH3BP1/COTL1/ROCK1/MTSS1/RAC1/RNH1/CAPZA1/TMSB4X/ACTG1/SSH2/GSN/CFL1/PFN1/ARPC3/CAPZA2/RHOA",0.431707695803346
"GO:0045216","cell-cell junction organization",35,-0.454092737937224,-1.59507758622036,0.0191233993279738,0.222103742092395,0.165765615144654,743,"tags=46%, list=23%, signal=36%","PECAM1/CTNNA1/VCL/PRKACA/MPP7/CSK/GPBAR1/ROCK1/MTSS1/RAC1/ACTG1/FLOT1/IL1B/ACTB/RPS6/RHOA",0.352487857583619
"GO:0010563","negative regulation of phosphorus metabolic process",48,-0.42845082204886,-1.59477722626098,0.0142061222070385,0.194079659604615,0.144850032054123,653,"tags=38%, list=20%, signal=30%","DNAJA1/PRKACA/PPP2CA/PYCARD/PTEN/URI1/PPP1R15B/ANKLE2/CD300A/PTPRJ/YWHAG/PTPN2/MIDN/PPIA/SAMSN1/PGK1/CDKN1A/LYN",0.380730400722792
"GO:0045936","negative regulation of phosphate metabolic process",48,-0.42845082204886,-1.59477722626098,0.0142061222070385,0.194079659604615,0.144850032054123,653,"tags=38%, list=20%, signal=30%","DNAJA1/PRKACA/PPP2CA/PYCARD/PTEN/URI1/PPP1R15B/ANKLE2/CD300A/PTPRJ/YWHAG/PTPN2/MIDN/PPIA/SAMSN1/PGK1/CDKN1A/LYN",0.380730400722792
"GO:0043542","endothelial cell migration",58,-0.413370548173185,-1.5946994992983,0.00899188922357945,0.146978877902764,0.109696684438064,485,"tags=28%, list=15%, signal=24%","CALR/HMGB1/ZEB2/KLF4/ANXA1/SH3BP1/MAP2K3/RAC1/TMSB4X/BSG/NOTCH1/TNFSF12/GLUL/NR4A1/RHOA/RHOB",0.380730400722792
"GO:0012501","programmed cell death",491,-0.306567612244413,-1.59371548115044,1.75632838418291e-05,0.00803812957161044,0.00599920325744057,722,"tags=30%, list=22%, signal=28%","RTN3/PML/NOC2L/ITGA4/RPS3A/ATOX1/SLC25A6/PPP1R10/TAOK1/CSRNP1/HSPA5/BTG1/PPP2R5C/UBQLN1/DNAJA1/STK4/IL6ST/RAF1/ARHGEF2/HSP90AA1/CDKN2D/MDM2/NAA38/NME2/SLK/CITED2/MARCKS/LTB/STK11/YME1L1/ANP32B/PYCARD/MNDA/BNIP3L/SHISA5/ITPR1/CXCR4/PTEN/MAP3K20/RPS3/ASAH1/DDX5/ZBTB16/EGR1/HSPA1A/CTSH/URI1/BCL3/EPC1/RHOT1/CALR/TLR4/HMGB1/SET/SFPQ/ZEB2/KLF4/EIF5A/ARF4/SH3KBP1/FNIP1/IKBKE/CARD8/RICTOR/ANKLE2/YWHAZ/BCL2A1/ANXA1/PSMA6/MDM4/TFRC/PSMB1/NFKBIZ/JAK3/TPT1/PPP1R15A/LRRK2/HIGD2A/PTPN2/AIMP1/ROCK1/PSMB6/HSP90B1/MORF4L1/CCL3/PSMA7/CLEC7A/IFI27/ATF3/ATG3/TNFRSF1A/ATF5/SH3GLB1/IFI6/PLSCR1/EVI2B/PIAS1/MEF2A/GABARAP/NR4A2/PLAUR/TXNIP/SIVA1/RBX1/NAIP/MICAL1/BNIP2/BTG2/ST3GAL1/GSN/RPS7/YBX3/KHDRBS1/PPIA/BAG1/CFL1/CCNL1/UBE2D3/RASSF5/SOD2/STK17B/CBL/SAP18/DDX3X/PLK3/IL1B/ACTB/NOTCH1/MCL1/SGK1/DUSP1/SRGN/RPS6/CEBPB/CDKN1B/CDKN1A/TNFSF12/LYN/STAT1/CTSC/ZFP36/SOCS3/FTH1/TMBIM6/G0S2/RHOB/RNF130/FCGR2B",0.575610261071129
"GO:0150115","cell-substrate junction organization",31,-0.464402293021414,-1.5914511475124,0.0280941021176365,0.261486731779244,0.195158841256802,627,"tags=39%, list=19%, signal=32%","VCL/SLK/PTEN/RCC2/PTPRJ/ARF6/ROCK1/RAC1/IQSEC1/ACTG1/CFL1/RHOA",0.352487857583619
"GO:0051129","negative regulation of cellular component organization",224,-0.33230238322506,-1.58546643727444,0.000303023382956058,0.0446092125070125,0.033293781917764,759,"tags=34%, list=23%, signal=28%","TNKS2/RPL38/TMOD3/TMC8/EPS8/HNRNPU/EVL/PML/MAD1L1/MTPN/MID1IP1/TAOK1/HSPA5/IRAK3/ARHGAP24/RAF1/ARHGEF2/MDM2/ARFGEF1/CSK/RPL4/PTEN/WAS/RCC2/PICALM/HSPA1A/RPL15/PAFAH1B1/ARAP1/RPL10/HMGB1/FNIP1/CARD8/CD300A/CDC42/WASHC2C/RPL8/RPL35/TFRC/RPLP0/ARF6/LRRK2/ROCK1/RPL23A/RPL6/RPLP2/RAC1/TNFRSF1A/IFI6/PLSCR1/CAPZA1/RPL39/RPL24/B2M/TMSB4X/GDI2/RAB10/SSH2/GSN/CFL1/RAB7A/HNRNPC/PFN1/DDX3X/IL1B/CD300LF/RPLP1/RPL27A/NOTCH1/RPL9/DUSP1/RPS6/DYNLT1/CAPZA2/SMARCA5/SDCBP/FCGR2B",0.49849310876659
"GO:0043030","regulation of macrophage activation",15,-0.570455233082156,-1.58513672483983,0.0251335423082615,0.250060533255385,0.186630975813254,478,"tags=33%, list=15%, signal=29%","TLR4/LRRK2/CCL3/PJA2/FCGR2B",0.352487857583619
"GO:0042594","response to starvation",56,-0.412663591267888,-1.5812294551551,0.0071725882132748,0.134833114065496,0.100631776323869,442,"tags=30%, list=13%, signal=27%","FNIP1/GABARAPL1/YWHAZ/YWHAG/LRRK2/SESN1/ATF3/SH3GLB1/FOS/GABARAP/KLF10/MICU1/CBL/MAP1LC3B/CDKN1A/VAMP8/ZFP36",0.407017918923954
"GO:0051701","biological process involved in interaction with host",57,-0.40518481413552,-1.58101517635442,0.00667379881215788,0.127265635681844,0.0949838403749192,807,"tags=42%, list=25%, signal=32%","WWP2/CHMP1B/VAPA/SCARB2/CD4/RNASEK/CXCR4/TRIM38/HSPA1A/HMGB1/IFIT1/TFRC/TPCN1/PLSCR1/SIVA1/CD55/CXCL8/BSG/HSP90AB1/PPIA/RAB7A/CBL/DYNLT1/VAMP8",0.407017918923954
"GO:0048872","homeostasis of number of cells",87,-0.374674604794887,-1.58050572034961,0.0046068185337805,0.101115810686998,0.0754670965985249,614,"tags=30%, list=19%, signal=25%","RPS19/PPP2CA/LTB/HSPA1A/HMGB1/RPS17/ANXA1/PSMA6/PSMB9/PSMB1/NFKBIZ/RCOR1/IKZF1/JAK3/ID2/PTPN2/PSMA7/PTBP3/SIVA1/RPS24/NOTCH1/RPS14/LYN/STAT1/GLUL/ZFP36",0.407017918923954
"GO:1903707","negative regulation of hemopoiesis",41,-0.437329905542924,-1.58026804467148,0.0289245705105537,0.264756235406602,0.197599013020235,497,"tags=37%, list=15%, signal=31%","TRIB1/TLR4/HMGB1/ANXA1/PSMA6/PSMB9/PSMB1/JAK3/ID2/PTPN2/CCL3/PSMA7/CLEC12A/LYN/FCGR2B",0.352487857583619
"GO:0010639","negative regulation of organelle organization",86,-0.38047936117728,-1.57973009187901,0.00475766686816204,0.102066822031039,0.0761768774377365,759,"tags=38%, list=23%, signal=30%","TNKS2/TMOD3/EPS8/HNRNPU/PML/MAD1L1/MTPN/MID1IP1/TAOK1/ARHGEF2/ARFGEF1/WAS/HSPA1A/ARAP1/FNIP1/WASHC2C/TFRC/LRRK2/IFI6/CAPZA1/TMSB4X/GDI2/RAB10/SSH2/GSN/CFL1/RAB7A/HNRNPC/PFN1/DUSP1/DYNLT1/CAPZA2/SMARCA5",0.407017918923954
"GO:0061844","antimicrobial humoral immune response mediated by antimicrobial peptide",17,-0.538601745304961,-1.57966025026877,0.0305484060479883,0.272356892882389,0.203271711958615,992,"tags=65%, list=30%, signal=45%","S100A12/RPL30/LGALS3/FAU/RPS19/CCL3/CCL3L1/RPL39/B2M/CXCL8/HMGN2",0.352487857583619
"GO:0072329","monocarboxylic acid catabolic process",11,0.575446911863485,1.57788295357105,0.0283008579403077,0.261486731779244,0.195158841256802,573,"tags=45%, list=17%, signal=38%","DCXR/ABCD1/AKR1A1/ACAA1/HADHA",0.352487857583619
"GO:1902275","regulation of chromatin organization",11,0.575441877563882,1.57786914945574,0.0283008579403077,0.261486731779244,0.195158841256802,708,"tags=55%, list=22%, signal=43%","CABIN1/KMT2A/PADI4/TLK1/SETD5/BAZ1A",0.352487857583619
"GO:0007283","spermatogenesis",109,-0.360895391474927,-1.57681681802428,0.00323902431146178,0.0948007205389891,0.0707538720791323,641,"tags=30%, list=19%, signal=25%","MOV10/PRKACA/VPS13B/STK11/UBE2B/RPL4/SEPTIN6/CTSH/RPL15/EPC1/PAFAH1B1/CALR/GGNBP2/PSMA6/RPL8/RPL35/PSMB1/RPLP0/LRRK2/PSMB6/RPL23A/RPL6/RPLP2/PIAS1/RPL24/RBX1/SSH2/KHDRBS1/SEPTIN7/RPLP1/RPL27A/NOTCH1/RPL9",0.431707695803346
"GO:0048232","male gamete generation",109,-0.360895391474927,-1.57681681802428,0.00323902431146178,0.0948007205389891,0.0707538720791323,641,"tags=30%, list=19%, signal=25%","MOV10/PRKACA/VPS13B/STK11/UBE2B/RPL4/SEPTIN6/CTSH/RPL15/EPC1/PAFAH1B1/CALR/GGNBP2/PSMA6/RPL8/RPL35/PSMB1/RPLP0/LRRK2/PSMB6/RPL23A/RPL6/RPLP2/PIAS1/RPL24/RBX1/SSH2/KHDRBS1/SEPTIN7/RPLP1/RPL27A/NOTCH1/RPL9",0.431707695803346
"GO:0032720","negative regulation of tumor necrosis factor production",19,0.503345885010556,1.57427596793288,0.0330833625313583,0.283012191623395,0.211224221599889,711,"tags=47%, list=22%, signal=37%","SELENOS/LILRB4/ARRB2/SIRPA/LGALS9/ELF4/CD33/PTPN6/RARA",0.321775918075361
"GO:1903556","negative regulation of tumor necrosis factor superfamily cytokine production",19,0.503345885010556,1.57427596793288,0.0330833625313583,0.283012191623395,0.211224221599889,711,"tags=47%, list=22%, signal=37%","SELENOS/LILRB4/ARRB2/SIRPA/LGALS9/ELF4/CD33/PTPN6/RARA",0.321775918075361
"GO:0030901","midbrain development",22,-0.510554188447026,-1.57218843684991,0.0156037177261974,0.200279793794548,0.149477459977179,429,"tags=36%, list=13%, signal=32%","YWHAE/CDC42/RAC1/NR4A2/ACTB/UQCRQ/CALM1/RHOA",0.380730400722792
"GO:0071470","cellular response to osmotic stress",23,-0.497714901159561,-1.57197343052842,0.0204389752831016,0.222815269650291,0.16629665889122,636,"tags=35%, list=19%, signal=28%","ARHGEF2/PYCARD/RELB/XRCC6/MICU1/YBX3/ATP1A1/DDX3X",0.352487857583619
"GO:0098732","macromolecule deacylation",13,0.561874611780368,1.57031428931218,0.0204477232162686,0.222815269650291,0.16629665889122,857,"tags=54%, list=26%, signal=40%","ABHD17A/FLNA/SIRT7/HDAC10/FRY/BRMS1/PPT1",0.352487857583619
"GO:0008608","attachment of spindle microtubules to kinetochore",10,-0.618120556184764,-1.56765826949798,0.0413805320243272,0.3244137279225,0.242123976227615,723,"tags=40%, list=22%, signal=31%","HNRNPU/MAD1L1/RCC2/CDC42",0.321775918075361
"GO:0045601","regulation of endothelial cell differentiation",10,-0.617609376032496,-1.56636183017901,0.0413805320243272,0.3244137279225,0.242123976227615,683,"tags=60%, list=21%, signal=48%","BTG1/VCL/ROCK1/TNFRSF1A/IL1B/NOTCH1",0.321775918075361
"GO:0061640","cytoskeleton-dependent cytokinesis",36,-0.445781915029358,-1.56576442039958,0.0171810747010055,0.211566058874265,0.157900887047789,401,"tags=25%, list=12%, signal=22%","EXOC4/ARF6/ROCK1/RBX1/CFL1/IST1/SEPTIN7/RHOA/RHOB",0.352487857583619
"GO:0032366","intracellular sterol transport",12,-0.579293891371136,-1.56371496532372,0.041910554153938,0.325102773182807,0.242638240464505,392,"tags=33%, list=12%, signal=29%","RELCH/ABCA1/NPC2/RAB7A",0.321775918075361
"GO:0032367","intracellular cholesterol transport",12,-0.579293891371136,-1.56371496532372,0.041910554153938,0.325102773182807,0.242638240464505,392,"tags=33%, list=12%, signal=29%","RELCH/ABCA1/NPC2/RAB7A",0.321775918075361
"GO:0051249","regulation of lymphocyte activation",163,-0.34077202988254,-1.56168932716382,0.00171192967144888,0.0746183948856923,0.0556909307911971,922,"tags=41%, list=28%, signal=31%","ARID2/AIF1/RIPOR2/TMEM131L/SART1/FCHO1/FBXO38/HLA-DMA/LGALS3/MTOR/FYN/NCKAP1L/SOX4/NFAM1/AHR/JUNB/VAV3/HLA-DMB/DOCK8/IL6ST/CD4/HLA-DRB1/TYK2/PYCARD/MNDA/CSK/LST1/ZBTB16/SASH3/XRCC6/HMGB1/SH3KBP1/CD300A/PRKAR1A/ANXA1/PSMA6/SMARCC1/PSMB9/TFRC/PSMB1/NFKBIZ/YWHAG/MAP3K8/JAK3/AKIRIN2/ID2/PTPN2/PSMA7/CLEC7A/CLEC12A/PAG1/B2M/FCGR3A/RBX1/CD55/CBL/IL1B/ACTB/RAC2/SAMSN1/HLA-DRA/CEBPB/LYN/RHOA/HLA-DPB1/HLA-DPA1/FCGR2B",0.45505986738723
"GO:0002274","myeloid leukocyte activation",85,-0.373085206883363,-1.56104796060458,0.00368652347838915,0.0959974313916918,0.0716470290731556,658,"tags=33%, list=20%, signal=27%","VAMP2/IFNGR2/IFNGR1/SNAP23/PYCARD/LCP2/TLR4/HMGB1/CD300A/ANXA1/NFKBIZ/LRRK2/DOCK2/CCL3/PLSCR1/CLEC12A/PJA2/FCGR3A/C5AR1/CXCL8/CBL/IL1B/CD300LF/RAC2/FCER1G/VAMP8/LYN/FCGR2B",0.431707695803346
"GO:0006936","muscle contraction",94,-0.360885518695169,-1.55912023337739,0.00810297657287235,0.140507666500815,0.104866939884148,953,"tags=43%, list=29%, signal=31%","UBA52/RPL35A/CALM2/RPL31/RPL30/MYL6/ENO1/RPL7/STUB1/RPL12/LTB4R/RPL38/TMOD3/RGS2/TPM3/HSP90AA1/PRKACA/RPL4/RPL15/RPL10/RPL8/RPL35/RPLP0/ATP2A2/KCNE1/FKBP1A/GSTO1/ROCK1/RPL23A/RPL6/RPLP2/RPL39/TPM4/RPL24/GSN/ATP1A1/RPLP1/RPL27A/RPL9/CALM1",0.380730400722792
"GO:0090066","regulation of anatomical structure size",111,-0.354421277585855,-1.55882951827808,0.00490661849694265,0.104446313120965,0.0779527944058027,749,"tags=36%, list=23%, signal=29%","TMOD3/PECAM1/RGS2/EPS8/EVL/ITGA4/MTPN/VAV3/BORCS5/HSP90AA1/ARFGEF1/PYCARD/PTEN/WAS/PICALM/MSN/LAMTOR4/ARPC5/PAFAH1B1/SHTN1/CYFIP1/WASHC2C/ARF6/LRRK2/VASP/SH3BP1/COTL1/ROCK1/PUM2/CAPZA1/TMSB4X/SSH2/GSN/CFL1/SOD2/PFN1/ARPC3/CAPZA2/KLF2/RHOA",0.407017918923954
"GO:0034220","monoatomic ion transmembrane transport",187,-0.332789367264508,-1.55873922085079,0.000982702088946531,0.0640059631394542,0.0477704146394972,678,"tags=28%, list=21%, signal=24%","CTSS/ATP5F1B/UBQLN1/MCOLN1/SLC8B1/CD4/PRKACA/RNASEK/CLIC1/SEC61A1/ITPR1/NDUFB7/COX4I1/ATP6V1F/NDUFC1/NDUFB8/SLC25A37/SLC25A3/SLC24A4/YWHAE/MT-ND6/ATP2A2/KCNE1/FKBP1A/GSTO1/CCL3/ATP6V0B/TPCN1/MT-ND4L/COX7B/NDUFB1/NDUFB9/NDUFA3/MICU1/ATP6V0C/ATP5MC2/ATP1A1/COX8A/TTYH3/NDUFB2/BEST1/CALM1/NDUFA2/UQCRH/LYN/ATP6V0A1/VMP1/MT-ATP8/TMBIM6/LASP1/ATP5MG/SLC20A1/ATP6V0E1",0.45505986738723
"GO:0060326","cell chemotaxis",79,-0.38000746612367,-1.5582152301453,0.00576057356262573,0.118048768678882,0.0881048944640627,671,"tags=32%, list=20%, signal=26%","ALOX5/SLC8B1/CD4/RPS19/CXCR4/CALR/HMGB1/PPIB/ANXA1/PTPRJ/CCL3/RAC1/CCL3L1/CKLF/TMSB4X/C5AR1/CXCL8/BSG/DDT/PPIA/NOTCH1/RAC2/DUSP1/LYN/NR4A1",0.407017918923954
"GO:0061572","actin filament bundle organization",49,-0.415314493845378,-1.55801032060226,0.0189560210083523,0.222103742092395,0.165765615144654,727,"tags=39%, list=22%, signal=31%","EPS8/EVL/MARCKS/WAS/ARAP1/ZEB2/SHTN1/CDC42/ARRB1/ROCK1/HSP90B1/MTSS1/RAC1/ACTG1/MICAL1/CFL1/PFN1/LCP1/RHOA",0.352487857583619
"GO:0006516","glycoprotein catabolic process",20,0.489743046236818,1.55725725135973,0.0283043408988314,0.261486731779244,0.195158841256802,417,"tags=35%, list=13%, signal=31%","MAN2B1/SULF2/BTK/IDUA/HGSNAT/HPSE/CST3",0.352487857583619
"GO:0045010","actin nucleation",24,-0.486994039940885,-1.55631848579263,0.0324076890954577,0.281618716000401,0.210184210559739,505,"tags=42%, list=15%, signal=36%","ARPC5/CYFIP1/WASHC2C/ARPC4/WASHC4/ARPC2/RNH1/GSN/ACTR3/ARPC3",0.321775918075361
"GO:0120009","intermembrane lipid transfer",13,0.556838017786861,1.55623813183568,0.0233429051749167,0.242801581857278,0.181213306878564,462,"tags=46%, list=14%, signal=40%","GLTP/PITPNC1/C2CD2L/OSBPL8/VPS13C/CIDEB",0.352487857583619
"GO:0016188","synaptic vesicle maturation",10,-0.61341173704844,-1.555715907794,0.0432472885265777,0.328206269525293,0.244954513821562,534,"tags=50%, list=16%, signal=42%","ATP6V1F/PICALM/ZDHHC20/ATP6V0C/ATP6V0A1",0.321775918075361
"GO:0050865","regulation of cell activation",193,-0.332465368725276,-1.55565011173734,0.000753737468513704,0.0591360882439609,0.0441358166803456,672,"tags=31%, list=20%, signal=26%","VAV3/HLA-DMB/DOCK8/IL6ST/CD4/HLA-DRB1/TYK2/PYCARD/MNDA/CSK/LST1/ZBTB16/SASH3/XRCC6/TLR4/HMGB1/SH3KBP1/CD300A/PRKAR1A/ANXA1/PSMA6/SMARCC1/PSMB9/PTPRJ/TFRC/PSMB1/NFKBIZ/YWHAG/MAP3K8/JAK3/LRRK2/AKIRIN2/ID2/PTPN2/CCL3/PSMA7/CLEC7A/PLSCR1/CLEC12A/PAG1/B2M/PJA2/FCGR3A/RBX1/CD55/CBL/IL1B/CD300LF/ACTB/RAC2/SAMSN1/HLA-DRA/CEBPB/FCER1G/LYN/RHOA/HLA-DPB1/HLA-DPA1/FCGR2B",0.477270815362862
"GO:0000281","mitotic cytokinesis",32,-0.461494804196478,-1.55369889717081,0.0183879119480961,0.218585308266112,0.163139656022736,528,"tags=28%, list=16%, signal=24%","SEPTIN6/EXOC4/ARF6/ROCK1/RBX1/CFL1/IST1/RHOA/RHOB",0.352487857583619
"GO:0035601","protein deacylation",11,0.566560962889538,1.55351756534282,0.0328593217015748,0.283012191623395,0.211224221599889,857,"tags=55%, list=26%, signal=40%","ABHD17A/FLNA/SIRT7/FRY/BRMS1/PPT1",0.321775918075361
"GO:0042274","ribosomal small subunit biogenesis",38,-0.432057653533758,-1.54963730538424,0.0202459861884169,0.222815269650291,0.16629665889122,441,"tags=32%, list=13%, signal=28%","RPS27A/RPS17/RPS21/NOL7/SNU13/RPS16/RPS7/RPS13/RPS24/RPS14/RPS6/RPS25",0.352487857583619
"GO:0097193","intrinsic apoptotic signaling pathway",108,-0.353682186074088,-1.54927219686615,0.00773247781578385,0.138780288118578,0.103577722793875,716,"tags=37%, list=22%, signal=30%","PML/NOC2L/PPP2R5C/UBQLN1/DNAJA1/ARHGEF2/CDKN2D/MDM2/STK11/PYCARD/ITPR1/RPS3/DDX5/HSPA1A/URI1/BCL3/SFPQ/EIF5A/IKBKE/CARD8/BCL2A1/TPT1/PPP1R15A/LRRK2/PTPN2/IFI27/TNFRSF1A/IFI6/PLAUR/SIVA1/RPS7/YBX3/PPIA/SOD2/DDX3X/MCL1/CEBPB/CDKN1A/TMBIM6/FCGR2B",0.407017918923954
"GO:0030216","keratinocyte differentiation",17,-0.528232147963683,-1.54924735080437,0.0386944273139761,0.31436360178751,0.234623133038963,876,"tags=65%, list=27%, signal=48%","MAFB/CSTA/SRSF6/NME2/ASAH1/EREG/ANXA1/NFKBIZ/ROCK1/TXNIP/ZFP36",0.321775918075361
"GO:0006885","regulation of pH",29,-0.461195280887156,-1.54921181603973,0.0302301934849884,0.270397756709375,0.201809524019716,666,"tags=34%, list=20%, signal=28%","ATP5F1B/RNASEK/ATP6V1F/LRRK2/ATP6V0B/ATP6V0C/RAB7A/CREG1/ATP6V0A1/ATP6V0E1",0.352487857583619
"GO:0030641","regulation of cellular pH",29,-0.461195280887156,-1.54921181603973,0.0302301934849884,0.270397756709375,0.201809524019716,666,"tags=34%, list=20%, signal=28%","ATP5F1B/RNASEK/ATP6V1F/LRRK2/ATP6V0B/ATP6V0C/RAB7A/CREG1/ATP6V0A1/ATP6V0E1",0.352487857583619
"GO:0051453","regulation of intracellular pH",29,-0.461195280887156,-1.54921181603973,0.0302301934849884,0.270397756709375,0.201809524019716,666,"tags=34%, list=20%, signal=28%","ATP5F1B/RNASEK/ATP6V1F/LRRK2/ATP6V0B/ATP6V0C/RAB7A/CREG1/ATP6V0A1/ATP6V0E1",0.352487857583619
"GO:0042981","regulation of apoptotic process",347,-0.310007858993612,-1.54893499754636,0.00010522017517743,0.0288934601037222,0.0215644371527904,716,"tags=31%, list=22%, signal=27%","PML/NOC2L/ITGA4/RPS3A/ATOX1/PPP1R10/HSPA5/BTG1/UBQLN1/DNAJA1/STK4/IL6ST/RAF1/ARHGEF2/HSP90AA1/CDKN2D/MDM2/NAA38/NME2/SLK/CITED2/LTB/YME1L1/ANP32B/PYCARD/MNDA/BNIP3L/ITPR1/MAP3K20/RPS3/EGR1/HSPA1A/CTSH/URI1/BCL3/EPC1/CALR/TLR4/HMGB1/SET/SFPQ/ZEB2/KLF4/EIF5A/ARF4/FNIP1/CARD8/RICTOR/ANKLE2/YWHAZ/BCL2A1/ANXA1/MDM4/TFRC/JAK3/TPT1/LRRK2/HIGD2A/PTPN2/HSP90B1/MORF4L1/CCL3/ATF3/TNFRSF1A/ATF5/IFI6/EVI2B/PIAS1/NR4A2/PLAUR/TXNIP/RBX1/NAIP/MICAL1/BNIP2/BTG2/ST3GAL1/GSN/RPS7/YBX3/KHDRBS1/PPIA/BAG1/CFL1/CCNL1/SOD2/STK17B/CBL/SAP18/DDX3X/PLK3/IL1B/ACTB/NOTCH1/MCL1/DUSP1/RPS6/TNFSF12/LYN/STAT1/ZFP36/SOCS3/TMBIM6/G0S2/RHOB/FCGR2B",0.538434096309916
"GO:0007033","vacuole organization",81,-0.376791119095907,-1.54874226638317,0.00810905952759151,0.140507666500815,0.104866939884148,452,"tags=26%, list=14%, signal=23%","HOOK2/FNIP1/STX12/GABARAPL1/ATP2A2/LRRK2/ATP6V0B/ATG3/SH3GLB1/TPP1/GABARAP/ATG4B/ATP6V0C/ABCA1/RAB7A/MAP1LC3B/CREG1/RAB1A/VPS39/ATP6V0A1/VMP1",0.380730400722792
"GO:0016358","dendrite development",34,-0.450949918174381,-1.54772072099762,0.0145074930194563,0.195282234467779,0.145747565612414,557,"tags=38%, list=17%, signal=32%","PTEN/LST1/CUX1/PICALM/PAFAH1B1/ARF4/CDC42/CAPRIN1/ARF6/LRRK2/IQSEC1/MEF2A/CFL1",0.380730400722792
"GO:0006812","monoatomic cation transport",206,-0.325200426694291,-1.54750747453813,0.0016947330887337,0.0746183948856923,0.0556909307911971,678,"tags=27%, list=21%, signal=23%","CTSS/ATP5F1B/UBQLN1/MCOLN1/SLC8B1/CD4/PRKACA/RNASEK/SEC61A1/ITPR1/NDUFB7/COX4I1/ATP6V1F/CAMK2G/NDUFC1/NDUFB8/SLC25A37/SLC25A3/SLC24A4/YWHAE/MT-ND6/TFRC/ATP2A2/TPT1/KCNE1/FKBP1A/GSTO1/CCL3/ATP6V0B/TPCN1/MT-ND4L/CLTC/COX7B/NDUFB1/B2M/NDUFB9/NDUFA3/MICU1/ATP6V0C/ATP5MC2/ATP1A1/COX8A/NDUFB2/SGK1/FTL/CALM1/NDUFA2/UQCRH/LYN/ATP6V0A1/FTH1/MT-ATP8/TMBIM6/ATP5MG/SLC20A1/ATP6V0E1",0.45505986738723
"GO:0099024","plasma membrane invagination",23,-0.489337202728241,-1.54551346456732,0.0240194668513351,0.245195003619948,0.18299962090935,425,"tags=39%, list=13%, signal=34%","CD300A/CDC42/RAB31/SH3BP1/ARHGAP25/MARCO/RAC1/GSN/RHOA",0.352487857583619
"GO:0019953","sexual reproduction",153,-0.340568268458598,-1.54507510251315,0.00162073796062837,0.0732748971660462,0.0546882204188076,641,"tags=29%, list=19%, signal=25%","MOV10/PRKACA/PPP2CA/VPS13B/STK11/CHFR/UBE2B/ITPR1/RPL4/PTEN/C9orf78/SEPTIN6/ANAPC16/CTSH/RPL15/EPC1/PAFAH1B1/CALR/EREG/GGNBP2/PSMA6/RPL8/RPL35/ANAPC11/PSMB1/RPLP0/LRRK2/PSMB6/RPL23A/RPL6/RPLP2/KDM1B/PIAS1/RPL24/NRIP1/RBX1/SSH2/KHDRBS1/DDX3X/SEPTIN7/RPLP1/RPL27A/NOTCH1/RPL9/DUSP1",0.45505986738723
"GO:0002821","positive regulation of adaptive immune response",39,-0.426060614394271,-1.54260466341622,0.0179680609082047,0.215459804602314,0.160806957651311,644,"tags=44%, list=20%, signal=35%","IL6ST/CD4/HLA-DRB1/PYCARD/SASH3/TFRC/NFKBIZ/YWHAG/STX7/AKIRIN2/CLEC7A/HLA-C/B2M/CD55/IL1B/HLA-DRA/HLA-B",0.352487857583619
"GO:0044403","biological process involved in symbiotic interaction",58,-0.399769930596095,-1.54223108291938,0.0140895669034025,0.194079659604615,0.144850032054123,807,"tags=41%, list=25%, signal=32%","WWP2/CHMP1B/VAPA/SCARB2/CD4/RNASEK/CXCR4/TRIM38/HSPA1A/HMGB1/IFIT1/TFRC/TPCN1/PLSCR1/SIVA1/CD55/CXCL8/BSG/HSP90AB1/PPIA/RAB7A/CBL/DYNLT1/VAMP8",0.380730400722792
"GO:0008285","negative regulation of cell population proliferation",138,-0.342300478720692,-1.54204681276229,0.002743551468454,0.0948007205389891,0.0707538720791323,683,"tags=33%, list=21%, signal=27%","BTG1/ALOX5/CSNK2B/PPP2R5C/IL6ST/RAF1/CDKN2D/HLA-DRB1/STK11/MNDA/CSK/PTEN/LST1/HSPA1A/TRIB1/EREG/KLF4/CD300A/PRKAR1A/MDM4/PTPRJ/TMEM127/IFITM1/PTPN2/AIMP1/MTSS1/S100A11/ATF5/CCL3L1/B2M/KLF10/BTG2/RBBP4/CXCL8/SOD2/IL1B/NOTCH1/DUSP1/CEBPB/CDKN1B/CDKN1A/LYN/STAT1/FTH1/FCGR2B",0.431707695803346
"GO:0019730","antimicrobial humoral response",21,-0.502934257690817,-1.54142948553319,0.0174350874103359,0.21203598290413,0.15825161164679,992,"tags=52%, list=30%, signal=37%","S100A12/RPL30/LGALS3/FAU/RPS19/CCL3/CCL3L1/RPL39/B2M/CXCL8/HMGN2",0.352487857583619
"GO:0000122","negative regulation of transcription by RNA polymerase II",222,-0.3229792232471,-1.54031467150283,0.000922820679616184,0.0640059631394542,0.0477704146394972,632,"tags=27%, list=19%, signal=24%","BHLHE40/MAX/MDM2/CITED2/HHEX/ATF7/DDX5/KLF3/ZBTB16/CUX1/HSPA1A/URI1/EPC1/TRIB1/CALR/RPL10/HMGB1/SFPQ/ZEB2/KLF4/CNOT1/NFKBIA/FNIP1/MIER1/YWHAZ/MDM4/ARID4B/ID2/NFIC/EID1/JDP2/IFI27/ATF3/PIAS1/XPO1/MEF2A/RANBP2/LMO4/NR4A2/JARID2/NRIP1/RBX1/KLF10/RBBP4/TLE4/YBX3/UBE2D3/ETS2/PLK3/NOTCH1/RPS14/CEBPB/COMMD6/STAT1/FOSB/ZFP36/LCOR/KLF2/HES4/TMBIM6/SDCBP",0.477270815362862
"GO:0045321","leukocyte activation",290,-0.310299062357295,-1.53976095951837,0.000572354662936523,0.0541543361041542,0.0404177199019053,672,"tags=29%, list=20%, signal=25%","VAV3/HLA-DMB/DOCK8/VAMP2/IL6ST/MOV10/IFNGR2/IFNGR1/CD4/HLA-DRB1/TYK2/SNAP23/HHEX/PYCARD/MNDA/CSK/LST1/ZBTB16/MSN/LCP2/RELB/SASH3/XRCC6/TLR4/HMGB1/SH3KBP1/FNIP1/CD300A/PRKAR1A/ANXA1/PSMA6/SMARCC1/PSMB9/PTPRJ/TFRC/PSMB1/NFKBIZ/YWHAG/MAP3K8/IKZF1/JAK3/LRRK2/FKBP1A/DOCK2/AKIRIN2/ID2/PTPN2/CCL3/PSMA7/CLEC7A/PLSCR1/CLEC12A/PAG1/B2M/PJA2/FCGR3A/RBX1/C5AR1/ST3GAL1/GSN/CD55/CXCL8/CBL/JMJD1C/IL1B/CD300LF/ACTB/RAC2/SAMSN1/HLA-DRA/CD48/CEBPB/FCER1G/VAMP8/LCP1/LYN/SOCS3/CLEC2B/RHOA/HLA-DPB1/HLA-DPA1/KLF6/FCGR2B",0.477270815362862
"GO:0051153","regulation of striated muscle cell differentiation",19,0.49195900318696,1.53866209894455,0.0395740714712576,0.319618824294333,0.238545332563198,420,"tags=37%, list=13%, signal=32%","TGFB1/ARRB2/HDAC4/PAK1/SMAD4/ATP11A/G6PD",0.321775918075361
"GO:0016032","viral process",136,-0.341957756555968,-1.53841831897802,0.00296933049419972,0.0948007205389891,0.0707538720791323,858,"tags=35%, list=26%, signal=27%","JUN/EIF3L/IFITM3/WWP2/EIF3B/ADAR/CHMP1B/IFIH1/VAPA/RAD23A/SCARB2/CSNK2B/CD4/RNASEK/CXCR4/DDX5/TRIM38/HSPA1A/HMGB1/ISG20/IFITM2/EIF3F/IFIT1/TFRC/CSDE1/IFITM1/TPCN1/PLSCR1/SMC5/SIVA1/ST3GAL1/CD55/CXCL8/BSG/HSP90AB1/PPIA/RAB7A/PCBP1/CBL/DDX3X/NOTCH1/RAB1A/DYNLT1/VAMP8/STAT1/ZFP36/NFIA",0.431707695803346
"GO:0007035","vacuolar acidification",20,-0.512138752763472,-1.53648173870105,0.0242748010808098,0.246841414298457,0.184228408305423,608,"tags=35%, list=18%, signal=29%","RNASEK/ATP6V1F/ATP6V0B/ATP6V0C/CREG1/ATP6V0A1/ATP6V0E1",0.352487857583619
"GO:0030837","negative regulation of actin filament polymerization",21,-0.50083971208806,-1.5350099698579,0.0177382987453624,0.213637580503356,0.159446953106365,749,"tags=52%, list=23%, signal=41%","TMOD3/EPS8/MTPN/ARFGEF1/WASHC2C/CAPZA1/TMSB4X/SSH2/GSN/CFL1/CAPZA2",0.352487857583619
"GO:0048609","multicellular organismal reproductive process",136,-0.341076484451286,-1.53445360367663,0.00319900021326053,0.0948007205389891,0.0707538720791323,641,"tags=29%, list=19%, signal=25%","MOV10/PRKACA/VPS13B/STK11/UBE2B/RPL4/PTEN/SEPTIN6/EGR1/CTSH/RPL15/EPC1/PAFAH1B1/CALR/EREG/GGNBP2/PSMA6/RPL8/RPL35/PSMB1/RPLP0/LRRK2/PSMB6/RPL23A/RPL6/RPLP2/KDM1B/PIAS1/RPL24/NRIP1/RBX1/SSH2/BSG/KHDRBS1/DDX3X/SEPTIN7/RPLP1/RPL27A/NOTCH1/RPL9",0.431707695803346
"GO:0043067","regulation of programmed cell death",357,-0.305737081380874,-1.53406425542382,0.000324903222920703,0.0446092125070125,0.033293781917764,716,"tags=30%, list=22%, signal=27%","PML/NOC2L/ITGA4/RPS3A/ATOX1/PPP1R10/HSPA5/BTG1/UBQLN1/DNAJA1/STK4/IL6ST/RAF1/ARHGEF2/HSP90AA1/CDKN2D/MDM2/NAA38/NME2/SLK/CITED2/LTB/YME1L1/ANP32B/PYCARD/MNDA/BNIP3L/ITPR1/MAP3K20/RPS3/ASAH1/EGR1/HSPA1A/CTSH/URI1/BCL3/EPC1/CALR/TLR4/HMGB1/SET/SFPQ/ZEB2/KLF4/EIF5A/ARF4/FNIP1/CARD8/RICTOR/ANKLE2/YWHAZ/BCL2A1/ANXA1/MDM4/TFRC/JAK3/TPT1/LRRK2/HIGD2A/PTPN2/HSP90B1/MORF4L1/CCL3/ATF3/TNFRSF1A/ATF5/IFI6/EVI2B/PIAS1/NR4A2/PLAUR/TXNIP/RBX1/NAIP/MICAL1/BNIP2/BTG2/ST3GAL1/GSN/RPS7/YBX3/KHDRBS1/PPIA/BAG1/CFL1/CCNL1/SOD2/STK17B/CBL/SAP18/DDX3X/PLK3/IL1B/ACTB/NOTCH1/MCL1/DUSP1/RPS6/TNFSF12/LYN/STAT1/ZFP36/SOCS3/FTH1/TMBIM6/G0S2/RHOB/FCGR2B",0.49849310876659
"GO:0043954","cellular component maintenance",15,-0.551253755622239,-1.5317811496294,0.0458425016993134,0.333908513703752,0.249210344925722,362,"tags=27%, list=11%, signal=24%","ARF6/MTSS1/CFL1/FCGR2B",0.321775918075361
"GO:0001678","intracellular glucose homeostasis",39,0.41233746103693,1.53134222651632,0.0153336298499711,0.198613903622739,0.148234134193957,298,"tags=21%, list=9%, signal=19%","NCF1/HK2/ERN1/TGFB1/HK3/GNAS/C2CD2L/SMAD4",0.380730400722792
"GO:0097529","myeloid leukocyte migration",60,-0.392935706891199,-1.53029325868146,0.0159533410999411,0.201811036683938,0.150620292678259,472,"tags=27%, list=14%, signal=23%","HMGB1/PPIB/CD300A/ANXA1/PTPRJ/CCL3/RAC1/CKLF/C5AR1/CXCL8/BSG/DDT/PPIA/RAC2/DUSP1/LYN",0.352487857583619
"GO:0000082","G1/S transition of mitotic cell cycle",64,-0.387197079152499,-1.52590799804771,0.0238243527230731,0.24411071857298,0.182190372149696,629,"tags=31%, list=19%, signal=26%","CDKN2D/PPP2CA/PSME1/PTEN/KLF4/PSMA6/SMARCC1/PSMB1/ID2/PSMB6/PRMT2/PSMA7/PIAS1/RBX1/KHDRBS1/DDX3X/PLK3/ACTB/CDKN1B/CDKN1A",0.352487857583619
"GO:1901524","regulation of mitophagy",19,0.487401189595669,1.52440697812851,0.0425891508973746,0.325765482908609,0.243132849354589,500,"tags=42%, list=15%, signal=36%","HK2/NOD2/FBXW7/FKBP8/TSC2/VPS13C/HUWE1/CDC37",0.321775918075361
"GO:0051865","protein autoubiquitination",19,-0.515598313273811,-1.52438807902728,0.0380649523522758,0.31436360178751,0.234623133038963,1046,"tags=68%, list=32%, signal=47%","AMFR/RNF181/RNF10/STUB1/WWP2/MDM2/DTX3L/UBE2B/LRRK2/RNF13/RBX1/UBE2D3/CBL",0.321775918075361
"GO:0045429","positive regulation of nitric oxide biosynthetic process",18,-0.516292168789055,-1.52293224963288,0.0309282263718532,0.273964224571319,0.204471333016985,635,"tags=39%, list=19%, signal=32%","HSP90AA1/TLR4/KLF4/CLEC7A/HSP90AB1/IL1B/KLF2",0.352487857583619
"GO:0044092","negative regulation of molecular function",66,-0.386160270039704,-1.52046647102085,0.0126872286377325,0.186305507161569,0.139047846328617,858,"tags=42%, list=26%, signal=32%","JUN/EIF4A2/PPP1R12A/ADAR/TMC8/HNRNPU/UBQLN1/DNAJA1/IL6ST/DTX3L/GTF2F1/ARFGEF1/PYCARD/RCC2/URI1/CD300A/PTPRJ/YWHAG/KCNE1/LRRK2/ROCK1/MIDN/GNAI3/PPIA/NOTCH1/CALM1/LYN/ZFP36",0.380730400722792
"GO:0030032","lamellipodium assembly",21,-0.495681731882892,-1.51920141704516,0.0207704181255303,0.223891481966654,0.16709988262337,635,"tags=48%, list=19%, signal=39%","HSP90AA1/VCL/WAS/CDC42/CYFIP1/ARPC2/RAC1/CFL1/ACTR3/RAC2",0.352487857583619
"GO:0050869","negative regulation of B cell activation",13,-0.555308367697588,-1.51907745227032,0.0355137533272121,0.298228644148393,0.22258091730147,578,"tags=46%, list=18%, signal=38%","MNDA/CD300A/ID2/SAMSN1/LYN/FCGR2B",0.321775918075361
"GO:0017157","regulation of exocytosis",46,-0.405274151909901,-1.51868926480839,0.0182734863743035,0.218169537321032,0.162829348209724,425,"tags=22%, list=13%, signal=19%","CD300A/ANXA1/LRRK2/MICAL1/RAB7A/RAC2/VAMP8/LYN/SDCBP/FCGR2B",0.352487857583619
"GO:1903146","regulation of autophagy of mitochondrion",21,0.47310262067377,1.51662005015072,0.0190067311918382,0.222103742092395,0.165765615144654,500,"tags=38%, list=15%, signal=33%","HK2/NOD2/FBXW7/FKBP8/TSC2/VPS13C/HUWE1/CDC37",0.352487857583619
"GO:0060997","dendritic spine morphogenesis",13,-0.553869819214277,-1.51514222151906,0.0361313683872756,0.302490053632496,0.225761391245136,557,"tags=46%, list=17%, signal=38%","PTEN/PAFAH1B1/CDC42/CAPRIN1/LRRK2/CFL1",0.321775918075361
"GO:0060429","epithelium development",135,-0.342998637449182,-1.51431975665391,0.00201921022541356,0.0792107325569377,0.0591183907333591,683,"tags=33%, list=21%, signal=28%","BTG1/CSNK2B/ARHGAP24/IL6ST/VCL/NME2/CITED2/MARCKS/PTEN/ASAH1/MSN/CTSH/PAFAH1B1/EREG/ZEB2/KLF4/CDC42/ANXA1/NFKBIZ/TAGLN/VASP/SH3BP1/EDF1/ID2/ROCK1/PUM2/MTSS1/TNFRSF1A/TPP1/LMO4/TXNIP/ACTG1/RAB10/LTA4H/BSG/ITGAX/IL1B/ACTB/NOTCH1/PGK1/CEBPB/STAT1/ZFP36/RHOA/RHOB",0.431707695803346
"GO:0008283","cell population proliferation",362,-0.300411795054188,-1.51381449268944,0.000219846251332985,0.0428840454476823,0.032006215233281,784,"tags=32%, list=24%, signal=27%","NCKAP1L/CNBP/SOX4/YY1AP1/AHR/NEAT1/TCF7L2/SHOC2/HNRNPU/PML/IL10RA/ITGA4/JUNB/BTG1/VAV3/ALOX5/HLA-DMB/DOCK8/CSNK2B/PPP2R5C/IL6ST/RAF1/ARHGEF2/CDKN2D/UBE2L3/CD4/MDM2/NME2/CITED2/HLA-DRB1/STK11/TYK2/YME1L1/CSF2RB/HHEX/PYCARD/MNDA/CSK/IER5/PTEN/LST1/GPBAR1/EGR1/MSN/HSPA1A/SASH3/TRIB1/PAFAH1B1/CALR/XRCC6/EREG/HMGB1/ZEB2/KLF4/RICTOR/CD300A/CDC42/PRKAR1A/ANXA1/SMARCC1/MDM4/PTPRJ/TFRC/NFKBIZ/TMEM127/LRRK2/IFITM1/ID2/PTPN2/AIMP1/MTSS1/S100A11/CLEC7A/ATF3/ATF5/FOS/CCL3L1/PIAS1/TXNIP/B2M/FCGR3A/RBX1/C5AR1/KLF10/BTG2/RAB10/RBBP4/CD55/CXCL8/YPEL5/SOD2/ITGAX/IL1B/ACTB/NOTCH1/RAC2/SGK1/DUSP1/RPS6/NAMPT/CEBPB/CDKN1B/CDKN1A/TNFSF12/LYN/STAT1/GLUL/ZFP36/NR4A1/FTH1/RHOA/SDCBP/HLA-DPB1/SLC20A1/HLA-DPA1/FCGR2B",0.518848077743792
"GO:0001912","positive regulation of leukocyte mediated cytotoxicity",13,-0.552576144592567,-1.51160330141136,0.0386018310750395,0.31436360178751,0.234623133038963,609,"tags=38%, list=19%, signal=31%","HLA-DRB1/STX7/HLA-C/HLA-DRA/HLA-B",0.321775918075361
"GO:0031343","positive regulation of cell killing",13,-0.552576144592567,-1.51160330141136,0.0386018310750395,0.31436360178751,0.234623133038963,609,"tags=38%, list=19%, signal=31%","HLA-DRB1/STX7/HLA-C/HLA-DRA/HLA-B",0.321775918075361
"GO:2001243","negative regulation of intrinsic apoptotic signaling pathway",39,-0.417447946533579,-1.51142144403969,0.0229347443972578,0.239463148725741,0.178721690049172,897,"tags=49%, list=27%, signal=36%","HIF1A/ENO1/FYN/NONO/NOC2L/DNAJA1/ARHGEF2/CDKN2D/MDM2/HSPA1A/URI1/TPT1/LRRK2/PLAUR/YBX3/PPIA/SOD2/DDX3X/TMBIM6",0.352487857583619
"GO:0000041","transition metal ion transport",19,-0.511205741821053,-1.51140125694801,0.0398353805794004,0.320785791997166,0.239416290959898,1017,"tags=58%, list=31%, signal=40%","SLC31A2/RAB11B/ATP13A1/ATOX1/MCOLN1/SLC25A37/TFRC/CLTC/B2M/FTL/FTH1",0.321775918075361
"GO:0015698","inorganic anion transport",18,-0.512057130700423,-1.51043995074961,0.0368191532634036,0.306379984428201,0.228664614599887,172,"tags=28%, list=5%, signal=26%","SLC37A2/TTYH3/BEST1/CEBPB/SLC20A1",0.321775918075361
"GO:0038066","p38MAPK cascade",17,-0.514927441199665,-1.51022609511813,0.0456140350877193,0.333128032848078,0.248627838355006,863,"tags=53%, list=26%, signal=39%","RELL1/MAPK14/PER1/MAP3K20/MAP2K3/PJA2/IL1B/DUSP1/ZFP36",0.282013350011725
"GO:0007044","cell-substrate junction assembly",27,-0.458334984746606,-1.50872171958793,0.0250354096512793,0.249989945099684,0.186578292824028,627,"tags=37%, list=19%, signal=30%","VCL/SLK/PTEN/RCC2/PTPRJ/ROCK1/RAC1/ACTG1/CFL1/RHOA",0.352487857583619
"GO:0009267","cellular response to starvation",52,-0.387852876865887,-1.5085403709014,0.0225433665065196,0.237301552904795,0.177108397731007,442,"tags=29%, list=13%, signal=25%","FNIP1/GABARAPL1/YWHAZ/YWHAG/LRRK2/SESN1/ATF3/SH3GLB1/FOS/GABARAP/KLF10/MICU1/MAP1LC3B/CDKN1A/VAMP8",0.352487857583619
"GO:0048857","neural nucleus development",17,-0.514346586023074,-1.50852251015647,0.0473684210526316,0.339617974440016,0.253471562058649,429,"tags=35%, list=13%, signal=31%","YWHAE/CDC42/KCNE1/ACTB/CALM1/RHOA",0.276500599254472
"GO:0051017","actin filament bundle assembly",48,-0.40500385689566,-1.50750306519753,0.027405599484429,0.261486731779244,0.195158841256802,727,"tags=38%, list=22%, signal=30%","EPS8/EVL/MARCKS/WAS/ARAP1/ZEB2/CDC42/ARRB1/ROCK1/HSP90B1/MTSS1/RAC1/ACTG1/MICAL1/CFL1/PFN1/LCP1/RHOA",0.352487857583619
"GO:0006754","ATP biosynthetic process",54,-0.394062873263495,-1.50577041836215,0.0150001073834446,0.197089424907093,0.147096349887879,553,"tags=30%, list=17%, signal=25%","NDUFB7/NDUFC1/NDUFB8/MT-ND6/MT-ND4L/NDUFB11/NDUFB1/NDUFB9/TMSB4X/NDUFA3/ATP6V0C/ATP5MC2/NDUFB2/NDUFA2/MT-ATP8/ATP5MG",0.380730400722792
"GO:0032729","positive regulation of type II interferon production",26,-0.47141062163453,-1.50458832460818,0.0334526634895982,0.285282651995145,0.212918764234061,584,"tags=38%, list=18%, signal=32%","PYCARD/TLR4/PSMA6/PSMB9/PSMB1/PSMA7/CLEC7A/IL1B/HLA-DPB1/HLA-DPA1",0.321775918075361
"GO:0072522","purine-containing compound biosynthetic process",78,-0.3642389110239,-1.50367897796338,0.0136811736598256,0.191676035050414,0.14305610323937,802,"tags=36%, list=24%, signal=28%","NADK/AMPD2/NDUFS6/GUK1/PDPR/ATP5F1B/NME2/NDUFB7/NDUFC1/OGDH/NDUFB8/MT-ND6/ACSL1/KYNU/MT-ND4L/NDUFB11/NDUFB1/NDUFB9/TMSB4X/NDUFA3/ATP6V0C/ATP5MC2/NDUFB2/PGK1/NAMPT/NDUFA2/MT-ATP8/ATP5MG",0.380730400722792
"GO:0048729","tissue morphogenesis",63,-0.382907078174693,-1.50319489340835,0.0107937173263554,0.163905096540404,0.122329452432464,664,"tags=38%, list=20%, signal=31%","CSNK2B/ARHGAP24/VCL/PTEN/MSN/CTSH/PAFAH1B1/KLF4/CDC42/MDM4/VASP/FKBP1A/SH3BP1/MTSS1/LMO4/ACTG1/RAB10/BSG/ITGAX/ACTB/NOTCH1/STAT1/RHOA/RHOB",0.380730400722792
"GO:0033043","regulation of organelle organization",294,-0.307932738800424,-1.50229419203863,0.000443024434736777,0.0518238709350167,0.0386783930959006,727,"tags=30%, list=22%, signal=26%","EPS8/HNRNPU/EVL/PML/MAD1L1/MTPN/PPP1R10/MID1IP1/TAOK1/SCARB2/MCOLN1/ARHGEF2/HSP90AA1/PRKACA/PPP2CA/ARFGEF1/YME1L1/CHFR/PYCARD/MAP3K20/RPS3/WAS/MSN/HSPA1A/ARPC5/PAFAH1B1/ARAP1/RHOT1/EREG/ZEB2/CCT5/KLF4/CNOT1/ARF4/FNIP1/RICTOR/CDC42/CYFIP1/ANXA1/WASHC2C/SMARCC1/ANAPC11/TFRC/HNRNPA2B1/CAPRIN1/WASHC4/ARF6/LRRK2/VASP/SH3BP1/COTL1/ROCK1/MTSS1/RAC1/CLTC/ATG3/SH3GLB1/IFI6/RNH1/SMC5/CAPZA1/UPF1/PTGES3/PLAUR/TMSB4X/SIVA1/ACTG1/GDI2/RAB10/MICU1/SSH2/GSN/CFL1/RAB7A/HNRNPC/TRAPPC12/PFN1/SEPTIN7/IL1B/ACTB/ARPC3/RAC2/DUSP1/DYNLT1/CAPZA2/SMARCA5/RHOA/SDCBP",0.49849310876659
"GO:1901879","regulation of protein depolymerization",28,-0.45376117633688,-1.50213173358192,0.026668922155339,0.25877335773343,0.193133733018712,749,"tags=46%, list=23%, signal=36%","TMOD3/EPS8/MTPN/MID1IP1/TAOK1/ARHGEF2/SHISA5/WASHC2C/SH3BP1/CAPZA1/GSN/CFL1/CAPZA2",0.352487857583619
"GO:0043534","blood vessel endothelial cell migration",31,-0.438236428754618,-1.50178385831336,0.0471052855446304,0.339316442719584,0.25324651591286,666,"tags=35%, list=20%, signal=29%","ATP5F1B/CSNK2B/HMGB1/KLF4/ANXA1/SH3BP1/MAP2K3/TMSB4X/NOTCH1/NR4A1/RHOA",0.321775918075361
"GO:0030834","regulation of actin filament depolymerization",19,-0.507751031930059,-1.50118726198574,0.0451466732327265,0.330594039192178,0.246736609449155,749,"tags=47%, list=23%, signal=37%","TMOD3/EPS8/MTPN/WASHC2C/SH3BP1/CAPZA1/GSN/CFL1/CAPZA2",0.321775918075361
"GO:0007229","integrin-mediated signaling pathway",37,0.401918351820468,1.49900541500285,0.0468660502994371,0.33866887926909,0.25276321134219,503,"tags=32%, list=15%, signal=28%","PRAM1/ITGA5/FLNA/ZYX/FERMT3/PTK2B/ADAM15/ITGAM/DST/TIMP1/MYH9/ITGB1",0.321775918075361
"GO:0010721","negative regulation of cell development",68,-0.372641262069468,-1.49802241849764,0.0134418433307271,0.191250268322159,0.142738335141667,497,"tags=29%, list=15%, signal=25%","TRIB1/TLR4/HMGB1/ANXA1/PSMA6/PSMB9/PSMB1/JAK3/ID2/PTPN2/CCL3/PSMA7/CLEC12A/B2M/CFL1/IL1B/NOTCH1/DYNLT1/LYN/FCGR2B",0.380730400722792
"GO:0042119","neutrophil activation",21,-0.488681422818736,-1.49774636077423,0.0468468468468468,0.33866887926909,0.25276321134219,425,"tags=29%, list=13%, signal=25%","CD300A/ANXA1/CLEC12A/CXCL8/FCER1G/FCGR2B",0.282013350011725
"GO:0051262","protein tetramerization",20,-0.498921039201166,-1.49682690803987,0.0442477876106195,0.328206269525293,0.244954513821562,741,"tags=50%, list=23%, signal=39%","GBP5/EVL/STK4/MCOLN1/HLA-DRB1/ITPR1/USP16/VASP/B2M/SOD2",0.287857117255149
"GO:0003015","heart process",31,-0.436657680903516,-1.49637367813763,0.0498599500723781,0.350394439565553,0.261514503405744,799,"tags=45%, list=24%, signal=35%","FYN/RGS2/HSP90AA1/PRKACA/CELF2/YWHAE/CDC42/ATP2A2/KCNE1/FKBP1A/GSTO1/GSN/ATP1A1/CALM1",0.321775918075361
"GO:0061900","glial cell activation",20,-0.498637206635642,-1.49597537405338,0.0442477876106195,0.328206269525293,0.244954513821562,634,"tags=40%, list=19%, signal=32%","IFNGR2/IFNGR1/ZEB2/LRRK2/CCL3/TNFRSF1A/C5AR1/IL1B",0.287857117255149
"GO:0051302","regulation of cell division",37,-0.422291780263432,-1.49494727525073,0.0499189908235075,0.350394439565553,0.261514503405744,654,"tags=35%, list=20%, signal=28%","KIF13A/YME1L1/EREG/CDC42/ARF6/SH3GLB1/EVI2B/TXNIP/RBX1/PLK3/IL1B/CALM1/RHOA",0.321775918075361
"GO:0030595","leukocyte chemotaxis",64,-0.379188681857321,-1.49434764250215,0.0301269515650081,0.270397756709375,0.201809524019716,671,"tags=33%, list=20%, signal=27%","ALOX5/SLC8B1/CD4/RPS19/CXCR4/CALR/HMGB1/PPIB/ANXA1/PTPRJ/CCL3/RAC1/CKLF/C5AR1/CXCL8/BSG/DDT/PPIA/RAC2/DUSP1/LYN",0.352487857583619
"GO:0043086","negative regulation of catalytic activity",44,-0.406961772704294,-1.49382502516758,0.0195778018257629,0.222103742092395,0.165765615144654,832,"tags=45%, list=25%, signal=34%","EIF4A2/PPP1R12A/ADAR/HNRNPU/DNAJA1/DTX3L/ARFGEF1/PYCARD/RCC2/URI1/CD300A/PTPRJ/YWHAG/LRRK2/MIDN/GNAI3/PPIA/NOTCH1/LYN/ZFP36",0.352487857583619
"GO:0001936","regulation of endothelial cell proliferation",22,-0.484747730178288,-1.49272064243308,0.0433275563258232,0.328206269525293,0.244954513821562,708,"tags=36%, list=22%, signal=29%","ITGA4/ALOX5/HMGB1/RICTOR/AIMP1/TNFSF12/STAT1/NR4A1",0.287857117255149
"GO:0001894","tissue homeostasis",34,-0.43431473428732,-1.49062653434416,0.0443349753694581,0.328206269525293,0.244954513821562,743,"tags=47%, list=23%, signal=37%","PECAM1/IL10RA/VCL/VPS13B/CSK/ARAP1/TLR4/ZEB2/NFKBIZ/TPP1/ACTG1/BSG/RAB7A/ACTB/NOTCH1/RAC2",0.276500599254472
"GO:0060249","anatomical structure homeostasis",34,-0.43431473428732,-1.49062653434416,0.0443349753694581,0.328206269525293,0.244954513821562,743,"tags=47%, list=23%, signal=37%","PECAM1/IL10RA/VCL/VPS13B/CSK/ARAP1/TLR4/ZEB2/NFKBIZ/TPP1/ACTG1/BSG/RAB7A/ACTB/NOTCH1/RAC2",0.276500599254472
"GO:2001234","negative regulation of apoptotic signaling pathway",63,-0.37962190429745,-1.49029814409838,0.0120311977069007,0.177621875823384,0.132566877224257,897,"tags=43%, list=27%, signal=32%","HIF1A/ENO1/LGALS3/GRINA/FYN/NONO/TCF7L2/NOC2L/DNAJA1/ARHGEF2/CDKN2D/MDM2/HSPA1A/URI1/KLF4/TPT1/LRRK2/IFI6/NR4A2/PLAUR/YBX3/PPIA/SOD2/DDX3X/IL1B/MCL1/TMBIM6",0.380730400722792
"GO:0042127","regulation of cell population proliferation",317,-0.299811380145503,-1.48878494179721,0.00068181906287729,0.0585085983331575,0.0436674938593004,737,"tags=31%, list=22%, signal=26%","TCF7L2/SHOC2/HNRNPU/PML/IL10RA/ITGA4/JUNB/BTG1/VAV3/ALOX5/HLA-DMB/CSNK2B/PPP2R5C/IL6ST/RAF1/ARHGEF2/CDKN2D/CD4/MDM2/NME2/HLA-DRB1/STK11/TYK2/CSF2RB/HHEX/PYCARD/MNDA/CSK/IER5/PTEN/LST1/GPBAR1/EGR1/HSPA1A/SASH3/TRIB1/CALR/XRCC6/EREG/HMGB1/KLF4/RICTOR/CD300A/CDC42/PRKAR1A/ANXA1/SMARCC1/MDM4/PTPRJ/TFRC/TMEM127/LRRK2/IFITM1/ID2/PTPN2/AIMP1/MTSS1/S100A11/CLEC7A/ATF3/ATF5/CCL3L1/PIAS1/TXNIP/B2M/FCGR3A/RBX1/C5AR1/KLF10/BTG2/RBBP4/CD55/CXCL8/SOD2/ITGAX/IL1B/ACTB/NOTCH1/RAC2/SGK1/DUSP1/RPS6/NAMPT/CEBPB/CDKN1B/CDKN1A/TNFSF12/LYN/STAT1/ZFP36/NR4A1/FTH1/RHOA/SDCBP/HLA-DPB1/HLA-DPA1/FCGR2B",0.477270815362862
"GO:0090398","cellular senescence",23,-0.47122641102418,-1.48831267894027,0.0443262411347518,0.328206269525293,0.244954513821562,791,"tags=43%, list=24%, signal=33%","MAPK14/PML/PTEN/CALR/ID2/MAP2K3/SMC5/B2M/CDKN1B/CDKN1A",0.287857117255149
"GO:0051726","regulation of cell cycle",246,-0.30747021763078,-1.48611254255655,0.00146396314483386,0.0717864784948891,0.0535773492813258,723,"tags=30%, list=22%, signal=25%","HNRNPU/PML/MAD1L1/PPP1R10/JUNB/TAOK1/RAD23A/KIF13A/CDKN2D/MDM2/PRKACA/DTX3L/CITED2/PPP2CA/STK11/CHFR/PSME1/PTEN/MAP3K20/RCC2/USP16/C9orf78/HSPA1A/ANAPC16/EPC1/PAFAH1B1/CALR/MARK3/EREG/KLF4/EIF4G2/YWHAE/CDC42/PSMA6/SMARCC1/MDM4/ANAPC11/PSMB1/ARF6/PPP1R15A/ID2/PSMB6/PUM2/PRMT2/MORF4L1/PSMA7/CLTC/ATF5/SH3GLB1/PLSCR1/SMC5/EVI2B/NUDT16/TMSB4X/RBX1/HSP90AB1/KHDRBS1/CCNL1/DDX3X/PLK3/IL1B/ACTB/DUSP1/NABP1/DYNLT1/CALM1/CDKN1B/CDKN1A/SMARCA5/LYN/NR4A1/RHOA/SDCBP/RHOB",0.45505986738723
"GO:0042592","homeostatic process",347,-0.297378829744421,-1.48583483791617,0.0004865475573211,0.0518238709350167,0.0386783930959006,791,"tags=32%, list=24%, signal=27%","MAPK14/AMPD2/NCKAP1L/CNBP/SOX4/VAPA/TMC8/PECAM1/TCF7L2/MLX/HNRNPU/PML/IL10RA/ATOX1/RALY/TAOK1/ALOX5/ATP5F1B/LNPEP/MCOLN1/SLC8B1/VCL/PRKACA/RPS19/HLA-DRB1/RNASEK/PPP2CA/LTB/VPS13B/STK11/CSK/ITPR1/CXCR4/TLE3/ATP6V1F/GPBAR1/PICALM/EGR1/HSPA1A/PLAC8/CTSH/ARAP1/RHOT1/CALR/TLR4/HMGB1/SLC24A4/TXN/ZEB2/RPS17/YWHAE/PRKAR1A/ARRB1/ANXA1/PSMA6/ADIPOR1/PSMB9/PTPRJ/TFRC/PSMB1/NFKBIZ/RCOR1/IKZF1/JAK3/ACSL1/ATP2A2/TPT1/LRRK2/TRA2B/ID2/PTPN2/CCL3/ATP6V0B/PSMA7/FBXL5/GSR/RAC1/TPP1/B2M/PTBP3/SIVA1/RBX1/ACTG1/MICU1/BSG/ATP6V0C/ABCA1/NPC2/RAB7A/SOD2/ATP1A1/DDX3X/IL1B/ACTB/RPS24/NOTCH1/RAC2/MCL1/RPS14/CREG1/FTL/RPS6/CEBPB/LYN/STAT1/GLUL/ZFP36/ATP6V0A1/FTH1/G0S2/ATP6V0E1",0.49849310876659
"GO:0021700","developmental maturation",50,-0.393337149309304,-1.48524727549587,0.0278098279591773,0.261486731779244,0.195158841256802,621,"tags=34%, list=19%, signal=28%","PRKACA/PTEN/ATP6V1F/ZBTB16/PICALM/ZDHHC20/EREG/SLC24A4/YWHAZ/LRRK2/ROCK1/CLEC7A/PTBP3/ATP6V0C/PFN1/ATP6V0A1/RHOA",0.352487857583619
"GO:0003006","developmental process involved in reproduction",144,-0.329532675314443,-1.48496540490951,0.00445305189460505,0.100786316699599,0.0752211810052384,641,"tags=30%, list=19%, signal=25%","MOV10/PRKACA/CITED2/VPS13B/STK11/UBE2B/RPL4/SEPTIN6/CTSH/RPL15/EPC1/PAFAH1B1/CALR/EREG/GGNBP2/PSMA6/RPL8/SMARCC1/RPL35/PSMB1/RPLP0/CSDE1/LRRK2/PSMB6/RPL23A/RPL6/RPLP2/RAC1/KDM1B/PIAS1/RPL24/NRIP1/RBX1/SSH2/BSG/KHDRBS1/CBL/SEPTIN7/RPLP1/RPL27A/NOTCH1/RPL9/CEBPB",0.407017918923954
"GO:0019722","calcium-mediated signaling",47,-0.391079606648773,-1.48467544149854,0.0345826653541298,0.292196920192124,0.218079181209253,782,"tags=40%, list=24%, signal=31%","GNA15/NFAM1/TMBIM4/MCOLN1/PRKACA/ITPR1/CXCR4/SLC24A4/PTPRJ/ATP2A2/LRRK2/FKBP1A/GSTO1/CCL3/TPCN1/CLEC7A/FCGR3A/CXCL8/CALM1",0.321775918075361
"GO:0043300","regulation of leukocyte degranulation",22,-0.482093651640884,-1.48454773604739,0.0450606585788562,0.330594039192178,0.246736609449155,96,"tags=18%, list=3%, signal=18%","RAC2/VAMP8/LYN/FCGR2B",0.282013350011725
"GO:0098655","monoatomic cation transmembrane transport",172,-0.316908710172622,-1.48448920492583,0.00872237583269119,0.14694260145135,0.109669609755633,678,"tags=28%, list=21%, signal=23%","CTSS/ATP5F1B/UBQLN1/MCOLN1/SLC8B1/CD4/PRKACA/RNASEK/SEC61A1/ITPR1/NDUFB7/COX4I1/ATP6V1F/NDUFC1/NDUFB8/SLC25A37/SLC25A3/SLC24A4/YWHAE/MT-ND6/ATP2A2/KCNE1/FKBP1A/GSTO1/CCL3/ATP6V0B/TPCN1/MT-ND4L/COX7B/NDUFB1/NDUFB9/NDUFA3/MICU1/ATP6V0C/ATP5MC2/ATP1A1/COX8A/NDUFB2/CALM1/NDUFA2/UQCRH/LYN/ATP6V0A1/MT-ATP8/TMBIM6/ATP5MG/SLC20A1/ATP6V0E1",0.380730400722792
"GO:0042776","proton motive force-driven mitochondrial ATP synthesis",42,-0.407656268033794,-1.48409702428595,0.0290209857455889,0.264756235406602,0.197599013020235,553,"tags=31%, list=17%, signal=26%","NDUFB7/NDUFC1/NDUFB8/MT-ND6/MT-ND4L/NDUFB11/NDUFB1/NDUFB9/NDUFA3/NDUFB2/NDUFA2/MT-ATP8/ATP5MG",0.352487857583619
"GO:0070663","regulation of leukocyte proliferation",77,-0.362989643885139,-1.48288027136141,0.0196468823081178,0.222103742092395,0.165765615144654,672,"tags=34%, list=20%, signal=28%","VAV3/HLA-DMB/IL6ST/CD4/HLA-DRB1/TYK2/CSF2RB/HHEX/PYCARD/MNDA/LST1/SASH3/HMGB1/CD300A/PRKAR1A/ANXA1/TFRC/FCGR3A/CD55/IL1B/RAC2/CEBPB/LYN/HLA-DPB1/HLA-DPA1/FCGR2B",0.352487857583619
"GO:0045727","positive regulation of translation",39,-0.409021769865534,-1.48091343887856,0.0270249661582564,0.259477472274728,0.19365924411083,839,"tags=38%, list=26%, signal=29%","SH3BGRL/MTOR/RPS4X/CNBP/HNRNPU/EIF4A3/USP16/BCL3/EIF5A/CSDE1/PPP1R15A/RBM3/YBX3/KHDRBS1/DDX3X",0.352487857583619
"GO:0046649","lymphocyte activation",240,-0.304053352145463,-1.48060638449266,0.00371271760236077,0.0959974313916918,0.0716470290731556,708,"tags=29%, list=22%, signal=25%","ITGA4/MFNG/JUNB/VAV3/HLA-DMB/DOCK8/IL6ST/MOV10/CD4/HLA-DRB1/TYK2/HHEX/PYCARD/MNDA/CSK/LST1/ZBTB16/MSN/RELB/SASH3/XRCC6/HMGB1/SH3KBP1/FNIP1/CD300A/PRKAR1A/ANXA1/PSMA6/SMARCC1/PSMB9/PTPRJ/TFRC/PSMB1/NFKBIZ/YWHAG/MAP3K8/IKZF1/JAK3/FKBP1A/AKIRIN2/ID2/PTPN2/PSMA7/CLEC7A/CLEC12A/PAG1/B2M/FCGR3A/RBX1/ST3GAL1/GSN/CD55/CBL/JMJD1C/IL1B/ACTB/RAC2/SAMSN1/HLA-DRA/CD48/CEBPB/LCP1/LYN/SOCS3/CLEC2B/RHOA/HLA-DPB1/HLA-DPA1/KLF6/FCGR2B",0.431707695803346
"GO:0043066","negative regulation of apoptotic process",193,-0.316346423836142,-1.48022740376023,0.00319538019147008,0.0948007205389891,0.0707538720791323,900,"tags=38%, list=27%, signal=30%","HCK/HIF1A/ENO1/POR/STUB1/LGALS3/MTOR/GRINA/SRSF6/FYN/NCKAP1L/NONO/TMBIM4/TCF7L2/NOC2L/RPS3A/ATOX1/PPP1R10/HSPA5/DNAJA1/IL6ST/RAF1/ARHGEF2/CDKN2D/MDM2/NAA38/NME2/CITED2/YME1L1/ANP32B/BNIP3L/HSPA1A/URI1/BCL3/SET/KLF4/ARF4/RICTOR/ANKLE2/YWHAZ/BCL2A1/ANXA1/MDM4/TFRC/JAK3/TPT1/LRRK2/HIGD2A/HSP90B1/ATF5/IFI6/EVI2B/PIAS1/NR4A2/PLAUR/NAIP/MICAL1/BNIP2/BTG2/ST3GAL1/YBX3/PPIA/BAG1/CFL1/SOD2/CBL/DDX3X/PLK3/IL1B/NOTCH1/MCL1/DUSP1/SOCS3/TMBIM6",0.431707695803346
"GO:1902532","negative regulation of intracellular signal transduction",216,-0.311605427599657,-1.47792460328021,0.00277161880024473,0.0948007205389891,0.0707538720791323,799,"tags=36%, list=24%, signal=29%","FYN/MAPK14/RASA3/NONO/TMC8/PER1/RGS2/TCF7L2/MAD1L1/NOC2L/TANK/PPP1R10/HSPA5/IRAK3/ARHGAP24/UBQLN1/DNAJA1/FKBP5/ARHGEF2/CDKN2D/MDM2/PRKACA/PPP2CA/STK11/PYCARD/CSK/ITPR1/PTEN/MAP3K20/HSPA1A/URI1/BCL3/TRIB1/PPP1R15B/CALR/MARK3/TLR4/SLC24A4/KLF4/CNOT1/NFKBIA/FNIP1/CARD8/YWHAZ/CD300A/PRKAR1A/ARRB1/ADIPOR1/MDM4/PTPRJ/YWHAG/TPT1/TMEM127/PPP1R15A/LRRK2/SH3BP1/ARHGAP25/PTPN2/PRMT2/SESN1/MAP2K3/ATF3/PLAUR/TMSB4X/SIVA1/RBX1/YBX3/PPIA/SOD2/DDX3X/PLK3/IL1B/DUSP1/LYN/STAT1/TMBIM6/DUSP2",0.431707695803346
"GO:0003158","endothelium development",32,-0.438727206599866,-1.47704799892576,0.0472027972027972,0.339316442719584,0.25324651591286,743,"tags=44%, list=23%, signal=34%","PECAM1/BTG1/CSNK2B/VCL/MSN/EDF1/ROCK1/TNFRSF1A/BSG/ITGAX/IL1B/NOTCH1/RHOA/RHOB",0.276500599254472
"GO:0055002","striated muscle cell development",21,0.459373251807011,1.47260795808158,0.026541717911437,0.258452331151794,0.192894137016046,707,"tags=43%, list=22%, signal=34%","PLEC/PAK1/SMAD4/FLII/G6PD/CFLAR/TPM1/AKAP13/YY1",0.352487857583619
"GO:0034314","Arp2/3 complex-mediated actin nucleation",22,-0.477527023615712,-1.47048537021232,0.048526863084922,0.344327560804124,0.256986529764138,505,"tags=41%, list=15%, signal=35%","ARPC5/CYFIP1/WASHC2C/ARPC4/WASHC4/ARPC2/RNH1/ACTR3/ARPC3",0.271288554688953
"GO:0030855","epithelial cell differentiation",86,-0.354035215131637,-1.4699354025348,0.0150723886491222,0.197089424907093,0.147096349887879,644,"tags=34%, list=20%, signal=28%","IL6ST/VCL/NME2/ASAH1/MSN/PAFAH1B1/EREG/ZEB2/CDC42/ANXA1/NFKBIZ/TAGLN/SH3BP1/EDF1/ID2/ROCK1/MTSS1/TNFRSF1A/TPP1/TXNIP/RAB10/LTA4H/IL1B/NOTCH1/PGK1/CEBPB/STAT1/ZFP36/RHOA",0.380730400722792
"GO:0043409","negative regulation of MAPK cascade",45,-0.400049329926327,-1.46862647881151,0.0403988518113142,0.323426376308655,0.241387073075552,744,"tags=38%, list=23%, signal=30%","PER1/RGS2/IRAK3/DNAJA1/CSK/TRIB1/TLR4/KLF4/CD300A/PTPRJ/PTPN2/ATF3/PPIA/IL1B/DUSP1/LYN/DUSP2",0.321775918075361
"GO:0009145","purine nucleoside triphosphate biosynthetic process",57,-0.376265453525384,-1.46817297097058,0.0196900083537936,0.222103742092395,0.165765615144654,666,"tags=32%, list=20%, signal=26%","ATP5F1B/NME2/NDUFB7/NDUFC1/NDUFB8/MT-ND6/MT-ND4L/NDUFB11/NDUFB1/NDUFB9/TMSB4X/NDUFA3/ATP6V0C/ATP5MC2/NDUFB2/NDUFA2/MT-ATP8/ATP5MG",0.352487857583619
"GO:0009201","ribonucleoside triphosphate biosynthetic process",57,-0.376265453525384,-1.46817297097058,0.0196900083537936,0.222103742092395,0.165765615144654,666,"tags=32%, list=20%, signal=26%","ATP5F1B/NME2/NDUFB7/NDUFC1/NDUFB8/MT-ND6/MT-ND4L/NDUFB11/NDUFB1/NDUFB9/TMSB4X/NDUFA3/ATP6V0C/ATP5MC2/NDUFB2/NDUFA2/MT-ATP8/ATP5MG",0.352487857583619
"GO:0009206","purine ribonucleoside triphosphate biosynthetic process",57,-0.376265453525384,-1.46817297097058,0.0196900083537936,0.222103742092395,0.165765615144654,666,"tags=32%, list=20%, signal=26%","ATP5F1B/NME2/NDUFB7/NDUFC1/NDUFB8/MT-ND6/MT-ND4L/NDUFB11/NDUFB1/NDUFB9/TMSB4X/NDUFA3/ATP6V0C/ATP5MC2/NDUFB2/NDUFA2/MT-ATP8/ATP5MG",0.352487857583619
"GO:0032535","regulation of cellular component size",91,-0.346737211413987,-1.46786919164837,0.0163242950837948,0.204687279909134,0.152766957219067,749,"tags=36%, list=23%, signal=29%","TMOD3/EPS8/EVL/MTPN/VAV3/BORCS5/HSP90AA1/ARFGEF1/PYCARD/PTEN/WAS/PICALM/MSN/LAMTOR4/ARPC5/PAFAH1B1/SHTN1/CYFIP1/WASHC2C/ARF6/VASP/SH3BP1/COTL1/PUM2/CAPZA1/TMSB4X/SSH2/GSN/CFL1/PFN1/ARPC3/CAPZA2/RHOA",0.352487857583619
"GO:0051258","protein polymerization",86,-0.353512159347051,-1.46776370270833,0.0150723886491222,0.197089424907093,0.147096349887879,793,"tags=40%, list=24%, signal=31%","MSRB1/NCKAP1L/TMOD3/EPS8/EVL/MTPN/MID1IP1/HSP90AA1/PPP2CA/ARFGEF1/PYCARD/RPS3/WAS/HSPA1A/ARPC5/CYFIP1/TTC17/WASHC2C/ARPC4/ARF6/VASP/COTL1/CORO7/ARPC2/RAC1/CAPZA1/TMSB4X/SSH2/GSN/CFL1/PFN1/ACTB/ARPC3/CAPZA2",0.380730400722792
"GO:0044843","cell cycle G1/S phase transition",71,-0.363125275046414,-1.46750760654552,0.0203378299486688,0.222815269650291,0.16629665889122,629,"tags=30%, list=19%, signal=24%","CDKN2D/PPP2CA/PSME1/PTEN/KLF4/PSMA6/SMARCC1/PSMB1/ID2/PSMB6/PRMT2/PSMA7/PIAS1/TMSB4X/RBX1/KHDRBS1/DDX3X/PLK3/ACTB/CDKN1B/CDKN1A",0.352487857583619
"GO:0097191","extrinsic apoptotic signaling pathway",60,-0.37600439421351,-1.46435403962629,0.0283769286490221,0.261486731779244,0.195158841256802,836,"tags=42%, list=25%, signal=32%","LGALS3/GRINA/FYN/TMC8/TCF7L2/PML/ARHGEF2/LTB/PYCARD/HSPA1A/TLR4/KLF4/BCL2A1/NFKBIZ/IFI27/ATF3/TNFRSF1A/IFI6/GABARAP/SIVA1/DDX3X/IL1B/MCL1/TNFSF12/G0S2",0.352487857583619
"GO:0032944","regulation of mononuclear cell proliferation",69,-0.367855498346349,-1.46433006005378,0.0318596795139031,0.279272958506067,0.208433470430982,672,"tags=35%, list=20%, signal=28%","VAV3/HLA-DMB/IL6ST/CD4/HLA-DRB1/TYK2/PYCARD/MNDA/LST1/SASH3/HMGB1/CD300A/PRKAR1A/ANXA1/TFRC/FCGR3A/CD55/IL1B/RAC2/CEBPB/LYN/HLA-DPB1/HLA-DPA1/FCGR2B",0.321775918075361
"GO:0050670","regulation of lymphocyte proliferation",69,-0.367855498346349,-1.46433006005378,0.0318596795139031,0.279272958506067,0.208433470430982,672,"tags=35%, list=20%, signal=28%","VAV3/HLA-DMB/IL6ST/CD4/HLA-DRB1/TYK2/PYCARD/MNDA/LST1/SASH3/HMGB1/CD300A/PRKAR1A/ANXA1/TFRC/FCGR3A/CD55/IL1B/RAC2/CEBPB/LYN/HLA-DPB1/HLA-DPA1/FCGR2B",0.321775918075361
"GO:0001775","cell activation",328,-0.291521493693592,-1.46338182965695,0.00153348411479639,0.0726025410212223,0.0541864119895887,672,"tags=28%, list=20%, signal=25%","VAV3/HLA-DMB/DOCK8/VAMP2/IL6ST/MOV10/IFNGR2/IFNGR1/VCL/CD4/MDM2/HLA-DRB1/TYK2/SNAP23/CLIC1/HHEX/PYCARD/MNDA/CSK/LST1/ZBTB16/MSN/LCP2/RELB/SASH3/XRCC6/TLR4/HMGB1/ZEB2/SH3KBP1/FNIP1/RAP2B/CD300A/PRKAR1A/ANXA1/PSMA6/SMARCC1/PSMB9/PTPRJ/TFRC/PSMB1/NFKBIZ/YWHAG/MAP3K8/MYL12A/IKZF1/JAK3/LRRK2/FKBP1A/DOCK2/AKIRIN2/ID2/PTPN2/CCL3/PSMA7/CLEC7A/TNFRSF1A/PLSCR1/CLEC12A/PAG1/B2M/PJA2/FCGR3A/RBX1/ACTG1/C5AR1/ST3GAL1/GSN/CD55/CXCL8/PPIA/CBL/JMJD1C/IL1B/CD300LF/ACTB/RAC2/SAMSN1/HLA-DRA/CD48/CEBPB/FCER1G/VAMP8/LCP1/LYN/SOCS3/CLEC2B/RHOA/HLA-DPB1/HLA-DPA1/KLF6/FCGR2B",0.45505986738723
"GO:0060047","heart contraction",28,-0.441835614443711,-1.46265333416234,0.0440677966101695,0.328206269525293,0.244954513821562,738,"tags=43%, list=22%, signal=34%","RGS2/HSP90AA1/PRKACA/CELF2/YWHAE/ATP2A2/KCNE1/FKBP1A/GSTO1/GSN/ATP1A1/CALM1",0.282013350011725
"GO:0006417","regulation of translation",117,-0.335913798298256,-1.46262480025899,0.0140024841202526,0.194079659604615,0.144850032054123,839,"tags=36%, list=26%, signal=28%","SH3BGRL/EIF4A2/MTOR/EIF3B/RPS4X/CNBP/TNRC6A/RGS2/HNRNPU/PML/MTPN/EIF4A3/HHEX/EIF2S3/MAP3K20/RPS3/USP16/BCL3/PPP1R15B/CALR/RPL10/EIF4G2/CNOT1/EIF5A/CYFIP1/CAPRIN1/EIF5/CSDE1/EIF3H/PPP1R15A/PUM2/AGO1/UPF1/EIF4EBP2/RBM3/EIF4E3/BTG2/YBX3/KHDRBS1/DDX3X/EIF1/ZFP36",0.380730400722792
"GO:0003012","muscle system process",122,-0.331305545905595,-1.46194857843302,0.0100265339094453,0.161010889563373,0.120169380767828,975,"tags=43%, list=30%, signal=31%","JUND/TNFRSF1B/UBA52/RPL35A/CALM2/RPL31/RPL30/MYL6/ENO1/RPL7/STUB1/RPL12/PDLIM5/LTB4R/RPL38/TMOD3/RGS2/MTPN/TPM3/IL6ST/HSP90AA1/PRKACA/RPL4/CAMK2G/RPL15/RPL10/KLF4/ARRB1/RPL8/RPL35/RPLP0/ATP2A2/KCNE1/FKBP1A/GSTO1/ROCK1/RPL23A/RPL6/RPLP2/TNFRSF1A/RPL39/TPM4/MEF2A/RPL24/GSN/ATP1A1/IL1B/RPLP1/RPL27A/NOTCH1/RPL9/CALM1",0.380730400722792
"GO:0019079","viral genome replication",49,-0.38955789637688,-1.46138705010678,0.040584715322934,0.323969849641793,0.2417926906961,838,"tags=37%, list=25%, signal=28%","IFITM3/ADAR/IFIH1/VAPA/RAD23A/DDX5/ISG20/IFITM2/IFIT1/IFITM1/PLSCR1/SMC5/CXCL8/PPIA/PCBP1/DDX3X/NOTCH1/NFIA",0.321775918075361
"GO:0099003","vesicle-mediated transport in synapse",61,-0.378450786852851,-1.46094360925601,0.0319445318872913,0.279272958506067,0.208433470430982,687,"tags=34%, list=21%, signal=28%","AP2A1/VAMP2/ITSN2/MDM2/SNAP23/STX11/PTEN/ATP6V1F/ARF6/LRRK2/OTOF/ROCK1/RAC1/IQSEC1/ACTG1/ATP6V0C/RAB7A/ACTB/ARPC3/CALM1/ATP6V0A1",0.321775918075361
"GO:0030010","establishment of cell polarity",39,-0.40197916358013,-1.45541481982898,0.0451388888888889,0.330594039192178,0.246736609449155,1008,"tags=56%, list=31%, signal=40%","RAP1B/CYTH1/FRMD4B/HTT/RIPOR2/NSFL1C/SNX27/DOCK8/ARFGEF1/STK11/MPP7/MSN/PAFAH1B1/SHTN1/CDC42/SH3BP1/ROCK1/RAB10/GSN/CFL1/DYNLT1/RHOA",0.282013350011725
"GO:0097190","apoptotic signaling pathway",169,-0.317088600045552,-1.45385116838875,0.00517457964801888,0.107646937223181,0.0803415584047895,662,"tags=30%, list=20%, signal=25%","PPP2R5C/UBQLN1/DNAJA1/ARHGEF2/CDKN2D/MDM2/LTB/STK11/PYCARD/ITPR1/RPS3/DDX5/HSPA1A/CTSH/URI1/BCL3/RHOT1/TLR4/SFPQ/KLF4/EIF5A/IKBKE/CARD8/BCL2A1/NFKBIZ/TPT1/PPP1R15A/LRRK2/PTPN2/CLEC7A/IFI27/ATF3/TNFRSF1A/IFI6/GABARAP/NR4A2/PLAUR/SIVA1/RPS7/YBX3/PPIA/SOD2/DDX3X/IL1B/MCL1/CEBPB/CDKN1A/TNFSF12/TMBIM6/G0S2/FCGR2B",0.407017918923954
"GO:0010324","membrane invagination",27,-0.44157113754799,-1.45353941578368,0.0440140845070423,0.328206269525293,0.244954513821562,425,"tags=33%, list=13%, signal=29%","CD300A/CDC42/RAB31/SH3BP1/ARHGAP25/MARCO/RAC1/GSN/RHOA",0.287857117255149
"GO:0044409","symbiont entry into host",45,-0.395778474644317,-1.4529476845101,0.0477439870792586,0.339650229325503,0.253495635272741,681,"tags=38%, list=21%, signal=30%","SCARB2/CD4/RNASEK/CXCR4/TRIM38/HSPA1A/HMGB1/TFRC/TPCN1/PLSCR1/SIVA1/CD55/CXCL8/BSG/CBL/DYNLT1/VAMP8",0.321775918075361
"GO:0070665","positive regulation of leukocyte proliferation",47,-0.382614667491759,-1.452539561574,0.0410509031198686,0.3244137279225,0.242123976227615,672,"tags=36%, list=20%, signal=29%","VAV3/HLA-DMB/IL6ST/CD4/TYK2/CSF2RB/PYCARD/SASH3/HMGB1/ANXA1/TFRC/FCGR3A/CD55/IL1B/LYN/HLA-DPB1/HLA-DPA1",0.287857117255149
"GO:0006364","rRNA processing",59,-0.372221288181517,-1.45171628500729,0.0195910635881966,0.222103742092395,0.165765615144654,458,"tags=25%, list=14%, signal=22%","ISG20/RPS17/RPL35/RPS21/NOP10/NOL7/SNU13/NUDT16/RPS16/RPS7/RPS13/RPS24/RPS14/RPS6/RPS25",0.352487857583619
"GO:0043069","negative regulation of programmed cell death",201,-0.307303309678455,-1.44526022750692,0.00463969124055419,0.101115810686998,0.0754670965985249,900,"tags=37%, list=27%, signal=29%","HCK/HIF1A/ENO1/POR/STUB1/LGALS3/MTOR/GRINA/SRSF6/FYN/NCKAP1L/NONO/TMBIM4/TCF7L2/NOC2L/RPS3A/ATOX1/PPP1R10/HSPA5/DNAJA1/IL6ST/RAF1/ARHGEF2/CDKN2D/MDM2/NAA38/NME2/CITED2/YME1L1/ANP32B/BNIP3L/HSPA1A/URI1/BCL3/SET/KLF4/ARF4/RICTOR/ANKLE2/YWHAZ/BCL2A1/ANXA1/MDM4/TFRC/JAK3/TPT1/LRRK2/HIGD2A/HSP90B1/ATF5/IFI6/EVI2B/PIAS1/NR4A2/PLAUR/NAIP/MICAL1/BNIP2/BTG2/ST3GAL1/YBX3/PPIA/BAG1/CFL1/SOD2/CBL/DDX3X/PLK3/IL1B/NOTCH1/MCL1/DUSP1/SOCS3/FTH1/TMBIM6",0.407017918923954
"GO:0014902","myotube differentiation",65,-0.36555496332297,-1.44455276206621,0.0320360458592175,0.279272958506067,0.208433470430982,953,"tags=40%, list=29%, signal=29%","UBA52/RPL35A/RPL31/RPL30/RIPOR2/RPL7/RPL12/MAPK14/RPL38/RPL4/RPL15/RPL10/RPL8/RPL35/RPLP0/DOCK2/RPL23A/RPL6/RPLP2/RPL39/RPL24/CD53/RPLP1/RPL27A/NOTCH1/RPL9",0.321775918075361
"GO:0031669","cellular response to nutrient levels",69,-0.361219659176746,-1.4379146365698,0.0389394515816772,0.315421044375474,0.235412348112165,448,"tags=26%, list=14%, signal=23%","CD68/FNIP1/RICTOR/GABARAPL1/YWHAZ/YWHAG/LRRK2/SESN1/ATF3/SH3GLB1/FOS/GABARAP/KLF10/MICU1/MAT2A/MAP1LC3B/CDKN1A/VAMP8",0.321775918075361
"GO:0032970","regulation of actin filament-based process",106,-0.332217174072768,-1.43601488707931,0.0151457781595018,0.197110458890957,0.147112048458472,784,"tags=36%, list=24%, signal=28%","NCKAP1L/ARAP2/TMOD3/EPS8/EVL/MTPN/TAOK1/ARFGEF1/PYCARD/WAS/ARPC5/ARAP1/ZEB2/RICTOR/CDC42/CYFIP1/WASHC2C/WASHC4/ATP2A2/ARF6/VASP/SH3BP1/COTL1/ROCK1/MTSS1/RAC1/RNH1/CAPZA1/TMSB4X/ACTG1/SSH2/GSN/CFL1/PFN1/ARPC3/RAC2/CAPZA2/RHOA",0.380730400722792
"GO:0045333","cellular respiration",121,-0.323581452196497,-1.43564515187835,0.0174508857015053,0.21203598290413,0.15825161164679,633,"tags=27%, list=19%, signal=23%","ADPGK/PRKACA/PPP2CA/COX6A1/NDUFB7/COX4I1/UQCRB/NDUFC1/OGDH/NDUFB8/MT-ND6/IFNAR1/COX7C/HIGD2A/PUM2/MT-ND4L/COX6C/NDUFB11/COX7B/NDUFB1/NDUFB9/NDUFA3/COX8A/NDUFB2/PGK1/UQCRQ/NDUFA2/UQCRH/MT-ATP8/RHOA/ATP5MG/COX7A2/PFKFB3",0.352487857583619
"GO:0022414","reproductive process",198,-0.301795188683757,-1.43375233018061,0.00735248380780169,0.134833114065496,0.100631776323869,621,"tags=28%, list=19%, signal=24%","PRKACA/CITED2/PPP2CA/VPS13B/STK11/CHFR/UBE2B/ITPR1/RPL4/PTEN/C9orf78/SEPTIN6/EGR1/ANAPC16/CTSH/RPL15/EPC1/PAFAH1B1/CALR/EREG/GGNBP2/PSMA6/RPL8/SMARCC1/RPL35/ANAPC11/PSMB1/RPLP0/CSDE1/LRRK2/PSMB6/RPL23A/RPL6/PSMA7/RPLP2/RAC1/KDM1B/FOS/PIAS1/RPL24/NRIP1/RBX1/SSH2/BSG/KHDRBS1/CBL/DDX3X/SEPTIN7/IL1B/RPLP1/RPL27A/NOTCH1/RPL9/DUSP1/CEBPB/FOSB",0.407017918923954
"GO:0032956","regulation of actin cytoskeleton organization",99,-0.337659495779064,-1.43330892159486,0.0144804793118576,0.195282234467779,0.145747565612414,784,"tags=36%, list=24%, signal=29%","NCKAP1L/ARAP2/TMOD3/EPS8/EVL/MTPN/TAOK1/ARFGEF1/PYCARD/WAS/ARPC5/ARAP1/RICTOR/CDC42/CYFIP1/WASHC2C/WASHC4/ARF6/VASP/SH3BP1/COTL1/ROCK1/MTSS1/RAC1/RNH1/CAPZA1/TMSB4X/ACTG1/SSH2/GSN/CFL1/PFN1/ARPC3/RAC2/CAPZA2/RHOA",0.380730400722792
"GO:0140352","export from cell",184,-0.305905872156772,-1.43303877505804,0.00640539835874028,0.12583696999633,0.0939175654712897,671,"tags=28%, list=20%, signal=23%","ALOX5/VAMP2/IL6ST/SLC8B1/PRKACA/HLA-DRB1/ARFGEF1/SNAP23/STX11/CAMK2G/AP1B1/TLR4/SLC24A4/RIC1/YWHAE/CD300A/ANXA1/EXOC4/NFKBIZ/ARF6/KCNE1/LRRK2/RAB31/OTOF/AIMP1/CCL3/RAC1/MIDN/TNFRSF1A/CKLF/FCGR3A/MICAL1/RAB10/TMEM258/BSG/ABCA1/PPIA/RAB7A/CBL/ATP1A1/IL1B/NOTCH1/RAC2/RAB1A/BEST1/CALM1/FCER1G/VAMP8/LYN/SDCBP/FCGR2B",0.407017918923954
"GO:0050863","regulation of T cell activation",122,-0.324538508940364,-1.43208774394418,0.0146613235041461,0.195436865739734,0.145862973609031,978,"tags=45%, list=30%, signal=33%","EP300/LGALS1/TNFRSF1B/SIRPB1/ARID2/AIF1/RIPOR2/TMEM131L/SART1/FCHO1/FBXO38/HLA-DMA/LGALS3/MTOR/FYN/NCKAP1L/SOX4/JUNB/HLA-DMB/DOCK8/IL6ST/CD4/HLA-DRB1/TYK2/PYCARD/CSK/ZBTB16/HMGB1/CD300A/PRKAR1A/ANXA1/PSMA6/SMARCC1/PSMB9/TFRC/PSMB1/NFKBIZ/YWHAG/MAP3K8/JAK3/PTPN2/PSMA7/PAG1/B2M/CD55/CBL/IL1B/ACTB/RAC2/HLA-DRA/CEBPB/LYN/RHOA/HLA-DPB1/HLA-DPA1",0.380730400722792
"GO:0071897","DNA biosynthetic process",37,-0.404312270005792,-1.43129834546755,0.0476190476190476,0.339641311069882,0.253488979193402,774,"tags=38%, list=24%, signal=29%","POLK/TNKS2/HNRNPU/PML/TK2/HSP90AA1/CDKN2D/CCT5/NOP10/PTGES3/HSP90AB1/HNRNPC/DUSP1/CDKN1A",0.271288554688953
"GO:0010564","regulation of cell cycle process",173,-0.308391758641979,-1.42812352416146,0.00563289495197038,0.116300222091058,0.0867998786277275,723,"tags=29%, list=22%, signal=24%","HNRNPU/MAD1L1/PPP1R10/TAOK1/KIF13A/CDKN2D/DTX3L/PPP2CA/CHFR/PSME1/PTEN/MAP3K20/RCC2/C9orf78/HSPA1A/MARK3/EREG/KLF4/CDC42/PSMA6/SMARCC1/ANAPC11/PSMB1/ARF6/ID2/PSMB6/PUM2/PRMT2/PSMA7/CLTC/ATF5/SH3GLB1/PLSCR1/SMC5/NUDT16/TMSB4X/RBX1/CCNL1/DDX3X/PLK3/IL1B/ACTB/DUSP1/NABP1/DYNLT1/CALM1/CDKN1B/CDKN1A/SMARCA5/LYN/RHOA",0.407017918923954
"GO:0032943","mononuclear cell proliferation",79,-0.348212062422037,-1.4278386278067,0.0210356891286951,0.223891481966654,0.16709988262337,672,"tags=34%, list=20%, signal=28%","VAV3/HLA-DMB/DOCK8/IL6ST/CD4/HLA-DRB1/TYK2/PYCARD/MNDA/LST1/MSN/SASH3/HMGB1/CD300A/PRKAR1A/ANXA1/TFRC/NFKBIZ/FCGR3A/CD55/IL1B/RAC2/CEBPB/LYN/HLA-DPB1/HLA-DPA1/FCGR2B",0.352487857583619
"GO:0046651","lymphocyte proliferation",79,-0.348212062422037,-1.4278386278067,0.0210356891286951,0.223891481966654,0.16709988262337,672,"tags=34%, list=20%, signal=28%","VAV3/HLA-DMB/DOCK8/IL6ST/CD4/HLA-DRB1/TYK2/PYCARD/MNDA/LST1/MSN/SASH3/HMGB1/CD300A/PRKAR1A/ANXA1/TFRC/NFKBIZ/FCGR3A/CD55/IL1B/RAC2/CEBPB/LYN/HLA-DPB1/HLA-DPA1/FCGR2B",0.352487857583619
"GO:0050920","regulation of chemotaxis",49,-0.379796108181897,-1.42476668895709,0.0421393841166937,0.325568381216151,0.242985743848898,485,"tags=29%, list=15%, signal=25%","CALR/HMGB1/PTPRJ/PTPN2/CCL3/RAC1/TMSB4X/C5AR1/CXCL8/DDT/NOTCH1/RAC2/DUSP1/LYN",0.282013350011725
"GO:0070661","leukocyte proliferation",89,-0.341103965673522,-1.42286498251377,0.024360532875048,0.246841414298457,0.184228408305423,672,"tags=33%, list=20%, signal=27%","VAV3/HLA-DMB/DOCK8/IL6ST/CD4/HLA-DRB1/TYK2/CSF2RB/HHEX/PYCARD/MNDA/LST1/MSN/SASH3/HMGB1/CD300A/PRKAR1A/ANXA1/TFRC/NFKBIZ/FCGR3A/CD55/IL1B/RAC2/CEBPB/LYN/HLA-DPB1/HLA-DPA1/FCGR2B",0.352487857583619
"GO:1901293","nucleoside phosphate biosynthetic process",85,-0.339026567318812,-1.41854118506837,0.02086522910455,0.223891481966654,0.16709988262337,802,"tags=34%, list=24%, signal=26%","NADK/AMPD2/NDUFS6/TK2/GUK1/PDPR/ATP5F1B/NME2/NDUFB7/NDUFC1/OGDH/NDUFB8/MT-ND6/ACSL1/KYNU/MT-ND4L/NDUFB11/NDUFB1/NDUFB9/TMSB4X/NDUFA3/ATP6V0C/ATP5MC2/NDUFB2/PGK1/NAMPT/NDUFA2/MT-ATP8/ATP5MG",0.352487857583619
"GO:0030100","regulation of endocytosis",102,-0.328081590223689,-1.41727292066366,0.0202832496891138,0.222815269650291,0.16629665889122,623,"tags=31%, list=19%, signal=26%","MDM2/PRKACA/FCGR2A/PYCARD/CSK/SNX17/PICALM/ARAP1/CALR/HMGB1/CD300A/CDC42/ARRB1/PTPRJ/ARF6/LRRK2/RAB31/DOCK2/ROCK1/CLEC7A/RAC1/IQSEC1/PLSCR1/B2M/ACTG1/FLOT1/CBL/CD300LF/ACTB/ARPC3/SDCBP/FCGR2B",0.352487857583619
"GO:0098771","inorganic ion homeostasis",69,-0.354833432540448,-1.41249285090699,0.0410509031198686,0.3244137279225,0.242123976227615,925,"tags=41%, list=28%, signal=30%","AFG3L2/TBXAS1/ATP13A1/MCUB/TMEM94/TMC8/PML/ATOX1/MCOLN1/SLC8B1/PRKACA/ITPR1/PICALM/CALR/SLC24A4/YWHAE/TFRC/ATP2A2/TPT1/CCL3/FBXL5/B2M/RBX1/MICU1/ATP1A1/FTL/GLUL/FTH1",0.287857117255149
"GO:0009165","nucleotide biosynthetic process",71,-0.349192351771283,-1.41120012179371,0.0385109755836527,0.31436360178751,0.234623133038963,802,"tags=35%, list=24%, signal=27%","NADK/AMPD2/NDUFS6/TK2/GUK1/ATP5F1B/NME2/NDUFB7/NDUFC1/NDUFB8/MT-ND6/KYNU/MT-ND4L/NDUFB11/NDUFB1/NDUFB9/TMSB4X/NDUFA3/ATP6V0C/ATP5MC2/NDUFB2/NAMPT/NDUFA2/MT-ATP8/ATP5MG",0.321775918075361
"GO:0009060","aerobic respiration",112,-0.322480248436065,-1.41090955401481,0.0158009207375968,0.201810829513678,0.150620138058147,633,"tags=27%, list=19%, signal=22%","ADPGK/PRKACA/PPP2CA/COX6A1/NDUFB7/COX4I1/UQCRB/NDUFC1/OGDH/NDUFB8/MT-ND6/COX7C/MT-ND4L/COX6C/NDUFB11/COX7B/NDUFB1/NDUFB9/NDUFA3/COX8A/NDUFB2/PGK1/UQCRQ/NDUFA2/UQCRH/MT-ATP8/RHOA/ATP5MG/COX7A2/PFKFB3",0.352487857583619
"GO:0051051","negative regulation of transport",106,-0.326257214757101,-1.41025285256809,0.0203237119581854,0.222815269650291,0.16629665889122,567,"tags=25%, list=17%, signal=22%","CSK/PTEN/PICALM/HMGB1/NFKBIA/YWHAE/CD300A/ANXA1/ARF6/KCNE1/LRRK2/GSTO1/RAC1/MIDN/TNFRSF1A/PLSCR1/B2M/UBE2J1/RAB7A/IL1B/CD300LF/NOTCH1/CALM1/VAMP8/TMBIM6/SDCBP/FCGR2B",0.352487857583619
"GO:0043065","positive regulation of apoptotic process",139,-0.308464841856224,-1.40761325260826,0.0253318695927394,0.250220553603102,0.186750405909862,716,"tags=29%, list=22%, signal=24%","PML/ITGA4/BTG1/DNAJA1/STK4/LTB/PYCARD/MNDA/BNIP3L/ITPR1/MAP3K20/RPS3/CTSH/TLR4/HMGB1/SFPQ/EIF5A/FNIP1/BCL2A1/ANXA1/PTPN2/CCL3/ATF3/TNFRSF1A/TXNIP/GSN/RPS7/BAG1/SOD2/STK17B/SAP18/DDX3X/NOTCH1/MCL1/DUSP1/RPS6/TNFSF12/LYN/G0S2/RHOB",0.352487857583619
"GO:0060491","regulation of cell projection assembly",54,-0.366601221399639,-1.40083553151655,0.0424448217317487,0.325568381216151,0.242985743848898,727,"tags=41%, list=22%, signal=32%","EPS8/EVL/ARHGAP24/HSP90AA1/WAS/RCC2/ARAP1/ARF4/CDC42/CYFIP1/ARF6/LRRK2/ARPC2/RAC1/ATG3/GDI2/RAB10/CFL1/PFN1/SEPTIN7/ACTR3/RAC2",0.287857117255149
"GO:0120032","regulation of plasma membrane bounded cell projection assembly",54,-0.366601221399639,-1.40083553151655,0.0424448217317487,0.325568381216151,0.242985743848898,727,"tags=41%, list=22%, signal=32%","EPS8/EVL/ARHGAP24/HSP90AA1/WAS/RCC2/ARAP1/ARF4/CDC42/CYFIP1/ARF6/LRRK2/ARPC2/RAC1/ATG3/GDI2/RAB10/CFL1/PFN1/SEPTIN7/ACTR3/RAC2",0.287857117255149
"GO:1902903","regulation of supramolecular fiber organization",107,-0.323180903536984,-1.40026488598034,0.0236487786209809,0.24411071857298,0.182190372149696,749,"tags=35%, list=23%, signal=28%","TMOD3/EPS8/EVL/MTPN/MID1IP1/TAOK1/ARHGEF2/PPP2CA/ARFGEF1/PYCARD/RPS3/WAS/HSPA1A/ARPC5/ARAP1/CDC42/CYFIP1/WASHC2C/WASHC4/ARF6/VASP/SH3BP1/COTL1/ROCK1/MTSS1/RAC1/RNH1/CAPZA1/TMSB4X/ACTG1/SSH2/GSN/CFL1/PFN1/ARPC3/CAPZA2/RHOA",0.352487857583619
"GO:0009968","negative regulation of signal transduction",333,-0.280156695392326,-1.39922011274779,0.00327150673199732,0.0948007205389891,0.0707538720791323,659,"tags=27%, list=20%, signal=24%","IRAK3/ARHGAP24/UBQLN1/DNAJA1/STK4/FKBP5/IL6ST/ARHGEF2/CDKN2D/MDM2/PRKACA/PPP2CA/STK11/HHEX/PYCARD/CSK/ITPR1/PTEN/MAP3K20/TLE3/EGR1/HSPA1A/URI1/BCL3/TRIB1/PPP1R15B/CALR/MARK3/TLR4/SLC24A4/KLF4/CNOT1/NFKBIA/FNIP1/CARD8/YWHAE/YWHAZ/CD300A/PRKAR1A/ARRB1/ADIPOR1/MDM4/PTPRJ/YWHAG/TPT1/TMEM127/PPP1R15A/LRRK2/FKBP1A/ARID4B/SH3BP1/ARHGAP25/PTPN2/PRMT2/SESN1/MAP2K3/TMEM170B/ATF3/IFI6/PIAS1/NR4A2/PLAUR/TMSB4X/SIVA1/RBX1/NAIP/RBBP4/CXCL8/TLE4/YBX3/PPIA/UBE2D3/RAB7A/SOD2/PTCH2/CBL/DDX3X/PLK3/IL1B/CD300LF/NOTCH1/MCL1/NCOA2/DUSP1/LYN/STAT1/SOCS3/TMBIM6/DUSP2/FCGR2B",0.431707695803346
"GO:0097435","supramolecular fiber organization",206,-0.293960603854295,-1.3988488155088,0.0171745447315028,0.211566058874265,0.157900887047789,727,"tags=31%, list=22%, signal=26%","EPS8/EVL/MTPN/MID1IP1/TAOK1/TPM3/ARHGEF2/MDM2/SLK/MARCKS/PPP2CA/ARFGEF1/PYCARD/FUS/RPS3/WAS/HSPA1A/ARPC5/PAFAH1B1/ARAP1/ZEB2/HOOK2/SHTN1/SH3KBP1/CDC42/CYFIP1/ARRB1/TTC17/WASHC2C/ARPC4/WASHC4/ARF6/VASP/FKBP1A/SH3BP1/ARHGAP25/COTL1/ROCK1/HSP90B1/CORO7/MTSS1/ARPC2/RAC1/RNH1/CAPZA1/TPM4/B2M/TMSB4X/ACTG1/MICAL1/SSH2/GSN/HSP90AB1/CFL1/PFN1/PLK3/ACTB/ACTR3/ARPC3/RAC2/CAPZA2/LCP1/RHOA/RHOB",0.352487857583619
"GO:0010648","negative regulation of cell communication",342,-0.277050416225464,-1.39617970324376,0.0042014059551032,0.100786316699599,0.0752211810052384,659,"tags=27%, list=20%, signal=24%","IRAK3/ARHGAP24/UBQLN1/DNAJA1/STK4/FKBP5/IL6ST/ARHGEF2/CDKN2D/MDM2/PRKACA/PPP2CA/STK11/HHEX/PYCARD/CSK/ITPR1/PTEN/MAP3K20/TLE3/EGR1/HSPA1A/URI1/BCL3/TRIB1/PPP1R15B/CALR/MARK3/TLR4/SLC24A4/KLF4/CNOT1/NFKBIA/FNIP1/CARD8/YWHAE/YWHAZ/CD300A/PRKAR1A/ARRB1/ADIPOR1/MDM4/PTPRJ/YWHAG/TPT1/TMEM127/PPP1R15A/LRRK2/FKBP1A/ARID4B/SH3BP1/ARHGAP25/PTPN2/PRMT2/SESN1/MAP2K3/TMEM170B/ATF3/MIDN/IFI6/PIAS1/NR4A2/PLAUR/TMSB4X/SIVA1/RBX1/NAIP/RBBP4/CXCL8/TLE4/YBX3/PPIA/UBE2D3/RAB7A/SOD2/PTCH2/CBL/DDX3X/PLK3/IL1B/CD300LF/NOTCH1/MCL1/NCOA2/DUSP1/LYN/STAT1/SOCS3/TMBIM6/DUSP2/FCGR2B",0.407017918923954
"GO:0019318","hexose metabolic process",53,0.342986403103994,1.39485141373015,0.0399908777851584,0.321096346193114,0.239648070968835,504,"tags=30%, list=15%, signal=26%","HK2/MAN2C1/SELENOS/HK3/MAN2B1/DCXR/PGP/CREB1/SIRT7/PKM/CLK2/GALK1/GPI/G6PD/HECTD4/USP7",0.321775918075361
"GO:1903037","regulation of leukocyte cell-cell adhesion",125,-0.318180050604797,-1.39457773896384,0.0138574319824157,0.193159940221895,0.144163605757111,1048,"tags=48%, list=32%, signal=34%","AP3B1/FOXO3/WNK1/SMARCC2/MIA3/EP300/LGALS1/SIRPB1/ARID2/AIF1/RIPOR2/TMEM131L/SART1/FCHO1/FBXO38/HLA-DMA/LGALS3/MTOR/FYN/NCKAP1L/SOX4/ITGA4/ALOX5/HLA-DMB/DOCK8/IL6ST/CD4/HLA-DRB1/TYK2/PYCARD/CSK/ZBTB16/HMGB1/KLF4/CD300A/PRKAR1A/ANXA1/PSMA6/SMARCC1/PSMB9/TFRC/PSMB1/NFKBIZ/YWHAG/MAP3K8/JAK3/PTPN2/PSMA7/PAG1/B2M/CD55/CBL/IL1B/ACTB/HLA-DRA/CEBPB/LYN/RHOA/HLA-DPB1/HLA-DPA1",0.380730400722792
"GO:1902679","negative regulation of RNA biosynthetic process",309,-0.281472104905052,-1.39420675034097,0.00446434280535158,0.100786316699599,0.0752211810052384,547,"tags=24%, list=17%, signal=22%","ASAH1/TLE3/DDX5/KLF3/ZBTB16/CUX1/HSPA1A/URI1/ZMYM2/RELB/BCL3/EPC1/TRIB1/WDR82/CALR/XRCC6/RPL10/EREG/HMGB1/SET/SFPQ/ZEB2/KLF4/CNOT1/NFKBIA/FNIP1/MIER1/YWHAZ/MDM4/RCOR1/IKZF1/ARID4B/ID2/NFIC/EID1/JDP2/IFI27/ATF3/ATF5/PIAS1/XPO1/MEF2A/RANBP2/LMO4/NR4A2/JARID2/NRIP1/RBX1/KLF10/BTG2/RBBP4/TLE4/YBX3/KHDRBS1/UBE2D3/ETS2/SAP18/PLK3/NOTCH1/RPS14/CREG1/CEBPB/COMMD6/SMARCA5/STAT1/FOSB/ZFP36/LCOR/KLF2/HES4/TMBIM6/PHC2/SDCBP",0.407017918923954
"GO:0048870","cell motility",358,-0.277918701548604,-1.3925457529671,0.0038104591938485,0.0959974313916918,0.0716470290731556,685,"tags=27%, list=21%, signal=24%","HSPA5/BTG1/VAV3/ALOX5/ATP5F1B/DOCK8/CSNK2B/ARHGAP24/STK4/SLC8B1/ARHGEF2/HSP90AA1/VCL/CD4/MDM2/RPS19/SLK/CITED2/PYCARD/CXCR4/PTEN/WAS/RCC2/MSN/CTSH/ARPC5/OGDH/TRIB1/PAFAH1B1/CALR/HMGB1/PPIB/ZEB2/KLF4/SHTN1/ARF4/SH3KBP1/RAP2B/RICTOR/CD300A/CDC42/ANXA1/PSMA6/ADIPOR1/PTPRJ/PSMB1/ARF6/LRRK2/IFITM1/ARID4B/SH3BP1/DOCK2/AIMP1/ROCK1/PSMB6/CCL3/CORO7/PSMA7/S100A11/CLEC7A/MAP2K3/ARPC2/RAC1/IQSEC1/RNH1/CCL3L1/CKLF/LMO4/NR4A2/TMSB4X/ACTG1/C5AR1/RBBP4/CXCL8/BSG/DDT/PPIA/CFL1/SOD2/PFN1/ITGAX/IL1B/ACTB/ACTR3/ARPC3/NOTCH1/RAC2/SRGAP2B/RAB1A/DUSP1/TNFSF12/LCP1/LYN/GLUL/NR4A1/RHOA/SDCBP/RHOB",0.431707695803346
"GO:0006935","chemotaxis",105,-0.32351230905618,-1.39144548734459,0.0281995453654788,0.261486731779244,0.195158841256802,485,"tags=24%, list=15%, signal=21%","CALR/CMTM7/HMGB1/PPIB/ANXA1/PTPRJ/PTPN2/CCL3/RAC1/S100A4/CCL3L1/CKLF/PLAUR/TMSB4X/C5AR1/CXCL8/BSG/DDT/PPIA/NOTCH1/RAC2/DUSP1/LYN/NR4A1/RHOA",0.352487857583619
"GO:0042330","taxis",105,-0.32351230905618,-1.39144548734459,0.0281995453654788,0.261486731779244,0.195158841256802,485,"tags=24%, list=15%, signal=21%","CALR/CMTM7/HMGB1/PPIB/ANXA1/PTPRJ/PTPN2/CCL3/RAC1/S100A4/CCL3L1/CKLF/PLAUR/TMSB4X/C5AR1/CXCL8/BSG/DDT/PPIA/NOTCH1/RAC2/DUSP1/LYN/NR4A1/RHOA",0.352487857583619
"GO:0045934","negative regulation of nucleobase-containing compound metabolic process",381,-0.277092062296851,-1.3904101874307,0.00208881252864568,0.0807870310374794,0.0602948503680188,637,"tags=25%, list=19%, signal=23%","TAF15/BHLHE40/MAX/MDM2/PRKACA/CBX3/CITED2/PPP2CA/SUB1/HHEX/ATF7/FUS/RPS3/ASAH1/TLE3/DDX5/KLF3/ZBTB16/CUX1/HSPA1A/URI1/ZMYM2/RELB/BCL3/EPC1/TRIB1/WDR82/CALR/XRCC6/RPL10/EREG/HMGB1/SET/SFPQ/ZEB2/KLF4/CNOT1/NFKBIA/FNIP1/IKBKE/MIER1/YWHAZ/MDM4/RCOR1/IKZF1/CSDE1/ARID4B/ID2/NFIC/EID1/JDP2/S100A11/IFI27/ATF3/ATF5/RNH1/PIAS1/XPO1/SRSF7/MEF2A/RANBP2/LMO4/NR4A2/NUDT16/JARID2/NRIP1/RBX1/KLF10/BTG2/RBBP4/TLE4/YBX3/KHDRBS1/UBE2D3/HNRNPC/ETS2/SRSF9/SAP18/PLK3/NOTCH1/RPS14/CREG1/PGK1/DUSP1/CEBPB/COMMD6/CDKN1A/SMARCA5/STAT1/FOSB/ZFP36/LCOR/KLF2/HES4/TMBIM6/PHC2/SDCBP",0.431707695803346
"GO:0042110","T cell activation",168,-0.303848122931194,-1.38879381401427,0.0103988966143923,0.16306028105898,0.121698930152008,669,"tags=28%, list=20%, signal=23%","HLA-DMB/DOCK8/IL6ST/MOV10/CD4/HLA-DRB1/TYK2/PYCARD/CSK/ZBTB16/MSN/HMGB1/CD300A/PRKAR1A/ANXA1/PSMA6/SMARCC1/PSMB9/TFRC/PSMB1/NFKBIZ/YWHAG/MAP3K8/JAK3/FKBP1A/PTPN2/PSMA7/CLEC7A/PAG1/B2M/RBX1/GSN/CD55/CBL/IL1B/ACTB/RAC2/HLA-DRA/CEBPB/LCP1/LYN/SOCS3/CLEC2B/RHOA/HLA-DPB1/HLA-DPA1/FCGR2B",0.380730400722792
"GO:0045892","negative regulation of DNA-templated transcription",308,-0.281650258333099,-1.38703866519328,0.004523288926869,0.100983344660019,0.075368231481525,547,"tags=24%, list=17%, signal=22%","ASAH1/TLE3/DDX5/KLF3/ZBTB16/CUX1/HSPA1A/URI1/ZMYM2/RELB/BCL3/EPC1/TRIB1/WDR82/CALR/XRCC6/RPL10/EREG/HMGB1/SET/SFPQ/ZEB2/KLF4/CNOT1/NFKBIA/FNIP1/MIER1/YWHAZ/MDM4/RCOR1/IKZF1/ARID4B/ID2/NFIC/EID1/JDP2/IFI27/ATF3/ATF5/PIAS1/XPO1/MEF2A/RANBP2/LMO4/NR4A2/JARID2/NRIP1/RBX1/KLF10/BTG2/RBBP4/TLE4/YBX3/KHDRBS1/UBE2D3/ETS2/SAP18/PLK3/NOTCH1/RPS14/CREG1/CEBPB/COMMD6/SMARCA5/STAT1/FOSB/ZFP36/LCOR/KLF2/HES4/TMBIM6/PHC2/SDCBP",0.407017918923954
"GO:0023057","negative regulation of signaling",343,-0.276233310373771,-1.38693377008548,0.00436816927917116,0.100786316699599,0.0752211810052384,659,"tags=27%, list=20%, signal=24%","IRAK3/ARHGAP24/UBQLN1/DNAJA1/STK4/FKBP5/IL6ST/ARHGEF2/CDKN2D/MDM2/PRKACA/PPP2CA/STK11/HHEX/PYCARD/CSK/ITPR1/PTEN/MAP3K20/TLE3/EGR1/HSPA1A/URI1/BCL3/TRIB1/PPP1R15B/CALR/MARK3/TLR4/SLC24A4/KLF4/CNOT1/NFKBIA/FNIP1/CARD8/YWHAE/YWHAZ/CD300A/PRKAR1A/ARRB1/ADIPOR1/MDM4/PTPRJ/YWHAG/TPT1/TMEM127/PPP1R15A/LRRK2/FKBP1A/ARID4B/SH3BP1/ARHGAP25/PTPN2/PRMT2/SESN1/MAP2K3/TMEM170B/ATF3/MIDN/IFI6/PIAS1/NR4A2/PLAUR/TMSB4X/SIVA1/RBX1/NAIP/RBBP4/CXCL8/TLE4/YBX3/PPIA/UBE2D3/RAB7A/SOD2/PTCH2/CBL/DDX3X/PLK3/IL1B/CD300LF/NOTCH1/MCL1/NCOA2/DUSP1/LYN/STAT1/SOCS3/TMBIM6/DUSP2/FCGR2B",0.407017918923954
"GO:0032635","interleukin-6 production",53,0.340883781987846,1.38630050905913,0.0436894166299475,0.328206269525293,0.244954513821562,419,"tags=30%, list=13%, signal=27%","SELENOS/TGFB1/IL17RA/MAPKAPK2/CARD9/LILRB4/NOD2/BTK/ARRB2/SIRPA/CAPN2/LGALS9/LAPTM5/TLR2/ELF4/ARID5A",0.321775918075361
"GO:0032675","regulation of interleukin-6 production",53,0.340883781987846,1.38630050905913,0.0436894166299475,0.328206269525293,0.244954513821562,419,"tags=30%, list=13%, signal=27%","SELENOS/TGFB1/IL17RA/MAPKAPK2/CARD9/LILRB4/NOD2/BTK/ARRB2/SIRPA/CAPN2/LGALS9/LAPTM5/TLR2/ELF4/ARID5A",0.321775918075361
"GO:0040012","regulation of locomotion",239,-0.289116788429956,-1.3847258384309,0.0119418115387474,0.177255213434597,0.132293221247752,666,"tags=28%, list=20%, signal=24%","ATP5F1B/DOCK8/CSNK2B/STK4/SLC8B1/ARHGEF2/VCL/MDM2/SLK/CITED2/PYCARD/CXCR4/PTEN/WAS/RCC2/MSN/CTSH/TRIB1/CALR/HMGB1/ZEB2/KLF4/SHTN1/RAP2B/RICTOR/CD300A/CDC42/ANXA1/ADIPOR1/PTPRJ/ARF6/LRRK2/IFITM1/ARID4B/SH3BP1/PTPN2/ROCK1/CCL3/S100A11/CLEC7A/MAP2K3/RAC1/IQSEC1/CCL3L1/LMO4/TMSB4X/ACTG1/C5AR1/RBBP4/CXCL8/BSG/DDT/CFL1/SOD2/PFN1/ITGAX/IL1B/NOTCH1/RAC2/SRGAP2B/DUSP1/LYN/GLUL/RHOA/SDCBP/RHOB",0.380730400722792
"GO:0006260","DNA replication",48,-0.371408935852778,-1.3824562401243,0.0475352112676056,0.339641311069882,0.253488979193402,475,"tags=23%, list=14%, signal=20%","EREG/SET/NFIC/S100A11/UPF1/RBX1/RBBP4/CDKN1B/CDKN1A/SMARCA5/NFIA",0.276500599254472
"GO:0042254","ribosome biogenesis",90,-0.32912267184764,-1.37863914663959,0.0416,0.324527272727273,0.242208719619295,713,"tags=31%, list=22%, signal=25%","NOC2L/RPS3A/FAU/EIF4A3/EIF1AX/RPS19/USP16/ISG20/RPS27A/RPS17/RPL35/RPLP0/EIF5/RPS21/NOP10/NOL7/XPO1/SNU13/NUDT16/RPS16/RPS7/RPS13/DDX3X/RPS24/RPS14/RPS6/RPS25/GLUL",0.282013350011725
"GO:0030036","actin cytoskeleton organization",192,-0.293914643191154,-1.37814326868708,0.0130278794016555,0.188287141247084,0.140526825431276,505,"tags=24%, list=15%, signal=22%","ARPC5/PAFAH1B1/ARAP1/ZEB2/SHTN1/SH3KBP1/RICTOR/CDC42/CYFIP1/ARRB1/ANXA1/TTC17/WASHC2C/ARPC4/WASHC4/ARF6/VASP/SH3BP1/DOCK2/ARHGAP25/COTL1/ROCK1/HSP90B1/CORO7/MTSS1/ARPC2/RAC1/RNH1/CAPZA1/TPM4/TMSB4X/ACTG1/MICAL1/SSH2/GSN/CFL1/PFN1/ACTB/ACTR3/ARPC3/RAC2/CAPZA2/LCP1/RHOA/SDCBP/RHOB",0.380730400722792
"GO:2000145","regulation of cell motility",235,-0.287669729412393,-1.37785023745336,0.0107501780949429,0.163905096540404,0.122329452432464,666,"tags=27%, list=20%, signal=23%","ATP5F1B/DOCK8/CSNK2B/STK4/SLC8B1/ARHGEF2/VCL/MDM2/SLK/CITED2/PYCARD/CXCR4/PTEN/WAS/RCC2/MSN/CTSH/TRIB1/CALR/HMGB1/ZEB2/KLF4/SHTN1/RAP2B/RICTOR/CD300A/CDC42/ANXA1/ADIPOR1/PTPRJ/ARF6/IFITM1/ARID4B/SH3BP1/ROCK1/CCL3/S100A11/CLEC7A/MAP2K3/RAC1/IQSEC1/CCL3L1/LMO4/TMSB4X/ACTG1/C5AR1/RBBP4/CXCL8/BSG/DDT/CFL1/SOD2/PFN1/ITGAX/IL1B/NOTCH1/RAC2/SRGAP2B/DUSP1/LYN/GLUL/RHOA/SDCBP/RHOB",0.380730400722792
"GO:0044087","regulation of cellular component biogenesis",263,-0.280941441940871,-1.37419581701774,0.00722510767435826,0.134833114065496,0.100631776323869,851,"tags=34%, list=26%, signal=28%","STUB1/GNA13/MECP2/LGALS3/MTOR/MYD88/PDLIM5/NCKAP1L/CHMP1B/NEDD8/TMOD3/TMC8/GBP5/EPS8/HNRNPU/EVL/MTPN/HSPA5/SPIDR/ARHGAP24/RAF1/HSP90AA1/VCL/PRKACA/SLK/PPP2CA/ARFGEF1/PYCARD/MPP7/PTEN/RPS3/WAS/RCC2/USP16/GPBAR1/MSN/HSPA1A/ARPC5/ARAP1/TLR4/HMGB1/CNOT1/ARF4/FNIP1/IKBKE/CARD8/CDC42/CYFIP1/WASHC2C/PTPRJ/TFRC/CAPRIN1/ARF6/LRRK2/VASP/COTL1/ROCK1/PUM2/MTSS1/CLEC7A/ARPC2/RAC1/ATG3/SH3GLB1/CAPZA1/NUDT16/TMSB4X/ACTG1/GDI2/RAB10/SSH2/GSN/ABCA1/CFL1/RAB7A/TRAPPC12/PFN1/DDX3X/SEPTIN7/IL1B/ACTR3/ARPC3/NOTCH1/RAC2/SRGAP2B/RPS6/VPS39/CAPZA2/RHOA/SDCBP",0.407017918923954
"GO:0022411","cellular component disassembly",123,-0.313271777340263,-1.37343131465018,0.0256371851498666,0.251427537219763,0.187651229911297,776,"tags=33%, list=24%, signal=26%","PLXNC1/CHMP1B/TMOD3/EPS8/MTPN/PPP1R10/MID1IP1/TAOK1/CTSS/IRAK3/UBQLN1/ARHGEF2/SHISA5/SET/GABARAPL1/WASHC2C/SMARCC1/CTDNEP1/ATP2A2/ARF6/SH3BP1/IQSEC1/CLTC/NEMF/CAPZA1/UPF1/GABARAP/PLAUR/MICAL1/GSN/FLOT1/CFL1/IST1/PLK3/IL1B/MAP1LC3B/VPS39/CALM1/CAPZA2/VAMP8/VMP1",0.352487857583619
"GO:0040013","negative regulation of locomotion",75,-0.335260517357917,-1.37272213254318,0.0414673046251994,0.3244137279225,0.242123976227615,664,"tags=35%, list=20%, signal=28%","CSNK2B/VCL/CITED2/PTEN/WAS/TRIB1/CALR/HMGB1/ZEB2/KLF4/RAP2B/CD300A/ADIPOR1/PTPRJ/IFITM1/ARID4B/PTPN2/RAC1/RBBP4/DDT/CFL1/NOTCH1/SRGAP2B/DUSP1/RHOA/RHOB",0.282013350011725
"GO:0030334","regulation of cell migration",227,-0.288855694308994,-1.37236500312239,0.00893448628668091,0.146978877902764,0.109696684438064,666,"tags=27%, list=20%, signal=23%","ATP5F1B/DOCK8/CSNK2B/STK4/SLC8B1/ARHGEF2/VCL/MDM2/SLK/CITED2/PYCARD/CXCR4/PTEN/RCC2/MSN/CTSH/TRIB1/CALR/HMGB1/ZEB2/KLF4/SHTN1/RAP2B/RICTOR/CD300A/CDC42/ANXA1/ADIPOR1/PTPRJ/ARF6/IFITM1/ARID4B/SH3BP1/ROCK1/CCL3/S100A11/CLEC7A/MAP2K3/RAC1/IQSEC1/CCL3L1/LMO4/TMSB4X/ACTG1/C5AR1/RBBP4/CXCL8/BSG/DDT/SOD2/PFN1/ITGAX/IL1B/NOTCH1/RAC2/SRGAP2B/DUSP1/LYN/GLUL/RHOA/SDCBP/RHOB",0.380730400722792
"GO:1903706","regulation of hemopoiesis",131,-0.305280641296411,-1.37174529682408,0.0292207000360948,0.26569550430171,0.198300029962665,529,"tags=23%, list=16%, signal=20%","ZBTB16/HSPA1A/TRIB1/XRCC6/TLR4/HMGB1/ANXA1/PSMA6/SMARCC1/PSMB9/PSMB1/NFKBIZ/RCOR1/JAK3/ID2/PTPN2/CCL3/PSMA7/CLEC12A/EVI2B/ACTB/HLA-DRA/HLA-B/CEBPB/LYN/STAT1/GLUL/ZFP36/RHOA/FCGR2B",0.352487857583619
"GO:0022407","regulation of cell-cell adhesion",146,-0.299478075648219,-1.37060382702495,0.024696704720945,0.248414473127161,0.185402450047999,1048,"tags=45%, list=32%, signal=32%","AP3B1/FOXO3/WNK1/SMARCC2/EMILIN2/MIA3/EP300/LGALS1/SIRPB1/ARID2/AIF1/RIPOR2/TMEM131L/SART1/FCHO1/FBXO38/HLA-DMA/LGALS3/MTOR/FYN/MAPK14/NCKAP1L/SOX4/ITGA4/ALOX5/HLA-DMB/DOCK8/IL6ST/CD4/CITED2/HLA-DRB1/TYK2/PYCARD/CSK/ZBTB16/HMGB1/KLF4/CD300A/PRKAR1A/ANXA1/PSMA6/SMARCC1/PSMB9/TFRC/PSMB1/NFKBIZ/YWHAG/MAP3K8/JAK3/PTPN2/PSMA7/PAG1/PLAUR/B2M/CD55/FLOT1/CBL/IL1B/ACTB/NOTCH1/HLA-DRA/CEBPB/LYN/RHOA/HLA-DPB1/HLA-DPA1",0.352487857583619
"GO:0009607","response to biotic stimulus",475,-0.264572138176175,-1.3673893691808,0.00268908301793819,0.0948007205389891,0.0707538720791323,641,"tags=25%, list=19%, signal=24%","MOV10/RAF1/ARHGEF2/HSP90AA1/IFNGR2/IFNGR1/DTX3L/RPS19/HLA-DRB1/GTF2F1/PPP2CA/TYK2/CSF2RB/PSME1/PYCARD/MNDA/BNIP3L/SAMD9/SEC61A1/CXCR4/TRIM38/UBE2L6/HSPA1A/URI1/RELB/BCL3/TRIB1/CALR/XRCC6/TLR4/EREG/HMGB1/SERPING1/SFPQ/CCT5/KLF4/ISG20/SEM1/EIF5A/CD68/NFKBIA/IKBKE/CARD8/YWHAE/YWHAZ/CD300A/IFITM2/WDFY1/ANXA1/IFNAR1/IFIT1/PSMA6/SIGLEC10/PSMB9/PTPRJ/PSMB1/NFKBIZ/YWHAG/JAK3/TPT1/CD300E/IFITM1/AKIRIN2/KYNU/PTPN2/COTL1/AIMP1/MARCO/PSMB6/PUM2/HSP90B1/MPEG1/CCL3/PSMA7/CLEC7A/HNRNPUL1/MAP2K3/IFI27/RAC1/TNFRSF1A/HLA-C/IFI6/PLSCR1/FOS/CCL3L1/RPL39/UPF1/TXNIP/B2M/PJA2/FCGR3A/RBX1/NAIP/GSN/CD55/CXCL8/HMGN2/ABCA1/CFL1/NPC2/RAB7A/SOD2/DDX3X/IL1B/CD300LF/NOTCH1/RAB1A/HLA-B/CALM1/CEBPB/IVNS1ABP/FCER1G/SMARCA5/VAMP8/LYN/STAT1/ZFP36/NR4A1/RHOA/HLA-DPA1/FCGR2B",0.431707695803346
"GO:0055085","transmembrane transport",261,-0.281304828896455,-1.36505182330229,0.00863674359921208,0.146398135329854,0.109263251174256,747,"tags=28%, list=23%, signal=24%","TMC8/TMBIM4/RGS2/SHOC2/MFSD1/PML/ATOX1/SLC25A6/HSPA5/CTSS/ATP5F1B/VAMP2/UBQLN1/MCOLN1/SLC8B1/HSP90AA1/SPNS1/CD4/PRKACA/RNASEK/CLIC1/SEC61A1/ITPR1/NDUFB7/COX4I1/ATP6V1F/NDUFC1/NDUFB8/SLC25A37/SLC25A3/SLC24A4/YWHAE/MT-ND6/BCL2A1/ACSL1/ATP2A2/KCNE1/FKBP1A/GSTO1/MPEG1/CCL3/ATP6V0B/TPCN1/MT-ND4L/COX7B/NDUFB1/NDUFB9/NDUFA3/SLC37A2/MICU1/ATP6V0C/ABCA1/ATP5MC2/ATP1A1/IL1B/COX8A/MCL1/TTYH3/NDUFB2/BEST1/SRP14/CALM1/NDUFA2/UQCRH/LYN/SLC2A3/ATP6V0A1/VMP1/MT-ATP8/TMBIM6/LASP1/ATP5MG/SLC20A1/ATP6V0E1",0.380730400722792
"GO:0030001","metal ion transport",131,-0.303768856264487,-1.36495225551446,0.030719161878219,0.272992940186373,0.203746421531775,1071,"tags=40%, list=33%, signal=28%","GNB2/ATF4/ITPR2/WNK1/SLC31A2/TRPV2/SLC8A1/CD63/RAB11B/CALM2/AFG3L2/SLC6A6/ATP13A1/MCUB/TMEM94/LGALS3/GRINA/WWP2/FYN/PER1/TMBIM4/PML/ATOX1/UBQLN1/MCOLN1/SLC8B1/CD4/PRKACA/SEC61A1/ITPR1/CAMK2G/SLC25A37/SLC24A4/YWHAE/TFRC/ATP2A2/TPT1/KCNE1/FKBP1A/GSTO1/CCL3/TPCN1/CLTC/B2M/MICU1/ATP1A1/SGK1/FTL/CALM1/LYN/FTH1/TMBIM6/SLC20A1",0.352487857583619
"GO:0051247","positive regulation of protein metabolic process",225,-0.283016264487042,-1.36487786209002,0.017605647782599,0.212974047625625,0.158951729862445,737,"tags=28%, list=22%, signal=23%","TCF7L2/HNRNPU/IL10RA/TANK/MTPN/RAD23A/HSPA5/UBQLN1/STK4/EIF4A3/RAF1/HSP90AA1/IFNGR1/UBE2L3/MDM2/LTB/STK11/PTEN/AURKAIP1/USP16/PICALM/EGR1/MSN/HSPA1A/LCP2/BCL3/TRIB1/SLC25A37/EREG/KLF4/SUMO2/EIF5A/PRKAR1A/ARRB1/CSDE1/PPP1R15A/LRRK2/MAP2K3/RAC1/TNFRSF1A/PIAS1/GABARAP/PLAUR/RBX1/RBM3/GSN/YBX3/KHDRBS1/PPIA/CFL1/RAB7A/DDX3X/IST1/PLK3/IL1B/RAB1A/CDKN1B/CDKN1A/TNFSF12/LYN/CTSC/KLF2/RHOA",0.352487857583619
"GO:0031667","response to nutrient levels",113,-0.313829585278585,-1.3624558828091,0.0370591716795272,0.307445575323207,0.229459911106552,463,"tags=25%, list=14%, signal=22%","ZEB2/CD68/FNIP1/RICTOR/GABARAPL1/YWHAZ/TFRC/NFKBIZ/YWHAG/ACSL1/LRRK2/KYNU/SESN1/ATF3/SH3GLB1/FOS/GABARAP/BNIP2/KLF10/MICU1/MAT2A/ABCA1/SOD2/CBL/MAP1LC3B/CDKN1A/VAMP8/ZFP36",0.321775918075361
"GO:0030029","actin filament-based process",205,-0.289087326182899,-1.3590812905684,0.0145848234128536,0.195365488252175,0.145809701507349,505,"tags=24%, list=15%, signal=22%","ARPC5/PAFAH1B1/ARAP1/ZEB2/SHTN1/SH3KBP1/RICTOR/CDC42/CYFIP1/ARRB1/ANXA1/TTC17/WASHC2C/ARPC4/WASHC4/ATP2A2/ARF6/KCNE1/VASP/SH3BP1/DOCK2/ARHGAP25/COTL1/ROCK1/HSP90B1/CORO7/MTSS1/ARPC2/RAC1/RNH1/CAPZA1/TPM4/TMSB4X/ACTG1/MICAL1/SSH2/GSN/CFL1/PFN1/ATP1A1/ACTB/ACTR3/ARPC3/RAC2/CAPZA2/LCP1/RHOA/SDCBP/RHOB",0.380730400722792
"GO:0015980","energy derivation by oxidation of organic compounds",139,-0.297393653416337,-1.35709225489478,0.0423989718843038,0.325568381216151,0.242985743848898,633,"tags=26%, list=19%, signal=22%","ADPGK/PRKACA/PPP2CA/COX6A1/PHKB/NDUFB7/COX4I1/UQCRB/NDUFC1/OGDH/NDUFB8/GABARAPL1/MT-ND6/IFNAR1/COX7C/HIGD2A/PUM2/MT-ND4L/ATG3/COX6C/NDUFB11/COX7B/NDUFB1/NDUFB9/NDUFA3/COX8A/NDUFB2/PGK1/UQCRQ/NDUFA2/UQCRH/MT-ATP8/RHOA/ATP5MG/COX7A2/PFKFB3",0.321775918075361
"GO:0051130","positive regulation of cellular component organization",274,-0.277347930587597,-1.35598530013094,0.00641881168993953,0.12583696999633,0.0939175654712897,741,"tags=29%, list=23%, signal=25%","GBP5/RGS2/SHOC2/EPS8/EVL/PML/MAD1L1/PPP1R10/AP2A1/SCARB2/SPIDR/MCOLN1/HSP90AA1/PRKACA/PPP2CA/YME1L1/FCGR2A/PYCARD/MPP7/RPS3/CUX1/HSPA1A/PAFAH1B1/ARAP1/SF3A2/CALR/TLR4/EREG/CCT5/KLF4/CNOT1/SHTN1/FNIP1/CDC42/CYFIP1/ARRB1/ANXA1/WASHC2C/PTPRJ/ANAPC11/TFRC/HNRNPA2B1/CAPRIN1/ARF6/LRRK2/VASP/RAB31/DOCK2/ROCK1/PUM2/MTSS1/CLEC7A/ARPC2/RAC1/IQSEC1/SH3GLB1/KIDINS220/SMC5/PTGES3/PLAUR/B2M/SIVA1/CD53/MICU1/GSN/FLOT1/ABCA1/CFL1/PFN1/CBL/DDX3X/SEPTIN7/IL1B/CD300LF/ACTR3/RAC2/LYN/RHOA/SDCBP/FCGR2B",0.407017918923954
"GO:0048585","negative regulation of response to stimulus",403,-0.265844535900884,-1.35522664398131,0.00436721535481198,0.100786316699599,0.0752211810052384,715,"tags=28%, list=22%, signal=25%","IL10RA/MAD1L1/NOC2L/TANK/PPP1R10/HSPA5/ALOX5/IRAK3/ARHGAP24/UBQLN1/DNAJA1/STK4/FKBP5/IL6ST/ARHGEF2/CDKN2D/MDM2/PRKACA/RPS19/HLA-DRB1/PPP2CA/STK11/HHEX/PYCARD/CSK/ITPR1/PTEN/MAP3K20/RPS3/TLE3/EGR1/HSPA1A/URI1/BCL3/TRIB1/PPP1R15B/CALR/MARK3/TLR4/SLC24A4/SERPING1/KLF4/CNOT1/AOAH/NFKBIA/FNIP1/CARD8/YWHAE/YWHAZ/CD300A/PRKAR1A/ARRB1/ANXA1/SIGLEC10/ADIPOR1/MDM4/PTPRJ/YWHAG/JAK3/TPT1/TMEM127/PPP1R15A/LRRK2/FKBP1A/ARID4B/SH3BP1/ARHGAP25/PTPN2/PRMT2/SESN1/MAP2K3/TMEM170B/ATF3/TNFRSF1A/IFI6/CLEC12A/PIAS1/NR4A2/PLAUR/TMSB4X/SIVA1/RBX1/NAIP/RBBP4/CD55/CXCL8/TLE4/YBX3/DDT/PPIA/UBE2D3/RAB7A/SOD2/PTCH2/CBL/DDX3X/PLK3/IL1B/CD300LF/NOTCH1/MCL1/SAMSN1/NCOA2/DUSP1/HLA-B/LYN/STAT1/SOCS3/TMBIM6/DUSP2/FCGR2B",0.407017918923954
"GO:0051707","response to other organism",462,-0.264402455223105,-1.35520462728777,0.00333941804776596,0.0948007205389891,0.0707538720791323,641,"tags=25%, list=19%, signal=24%","MOV10/RAF1/ARHGEF2/HSP90AA1/IFNGR2/IFNGR1/DTX3L/RPS19/HLA-DRB1/GTF2F1/PPP2CA/TYK2/CSF2RB/PSME1/PYCARD/MNDA/BNIP3L/SAMD9/SEC61A1/CXCR4/TRIM38/UBE2L6/HSPA1A/URI1/RELB/BCL3/TRIB1/CALR/XRCC6/TLR4/EREG/HMGB1/SERPING1/SFPQ/CCT5/ISG20/SEM1/EIF5A/CD68/NFKBIA/IKBKE/CARD8/YWHAE/YWHAZ/CD300A/IFITM2/WDFY1/ANXA1/IFNAR1/IFIT1/PSMA6/SIGLEC10/PSMB9/PSMB1/NFKBIZ/JAK3/TPT1/CD300E/IFITM1/AKIRIN2/KYNU/PTPN2/COTL1/AIMP1/MARCO/PSMB6/PUM2/HSP90B1/MPEG1/CCL3/PSMA7/CLEC7A/HNRNPUL1/MAP2K3/IFI27/RAC1/TNFRSF1A/HLA-C/IFI6/PLSCR1/FOS/CCL3L1/RPL39/UPF1/B2M/PJA2/FCGR3A/RBX1/NAIP/GSN/CD55/CXCL8/HMGN2/ABCA1/CFL1/NPC2/RAB7A/SOD2/DDX3X/IL1B/CD300LF/NOTCH1/RAB1A/HLA-B/CALM1/CEBPB/IVNS1ABP/FCER1G/SMARCA5/VAMP8/LYN/STAT1/ZFP36/NR4A1/RHOA/HLA-DPA1/FCGR2B",0.431707695803346
"GO:0043207","response to external biotic stimulus",463,-0.263852862565996,-1.35390132224895,0.00386831871307844,0.0959974313916918,0.0716470290731556,641,"tags=25%, list=19%, signal=24%","MOV10/RAF1/ARHGEF2/HSP90AA1/IFNGR2/IFNGR1/DTX3L/RPS19/HLA-DRB1/GTF2F1/PPP2CA/TYK2/CSF2RB/PSME1/PYCARD/MNDA/BNIP3L/SAMD9/SEC61A1/CXCR4/TRIM38/UBE2L6/HSPA1A/URI1/RELB/BCL3/TRIB1/CALR/XRCC6/TLR4/EREG/HMGB1/SERPING1/SFPQ/CCT5/ISG20/SEM1/EIF5A/CD68/NFKBIA/IKBKE/CARD8/YWHAE/YWHAZ/CD300A/IFITM2/WDFY1/ANXA1/IFNAR1/IFIT1/PSMA6/SIGLEC10/PSMB9/PSMB1/NFKBIZ/JAK3/TPT1/CD300E/IFITM1/AKIRIN2/KYNU/PTPN2/COTL1/AIMP1/MARCO/PSMB6/PUM2/HSP90B1/MPEG1/CCL3/PSMA7/CLEC7A/HNRNPUL1/MAP2K3/IFI27/RAC1/TNFRSF1A/HLA-C/IFI6/PLSCR1/FOS/CCL3L1/RPL39/UPF1/B2M/PJA2/FCGR3A/RBX1/NAIP/GSN/CD55/CXCL8/HMGN2/ABCA1/CFL1/NPC2/RAB7A/SOD2/DDX3X/IL1B/CD300LF/NOTCH1/RAB1A/HLA-B/CALM1/CEBPB/IVNS1ABP/FCER1G/SMARCA5/VAMP8/LYN/STAT1/ZFP36/NR4A1/RHOA/HLA-DPA1/FCGR2B",0.431707695803346
"GO:0032879","regulation of localization",467,-0.264529186216023,-1.35369003351339,0.00470798824137324,0.101796344179614,0.0759750081355712,744,"tags=27%, list=23%, signal=25%","PER1/PECAM1/CTNNA1/RGS2/TCF7L2/HNRNPU/PML/MAD1L1/UBE2J2/AP2A1/CTSS/ALOX5/SPIDR/VAMP2/UBQLN1/DNAJA1/IL6ST/SLC8B1/BORCS5/HSP90AA1/VCL/UBE2L3/CD4/MDM2/PRKACA/DTX3L/HLA-DRB1/STK11/TYK2/ANP32B/FCGR2A/HHEX/PYCARD/BNIP3L/SHISA5/CSK/PTEN/SNX17/PICALM/CAMK2G/MSN/HSPA1A/ARAP1/CALR/MARK3/TLR4/HMGB1/RIC1/CCT5/NFKBIA/IKBKE/YWHAE/YWHAZ/CD300A/CDC42/BTF3/ARRB1/ANXA1/PTPRJ/TFRC/YWHAG/ACSL1/ARF6/KCNE1/LRRK2/STX7/RAB31/FKBP1A/DOCK2/OTOF/DBI/FRAT1/PTPN2/AIMP1/GSTO1/ROCK1/PUM2/CCL3/CLEC7A/IFI27/RAC1/IQSEC1/MIDN/CLTC/TNFRSF1A/SH3GLB1/PLSCR1/PIAS1/GABARAP/B2M/SIVA1/ACTG1/NUP58/MICAL1/GDI2/UBE2J1/GSN/FLOT1/BSG/HSP90AB1/ABCA1/KHDRBS1/PPIA/CFL1/UBE2D3/RAB7A/TRAPPC12/CBL/ATP1A1/PLK3/IL1B/CD300LF/ACTB/ARPC3/NOTCH1/RAC2/DYNLT1/CALM1/CEBPB/VAMP8/LCP1/LYN/GLUL/ZFP36/VMP1/TMBIM6/SDCBP/FCGR2B",0.407017918923954
"GO:0045596","negative regulation of cell differentiation",130,-0.304175663320924,-1.35328210250331,0.038583619960324,0.31436360178751,0.234623133038963,604,"tags=27%, list=18%, signal=23%","PPP2CA/ANP32B/PTEN/ZBTB16/TRIB1/CALR/TLR4/EREG/HMGB1/NFKBIA/ANXA1/PSMA6/SMARCC1/ADIPOR1/PSMB9/PSMB1/JAK3/ID2/PTPN2/CCL3/PSMA7/CLEC12A/B2M/TMSB4X/RBX1/ABCA1/CFL1/IL1B/ACTB/NOTCH1/DYNLT1/LYN/STAT1/ZFP36/FCGR2B",0.321775918075361
"GO:0040011","locomotion",282,-0.276488624153444,-1.35314894799989,0.0091117913473949,0.147182229646743,0.109848454627138,671,"tags=27%, list=20%, signal=23%","ALOX5/ATP5F1B/DOCK8/CSNK2B/STK4/SLC8B1/ARHGEF2/VCL/CD4/MDM2/RPS19/SLK/CITED2/PYCARD/CXCR4/PTEN/WAS/RCC2/MSN/CTSH/TRIB1/CALR/CMTM7/HMGB1/PPIB/ZEB2/KLF4/SHTN1/RAP2B/RICTOR/CD300A/CDC42/ANXA1/ADIPOR1/PTPRJ/ARF6/LRRK2/IFITM1/ARID4B/SH3BP1/PTPN2/ROCK1/CCL3/S100A11/CLEC7A/MAP2K3/RAC1/IQSEC1/S100A4/CCL3L1/CKLF/LMO4/PLAUR/TMSB4X/ACTG1/C5AR1/RBBP4/CXCL8/BSG/DDT/PPIA/CFL1/SOD2/PFN1/ITGAX/IL1B/NOTCH1/RAC2/SRGAP2B/DUSP1/LYN/GLUL/NR4A1/RHOA/SDCBP/RHOB",0.380730400722792
"GO:0043068","positive regulation of programmed cell death",145,-0.298921330569568,-1.35292348598276,0.0299827622317517,0.270397756709375,0.201809524019716,716,"tags=28%, list=22%, signal=23%","PML/ITGA4/BTG1/DNAJA1/STK4/LTB/PYCARD/MNDA/BNIP3L/ITPR1/MAP3K20/RPS3/CTSH/TLR4/HMGB1/SFPQ/EIF5A/FNIP1/BCL2A1/ANXA1/LRRK2/PTPN2/CCL3/ATF3/TNFRSF1A/TXNIP/GSN/RPS7/BAG1/SOD2/STK17B/SAP18/DDX3X/NOTCH1/MCL1/DUSP1/RPS6/TNFSF12/LYN/G0S2/RHOB",0.352487857583619
"GO:0060284","regulation of cell development",204,-0.284241860907584,-1.3526262837515,0.022010408015874,0.233361314330464,0.174167627508329,632,"tags=25%, list=19%, signal=21%","BHLHE40/VCL/CD4/RPS19/HLA-DRB1/CXCR4/PTEN/ZBTB16/CUX1/HSPA1A/TRIB1/PAFAH1B1/XRCC6/TLR4/HMGB1/SHTN1/ANXA1/PSMA6/SMARCC1/PSMB9/PSMB1/NFKBIZ/RCOR1/CAPRIN1/JAK3/LRRK2/ID2/PTPN2/ROCK1/CCL3/PSMA7/CLEC7A/TNFRSF1A/CLEC12A/EVI2B/B2M/CFL1/IL1B/ACTB/NOTCH1/HLA-DRA/HLA-B/DYNLT1/CEBPB/LYN/STAT1/GLUL/ZFP36/RHOA/FCGR2B",0.352487857583619
"GO:0043254","regulation of protein-containing complex assembly",129,-0.305254687217107,-1.34394954766254,0.0254779479750227,0.250761452112589,0.187154101828315,851,"tags=38%, list=26%, signal=29%","STUB1/MECP2/LGALS3/MYD88/NCKAP1L/TMOD3/TMC8/GBP5/EPS8/EVL/MTPN/HSPA5/SPIDR/RAF1/HSP90AA1/PPP2CA/ARFGEF1/PYCARD/MPP7/RPS3/HSPA1A/ARPC5/TLR4/HMGB1/FNIP1/IKBKE/CARD8/CDC42/CYFIP1/WASHC2C/TFRC/ARF6/LRRK2/VASP/COTL1/CLEC7A/SH3GLB1/CAPZA1/TMSB4X/SSH2/GSN/ABCA1/CFL1/TRAPPC12/PFN1/DDX3X/ARPC3/VPS39/CAPZA2",0.352487857583619
"GO:1903047","mitotic cell cycle process",183,-0.290038130643372,-1.34373347647129,0.0166164536504374,0.206465075674666,0.154093802979965,604,"tags=24%, list=18%, signal=21%","PPP2CA/CHFR/PSME1/PTEN/MAP3K20/RCC2/USP16/SEPTIN6/HSPA1A/PAFAH1B1/MARK3/EREG/KLF4/ANKLE2/PSMA6/EXOC4/SMARCC1/ANAPC11/CTDNEP1/PSMB1/ARF6/ID2/ROCK1/PSMB6/PRMT2/PSMA7/CLTC/PIAS1/RBX1/KHDRBS1/CFL1/DDX3X/IST1/PLK3/IL1B/ACTB/DUSP1/NABP1/DYNLT1/CDKN1B/CDKN1A/SMARCA5/RHOA/RHOB",0.352487857583619
"GO:0032940","secretion by cell",169,-0.292675475318368,-1.34191699635123,0.0208484114250045,0.223891481966654,0.16709988262337,671,"tags=27%, list=20%, signal=23%","ALOX5/VAMP2/IL6ST/SLC8B1/PRKACA/HLA-DRB1/ARFGEF1/SNAP23/STX11/CAMK2G/AP1B1/TLR4/RIC1/CD300A/ANXA1/EXOC4/NFKBIZ/ARF6/LRRK2/RAB31/OTOF/AIMP1/CCL3/RAC1/MIDN/TNFRSF1A/CKLF/FCGR3A/MICAL1/RAB10/TMEM258/BSG/ABCA1/PPIA/RAB7A/CBL/IL1B/NOTCH1/RAC2/RAB1A/BEST1/FCER1G/VAMP8/LYN/SDCBP/FCGR2B",0.352487857583619
"GO:0007159","leukocyte cell-cell adhesion",146,-0.292449553769647,-1.33843680122766,0.0330198877369071,0.283012191623395,0.211224221599889,922,"tags=39%, list=28%, signal=29%","ARID2/AIF1/RIPOR2/TMEM131L/SART1/FCHO1/FBXO38/HLA-DMA/LGALS3/MTOR/FYN/NCKAP1L/SOX4/PECAM1/ITGA4/ALOX5/HLA-DMB/DOCK8/IL6ST/CD4/HLA-DRB1/TYK2/PYCARD/CSK/ZBTB16/MSN/HMGB1/KLF4/CD300A/PRKAR1A/ANXA1/PSMA6/SMARCC1/PSMB9/TFRC/PSMB1/NFKBIZ/YWHAG/MAP3K8/JAK3/PTPN2/ROCK1/PSMA7/PAG1/B2M/CD55/CBL/ITGAX/IL1B/ACTB/RAC2/HLA-DRA/CEBPB/LYN/RHOA/HLA-DPB1/HLA-DPA1",0.321775918075361
"GO:0051050","positive regulation of transport",197,-0.284392792874599,-1.33752162859114,0.0286834364088342,0.263427145079127,0.196607055506862,687,"tags=27%, list=21%, signal=23%","AP2A1/CTSS/VAMP2/BORCS5/HSP90AA1/CD4/MDM2/PRKACA/HLA-DRB1/STK11/ANP32B/FCGR2A/PYCARD/MSN/ARAP1/CALR/TLR4/YWHAE/CDC42/ARRB1/ANXA1/PTPRJ/ACSL1/ARF6/KCNE1/LRRK2/RAB31/DOCK2/DBI/AIMP1/GSTO1/CCL3/CLEC7A/RAC1/B2M/SIVA1/FLOT1/BSG/ABCA1/KHDRBS1/PPIA/RAB7A/CBL/PLK3/IL1B/CD300LF/ACTB/DYNLT1/CEBPB/VAMP8/VMP1/SDCBP/FCGR2B",0.352487857583619
"GO:0051253","negative regulation of RNA metabolic process",353,-0.265946841293295,-1.33621773313848,0.00830154526667581,0.142475270639324,0.106335447831418,637,"tags=25%, list=19%, signal=23%","TAF15/BHLHE40/MAX/MDM2/CBX3/CITED2/HHEX/ATF7/FUS/ASAH1/TLE3/DDX5/KLF3/ZBTB16/CUX1/HSPA1A/URI1/ZMYM2/RELB/BCL3/EPC1/TRIB1/WDR82/CALR/XRCC6/RPL10/EREG/HMGB1/SET/SFPQ/ZEB2/KLF4/CNOT1/NFKBIA/FNIP1/IKBKE/MIER1/YWHAZ/MDM4/RCOR1/IKZF1/CSDE1/ARID4B/ID2/NFIC/EID1/JDP2/IFI27/ATF3/ATF5/RNH1/PIAS1/XPO1/SRSF7/MEF2A/RANBP2/LMO4/NR4A2/NUDT16/JARID2/NRIP1/RBX1/KLF10/BTG2/RBBP4/TLE4/YBX3/KHDRBS1/UBE2D3/HNRNPC/ETS2/SRSF9/SAP18/PLK3/NOTCH1/RPS14/CREG1/CEBPB/COMMD6/SMARCA5/STAT1/FOSB/ZFP36/LCOR/KLF2/HES4/TMBIM6/PHC2/SDCBP",0.380730400722792
"GO:0002366","leukocyte activation involved in immune response",113,-0.307447493606014,-1.33474874890009,0.0466237942122186,0.33866887926909,0.25276321134219,425,"tags=21%, list=13%, signal=19%","CD300A/ANXA1/PSMA6/PSMB9/TFRC/PSMB1/NFKBIZ/JAK3/DOCK2/CCL3/PSMA7/FCGR3A/ST3GAL1/CBL/JMJD1C/IL1B/RAC2/HLA-DRA/FCER1G/VAMP8/LCP1/LYN/SOCS3/FCGR2B",0.266350657088526
"GO:0009888","tissue development",253,-0.275336774740156,-1.33417497949663,0.0160214151482514,0.201811036683938,0.150620292678259,743,"tags=30%, list=23%, signal=26%","PECAM1/RGS2/TCF7L2/ITGA4/MTPN/SPTLC2/BTG1/ALOX5/CSNK2B/ARHGAP24/IL6ST/VCL/NME2/CITED2/HLA-DRB1/MARCKS/PPP2CA/VPS13B/PTEN/WAS/ASAH1/DDX5/ZBTB16/EGR1/MSN/CTSH/PAFAH1B1/CALR/EREG/SLC24A4/ZEB2/KLF4/CDC42/ANXA1/ADIPOR1/MDM4/NFKBIZ/IKZF1/ATP2A2/TPT1/TAGLN/VASP/FKBP1A/SH3BP1/EDF1/ID2/ROCK1/PUM2/CCL3/MTSS1/TNFRSF1A/S100A4/TPP1/ATG4B/LMO4/TXNIP/RBX1/ACTG1/RAB10/LTA4H/BSG/ITGAX/IL1B/ACTB/NOTCH1/NCOA2/PGK1/DUSP1/SRGN/CEBPB/STAT1/ZFP36/NFIA/RHOA/SDCBP/DUSP2/RHOB",0.352487857583619
"GO:0051174","regulation of phosphorus metabolic process",157,-0.285491216065622,-1.33376655963999,0.0412728151698824,0.3244137279225,0.242123976227615,723,"tags=27%, list=22%, signal=22%","HNRNPU/IL10RA/SMG7/PDPR/DNAJA1/STK4/RAF1/PRKACA/PPP2CA/LTB/STK11/PYCARD/PTEN/LCP2/URI1/TRIB1/PPP1R15B/EREG/RAP2B/ANKLE2/CD300A/PRKAR1A/ARRB1/PTPRJ/YWHAG/PTPN2/MAP2K3/RAC1/MIDN/TNFRSF1A/LMO4/PLAUR/TMSB4X/ME2/PPIA/SAMSN1/PGK1/CDKN1B/CDKN1A/LYN/RHOA/SDCBP",0.321775918075361
"GO:0098609","cell-cell adhesion",210,-0.279972260298802,-1.33332071055394,0.0237794181100212,0.24411071857298,0.182190372149696,922,"tags=37%, list=28%, signal=28%","ARID2/AIF1/RIPOR2/TMEM131L/SART1/FCHO1/FBXO38/LPP/HLA-DMA/LGALS3/MTOR/CSTA/PDLIM5/FYN/MAPK14/NCKAP1L/SOX4/TMOD3/PECAM1/CTNNA1/ITGA4/ALOX5/HLA-DMB/DOCK8/IL6ST/VCL/CD4/CITED2/HLA-DRB1/TYK2/CLIC1/PYCARD/CSK/ZBTB16/MSN/HMGB1/KLF4/RAP2B/CD300A/PRKAR1A/ANXA1/PSMA6/SMARCC1/PSMB9/TFRC/PSMB1/NFKBIZ/YWHAG/MAP3K8/MYL12A/JAK3/PTPN2/ROCK1/PSMA7/S100A11/PAG1/PLAUR/B2M/ACTG1/RAB10/CD55/FLOT1/BSG/PPIA/CBL/ITGAX/IL1B/ACTB/NOTCH1/RAC2/HLA-DRA/CEBPB/LYN/VMP1/RHOA/HLA-DPB1/HLA-DPA1",0.352487857583619
"GO:0034330","cell junction organization",144,-0.295662768240347,-1.33233823303789,0.027938034898411,0.261486731779244,0.195158841256802,640,"tags=26%, list=19%, signal=22%","RAF1/VCL/PRKACA/SLK/MPP7/CSK/PTEN/RCC2/GPBAR1/PAFAH1B1/ARF4/YWHAZ/CDC42/CYFIP1/PTPRJ/CAPRIN1/ARF6/LRRK2/SH3BP1/ROCK1/PUM2/MTSS1/RAC1/IQSEC1/CAPZA1/ACTG1/C5AR1/FLOT1/CFL1/PFN1/IL1B/ACTB/SRGAP2B/RPS6/VMP1/RHOA/RHOB/FCGR2B",0.352487857583619
"GO:1901698","response to nitrogen compound",231,-0.277197372957872,-1.32716703565043,0.0208830131881619,0.223891481966654,0.16709988262337,812,"tags=32%, list=25%, signal=26%","MYD88/SRSF6/FYN/MAPK14/GNA15/IFIH1/NONO/NEDD8/AHR/PER1/CTNNA1/RGS2/SHOC2/ITGA4/BTG1/SPIDR/IRAK3/VAMP2/RAF1/ARHGEF2/HSP90AA1/CD4/MDM2/PRKACA/TYK2/TCF12/CSK/ITPR1/KLF3/EGR1/TLR4/EREG/SLC24A4/TXN/KLF4/PRKAR1A/IFIT1/ADIPOR1/PTPRJ/NFKBIZ/YWHAG/JAK3/KCNE1/LRRK2/RAB31/KYNU/PTPN2/ROCK1/HSP90B1/SESN1/FOS/RANBP2/NR4A2/RBX1/BTG2/RAB10/LTA4H/BSG/MAT2A/CFL1/IL1B/ACTB/NOTCH1/NCOA2/DUSP1/RPS6/LYN/STAT1/FOSB/NR4A1/KLF2/TMBIM6/FCGR2B",0.352487857583619
"GO:0030335","positive regulation of cell migration",146,-0.289946179670817,-1.32697975512201,0.0354657621572014,0.298228644148393,0.22258091730147,685,"tags=27%, list=21%, signal=22%","HSPA5/ATP5F1B/DOCK8/STK4/ARHGEF2/MDM2/PYCARD/CXCR4/CTSH/CALR/HMGB1/SHTN1/RICTOR/CDC42/ANXA1/PTPRJ/ARF6/CCL3/S100A11/CLEC7A/MAP2K3/RAC1/IQSEC1/CCL3L1/TMSB4X/ACTG1/C5AR1/CXCL8/BSG/SOD2/PFN1/ITGAX/IL1B/NOTCH1/RAC2/LYN/RHOA/SDCBP/RHOB",0.321775918075361
"GO:0051049","regulation of transport",363,-0.264893841474484,-1.32692272866354,0.0143100484820557,0.194531649166955,0.145187371385439,687,"tags=25%, list=21%, signal=22%","AP2A1/CTSS/ALOX5/VAMP2/UBQLN1/DNAJA1/IL6ST/SLC8B1/BORCS5/HSP90AA1/CD4/MDM2/PRKACA/HLA-DRB1/STK11/ANP32B/FCGR2A/HHEX/PYCARD/SHISA5/CSK/PTEN/SNX17/PICALM/CAMK2G/MSN/HSPA1A/ARAP1/CALR/TLR4/HMGB1/RIC1/NFKBIA/YWHAE/CD300A/CDC42/ARRB1/ANXA1/PTPRJ/ACSL1/ARF6/KCNE1/LRRK2/RAB31/FKBP1A/DOCK2/OTOF/DBI/FRAT1/AIMP1/GSTO1/ROCK1/CCL3/CLEC7A/IFI27/RAC1/IQSEC1/MIDN/TNFRSF1A/PLSCR1/B2M/SIVA1/ACTG1/NUP58/MICAL1/UBE2J1/FLOT1/BSG/ABCA1/KHDRBS1/PPIA/RAB7A/CBL/ATP1A1/PLK3/IL1B/CD300LF/ACTB/ARPC3/NOTCH1/RAC2/DYNLT1/CALM1/CEBPB/VAMP8/LCP1/LYN/VMP1/TMBIM6/SDCBP/FCGR2B",0.380730400722792
"GO:0043933","protein-containing complex organization",468,-0.257332504833313,-1.32404311794756,0.00846028906540069,0.144297849525406,0.107695717169317,854,"tags=32%, list=26%, signal=28%","PRPF8/HLA-DMA/STUB1/CLTA/EIF3L/MECP2/DBNL/LGALS3/U2AF2/PUF60/MYD88/SRSF6/EIF3B/MSRB1/ADAR/COA1/NCKAP1L/CHMP1B/IFIH1/TMOD3/TMC8/GBP5/EPS8/EVL/PML/MTPN/PPP1R10/SCAF11/MID1IP1/TAOK1/HSPA5/FAU/NUP98/HLA-DMB/CSNK2B/SPIDR/IRAK3/VAMP2/UBQLN1/STK4/MCOLN1/RAF1/ARHGEF2/HSP90AA1/MDM2/PRKACA/RPS19/HLA-DRB1/PPP2CA/ARFGEF1/YME1L1/SNAP23/BAZ2A/PYCARD/MPP7/LSM7/SHISA5/ITPR1/EIF2S3/FUS/RPS3/WAS/USP16/PICALM/HSPA1A/ARPC5/SF3A2/CALR/TLR4/HMGB1/SET/DNAJB14/SEM1/CELF2/FNIP1/IKBKE/CARD8/GABARAPL1/MT-ND6/CDC42/CYFIP1/EIF3F/TTC17/WASHC2C/GAS7/SMARCC1/SF3B1/MDM4/ARPC4/TFRC/NFKBIZ/EIF5/ATP2A2/ARF6/EIF3H/LRRK2/VASP/SH3BP1/HIGD2A/COTL1/CHD2/CORO7/AGO1/CLEC7A/ARPC2/PET100/RAC1/CLTC/SH3GLB1/NEMF/CAPZA1/PIAS1/UPF1/SNU13/GABARAP/PTGES3/B2M/TMSB4X/MICAL1/MICU1/SSH2/GSN/LUC7L2/HSP90AB1/MAT2A/ABCA1/CFL1/SOD2/TRAPPC12/SRSF9/PFN1/DDX3X/IST1/ACTB/ARPC3/PDIA3/MAP1LC3B/RPS14/HLA-DRA/BEST1/SRP14/RPS6/VPS39/CALM1/CAPZA2/SMARCA5/VAMP8/NR4A1/VMP1/HLA-DPB1/HLA-DPA1",0.380730400722792
"GO:2000147","positive regulation of cell motility",150,-0.288940141569702,-1.3236700050395,0.0443425076452599,0.328206269525293,0.244954513821562,685,"tags=27%, list=21%, signal=22%","HSPA5/ATP5F1B/DOCK8/STK4/ARHGEF2/MDM2/PYCARD/CXCR4/CTSH/CALR/HMGB1/SHTN1/RICTOR/CDC42/ANXA1/PTPRJ/ARF6/CCL3/S100A11/CLEC7A/MAP2K3/RAC1/IQSEC1/CCL3L1/TMSB4X/ACTG1/C5AR1/CXCL8/BSG/CFL1/SOD2/PFN1/ITGAX/IL1B/NOTCH1/RAC2/LYN/RHOA/SDCBP/RHOB",0.266350657088526
"GO:0008284","positive regulation of cell population proliferation",168,-0.289375949563019,-1.32264607989246,0.0499243570347958,0.350394439565553,0.261514503405744,900,"tags=35%, list=27%, signal=27%","HCK/HIF1A/IL10RB/POR/RPS15A/JUN/MYD88/SRSF6/RPS4X/NCKAP1L/CNBP/SOX4/NEAT1/TCF7L2/HNRNPU/PML/IL10RA/ITGA4/VAV3/HLA-DMB/IL6ST/CD4/MDM2/NME2/TYK2/CSF2RB/PYCARD/PTEN/GPBAR1/EGR1/SASH3/CALR/EREG/HMGB1/RICTOR/CDC42/ANXA1/SMARCC1/TFRC/ID2/CLEC7A/ATF3/FCGR3A/C5AR1/CD55/ITGAX/IL1B/ACTB/NOTCH1/RPS6/NAMPT/CDKN1A/TNFSF12/LYN/STAT1/NR4A1/SDCBP/HLA-DPB1/HLA-DPA1",0.248911114434702
"GO:0048646","anatomical structure formation involved in morphogenesis",223,-0.275504401942098,-1.32263501701218,0.0264654591204567,0.258452331151794,0.192894137016046,508,"tags=22%, list=15%, signal=20%","RPL15/PAFAH1B1/RPL10/EREG/HMGB1/SLC24A4/KLF4/CNOT1/YWHAZ/ANXA1/RPL8/RPL35/PTPRJ/RPLP0/VASP/FKBP1A/DOCK2/AIMP1/ROCK1/RPL23A/AGO1/RPL6/RPLP2/RNH1/RPL39/TPM4/LMO4/RPL24/ACTG1/C5AR1/CD53/CXCL8/BSG/ITGAX/IL1B/RPLP1/RPL27A/NOTCH1/RPL9/PGK1/DUSP1/TNFSF12/STAT1/GLUL/NR4A1/KLF2/RHOA/DUSP2/RHOB",0.352487857583619
"GO:0045595","regulation of cell differentiation",324,-0.263948662164016,-1.32192300517583,0.0225548817582489,0.237301552904795,0.177108397731007,644,"tags=24%, list=20%, signal=22%","IL6ST/RAF1/ARHGEF2/BHLHE40/VCL/CD4/MDM2/PRKACA/NME2/RPS19/HLA-DRB1/PPP2CA/ANP32B/TCF12/CXCR4/PTEN/DDX5/ZBTB16/CUX1/HSPA1A/TRIB1/PAFAH1B1/CALR/XRCC6/TLR4/EREG/HMGB1/ZEB2/KLF4/SHTN1/NFKBIA/FNIP1/ANXA1/PSMA6/SMARCC1/ADIPOR1/PSMB9/PSMB1/NFKBIZ/RCOR1/YWHAG/CAPRIN1/CEBPD/JAK3/LRRK2/IFITM1/AKIRIN2/ID2/PTPN2/ROCK1/CCL3/PSMA7/CLEC7A/TNFRSF1A/CLEC12A/EVI2B/PIAS1/B2M/TMSB4X/PTBP3/RBX1/RBBP4/HSP90AB1/ABCA1/CFL1/IL1B/ACTB/NOTCH1/HLA-DRA/HLA-B/DYNLT1/CEBPB/LYN/STAT1/GLUL/ZFP36/RHOA/SDCBP/FCGR2B",0.352487857583619
"GO:0002443","leukocyte mediated immunity",111,-0.300466747583338,-1.32152459520565,0.0446841294298921,0.329845751114204,0.246178129738808,609,"tags=26%, list=19%, signal=22%","HLA-DRB1/SNAP23/CSF2RB/FCGR2A/WAS/CTSH/HMGB1/CD300A/TFRC/NFKBIZ/YWHAG/JAK3/STX7/CCL3/CLEC7A/HLA-C/B2M/FCGR3A/CD55/CBL/IL1B/RAC2/HLA-DRA/HLA-B/FCER1G/VAMP8/LYN/CTSC/FCGR2B",0.266350657088526
"GO:0007267","cell-cell signaling",181,-0.278334034218339,-1.31680869273895,0.0408466946592789,0.3244137279225,0.242123976227615,671,"tags=26%, list=20%, signal=22%","ALOX5/LNPEP/VAMP2/EIF4A3/IL6ST/SLC8B1/MDM2/PRKACA/HLA-DRB1/LTB/SNAP23/STX11/ITPR1/PTEN/CAMK2G/PAFAH1B1/EREG/CD68/SH3KBP1/PRKAR1A/CYFIP1/ANXA1/EXOC4/YWHAG/LRRK2/OTOF/AIMP1/CCL3/RAC1/MIDN/GABARAP/EIF4EBP2/KLF10/FLOT1/ABCA1/CFL1/PFN1/IL1B/NOTCH1/RAB1A/BEST1/NAMPT/CALM1/FCER1G/VAMP8/LYN/SDCBP",0.321775918075361
"GO:0040017","positive regulation of locomotion",151,-0.288301400235962,-1.30970869551813,0.0491071428571429,0.347546944035346,0.259389294511289,685,"tags=26%, list=21%, signal=22%","HSPA5/ATP5F1B/DOCK8/STK4/ARHGEF2/MDM2/PYCARD/CXCR4/CTSH/CALR/HMGB1/SHTN1/RICTOR/CDC42/ANXA1/PTPRJ/ARF6/CCL3/S100A11/CLEC7A/MAP2K3/RAC1/IQSEC1/CCL3L1/TMSB4X/ACTG1/C5AR1/CXCL8/BSG/CFL1/SOD2/PFN1/ITGAX/IL1B/NOTCH1/RAC2/LYN/RHOA/SDCBP/RHOB",0.248911114434702
"GO:0016477","cell migration",331,-0.262700441795325,-1.30748336324151,0.0156081121165453,0.200279793794548,0.149477459977179,743,"tags=28%, list=23%, signal=24%","PECAM1/CTNNA1/EPS8/EVL/PML/ITGA4/HSPA5/BTG1/VAV3/ALOX5/ATP5F1B/DOCK8/CSNK2B/ARHGAP24/STK4/SLC8B1/ARHGEF2/HSP90AA1/VCL/CD4/MDM2/RPS19/SLK/CITED2/PYCARD/CXCR4/PTEN/RCC2/MSN/CTSH/ARPC5/OGDH/TRIB1/PAFAH1B1/CALR/HMGB1/PPIB/ZEB2/KLF4/SHTN1/ARF4/SH3KBP1/RAP2B/RICTOR/CD300A/CDC42/ANXA1/ADIPOR1/PTPRJ/ARF6/LRRK2/IFITM1/ARID4B/SH3BP1/DOCK2/AIMP1/ROCK1/CCL3/CORO7/S100A11/CLEC7A/MAP2K3/RAC1/IQSEC1/RNH1/CCL3L1/CKLF/LMO4/NR4A2/TMSB4X/ACTG1/C5AR1/RBBP4/CXCL8/BSG/DDT/PPIA/SOD2/PFN1/ITGAX/IL1B/NOTCH1/RAC2/SRGAP2B/RAB1A/DUSP1/TNFSF12/LCP1/LYN/GLUL/NR4A1/RHOA/SDCBP/RHOB",0.380730400722792
"GO:0071345","cellular response to cytokine stimulus",256,-0.26927765470845,-1.30601114358688,0.0279521306646997,0.261486731779244,0.195158841256802,665,"tags=26%, list=20%, signal=23%","DOCK8/CSNK2B/IRAK3/IL6ST/RAF1/ARHGEF2/IFNGR2/IFNGR1/CD4/PRKACA/TYK2/CSF2RB/PSME1/PYCARD/MNDA/CXCR4/ASAH1/EGR1/HSPA1A/TLR4/EREG/SEM1/EIF5A/NFKBIA/IKBKE/CARD8/IFITM2/IFNAR1/IFIT1/PSMA6/ADIPOR1/PTPRJ/PSMB1/NFKBIZ/JAK3/IFITM1/PTPN2/PSMB6/TXNDC17/CCL3/PSMA7/IFI27/TNFRSF1A/FOS/CCL3L1/UPF1/TMSB4X/NAIP/CXCL8/ABCA1/YBX3/CFL1/CBL/IL1B/CD300LF/NOTCH1/DUSP1/CALM1/CEBPB/FCER1G/LYN/STAT1/ZFP36/SOCS3/KLF2/RHOA/HLA-DPA1",0.352487857583619
"GO:0030097","hemopoiesis",255,-0.269860746689067,-1.30334978255143,0.0246899992333098,0.248414473127161,0.185402450047999,538,"tags=20%, list=16%, signal=18%","KLF3/ZBTB16/PICALM/HSPA1A/RELB/TRIB1/XRCC6/TLR4/HMGB1/KLF4/FNIP1/CDC42/LBR/ANXA1/PSMA6/SMARCC1/PSMB9/PTPRJ/TFRC/PSMB1/NFKBIZ/RCOR1/IKZF1/JAK3/ID2/PTPN2/CCL3/PSMA7/FOS/CLEC12A/EVI2B/TPM4/TMSB4X/PTBP3/ST3GAL1/JMJD1C/IL1B/ACTB/NOTCH1/RPS14/HLA-DRA/HLA-B/CEBPB/LYN/STAT1/GLUL/ZFP36/SOCS3/RHOA/KLF6/FCGR2B",0.352487857583619
"GO:0003008","system process",284,-0.260820781469219,-1.28408436432205,0.0341210446233689,0.290081698253161,0.216500499722051,524,"tags=23%, list=16%, signal=21%","PICALM/EGR1/CAMK2G/RPL15/PAFAH1B1/RPL10/TLR4/SLC24A4/SERPING1/ZEB2/KLF4/CELF2/YWHAE/YWHAZ/CDC42/PRKAR1A/CYFIP1/ARRB1/RPL8/RPL35/PTPRJ/TFRC/RPLP0/ATP2A2/KCNE1/LRRK2/FKBP1A/OTOF/ID2/GSTO1/ROCK1/RPL23A/CCL3/RPL6/RPLP2/TNFRSF1A/TPP1/FOS/RPL39/PIAS1/TPM4/MEF2A/EIF4EBP2/RPL24/B2M/NDUFB9/PJA2/C5AR1/GSN/SOD2/ITGAX/ATP1A1/IL1B/RPLP1/RPL27A/NOTCH1/RPL9/SGK1/HLA-DRA/BEST1/CALM1/CEBPB/SLC2A3/KLF2",0.321775918075361
"GO:0051246","regulation of protein metabolic process",441,-0.246248043942521,-1.26088835117391,0.03195973856232,0.279272958506067,0.208433470430982,839,"tags=31%, list=26%, signal=26%","SH3BGRL/U2AF2/EIF4A2/MTOR/CSTA/YEATS2/MYD88/EIF3B/RPS4X/ADAR/PSMD7/CNBP/NUB1/TNRC6A/NEDD8/RGS2/TCF7L2/HNRNPU/RTN3/PML/IL10RA/TANK/MTPN/RAD23A/HSPA5/TM9SF2/CSNK2B/IRAK3/UBQLN1/DNAJA1/STK4/EIF4A3/RAF1/HSP90AA1/IFNGR1/UBE2L3/MDM2/PRKACA/DTX3L/ITM2B/LTB/STK11/PSME1/HHEX/PYCARD/EIF2S3/PTEN/MAP3K20/RPS3/AURKAIP1/USP16/TMF1/PICALM/EGR1/MSN/HSPA1A/LCP2/BCL3/TRIB1/PPP1R15B/SLC25A37/CALR/RPL10/EREG/RIC1/KLF4/SUMO2/SEM1/EIF4G2/CNOT1/EIF5A/RAP2B/CD300A/PRKAR1A/CYFIP1/ARRB1/PSMA6/MDM4/PTPRJ/PSMB1/YWHAG/CAPRIN1/EIF5/JAK3/CSDE1/EIF3H/SPOPL/PPP1R15A/LRRK2/FKBP1A/PTPN2/ROCK1/CSTB/PSMB6/PUM2/AGO1/PSMA7/MAP2K3/EEF1A1/RAC1/TNFRSF1A/PIAS1/XPO1/UPF1/GABARAP/EIF4EBP2/PLAUR/RBX1/RBM3/EIF4E3/BTG2/GSN/RPS7/HSP90AB1/YBX3/KHDRBS1/PPIA/CFL1/RAB7A/DDX3X/IST1/PLK3/IL1B/SAMSN1/RAB1A/EIF1/CDKN1B/IVNS1ABP/CDKN1A/TNFSF12/LYN/CTSC/ZFP36/KLF2/RHOA",0.321775918075361
"GO:0065003","protein-containing complex assembly",418,-0.245242007550634,-1.25044690179149,0.038563829787234,0.31436360178751,0.234623133038963,854,"tags=32%, list=26%, signal=27%","PRPF8/HLA-DMA/STUB1/CLTA/EIF3L/MECP2/DBNL/LGALS3/U2AF2/PUF60/MYD88/SRSF6/EIF3B/MSRB1/ADAR/COA1/NCKAP1L/IFIH1/TMOD3/TMC8/GBP5/EPS8/EVL/PML/MTPN/SCAF11/MID1IP1/HSPA5/FAU/NUP98/HLA-DMB/CSNK2B/SPIDR/VAMP2/STK4/MCOLN1/RAF1/HSP90AA1/MDM2/PRKACA/RPS19/HLA-DRB1/PPP2CA/ARFGEF1/YME1L1/SNAP23/BAZ2A/PYCARD/MPP7/LSM7/ITPR1/EIF2S3/FUS/RPS3/WAS/USP16/PICALM/HSPA1A/ARPC5/SF3A2/CALR/TLR4/HMGB1/SET/DNAJB14/SEM1/CELF2/FNIP1/IKBKE/CARD8/MT-ND6/CDC42/CYFIP1/EIF3F/TTC17/WASHC2C/GAS7/SF3B1/MDM4/ARPC4/TFRC/NFKBIZ/EIF5/ARF6/EIF3H/LRRK2/VASP/HIGD2A/COTL1/CORO7/AGO1/CLEC7A/ARPC2/PET100/RAC1/CLTC/SH3GLB1/NEMF/CAPZA1/PIAS1/SNU13/PTGES3/B2M/TMSB4X/MICU1/SSH2/GSN/LUC7L2/HSP90AB1/MAT2A/ABCA1/CFL1/SOD2/TRAPPC12/SRSF9/PFN1/DDX3X/ACTB/ARPC3/PDIA3/RPS14/HLA-DRA/BEST1/SRP14/RPS6/VPS39/CAPZA2/SMARCA5/VAMP8/NR4A1/HLA-DPB1/HLA-DPA1",0.266350657088526
"GO:0007049","cell cycle",351,-0.245597162185191,-1.24098685372854,0.0366492146596859,0.305892837250752,0.228301035621995,727,"tags=25%, list=22%, signal=22%","EPS8/HNRNPU/PML/MAD1L1/PPP1R10/JUNB/TAOK1/RAD23A/PPP2R5C/KIF13A/CDKN2D/UBE2L3/MDM2/PRKACA/DTX3L/CITED2/PPP2CA/STK11/CHFR/PSME1/PTEN/MAP3K20/RPS3/RCC2/USP16/C9orf78/SEPTIN6/HSPA1A/ANAPC16/EPC1/PAFAH1B1/CALR/MARK3/EREG/KLF4/EIF4G2/ANKLE2/YWHAE/CDC42/PSMA6/EXOC4/SMARCC1/MDM4/ANAPC11/CTDNEP1/PSMB1/ARF6/PPP1R15A/ID2/ROCK1/PSMB6/PUM2/PRMT2/MORF4L1/PSMA7/CLTC/ATF5/SH3GLB1/PLSCR1/SMC5/EVI2B/PIAS1/UPF1/NUDT16/TMSB4X/RBX1/HSP90AB1/KHDRBS1/CFL1/CCNL1/TRAPPC12/DDX3X/IST1/PLK3/SEPTIN7/IL1B/ACTB/DUSP1/NABP1/DYNLT1/CALM1/CDKN1B/CDKN1A/SMARCA5/LYN/NR4A1/RHOA/SDCBP/RHOB",0.271288554688953
