"gene","baseMean","log2FoldChange","lfcSE","stat","pvalue","padj"
"NOC2L",2.15435941528944,-0.376147100751244,0.545169237410033,-0.68996391384486,0.490216880890254,0.9999441983542
"HES4",3.75870324809231,-2.60144045513851,1.13710896382103,-2.28776708117477,0.0221510888345444,0.9999441983542
"ISG15",56.0448573530824,0.0831050936370404,0.481270226186433,0.17267865144196,0.862904025374861,0.9999441983542
"SDF4",2.89741037833499,-0.243981151649034,0.494620150404589,-0.493269737291258,0.621822008468763,0.9999441983542
"UBE2J2",2.00614106569635,-0.421997059522778,0.610368446264246,-0.69138085709641,0.489326230811054,0.9999441983542
"ACAP3",4.37438834998985,0.387641337956081,0.460467067631425,0.841843782553335,0.399875401190306,0.9999441983542
"INTS11",3.23436417482648,-0.186422035522157,0.497039267725959,-0.375065005175688,0.707612122232419,0.9999441983542
"AURKAIP1",6.05331416380664,-0.310309712586808,0.363042523139888,-0.85474756483895,0.392690912195861,0.9999441983542
"CCNL2",3.65388459675371,0.555539023115523,0.433733691816215,1.28082976627723,0.200253466325838,0.9999441983542
"MRPL20",2.81591048269122,-0.647961180041043,0.552337315257788,-1.17312584564131,0.240745343398573,0.9999441983542
"SSU72",3.79762586518185,0.162678905421648,0.567339531148258,0.286739944055012,0.774311450305151,0.9999441983542
"CDK11A",3.44971639186398,0.112464232483534,0.444683880024469,0.252908273799683,0.800339095713421,0.9999441983542
"NADK",9.1321267399994,-0.189232890174112,0.310192825802064,-0.610049215950799,0.541829205964597,0.9999441983542
"GNB1",7.03149581722352,0.233094290337143,0.332459484236155,0.701120892588433,0.483227572902723,0.9999441983542
"FAAP20",3.66256711610523,0.083000740687378,0.426990733148781,0.194385344326564,0.845874164588834,0.9999441983542
"TNFRSF14",9.6908839125318,0.278320838699121,0.301700269355065,0.922507756768261,0.356263786190881,0.9999441983542
"KCNAB2",6.53128822934928,-0.0744982643897503,0.423829180940272,-0.175774268832728,0.860471285368428,0.9999441983542
"RPL22",16.0336935934794,-0.479158521106258,0.376713052793714,-1.27194562957881,0.203392437930039,0.9999441983542
"ZBTB48",2.5032630612201,-0.501962425047678,0.590805849933937,-0.849623315516945,0.395534544957336,0.9999441983542
"PARK7",2.29884399514768,0.14969572275683,0.542922486686509,0.275722090036153,0.782761527666526,0.9999441983542
"RERE",4.70438991679714,0.049779721372586,0.383341182274112,0.129857483814485,0.896679182385457,0.9999441983542
"ENO1",12.5199409166983,-0.152909149511032,0.285930223074515,-0.534777848479427,0.592803482387852,0.9999441983542
"PIK3CD",4.50221984743124,-0.0767422313857879,0.430568531277537,-0.178234649796831,0.858538698764104,0.9999441983542
"UBE4B",1.45420522195086,0.106255835551027,0.781307905851065,0.135997389448254,0.891823344709943,0.9999441983542
"PGD",5.15282887711621,-0.386335753839708,0.406072137690536,-0.951396852876744,0.341402957325061,0.9999441983542
"TARDBP",2.26710069005633,0.264810246500168,0.547462257696433,0.483705027656911,0.628595224590486,0.9999441983542
"EXOSC10",1.81143702747,0.266656252205681,0.64062232542229,0.416245643687027,0.677230263172404,0.9999441983542
"MTOR",2.98256069805592,-0.2777684193531,0.478680198849367,-0.580279735867055,0.561725990454217,0.9999441983542
"FBXO6",2.52032048249462,0.303030355316026,0.581412388182468,0.521196936073753,0.602229588339611,0.9999441983542
"AGTRAP",7.70907501583442,0.4921676542257,0.334439325829557,1.47162016011397,0.141123478404553,0.9999441983542
"MTHFR",3.15546875131879,-0.154101113538273,0.476140823819157,-0.32364608500111,0.746205993430715,0.9999441983542
"AL021155.5",1.92147740894459,-0.429829854795012,0.861100943865202,-0.499163144410974,0.617664456353656,0.9999441983542
"MIIP",4.74827340218229,0.573789415546075,0.404241166099307,1.41942351166956,0.155775581801917,0.9999441983542
"TNFRSF1B",19.5299129665627,-0.122663475335269,0.255766140939632,-0.479592313840403,0.631517312772909,0.9999441983542
"VPS13D",2.08408021716744,-0.878893021232695,0.675199421957774,-1.30167916714783,0.193026084113202,0.9999441983542
"PRDM2",2.534294719349,-0.0241673308447204,0.563357651997416,-0.0428987353931091,0.96578225683429,0.9999441983542
"EFHD2",23.2844967365048,0.104587662691242,0.258791945491859,0.404138013230911,0.686111233027666,0.9999441983542
"PLEKHM2",2.72064764396312,0.709772686926596,0.537012004678686,1.3217073002889,0.186265636774617,0.9999441983542
"AL450998.2",1.18890090894779,0.699696030604367,0.693431062229764,1.00903473858592,0.312957974335409,0.9999441983542
"SPEN",7.90091773053111,-0.0257519394254473,0.33734254179115,-0.0763376575296882,0.93915046686027,0.9999441983542
"FBXO42",1.88710260979783,-0.394679115788553,0.606703643268354,-0.650530320969211,0.515349722632738,0.9999441983542
"SZRD1",2.03455273570082,0.47926834617822,0.538938085927804,0.889282755649269,0.373851136789623,0.9999441983542
"PADI4",3.95567709377262,0.559555618478591,0.473090804977016,1.18276578743858,0.236901983161903,0.9999441983542
"RCC2",2.06248283248095,-0.523121850358922,0.614146169158731,-0.851787207393159,0.394332207831576,0.9999441983542
"ARHGEF10L",3.3965718159717,0.206159200872337,0.506818104270208,0.406771579656168,0.684175762250266,0.9999441983542
"UBR4",5.59826719885689,0.0635555026830289,0.421519595431266,0.150777101164191,0.880151550358327,0.9999441983542
"CAPZB",6.92008081098878,-0.0669369905231979,0.377757398517989,-0.177195710225144,0.859354665093025,0.9999441983542
"MICOS10",4.13932827510291,-0.191359508843742,0.553168989776665,-0.345933182048041,0.729392930752129,0.9999441983542
"CDA",3.56603635469449,-0.234569111889031,0.679006554086295,-0.345459274991357,0.729749121685735,0.9999441983542
"HP1BP3",5.47427836594033,0.502946784259105,0.402133473305022,1.25069614356031,0.211045357996273,0.9999441983542
"EIF4G3",2.28918588551496,0.115892493088266,0.598438756347308,0.193658067528312,0.846443627445842,0.9999441983542
"ECE1",3.50387176208254,0.0775740563916791,0.477837246739251,0.16234409711893,0.871034890757152,0.9999441983542
"USP48",4.05352879819344,0.122413714002317,0.468126670207753,0.261496987445707,0.793709272394495,0.9999441983542
"CDC42",6.71359477166818,-0.389761161665187,0.390051677029744,-0.99925518750036,0.317671087735449,0.9999441983542
"HNRNPR",2.37387575176644,-0.345443501028325,0.561750313177277,-0.614941359043462,0.538593447833011,0.9999441983542
"RPL11",52.1929910654164,0.0607359073416996,0.313807780753716,0.193544937591483,0.846532216199661,0.9999441983542
"LYPLA2",1.90763904054072,-0.12907970769462,0.605733173844782,-0.213096645962627,0.831251580700212,0.9999441983542
"PNRC2",3.09935754900698,-0.295544819254557,0.550225699261021,-0.537133797369857,0.591175196705669,0.9999441983542
"SRSF10",5.42865539352516,-0.12165262526407,0.518301991726122,-0.234713790813201,0.814430883198502,0.9999441983542
"SRRM1",6.95139358096309,-0.24543184563519,0.364135783343362,-0.674011884747291,0.500303757827757,0.9999441983542
"SYF2",4.80650193938208,-0.0444825077261417,0.399165338996284,-0.111438803374047,0.911268391030508,0.9999441983542
"RSRP1",15.1280651069134,0.245995320844997,0.311507034971356,0.789694270845655,0.429706338025402,0.9999441983542
"SH3BGRL3",55.7875584286914,-0.121110620125272,0.247598693667807,-0.4891407879872,0.624742026444084,0.9999441983542
"UBXN11",14.6011014079267,0.370247683706801,0.316536043711917,1.1696856995021,0.242127475132039,0.9999441983542
"CD52",8.59261388818234,-0.726091852027837,0.418979032136276,-1.73300283865201,0.0830951642533626,0.9999441983542
"HMGN2",7.04664255259088,-0.615057924651549,0.403193889841112,-1.52546439851538,0.127143306861915,0.9999441983542
"RPS6KA1",4.41421760786682,0.0690774359852421,0.48069974561363,0.14370183594972,0.8857359213701,0.9999441983542
"ARID1A",6.37700423148452,-0.107277455300029,0.392298863898968,-0.273458490890908,0.784500796170514,0.9999441983542
"SYTL1",3.36555053077467,0.473322557802949,0.497322156995734,0.951742348787023,0.341227666386369,0.9999441983542
"WASF2",11.4953510881778,-0.0844778189235377,0.311212128791205,-0.27144770755453,0.786046713556537,0.9999441983542
"FGR",21.1873129811068,0.0133527914230189,0.255291963985089,0.0523040021103005,0.958286464461133,0.9999441983542
"IFI6",18.3668041439045,-0.567228121779234,0.448334271717838,-1.26519018857479,0.205803158732029,0.9999441983542
"STX12",3.0183101040016,-0.491997079248249,0.49902709586443,-0.985912555301224,0.324176025236767,0.9999441983542
"THEMIS2",11.8965961566455,-0.0967481247921254,0.28428237829951,-0.340324030532047,0.733612522299789,0.9999441983542
"PTAFR",6.08711526069722,0.266573412575619,0.39612557645219,0.672951782016006,0.500977967285324,0.9999441983542
"ATP5IF1",4.93073386136929,-0.0159219002067243,0.396902732933664,-0.0401153705570109,0.968001147733025,0.9999441983542
"PHACTR4",2.79241508374054,-0.131994213448615,0.528960119813592,-0.249535283482488,0.802946751619723,0.9999441983542
"EPB41",1.87414986582712,-0.179040120573214,0.581220887289456,-0.308041442571297,0.758050797941967,0.9999441983542
"SRSF4",5.37991541427966,-0.099349572519699,0.491818938868059,-0.202004365159983,0.839913311626596,0.9999441983542
"LAPTM5",29.7287253493465,0.242107939525524,0.258133642090812,0.937917032295813,0.348287049433208,0.9999441983542
"PUM1",2.78478745127343,-0.133738175670109,0.560934302514946,-0.238420390891579,0.811555053716177,0.9999441983542
"PTP4A2",9.54059207954239,-0.402379229597633,0.328005620169088,-1.22674492403577,0.219918477114424,0.9999441983542
"KHDRBS1",5.91047878865439,-0.59944552935654,0.389785815491195,-1.53788441121476,0.124076879505503,0.9999441983542
"RBBP4",3.09913696183332,-0.788676546896091,0.534859730991814,-1.47454837445626,0.140334003131993,0.9999441983542
"PHC2",2.8430061398965,-1.6221137478741,0.707716724274698,-2.29203817323452,0.0219034405140836,0.9999441983542
"SFPQ",7.96429953725224,-0.323812233785533,0.341798381286853,-0.947377903214161,0.343446246754592,0.9999441983542
"ZMYM4",2.44113962558187,0.373000002957317,0.547412541510282,0.681387390081034,0.495626399726802,0.9999441983542
"KIAA0319L",5.17880585105624,0.60219501544221,0.487114113493857,1.23625039546263,0.216365503390112,0.9999441983542
"AGO4",3.36949145957478,0.137502031038334,0.46436956521959,0.296104743585666,0.767150091489074,0.9999441983542
"AGO1",2.20808651953033,-0.729509372184447,0.61976974966223,-1.17706514811674,0.239169504363429,0.9999441983542
"AGO3",2.85048628516721,0.470033977684391,0.526816501137342,0.892215746222141,0.372277303805567,0.9999441983542
"ADPRHL2",1.484719509025,-0.408172889215576,0.754414922411686,-0.541045619711158,0.588476139104468,0.9999441983542
"MAP7D1",6.57449280938025,0.171956271469752,0.332962451511801,0.516443432852541,0.605544737551834,0.9999441983542
"THRAP3",3.67291907572119,0.130999246785697,0.456142317252898,0.287189418369767,0.773967288129899,0.9999441983542
"STK40",3.0205414480994,0.332096502810159,0.52141111553355,0.636918724815314,0.524177785269549,0.9999441983542
"CSF3R",33.0314216691876,0.29819097497221,0.243131424065858,1.22646003542281,0.220025605727025,0.9999441983542
"MTF1",2.81311973653897,0.307691003142894,0.596367995512104,0.515941508361256,0.605895262190198,0.9999441983542
"NDUFS5",4.44770690524944,0.131154876309396,0.456828147689584,0.287098938567411,0.774036564883555,0.9999441983542
"MACF1",8.23201704394784,-0.182492486751281,0.353024072731734,-0.516940630533029,0.605197603505344,0.9999441983542
"CAP1",5.72766250912786,0.0142580877385463,0.360836033868436,0.0395140351857014,0.968480563796106,0.9999441983542
"PPT1",4.32952721431748,0.25802167617032,0.509654435946547,0.5062678904994,0.612668600928115,0.9999441983542
"SMAP2",17.5049382597746,0.106358013359128,0.444351272130519,0.23935570803967,0.810829771726516,0.9999441983542
"YBX1",11.4406950476194,0.12255493665891,0.323365170590519,0.378998568198005,0.704688927084423,0.9999441983542
"P3H1",1.93388511725569,0.00178859914775166,0.595665648502567,0.00300268976773796,0.997604203793583,0.9999441983542
"SZT2",2.61416324131975,0.613317332929706,0.497766909419086,1.23213761566728,0.217897682142412,0.9999441983542
"ATP6V0B",8.45702236411316,-0.429903649112125,0.366454260824219,-1.17314408664589,0.240738029635818,0.9999441983542
"DMAP1",1.52744662243811,0.462718650758193,0.638225552072041,0.725008030869254,0.468447103643525,0.9999441983542
"ARMH1",1.72119593846254,0.184294975644466,0.685581094621692,0.268815720109903,0.788071495579011,0.9999441983542
"RPS8",48.6929433762051,0.159335194570018,0.26276244703227,0.606384954812245,0.544259156737537,0.9999441983542
"PLK3",5.28608333766027,-0.822555541653988,0.499107030809391,-1.64805440692764,0.0993415070833376,0.9999441983542
"PTCH2",1.39977262009606,-1.65527332776069,1.05164380024394,-1.57398667436325,0.115490530181843,0.9999441983542
"PRDX1",2.32216964334125,0.328274246972217,0.576325867268353,0.569598322088436,0.568950166767633,0.9999441983542
"AKR1A1",4.0849344605486,0.469027386427349,0.434787253205713,1.07875146515723,0.280698536351094,0.9999441983542
"UQCRH",4.77576178770643,-1.0105139891204,0.502016797385341,-2.01290872015334,0.0441242330312095,0.9999441983542
"MKNK1",2.21126930193293,0.356816896227843,0.613183641286725,0.581908701085186,0.560628179334169,0.9999441983542
"EPS15",3.13759147710606,0.111197014332523,0.527796164634865,0.210681740003644,0.833135624164661,0.9999441983542
"OSBPL9",1.65421359189035,-0.301014621285494,0.630045615844962,-0.477766392964738,0.632816483329909,0.9999441983542
"NRDC",5.59061162321717,0.413093181416388,0.361587841191133,1.14244212431366,0.253270290053297,0.9999441983542
"TUT4",1.41321233448015,0.517398808359726,0.733807209133634,0.705088205620916,0.480755345912755,0.9999441983542
"TMEM59",3.15853921251349,0.0929709883520786,0.473796209331685,0.19622569054155,0.844433520779789,0.9999441983542
"USP24",2.82849537852555,-0.0923410479789427,0.487050491469315,-0.189592351504198,0.849628581122237,0.9999441983542
"JUN",57.2855254208625,-0.235635148163837,0.419011223212718,-0.56235999207165,0.573870771714388,0.9999441983542
"NFIA",2.62731689404685,-1.33170060449413,0.614120725843547,-2.16846712454611,0.0301231633308409,0.9999441983542
"JAK1",8.21818306389462,0.0928582704436925,0.408104779772646,0.227535366028851,0.820007472198887,0.9999441983542
"MIER1",2.53879705166815,-0.58943084311509,0.596188084244603,-0.988665923878578,0.322826620286977,0.9999441983542
"SERBP1",3.08149900413619,0.265650805228857,0.462486135784197,0.574397337940555,0.565698953925155,0.9999441983542
"SRSF11",8.05209314870595,-0.0900144307056029,0.396286560570314,-0.2271447978858,0.820311150627524,0.9999441983542
"ZRANB2",3.95260650673063,-0.174109211734484,0.427930446043001,-0.406863342733479,0.684108360672106,0.9999441983542
"USP33",2.66465632371573,0.0858577150332604,0.55039655454227,0.155992464568865,0.876038960913306,0.9999441983542
"FUBP1",1.34874736461925,-0.214387272346861,0.720677765719635,-0.297480070212495,0.76610002135239,0.9999441983542
"IFI44L",24.8318807605135,-0.0109174007017749,0.282928200521587,-0.0385871775300176,0.969219525528554,0.9999441983542
"IFI44",12.1036745842389,0.0758480822385798,0.325467330325154,0.233043611974218,0.815727540470782,0.9999441983542
"GNG5",5.51527131752635,-1.11100108478837,0.521204897868022,-2.13160139003469,0.0330396293903955,0.9999441983542
"SH3GLB1",3.94177381414392,-0.599741502375391,0.474505276261244,-1.26393010231818,0.206255116147347,0.9999441983542
"LMO4",1.77121413606943,-0.842983935531679,0.634222629290846,-1.32916092330899,0.183794884095977,0.9999441983542
"PKN2",7.84783174399276,0.263045096331666,0.339478185859741,0.774851249029431,0.438427562008413,0.9999441983542
"GBP1",7.44533366212433,0.0984755524619121,0.514489990602553,0.191404214388274,0.848208918502926,0.9999441983542
"GBP2",6.84321975541664,0.0657465877398804,0.401302668369007,0.163832919444794,0.86986267584229,0.9999441983542
"GBP4",3.18539344642545,-0.0388879295768701,0.473968742011669,-0.0820474561504157,0.934608976087682,0.9999441983542
"GBP5",5.63694618875447,-0.445108415120369,0.66547820432121,-0.668854986128932,0.503587986973466,0.9999441983542
"EVI5",2.23330161435402,-0.512800229816175,0.583172621419437,-0.879328368619267,0.379223258555622,0.9999441983542
"RPL5",8.72653041632594,-0.100710336266336,0.427090519723283,-0.235805600020313,0.813583522497988,0.9999441983542
"CCDC18-AS1",3.02888681115798,-0.781654610145891,0.767995142841681,-1.01778587720447,0.308779725051635,0.9999441983542
"DPYD",11.0965421356234,0.0494249072842769,0.367844524587071,0.134363580210306,0.893115079225081,0.9999441983542
"RNPC3",4.53248411715938,-0.225193744385248,0.444698006150126,-0.506397018360421,0.612577967287457,0.9999441983542
"VAV3",4.30835310848125,-0.351879072782698,0.486704080115227,-0.722983609875206,0.469689953884004,0.9999441983542
"SLC25A24",2.02910370393061,-0.232905410500398,0.614394108983992,-0.379081451294427,0.704627379899157,0.9999441983542
"FAM102B",1.57964821013331,1.01550638380139,0.634759002697623,1.59982982436744,0.109636340585395,0.9999441983542
"PRPF38B",4.49386885113712,-0.0647232893947299,0.40917672808717,-0.158179302369663,0.874315512733985,0.9999441983542
"SORT1",2.6031207809017,0.0207107430908632,0.517264508704398,0.0400389795594865,0.968062050000873,0.9999441983542
"GNAI3",3.01562253146405,-0.736860135435315,0.517360322588079,-1.42426874126952,0.15436869253104,0.9999441983542
"AMPD2",5.79203918728637,-0.243172758628877,0.393258956198517,-0.618352754072113,0.536342834306248,0.9999441983542
"CD53",4.42465187095555,-0.6405063302988,0.440026676219265,-1.4556079549587,0.14550102770667,0.9999441983542
"C1orf162",7.29635339561115,-0.426574799187064,0.349060579821988,-1.22206523407658,0.221682958939445,0.9999441983542
"CAPZA1",3.77343780778074,-0.726002755824603,0.56345680804403,-1.28847987185536,0.197578971051833,0.9999441983542
"MOV10",2.66838754014095,-0.424112365133861,0.561211702884467,-0.755708341351481,0.44982408181958,0.9999441983542
"RSBN1",1.95553894823287,0.840773620604466,0.538002143038816,1.56277002142686,0.118106697842959,0.9999441983542
"HIPK1",2.13642923576705,0.593080455285513,0.505230895600567,1.17388002287651,0.240443085238083,0.9999441983542
"TRIM33",3.45188622706171,-0.260845472428225,0.504401355701529,-0.517138721931938,0.605059324673454,0.9999441983542
"CSDE1",3.70851733195293,-0.487773675538182,0.448673143077142,-1.08714703133973,0.276971835511997,0.9999441983542
"ATP1A1",4.7712753213745,-0.784555280377497,0.484497415574993,-1.61931778200798,0.105378906623075,0.9999441983542
"NOTCH2",9.23927798661436,0.245248440000411,0.308450701616306,0.795097688918487,0.426556678908959,0.9999441983542
"NBPF26",4.11974062866775,-1.56511119626561,0.756836810955287,-2.06796389077602,0.0386434187041778,0.9999441983542
"AC253572.2",4.99107359950805,-0.162776915231398,1.00355867617052,-0.162199699027602,0.87114859680271,0.9999441983542
"FCGR1B",2.29981379220205,0.797922418401951,0.63615785749168,1.2542836797585,0.209738913745938,0.9999441983542
"SRGAP2B",2.17739851130739,-1.26538012749168,0.713988887705867,-1.7722686575102,0.0763499713984223,0.9999441983542
"AC245014.3",3.04344826614845,0.0395207649305773,0.71556664751141,0.0552300265363432,0.955955207719566,0.9999441983542
"RBM8A",3.04172307319458,-0.0865957532111412,0.582742071195446,-0.148600482943504,0.881868891908129,0.9999441983542
"TXNIP",27.0358754535568,-0.407403517838092,0.301571937881387,-1.35093311632441,0.176716858760347,0.9999441983542
"NBPF10",3.29799251614239,-0.252096155496089,0.516908438897733,-0.487699825589354,0.625762475320723,0.9999441983542
"NOTCH2NLA",1.66206047316898,-1.20637444729714,0.858669935873362,-1.40493383650392,0.16004095371918,0.9999441983542
"NBPF12",0.972347805669541,0.707702172741548,0.822486783376023,0.860441999853999,0.389545442363107,0.9999441983542
"NBPF14",7.61280252024692,0.645533734440086,0.380465095425376,1.69669633877545,0.089754085229722,0.9999441983542
"NBPF9",2.1832967954146,0.0309392225981118,0.711831087042736,0.0434642756705767,0.96533144148509,0.9999441983542
"NOTCH2NLC",2.97250050489746,0.0808822309166736,0.557430258121687,0.145098386279234,0.8846331923693,0.9999441983542
"NBPF19",7.17920582625578,0.72380172869015,0.386081198877173,1.87473964232177,0.0608285503443432,0.9999441983542
"FCGR1A",3.53390280526489,0.0440998883133916,0.548206378869727,0.0804439532504442,0.935884170512881,0.9999441983542
"MTMR11",1.34991806528257,1.04807628320784,0.714043370894203,1.46780479439971,0.142157254789344,0.9999441983542
"PLEKHO1",15.1088277763133,0.174097113628148,0.322716297436398,0.539474191452817,0.589559700404366,0.9999441983542
"PRPF3",1.80652118538842,0.0399917318209538,0.592498975012052,0.0674967105557276,0.946186280651808,0.9999441983542
"ADAMTSL4",3.85920217871266,0.729235429703029,0.459526885128026,1.58692658319624,0.112529273410307,0.9999441983542
"MCL1",33.0055179738656,-0.413756376058575,0.241429362272359,-1.71377819236341,0.0865694699752576,0.9999441983542
"CTSS",45.5896106080887,-0.206822132061016,0.288455532071758,-0.716998320592325,0.473375132906814,0.9999441983542
"ARNT",2.04780131407384,0.163100928283293,0.565913275481006,0.288208344546544,0.773187261649494,0.9999441983542
"SETDB1",1.84948214259449,0.327107296499488,0.594837217178878,0.549910609243405,0.582380687105176,0.9999441983542
"CDC42SE1",5.70377017607372,0.111113557263677,0.376975741770364,0.294749886934004,0.76818495090229,0.9999441983542
"PIP5K1A",1.87858375792466,0.0186748455460755,0.662760783178894,0.0281773545147054,0.977520698531226,0.9999441983542
"PSMD4",3.49586270346652,0.18024648800109,0.498987833589599,0.361224214034318,0.717931842278365,0.9999441983542
"PI4KB",2.16163629089173,0.321571430844521,0.569161459573392,0.564991577408546,0.572079493037226,0.9999441983542
"POGZ",1.72663041434138,0.438290805131829,0.609542829777828,0.719048414188682,0.472111090008955,0.9999441983542
"SNX27",4.04868110672564,-0.250728513643709,0.449447685823378,-0.557859171494854,0.576940553338465,0.9999441983542
"S100A10",28.3105437187643,-0.0539345695108358,0.410969323222227,-0.131237458523568,0.895587464583843,0.9999441983542
"S100A11",41.0327709393515,-0.456483308758601,0.377706058360747,-1.20856761138476,0.226829005890111,0.9999441983542
"S100A9",479.971795034286,0.176846854936383,0.36580346515371,0.48344773022331,0.62877786483354,0.9999441983542
"S100A12",12.3507226979987,-0.241777489699028,0.53211508929652,-0.454370670109483,0.649562058903463,0.9999441983542
"S100A8",467.882651638792,-0.141058497421723,0.597821352476711,-0.235954264325509,0.813468159950737,0.9999441983542
"S100A6",137.867868071381,-0.0251833906409779,0.401109338312647,-0.0627843538794616,0.949938225082074,0.9999441983542
"S100A4",80.6895262715072,-0.568289913127931,0.45080434673238,-1.26061320669851,0.207448238081179,0.9999441983542
"INTS3",3.36218024457772,0.367051941794747,0.464382494293803,0.790408653006895,0.429289150408143,0.9999441983542
"SLC27A3",3.76311175459916,0.0994437150610416,0.434663715957451,0.228783106135264,0.81903749792776,0.9999441983542
"GATAD2B",1.39356455250186,-0.247889720070931,0.733398397597084,-0.338001447621265,0.735362096871778,0.9999441983542
"DENND4B",8.25490507069306,0.210011550851641,0.305303883241921,0.68787710336861,0.491530176395132,0.9999441983542
"CRTC2",2.49283152313671,0.251601606630531,0.524530515191507,0.479670103728227,0.631461989313181,0.9999441983542
"JTB",3.82465245333494,-0.186976734834722,0.460647489888657,-0.405899823485234,0.684816207754178,0.9999441983542
"RPS27",51.111583286099,-0.0307183199811653,0.346414136836133,-0.0886751339357039,0.929340094912414,0.9999441983542
"TPM3",25.0617216000626,-0.168069547712761,0.23253066940892,-0.722784431576206,0.469812333569888,0.9999441983542
"C1orf43",1.92832485625503,-0.263193647969977,0.589997985636165,-0.446092451800812,0.655530465002576,0.9999441983542
"IL6R",6.6431982500724,0.192819508687743,0.344005066831132,0.560513571686418,0.575129185160581,0.9999441983542
"ADAR",16.8179573918002,-0.15554446832565,0.251039165194523,-0.61960239632379,0.535519588704583,0.9999441983542
"ZBTB7B",2.46247925989212,0.205869428012184,0.545003815418314,0.377739425281216,0.70562417681544,0.9999441983542
"ADAM15",4.91660531264933,0.401295608914113,0.36716003536367,1.09297192031435,0.274406128645453,0.9999441983542
"KRTCAP2",5.29829635100546,-0.698525084205695,0.495189038976467,-1.41062307366398,0.158355784383714,0.9999441983542
"MTX1",2.10670837410704,0.00546535673610074,0.679151748083819,0.00804732779017484,0.993579230701526,0.9999441983542
"SCAMP3",1.23469456994712,0.399505678103986,0.637453132925949,0.626721648178636,0.530841710902615,0.9999441983542
"CLK2",1.85703563671786,0.659993494802788,0.612952547340626,1.07674484373424,0.281594272448052,0.9999441983542
"FDPS",1.37148455685032,0.233543473248139,0.694971545866585,0.336047532646714,0.73683502271477,0.9999441983542
"ASH1L",6.39546227375265,-0.091920777768388,0.422004857486005,-0.217819241029557,0.827569952318546,0.9999441983542
"YY1AP1",2.33290610311802,-0.364397836923569,0.568182305265258,-0.641339643186263,0.521302038002435,0.9999441983542
"DAP3",1.77109604940042,0.0627120219303226,0.577458759680079,0.10860000108937,0.913519759891017,0.9999441983542
"GON4L",3.96701662451066,0.341796442433142,0.42507829487562,0.804078793374178,0.421351471116828,0.9999441983542
"ARHGEF2",4.5909072641683,-0.351505466957871,0.463145574001642,-0.758952447544331,0.447881003131044,0.9999441983542
"SSR2",4.84836727285025,0.0936560331216348,0.515545569772212,0.181663927716449,0.855846476373822,0.9999441983542
"SEMA4A",2.4404847731219,-0.153370216186168,0.552538594768394,-0.277573761612899,0.781339576109341,0.9999441983542
"SMG5",2.49129131249765,0.224612089248679,0.503599002531577,0.446013769128932,0.655587299864871,0.9999441983542
"ARHGEF11",1.96757084882188,0.317566809236102,0.587133986276367,0.540876216773153,0.588592904810511,0.9999441983542
"CD1D",3.0922251302411,0.0338601054156305,0.495242751380847,0.0683707238949405,0.945490526228149,0.9999441983542
"MNDA",24.5925111616252,-0.228214216397776,0.280718756269569,-0.812963905335296,0.416238752995658,0.9999441983542
"IFI16",7.36426259469066,0.135292597787149,0.429933828728255,0.314682373767481,0.753002828543873,0.9999441983542
"TAGLN2",13.8811244713009,0.283005655573193,0.296531386412377,0.95438684922083,0.339887860515111,0.9999441983542
"DCAF8",2.67090779947238,-0.253209251615881,0.522743984800412,-0.484384821209484,0.628112788700675,0.9999441983542
"COPA",4.74169170823955,-0.24824722201372,0.423046283871571,-0.586808657771082,0.557332221493453,0.9999441983542
"CD84",3.10587480654156,0.125592562303402,0.546204738880226,0.229936786269704,0.818140890755453,0.9999441983542
"CD48",5.11161007283952,-0.885142150075429,0.466393931183365,-1.89784234076458,0.0577168537436253,0.9999441983542
"USF1",2.90039250977277,-0.231012790779447,0.486608595059215,-0.474740465180922,0.634971971954662,0.9999441983542
"ARHGAP30",11.5004137293815,0.271960546973975,0.382569373787528,0.710879034255934,0.477159199095825,0.9999441983542
"NDUFS2",3.17667138434132,0.152429167049963,0.496230935089418,0.307173850462379,0.758711048284833,0.9999441983542
"FCER1G",17.9389794945449,-0.796042275266223,0.389720431416432,-2.04259826043254,0.0410922234614657,0.9999441983542
"FCGR2A",5.68392545838164,-0.39366310217975,0.488331058770766,-0.806139800263135,0.420162245040394,0.9999441983542
"HSPA6",2.74607322347093,0.4217518428623,0.505342987477581,0.834585327813638,0.403951226004713,0.9999441983542
"FCGR3A",3.81660772143103,-1.08072538091716,0.769351872522304,-1.40472184382163,0.160104007610309,0.9999441983542
"FCGR2B",2.62476067951777,-3.03296073845507,0.959371897042233,-3.1614025257627,0.00157011358697871,0.9999441983542
"ATF6",1.98124655085926,-0.169347416769274,0.630823964092119,-0.268454317541659,0.788349633953592,0.9999441983542
"CREG1",2.7842427397382,-1.18135230163394,0.671927661094278,-1.75815399489587,0.0787213105950675,0.9999441983542
"RCSD1",9.53625387729652,-0.130592667060792,0.517879562136809,-0.25216802633021,0.800911190916145,0.9999441983542
"SFT2D2",4.2801463085145,0.208907009242256,0.456954403951022,0.45717254814913,0.647547028207232,0.9999441983542
"SELL",7.17486576538157,0.368529277779954,0.384693685120048,0.957981095179533,0.338072291494042,0.9999441983542
"PRRC2C",12.500919456252,-0.0838345225070382,0.309801702913298,-0.270607042242439,0.786693278933556,0.9999441983542
"RC3H1",6.65492991277344,0.254320019354196,0.373107326271498,0.68162697820931,0.495474851494098,0.9999441983542
"RABGAP1L",5.15934510652697,0.202154742043147,0.423752092905933,0.477058981955336,0.633320121973554,0.9999441983542
"KIAA0040",2.19378683287692,0.118402405130668,0.571019887775849,0.207352506743419,0.835734570616485,0.9999441983542
"COP1",2.97087986988418,-0.200279149175837,0.471642190205587,-0.424642140450871,0.671097568366249,0.9999441983542
"CEP350",4.49810913113096,-0.199507687639148,0.455744927136589,-0.43776172977424,0.661559015945556,0.9999441983542
"QSOX1",2.94819249981846,-0.248648457443016,0.55519004492251,-0.447861880300323,0.654252880915781,0.9999441983542
"STX6",1.24407567317644,-0.388919369853101,0.766698714892919,-0.507264929885033,0.61196894212461,0.9999441983542
"IER5",4.48465103547401,-0.522040434358223,0.620200038534638,-0.841729122738626,0.399939593026642,0.9999441983542
"GLUL",18.0751724979186,-0.771536098776595,0.364844357989619,-2.11469927348732,0.0344555863352358,0.9999441983542
"SMG7",3.15043254741142,-0.381324045667042,0.545350806805491,-0.699227067987173,0.484410137127652,0.9999441983542
"NCF2",11.5641945643453,0.10060998493224,0.28101608659406,0.358022155071768,0.720326733681436,0.9999441983542
"ARPC5",9.88931183611252,-0.293817906711414,0.329844768182084,-0.890776313751374,0.37304918468839,0.9999441983542
"EDEM3",3.23874584893039,-0.228397488847763,0.535971503229264,-0.426137373855986,0.670007748233508,0.9999441983542
"IVNS1ABP",4.72651600832443,-1.12684264883159,0.56462772148778,-1.99572675224374,0.0459636734853065,0.9999441983542
"TPR",5.09243565556356,0.0138722354980135,0.461018653878139,0.0300903995561107,0.975994957309993,0.9999441983542
"RGS18",3.4576059478921,-0.177251440074234,0.510566454741035,-0.347166247269688,0.728466426497632,0.9999441983542
"RGS2",25.8786419071737,-0.275434549440971,0.410810116401458,-0.670466812876163,0.502560255532308,0.9999441983542
"RO60",1.9950535646511,-0.0153480937240912,0.634871574955136,-0.0241751156132258,0.980712927192184,0.9999441983542
"NEK7",2.84234121581208,-0.121353903801079,0.526838938242227,-0.230343459817094,0.817824892348768,0.9999441983542
"PTPRC",28.4879224061938,-0.0772771802300827,0.275444862910167,-0.28055408045597,0.779052440385261,0.9999441983542
"MIR181A1HG",1.22271814727178,-0.920757121219919,0.952167484874185,-0.967011724141771,0.333538172731681,0.9999441983542
"IPO9",2.12554010425893,0.460518281312985,0.600423739652904,0.766988796244472,0.443088176845297,0.9999441983542
"RNPEP",2.9926556419315,-0.332419839892259,0.509645696382112,-0.652256738852207,0.514235562937227,0.9999441983542
"ADIPOR1",2.90669278768506,-0.610920136794462,0.589759546087718,-1.03588003084836,0.300258114844773,0.9999441983542
"TMEM183A",2.09487252409014,-0.45339372342353,0.600447504294446,-0.755093026752253,0.450193166913514,0.9999441983542
"BTG2",11.2806818766149,-0.660129050432092,0.452802939203559,-1.45787271521073,0.144875630568789,0.9999441983542
"PPP1R15B",1.64256091789092,-0.616937747906878,0.681996481973957,-0.904605469695718,0.365674436595687,0.9999441983542
"MDM4",5.18100085637069,-0.42628222009776,0.410282176303396,-1.03899765751104,0.298805825706161,0.9999441983542
"NUCKS1",2.2176056342389,0.225624680222958,0.578137136002053,0.3902615247711,0.696343170896156,0.9999441983542
"SRGAP2",5.98683031519601,0.215922857451562,0.476305494949144,0.453328503956514,0.650312210678688,0.9999441983542
"IKBKE",2.52424281222769,-0.550351736567986,0.559357685549707,-0.98389948111132,0.32516493885997,0.9999441983542
"RASSF5",4.2083595839894,-0.797246400414653,0.509254481318986,-1.56551671052508,0.117461802291193,0.9999441983542
"MAPKAPK2",2.04037913858276,0.980132332802094,0.578296122018765,1.69486236459716,0.090101533460831,0.9999441983542
"CD55",8.15166411868975,-0.653620843088983,0.438126064012521,-1.49185564789933,0.135736991886517,0.9999441983542
"CR1",1.81409956745117,-0.152326153307632,0.640851811794387,-0.23769325529582,0.812119015266121,0.9999441983542
"CD46",5.94746896820451,-0.0773548897292628,0.356796820580231,-0.216803752913119,0.828361287120067,0.9999441983542
"G0S2",3.77006861835864,-2.6572428316318,1.13153764512862,-2.34834682086937,0.0188569536766366,0.9999441983542
"TRAF3IP3",6.06998277765296,0.40625114560153,0.365681619909595,1.11094220623384,0.266593226738851,0.9999441983542
"LPGAT1",3.58161254780125,0.140151832889979,0.577276473421598,0.242781127142216,0.808174956584723,0.9999441983542
"PPP2R5A",2.94722478337012,0.756658774600892,0.514319923833978,1.4711830896233,0.141241609120518,0.9999441983542
"ATF3",3.17092133573091,-0.865787708214177,0.705335444270559,-1.22748362534022,0.219640872573113,0.9999441983542
"HLX",2.86446584478631,-0.00997126753923957,0.668000870469013,-0.0149270277630606,0.98809039728614,0.9999441983542
"MIA3",1.66159409432642,-0.303717800977608,0.665617453664805,-0.456294827164427,0.648177983210173,0.9999441983542
"CAPN2",6.62394794677103,0.375392273274372,0.353870217388333,1.06081906537622,0.288772136080722,0.9999441983542
"CNIH4",2.23044066537871,-0.406576975270845,0.708824183936247,-0.573593543342495,0.566242881991895,0.9999441983542
"WDR26",4.07617013745143,-1.06642477323127,0.615518008534135,-1.73256469907513,0.0831730681830466,0.9999441983542
"LBR",3.09083948052042,-0.551308861342167,0.550620300020812,-1.00125051931672,0.316705708126102,0.9999441983542
"TMEM63A",2.29123493232032,-0.130664535397117,0.574700531824193,-0.227361083140756,0.820142979032473,0.9999441983542
"H3F3A",32.000289434747,-0.125203188060431,0.360271810603852,-0.347524242461762,0.728197509213215,0.9999441983542
"ACBD3",1.72792110931975,0.395486635117589,0.608511663742454,0.649924493945237,0.515740995545912,0.9999441983542
"PARP1",2.38367648030229,0.130728284299369,0.588772436940429,0.222035333343222,0.824286377726126,0.9999441983542
"ARF1",5.57575062930541,0.0177921549220485,0.425776100821543,0.0417875848074098,0.966668032257267,0.9999441983542
"C1orf35",2.55102396510645,0.460327406402459,0.523299636194382,0.879663150064695,0.379041817621636,0.9999441983542
"MRPL55",1.92122642968447,0.0728451433418538,0.667241353271163,0.109173604101019,0.913064796022646,0.9999441983542
"GUK1",6.77094542232604,-0.251568708218646,0.35955741091016,-0.699662141803283,0.484138324496037,0.9999441983542
"GALNT2",2.72626372040577,-0.208532831202258,0.551321221498746,-0.378241981390394,0.705250841327755,0.9999441983542
"GNPAT",2.33056078525148,0.305391155776804,0.614952838156253,0.496609067928567,0.619464757327937,0.9999441983542
"IRF2BP2",5.47935292803911,0.207644309306178,0.509866791982699,0.407252075583742,0.683822857539824,0.9999441983542
"TOMM20",2.82949079882739,-0.19049674890001,0.564790652383003,-0.337287361425429,0.735900286213262,0.9999441983542
"ARID4B",6.7240638233637,-0.406139549512924,0.36655969765539,-1.10797655091571,0.267871943061216,0.9999441983542
"LYST",16.8321330703164,-0.088403626433417,0.275235183522099,-0.321193044080133,0.748064103133344,0.9999441983542
"LGALS8",2.74494793784145,-0.18290592089571,0.620315299579273,-0.294859599658053,0.768101135308078,0.9999441983542
"CEP170",3.03076517078832,0.355542186365004,0.486567900684857,0.730714430328366,0.464953599514038,0.9999441983542
"SDCCAG8",2.85293067825205,0.170609040776581,0.476081009521504,0.358361365743312,0.720072899978714,0.9999441983542
"ADSS",1.99658368133634,-0.207388787520807,0.580450857169993,-0.357289139914338,0.720875359273417,0.9999441983542
"HNRNPU",20.0324268175517,-0.193920678444875,0.284214034825551,-0.682305075341905,0.495046064470416,0.9999441983542
"EFCAB2",1.7084819596662,0.0661571829000813,0.599766413195286,0.110304914454322,0.912167559879034,0.9999441983542
"CNST",1.5927631709688,0.217538411853181,0.721551680808661,0.301486944925942,0.763043203623403,0.9999441983542
"AHCTF1",1.70922114773218,0.0410454235993547,0.699968586970231,0.0586389508949497,0.953239685717392,0.9999441983542
"AL390728.6",1.53824608932434,-0.169535512252381,0.6887641501834,-0.246144507096135,0.805570371003298,0.9999441983542
"NLRP3",7.77560709375398,0.0133259524598675,0.358100017512299,0.0372129343987251,0.970315225597392,0.9999441983542
"TRAPPC12",2.65753342887866,-0.881379201794913,0.557503330857872,-1.58093979535273,0.113891804058975,0.9999441983542
"RPS7",22.838687885371,-0.519258384598888,0.347629024941857,-1.49371412437651,0.135250355210859,0.9999441983542
"CMPK2",7.33400785862561,-0.0983637884518712,0.480375771107712,-0.204764258249436,0.837756313072108,0.9999441983542
"RSAD2",6.53587498133382,-0.0233840984237953,0.580195838877023,-0.0403038023662072,0.967850922394004,0.9999441983542
"ID2",6.02164658149106,-0.578289510308693,0.509000024425935,-1.13612864942571,0.255902726350755,0.9999441983542
"KIDINS220",2.50368537071661,-0.744155312150705,0.588285830507229,-1.26495535598585,0.205887331964111,0.9999441983542
"ADAM17",3.9336307905774,0.244513272735706,0.428718817146125,0.570334827762801,0.568450623296197,0.9999441983542
"HPCAL1",2.36646843424673,0.452960175799331,0.516741436714467,0.876570260514295,0.380720098303266,0.9999441983542
"ODC1",2.18165960885394,0.60614477862895,0.605258628943477,1.00146408434857,0.316602495436215,0.9999441983542
"SLC66A3",2.03705119941045,-0.514826380305983,0.581690373186667,-0.885052261541851,0.376128445125025,0.9999441983542
"PUM2",3.01732649591975,-0.608789924924709,0.526937625759603,-1.15533584083527,0.247952924320124,0.9999441983542
"RHOB",19.2788778118106,-0.737704449888775,0.292603521538199,-2.52117420190538,0.01169639317366,0.9999441983542
"ATAD2B",3.04744100923041,0.212934335585146,0.542132759008743,0.392771571255875,0.694488203547318,0.9999441983542
"ITSN2",7.18370237566736,-0.261933901998821,0.345615746168178,-0.757876065841524,0.448525179758458,0.9999441983542
"NCOA1",3.02430572125107,-0.0209228897807516,0.481488489774852,-0.0434546001100366,0.965339154178453,0.9999441983542
"ASXL2",2.56864399916213,0.160631149405561,0.551076733513142,0.291485993940497,0.770679654268475,0.9999441983542
"RAB10",4.9015315248,-0.596501483717796,0.408991851199552,-1.45846789359809,0.144711618581732,0.9999441983542
"HADHA",3.49578890142456,0.336684635321478,0.451993793926846,0.744887739268318,0.456339587710762,0.9999441983542
"OTOF",11.2572444018514,-0.591117444792939,0.53047432206991,-1.11431867707828,0.265142497220982,0.9999441983542
"OST4",7.82205875872379,0.0865018223683206,0.437064021245499,0.197915678627165,0.843111037046649,0.9999441983542
"SNX17",2.72170273133818,-0.487923783109411,0.565642957102831,-0.86260029755963,0.388357266712302,0.9999441983542
"FOSL2",3.04809531427609,-0.0483471277522234,0.492369234671566,-0.098192828364821,0.92177917708085,0.9999441983542
"YPEL5",3.24798741227811,-0.837733216572206,0.552381951053063,-1.51658325362577,0.129371936093442,0.9999441983542
"YIPF4",3.35045301496898,0.00614662995187163,0.475152557585086,0.0129361188396233,0.98967875836684,0.9999441983542
"BIRC6",3.83682331116065,-0.140543934755875,0.509187286995161,-0.276016189613176,0.78253563156626,0.9999441983542
"FEZ2",2.53514446406338,0.523996698691803,0.501085049308884,1.04572407301818,0.295688445064111,0.9999441983542
"EIF2AK2",6.38498293943711,-0.129982549287062,0.379809919856047,-0.342230527671123,0.73217741298677,0.9999441983542
"CEBPZ",2.23588781721386,-0.503842014735301,0.589457109385882,-0.854756023318171,0.392686228545822,0.9999441983542
"CDC42EP3",8.92538281850554,0.0132723077955416,0.347351757209233,0.0382099918024795,0.969520254408543,0.9999441983542
"CYP1B1",1.81645532501736,0.850217828066423,0.740417924076056,1.14829449749935,0.250847009893432,0.9999441983542
"SRSF7",7.93457946106042,-0.490122353162383,0.377367898585099,-1.29879185537521,0.194015370498825,0.9999441983542
"SLC8A1",9.31235344792151,-0.17629951861652,0.393541179396442,-0.447982391288513,0.654165904894424,0.9999441983542
"EML4",6.01203074064146,0.0185062061431951,0.427149395488759,0.0433249030401171,0.965442540101414,0.9999441983542
"ZFP36L2",34.9128237577709,0.105857929959266,0.275315672200083,0.384496563938196,0.700610442132029,0.9999441983542
"PPM1B",2.23046004298116,-0.198642658098991,0.652681565164159,-0.304348504234265,0.760862395618676,0.9999441983542
"PRKCE",1.8560904256126,0.252140600721969,0.766816486760174,0.328814788251713,0.742295684665704,0.9999441983542
"RHOQ",2.53530526879804,0.265847151326894,0.488159857325844,0.544590357722598,0.586035287864747,0.9999441983542
"TTC7A",7.2666738134022,-0.208291022187287,0.384432926441169,-0.541813689361914,0.58794685993951,0.9999441983542
"CALM2",10.3748168883226,-0.190184842947325,0.386905034280542,-0.491554324954643,0.623034439222053,0.9999441983542
"FOXN2",2.83217342169412,-0.403708245524651,0.539972029803882,-0.747646587678399,0.454673356165008,0.9999441983542
"PSME4",1.3448595629136,-0.0107590574993298,0.651782890832948,-0.0165071186289966,0.986829823017835,0.9999441983542
"RTN4",6.02483445808421,-0.0935709817827985,0.380745767771596,-0.245757115910821,0.805870255604473,0.9999441983542
"RPS27A",29.1846974635821,-0.299530667060238,0.30603290271208,-0.978753148454893,0.327701964263904,0.9999441983542
"CCDC88A",9.74689988070001,0.289196461140976,0.291995190847846,0.990415151363472,0.321971242746608,0.9999441983542
"PPP4R3B",2.28099794231656,-0.388064559310193,0.540925278209804,-0.717408808467032,0.473121886093964,0.9999441983542
"VRK2",1.43342103878332,-0.328878885115928,0.735025126408061,-0.447438969499045,0.654558144152341,0.9999441983542
"REL",8.97464154334753,0.153573517629928,0.327533969237123,0.46887813800695,0.639156743774187,0.9999441983542
"USP34",4.55931532410932,0.574849057463638,0.398368679968164,1.44300766192156,0.149018312885981,0.9999441983542
"XPO1",4.20789589741889,-0.579223350299347,0.447652349766207,-1.29391334727016,0.195695353618706,0.9999441983542
"PELI1",5.86601610548141,-0.123681947581442,0.518471837442929,-0.238550946549833,0.811453805956868,0.9999441983542
"AC012368.1",1.29818211281257,0.555552990360038,0.720739090234131,0.770810127947365,0.440819483192675,0.9999441983542
"AFTPH",2.50063163974073,0.189307090839228,0.523709344826137,0.361473578253745,0.717745453128985,0.9999441983542
"SERTAD2",2.33811996854624,-0.321518682447317,0.562065262953841,-0.572030871926916,0.567301059894242,0.9999441983542
"RAB1A",2.06531793518509,-1.27364754922272,0.704918397021596,-1.80680140368602,0.0707932497823721,0.9999441983542
"ACTR2",8.40261967354911,-0.162969538897397,0.374476554986949,-0.435192902538523,0.663422413879481,0.9999441983542
"PLEK",13.2460226841042,-0.0917355501700791,0.364052628847483,-0.251984309138202,0.801053192047396,0.9999441983542
"ARHGAP25",2.75134459686994,-0.62535321438103,0.558782970890462,-1.11913434545882,0.263082829470974,0.9999441983542
"AAK1",4.35102177318509,0.311320081637044,0.448250210187956,0.694523002022696,0.487354280794208,0.9999441983542
"MXD1",11.2298175976799,-0.276955274175665,0.392266169267471,-0.706039153702342,0.480163788913437,0.9999441983542
"PCBP1-AS1",3.29790274656491,-0.100556223783888,0.483858276993232,-0.207821646472102,0.835368230165705,0.9999441983542
"PCBP1",7.31964318598637,-0.65383029113648,0.413567219667452,-1.58095288998539,0.113888809744237,0.9999441983542
"NAGK",9.9584539742451,0.0589006613560571,0.312146222090224,0.18869573676606,0.850331293132562,0.9999441983542
"ZNF638",4.25389185801554,0.171255460331471,0.427989041597477,0.400139825291454,0.689053532700266,0.9999441983542
"DYSF",6.25666309906251,0.262730017454429,0.412417579947857,0.637048540674834,0.524093226097195,0.9999441983542
"SFXN5",1.98045863962014,-0.0296634846361016,0.639447152318031,-0.0463892669293621,0.962999991054197,0.9999441983542
"TET3",2.56378823242007,0.18457027835408,0.612582645944593,0.301298575099977,0.763186827374135,0.9999441983542
"MOB1A",4.21901918480816,-0.406823041102078,0.566315235142911,-0.718368526672985,0.472530087558559,0.9999441983542
"DCTN1",2.48617708825315,-0.148034543713753,0.526265412573889,-0.281292557285376,0.77848601837749,0.9999441983542
"MOGS",2.01786691596788,0.190437998612104,0.596521667776553,0.319247411953926,0.749538906888332,0.9999441983542
"AUP1",6.22608473388162,-0.0324134725140822,0.333992455617592,-0.0970485170215772,0.922687865246784,0.9999441983542
"DOK1",1.57294676190541,-0.0973697663481002,0.679355317744721,-0.143326715497484,0.886032157729836,0.9999441983542
"HK2",1.05013404446494,1.53362591565216,0.667843848824664,2.2963839801043,0.0216539361287915,0.9999441983542
"TMSB10",247.21807462014,-0.0882067314404758,0.327877628158084,-0.269023330246697,0.787911729335524,0.9999441983542
"TGOLN2",11.0086576099092,0.445814935836668,0.323066801437669,1.37994660501408,0.167603085568941,0.9999441983542
"CAPG",7.93476438749677,0.109364132285901,0.334308954119234,0.327134917980378,0.74356584274076,0.9999441983542
"MAT2A",3.16702411330644,-0.838195750364051,0.547665638708945,-1.53048811376955,0.125895953393353,0.9999441983542
"VAMP8",6.50568260629647,-0.859834958197515,0.415479820768921,-2.06949872223935,0.0384993111077292,0.9999441983542
"VAMP5",7.48589391328094,-0.848425500562342,0.518323635164998,-1.63686438935447,0.10165880811517,0.9999441983542
"RNF181",3.6130070759328,-0.253204333756707,0.586548737572515,-0.431685071567311,0.665970318853742,0.9999441983542
"ST3GAL5",3.88350240702418,-0.107326194198096,0.475944215905809,-0.22550162521428,0.821589061190356,0.9999441983542
"IMMT",1.59801890443225,0.231829248631835,0.619054109713031,0.374489475143461,0.708040185521786,0.9999441983542
"MRPS5",3.61363652824181,0.553935901021096,0.425107146986776,1.30305007795676,0.192557665429726,0.9999441983542
"DUSP2",4.76517334240927,-1.88448730634035,0.807548759463623,-2.33358950064146,0.0196172268901755,0.9999441983542
"TMEM127",2.91753793504797,-0.562759303103396,0.513435931509797,-1.09606528987669,0.273050203198526,0.9999441983542
"CIAO1",4.25629832604544,-0.0249278759727374,0.432620195591332,-0.0576206941487428,0.954050765510621,0.9999441983542
"SNRNP200",3.84096144121111,0.0542946706913697,0.457649384849707,0.118638137597847,0.905562049279209,0.9999441983542
"ARID5A",1.92376326805777,0.506575436104556,0.556995609518656,0.909478328819016,0.363097691987983,0.9999441983542
"COX5B",12.4706982564929,-0.114507442327323,0.325364252695738,-0.351936149649495,0.72488614784162,0.9999441983542
"TMEM131",3.81038617239766,0.278582148162081,0.500427053978627,0.556688823969895,0.577740054086019,0.9999441983542
"INPP4A",4.08501336825611,-0.694574268286472,0.481146516402346,-1.4435816214154,0.148856697754597,0.9999441983542
"EIF5B",3.978473865979,0.250988501007095,0.505774596354953,0.496245764053659,0.619721026452106,0.9999441983542
"RPL31",15.3810666972906,-0.230532123222873,0.455226359440987,-0.506412070482835,0.612567402728849,0.9999441983542
"TBC1D8",3.32085800605898,-0.256591455737069,0.536194705937754,-0.47854156875405,0.632264795234578,0.9999441983542
"RNF149",19.4448233088077,-0.112926984163184,0.351828468269053,-0.320971707374247,0.748231831666374,0.9999441983542
"MAP4K4",6.01118774901984,0.101335308095387,0.356149054167606,0.284530611297646,0.776003778574256,0.9999441983542
"GCC2",2.34698664189942,0.177952981594156,0.542584909555211,0.32797259647349,0.742932382487425,0.9999441983542
"LIMS1",4.10890352054443,0.183746085297504,0.43626931285057,0.421175819350925,0.673626700119781,0.9999441983542
"RANBP2",2.43944690967911,-0.79839784393562,0.606987432052551,-1.31534493430252,0.188394002990446,0.9999441983542
"MIR4435-2HG",1.59916262110555,-0.402255319443917,0.652360089162139,-0.616615464567361,0.53748839178519,0.9999441983542
"TMEM87B",2.12652873676514,0.205314406902681,0.630972074424159,0.325393809369545,0.744883040222901,0.9999441983542
"CHCHD5",2.61451673665329,-0.116921578849607,0.555080857197646,-0.210638823756042,0.833169114947315,0.9999441983542
"SLC20A1",3.81359745500622,-1.2301615867823,0.48031496686564,-2.56115605726361,0.0104324482507295,0.9999441983542
"IL1B",5.74657435576195,-0.94840043666965,0.573246077157521,-1.65443859881668,0.0980384293019499,0.9999441983542
"PSD4",3.27641296177267,0.421608414552845,0.517983220366474,0.813942224334132,0.41567804992418,0.9999441983542
"CBWD2",2.56437617533832,-0.536675049431758,0.535440928718851,-1.00230486809415,0.316196372105824,0.9999441983542
"ACTR3",7.55297305964639,-0.667163840133968,0.399362322045876,-1.67057281897847,0.0948060850281246,0.9999441983542
"DDX18",3.02671029489055,-0.126718267051971,0.541300906493838,-0.234099491672316,0.814907740556061,0.9999441983542
"CCDC93",1.75058312635366,0.0899831037710586,0.59468915161069,0.151311157311922,0.879730268355346,0.9999441983542
"MARCO",2.26291840804459,-0.874186806735452,0.760205314821352,-1.14993514211471,0.250170585452314,0.9999441983542
"DBI",4.37108949856962,-0.58634965419845,0.519182059451733,-1.12937194867182,0.258740961074233,0.9999441983542
"MAP3K2",4.96824932243752,0.511011754496031,0.459194993915213,1.11284260775366,0.265776032519169,0.9999441983542
"IWS1",1.93918966068168,-0.10150623757912,0.600558282551825,-0.169019794628111,0.865781071537965,0.9999441983542
"WDR33",2.46166836830183,-0.141416513901948,0.627573321492402,-0.225338632250415,0.821715848196619,0.9999441983542
"MZT2B",4.61990913049535,0.296045983716796,0.423540786992708,0.698978688260058,0.484565349599101,0.9999441983542
"IMP4",1.31308833509321,-0.201111037787826,0.782237326685905,-0.25709721452423,0.797103727783559,0.9999441983542
"PTPN18",8.47034924788484,0.161559271410804,0.355155684808733,0.45489704465187,0.649183309158608,0.9999441983542
"PLEKHB2",2.21474428531677,0.926037276507523,0.531797364916559,1.74133483465609,0.081624903535501,0.9999441983542
"UBXN4",3.93916761298745,0.128108096824956,0.478972983214769,0.267464139553594,0.789111821194324,0.9999441983542
"CXCR4",4.34718005802251,-0.441830755346856,0.527304914513125,-0.837903731192816,0.40208477305705,0.9999441983542
"SPOPL",2.28622906205813,-0.628934308591408,0.573477177498029,-1.0967032922484,0.272771116803164,0.9999441983542
"KYNU",3.42487588825811,-0.604047547174506,0.537905296800373,-1.12296263072249,0.261453365776442,0.9999441983542
"ARHGAP15",1.76525645083391,0.188740018408314,0.612266574783536,0.308264449149527,0.757881115144597,0.9999441983542
"ZEB2",39.4859921521044,-0.278171065049074,0.292598788248311,-0.950691104069124,0.341761205401901,0.9999441983542
"ZEB2-AS1",2.07536462858548,-0.0854480326948516,0.556699255135357,-0.153490474267072,0.878011501732068,0.9999441983542
"NMI",2.50472221699808,0.0900299264835816,0.512216251433672,0.175765462793481,0.860478203867774,0.9999441983542
"RIF1",2.60105689170003,0.0674743929625993,0.555975174439304,0.121362240734304,0.903404123291341,0.9999441983542
"PRPF40A",3.83638278515445,-0.0961305215652883,0.440516271968726,-0.21822240784811,0.827255826840067,0.9999441983542
"NR4A2",7.70926567765436,-0.763891883305786,0.568582056631499,-1.3435033244478,0.179109050286498,0.9999441983542
"CYTIP",4.45323417311039,-0.238831391229415,0.411420414210708,-0.580504474207005,0.561574470407148,0.9999441983542
"BAZ2B",5.41847364737057,0.224605273309213,0.385345674225689,0.582866990165476,0.559982843853199,0.9999441983542
"CD302",4.55071150602618,-0.136001876609748,0.5173710853229,-0.262871042599659,0.792649976243178,0.9999441983542
"RBMS1",7.05566457155293,-0.147101123591644,0.403310613077959,-0.364734075478469,0.715309919760782,0.9999441983542
"TANK",3.15280505432647,-0.385437291448375,0.557768713249866,-0.691034262575623,0.489544009698012,0.9999441983542
"IFIH1",3.07895062639646,-0.33614458804436,0.525130230095765,-0.64011662018212,0.522096784574347,0.9999441983542
"GCA",3.7761973635594,-0.178909001444545,0.446906710811594,-0.400327399692974,0.688915389511269,0.9999441983542
"PPIG",4.60786620070706,-0.0519192023963692,0.429282576164984,-0.120944117649013,0.90373529779749,0.9999441983542
"UBR3",2.75077975098528,0.0599463780135415,0.495651921060821,0.120944508568112,0.903734988162078,0.9999441983542
"TLK1",1.86818805786139,0.437575516520013,0.559908434086367,0.781512636497481,0.434501047489695,0.9999441983542
"MAP3K20",1.78344521550402,-0.547056960096056,0.646297224404899,-0.846447949083764,0.397302899275353,0.9999441983542
"SP3",4.93508248960977,0.371220295070547,0.379059221837827,0.979320047328559,0.327421868025894,0.9999441983542
"CIR1",2.28532293528571,-0.116526842154022,0.558084490806994,-0.208797850636421,0.834606049300838,0.9999441983542
"WIPF1",4.92881880781279,-0.16722137236604,0.437474497041526,-0.382242561559347,0.702281454793832,0.9999441983542
"HNRNPA3",4.47393948007812,0.013603714273753,0.399421636767333,0.0340585311898796,0.972830476601512,0.9999441983542
"NFE2L2",3.90429941774403,0.106832587491762,0.54488845150756,0.196063225778019,0.844560679167979,0.9999441983542
"SESTD1",2.06898706374743,0.287376731451554,0.547149497166377,0.52522525002736,0.599426613917422,0.9999441983542
"ITGA4",11.8341154657609,-0.253204827300731,0.364918755576468,-0.693866301557285,0.487766058449753,0.9999441983542
"ITPRID2",3.47448226912494,-0.344920726103153,0.50277268144354,-0.686037127380969,0.49268969631239,0.9999441983542
"AC096667.1",2.46616329902389,0.446556687081194,0.550290541974552,0.811492571685605,0.417082857049979,0.9999441983542
"ZC3H15",3.14324193354081,-0.295222934938272,0.501645306254848,-0.588509313766592,0.556190484155454,0.9999441983542
"GLS",3.83960094886915,0.295056522839373,0.510505635998481,0.577969178072408,0.563284928572559,0.9999441983542
"STAT1",13.5184135201827,-0.726570848387415,0.34798878329046,-2.08791456298452,0.0368055422716307,0.9999441983542
"NABP1",7.38144649977665,-0.91872313651305,0.479490083821001,-1.91604199442844,0.0553597506053988,0.9999441983542
"STK17B",15.9808223086144,-0.516604595255383,0.322139005337725,-1.60366980308325,0.108786855419181,0.9999441983542
"ANKRD44",7.24466753551778,-0.20730401973867,0.350217344107523,-0.591929620924267,0.553897717627706,0.9999441983542
"SF3B1",8.11039384875406,-0.386451182879727,0.372782779369747,-1.03666586619985,0.299891605092075,0.9999441983542
"SPATS2L",3.1852206361364,0.307680105445171,0.49570924845899,0.620686635162963,0.534805824618511,0.9999441983542
"CLK1",4.2889535641399,-0.016792821977384,0.452602913786161,-0.0371027703664276,0.970403063118042,0.9999441983542
"CFLAR",15.446028514435,0.263428799186071,0.312345643524078,0.843388741440102,0.399011066458806,0.9999441983542
"CASP8",2.92454385077525,-0.0301031814859683,0.50480167058396,-0.0596336803940142,0.952447393017335,0.9999441983542
"BMPR2",2.1471630092763,0.802320463378431,0.595381668931713,1.34757333865859,0.177795650546315,0.9999441983542
"FAM117B",1.79019244714947,-0.117581893542202,0.604272619087926,-0.194584182416998,0.845718486963965,0.9999441983542
"INO80D",2.06500739407025,-0.0386269324056576,0.627574076171067,-0.0615495984813888,0.950921515374031,0.9999441983542
"EEF1B2",6.59656907189709,-0.244161441528398,0.392374216291235,-0.622266783572681,0.533766458832299,0.9999441983542
"CREB1",2.69556485160866,0.687451669771889,0.528534385177505,1.30067539416761,0.19336958808625,0.9999441983542
"XRCC5",2.42760970175002,0.335877486974539,0.516430179651679,0.650383149956652,0.515444758742852,0.9999441983542
"RPL37A",30.1251875562392,-0.076132255935369,0.447741888379428,-0.170036036188002,0.864981796508063,0.9999441983542
"ARPC2",17.0600092146118,-0.306145459179732,0.250465210571885,-1.22230731557773,0.221591433820879,0.9999441983542
"GPBAR1",3.15563380054057,-0.427912496784007,0.493603584284946,-0.866915294798556,0.385988422615427,0.9999441983542
"PNKD",1.9129016491914,-0.24328365079199,0.633113984498316,-0.384265166697857,0.700781922743814,0.9999441983542
"TMBIM1",2.04489692225829,0.085397695177557,0.576314022714165,0.148179103425897,0.882201422801896,0.9999441983542
"SLC11A1",33.3065518659487,-0.0349197166720899,0.336360431972272,-0.103816362903733,0.917315080918069,0.9999441983542
"CTDSP1",5.17602293682565,0.382993758680712,0.442152757705443,0.866202352029335,0.386379203769283,0.9999441983542
"CNPPD1",1.86871355557429,0.474772237681244,0.570444546132438,0.832284646947992,0.405248294544209,0.9999441983542
"ZFAND2B",1.59705691710695,0.970656836144862,0.565737595299214,1.715736843742,0.0862102181060938,0.9999441983542
"TUBA4A",2.55167902439486,0.111941528242508,0.505365009827499,0.221506289643436,0.82469823980224,0.9999441983542
"DNPEP",1.54965799982659,0.369790518191129,0.616251339373,0.600064445405295,0.548463286741362,0.9999441983542
"GMPPA",1.74634721961921,0.168235451015665,0.621538991811984,0.270675618476011,0.786640530646041,0.9999441983542
"STK11IP",1.56537719357463,0.670937618051484,0.602644006200389,1.11332330720698,0.265569599901555,0.9999441983542
"WDFY1",2.7942130474536,-0.638192812804654,0.632487645481625,-1.00902020357834,0.312964944929692,0.9999441983542
"CUL3",2.72976200585164,-0.090228154756065,0.515893245227456,-0.174896949302532,0.861160607432633,0.9999441983542
"DOCK10",2.16526087686493,0.196199831833178,0.565235011472794,0.347111958478924,0.728507209836744,0.9999441983542
"AGFG1",5.38531872314263,-0.197518888667182,0.528849951360683,-0.37348758028432,0.708785587206426,0.9999441983542
"TRIP12",5.31723115750987,0.243691340245432,0.382765207932731,0.636660112243689,0.524346260601853,0.9999441983542
"SP110",11.1584088529981,0.134693541929578,0.366640078904914,0.367372662399273,0.713341060384478,0.9999441983542
"SP140L",2.16072189911583,0.011463765241124,0.537564942937938,0.0213253587156771,0.982986115106978,0.9999441983542
"SP100",9.91973929156632,0.130199620038141,0.351939348568492,0.369949028341747,0.711420469568256,0.9999441983542
"CAB39",3.00915920617695,-0.0112029790673704,0.4938301653854,-0.0226858945699019,0.981900827443948,0.9999441983542
"PSMD1",1.81311554417891,0.733151288236896,0.606442669431158,1.20893750587272,0.22668685557238,0.9999441983542
"NCL",6.08171515839525,-0.0983190455288548,0.338043950861224,-0.29084693063837,0.771168390622733,0.9999441983542
"PTMA",55.1491389361947,-0.00219662719895941,0.189766599061983,-0.0115754153250222,0.990764361075324,0.9999441983542
"GIGYF2",1.71543488560405,1.17882604647604,0.584812860773553,2.01573208379303,0.0438279987727202,0.9999441983542
"INPP5D",6.86887465850587,-0.144137192342602,0.352319466265901,-0.409109362790132,0.682459405552702,0.9999441983542
"DGKD",3.72804719406836,0.41423898017139,0.491210936557577,0.843301623278974,0.399059775198314,0.9999441983542
"LRRFIP1",27.1282818268672,-0.125595703599302,0.204571318000203,-0.613945810327022,0.539251136863274,0.9999441983542
"ILKAP",1.34726006550506,0.0712827437234248,0.670079011714772,0.106379609683652,0.915281170383728,0.9999441983542
"HDAC4",2.78331458370974,0.640067002481928,0.58178650866695,1.10017505209689,0.271255858275147,0.9999441983542
"NDUFA10",2.26591867317144,-0.103159519405432,0.565485299853392,-0.182426527147881,0.85524800942904,0.9999441983542
"RNPEPL1",7.76600612947772,0.259236068484309,0.347010479666633,0.747055445510905,0.455030093021218,0.9999441983542
"HDLBP",4.07402655155961,0.410686006177147,0.448395992350186,0.915900260447493,0.359719210193775,0.9999441983542
"SEPTIN2",2.66605750486954,-0.0279695948461158,0.535612984296087,-0.0522197849308563,0.958353568345139,0.9999441983542
"STK25",1.52425983087005,0.311652062518762,0.648922426715456,0.480260890498423,0.631041894532408,0.9999441983542
"ATG4B",3.32134181048738,-0.652887665460421,0.495999481551144,-1.31630715302089,0.188070970996828,0.9999441983542
"ITPR1",2.36539278729599,-0.500763462994515,0.597885753052946,-0.837557109259585,0.402279490047582,0.9999441983542
"BHLHE40",3.71017243733527,-0.370026768563278,0.485530170713934,-0.762108702779855,0.445995129143525,0.9999441983542
"ARL8B",3.12852645804566,-0.081369353868748,0.586501839763699,-0.138736741050176,0.889658183682976,0.9999441983542
"SETD5",3.82051535226527,0.351624742258822,0.506472235529318,0.694262622098793,0.487517527039376,0.9999441983542
"MTMR14",3.72641159059083,0.202336541515229,0.438948136574316,0.460957741145285,0.644828924018152,0.9999441983542
"ARPC4",7.54012002662807,-0.380430781490631,0.362976172286797,-1.04808747938981,0.294598304360541,0.9999441983542
"TTLL3",4.22119434723667,0.0887965498885026,0.503342013595668,0.176413944177194,0.85996875059568,0.9999441983542
"BRK1",1.93509307734619,0.0738003526441819,0.586362008371651,0.125861415969169,0.899841625329123,0.9999441983542
"VHL",1.6751930324527,0.391752201818638,0.670444290023041,0.584317306670141,0.559006850493904,0.9999441983542
"ATG7",2.80454115850023,0.512269768138076,0.497852649463724,1.02895860590454,0.303499126821604,0.9999441983542
"RAF1",4.35036990986691,-0.345363891981606,0.456090661728418,-0.757226404664377,0.448914233568769,0.9999441983542
"RPL32",70.0916674699581,-0.0533211501822069,0.330992223009931,-0.161094873158416,0.872018678134731,0.9999441983542
"IQSEC1",5.94343373191454,-0.50335844572015,0.407412545584234,-1.23550060295352,0.21664425219871,0.9999441983542
"NUP210",3.43913257123296,0.828112270703891,0.457533740459061,1.80994798301217,0.070303854122991,0.9999441983542
"XPC",1.67282278091124,0.410193410011316,0.628919706403603,0.652219044553326,0.514259875917452,0.9999441983542
"SLC6A6",4.27115080366577,-0.251285110908641,0.48415186460503,-0.519021260227179,0.603745915572592,0.9999441983542
"CAPN7",2.03102928189355,0.241857963035764,0.61093031014245,0.39588470079242,0.692190087979026,0.9999441983542
"PLCL2",3.26800271181161,0.044793553242183,0.512458210967226,0.0874091824143837,0.930346270805566,0.9999441983542
"RPL15",12.7606495441351,-0.330757745966029,0.373947143648512,-0.884504004333087,0.376424201781074,0.9999441983542
"NGLY1",2.19729110033346,-0.410907980397956,0.631182930405139,-0.651012504622401,0.515038414877174,0.9999441983542
"AZI2",3.83450064979241,-0.0949093423051203,0.435045790602313,-0.218159431387027,0.827304892825391,0.9999441983542
"ZCWPW2",1.74655320047865,-0.0111179565480484,0.635125179686885,-0.0175051421414744,0.986033630640064,0.9999441983542
"TGFBR2",8.2515992103024,-0.156352131271515,0.415752087203156,-0.376070586496212,0.70686442052753,0.9999441983542
"STT3B",2.52483091521068,-0.139180089809657,0.521647673668854,-0.266808608252338,0.789616526024347,0.9999441983542
"CMTM7",2.56505882734099,-0.492905459833119,0.532815930879911,-0.925095199423031,0.354916389953636,0.9999441983542
"CMTM6",3.25634155069703,-1.3482704249769,0.549956591716055,-2.45159426268504,0.014222492958021,0.9999441983542
"GLB1",1.98395666080131,-0.059212220129425,0.55425129379958,-0.106832804527176,0.914921622145945,0.9999441983542
"CRTAP",2.82110781416262,-0.193925956282014,0.554300720840352,-0.349856944057389,0.726446061059261,0.9999441983542
"CLASP2",2.61321785848995,-0.131628081035462,0.526744110101105,-0.249889991195529,0.802672423598363,0.9999441983542
"PDCD6IP",4.49353579229835,-0.00181660397938168,0.435987625597963,-0.00416664114466592,0.996675510979621,0.9999441983542
"TRANK1",3.24384030254423,-0.352646662010005,0.519711682899663,-0.678542879856884,0.497427545626453,0.9999441983542
"EPM2AIP1",1.59831631820351,0.340103359138589,0.585827270951703,0.580552282221473,0.561542240483061,0.9999441983542
"LRRFIP2",3.85413732991838,0.0617994007167086,0.441683697142273,0.139917776265131,0.888724956021229,0.9999441983542
"GOLGA4",3.91542369367137,-0.198309844745356,0.460429437239198,-0.430706268336035,0.66668196044015,0.9999441983542
"ACAA1",4.17627702920699,0.391029233761757,0.507360705258616,0.770712492530218,0.440877365540043,0.9999441983542
"MYD88",6.39631561780706,-0.220396173448993,0.369386136708065,-0.596655238372354,0.550737583321086,0.9999441983542
"OXSR1",2.93091469910487,-0.0148847082159266,0.526063599886091,-0.0282945032105427,0.977427264648884,0.9999441983542
"GORASP1",1.7942807008036,0.106156114957803,0.590087735759082,0.179898866769778,0.857231964874433,0.9999441983542
"CSRNP1",3.7524337327574,-0.400254087895213,0.564415744317755,-0.70914763084617,0.478232867734498,0.9999441983542
"RPSA",13.4835208584299,0.171896516607147,0.295822570955397,0.581079787292719,0.561186680670006,0.9999441983542
"RPL14",24.851227019682,-0.109603555179627,0.278373105669294,-0.393728966439149,0.693781153130697,0.9999441983542
"CTNNB1",3.93347213238137,-0.177628274668801,0.471521037602072,-0.376713360600265,0.706386632813665,0.9999441983542
"TRAK1",2.84852591143636,0.334953034910491,0.548733516085216,0.61041111047876,0.541589510066646,0.9999441983542
"NKTR",8.20295671145633,-0.263811331557612,0.372406856062868,-0.708395474634003,0.478699701909966,0.9999441983542
"SNRK",2.05014386637702,0.0636362313334324,0.567407774231164,0.112152554518061,0.910702447754978,0.9999441983542
"ABHD5",3.98952549534217,0.136931367128669,0.45856293352642,0.29860975913523,0.765237818304333,0.9999441983542
"ZDHHC3",1.97201970054732,0.0688001730469354,0.586682929641666,0.117269771406093,0.906646278642234,0.9999441983542
"CCR1",4.96912253767145,0.191945381780787,0.490390985081238,0.391412949300015,0.695492022149952,0.9999441983542
"CCR2",1.70012624676616,0.403223322133919,0.689205843353439,0.585054996301211,0.558510737918953,0.9999441983542
"CCDC12",6.95981617342575,0.350707334915707,0.367485166704549,0.954344193156697,0.339909444925672,0.9999441983542
"NBEAL2",14.5503830443678,0.3053800305647,0.285350830115569,1.07019149178931,0.284533123282819,0.9999441983542
"SETD2",3.78790502731961,0.0797701267167314,0.517086777227193,0.154268355389956,0.877398147337853,0.9999441983542
"KLHL18",3.27227243886505,0.347502077579115,0.498585125134791,0.69697642400617,0.485817548209235,0.9999441983542
"SMARCC1",2.21945201066169,-0.574078966421127,0.556380731663538,-1.03180957526094,0.302161332749401,0.9999441983542
"DHX30",1.86402308067289,0.511138371552306,0.560439681343628,0.912031015232319,0.361752390873691,0.9999441983542
"MAP4",2.76210671917659,0.00174871177770584,0.549707684481841,0.00318116669472101,0.997461800489964,0.9999441983542
"TMA7",11.1174002149342,-0.280777829236465,0.399974102148538,-0.701990023174531,0.482685385346216,0.9999441983542
"SHISA5",5.35381141028564,-0.354839892718921,0.426545367861698,-0.831892500668235,0.405469625226001,0.9999441983542
"PFKFB4",2.65816036869837,0.341581161750212,0.517594855223245,0.659939252299724,0.509292813600512,0.9999441983542
"UQCRC1",5.07504863420734,0.250229277251779,0.491482761616344,0.509131340494726,0.610660165281253,0.9999441983542
"SLC26A6",2.2024764254547,0.561334914056278,0.674199718589381,0.832594405750794,0.405073515110046,0.9999441983542
"PRKAR2A",2.47258718948435,-0.277715971603993,0.550668425736149,-0.504325213912046,0.614032861987758,0.9999441983542
"ARIH2",1.82152980073437,0.322499852111854,0.587846062451789,0.548612762271079,0.583271225656856,0.9999441983542
"QRICH1",2.34508542066936,0.426442024824385,0.557524348802584,0.764885023838458,0.444340012518999,0.9999441983542
"USP19",1.62274125139004,0.495992950554305,0.598669096383678,0.828492657380182,0.407391551551014,0.9999441983542
"USP4",4.30455065857104,0.445897776239132,0.448835807785652,0.993454106166317,0.320488705273192,0.9999441983542
"RHOA",11.0663621243694,-0.805621791216578,0.352695850200694,-2.28418279023741,0.0223607905573671,0.9999441983542
"UBA7",6.06378556169464,-0.116272640892133,0.386119490557363,-0.301131239773196,0.76331442007679,0.9999441983542
"RBM6",5.20775671766579,0.264165229448464,0.383648241585163,0.688561032775709,0.491099550120996,0.9999441983542
"RBM5",5.8015696190037,0.126204384190034,0.416699776041898,0.30286645553019,0.761991636028992,0.9999441983542
"GNAI2",20.0545076557827,0.136447729738383,0.283092947854347,0.48198915152272,0.629813652845883,0.9999441983542
"RASSF1",2.07467425194097,0.277734629500574,0.57328807392161,0.484459109014276,0.628060077755063,0.9999441983542
"CYB561D2",1.40909191541094,0.834621414952207,0.630400219535754,1.32395482915099,0.185518046998097,0.9999441983542
"MAPKAPK3",3.39741261948804,-0.0296409938731822,0.443967882331917,-0.066763824710685,0.946769722824019,0.9999441983542
"RPL29",48.7684641883719,0.0792702289998711,0.288127037973832,0.275122493040971,0.783222131204699,0.9999441983542
"TWF2",4.63241150756664,-0.163002287896977,0.518174965148296,-0.314569978984468,0.753088176060576,0.9999441983542
"WDR82",2.50590964781503,-0.494637302139373,0.548277489874958,-0.902165985789755,0.366968700627239,0.9999441983542
"BAP1",1.87684016228777,-0.0650630304680031,0.561587514810797,-0.115855550118352,0.907767024256841,0.9999441983542
"NISCH",3.51958462229162,0.0198135125395754,0.539926897701319,0.0366966576844557,0.970726873631253,0.9999441983542
"STAB1",16.5354441531646,0.204509497136656,0.282738596768234,0.723316517356475,0.469485447282685,0.9999441983542
"PBRM1",2.49943861785402,0.494007735900229,0.573462030133181,0.861448029585325,0.388991332829397,0.9999441983542
"ITIH4",1.25474854663593,1.01335117724546,0.683220323877568,1.48319823317646,0.138021750507407,0.9999441983542
"STIMATE",2.01223138908111,-0.253464769000044,0.762791377488916,-0.332285833951666,0.73967343565883,0.9999441983542
"PRKCD",7.55673984901464,0.189098248432912,0.371089759058469,0.50957549707837,0.61034889383321,0.9999441983542
"TKT",16.3123730189904,0.296009307991279,0.254435976121514,1.16339407855558,0.244669650925072,0.9999441983542
"DCP1A",1.23933967920999,-0.349058035926959,0.79439599309368,-0.439400549551608,0.660371328392631,0.9999441983542
"TASOR",2.92237895652324,-0.260650054419031,0.505333376560803,-0.515798216601014,0.605995348270862,0.9999441983542
"APPL1",1.5017400618418,0.234730377873258,0.633668935542723,0.370430621902299,0.711061661036438,0.9999441983542
"ARF4",2.25860483064028,-0.552157326842865,0.569462133389588,-0.969612015387712,0.332239921506261,0.9999441983542
"SLMAP",1.83026690382472,0.207547023452676,0.587294947507821,0.353394873110008,0.723792428859144,0.9999441983542
"ATXN7",2.45186845248862,0.845479523866523,0.533337857062289,1.58526066108181,0.112907123075402,0.9999441983542
"TMF1",2.21529083875263,-0.48141988227872,0.558419689018623,-0.8621112252055,0.388626314861582,0.9999441983542
"UBA3",2.21446889963462,0.647760189558921,0.535062833898617,1.21062452579477,0.226039340195849,0.9999441983542
"ARL6IP5",4.13084359876851,-0.237228813416908,0.455818302152223,-0.520446002928781,0.602752753786009,0.9999441983542
"FRMD4B",1.84198860429124,-0.342884849934163,0.731579220331186,-0.46869134661717,0.639290273151764,0.9999441983542
"FOXP1",7.60659069126737,-0.100073852754257,0.347726866242026,-0.287794422777225,0.773504106820583,0.9999441983542
"EIF4E3",3.23177874271746,-0.783101854980703,0.547401934884778,-1.43057926009256,0.152550835002435,0.9999441983542
"PPP4R2",2.63544193604028,0.00384135926735928,0.551327170573516,0.00696747679488264,0.994440802816864,0.9999441983542
"CGGBP1",2.32834603653121,-0.11372587884126,0.550414564558284,-0.20661858563377,0.836307744229573,0.9999441983542
"MTRNR2L12",285.337405475779,0.551728426628733,1.07088857105143,0.515206195624099,0.606408940048336,0.9999441983542
"CRYBG3",2.72957599174546,0.149670583478398,0.56307976198706,0.265807073140444,0.790387795548088,0.9999441983542
"RPL24",16.4285895943675,-0.47572484598449,0.354628518348521,-1.34147374328468,0.179766689044408,0.9999441983542
"NFKBIZ",22.9340764208041,-0.324540014355157,0.306816406695375,-1.05776616658372,0.290162061144394,0.9999441983542
"BBX",1.49429884309795,0.545954063417898,0.611930529553765,0.892183078062834,0.372294810785135,0.9999441983542
"ATG3",4.26802802547956,-0.663625216738766,0.531480674135716,-1.24863470871813,0.211798711405617,0.9999441983542
"ATP6V1A",1.28037899657863,0.457633807838623,0.703937628169717,0.650105619482937,0.515623999606432,0.9999441983542
"GSK3B",4.99503585932768,0.229544636636582,0.426696668923452,0.537957414140867,0.590606449347019,0.9999441983542
"LRRC58",1.90444915648568,0.334584730382532,0.569114646268775,0.587903918087741,0.556596786423325,0.9999441983542
"HCLS1",14.2269354217203,-0.0948739607205796,0.282529744755414,-0.33580167214858,0.737020429132885,0.9999441983542
"GOLGB1",3.33131213874293,0.0735709871933802,0.47058964470538,0.15633787955415,0.87576669984604,0.9999441983542
"CD86",3.29007075087268,0.217187696995068,0.526913522563927,0.412188504744093,0.680201262048644,0.9999441983542
"CSTA",4.26792368938077,-0.285039715447225,0.483473594364645,-0.589566252985974,0.555481482158502,0.9999441983542
"PARP9",6.63103499412508,0.155532028260528,0.371028007485727,0.419192150248956,0.675075708480735,0.9999441983542
"DTX3L",2.6803020400304,-0.417650736820698,0.533056169524919,-0.783502303693296,0.433332201416979,0.9999441983542
"PARP14",19.4256634393448,0.341157359486642,0.326128272205335,1.04608336216813,0.295522546117017,0.9999441983542
"SLC49A4",4.3202022903086,0.342886089375587,0.465684360753079,0.736305786222004,0.461544625668757,0.9999441983542
"ZNF148",2.15051370706353,-0.193231967881214,0.556927540033457,-0.346960697741048,0.72862084541301,0.9999441983542
"OSBPL11",3.96087832440901,0.212250246433982,0.455003619016925,0.466480347766393,0.640871711228221,0.9999441983542
"ZXDC",2.24274722288552,-0.262692693177697,0.523648577224822,-0.501658372815388,0.615907850843906,0.9999441983542
"ABTB1",3.48383387743513,-0.625215477202822,0.568182721022787,-1.10037749137702,0.271167681403622,0.9999441983542
"SEC61A1",3.31041624827579,-0.377621096383024,0.451250369549356,-0.836832769267619,0.40268657497965,0.9999441983542
"RPN1",3.10618881653048,-0.00507085630573122,0.487927824278397,-0.010392636069137,0.991708025399718,0.9999441983542
"RAB7A",3.3822450505917,-0.802031893772212,0.515616894559357,-1.55548024557578,0.119831735745479,0.9999441983542
"CNBP",5.81331249040457,-0.249444221390503,0.397012792653166,-0.628302729802513,0.52980564371417,0.9999441983542
"H1FX",15.0716178033345,0.00419728506481076,0.34131081947089,0.0122975447169167,0.990188226240326,0.9999441983542
"MBD4",1.92751415189292,0.73610832792583,0.553319590369766,1.33034929674894,0.183403211937227,0.9999441983542
"PLXND1",2.91938262952647,0.463012472675156,0.50042447980999,0.925239454414702,0.354841364768054,0.9999441983542
"NUDT16",2.6160896993365,-0.759386773766368,0.556973888346438,-1.36341539460828,0.172751632038519,0.9999441983542
"DNAJC13",2.42500450438901,-0.00744162421871006,0.535981921931907,-0.0138840955528636,0.988922450418517,0.9999441983542
"CDV3",9.84647558274896,0.35212573639626,0.334993853430024,1.05114088748442,0.293193887606847,0.9999441983542
"PIK3CB",2.11655575219097,0.0399241866896869,0.571058338537414,0.0699126236243046,0.944263205516924,0.9999441983542
"SLC25A36",2.64156496307201,0.160635125240985,0.501727807125323,0.320163887589474,0.748844097013062,0.9999441983542
"GK5",1.79715549092528,-0.431341915491639,0.787188010528247,-0.547952852079371,0.583724276959045,0.9999441983542
"XRN1",3.07499464035927,-0.00792388678201127,0.563021822328406,-0.0140738537437885,0.988771060080366,0.9999441983542
"ATR",1.62639207326629,0.00769985666440943,0.69050188223077,0.0111511016299244,0.991102892562125,0.9999441983542
"U2SURP",4.60362259696702,0.146346405064091,0.405292801961907,0.36108809323943,0.718033593868519,0.9999441983542
"PLSCR1",5.36892801993681,-0.524726032859037,0.412614737726625,-1.27170938137137,0.203476396127504,0.9999441983542
"COMMD2",1.75085729652937,0.0388953098812616,0.726143206321536,0.0535642412442247,0.957282346944829,0.9999441983542
"RNF13",4.07844143625763,-0.569973051076935,0.447698979051303,-1.27311670954608,0.202976630375068,0.9999441983542
"SERP1",10.46506805084,-0.678803665986355,0.455704311175373,-1.48957042832348,0.136337222312912,0.9999441983542
"SIAH2",5.46621049525145,0.122645691469072,0.409372943368798,0.299594033889491,0.764486835527214,0.9999441983542
"MBNL1",12.7288219776118,-0.063293155387741,0.285089371081242,-0.222011627959656,0.824304831402487,0.9999441983542
"RAP2B",2.63356320862495,-0.546257515786314,0.555601586497037,-0.983182066182287,0.325517839588377,0.9999441983542
"DHX36",3.8121524496625,-0.0400063572033232,0.435758731736174,-0.0918085038570029,0.926850187499506,0.9999441983542
"CCNL1",19.712370910638,-0.680857634308337,0.439877566357927,-1.54783441207439,0.121662169022306,0.9999441983542
"MFSD1",3.4725325743693,-0.334665023229163,0.492376135426927,-0.679693833940557,0.496698341091656,0.9999441983542
"SEC62",3.30057804722612,-0.120734296262676,0.501284952355703,-0.240849631921537,0.809671660934543,0.9999441983542
"PHC3",3.19388376206939,-0.190213214666749,0.503394924131541,-0.377860811757102,0.705533995554695,0.9999441983542
"FNDC3B",4.03362962760159,-0.258675349675189,0.50232537257362,-0.514955771295979,0.606583926968149,0.9999441983542
"TNFSF10",13.6013311491043,0.237549166395705,0.366405852628259,0.648322521847688,0.516776370206855,0.9999441983542
"GNB4",1.85324734363322,0.984562089160529,0.572446561283547,1.71991964971006,0.0854470481821838,0.9999441983542
"TTC14",3.65157140358169,-0.478303990773201,0.543967115811442,-0.879288429153864,0.379244908046975,0.9999441983542
"YEATS2",2.09928797784021,-0.35000356935949,0.588248477193541,-0.59499273339272,0.551848328309368,0.9999441983542
"AP2M1",4.74060158064274,0.0277349975439636,0.42850157322951,0.0647255442609738,0.948392524084075,0.9999441983542
"PSMD2",1.76051652468346,0.5063972533479,0.592560677544846,0.854591390448069,0.392777395550389,0.9999441983542
"EIF4G1",4.76264143809218,-0.114091721452532,0.403049637480404,-0.283071142715216,0.777122302040334,0.9999441983542
"VPS8",1.23019699529697,0.472441843288204,0.675409816726936,0.69948915693538,0.484246386991777,0.9999441983542
"TRA2B",7.85532388657735,-0.408820555690642,0.37092668394264,-1.10216000462739,0.27039211637437,0.9999441983542
"EIF4A2",3.95306935149757,-0.289188699185307,0.501263258178042,-0.576919801057094,0.563993633668137,0.9999441983542
"BCL6",5.91437970509246,-0.160180516756914,0.483769322894943,-0.331109289440619,0.740561935084066,0.9999441983542
"LPP",3.66477186381113,-0.286776862908901,0.513145810106822,-0.55886038092994,0.576257010190558,0.9999441983542
"ATP13A3",1.92217094806949,0.467279488524628,0.665861286659115,0.701767016474484,0.482824471525251,0.9999441983542
"LSG1",1.45164531964367,-0.107721206357529,0.649843786415985,-0.165764770871524,0.868342071274194,0.9999441983542
"ACAP2",13.5735699691995,0.288171913735549,0.357040405899793,0.807112889672289,0.419601446590551,0.9999441983542
"TNK2",8.17326699239288,0.37463539292585,0.339676850538028,1.10291705876468,0.270063185436969,0.9999441983542
"TFRC",2.63974096083422,-0.748619701091574,0.713027407944663,-1.04991714589136,0.293756207768515,0.9999441983542
"RNF168",1.60944500555653,0.700716023226699,0.586077925812831,1.19560214156654,0.231851855353744,0.9999441983542
"NRROS",5.3724405035368,-0.0390796208215492,0.432154119342176,-0.090429823695852,0.92794565789327,0.9999441983542
"PAK2",8.19723149673547,-0.0136005927280131,0.32155492112429,-0.0422963289768968,0.966262471721255,0.9999441983542
"LRCH3",1.49599264625566,0.440561451026621,0.709631763396051,0.620831075709248,0.534710774354455,0.9999441983542
"RPL35A",32.2671815328112,-0.161611545884114,0.332992812811465,-0.485330432568874,0.627441971401055,0.9999441983542
"ATP5ME",7.40824055127233,0.0041238608532446,0.338762283783194,0.0121733175464239,0.990287337762569,0.9999441983542
"SLC49A3",1.31913076690278,0.246923883181626,0.629552634815762,0.392221189343268,0.694894789094986,0.9999441983542
"GAK",6.35819684654483,0.39678367214645,0.377876609553976,1.05003501702524,0.293702013470319,0.9999441983542
"TMEM175",3.41448961118718,0.283144985728523,0.49438807766523,0.57271807011546,0.566835600388867,0.9999441983542
"IDUA",1.66312725833442,0.717746836005305,0.586597107614837,1.22357718217148,0.221111771701412,0.9999441983542
"CTBP1",2.89889659154224,-0.024624695320518,0.540980864659708,-0.0455186069030512,0.963693944105381,0.9999441983542
"MAEA",2.09936658419914,-0.156102020728383,0.703373525354922,-0.22193331864405,0.824365792707987,0.9999441983542
"TACC3",3.38095710115207,-0.192979532883717,0.484060138663241,-0.39866850721615,0.690137475762954,0.9999441983542
"C4orf48",13.2926348493426,0.0678327101145763,0.277291213000802,0.244626251876146,0.80674583546825,0.9999441983542
"MXD4",3.19959666497585,0.355481521470324,0.466212128965787,0.762488788652709,0.445768331957527,0.9999441983542
"FAM193A",2.35502404774851,0.234310699328643,0.52266185706718,0.448302657177691,0.653934783211579,0.9999441983542
"TNIP2",1.69198591972912,0.205129928005336,0.593406442225153,0.345682003781659,0.729581710335899,0.9999441983542
"SH3BP2",13.3431835430493,-0.162748072519841,0.289330110584742,-0.562499603622049,0.573775673619731,0.9999441983542
"ADD1",3.2737821568338,0.106814860046192,0.456278605669273,0.234100084288447,0.814907280497334,0.9999441983542
"MFSD10",3.03016034610579,-0.0777747222624849,0.58277310193944,-0.133456266261525,0.893832549278884,0.9999441983542
"HTT",4.08431945123219,-0.228298374661438,0.47315891973399,-0.482498300549395,0.629452005378485,0.9999441983542
"LRPAP1",4.88932681922077,0.0441955803231035,0.46010990032965,0.0960543998106522,0.923477367456554,0.9999441983542
"KIAA0232",1.7264244578429,0.425337998905794,0.589147789447366,0.721954671687337,0.470322346519858,0.9999441983542
"SH3TC1",5.22362916687175,0.116282813155219,0.47381400758331,0.245418690233158,0.806132258731335,0.9999441983542
"WDR1",4.16828522817238,-0.147998217073602,0.430686911507098,-0.343632957304677,0.731122336071181,0.9999441983542
"BOD1L1",6.71678365977689,0.355123475321695,0.333703078471915,1.06418998874049,0.287242641294869,0.9999441983542
"FBXL5",6.31875143729757,-0.496008838872875,0.412502230417568,-1.20243916831862,0.229193421464299,0.9999441983542
"LAP3",5.90976256249961,-0.0678294382393159,0.416942941609247,-0.162682783350449,0.870768203288979,0.9999441983542
"DHX15",2.75331216813133,0.0545764892846638,0.510049990753114,0.107002235612393,0.914787206177297,0.9999441983542
"RBPJ",4.30898882588533,0.0893704773169602,0.419790684659887,0.212892950183894,0.831410461280676,0.9999441983542
"STIM2",1.47724671877428,-0.0116324002904705,0.6795895080138,-0.0171168038253974,0.986343433362148,0.9999441983542
"ARAP2",4.17960447810507,-0.330432200517041,0.511987441312943,-0.645391222233263,0.518673690297275,0.9999441983542
"RELL1",2.15127129523361,-0.354276732947272,0.634043268384083,-0.558757975382624,0.576326906697963,0.9999441983542
"TBC1D1",2.62682385165719,0.169603465998412,0.567008100994602,0.299120004989183,0.764848482895838,0.9999441983542
"KLF3",5.90094265129737,-0.384787487482496,0.446470167455408,-0.861843669590595,0.388773550389836,0.9999441983542
"RPL9",21.0800785989292,-0.739624317636152,0.407547427310289,-1.81481778088378,0.0695519169604799,0.9999441983542
"PDS5A",3.55700319067704,0.37272675577568,0.464852416011206,0.801817400399817,0.422658591755376,0.9999441983542
"RBM47",6.41934373381189,0.293035281375383,0.404035848147222,0.725270499435007,0.468286100080648,0.9999441983542
"SLAIN2",1.92810161539033,0.231475531266823,0.615461382855739,0.376100820806624,0.706841944128989,0.9999441983542
"FRYL",3.25299465818434,0.346398926025752,0.441762580113672,0.784129171684525,0.432964319847657,0.9999441983542
"FIP1L1",2.21658380331172,-0.0750021689401031,0.549466855848514,-0.136499896475614,0.891426106384993,0.9999441983542
"TMEM165",4.86001904707359,-0.0770820263916524,0.407264366315288,-0.189267789590947,0.849882939213195,0.9999441983542
"EXOC1",2.40219513737491,0.112687485474417,0.576270919474828,0.195546021265679,0.844965513239317,0.9999441983542
"YTHDC1",4.37032955228543,0.141643635461147,0.446208252457105,0.317438403886901,0.750910970767108,0.9999441983542
"RUFY3",2.35637236985941,0.406217161469841,0.501646388196401,0.809767938189164,0.418073562971245,0.9999441983542
"ANKRD17",3.73289482677222,0.294660144119702,0.466238642601226,0.631994256151189,0.527390630495716,0.9999441983542
"CXCL8",2.97582011586312,-2.42579852135865,1.62088690643044,-1.49658715344972,0.134500714878887,0.9999441983542
"PF4",3.50119822320151,0.794678929214177,0.648847212501676,1.22475509473214,0.220667508828465,0.9999441983542
"PPBP",6.38814984693025,-0.102830034681236,1.26618149603243,-0.0812127131880007,0.935272789252219,0.9999441983542
"EREG",3.28602792473828,-1.10671233040593,1.18758418849995,-0.931902210489877,0.351387065150142,0.9999441983542
"G3BP2",2.14466544577834,-0.141614736331641,0.654559807641651,-0.216351102952489,0.828714077784003,0.9999441983542
"NAAA",3.34147435214302,0.0455108721921215,0.54492855415,0.0835171360456804,0.933440352398381,0.9999441983542
"SCARB2",4.47594236597912,-0.307776087744622,0.430181992349024,-0.715455535607151,0.474327606694261,0.9999441983542
"CCNI",8.40482628460271,-0.10397777705269,0.359349699172379,-0.289349837476313,0.772313677738402,0.9999441983542
"HNRNPD",6.39552591477976,0.133481596389446,0.414762262742286,0.321826762895219,0.747583938193255,0.9999441983542
"HNRNPDL",4.84763657969694,-0.0170791289139249,0.382245712426495,-0.0446810215489575,0.964361561198574,0.9999441983542
"SEC31A",3.7127118569583,0.091700639410645,0.441946470435888,0.207492638916658,0.835625140881188,0.9999441983542
"PLAC8",6.28143443829033,-0.390595682170147,0.442377012999285,-0.882947510138324,0.377264632296111,0.9999441983542
"HPSE",1.78368111803406,0.742798620446152,0.797149937799975,0.931817949451485,0.35143061675803,0.9999441983542
"WDFY3",3.17586541998054,0.557836881625677,0.468083640615505,1.19174616077621,0.233360792182546,0.9999441983542
"ARHGAP24",2.652953789767,-0.41960004051819,0.565010438374764,-0.742641218674043,0.457698926463198,0.9999441983542
"AFF1",2.8112331837636,-0.100850238255767,0.549013479151721,-0.183693555960758,0.85425386448559,0.9999441983542
"PPM1K",1.49842362919737,-0.151845600177018,0.666999823705422,-0.227654633150367,0.819914743816438,0.9999441983542
"HERC5",6.08000793671979,-0.102582651589733,0.400098570851552,-0.256393446673406,0.797647047579899,0.9999441983542
"FAM13A",1.6679098945589,-0.397486195937325,0.697438229297469,-0.569923154825788,0.568729819367946,0.9999441983542
"PDLIM5",2.54159476993331,-0.313800986554372,0.525457617051831,-0.597195618392604,0.550376784222701,0.9999441983542
"DAPP1",3.69691839744272,0.0592197517474447,0.440463883253569,0.134448598395871,0.893047854485382,0.9999441983542
"DNAJB14",2.02592527623849,-0.593624920576135,0.627118082695753,-0.946591936919372,0.343846754191279,0.9999441983542
"PPP3CA",2.84918952095333,-0.102726835834461,0.468658248460426,-0.219193487305357,0.826499328512824,0.9999441983542
"NFKB1",3.64200753457682,-0.177296155532513,0.473874443206474,-0.37414162775447,0.708298949515007,0.9999441983542
"MANBA",6.52060690545724,-0.373426127286682,0.440137620514277,-0.84843037695881,0.396198331254979,0.9999441983542
"UBE2D3",8.11216085501814,-0.684228280761007,0.440812319495219,-1.55219863533879,0.120614702538751,0.9999441983542
"TET2",7.23317299568889,-0.0520223795364532,0.328712670132455,-0.158260950256316,0.874251177478424,0.9999441983542
"AIMP1",3.24347645237887,-0.649806247767396,0.569982185666361,-1.14004659111883,0.254266891055081,0.9999441983542
"RPL34",53.1647204230483,-0.088543617296415,0.337365342654348,-0.262456174661467,0.792969768888819,0.9999441983542
"MCUB",1.68049961898375,-0.339681288546369,0.619930505304782,-0.547934463040124,0.583736904021384,0.9999441983542
"ALPK1",2.13609509102219,-0.139703853974585,0.609075437739309,-0.229370362550033,0.818581069407562,0.9999441983542
"SNHG8",2.71971311824778,-0.442066192026284,0.758911960372765,-0.582499967201924,0.560229963604586,0.9999441983542
"ANXA5",8.30899446074925,-0.0780672261381319,0.407611045238623,-0.191523824121179,0.848115217056261,0.9999441983542
"KIAA1109",4.16465741607726,0.272095264391337,0.438748166083323,0.620162738958693,0.535150650233489,0.9999441983542
"SCLT1",5.05095786047251,0.0867406892711621,0.472898704978324,0.18342340200559,0.854465815204066,0.9999441983542
"ELF2",3.31584720700911,0.128012135272439,0.450865737116354,0.28392517934758,0.776467719883443,0.9999441983542
"NDUFC1",2.24270072209835,-0.516810904930197,0.588325283516597,-0.878444152257172,0.37970273266448,0.9999441983542
"MAML3",1.73045030364633,0.0503819817117774,0.699888454401022,0.0719857305760177,0.942613263739035,0.9999441983542
"LINC02432",2.1733787489949,-0.305537803108403,0.787292095825881,-0.38808696890052,0.697951675016375,0.9999441983542
"IL15",2.88388663724384,0.297463148254593,0.547324328478517,0.543486069916712,0.586795179402136,0.9999441983542
"SMARCA5",2.90094415196105,-1.19973291928316,0.583836099009763,-2.05491390703317,0.0398873209696275,0.9999441983542
"RPS3A",20.8423041833672,-0.259027707516055,0.371998647647139,-0.696313573058355,0.486232474819184,0.9999441983542
"FBXW7",3.39944040984464,0.610783475961121,0.455312172532179,1.34146089827623,0.179770856879127,0.9999441983542
"TMEM154",2.75777676928054,0.044540075861483,0.517692335162093,0.0860358031909768,0.931437955902772,0.9999441983542
"TMEM131L",3.73278242652976,-0.274324831903374,0.520265450643309,-0.527278587429112,0.598000141651271,0.9999441983542
"TLR2",8.65717575450615,0.370409129993293,0.394956473727782,0.937847977264938,0.348322541194263,0.9999441983542
"GASK1B",2.44530816107958,-0.0470454701898013,0.596355802043918,-0.0788882576954232,0.937121503134257,0.9999441983542
"FAM198B-AS1",1.59490257793914,0.0667303266968578,0.721987348730198,0.0924258947393197,0.926359666452932,0.9999441983542
"RAPGEF2",2.19577352492077,0.447332638941778,0.575057715005512,0.777891726811265,0.436632845960483,0.9999441983542
"MARCH1",8.1653897250738,-0.511631810641415,0.375817459671938,-1.36138382471116,0.173392425100053,0.9999441983542
"KLHL2",2.15776699843418,-0.613183122363942,0.81528600814509,-0.752107991843297,0.451986118270217,0.9999441983542
"DDX60",2.46018913863213,-0.186321210944446,0.631084088892007,-0.295239912119429,0.767810614662101,0.9999441983542
"DDX60L",11.1314419059067,0.0375684600026045,0.377845541839174,0.0994280885775149,0.92079838179724,0.9999441983542
"HMGB2",8.1266621685897,-0.166064439217761,0.388913658108826,-0.426995647376551,0.669382497986081,0.9999441983542
"SAP30",4.35282789622492,-0.126016883806675,1.04024349250931,-0.121141717986327,0.903578786304621,0.9999441983542
"IRF2",1.70725510158262,-0.292628872117525,0.604099073695972,-0.484405430929029,0.62809816487469,0.9999441983542
"ACSL1",6.48906026211447,-0.498716153208496,0.46169899374268,-1.08017595872528,0.280063831971007,0.9999441983542
"AC084871.1",1.83205825519622,0.58584061583244,0.895571385133562,0.654152896751017,0.51301330492863,0.9999441983542
"SDHA",2.17043775887386,-0.0690506598585459,0.588561905118904,-0.11732098061052,0.906605699717586,0.9999441983542
"EXOC3",2.48900544469602,0.397838679589679,0.504904868371228,0.787947798707242,0.430727240606266,0.9999441983542
"BRD9",2.08670397591953,0.425275445774677,0.612651885052111,0.694155124877326,0.487584931464303,0.9999441983542
"SLC12A7",5.45949672268894,0.104217574486487,0.379575273483327,0.274563655135098,0.783651492496761,0.9999441983542
"LPCAT1",2.33708564622651,1.09883985242019,0.571504233733671,1.9227151568789,0.054515832274029,0.9999441983542
"NDUFS6",4.4344585675385,-0.263583207906391,0.414937224747295,-0.635236349466882,0.525274279418983,0.9999441983542
"CCT5",2.37464922440927,-0.573338469340392,0.600621701615308,-0.9545750141869,0.339792657579279,0.9999441983542
"MARCH6",2.11145892689704,0.623833376145884,0.550819066291307,1.13255588690164,0.257400802506378,0.9999441983542
"TRIO",2.28195200011979,0.345733907003503,0.52948692702669,0.652960232549945,0.513781916266928,0.9999441983542
"OTULIN",2.67174035805851,0.598171396336147,0.607741482740891,0.984253030809115,0.324991117227673,0.9999441983542
"ZFR",1.4906421135751,0.0317288924888308,0.689299075969725,0.046030661573416,0.963285811401848,0.9999441983542
"SUB1",5.73474556256971,-0.35234654004702,0.438982231520601,-0.80264419547579,0.422180415986177,0.9999441983542
"NIPBL",5.17078669777981,0.0809516272468557,0.381178066964222,0.212372206752531,0.831816667027215,0.9999441983542
"RICTOR",3.18458153724716,-0.504402683120947,0.51181709690285,-0.985513548049158,0.324371879950788,0.9999441983542
"FYB1",23.1335274284669,-0.0204091385566263,0.240146509563855,-0.0849861969415777,0.932272364250806,0.9999441983542
"PTGER4",2.6379065261899,0.194352808510315,0.631603217065975,0.307713455629872,0.758300380106147,0.9999441983542
"RPL37",48.1634770010317,-0.135983887626248,0.378560211725898,-0.359213365309266,0.719435478912567,0.9999441983542
"AC025171.2",1.5383508599519,0.227156784274462,0.659011837282042,0.344693025866307,0.730325161739692,0.9999441983542
"PARP8",2.82679067470083,-0.071144603155534,0.519142581429205,-0.137042511441986,0.890997192812143,0.9999441983542
"SNX18",2.19670464567065,0.109681343558843,0.579790011199815,0.18917425523056,0.84995624468158,0.9999441983542
"DHX29",2.22630158321829,0.183704158284946,0.606180598591228,0.30305186063671,0.761850339642461,0.9999441983542
"IL6ST",2.30588022093454,-0.421391231216405,0.558768366586075,-0.754142962299373,0.45076338237942,0.9999441983542
"MAP3K1",9.11463960430715,-0.0263483470609765,0.329118184503722,-0.0800574027858935,0.936191601608565,0.9999441983542
"GPBP1",4.14959110490389,-0.0927433532696801,0.499986450315379,-0.185491733248331,0.852843363671193,0.9999441983542
"ZSWIM6",3.94203997081966,-0.0385297874127839,0.434567707939498,-0.0886623343355926,0.929350267448052,0.9999441983542
"SREK1IP1",1.59656939630654,-0.217998648507726,0.637500863493514,-0.341958201143588,0.732382348668599,0.9999441983542
"PPWD1",1.21865408610756,1.5257016871589,0.656361733910619,2.32448299212803,0.0200996220803592,0.9999441983542
"SREK1",3.22913707757465,0.10040506740563,0.461982829601003,0.217335063063591,0.827947233695456,0.9999441983542
"PIK3R1",4.01482282452597,0.405694638461523,0.569884477910101,0.711889258590266,0.47653335416703,0.9999441983542
"NAIP",13.105666453458,-0.520548755208165,0.364284796938766,-1.42896096565805,0.153015452986778,0.9999441983542
"BDP1",2.95004256475637,0.17703659836306,0.520273288580185,0.340276163026146,0.733648566409921,0.9999441983542
"BTF3",5.0542365782909,-0.495660348048727,0.48823559058823,-1.01520732532332,0.310007009473293,0.9999441983542
"HEXB",3.30396363641535,-0.0968420975579787,0.541029608417124,-0.178995929337966,0.857940897994345,0.9999441983542
"NSA2",2.57389545087517,0.208084666097202,0.513884285763501,0.40492513949525,0.685532538703454,0.9999441983542
"CERT1",3.35750148373682,0.121163141313141,0.501070891762332,0.241808381418834,0.808928644179565,0.9999441983542
"POLK",2.09629829683896,-0.389083008436807,0.612765128357455,-0.634962713168358,0.525452733761655,0.9999441983542
"IQGAP2",4.27467643926888,0.372735072601441,0.403215369285194,0.924406907559629,0.355274499651138,0.9999441983542
"AP3B1",3.73771123676124,-0.206106482866024,0.502721316146125,-0.409981586708997,0.681819454910601,0.9999441983542
"TENT2",2.03243112755973,-0.407509475284962,0.786919616738415,-0.517854005182875,0.604560135061226,0.9999441983542
"SERINC5",1.77126030865544,0.240504660586112,0.648943166827899,0.37060974347218,0.710928223859816,0.9999441983542
"ZFYVE16",2.45208354834304,0.592079308854899,0.561479939404647,1.05449770740286,0.291655109699554,0.9999441983542
"RPS23",45.1788760552041,-0.112190554041575,0.261414524269369,-0.429167255932462,0.667801510275197,0.9999441983542
"VCAN",69.261231107094,0.304853084194416,0.26170406367953,1.16487715134498,0.244068723459085,0.9999441983542
"COX7C",7.34500828460316,-0.493278734098031,0.457657240857373,-1.0778344360376,0.281107648792642,0.9999441983542
"CCNH",3.93753308104746,-0.0873931018189799,0.513882329994247,-0.170064422763784,0.864959472416003,0.9999441983542
"MEF2C",6.46613070094201,-0.098128347424338,0.475856199125315,-0.206214288275976,0.836623527273985,0.9999441983542
"ARRDC3",2.77005777471515,-0.338456067673806,0.604684822348891,-0.559723107252928,0.575668318549772,0.9999441983542
"MCTP1",2.99996152053507,0.415288294701352,0.515051125509161,0.806304994073768,0.420067011636205,0.9999441983542
"GLRX",3.34630378027461,-0.425861646626523,0.567556087725192,-0.750342839829997,0.453048247489992,0.9999441983542
"CAST",16.4453568021894,0.215764841363327,0.282570039022234,0.763580038810659,0.445117548393334,0.9999441983542
"ERAP2",1.63263650598679,0.963239715624657,0.568737915822495,1.69364427590807,0.0903328992283359,0.9999441983542
"LNPEP",2.95941701758523,-0.428442029581678,0.583510616800154,-0.734248901812894,0.462797054329968,0.9999441983542
"CHD1",9.12583692506233,-0.0149063811835835,0.32687357036879,-0.0456028952318341,0.963626761513615,0.9999441983542
"ST8SIA4",2.51373265474244,-0.361452943623771,0.666640937747834,-0.542200340778495,0.587680500573899,0.9999441983542
"PPIP5K2",1.82114312026995,-0.1522615411204,0.630159978190913,-0.241623629538515,0.809071810791403,0.9999441983542
"PJA2",2.71205421681847,-0.770007125610809,0.548520061715798,-1.40379027013559,0.160381312181563,0.9999441983542
"MAN2A1",2.72351632539187,-0.170330780766581,0.510599616489716,-0.33358971543609,0.73868918002318,0.9999441983542
"APC",1.93604436223694,-0.10974791645147,0.622265168753059,-0.176368406850397,0.860004523261697,0.9999441983542
"REEP5",3.76243266451398,-0.642949167419443,0.50977875876665,-1.26123177233783,0.207225354582542,0.9999441983542
"DCP2",3.71454436041379,-0.12212670384461,0.457114857882607,-0.26716852830011,0.789339406443785,0.9999441983542
"DMXL1",3.27007355391122,0.288978570886593,0.51317426491548,0.563119763876288,0.573353334249559,0.9999441983542
"SNX2",4.13116871366872,-0.430429973051121,0.499284678271676,-0.862093294232656,0.388636181192448,0.9999441983542
"LMNB1",1.72975023555478,-0.357861118363919,0.603929622065713,-0.592554339593199,0.55347944444178,0.9999441983542
"FNIP1",3.62970150993361,-0.502283370295698,0.517400202074081,-0.970783096493228,0.331656301779355,0.9999441983542
"C5orf56",2.79991162397115,-0.0457352249420085,0.558865607557576,-0.0818358194233605,0.934777271809809,0.9999441983542
"IRF1",24.5471284355056,0.14108603814823,0.380760093279198,0.370537881039903,0.710981756940885,0.9999441983542
"UQCRQ",5.40231008933282,-1.02683082737319,0.550257315069036,-1.8660920977386,0.0620284813814691,0.9999441983542
"AFF4",8.19285911369409,-0.0840317581548711,0.400102091158612,-0.210025790946338,0.833647543674983,0.9999441983542
"PPP2CA",2.29509398077635,-0.52742838129271,0.666248629461171,-0.79163897375559,0.428571215094371,0.9999441983542
"UBE2B",3.53866060153487,-0.432902982404418,0.533171437049684,-0.811939560753472,0.416826312766186,0.9999441983542
"DDX46",4.8027883043357,0.020830539378993,0.384578470119661,0.054164600978603,0.95680402359049,0.9999441983542
"C5orf24",1.54233624287201,0.273976686735042,0.734063291966036,0.373233057331136,0.708974994691985,0.9999441983542
"H2AFY",12.0258560424156,-0.27778158381056,0.369489281480849,-0.75179876043294,0.452172087569621,0.9999441983542
"TGFBI",5.30631401148185,0.325307504532426,0.503450429457057,0.646155977825369,0.518178345957201,0.9999441983542
"FAM13B",2.23449061759696,-0.152440096225036,0.628386399656112,-0.242589744635562,0.808323226536912,0.9999441983542
"KDM3B",3.41835496533897,-0.0708334094286337,0.496905245932153,-0.142549127843793,0.8866462771309,0.9999441983542
"EGR1",14.0969095004243,-0.866189802049063,0.989706476784029,-0.875198679980025,0.381465811338549,0.9999441983542
"HSPA9",3.10680802854516,-0.0810832436483026,0.525970494616812,-0.154159300717761,0.877484131836415,0.9999441983542
"CTNNA1",2.45877028573255,-0.347799710138027,0.520019815060106,-0.66882011043719,0.50361023663706,0.9999441983542
"SIL1",2.7699521457352,-0.56984029653606,0.593830447369949,-0.959601009109351,0.337256060990614,0.9999441983542
"TMEM173",3.07502611958296,0.0881880709340347,0.500321150331146,0.176262928072631,0.860087385115878,0.9999441983542
"UBE2D2",2.82614494906266,0.124805147417102,0.463218910499788,0.269430164848935,0.787598675917591,0.9999441983542
"ANKHD1",5.40766511879458,0.0927000075430344,0.384275411885207,0.241233252703471,0.809374339843121,0.9999441983542
"SRA1",3.4241046901362,0.631670712369286,0.490258597883861,1.28844392550342,0.197591476560221,0.9999441983542
"APBB3",2.07073662576135,0.225164269226776,0.582439127055399,0.386588501299912,0.699060871975932,0.9999441983542
"CD14",36.6153030494352,0.324564053456383,0.343050913905986,0.946110446874747,0.344092255901237,0.9999441983542
"NDUFA2",3.80347630554855,-1.12415311311626,0.568291108421413,-1.97812898434907,0.0479141575439856,0.9999441983542
"IK",2.28460972712669,0.261086668207359,0.548988890817156,0.47557732510532,0.634375532736389,0.9999441983542
"DIAPH1",6.6013918147391,0.327961836323893,0.35448425921684,0.92518025214563,0.354872153903458,0.9999441983542
"HDAC3",1.32878637673867,-0.13967489654761,0.721844095590984,-0.19349731805073,0.846569506253234,0.9999441983542
"NDFIP1",4.30630354942262,-0.102271279488083,0.447573181889229,-0.228501804009773,0.819256153820821,0.9999441983542
"ARHGAP26",12.6980557972495,-0.146106756707137,0.357589556256867,-0.408587874423782,0.682842130664446,0.9999441983542
"NR3C1",5.41305093679482,0.158286365668983,0.389466082002965,0.406418871843576,0.684434855696276,0.9999441983542
"TCERG1",2.18729927622759,0.35930598681216,0.544779634273077,0.659543720446888,0.509546680611562,0.9999441983542
"FBXO38",1.9596739998613,-0.380083384080938,0.681493718130485,-0.557721038315079,0.577034889259197,0.9999441983542
"ADRB2",1.92307871278723,0.0678418180280045,0.564411107501506,0.120199296446028,0.90432527509059,0.9999441983542
"CSNK1A1",4.94712310572034,-0.0952768392984646,0.422864583855457,-0.225312884871512,0.821735876684023,0.9999441983542
"HMGXB3",2.24856198757931,-0.103662253847746,0.555433078185748,-0.18663320194459,0.851948232724904,0.9999441983542
"CSF1R",8.13703295792124,-0.0549115590155198,0.338135190898728,-0.162395280034505,0.870994587492051,0.9999441983542
"TCOF1",2.07660046689962,0.678464405796708,0.556695758776222,1.21873464114073,0.222944925436974,0.9999441983542
"CD74",152.640695149946,-0.0985492729316329,0.366156039624377,-0.269145561637411,0.787817670422446,0.9999441983542
"RPS14",41.0480240682423,-0.517611076572097,0.301498046392977,-1.71679744782637,0.0860161874444303,0.9999441983542
"DCTN4",2.17485874287871,0.556567949497894,0.571846253655742,0.973282496719747,0.330412919205476,0.9999441983542
"TNIP1",3.85147453439189,-0.0673510402555931,0.493410044105879,-0.136501153675624,0.891425112586201,0.9999441983542
"ANXA6",2.96466670627085,0.407872937706718,0.524074257764612,0.778273177252514,0.436407984736147,0.9999441983542
"CCDC69",5.54594304602043,0.235595152074873,0.419529109327053,0.561570453246451,0.574408716100499,0.9999441983542
"SLC36A1",1.43807195989812,0.0963905857881445,0.649923403486089,0.148310685953329,0.882097582453086,0.9999441983542
"ATOX1",4.12211983462395,-0.305448632468732,0.4382981520374,-0.696896920620984,0.485867305046485,0.9999441983542
"LARP1",4.31036015095567,0.0529670568475104,0.419858152213738,0.126154646678258,0.899609511165768,0.9999441983542
"CLINT1",2.72119558806425,0.0639942758487933,0.512739380870674,0.124808583534438,0.900675091853756,0.9999441983542
"RNF145",4.53983802281723,0.765399025156452,0.46331310234535,1.65201247554171,0.0985320076648422,0.9999441983542
"DOCK2",7.08008166489142,-0.393229350533485,0.354528086022416,-1.10916276040432,0.26735997434676,0.9999441983542
"LCP2",8.13662793260664,-0.391781407783421,0.444969268614739,-0.880468462469553,0.378605582655089,0.9999441983542
"STK10",12.0454837039079,0.103389506240294,0.304419077802461,0.339628866188815,0.734136036899994,0.9999441983542
"DUSP1",73.5905311588458,-0.478454244223129,0.256277241755873,-1.86694004096899,0.0619099614325825,0.9999441983542
"ERGIC1",2.16422458167928,-0.149384842290199,0.630025723992001,-0.237109115709846,0.812572140682198,0.9999441983542
"ATP6V0E1",4.18611110853531,-1.60082653447658,0.556397141025102,-2.87712933162673,0.00401311079267439,0.9999441983542
"CREBRF",2.89363570189009,-0.180894115820641,0.505452118572099,-0.357885760438925,0.720428807424647,0.9999441983542
"HRH2",9.67723702159071,0.152894625037218,0.331555564091551,0.461143294205131,0.644695802053648,0.9999441983542
"HIGD2A",6.51457793465408,-0.554970542458911,0.496103085415467,-1.1186597277341,0.263285332136677,0.9999441983542
"CLTB",2.38870178602885,-0.122870445044927,0.574718736584319,-0.213792307825518,0.830709023743708,0.9999441983542
"RNF44",2.91323803709559,-0.179956301012889,0.516829103088734,-0.348193048606229,0.727695207952134,0.9999441983542
"HK3",21.4691030664969,0.311386127274709,0.216814355261921,1.43618777870377,0.150948915666637,0.9999441983542
"UIMC1",1.91099523087498,0.77048250225456,0.569347497922039,1.35327283437024,0.175968484413753,0.9999441983542
"NSD1",4.28416510783335,0.21221414760883,0.404084402902363,0.525172825490387,0.599463053892089,0.9999441983542
"RAB24",11.125772199319,0.00313450267002437,0.376104426367975,0.00833412863627833,0.99335040441106,0.9999441983542
"MXD3",1.76301460826036,0.914319154773333,0.542525495222608,1.68530172835135,0.0919303724498844,0.9999441983542
"PRELID1",6.19294389538959,0.00214241799660594,0.391374702680262,0.00547408399657401,0.995632334707888,0.9999441983542
"LMAN2",2.46574316013251,-0.051093088731423,0.548919277351923,-0.0930794214003641,0.925840465795583,0.9999441983542
"RGS14",2.92211274169554,0.267394563019554,0.468107140142377,0.571225132217008,0.567847044124249,0.9999441983542
"GRK6",4.78002919267341,0.517018541090493,0.427737820063512,1.20872767578449,0.226767485398438,0.9999441983542
"PDLIM7",3.00755357610479,0.426231359201822,0.499703722652935,0.852968148684089,0.393676967634113,0.9999441983542
"DOK3",6.24321081649174,-0.127293543703267,0.42979573261615,-0.296172190748466,0.767098585187063,0.9999441983542
"DDX41",3.02879211239345,0.0357391125550467,0.513907414301177,0.069543874169719,0.94455671062876,0.9999441983542
"FAM193B",2.1692471587021,0.821736836905194,0.511962560382459,1.60507212928094,0.108477932008512,0.9999441983542
"TMED9",2.31569999125862,0.191791176550586,0.568249462422705,0.33751228858694,0.735730750102376,0.9999441983542
"RMND5B",1.37861615171104,0.401500582106577,0.673670710444046,0.595989369705461,0.551182328258968,0.9999441983542
"HNRNPAB",3.57579002254594,0.692528416212558,0.444280147767266,1.5587651613354,0.119051972753,0.9999441983542
"PHYKPL",6.14055873003051,0.0947755493373718,0.412806291962955,0.2295884321111,0.818411596623498,0.9999441983542
"ADAMTS2",1.35780940140539,-1.56638847578709,1.54165562321474,-1.01604304631976,0.309608888381278,0.9999441983542
"RUFY1",2.17413279915904,0.38703903896826,0.546730284919699,0.707915858411075,0.478997511006957,0.9999441983542
"HNRNPH1",7.30803779321228,0.102293734405567,0.34570587466114,0.29589816634107,0.767307851446874,0.9999441983542
"CANX",3.41106351841552,0.268421228528995,0.507552259233676,0.528854366512463,0.596906480112298,0.9999441983542
"MAML1",2.24880999000395,-0.16576437830548,0.716814823148921,-0.23125132593839,0.817119558086879,0.9999441983542
"SQSTM1",13.0098590382428,-0.0284093342328978,0.360303501772084,-0.0788483433915347,0.937153251247431,0.9999441983542
"TBC1D9B",2.56349721260523,0.515200982950555,0.534783948945806,0.96338153747162,0.335356088046164,0.9999441983542
"RNF130",6.9995317290644,-1.06889988866586,0.381822431541416,-2.79946854968871,0.00511868026176098,0.9999441983542
"MGAT1",8.31102817771811,-0.0164620666765018,0.33068940877479,-0.0497810520678422,0.960296866219043,0.9999441983542
"TRIM41",1.30747092699161,-0.204780595817037,0.723662231823096,-0.282978144791584,0.777193590491488,0.9999441983542
"RACK1",23.3142422410191,0.198145393033225,0.271857034845622,0.728858803104892,0.466088037194099,0.9999441983542
"DUSP22",2.89879527238075,0.541488831003222,0.542400609652387,0.998318994055427,0.318124700071523,0.9999441983542
"SERPINB1",8.68126082765036,0.381581558293263,0.335650833187086,1.13684078978757,0.255604848077516,0.9999441983542
"SERPINB6",4.56595781523923,0.0903264426734367,0.396462215875989,0.22783115024936,0.819777509063627,0.9999441983542
"NQO2",2.30327270413131,-0.0365947294647221,0.632394764360378,-0.0578669077087237,0.953854642756271,0.9999441983542
"PRPF4B",4.64652546315711,0.612894293959262,0.420420902755915,1.45781118384376,0.144892594750269,0.9999441983542
"CDYL",3.08449471631892,0.548714980171464,0.478538609639155,1.14664724876688,0.251527440417271,0.9999441983542
"F13A1",4.68321459789942,-0.350557200089319,0.529204159576767,-0.662423364868632,0.507699933722613,0.9999441983542
"RREB1",3.6256076564051,-0.0215870747604276,0.437755800996552,-0.0493130524170887,0.960669817848958,0.9999441983542
"SSR1",2.16009316899709,0.342722710855623,0.550137737810703,0.622976188144268,0.533300169715617,0.9999441983542
"TMEM170B",4.88536086520284,-0.638285052243623,0.52333676526159,-1.21964496785273,0.222599491873519,0.9999441983542
"NOL7",3.0420206679917,-0.651643393129111,0.504387892753697,-1.29194891965284,0.196374834767464,0.9999441983542
"CD83",5.20150228010545,-1.16900962319594,0.932942933012756,-1.25303443740214,0.210193174189855,0.9999441983542
"JARID2",6.15942238074324,-0.6037473960323,0.436670113032839,-1.38261671227977,0.166782421927459,0.9999441983542
"MYLIP",1.87113299061742,0.304542423389976,0.603024643775697,0.505024838592259,0.613541390360431,0.9999441983542
"ATXN1",1.77153025636924,-0.0822373073825773,0.680929204026911,-0.12077218438604,0.903871482448838,0.9999441983542
"KIF13A",2.39614450065871,-0.429172751680037,0.575799875924122,-0.745350545606219,0.456059832194627,0.9999441983542
"KDM1B",3.4072983180651,-0.620305804710942,0.501522880676515,-1.23684447631621,0.216144826564932,0.9999441983542
"DEK",8.9451311724829,0.389750932031836,0.319852922718591,1.21853171988909,0.223021978415241,0.9999441983542
"RNF144B",5.84591666868807,-0.0956982972844143,0.63291251713486,-0.151203041010521,0.879815551497459,0.9999441983542
"MBOAT1",2.47386255753806,-0.375930985207641,0.517699547229371,-0.726156681456555,0.467742724425168,0.9999441983542
"E2F3",2.04821570472033,0.0424688922843955,0.561935321553482,0.0755761217625355,0.939756334193089,0.9999441983542
"SOX4",4.38873604461531,-0.373271781191232,0.583741165208556,-0.639447418545293,0.522531909656632,0.9999441983542
"C6orf62",3.11230279657529,-0.151567486998131,0.460916133803184,-0.328839621532649,0.74227691335442,0.9999441983542
"RIPOR2",18.1193099189689,-0.186985632212447,0.362265046882593,-0.516156979044814,0.605744774679389,0.9999441983542
"TRIM38",6.81175717343672,-0.350826475297942,0.404722811427407,-0.866831484147436,0.386034348735118,0.9999441983542
"HIST1H4C",5.29864325498566,0.754675495938076,0.429111941150142,1.75869143588811,0.0786299328077623,0.9999441983542
"HIST1H2AC",3.56064906290741,0.125209988081455,0.730567495107585,0.171387296752118,0.863919242719642,0.9999441983542
"HIST1H1E",9.90349133567316,0.586882143378703,0.34000598407177,1.72609357150261,0.0843305801688489,0.9999441983542
"BTN3A2",4.26826010477225,-0.0425397366244834,0.575996421662856,-0.0738541682284667,0.941126424657386,0.9999441983542
"BTN3A1",3.09284202120915,0.749475226453186,0.554548985849735,1.35150409716243,0.176534008339273,0.9999441983542
"BTN3A3",1.9457794092736,-0.0396078148783627,0.607091615073487,-0.0652419073084518,0.947981394977762,0.9999441983542
"TRIM27",3.20588065939482,0.0988220587885609,0.476208849981535,0.207518316369787,0.835605089607398,0.9999441983542
"GABBR1",3.9678345787091,0.553179789033344,0.411920572411936,1.34292828783541,0.179295195673696,0.9999441983542
"HLA-F",12.857781856985,0.131724594963221,0.334915755366384,0.393306653546709,0.694093004594926,0.9999441983542
"HLA-A",91.3688738133362,0.00458833884036569,0.210419586267349,0.0218056642053081,0.9826029758799,0.9999441983542
"TRIM26",1.20088884118128,0.338668450429113,0.737317084151499,0.459325380774067,0.646000524186473,0.9999441983542
"HLA-E",46.0090305173785,-0.0797738342641033,0.268823949125691,-0.296751217752568,0.766656451197802,0.9999441983542
"ABCF1",2.29779175687426,0.536218508097331,0.578199848276523,0.927393028025988,0.35372250921233,0.9999441983542
"PPP1R10",3.59915000450115,-0.330081049086294,0.469739328293218,-0.702689830731509,0.482249066476254,0.9999441983542
"DHX16",1.96095198624094,-0.0724959103068145,0.567237473325348,-0.127805220416447,0.89830311865296,0.9999441983542
"PPP1R18",4.37984872549311,0.360275338443763,0.437092168718009,0.82425484652459,0.409794769014624,0.9999441983542
"FLOT1",3.53720575512221,-0.771538509544068,0.514343721708036,-1.50004457521507,0.133602856374365,0.9999441983542
"IER3",3.45951887615232,-0.311176881606691,0.656018632248846,-0.474341529812911,0.635256380994166,0.9999441983542
"HLA-C",84.3631141382678,-0.391737044311296,0.312205215025534,-1.25474215502537,0.209572377385085,0.9999441983542
"HLA-B",110.467089748269,-0.4621870284084,0.2407909955588,-1.91945312297002,0.0549270134283577,0.9999441983542
"DDX39B",11.67491217618,0.324018621074884,0.302045683525235,1.0727470669112,0.283384616356019,0.9999441983542
"LTB",2.14852387395329,-0.627472588165706,0.790817381512233,-0.79344814976857,0.427516767051223,0.9999441983542
"LST1",28.5586948811895,-0.228918170255207,0.27043429843305,-0.846483495553648,0.397283077177092,0.9999441983542
"AIF1",35.8185662414659,-0.182210848355738,0.356855993401331,-0.510600499150978,0.609630826283007,0.9999441983542
"PRRC2A",4.83653249168736,0.16908600289952,0.434918916111443,0.388775922673812,0.697441913341249,0.9999441983542
"BAG6",3.58180568041757,-0.0238124831973887,0.454725265234753,-0.0523667476120893,0.958236469309056,0.9999441983542
"CSNK2B",3.76184105731913,-0.337126480677021,0.46079328900352,-0.731621941383019,0.464399352245162,0.9999441983542
"ABHD16A",2.32944356624318,-0.23652544180864,0.534304467216723,-0.4426791395564,0.657997833118912,0.9999441983542
"CLIC1",10.6353062368373,-0.295258922177976,0.366558292752413,-0.805489680675167,0.420537158892048,0.9999441983542
"HSPA1A",1.76369320351977,-0.631395951382179,0.718573482984814,-0.87867972633708,0.379574954134016,0.9999441983542
"NEU1",1.51265867406691,0.463812778178328,0.69175095479651,0.670490983730939,0.502544852179045,0.9999441983542
"NELFE",2.25749796297273,-0.283197748755253,0.600470059198081,-0.471626760430752,0.637193222227576,0.9999441983542
"SKIV2L",1.82142024922845,-0.133881678712325,0.676343008412161,-0.197949379304794,0.843084669394825,0.9999441983542
"ATF6B",4.7464896238741,-0.0696032172471222,0.412142051640014,-0.16888161974774,0.865889756844204,0.9999441983542
"PBX2",2.01255351269472,-0.0132053441733545,0.580977595144876,-0.0227295239673769,0.981866025195182,0.9999441983542
"GPSM3",13.1894610088676,0.0460546795477595,0.294991940691338,0.156121822988881,0.875936997023209,0.9999441983542
"HLA-DRA",16.7178391600402,-0.799537670924536,0.433217553635901,-1.84558004220787,0.0649532065669964,0.9999441983542
"HLA-DRB5",11.2196086431288,0.0215943495529462,0.543335987073311,0.0397440075141435,0.968297216452547,0.9999441983542
"HLA-DRB1",26.9563108609591,-0.30812830024614,0.391457874355921,-0.787130162480737,0.431205674161451,0.9999441983542
"HLA-DQB1",8.52886092704904,0.131915656646645,0.5188426372563,0.254249838340639,0.799302549840836,0.9999441983542
"TAP2",4.88205053943804,0.260608594746739,0.388181887997845,0.671356914901156,0.501993185190517,0.9999441983542
"PSMB8",6.1155515175523,0.652439172390158,0.402279623983315,1.62185488275493,0.104834423839523,0.9999441983542
"PSMB9",8.71717402881125,-0.443365885857046,0.425827515133228,-1.04118656052165,0.29778897188032,0.9999441983542
"TAP1",4.89620231625953,0.31646468485013,0.46029317740153,0.687528515275096,0.49174973782258,0.9999441983542
"HLA-DMB",4.76875902320956,-0.312148765594779,0.430334455780919,-0.725363171369415,0.468229260549142,0.9999441983542
"HLA-DMA",6.15256954411638,-0.23254647224558,0.412283443224189,-0.56404513949673,0.572723412399401,0.9999441983542
"BRD2",8.03441567780877,-0.0967158694246181,0.344802854087437,-0.280496139397073,0.779096886953166,0.9999441983542
"HLA-DPA1",8.26422956636971,-1.43776988304914,0.509010651180504,-2.82463614408587,0.00473343343035573,0.9999441983542
"HLA-DPB1",8.79021367761975,-0.918385845006635,0.378652779821919,-2.42540367837403,0.0152913729483211,0.9999441983542
"RXRB",1.48817209253647,0.864658849442027,0.667682813434178,1.29501438713798,0.195315266427723,0.9999441983542
"VPS52",1.13259615885863,-0.0270914828424975,0.787376519810631,-0.0344072780440712,0.972552379869715,0.9999441983542
"RPS18",72.0353746754174,-0.230231093054811,0.310533696162594,-0.741404542888199,0.458448190830671,0.9999441983542
"WDR46",1.28408553423708,0.487339799343697,0.641632789851763,0.759530695830379,0.447535159030713,0.9999441983542
"RGL2",2.90414585526868,0.21773161522136,0.552847490351334,0.393836671091682,0.693701628326537,0.9999441983542
"TAPBP",9.80793949128458,0.0817445103735914,0.31617987986281,0.25853798922645,0.795991734044722,0.9999441983542
"NUDT3",4.6617432081508,-0.0716543106535444,0.400070889636673,-0.179104035083926,0.857856013700847,0.9999441983542
"RPS10",4.97361346662771,0.92839956393454,0.410943569058014,2.25918990790552,0.0238715743297936,0.9999441983542
"TAF11",1.56097525433111,0.552300493673374,0.629759913314102,0.877001666820775,0.380485732727699,0.9999441983542
"ANKS1A",1.4966384282274,0.477057833738344,0.715601250636674,0.666653158185377,0.504993705647518,0.9999441983542
"DEF6",3.57039326081624,0.350771146562757,0.462070395416653,0.759129236674995,0.447775251333379,0.9999441983542
"RPL10A",13.1507652332263,0.106631176968302,0.306260055771655,0.34817200271068,0.72771101251468,0.9999441983542
"FKBP5",6.35375415024471,-0.676755510082358,0.904326540093228,-0.748353034085,0.454247243355912,0.9999441983542
"MAPK14",4.54426844048507,-0.303272490663217,0.490917739397955,-0.617766412424086,0.536729326801671,0.9999441983542
"KCTD20",1.5127504053245,0.408509045778398,0.621074468923338,0.657745674985752,0.510701567459685,0.9999441983542
"STK38",5.64653394011978,-0.0839692767204997,0.432627735318456,-0.194091293427339,0.846104398836926,0.9999441983542
"SRSF3",4.31574123483061,-0.526917177704369,0.485184667147545,-1.08601366321441,0.277472947373071,0.9999441983542
"CDKN1A",4.26242936350082,-1.03134448791174,0.504009463356988,-2.04628000641576,0.0407288296491047,0.9999441983542
"RAB44",1.68138430183515,0.235627470707758,0.594518063827016,0.396333576798296,0.69185896027664,0.9999441983542
"MTCH1",6.11510876354771,0.395878570707488,0.358802506005615,1.10333279194347,0.269882671135745,0.9999441983542
"FGD2",8.89893476281751,0.250228029155639,0.351250458581485,0.712392035489941,0.476222046089803,0.9999441983542
"CMTR1",1.84397623915739,-0.196365474808997,0.679043026374279,-0.28917972379082,0.772443847380806,0.9999441983542
"ZFAND3",3.11381228161172,0.157893680611244,0.515345848931904,0.306383918563604,0.759312351135861,0.9999441983542
"TFEB",3.40780579331947,0.0537648547591807,0.469499090276146,0.114515354497402,0.908829275338612,0.9999441983542
"TOMM6",2.04188313556004,0.0420600401513307,0.673946111320304,0.062408610191299,0.950237438386637,0.9999441983542
"CCND3",7.03532490967945,0.206731054358058,0.411227035453074,0.50271756605275,0.61516285768581,0.9999441983542
"UBR2",4.0463024240235,-0.0115240098168389,0.472979512462674,-0.0243647124519972,0.980561695348488,0.9999441983542
"RPL7L1",1.56522368938197,0.689154154141518,0.688581063753947,1.00083227729855,0.316907901990647,0.9999441983542
"CNPY3",10.7911155807469,0.188218799267889,0.366545153931846,0.513494169132804,0.60760568849816,0.9999441983542
"CUL9",1.57004266809483,0.00790001543302396,0.628984798352952,0.0125599465260699,0.989978876058851,0.9999441983542
"YIPF3",1.553737038568,0.197647754420417,0.669130152586422,0.29538013442742,0.767703507085402,0.9999441983542
"GTPBP2",1.52986070213823,1.01103437490363,0.719725043796547,1.4047508609266,0.16009537581927,0.9999441983542
"HSP90AB1",4.98205841175697,-0.696828804731795,0.45896786082402,-1.51825185205937,0.128950920414411,0.9999441983542
"NFKBIE",1.93010482528594,-0.357094595131098,0.664652720543315,-0.537264926620918,0.591084628741361,0.9999441983542
"CDC5L",1.98295617199634,-0.0703088626065563,0.601735860887572,-0.11684339787037,0.906984152736653,0.9999441983542
"CD2AP",1.76919728241339,0.148538410900055,0.578657790680602,0.256694739606544,0.79741443270252,0.9999441983542
"FBXO9",3.99578225843213,0.323817289889097,0.445587295541265,0.726720203042928,0.467397374604474,0.9999441983542
"DST",0.946014791577511,0.738796974454727,0.78403460571536,0.942301486527681,0.346038307317875,0.9999441983542
"PHF3",3.92345092337193,0.251470144026024,0.466569649459399,0.538976644360377,0.589902970237932,0.9999441983542
"SMAP1",2.36376507586497,-0.303903820689345,0.617341072673185,-0.492278635169037,0.622522381430577,0.9999441983542
"OGFRL1",8.44589833592719,0.789594341562778,0.320449340143677,2.46402236687008,0.0137387537738637,0.9999441983542
"EEF1A1",55.1430975737546,-0.398717924929797,0.325068257798285,-1.2265667759453,0.219985462973209,0.9999441983542
"COX7A2",2.55272269778442,-1.98404504964146,0.70422744179581,-2.8173356104699,0.00484238965161611,0.9999441983542
"TMEM30A",2.92735666168268,-0.876374622306541,0.540647447081028,-1.62097246003493,0.105023545169923,0.9999441983542
"SENP6",4.29256262508139,-0.081354741690162,0.41632116062361,-0.195413419698149,0.845069311725356,0.9999441983542
"PHIP",8.08826360754561,-0.00502002478583155,0.374998448045998,-0.0133867881640294,0.989319207416661,0.9999441983542
"HMGN3",3.89398908718239,-0.177421552848257,0.517792614396712,-0.342649832993415,0.731861907728057,0.9999441983542
"TENT5A",4.77007084368661,-0.240803944735919,0.415741980658562,-0.579214887932343,0.562444186392815,0.9999441983542
"CYB5R4",2.71665162695749,-0.147935343714426,0.471588298841052,-0.313695959119391,0.75375197012794,0.9999441983542
"SNHG5",2.06964071279708,-0.23215445431004,0.598260691432347,-0.388048985391667,0.697979783244739,0.9999441983542
"ZNF292",3.80419184005304,0.0320572055057219,0.450627915663491,0.071138969405661,0.943287153620071,0.9999441983542
"AKIRIN2",5.18665784179288,-0.556455975670889,0.501176093505688,-1.11030031735657,0.26686963640369,0.9999441983542
"PNRC1",16.452544363186,0.0293538148471249,0.29282376467744,0.100243963735183,0.920150643758093,0.9999441983542
"UBE2J1",4.26229638982643,-0.920897480929854,0.632159422155995,-1.45674880204919,0.145185733150642,0.9999441983542
"PNISR",8.84194421820156,0.27298724388618,0.350116430678653,0.77970417828444,0.435565018896817,0.9999441983542
"CRYBG1",3.95715071201957,0.46077725659772,0.441681461288878,1.04323431473243,0.296839784405506,0.9999441983542
"OSTM1",1.79356746252247,0.147130174210943,0.693176232483431,0.212255076438242,0.831908040684,0.9999441983542
"FOXO3",4.779425648015,-0.189890059330824,0.450526345835582,-0.421484916667056,0.673401023030101,0.9999441983542
"SESN1",1.70625836024126,-1.00928527046062,0.854001653892474,-1.1818305806088,0.237272931156697,0.9999441983542
"CD164",5.52631259281776,0.0160762321320542,0.408441923948994,0.0393598971834777,0.968603452528182,0.9999441983542
"MICAL1",5.76771046426177,-0.566169480422435,0.393394673054336,-1.43918949391629,0.150096841236603,0.9999441983542
"CDC40",3.7538613432648,-0.334264091514968,0.499639719909322,-0.669010245173528,0.503488942576674,0.9999441983542
"FYN",6.52330407316293,-0.229475777457733,0.375423830787164,-0.611244568509632,0.541037681929251,0.9999441983542
"MARCKS",16.0679025478222,-0.327951724969541,0.415732886453754,-0.788852014491815,0.430198504496664,0.9999441983542
"AKAP7",2.14870281608022,0.0138431472460521,0.586750957017444,0.0235928839663411,0.981177348345128,0.9999441983542
"STX7",6.27729517798634,-0.445943251339477,0.404712788376054,-1.10187585899834,0.270515645105798,0.9999441983542
"RPS12",58.8245359568478,-0.0563743033833834,0.38150361973407,-0.147768724770369,0.882525292343203,0.9999441983542
"SGK1",8.4188286936646,-0.996819110489934,0.540201065737555,-1.84527423900755,0.0649976558908266,0.9999441983542
"BCLAF1",7.16425434071295,-0.244599077486765,0.43547782024569,-0.561679759829712,0.574334226919649,0.9999441983542
"MAP3K5",2.04042627292856,0.066385649474108,0.574003367656837,0.115653763052129,0.907926951997003,0.9999441983542
"IFNGR1",6.52657182030081,-0.29730866341785,0.388410765427207,-0.765449080925562,0.444004176232896,0.9999441983542
"TNFAIP3",6.98597764502356,0.159746949893633,0.47507711578943,0.336254777560025,0.736678748680486,0.9999441983542
"HEBP2",6.40324860950163,1.09888987724473,0.374176653558047,2.93682106244572,0.00331595375291842,0.9999441983542
"HECA",4.62065779259666,1.34626230938043,0.418530851117886,3.21663816606253,0.00129702064211539,0.9999441983542
"CITED2",5.79684815090947,-0.338882271142781,0.430644109670959,-0.786919554993354,0.431328959406288,0.9999441983542
"PHACTR2",2.82712080036772,0.197459404849033,0.472987659603674,0.417472635574654,0.676332735764889,0.9999441983542
"SF3B5",4.32136155156999,-0.141925764260154,0.473501416736283,-0.29973672568587,0.764377982781631,0.9999441983542
"STX11",5.51478803801214,-0.360411665557154,0.437908108812771,-0.823030353409712,0.410490732582943,0.9999441983542
"UTRN",11.8010013611837,-0.089504983966887,0.371668365322277,-0.2408194840292,0.809695027893637,0.9999441983542
"RAB32",2.25302686722089,0.296240238043241,0.559184864746659,0.529771559853384,0.596270326027075,0.9999441983542
"PCMT1",1.85896749187838,0.126407131302109,0.592941895416344,0.213186371682085,0.831181597763497,0.9999441983542
"SYNE1",2.56022374134385,-0.0947965681157254,0.538511496161418,-0.176034437131701,0.860266887955923,0.9999441983542
"ARID1B",5.35715228985691,-0.0739267215808915,0.385057904306991,-0.191988583415633,0.847751148189889,0.9999441983542
"DYNLT1",4.46058720708431,-0.909410148572106,0.469950607877551,-1.93511857060744,0.052975747151484,0.9999441983542
"EZR",3.56801016977407,0.112515728600919,0.458426462911936,0.245438991209661,0.806116541463377,0.9999441983542
"TAGAP",4.73538393040364,-0.041764918547021,0.490522756893285,-0.0851436920308004,0.932147155180549,0.9999441983542
"SOD2",11.3256785077523,-0.758539239981889,0.483459182921602,-1.56898300162166,0.116651899869149,0.9999441983542
"WTAP",3.71340237184639,-0.597348833609409,0.606083341520008,-0.985588602569585,0.324335033180322,0.9999441983542
"IGF2R",8.51107148775712,-0.145932857179019,0.386343927444872,-0.377727839917562,0.70563278410826,0.9999441983542
"AGPAT4",1.53463037141137,0.639543093002288,0.629503271792783,1.01594879909188,0.309653769007006,0.9999441983542
"QKI",11.8696933428319,0.648344369436055,0.340154348231653,1.90602993260729,0.0566463222561401,0.9999441983542
"RNASET2",14.6348449125549,-0.114977860670728,0.327498696453184,-0.351078834560075,0.725529206135042,0.9999441983542
"FAM120B",1.55448396923218,0.868621790346016,0.609908449518078,1.4241838935538,0.154393246080287,0.9999441983542
"PSMB1",3.53518621030937,-0.543578778962179,0.514976881672341,-1.05554015783574,0.291178353339648,0.9999441983542
"AC215522.2",1.5124305496319,0.457128780708005,0.595438837587913,0.767717441072212,0.442655072083674,0.9999441983542
"SUN1",1.3029659266873,1.38009254086664,0.704322739839315,1.95946043312686,0.0500588892478757,0.9999441983542
"ADAP1",3.94596646205406,0.22841433271182,0.488110605533873,0.467956094627346,0.639815987688648,0.9999441983542
"COX19",3.07323732331097,0.181840352370182,0.548566468786693,0.331482806035105,0.740279826360887,0.9999441983542
"INTS1",3.23097524512559,0.427314597213326,0.48369095042816,0.883445507580967,0.376995612343478,0.9999441983542
"MAD1L1",2.37729907854704,-0.367946337827453,0.533484672552095,-0.689703672398429,0.490380555955838,0.9999441983542
"NUDT1",1.36082112280076,0.378423091420757,0.686658032770222,0.551108518885396,0.581559285983239,0.9999441983542
"EIF3B",4.57816870243889,-0.241110740272409,0.400657033141642,-0.601788363433446,0.547315021956527,0.9999441983542
"LFNG",6.85932878284178,0.238188788909799,0.436839514864792,0.545254677758539,0.585578370581772,0.9999441983542
"BRAT1",2.71333021353059,0.201398043362571,0.469497514482089,0.42896508959102,0.667948630570376,0.9999441983542
"TTYH3",2.73964299897598,-1.02855138613173,0.567817645619311,-1.81141145236849,0.070077184512257,0.9999441983542
"AP5Z1",2.00052091860681,0.240820024592857,0.58122775910239,0.414329874685895,0.678632537822957,0.9999441983542
"WIPI2",2.56002353962864,-0.256899515856481,0.544142977176439,-0.472117672435164,0.636842798931925,0.9999441983542
"TNRC18",7.20310428317564,0.514297842493768,0.352458696552831,1.45917194702182,0.144517787875468,0.9999441983542
"ACTB",167.289893046662,-0.586906452833071,0.351393593547592,-1.67022525057384,0.0948748059492872,0.9999441983542
"RNF216",2.38652665454414,-0.154814478965958,0.527206573042198,-0.29365050984212,0.769024975136165,0.9999441983542
"RAC1",11.3281930861322,-0.405243404957455,0.330064574651261,-1.22777006707135,0.219533295242224,0.9999441983542
"DAGLB",2.63148424647182,0.254192700709732,0.492857960147853,0.515752450530528,0.606027316403369,0.9999441983542
"C7orf26",0.587098510144802,0.0779540991811995,1.04263576252915,0.0747663776581994,0.940400593656834,0.9999441983542
"ZNF316",3.3841663500101,0.468855655393951,0.457713198714319,1.02434375218135,0.305672939336045,0.9999441983542
"NDUFA4",3.15457643162721,-1.17360003830403,0.568650201097534,-2.06383473713523,0.0390333882765804,0.9999441983542
"PHF14",1.92128951095716,0.342252545339751,0.592319516901543,0.577817437335332,0.563387381320497,0.9999441983542
"ARL4A",2.40463313155011,-0.681495395000063,0.741723018461133,-0.918800385100593,0.358199991015494,0.9999441983542
"AHR",6.84629046291889,-0.264103429953619,0.407951463403794,-0.647389343207742,0.517379991270204,0.9999441983542
"TOMM7",6.35038332570495,-0.104937841987316,0.445408827306111,-0.235598927443789,0.813743905810314,0.9999441983542
"TRA2A",2.71970436442559,-0.195813626275239,0.524222514025745,-0.373531508159573,0.708752899369554,0.9999441983542
"HNRNPA2B1",21.3403753243555,-0.315957482021955,0.296164584869643,-1.0668307358931,0.286048276597473,0.9999441983542
"CBX3",3.32664508667081,-0.402077256396137,0.513798179497564,-0.782558740845137,0.43388627816302,0.9999441983542
"SNX10",3.61226932119775,-0.103042903078549,0.480361566466047,-0.214511131347624,0.830148487431489,0.9999441983542
"SKAP2",3.93512533256562,0.390239833424702,0.483634070535186,0.806890699393584,0.419729457670785,0.9999441983542
"TAX1BP1",4.72930007934481,0.287853861565826,0.425743299071337,0.676120709812028,0.498964008879081,0.9999441983542
"CREB5",5.42957969710968,-1.09925042636411,0.500021444044567,-2.1984065672714,0.0279201461214874,0.9999441983542
"CPVL",4.81501032613535,-0.328098624067029,0.473266254534023,-0.693264353677771,0.488143668885286,0.9999441983542
"CHN2",1.9747646097041,-0.0146222768679186,0.682991546703034,-0.0214091622927163,0.982919264789065,0.9999441983542
"GARS-DT",4.56877713563091,-0.14741627037118,0.404304765861908,-0.364616702098265,0.715397545494133,0.9999441983542
"AVL9",3.86766551613788,-0.0297002847956244,0.485347989445427,-0.0611937938170112,0.951204872288318,0.9999441983542
"SEPTIN7",3.29891519628561,-0.847252746902244,0.512821415191349,-1.6521399493157,0.0985060246930619,0.9999441983542
"AOAH",9.91210595383041,-0.373585848244846,0.385599352047939,-0.968844595460836,0.332622732368934,0.9999441983542
"ELMO1",2.50879877363398,0.1634570640536,0.532752429932704,0.306816177402039,0.75898329399456,0.9999441983542
"CDK13",3.53185664187676,-0.012900257527867,0.470066767194283,-0.0274434578833675,0.97810603690987,0.9999441983542
"COA1",2.02809962664952,-0.362497380057807,0.583105720346182,-0.621666650504812,0.534161084938487,0.9999441983542
"BLVRA",4.71090924266276,-0.291101708924471,0.5034853444167,-0.578173152709578,0.563147222546281,0.9999441983542
"DBNL",5.07736374001432,-0.237385332691873,0.412824740183018,-0.575026905089633,0.565273100956249,0.9999441983542
"TMED4",1.2543188511955,0.670566710755322,0.679589396144596,0.986723328173658,0.323778290591793,0.9999441983542
"OGDH",3.37881050833788,-0.450250743390211,0.503851932615477,-0.893617180454139,0.371526750880631,0.9999441983542
"ZMIZ2",3.83854481600107,-0.144661780636435,0.508515753937873,-0.284478464071554,0.776043735747848,0.9999441983542
"PPIA",10.1219991315036,-0.647025700220334,0.418644675819035,-1.54552473157456,0.122219391504747,0.9999441983542
"H2AFV",1.99085862751426,-0.411684500518743,0.626159822850944,-0.657475113373321,0.510875467869,0.9999441983542
"MYO1G",16.8856770391241,-0.0352872092271578,0.312855122506067,-0.11279089485413,0.910196337131233,0.9999441983542
"CCM2",3.18386385145635,0.0420855968072701,0.504777691831248,0.0833745181063582,0.933553749558196,0.9999441983542
"TNS3",2.3725272103621,0.266097772507041,0.574919648016706,0.462843413727458,0.643476610255223,0.9999441983542
"UPP1",8.29232914803505,0.0745699184495111,0.431728696570734,0.172724025624953,0.862868357905255,0.9999441983542
"IKZF1",8.38934665018001,-0.341661594703672,0.316963353210329,-1.07792144184238,0.281068815689379,0.9999441983542
"CCT6A",1.92983977451545,0.592568156697264,0.54633590792426,1.08462238725742,0.278088935453554,0.9999441983542
"CHCHD2",6.21321613671212,-0.241121934641294,0.392666153105714,-0.61406345500927,0.539173396335301,0.9999441983542
"GUSB",3.96591434281655,0.228814493764818,0.425740186318988,0.537451011479987,0.590956115151798,0.9999441983542
"ASL",2.36688872784838,0.192000506624998,0.535147481246579,0.358780548079474,0.71975926554918,0.9999441983542
"POM121",2.17441011710948,0.198596838198706,0.56266679716675,0.352956384131283,0.72412113915577,0.9999441983542
"NSUN5",2.0971412129014,0.211868483803821,0.655130732757842,0.323398786242157,0.746393248635518,0.9999441983542
"BCL7B",1.25778618103132,-0.0695086253046376,0.823461519223575,-0.084410289590916,0.932730226574503,0.9999441983542
"LAT2",6.97366338654801,0.193811483279565,0.362374960928334,0.534836851815195,0.592762677854895,0.9999441983542
"GTF2I",5.06317888148496,0.426632686945252,0.398982037991269,1.06930299191711,0.284933162895991,0.9999441983542
"NCF1",53.0981166550039,0.804253430698224,0.258925822550815,3.10611519073339,0.00189562855693315,0.9999441983542
"POM121C",1.80478192381997,-0.418044998484466,0.631969125836201,-0.661495920281425,0.508294330095633,0.9999441983542
"POR",1.71729337311439,-0.37153640676739,0.685022998747031,-0.542370704993794,0.587563156497781,0.9999441983542
"YWHAG",2.57337659277906,-0.681678716081261,0.639751967467393,-1.0655359432185,0.286633469221348,0.9999441983542
"DTX2",1.89053388324163,-0.455491594368901,0.704753700086521,-0.646313164887224,0.518076563714162,0.9999441983542
"FGL2",12.3369202173145,0.0551708942076624,0.324979402343764,0.169767356976374,0.8651930995873,0.9999441983542
"GSAP",3.48731525319559,0.18734389538482,0.455928912720128,0.410905933267323,0.681141511620081,0.9999441983542
"PTPN12",3.77943142674395,0.0298121113244591,0.465400690248182,0.0640568695945882,0.948924944353987,0.9999441983542
"RSBN1L",6.11007647000373,0.130863759181622,0.393465377530613,0.33259281922827,0.739441664505121,0.9999441983542
"PHTF2",2.03322944065765,-0.820190263280866,0.645920580246119,-1.26980048068501,0.2041557094661,0.9999441983542
"CD36",10.3230150755943,0.54285917606559,0.431661791861621,1.25760302695406,0.208535358123072,0.9999441983542
"DMTF1",2.31797025391045,-0.340819003649024,0.56065469118889,-0.60789467921209,0.543257328742585,0.9999441983542
"AKAP9",8.54471293358132,0.249687772016864,0.342886467209554,0.728193719772173,0.466495009739467,0.9999441983542
"GATAD1",2.77154121720768,-0.0194020471973043,0.536682284901212,-0.0361518308749015,0.971161294251461,0.9999441983542
"FAM133B",4.43875151310137,0.481132007526419,0.493292720066055,0.975347877548229,0.32938772893368,0.9999441983542
"SAMD9",1.86437926784896,-0.523815079722504,0.629509010077852,-0.832101004650788,0.405351934820944,0.9999441983542
"SAMD9L",5.92437964950193,0.0625788852915786,0.418668253082809,0.14947129339468,0.881181759436705,0.9999441983542
"GNG11",1.4909075303633,0.55359977632652,0.7340517602507,0.754169945914236,0.450747181549127,0.9999441983542
"SEM1",3.26414038277518,-0.491657365605943,0.512581449034146,-0.959179007614049,0.337468573936875,0.9999441983542
"LMTK2",0.746235145206631,0.878086082720393,0.926482865583872,0.947762894856151,0.343250174067872,0.9999441983542
"TECPR1",2.96751275488217,-0.20083849861527,0.467060312487888,-0.430005490180625,0.667191647488906,0.9999441983542
"BRI3",9.34716624486136,-0.722356326401048,0.509206823693233,-1.41859121439469,0.156018228727832,0.9999441983542
"TRRAP",1.66795909531183,0.775033947671303,0.645415116083404,1.20083017635916,0.229817083680809,0.9999441983542
"SMURF1",2.09877010834938,0.194892478316022,0.687179627171915,0.283612130816656,0.776707639646823,0.9999441983542
"ARPC1B",21.4371832815408,-0.13175879360023,0.233410707455214,-0.564493356096404,0.572418420460436,0.9999441983542
"PDAP1",1.63444414678011,0.467024292351619,0.703863312324031,0.663515606190055,0.507000387779188,0.9999441983542
"BUD31",2.27232631156866,-0.479246972217681,0.652084928700017,-0.734945635337866,0.462372603959887,0.9999441983542
"ATP5MF",4.61588244766037,-0.26377391496125,0.574964191984794,-0.458765812964273,0.646402347279472,0.9999441983542
"ZNF394",3.1500943545086,-0.259679434701965,0.515377945200318,-0.503862140629693,0.614358256633981,0.9999441983542
"ZNF655",3.1433143401266,0.37246243046256,0.491508315868087,0.757794768547767,0.448573854688613,0.9999441983542
"ZKSCAN1",2.1797954188437,0.332901107201256,0.592531033128881,0.561828982092905,0.574232543774949,0.9999441983542
"COPS6",1.78122408942042,1.06835245372637,0.634976847024604,1.6825061555118,0.0924707323062926,0.9999441983542
"LAMTOR4",14.0460437180198,-0.289828077062634,0.328310682280438,-0.882786009427091,0.377351900949959,0.9999441983542
"PILRA",6.30513808319489,0.0709324834817237,0.355440185651909,0.199562363359751,0.841822865311831,0.9999441983542
"MEPCE",1.51986051787118,0.506997418566277,0.648104551069002,0.782277207790041,0.434051678623785,0.9999441983542
"PPP1R35",2.17694852370089,0.620909635368235,0.572916695805838,1.0837694902483,0.278467015915959,0.9999441983542
"TSC22D4",4.57325100967418,0.314510830917485,0.401273519018155,0.783781675120344,0.433168228145047,0.9999441983542
"SAP25",3.95289433037819,0.577094094806018,0.429520689475182,1.34357694273389,0.179085229655604,0.9999441983542
"LRCH4",6.80063225976996,0.268318979805702,0.353789945792929,0.758413242084463,0.448203632918861,0.9999441983542
"GNB2",9.70536441406892,-0.122579681167485,0.312429826771087,-0.392343082074867,0.694804735281559,0.9999441983542
"GIGYF1",2.31128576451483,-0.200355171693228,0.57816022154666,-0.346539184514026,0.728937541322617,0.9999441983542
"SLC12A9",6.87947102492694,0.145623865036226,0.353532946446354,0.411910308501682,0.680405164777447,0.9999441983542
"SRRT",2.85091696817902,0.430471228272579,0.563651893740944,0.76371823292485,0.445035172901207,0.9999441983542
"TRIM56",5.91448595433307,0.203223933547473,0.384725492473509,0.528231005023578,0.597339012210815,0.9999441983542
"ZNHIT1",3.31616883595529,0.164943543174351,0.448112741453582,0.368084921306431,0.712809913885471,0.9999441983542
"FIS1",3.14403300614957,-0.00672425302799839,0.514250530966061,-0.0130758309872162,0.989567293629238,0.9999441983542
"CUX1",7.53546003144734,-0.286969635195107,0.329453876569567,-0.871046466908126,0.383728782051651,0.9999441983542
"SH2B2",1.72602019225351,0.474525972766595,0.564539564611676,0.840553970903708,0.400597854164782,0.9999441983542
"PRKRIP1",2.86284959112219,0.100586335630769,0.524914975473551,0.19162405404804,0.848036699270038,0.9999441983542
"POLR2J",1.96514246530955,0.154940003261769,0.605456682781429,0.255906008915427,0.798023414644538,0.9999441983542
"POLR2J3",5.39492034861419,0.200718078982194,0.433547732329881,0.462966506371829,0.643388375103964,0.9999441983542
"UPK3BL1",1.32274316079792,0.509153784222466,0.65470396350608,0.777685507654236,0.436754437884435,0.9999441983542
"KMT2E",6.66281335253027,0.304841988574717,0.418367756536086,0.728645991026373,0.466218238027954,0.9999441983542
"SRPK2",2.24557649051408,-0.0916339097203444,0.615658298220314,-0.148838909481495,0.881680747251504,0.9999441983542
"NAMPT",18.6895322929958,-0.834276286568944,0.428863729159133,-1.94531789434536,0.0517367297434549,0.9999441983542
"PRKAR2B",2.3278059744638,-0.0641294460139463,0.734851643571388,-0.0872685617225762,0.930458042767739,0.9999441983542
"HBP1",1.31459800935233,0.52313862052418,0.664535189439096,0.787224858574816,0.431150247696587,0.9999441983542
"IFRD1",2.88797574947797,-0.592067412210577,0.68272206540517,-0.867215873357202,0.385823740601012,0.9999441983542
"TFEC",3.371537592045,-0.0477775604005068,0.44995789819542,-0.106182290814588,0.915437721389198,0.9999441983542
"TES",2.81104555114936,-0.176609509555885,0.513732764268449,-0.343777002051594,0.731013996975424,0.9999441983542
"CAPZA2",2.61616798702694,-1.18885683355852,0.59841943579626,-1.98666146592753,0.0469599247672068,0.9999441983542
"LSM8",3.66743104504413,-0.118881045312424,0.533506067635842,-0.22282979055745,0.823667981353122,0.9999441983542
"ZNF800",2.8038784319783,-0.0090349828667659,0.567317891277423,-0.0159257851826635,0.987293599008449,0.9999441983542
"ARF5",3.77818363192952,-0.639538755334156,0.47791126837658,-1.33819559749367,0.180832683885612,0.9999441983542
"SND1",2.80924802300156,-0.0377480526011107,0.524890878731743,-0.071916000316711,0.94266875660901,0.9999441983542
"IMPDH1",6.06311111390633,0.240518204410417,0.381968544506311,0.629680657922456,0.528903539895552,0.9999441983542
"ATP6V1F",3.02407431007141,-0.499077368387426,0.577886939929413,-0.863624584505036,0.38779415440985,0.9999441983542
"IRF5",3.34099704958151,-0.0105723484236111,0.530137302587799,-0.0199426608390005,0.984089113474598,0.9999441983542
"EXOC4",2.45004271739567,-0.557652503469211,0.543212533401177,-1.02658254215458,0.304617078012332,0.9999441983542
"CNOT4",2.37371248978943,-0.137998878055173,0.567742985126348,-0.243065756284883,0.807954458320243,0.9999441983542
"MTPN",5.99221684533359,-0.283043444045304,0.403775043924479,-0.700992912524439,0.483307438305978,0.9999441983542
"ZC3HAV1",5.22388675208096,-0.169792319188433,0.36534065400237,-0.464750684952054,0.642110007090393,0.9999441983542
"LUC7L2",3.71276103795552,-0.689922070694977,0.463969262476108,-1.48699952021176,0.137014937665595,0.9999441983542
"HIPK2",3.78609046924687,0.248257312792847,0.476054478527219,0.521489291647642,0.602025963332096,0.9999441983542
"TBXAS1",11.3281611292714,-0.205282203606937,0.394868205937765,-0.51987524070067,0.603150533277802,0.9999441983542
"PARP12",7.55143472629923,0.771146297807958,0.465911874686279,1.6551333840272,0.0978974443597453,0.9999441983542
"KDM7A",3.31352409655723,0.120276218234131,0.458335493990876,0.262419602695062,0.792997961327957,0.9999441983542
"MKRN1",2.7333162129264,-0.538187423278243,0.531279436103334,-1.01300254951627,0.311058943152743,0.9999441983542
"NDUFB2",4.4238509370976,-0.864820278797364,0.474711115687708,-1.82178223811867,0.068488033853977,0.9999441983542
"GSTK1",11.4803169496218,0.175744961060614,0.294831668679806,0.596085765981526,0.551117932625546,0.9999441983542
"ZYX",15.9620092827297,0.400330268468185,0.277138148264303,1.44451520288862,0.148594106406365,0.9999441983542
"CUL1",2.94528391139828,0.0951656351983388,0.541061465976012,0.175886920770954,0.860382780875323,0.9999441983542
"ZNF746",2.24411337175964,0.654894316349295,0.535480787006923,1.22300245357044,0.221328769584064,0.9999441983542
"ZNF467",4.39598970516121,0.0859858857440642,0.547751992747615,0.156979594565681,0.875260929882438,0.9999441983542
"GIMAP8",4.15837366898557,-0.836179124235641,0.488915044950366,-1.71027488900557,0.0872150529954111,0.9999441983542
"GIMAP7",6.6661762501469,0.495280009444001,0.37105678919904,1.33478223242622,0.181947630302466,0.9999441983542
"GIMAP4",6.34683648816778,-0.309030734507423,0.382376701431766,-0.808184006374585,0.418984663348208,0.9999441983542
"GIMAP1",2.72764032039337,-1.09292424761104,0.628412072258531,-1.73918404158444,0.0820023955844207,0.9999441983542
"TMEM176B",5.03169230620568,-0.0480976010482112,0.559764920095436,-0.0859246432234641,0.931526321494504,0.9999441983542
"TMEM176A",2.30068068395653,-0.214232353811432,0.678619259070684,-0.315688585238218,0.75223889163621,0.9999441983542
"ABCB8",1.26782847041891,-0.110218684904376,0.719510120190953,-0.153185732641432,0.87825180858129,0.9999441983542
"SLC4A2",2.82758954675541,0.284956659480833,0.542889205004674,0.524889161276248,0.599660244549923,0.9999441983542
"FASTK",2.45076931356953,-0.0154673337650827,0.527996497883239,-0.0292943870406185,0.976629803475544,0.9999441983542
"TMUB1",1.13375601234854,1.07365880067355,0.699398419059537,1.53511756877756,0.124754951500703,0.9999441983542
"AGAP3",2.21279341640025,0.898323471219748,0.551747436988676,1.62814253587223,0.103494666061378,0.9999441983542
"SMARCD3",3.64788095701724,0.162805015808944,0.446997867670611,0.364218775041034,0.715694647998778,0.9999441983542
"NUB1",2.20000447009877,-0.368163753331597,0.585026220036224,-0.629311543179724,0.529145115751056,0.9999441983542
"PRKAG2",6.50036891511418,-0.102817768296583,0.416432442169515,-0.246901436787506,0.804984504350792,0.9999441983542
"KMT2C",10.9012170093947,-0.16731914259737,0.301429127525049,-0.555086178867918,0.578835715891491,0.9999441983542
"RBM33",6.30638205301663,0.366653402679265,0.360382753389828,1.01739997053259,0.30896319603492,0.9999441983542
"UBE3C",3.76654966980355,0.126818753761589,0.57153455508726,0.221891664524513,0.824398219543693,0.9999441983542
"DNAJB6",1.95413172433738,0.425405904891921,0.545866304908384,0.779322521039871,0.435789751452572,0.9999441983542
"ESYT2",3.44429127430606,-0.296009696381299,0.540094873683539,-0.548069812924648,0.583643967319353,0.9999441983542
"ERICH1",7.86198013346705,0.323955232566019,0.315342877264606,1.02731108238791,0.304274005571483,0.9999441983542
"CTSB",14.2812767536776,-0.126569612288701,0.354057878919941,-0.357482829289955,0.720730378375647,0.9999441983542
"PCM1",5.26532340790316,0.104736954623436,0.407321313080806,0.257135954490693,0.797073822775183,0.9999441983542
"ASAH1",10.928021647792,-0.300054639646362,0.351334205626497,-0.854043343463544,0.393080974158931,0.9999441983542
"INTS10",2.15146333871773,-0.261914271471153,0.584902456898419,-0.447791368256537,0.654303773531236,0.9999441983542
"ATP6V1B2",5.82867195396705,-0.0502628523248537,0.387881848668714,-0.129582893598567,0.896896438051158,0.9999441983542
"DOK2",4.99611023274589,-0.157031413993263,0.397768763782504,-0.394780657234127,0.693004771175746,0.9999441983542
"FAM160B2",1.47597724789946,0.734021366972408,0.616271483837506,1.19106820001094,0.233626812460442,0.9999441983542
"REEP4",2.76887367900515,0.378125145136572,0.471501160635541,0.801960157694825,0.422576005621913,0.9999441983542
"PDLIM2",2.05065017863458,0.0218069439858505,0.597068362650394,0.0365233620636826,0.970865050901314,0.9999441983542
"TNFRSF10B",3.12446323302472,0.0296414395388849,0.466223934858165,0.0635776872929153,0.949306498751233,0.9999441983542
"ENTPD4",2.12623142267017,0.0313720278236245,0.542041472943054,0.0578775414605967,0.953846172446069,0.9999441983542
"SLC25A37",10.1756948276184,-0.380629658293808,0.41631714717678,-0.914278119157513,0.360570724972668,0.9999441983542
"DOCK5",6.22667768435071,0.388603263254112,0.447868124238522,0.867673411486532,0.385573145431796,0.9999441983542
"PPP2R2A",2.08621775225273,0.405227426817587,0.548295618942142,0.739067416951855,0.459866060955649,0.9999441983542
"BNIP3L",2.89235526477119,-0.487570968238826,0.587220447661264,-0.830303117305751,0.406367426035869,0.9999441983542
"DPYSL2",1.61466666650241,-0.0362548739218017,0.676950410235852,-0.0535561739436282,0.957288774493467,0.9999441983542
"PTK2B",7.46697073531288,0.409435386801441,0.344303537356135,1.18916985269871,0.234372835148277,0.9999441983542
"CLU",2.97083333625806,-0.381208466274979,1.16223849054049,-0.327995045231811,0.742915408920316,0.9999441983542
"HMBOX1",1.72069360825371,0.48095728522283,0.624928030132145,0.769620279508231,0.441525171824822,0.9999441983542
"SARAF",10.2884758804006,0.0177592199503788,0.349652399866911,0.0507910712385746,0.959492005814772,0.9999441983542
"GTF2E2",1.17355267920795,0.967858871921444,0.752697639101181,1.28585347109258,0.198494204779445,0.9999441983542
"GSR",2.98206324489946,-0.594864896639888,0.490482850229741,-1.21281487489574,0.225200607009671,0.9999441983542
"RAB11FIP1",8.33094496106029,-0.10871166445382,0.395652757531093,-0.274765340022373,0.783496528181223,0.9999441983542
"NSD3",4.39542293707385,0.26939627266453,0.386530573329242,0.696959804095656,0.485827949477805,0.9999441983542
"TACC1",6.48346987393481,0.300672595963617,0.418434465871444,0.718565559214697,0.472408640297629,0.9999441983542
"GPAT4",2.31155326802234,0.211258931882762,0.596358579064538,0.354248164274165,0.723152910954919,0.9999441983542
"KAT6A",2.90442742039318,-0.252197458911643,0.565841982728124,-0.445702981768356,0.655811810425992,0.9999441983542
"IKBKB",2.70776820164154,0.160114235675072,0.52580833118021,0.304510648044859,0.760738881728092,0.9999441983542
"HOOK3",6.22610984254966,-0.0190367014684691,0.36712181609871,-0.0518539096117093,0.958645099635426,0.9999441983542
"FNTA",2.86432392375642,-0.279583480469427,0.589509334541755,-0.47426472167189,0.635311145241331,0.9999441983542
"HGSNAT",2.3608136141702,0.584687330782299,0.554470962858044,1.05449585271067,0.291655958395463,0.9999441983542
"SPIDR",3.4476614595234,-0.370440904015242,0.505898027020468,-0.732244215691029,0.464019521164498,0.9999441983542
"CEBPD",53.4163193765234,-0.232458056061654,0.216590290070401,-1.07326166831438,0.283153728507321,0.9999441983542
"RB1CC1",3.34651429666018,-0.160515389650963,0.494577317495279,-0.324550649560462,0.745521182751723,0.9999441983542
"TCEA1",3.96274448212519,0.178633487374873,0.453690585102399,0.393734173113941,0.693777308652865,0.9999441983542
"LYN",12.8981408255323,-0.742813332788911,0.356895676630854,-2.08131782318345,0.0374048248360792,0.9999441983542
"RPS20",4.39747885792146,-0.761054998925775,0.608227823931859,-1.25126633307561,0.210837324227948,0.9999441983542
"SDCBP",4.28870642375114,-1.19576850404037,0.519552333019394,-2.30153620346796,0.0213613414633565,0.9999441983542
"NSMAF",1.50161907716728,0.186483675794311,0.618034715457757,0.301736570988879,0.762852887238955,0.9999441983542
"RAB2A",3.68862211639204,-0.273502425534712,0.464707512076557,-0.588547459266497,0.556164888218932,0.9999441983542
"ASPH",1.92381524519535,-0.149899602197079,0.604727123140218,-0.247879740235038,0.804227455749605,0.9999441983542
"PDE7A",1.58275782220235,0.0803224028181235,0.741555152667241,0.108316154947098,0.913744908215624,0.9999441983542
"VCPIP1",1.35175588344906,0.0861054432344006,0.674348847799752,0.127686795217851,0.898396840437187,0.9999441983542
"SGK3",1.95011879130284,0.693466453977786,0.575028444041604,1.20596895886356,0.227829459462501,0.9999441983542
"SNHG6",2.81537794675961,-0.00469881605279171,0.568218606069869,-0.00826938083793393,0.993402063899502,0.9999441983542
"ARFGEF1",3.97982392884378,-0.365069065093334,0.461121111032727,-0.7916988755421,0.428536278139992,0.9999441983542
"NCOA2",3.49869022271748,-0.962731615297614,0.534723029925856,-1.80043043111703,0.0717926993404031,0.9999441983542
"RPL7",9.47228964662767,-0.238289101833228,0.429919316481233,-0.554264701999333,0.579397703603737,0.9999441983542
"PAG1",4.94197454882961,-0.764402154948996,0.58731713951844,-1.30151515001887,0.193082182212636,0.9999441983542
"UQCRB",5.09947534120051,-0.431782856999858,0.49873669295097,-0.86575313808384,0.386625552758353,0.9999441983542
"MTDH",11.6406495077595,0.424165187362759,0.284891738118855,1.48886447239056,0.136523060657928,0.9999441983542
"RPL30",46.3569910598119,-0.164665227284029,0.324580662861972,-0.50731681250541,0.611932543881769,0.9999441983542
"VPS13B",3.55346988217192,-0.391739795384269,0.492913181809881,-0.794744003286496,0.426762430082449,0.9999441983542
"COX6C",4.61482944084133,-0.742890087668389,0.580734694886575,-1.27922456538176,0.200817987639462,0.9999441983542
"PABPC1",17.7978598603697,-0.13856427827647,0.353400464218971,-0.392088557616082,0.694992781722202,0.9999441983542
"YWHAZ",9.2657923294229,-0.371263245022683,0.372976664382262,-0.995406095010215,0.319538795423668,0.9999441983542
"ZNF706",2.39724427767121,-0.189257899911432,0.584638691405938,-0.323717712654811,0.746151759600598,0.9999441983542
"UBR5",2.78033299715996,0.328587122892997,0.503091877373101,0.653135416553965,0.513668981565398,0.9999441983542
"KLF10",3.75532452797667,-0.843844514186716,0.581786767124561,-1.45043607361054,0.146936953679497,0.9999441983542
"EIF3E",2.03430897297629,-0.111288392543643,0.63517200713796,-0.175209850706583,0.860914744318398,0.9999441983542
"ENY2",4.87040809594031,-0.685105736955921,0.409290340604574,-1.67388689394412,0.0941528304310432,0.9999441983542
"TRPS1",3.00713048049481,0.0416780657496181,0.469529520065282,0.0887655918712487,0.929268203419627,0.9999441983542
"EIF3H",3.05440414792904,-0.558003968165493,0.509662446726173,-1.09485007527991,0.2735823241711,0.9999441983542
"EXT1",2.3324595560255,0.124107581699216,0.565789280035028,0.219353010172855,0.826375071071964,0.9999441983542
"SNTB1",2.51525963825357,-0.00691775051053806,0.565315861269512,-0.0122369651808515,0.990236558080087,0.9999441983542
"NDUFB9",5.99362009710592,-0.662953373097259,0.478739602980636,-1.38478907733914,0.166116971784213,0.9999441983542
"MTSS1",6.11300305890214,-0.648624613508241,0.540697059676603,-1.19960817596491,0.230291549747519,0.9999441983542
"TRIB1",5.42416685734129,-0.507122170780554,0.562484195948306,-0.901575856590218,0.367282221068269,0.9999441983542
"FAM49B",6.41830183678652,-0.401508500116059,0.476069829175367,-0.843381528318102,0.399015099260209,0.9999441983542
"EFR3A",3.62167310265538,-0.150454102625272,0.50718319733564,-0.296646465055714,0.766736432737141,0.9999441983542
"PHF20L1",4.26169647008386,0.12663824894011,0.382103522644027,0.331423924238688,0.740324296145644,0.9999441983542
"SLA",4.1619296738764,-0.489444645861201,0.602860585683444,-0.811870368513697,0.416866018774765,0.9999441983542
"NDRG1",2.00456981117757,0.343234512813096,0.607821046861676,0.564696656335441,0.5722801089059,0.9999441983542
"ST3GAL1",3.23647058603452,-0.766048767996731,0.516292147652188,-1.48375056928582,0.137875105130861,0.9999441983542
"TRAPPC9",2.69439654050184,-0.294599062537647,0.564450527048885,-0.521921848630203,0.601724745300496,0.9999441983542
"AGO2",2.72892733757339,-0.23503273075909,0.647883643071972,-0.362769971540987,0.716776725207349,0.9999441983542
"DENND3",5.20931654266484,-0.21862448915654,0.395620512769514,-0.552611611632759,0.580529389152288,0.9999441983542
"LY6E",36.193246218163,-0.0825031709632687,0.360838054580374,-0.228643209650416,0.81914623758368,0.9999441983542
"GSDMD",5.48738434684676,0.211919497820544,0.526636350347649,0.402401956645509,0.687388230263932,0.9999441983542
"NAPRT",5.88450974039622,0.608979827577017,0.377082723189236,1.61497674151304,0.106315731742687,0.9999441983542
"EEF1D",29.6871007458481,0.180725866028712,0.245381618712934,0.736509388831358,0.461420755910156,0.9999441983542
"PUF60",2.10504411939632,-0.363472226310439,0.609334608952511,-0.59650678128274,0.550836725022461,0.9999441983542
"PLEC",27.7157215859413,0.430279575440075,0.306793954874282,1.40250343464686,0.160764965582608,0.9999441983542
"PARP10",6.17150230023274,0.196262988932583,0.502842352901572,0.390307196281456,0.696309402599148,0.9999441983542
"GRINA",11.7929474741431,-0.189256960505101,0.320906398615757,-0.589757515965618,0.555353228832792,0.9999441983542
"GPAA1",2.6322161395653,-0.0990819539520315,0.529255276802186,-0.187210139029118,0.851495875585105,0.9999441983542
"CYC1",2.46604097610823,0.0701533190548332,0.524899966393349,0.133650835485598,0.893678683850628,0.9999441983542
"MAF1",2.66058079924266,-0.184104365646565,0.541682503263772,-0.339875045875196,0.733950629669639,0.9999441983542
"MROH1",2.05668356697137,-0.037674355590081,0.614991446905607,-0.0612599667518035,0.951152172796052,0.9999441983542
"DGAT1",2.5123695790125,0.338901198531603,0.526539411821782,0.643638806369752,0.519809679823162,0.9999441983542
"CPSF1",2.35030986070605,0.365190520614266,0.618986764710523,0.589981145695501,0.555203290000706,0.9999441983542
"VPS28",5.41766814889374,0.543537966435726,0.4396127414176,1.23640175824523,0.2163092628949,0.9999441983542
"CYHR1",1.59713755170048,-0.0766053865886209,0.669583579956448,-0.114407504726451,0.908914765148523,0.9999441983542
"RPL8",40.2982397092228,-0.234707880703521,0.229168738008572,-1.0241705860192,0.305754709209576,0.9999441983542
"WASHC1",9.78910159719516,0.704302494480569,0.323563513916891,2.17670554369574,0.0295025444147514,0.9999441983542
"DOCK8",14.7160578505813,-0.221152984767325,0.303430928677004,-0.728841274459327,0.466098760654369,0.9999441983542
"SMARCA2",4.1460764249368,-0.0999385168099901,0.468610818884336,-0.213265491923389,0.831119887841071,0.9999441983542
"PUM3",1.29905361243697,0.454375546372084,0.68054829870064,0.667660983415308,0.504350020699078,0.9999441983542
"JAK2",11.4225981040213,0.365689246808115,0.419440433915747,0.871850249138286,0.383290077626533,0.9999441983542
"RIC1",4.28582685089849,-0.455949208531286,0.480955091066379,-0.948007863936631,0.343125450815559,0.9999441983542
"KIAA2026",3.25722291918617,0.478010587455159,0.453046250391214,1.05510328590599,0.291378089393687,0.9999441983542
"KDM4C",2.11713925950853,0.0163935571817367,0.545332451473716,0.0300615837869808,0.976017938570912,0.9999441983542
"CNTLN",1.57990691581613,-0.176396322860759,0.682145361099977,-0.258590518854098,0.795951199350409,0.9999441983542
"RPS6",24.1668936303569,-0.613289277220836,0.324571528639229,-1.88953504268246,0.0588201718153059,0.9999441983542
"HACD4",2.20851794089893,0.209623821169603,0.537637171320972,0.38989830382181,0.696611748204084,0.9999441983542
"PLAA",1.81126393472457,-0.469307913174404,0.881715359043173,-0.532266913988763,0.594541144132702,0.9999441983542
"C9orf72",5.89891193578532,-0.0490061627839925,0.357965832218013,-0.136901788867229,0.891108424839803,0.9999441983542
"DDX58",3.49692921858574,-0.0285969734667164,0.462331694806801,-0.0618538027739294,0.950679257056608,0.9999441983542
"DNAJA1",4.191025095505,-0.389865015397772,0.522015699948407,-0.746845383072393,0.455156897453793,0.9999441983542
"B4GALT1",2.87866223201653,0.130104216846507,0.524636991639038,0.247989026545848,0.804142897210854,0.9999441983542
"BAG1",3.23992550144077,-0.837098207708439,0.541571147986018,-1.54568464516882,0.122180747356651,0.9999441983542
"UBE2R2",6.16424397822413,-0.145591776954931,0.415502778199772,-0.350399045671197,0.726039242496855,0.9999441983542
"VCP",5.32784197048819,0.181368707222197,0.366470452922379,0.494906767451213,0.620665933425425,0.9999441983542
"FAM214B",2.3105245373534,0.473424239550662,0.576798787167867,0.820778840183103,0.411772253425684,0.9999441983542
"TLN1",17.9249113289268,0.122387270882135,0.275432197141839,0.444346275243594,0.656792249488824,0.9999441983542
"GBA2",1.89474254198486,-0.212250533739032,0.660882802593566,-0.32116213783454,0.748087523111163,0.9999441983542
"GLIPR2",6.02215043111973,-0.0588725161046281,0.420444404834389,-0.140024496527234,0.888640635629921,0.9999441983542
"CLTA",4.36095948817566,-0.232363753829471,0.41129404578915,-0.564957738164274,0.572102510004867,0.9999441983542
"RNF38",1.94879397478855,0.239627538318424,0.551421200149148,0.434563521049989,0.663879278301498,0.9999441983542
"LINC01410",1.28994374010448,-0.0393333563456061,0.772189792781864,-0.0509374207135077,0.95937538678268,0.9999441983542
"CBWD5",1.87531469216091,-0.938760682833785,0.805100486513315,-1.16601678741907,0.243607658194526,0.9999441983542
"SMC5",2.54368175536276,-0.711785550440079,0.558769922015717,-1.27384370989829,0.202718810882004,0.9999441983542
"CEMIP2",1.60726829691393,-0.241495722795917,0.616784260636347,-0.391540021703475,0.695398111973344,0.9999441983542
"ZFAND5",13.847281786591,-0.0957491806683926,0.297819912423214,-0.321500264671118,0.747831311719128,0.9999441983542
"ANXA1",12.5603792500571,-0.347582031116812,0.341706441566606,-1.01719484573738,0.309060747510191,0.9999441983542
"GNAQ",5.09292623765572,0.313629852500543,0.389768931605382,0.804655853940855,0.421018301248166,0.9999441983542
"TLE4",6.84048175095367,-0.661762254730566,0.434532049272031,-1.52293083062391,0.127776011457246,0.9999441983542
"UBQLN1",2.57204355112073,-0.379122374331425,0.510033703702902,-0.743328081220816,0.457283074334068,0.9999441983542
"HNRNPK",6.3875487893345,0.27913265230107,0.410305675474454,0.680304146361848,0.496311899661375,0.9999441983542
"AGTPBP1",5.52512131314398,0.106238099452946,0.418002155278306,0.254156822187226,0.799374406418188,0.9999441983542
"TUT7",6.05936046029061,-0.0524866238991755,0.452604502024226,-0.115965757442612,0.907679680255109,0.9999441983542
"DAPK1",6.76932954330365,-0.0119713362059938,0.452434949890683,-0.0264597954001703,0.978890600985063,0.9999441983542
"SECISBP2",2.87552998315518,0.0102114604300172,0.553235166479828,0.0184577211441412,0.985273705453571,0.9999441983542
"SEMA4D",5.38101781777144,-0.0808985039979278,0.425887307568918,-0.189952840951562,0.849346085089502,0.9999441983542
"SYK",8.66741902656522,-0.0747308834606388,0.357467435232488,-0.20905647926233,0.834404148494215,0.9999441983542
"NFIL3",1.43377359025814,0.0244770212128047,0.713422904389812,0.0343092730303351,0.972630530415397,0.9999441983542
"NOL8",2.57930092234665,0.0993320003297,0.583886559846139,0.170122087338121,0.864914123520944,0.9999441983542
"BICD2",2.73802676787517,-0.00354781255421536,0.519271941040552,-0.00683228242047126,0.994548669753119,0.9999441983542
"FGD3",7.99119865164727,0.0358238972229199,0.333966507006924,0.107267933973322,0.914576422714235,0.9999441983542
"CARD19",2.60873362261229,0.205134255333561,0.525092334014438,0.390663207297786,0.696046198184684,0.9999441983542
"NINJ1",3.548026555567,0.0141942815089958,0.482372791983766,0.0294259579828738,0.97652487028913,0.9999441983542
"FAM120A",4.12618779970957,-0.0445087195486709,0.41742896621361,-0.106625852902346,0.915085807851849,0.9999441983542
"MFSD14B",2.30608474956412,0.0234993118391937,0.544463846080058,0.0431604632858181,0.965573621428663,0.9999441983542
"FBP1",1.98143600369818,0.441548009522058,0.621862477622648,0.710041247721,0.477678557994279,0.9999441983542
"MFSD14C",2.86121561918085,-0.00910403441857452,0.53682523854405,-0.0169590283110869,0.986469301738431,0.9999441983542
"ANP32B",3.41204485700781,-0.382739642731432,0.47907100821407,-0.798920486042869,0.424336519345667,0.9999441983542
"TRIM14",3.61653715683521,-0.173623332394083,0.464681314719608,-0.373639582428333,0.708672480870971,0.9999441983542
"TBC1D2",3.46994320946519,0.304419757054566,0.539036973919883,0.564747451071533,0.572245554126369,0.9999441983542
"SEC61B",3.28609476235857,-0.272024938711849,0.574249081076915,-0.473705483693084,0.635709942356149,0.9999441983542
"ABCA1",2.52654278085169,-1.00002435660661,0.651458092732576,-1.53505554349929,0.124770185127845,0.9999441983542
"RAD23B",4.07758369727449,0.475983785508163,0.409708113610657,1.16176314233427,0.245331689398632,0.9999441983542
"KLF4",18.2724561318476,-0.365401886322849,0.381169865521123,-0.958632671088213,0.337743827735336,0.9999441983542
"TXN",4.3123517875838,-0.65975461409546,0.697510935695452,-0.945869921648831,0.3442149365842,0.9999441983542
"ECPAS",1.88107870084986,-0.099109778002782,0.569374051191994,-0.174067957251115,0.861812055136682,0.9999441983542
"SUSD1",1.53640733193994,0.671494160861472,0.620007362422082,1.08304223717321,0.278789675885931,0.9999441983542
"PTBP3",2.11438693138513,-0.862073829621154,0.617607991833126,-1.39582686918028,0.1627666370566,0.9999441983542
"KIAA1958",2.37563675678631,-0.0782706659349299,0.563681377385944,-0.138856221040879,0.889563766287457,0.9999441983542
"SNX30",2.35862629463968,0.274792884046338,0.575031858755821,0.477874190555109,0.632739752173531,0.9999441983542
"SLC31A2",4.78264003498632,-0.217305436864851,0.49572570613264,-0.438358217410471,0.661126629871417,0.9999441983542
"FKBP15",5.19787365380751,-0.0999731830027515,0.435607260148939,-0.229503022903176,0.818477971388737,0.9999441983542
"AKNA",11.1018789700607,-0.0603914222020058,0.308245740829172,-0.19591972962726,0.844672994516618,0.9999441983542
"ATP6V1G1",4.02504659656776,-0.205814015629439,0.434724725126046,-0.473435265430933,0.635902675046723,0.9999441983542
"TLR4",5.58011066369622,-0.362011206112884,0.389267344484522,-0.929980927612279,0.352380959518415,0.9999441983542
"MEGF9",8.47099032439522,-0.0248903856202855,0.342414348028329,-0.0726908371790141,0.942052140132141,0.9999441983542
"CNTRL",5.31739062893936,-0.196606243256477,0.44715583828513,-0.439681709201146,0.660167651862596,0.9999441983542
"RAB14",3.05493271205167,-0.184372315193673,0.501642819812309,-0.367537036137896,0.713218471072418,0.9999441983542
"GSN",3.04512432289851,-0.822274031331856,0.553860280361626,-1.48462357834177,0.137643565979477,0.9999441983542
"DENND1A",5.53865092242937,-0.0581836865519885,0.375552834924739,-0.154928098369031,0.876878001797709,0.9999441983542
"PSMB7",2.51101296011619,0.107700978190513,0.540428284944075,0.199288196400856,0.842037311896121,0.9999441983542
"RPL35",31.9217649831696,-0.312078264337832,0.300359783395161,-1.03901481353532,0.298797846882014,0.9999441983542
"HSPA5",3.57912500886524,-0.3285404679579,0.462015283257138,-0.711103030275836,0.477020392328095,0.9999441983542
"RPL12",51.5192141759792,-0.15705047045407,0.263115152300962,-0.596888735143726,0.550581668709819,0.9999441983542
"NIBAN2",1.97659744042395,0.355480071623531,0.576539993805521,0.616574869814568,0.537515174391644,0.9999441983542
"SH2D3C",4.06979768632721,0.30024588462767,0.465020349981229,0.645661818111379,0.518498393085792,0.9999441983542
"CDK9",1.96283877231149,0.0572580438819768,0.628797287420992,0.0910596229141196,0.927445215548934,0.9999441983542
"PTGES2",1.15131637535659,0.546471978766774,0.66572625110603,0.820865900749552,0.411722656045778,0.9999441983542
"C9orf16",6.08969432617511,0.258611612418943,0.343883134328326,0.752033428228648,0.452030956275847,0.9999441983542
"CIZ1",1.75426298135109,-0.0409706559081996,0.632258084064698,-0.0648005251981991,0.948332823283356,0.9999441983542
"SET",4.7752075142898,-0.42244204786006,0.448279007964961,-0.942364108856687,0.346006256105687,0.9999441983542
"IER5L",2.29187338777029,0.0130393769468045,0.560067721473903,0.0232817861963003,0.981425500286376,0.9999441983542
"LINC00963",2.58536655006203,0.506384791706603,0.551021063252126,0.918993529426843,0.358098956666112,0.9999441983542
"C9orf78",2.81972544481427,-0.445744325870946,0.519627376197283,-0.857815323613191,0.390994446913255,0.9999441983542
"FNBP1",6.55358747033186,-0.161446946904726,0.353725095132784,-0.456419262094257,0.648088517028269,0.9999441983542
"NUP214",5.26237297759979,-0.0327221967258235,0.434364294332486,-0.0753335325964343,0.939949342121421,0.9999441983542
"FAM78A",1.71362580960396,0.283590536793336,0.633882901615165,0.447386317048043,0.654596153510655,0.9999441983542
"PRRC2B",5.49844710567703,0.400092908440272,0.394086705237743,1.01524081660889,0.309991048382055,0.9999441983542
"RAPGEF1",3.22686117036746,0.114223026683532,0.487492726403182,0.234307140388107,0.814746542973311,0.9999441983542
"SETX",7.32612671483582,0.0430002922395179,0.348659575291738,0.123330306369867,0.901845543007336,0.9999441983542
"TSC1",1.38292733667761,-0.0544811043735262,0.808666602379961,-0.0673715276644102,0.9462859353074,0.9999441983542
"RPL7A",25.4491481086896,-0.027126488486132,0.293547468518152,-0.0924092059899832,0.926372925404912,0.9999441983542
"SURF1",2.50452127846478,0.640071998351274,0.518500530676233,1.23446739295809,0.217028789835254,0.9999441983542
"SLC2A6",6.40619519193496,-0.0485297776263271,0.441630732294774,-0.109887682349821,0.912498451441281,0.9999441983542
"BRD3",1.81457837527515,0.421476846503184,0.606271402522509,0.695194998064477,0.486933106573937,0.9999441983542
"RXRA",8.58648468603128,-0.0122470448379507,0.328857761296797,-0.0372411610103301,0.970292719620182,0.9999441983542
"FCN1",79.2635311520655,0.0708942577692737,0.272842933837048,0.259835418027041,0.794990729371867,0.9999441983542
"UBAC1",2.71353062709713,0.107969780800113,0.470753422912293,0.229355275065582,0.818592794961435,0.9999441983542
"NACC2",5.52633658649711,0.298977688405043,0.384795467984805,0.776978195639375,0.437171634714988,0.9999441983542
"CARD9",3.83779356173805,0.724461642069983,0.445285467246892,1.62695999613277,0.103745594277783,0.9999441983542
"SEC16A",1.97460424138216,0.0168736172743223,0.538638924814728,0.0313263978835658,0.975009238269004,0.9999441983542
"NOTCH1",3.49913306091562,-0.983601087699715,0.582844285501935,-1.68758811258251,0.0914903227281378,0.9999441983542
"AGPAT2",3.63110596238679,0.771543253175505,0.447023705855471,1.72595601322529,0.0843553264573784,0.9999441983542
"RABL6",4.61259982202421,0.150903942515208,0.449645144025754,0.335606743495855,0.737167438101592,0.9999441983542
"PHPT1",2.36070163417781,-0.134761300803155,0.532368261080407,-0.253135490327063,0.800163514439163,0.9999441983542
"EDF1",8.92185297240647,-0.371744527038891,0.330837713304313,-1.12364616272436,0.261163164208253,0.9999441983542
"FBXW5",6.01474796470526,0.235187888730471,0.373193266098673,0.630203999094365,0.528561123146539,0.9999441983542
"PAXX",6.42392250289495,0.519275659859122,0.436847941340411,1.18868743724829,0.234562685979142,0.9999441983542
"C9orf139",1.23342399043273,1.16046709703431,0.716565847988614,1.61948423901546,0.105343114927635,0.9999441983542
"UAP1L1",2.12995912420657,0.786383275668348,0.521869964044751,1.50685674564117,0.131847380592112,0.9999441983542
"DPP7",7.27014539656815,0.288938180694072,0.404306526617087,0.714651289732261,0.474824543556196,0.9999441983542
"ANAPC2",2.05210754887043,0.563725238211307,0.547160857076929,1.03027332989949,0.302881715058944,0.9999441983542
"SSNA1",3.02395863064124,0.558884894046177,0.462463570968822,1.20849495858746,0.226856933801783,0.9999441983542
"TUBB4B",3.10178905562548,-0.179346811340913,0.463310283609734,-0.38709870617071,0.698683135422608,0.9999441983542
"MRPL41",3.01211643994971,0.253815324770106,0.492323553786182,0.515545768261858,0.606171695769746,0.9999441983542
"ARRDC1",7.4550509081489,0.382477041243992,0.496852331967468,0.769800233661849,0.441418401095004,0.9999441983542
"EHMT1",3.53148237697026,0.281556575330598,0.48740950465563,0.577659181122302,0.563494242776395,0.9999441983542
"LARP4B",3.17103380771043,-0.0467042636658277,0.477651419269581,-0.0977789697291119,0.922107807074314,0.9999441983542
"KLF6",47.4006147358704,-0.877282071205137,0.299791291450208,-2.92630938998055,0.00343009627418085,0.9999441983542
"TASOR2",2.03247618870275,-0.98491487199297,0.648255994500672,-1.51933014171603,0.128679416358511,0.9999441983542
"GDI2",2.74516162875903,-0.823255077541542,0.571400752520042,-1.44076652666408,0.149650653063349,0.9999441983542
"RBM17",3.37121162511862,0.0740808341859016,0.477301779461273,0.155207538236116,0.876657705652686,0.9999441983542
"PFKFB3",3.26919392049914,-2.16049530029833,0.703709214023179,-3.07015349130724,0.00213948786686794,0.9999441983542
"CELF2",10.9099331938446,-0.421392153952711,0.43619058009831,-0.966073485258982,0.334007411120323,0.9999441983542
"UPF2",4.34402274037327,0.333953581551382,0.442838581508876,0.754120339771453,0.45077696508852,0.9999441983542
"FAM107B",2.96378286666247,-1.10240260549691,0.664148286869052,-1.65987419871832,0.0969397629642127,0.9999441983542
"DCLRE1C",2.37122350408501,0.201822793371846,0.536662633306309,0.376070143226558,0.706864750059202,0.9999441983542
"VIM-AS1",3.85508328261959,0.115161533147545,0.436463086929458,0.263851712999861,0.791894184835732,0.9999441983542
"VIM",73.3526326536653,-7.74850736922128e-05,0.23795116922011,-0.000325634347358627,0.999740181386367,0.9999441983542
"AL133415.1",3.40416545138962,0.330577866580058,0.664026909469267,0.497838057262284,0.61859818949053,0.9999441983542
"PLXDC2",12.450534157529,-0.36547158810326,0.366083948164886,-0.998327268746155,0.318120688890745,0.9999441983542
"DNAJC1",2.41950643500988,0.0434990586340176,0.555931878587377,0.0782453036234381,0.937632925376473,0.9999441983542
"ARHGAP21",2.17633855231538,0.109703932092197,0.545552157727859,0.20108788965128,0.840629851243021,0.9999441983542
"APBB1IP",6.21140115042229,-0.296086725191954,0.379845876963178,-0.779491744280946,0.435690098895784,0.9999441983542
"YME1L1",9.59418356513167,-0.329312096514914,0.41296422451163,-0.797434927697084,0.425198480977561,0.9999441983542
"MPP7",2.56546995488318,-0.489556229195462,0.600041917374456,-0.815870050108439,0.414574463330834,0.9999441983542
"WAC",5.11468643543458,0.0761902188897731,0.384019556366929,0.198401924137878,0.84273061212417,0.9999441983542
"MAP3K8",4.94813572281707,-0.656051772596753,0.611916399602195,-1.0721264751578,0.28366322882039,0.9999441983542
"KIF5B",3.56083987799076,0.116124078656043,0.49205657209315,0.235997414203949,0.813434676679458,0.9999441983542
"EPC1",5.9719200123893,-0.348344782721413,0.388083198071187,-0.897603360446218,0.369397046855108,0.9999441983542
"ITGB1",3.10802084042786,0.388286289444985,0.478500051966352,0.811465511548762,0.417098390895255,0.9999441983542
"CREM",1.09929686246778,0.836926968767562,0.719698741990536,1.16288513503969,0.244876109300098,0.9999441983542
"CCNY",3.75504496373006,-0.205397174054541,0.435466513964457,-0.471671569381121,0.637161233291852,0.9999441983542
"CSGALNACT2",4.26128989945989,-0.542181249130793,0.487859808158121,-1.11134641563887,0.266419267522658,0.9999441983542
"HNRNPF",2.41025843173347,0.463343963497183,0.507828544979061,0.912402361147871,0.361556947044696,0.9999441983542
"RASSF4",9.99174054275456,-0.111001056102581,0.321157167048692,-0.34562845700327,0.729621956935261,0.9999441983542
"ALOX5",9.6795779411165,-0.271455226055199,0.375136104904516,-0.723617968268592,0.469300307076273,0.9999441983542
"WASHC2C",4.0572672836997,-0.500094232817849,0.488865440491313,-1.02296908596208,0.306322462597568,0.9999441983542
"NCOA4",3.06471354577054,0.294451587184719,0.443749054753788,0.663554285987366,0.506975623883698,0.9999441983542
"WDFY4",1.72476456755662,-0.0735362763932299,0.621176646187169,-0.118382229667843,0.905764805433014,0.9999441983542
"WASHC2A",1.76014142858752,0.264555249093132,0.594076477716991,0.445321871873813,0.656087163932934,0.9999441983542
"IPMK",4.17200872937081,-0.169677807446009,0.523529237889498,-0.324103784785794,0.745859461616599,0.9999441983542
"JMJD1C",9.09074575819517,-0.5484854449469,0.332590276456163,-1.64913253264995,0.0991204860464716,0.9999441983542
"HERC4",1.43668925110188,0.583919234681412,0.662111615422602,0.881904532529183,0.377828435793996,0.9999441983542
"HNRNPH3",4.03816665134026,-0.149059786212231,0.454568760598752,-0.327914716391622,0.742976146350922,0.9999441983542
"CCAR1",2.23959835309525,-0.0590465802168512,0.533267505072007,-0.110726004594782,0.911833624089436,0.9999441983542
"DDX21",8.32331889422148,0.177060784424283,0.346921187177145,0.510377546741969,0.609786984149572,0.9999441983542
"SRGN",17.9310644105132,-0.798708215799955,0.425033295284181,-1.87916623159118,0.0602217989192594,0.9999441983542
"HK1",4.40865180450481,-0.195694924327198,0.432744677036579,-0.452217981437254,0.651111955516029,0.9999441983542
"EIF4EBP2",2.82079807989404,-0.72539497408043,0.547705609276507,-1.32442494981682,0.185361952962154,0.9999441983542
"VSIR",31.4148683875413,-0.00973313048537256,0.262868187117037,-0.0370266580833499,0.970463750233494,0.9999441983542
"PSAP",80.4851802687796,0.127386556522429,0.272065745919608,0.468219753618194,0.639627447335395,0.9999441983542
"ANAPC16",3.19872072835257,-0.451173898464244,0.511565007985541,-0.881948318241885,0.377804756071108,0.9999441983542
"DDIT4",1.99586013575556,-0.291727835612936,0.913576014931642,-0.319325191166238,0.749479932044486,0.9999441983542
"DNAJB12",2.19806091943008,-0.232929971961402,0.581613716516883,-0.40048913109607,0.688796287280003,0.9999441983542
"MICU1",2.45746126556189,-0.885996869466782,0.60570836672466,-1.4627449745457,0.143537174763982,0.9999441983542
"SEC24C",2.16369004776178,0.83536423042465,0.587227814976044,1.42255562342313,0.154865016036905,0.9999441983542
"ZSWIM8",2.94331122736458,-0.134720958524988,0.493100662686781,-0.273211878870588,0.784690349217582,0.9999441983542
"CAMK2G",0.91534800213529,-0.82721168847399,0.944160552837084,-0.876134557823161,0.380956887903159,0.9999441983542
"VCL",3.92759271194857,-0.33558747327229,0.434146390506671,-0.772982294936606,0.439532858889723,0.9999441983542
"KAT6B",1.98208164769001,-0.2399050966003,0.616075877688765,-0.389408359081213,0.696974089433296,0.9999441983542
"COMTD1",1.62277847319896,-0.420238303693377,0.668745654089734,-0.62839780882821,0.529743372142268,0.9999441983542
"LRMDA",2.15610415888163,-0.0817930756152487,0.610902118522563,-0.133889003058397,0.89349034627594,0.9999441983542
"RPS24",41.2078725530876,-0.61224950877073,0.365056771691871,-1.67713505472925,0.0935160753253585,0.9999441983542
"ZMIZ1",5.79996159732663,0.0493637665050802,0.377682222711109,0.130701853401342,0.896011166121827,0.9999441983542
"NUTM2B-AS1",3.30459637285637,-0.539097540798958,0.580946930116496,-0.927963490040054,0.353426508531972,0.9999441983542
"ANXA11",4.67837464079279,0.230914671280843,0.391150861843018,0.590346829846733,0.554958149415402,0.9999441983542
"TSPAN14",5.01977307055195,-0.167755757699665,0.464063927834469,-0.361492776399341,0.717731104027953,0.9999441983542
"WAPL",3.3829220559671,0.266859500682325,0.448782986983082,0.594629271658164,0.552091309151536,0.9999441983542
"GLUD1",3.44073172703003,-0.0575420484900446,0.492261187597522,-0.11689332805391,0.906944585348773,0.9999441983542
"PTEN",5.65971348785107,-0.371062981955278,0.43941265569655,-0.844452195777281,0.398416765739637,0.9999441983542
"IFIT2",7.7716265050877,-0.000602301643606801,0.507839932667356,-0.0011860068593726,0.999053703659746,0.9999441983542
"IFIT3",7.50897406888627,-0.117092153935033,0.416463628146796,-0.281158175699704,0.778589082176117,0.9999441983542
"IFIT1",2.62761876274486,-0.5920769126101,0.579659237205783,-1.02142237129555,0.307054370718684,0.9999441983542
"TNKS2",2.98325983462054,-0.329950656746274,0.509822707100977,-0.647187055716847,0.517510887850446,0.9999441983542
"BTAF1",2.87645487227023,-0.0134218151641073,0.484081815620489,-0.0277263361915453,0.977880418531779,0.9999441983542
"HHEX",2.53370898563035,-0.477881390677729,0.591698502659528,-0.807643400363157,0.419295894883227,0.9999441983542
"MYOF",2.81242037051941,0.145087579461235,0.564889333303722,0.256842483841391,0.797300372520405,0.9999441983542
"ENTPD1",3.63592663515425,-0.0060022043698402,0.536624251737593,-0.0111851157498101,0.991075754913467,0.9999441983542
"ZNF518A",1.59877850836777,1.29816541381857,0.617531736906269,2.1021841246932,0.0355371499095149,0.9999441983542
"TM9SF3",2.59143479737561,-0.303928167086426,0.518461333283855,-0.586211830227322,0.557733172685658,0.9999441983542
"PIK3AP1",4.45048096939838,0.136530347953524,0.505940443685633,0.269854583988066,0.787272128020029,0.9999441983542
"LCOR",3.28841581382386,-1.23495350084372,0.565258414044223,-2.18475916529586,0.0289065095558748,0.9999441983542
"FRAT1",1.91763695313445,-0.938705177664423,0.827947665478607,-1.13377356662005,0.256889541634388,0.9999441983542
"FRAT2",3.25120056288494,0.458161979631434,0.488063222266861,0.938734898940865,0.347866870718136,0.9999441983542
"RRP12",3.75330771197971,-0.561330093395847,0.476535259832778,-1.17794031357265,0.238820401966515,0.9999441983542
"PGAM1",4.10317502358872,-0.245194002290843,0.455053815139008,-0.538824187675346,0.59000817224099,0.9999441983542
"PI4K2A",1.65583984482581,0.250991026060628,0.581287600842522,0.431784585972314,0.665897983458262,0.9999441983542
"HPS1",4.62548579957123,0.229598433659437,0.393085880684253,0.584092293673256,0.559158219285278,0.9999441983542
"SLC25A28",1.99767787685492,0.111691248693937,0.601052321477294,0.18582616638002,0.852581084106851,0.9999441983542
"NDUFB8",3.07097075796035,-0.455235046351953,0.506499752136753,-0.898786316146194,0.368766490162412,0.9999441983542
"OGA",8.69011679088458,0.0935229188875985,0.365637861754921,0.255780182169112,0.79812057732904,0.9999441983542
"LDB1",1.1138877839889,0.305746592461338,0.797392435871798,0.383433023323154,0.701398721811196,0.9999441983542
"GBF1",2.29559521830897,0.212465789335328,0.555812963327769,0.382261306147397,0.702267552477757,0.9999441983542
"NFKB2",4.82839345031299,-0.0765322176571651,0.481976140375327,-0.158788394789766,0.873835592418603,0.9999441983542
"FBXL15",2.74291446015807,0.144923638421325,0.508809458365816,0.284828900167832,0.775775229776992,0.9999441983542
"ACTR1A",1.70084638826486,0.133357993117525,0.6204203703,0.214947799107628,0.829808017471144,0.9999441983542
"TRIM8",7.22501186969796,0.00399255528920399,0.361056944951409,0.0110579656340395,0.991177199753694,0.9999441983542
"BORCS7",1.39091353313691,0.0445488440176653,0.695849837050676,0.0640207723644562,0.948953686780208,0.9999441983542
"NT5C2",2.28545241115674,0.133117732358167,0.620998681085891,0.214360732820551,0.83026576058745,0.9999441983542
"ATP5MD",4.33530392757242,-0.686981631227992,0.542388062657792,-1.26658693014309,0.205303028201387,0.9999441983542
"SLK",2.0857356285244,-0.48902158043548,0.622676947529312,-0.785353596878515,0.432246279410434,0.9999441983542
"GSTO1",3.46414725685344,-0.553367620632264,0.484814794658785,-1.14140002889501,0.253703492680277,0.9999441983542
"ITPRIP",2.90381461585163,0.498998135313287,0.559963603753608,0.891126015991662,0.372861569366284,0.9999441983542
"ADD3",4.03525856115127,0.412837273397975,0.503440647073915,0.820031667680108,0.412198054525582,0.9999441983542
"SHOC2",3.35337582450356,-0.365521836703694,0.539160706435889,-0.677945985937975,0.497805941257517,0.9999441983542
"VTI1A",2.61489882136409,-0.101950992731027,0.610012988167179,-0.167129216440695,0.867268377916812,0.9999441983542
"TCF7L2",3.26373372339287,-0.426780794933803,0.635394870941694,-0.671678061079227,0.501788671037799,0.9999441983542
"CCDC186",1.09790547994513,0.430515527635893,0.745613597471456,0.577397634774725,0.56367087162309,0.9999441983542
"FAM160B1",2.00071975719746,0.0821513728596267,0.651416855573335,0.126111831704635,0.899643401903122,0.9999441983542
"SHTN1",2.91523115559934,-0.630486829787165,0.650764138203806,-0.968840771600278,0.332624640532135,0.9999441983542
"FAM204A",2.5094612859746,0.310981878606574,0.562022613767783,0.55332627369166,0.58004001316075,0.9999441983542
"CACUL1",3.9211039492734,-0.0128617618579276,0.435485180458679,-0.0295343273090966,0.976438441641729,0.9999441983542
"EIF3A",8.65363109665037,0.145740159428671,0.349126881856409,0.417441815576412,0.676355274539737,0.9999441983542
"DENND10",3.44256608238636,0.630230281292831,0.49390630621053,1.27601181310731,0.201951343224594,0.9999441983542
"RGS10",2.6897270362829,0.0504925330197536,0.51835886950122,0.0974084480667592,0.922402036048094,0.9999441983542
"TIAL1",2.18398301118669,0.329266108340175,0.530292158622104,0.620914533595463,0.534655858105669,0.9999441983542
"MCMBP",2.13576408982037,0.00800656802010284,0.55863681547761,0.0143323314867059,0.988564845481216,0.9999441983542
"CHST15",4.09774316297096,0.117672566592364,0.514343631615602,0.228782003624198,0.819038354881178,0.9999441983542
"FAM53B",2.3364088356065,-0.202580965764309,0.597948012084898,-0.338793610263807,0.734765215188742,0.9999441983542
"CTBP2",3.31602254441295,0.216055407192834,0.472038981389209,0.457706705825404,0.647163169628163,0.9999441983542
"PTPRE",17.2557392370291,0.334337743182965,0.265002966242871,1.26163773909062,0.207079169852451,0.9999441983542
"ADAM8",4.46458977034935,-0.125173532221183,0.420104294284781,-0.297958230668145,0.765735043508582,0.9999441983542
"TUBGCP2",3.72305947888682,0.112200755507015,0.438599580430562,0.255815920746823,0.798092979888366,0.9999441983542
"MTG1",1.97253811281731,-0.290367348486238,0.64556793791154,-0.449785888415707,0.652864834010687,0.9999441983542
"LINC01001",6.02075829639284,0.662437196810949,0.589718824895433,1.12331024353582,0.261305754814769,0.9999441983542
"RIC8A",2.11409110282266,-0.365836267476216,0.610398021397729,-0.599340519876687,0.548945832438595,0.9999441983542
"PSMD13",3.2630720903134,-0.168579761282423,0.482880536650818,-0.349112769074656,0.727004650635954,0.9999441983542
"PGGHG",1.46138099773239,0.631575671695383,0.650639707431771,0.970699550736553,0.3316979156589,0.9999441983542
"IFITM2",35.3636091698653,-0.758581145493645,0.753586035320769,-1.0066284537382,0.314113355600509,0.9999441983542
"IFITM1",9.94112460747027,-0.576703379972714,0.520838373778237,-1.10725977387039,0.268181630799109,0.9999441983542
"IFITM3",78.0218914557108,-0.378728594817083,0.659124454694168,-0.574593450629612,0.565566282497153,0.9999441983542
"SIGIRR",4.34167784921654,-0.0583928959893332,0.435113507845619,-0.134201524283754,0.893243220612773,0.9999441983542
"RNH1",9.22139248033084,-0.505267106205811,0.399096365310792,-1.26602783218118,0.205503117981452,0.9999441983542
"PHRF1",1.77464198799122,0.0599161717014242,0.577750639390329,0.103705937503852,0.917402714618973,0.9999441983542
"IRF7",18.0049977709725,0.367637355964468,0.301537490732678,1.21920944248485,0.222764708969362,0.9999441983542
"TMEM80",1.57219062698477,0.671920306591177,0.799249213147725,0.840689356383497,0.400521984845906,0.9999441983542
"TALDO1",10.0789750998349,-0.296348689552276,0.435060073661926,-0.681167285836854,0.495765645498285,0.9999441983542
"RPLP2",38.0376949882863,-0.459337596829441,0.384633283229481,-1.19422217695963,0.232391070299596,0.9999441983542
"PNPLA2",6.90874870519076,0.0319282684853371,0.354329751360686,0.0901089122850317,0.928200667054266,0.9999441983542
"CD151",5.38296089253351,-0.0936187081786695,0.44458805011097,-0.210574054240329,0.833219660055413,0.9999441983542
"POLR2L",7.27436764708998,0.526959731486976,0.378179006295246,1.39341349655876,0.16349478673238,0.9999441983542
"CTSD",34.5024910153587,0.383509117917408,0.23755613014603,1.61439369163683,0.106442059178041,0.9999441983542
"LSP1",26.453507229282,-0.201919433986672,0.282661721367527,-0.714350117906941,0.475010708666125,0.9999441983542
"MRPL23",2.24953776991872,0.293247758555264,0.712819530689009,0.41139130723847,0.680785626951546,0.9999441983542
"C11orf21",3.3041563454258,0.706702992651102,0.490376496719905,1.44114368730596,0.149544093506719,0.9999441983542
"TSPAN32",4.24845972212916,0.411266453453225,0.459373554775879,0.895276728878908,0.37063917700492,0.9999441983542
"TSSC4",2.49026615315762,-0.251852524894191,0.515354874433234,-0.488697279076225,0.625056030412589,0.9999441983542
"KCNQ1",2.10102430288127,0.19913472962244,0.571686526016877,0.348328534187914,0.72759346687935,0.9999441983542
"NAP1L4",3.50719907831733,0.768175983150564,0.437179868131009,1.75711655350142,0.0788979447417802,0.9999441983542
"NUP98",2.0166992230731,-0.509545008342806,0.703483161310351,-0.724317277749329,0.468870972089073,0.9999441983542
"RHOG",10.6010478826823,0.223624332440756,0.276442748192152,0.808935426605284,0.41855229006855,0.9999441983542
"STIM1",2.63716370880719,-0.204220646124109,0.559534437742812,-0.364983158048225,0.715123978246125,0.9999441983542
"TRIM22",15.3369773045364,0.105706394922657,0.389799756358994,0.271181274996243,0.786251613958095,0.9999441983542
"FAM160A2",1.95753829835399,-0.0880571560823069,0.719557462716279,-0.122376822762559,0.902600593287783,0.9999441983542
"ILK",3.58784963690963,0.108235799072488,0.463716849196845,0.233409243722654,0.81544363593676,0.9999441983542
"TAF10",6.73742075140167,0.332999914826866,0.391366079035685,0.8508655518827,0.394844042600552,0.9999441983542
"TPP1",4.65462838564264,-0.555659450548837,0.436328800133574,-1.27348790723585,0.202844961000302,0.9999441983542
"EIF3F",2.56032338427822,-0.600819661985841,0.593294113197272,-1.01268434764676,0.311210956558535,0.9999441983542
"RPL27A",11.9111147187345,-0.569906348575837,0.340976168842068,-1.67139642195875,0.0946434021958739,0.9999441983542
"DENND5A",5.64016144756313,0.757990378970443,0.390474702933291,1.9412022681017,0.0522337481308658,0.9999441983542
"SBF2",6.45684073566691,-0.534656623673008,0.392885357742725,-1.36084639739392,0.173562235923126,0.9999441983542
"MTRNR2L8",2.77515537728973,-0.14781706092636,0.732940837966254,-0.201676661020171,0.840169509486258,0.9999441983542
"EIF4G2",8.59226488444642,-0.341244943023437,0.354961353946216,-0.961358016104319,0.336372186335523,0.9999441983542
"USP47",1.88246225293124,-0.212321520205776,0.62388597866882,-0.340321032152067,0.733614780055046,0.9999441983542
"MICAL2",1.29277108447152,0.559815142609687,0.70722661749626,0.791564017473717,0.428614934725168,0.9999441983542
"FAR1",2.16351905578601,0.197835252236965,0.594731712884328,0.332646213327861,0.739401354850006,0.9999441983542
"COPB1",1.586544538738,-0.018025139506992,0.767146545705004,-0.0234963444832135,0.981254354361137,0.9999441983542
"PSMA1",3.38215781951321,-0.00256151539964697,0.532908300145894,-0.00480667199018237,0.996164845398159,0.9999441983542
"C11orf58",3.87787470650926,0.106748114674381,0.421077275241398,0.253511934628114,0.799872639827168,0.9999441983542
"RPS13",32.9855019841711,-0.698327348309343,0.441017066794297,-1.58344744657028,0.11331951595763,0.9999441983542
"PIK3C2A",1.62330610826845,0.218315274795868,0.686317447992555,0.318096640897634,0.750411631580693,0.9999441983542
"EIF3M",2.96536175237411,-0.177559180060091,0.545285552024739,-0.325626049325502,0.744707300963064,0.9999441983542
"HIPK3",4.51575527702842,-0.165857285996583,0.439531012673036,-0.37735058781839,0.705913082403237,0.9999441983542
"LMO2",4.72747408652899,0.00238067095168103,0.393263619373344,0.00605362620492222,0.995169934614982,0.9999441983542
"CAPRIN1",3.41231016470055,-0.531429260697179,0.495530661402807,-1.072444758903,0.283520313299713,0.9999441983542
"CAT",2.23491759464332,-0.0492856317606516,0.547498701596553,-0.0900196322236574,0.928271613907201,0.9999441983542
"CD44",14.8785167746363,-0.124072429372919,0.320111206012174,-0.387591646411155,0.69831825180513,0.9999441983542
"TRIM44",9.38831028854028,0.366429466711254,0.3373808992519,1.08610021350873,0.277434657919565,0.9999441983542
"COMMD9",2.2483003901821,-0.111335773919786,0.538655820837353,-0.206691860763172,0.836250514316982,0.9999441983542
"TTC17",4.11331304856193,-0.480680387643087,0.472427724095876,-1.01746862668359,0.308930549683572,0.9999441983542
"ACCS",1.68145842461724,0.0918817945177494,0.691610071011288,0.132852019322677,0.89431041346998,0.9999441983542
"CD82",1.63514537104074,0.796467029296545,0.619531648631423,1.28559538654075,0.198584307670134,0.9999441983542
"PHF21A",3.41939271231134,0.0842200609354049,0.493286860044156,0.170732423174349,0.864434167121886,0.9999441983542
"DGKZ",8.08138707808776,0.336613927628466,0.318310264485446,1.05750258532381,0.290282275340391,0.9999441983542
"ARFGAP2",3.17385475073418,0.614731630861671,0.460165505094095,1.33589246489906,0.18158442418945,0.9999441983542
"SPI1",35.4351608531891,0.0881189904650732,0.224796383189807,0.391994698556471,0.695062130922772,0.9999441983542
"AC090559.1",5.04641454651949,-0.349829809882401,0.408278636111283,-0.856840840888499,0.391532851182605,0.9999441983542
"CELF1",5.85795199993098,-0.150678029054132,0.38800978099064,-0.388335646254665,0.697767661185009,0.9999441983542
"FNBP4",4.13693264538986,0.140793022582533,0.429217085834949,0.328022875204632,0.742894366775823,0.9999441983542
"PTPRJ",4.95276628304066,-0.478698680435126,0.458950673833789,-1.04302860356729,0.296935045368162,0.9999441983542
"UBE2L6",3.9563139313849,-0.39986682689797,0.456748969092983,-0.875463009127378,0.381322028844483,0.9999441983542
"SERPING1",2.99989521919919,-0.588982461929684,0.622146863305922,-0.946693613144634,0.343794925914814,0.9999441983542
"SELENOH",7.27045246843557,-0.165664186199354,0.406872804549817,-0.407164559407338,0.683887129469897,0.9999441983542
"ZFP91",3.14135685798371,0.172574550766926,0.500081448309259,0.345092887069473,0.730024540671924,0.9999441983542
"FAM111A",3.60912788468438,0.370414747366835,0.521654917628029,0.710076211015349,0.477656877440358,0.9999441983542
"MPEG1",7.19309655517329,-0.512976694172453,0.440147364435941,-1.16546578628238,0.243830501564986,0.9999441983542
"PATL1",2.25318467187904,-0.247670837917097,0.571308283088525,-0.433515223301463,0.664640508995367,0.9999441983542
"MS4A6A",15.6284982762518,0.276972672339912,0.27232262767443,1.01707549866565,0.309117514925409,0.9999441983542
"MS4A7",7.30962241189247,-0.305483084633278,0.420603362949142,-0.726297294656238,0.467656537482938,0.9999441983542
"SLC15A3",4.00770902775161,0.0874285933677886,0.445257337717839,0.196355199480603,0.844332159254567,0.9999441983542
"TMEM258",3.27113658407368,-0.760396471373376,0.518572709168803,-1.46632566259065,0.142559587401201,0.9999441983542
"BEST1",6.50261103125832,-0.830070887963522,0.449412879807622,-1.84701179084775,0.064745431445392,0.9999441983542
"FTH1",176.434755027881,-0.566362009144233,0.253346486040642,-2.23552344457376,0.0253830042286043,0.9999441983542
"AHNAK",45.2690501940805,0.408725298499154,0.249845855424703,1.63590986051931,0.101858453986175,0.9999441983542
"EEF1G",9.26281949486513,-0.000792561181583732,0.351630819173229,-0.00225395823792476,0.998201603044007,0.9999441983542
"EML3",2.82955480385424,-0.313367603825899,0.576463022996075,-0.543603997698274,0.586714008205623,0.9999441983542
"B3GAT3",1.86489513452004,0.507489609070155,0.583365045563417,0.86993489399081,0.384335984923898,0.9999441983542
"UBXN1",5.79675752610349,0.316832093449714,0.375302213078322,0.844205236230767,0.398554729038596,0.9999441983542
"HNRNPUL2",2.58378352176346,0.459370737232911,0.48625087081684,0.944719618622433,0.344802038383698,0.9999441983542
"NXF1",6.25936416372539,0.467093134556044,0.367590935434884,1.27068730354692,0.203839914187101,0.9999441983542
"WDR74",3.15362831350411,0.118144591293706,0.488357545963362,0.241922321606902,0.808840353648372,0.9999441983542
"SLC3A2",4.0131826474929,-0.0270337838249455,0.429140715317652,-0.0629951502153203,0.949770366220019,0.9999441983542
"RTN3",4.54563196204299,-0.322461260029247,0.47068763891375,-0.685085465115296,0.49328999160638,0.9999441983542
"MARK2",3.81462035999398,0.402935360307009,0.416579491975047,0.967247231486723,0.333420456014594,0.9999441983542
"COX8A",8.99469842148569,-0.712624856017373,0.430219458198136,-1.65642172253673,0.0976364450389727,0.9999441983542
"OTUB1",4.15846257529695,0.0622189439064211,0.409559906003397,0.15191658898834,0.879252724037667,0.9999441983542
"FERMT3",8.86972373651999,0.391660690883386,0.317439890016622,1.23381056760975,0.217273500682082,0.9999441983542
"NUDT22",1.8408273953588,0.248330937803443,0.58611500776106,0.423689778482313,0.671792070626978,0.9999441983542
"DNAJC4",1.97758143675828,-0.3014325348996,0.611599440694672,-0.492859402482816,0.622111934474972,0.9999441983542
"TRMT112",2.86690097007624,-0.271058598814491,0.645110318113163,-0.420174024819957,0.674358328801323,0.9999441983542
"PRDX5",4.20675406008394,-0.0504455585754848,0.454913633890962,-0.110890408238624,0.911703251807664,0.9999441983542
"CCDC88B",12.1127497870272,0.598539181719761,0.275814252004666,2.17008068788859,0.0300007339136412,0.9999441983542
"RPS6KA4",4.50290033397699,0.318917900610409,0.378299163356436,0.843030943502042,0.399211138125298,0.9999441983542
"RASGRP2",6.32282298734337,0.461225169586051,0.38091796955377,1.21082544393051,0.22596231144854,0.9999441983542
"SF1",12.2670352133661,-0.0599509535663916,0.281303914089004,-0.213118092439422,0.831234853073415,0.9999441983542
"ATG2A",2.17268403232498,-0.271089218616871,0.59823357191804,-0.453149457573423,0.650441124065028,0.9999441983542
"VPS51",2.77744707004878,0.221212821979688,0.473695647335403,0.466993571133782,0.640504477646324,0.9999441983542
"FAU",42.6126897048932,-0.188633733472626,0.263192414791173,-0.716714171349866,0.473550479896464,0.9999441983542
"CAPN1",3.4765691270732,-0.178983492416496,0.450402552705562,-0.397385608365993,0.691083126539817,0.9999441983542
"NEAT1",238.266556385607,-0.167582274153872,0.256325351978582,-0.653787356031309,0.513248813630238,0.9999441983542
"MALAT1",1098.33412084769,0.152874805072981,0.274894517214311,0.556121695776849,0.578127664442705,0.9999441983542
"EHBP1L1",22.6362379737717,0.272094255736174,0.233421476733853,1.16567789538242,0.243744700574113,0.9999441983542
"MAP3K11",6.77941327639436,0.22992208835777,0.33825593421699,0.679728173550018,0.496676593465578,0.9999441983542
"PCNX3",2.51689872682857,-0.45132440721154,0.574138110802549,-0.786090312974807,0.431814579046275,0.9999441983542
"SIPA1",4.91475382551837,0.550948652118217,0.428893240433172,1.28458226938194,0.198938297852812,0.9999441983542
"RNASEH2C",2.7289066360932,0.637678775321629,0.537430798368528,1.18653187955998,0.23541231952464,0.9999441983542
"AP5B1",5.38321699226422,0.609972755275748,0.420303467424032,1.45126748302641,0.146705392157975,0.9999441983542
"CFL1",26.1394985491074,-0.418254554253312,0.27052927542958,-1.54606023170378,0.122090022011737,0.9999441983542
"FIBP",2.25086800442395,0.289113956854235,0.607350747250102,0.476024699340956,0.634056781555945,0.9999441983542
"CCDC85B",8.61540102842923,0.114220504250328,0.38883601256647,0.29374980855407,0.768949090719075,0.9999441983542
"DRAP1",8.75827764266849,0.191966214919648,0.337097964967453,0.569467142698955,0.569039162698851,0.9999441983542
"SART1",2.58510143403642,-0.308780999536568,0.58162119185777,-0.530897092229882,0.595490092875741,0.9999441983542
"SF3B2",6.34879372214915,-0.0552536057646681,0.364885903686525,-0.151427076810665,0.879638831528592,0.9999441983542
"PACS1",2.71741999820761,0.0247872596667755,0.520178145181873,0.0476514822784587,0.961994001675175,0.9999441983542
"RAB1B",3.59811510067957,-0.107500036497507,0.496315849856418,-0.216596017492906,0.828523189648418,0.9999441983542
"BRMS1",2.44500141000985,0.328220792144919,0.526035029776748,0.623952348352577,0.53265887989243,0.9999441983542
"CCS",2.2160418534597,0.357873468366739,0.639144638935964,0.559925635866273,0.575530161903443,0.9999441983542
"RBM4",2.25139347566769,-0.0798188038473294,0.542578791232935,-0.147110069794568,0.88304514180958,0.9999441983542
"KDM2A",7.68950863810345,0.274202510963934,0.368714076069072,0.743672478922577,0.457074643050589,0.9999441983542
"GRK2",20.498840513903,0.11482600850365,0.260709568155185,0.440436495354483,0.65962099730018,0.9999441983542
"ANKRD13D",15.5565690940306,0.292902632910933,0.31295125785888,0.935936908881231,0.349305672444845,0.9999441983542
"POLD4",6.41100099683363,0.204986505973387,0.381332362983068,0.537553394025697,0.590885413383485,0.9999441983542
"PPP1CA",4.77810160225789,0.155244898817496,0.422530948064955,0.367416634280787,0.713308265596272,0.9999441983542
"TBC1D10C",2.97434556305109,0.146574695198532,0.513640337824955,0.285364455251339,0.775364936453586,0.9999441983542
"RPS6KB2",3.27271134460093,-0.190124187203276,0.491802081784446,-0.386586788151512,0.699062140452326,0.9999441983542
"CORO1B",3.34008464632689,0.295135180406208,0.514115371963279,0.574064104092354,0.565924422924464,0.9999441983542
"AIP",3.10941504912346,-0.266611321394055,0.485382927202896,-0.549280385551362,0.582813045928715,0.9999441983542
"PITPNM1",2.58993858037755,0.188370004677304,0.568225895964841,0.331505491064348,0.740262693990754,0.9999441983542
"CDK2AP2",1.5950705448565,1.38906486061727,0.660556984845469,2.10286908243386,0.0354772151398379,0.9999441983542
"GSTP1",14.0744322406056,-0.158609647765046,0.344851057534312,-0.459936672078393,0.645561676715183,0.9999441983542
"NDUFV1",3.34261149097371,0.707397387714151,0.428000037177173,1.65279749127993,0.0983720848417075,0.9999441983542
"UNC93B1",10.037367194005,0.170400307197566,0.317493618986004,0.536704667456884,0.591471631480744,0.9999441983542
"ALDH3B1",2.73812868419583,0.00451422484286533,0.525695862873932,0.00858714165674896,0.993148536454104,0.9999441983542
"NDUFS8",4.35281585679635,0.296778694217358,0.503817203535768,0.589060262600358,0.555820848864328,0.9999441983542
"TCIRG1",31.4636423505973,0.258058987631793,0.262751295949644,0.982141635873226,0.32603007594592,0.9999441983542
"PPFIA1",3.25845590667834,-0.18307541469914,0.457692074376334,-0.399996908289496,0.689158793950082,0.9999441983542
"NADSYN1",4.25560519832676,0.257967405094589,0.451852612768944,0.570910508879809,0.568060307004679,0.9999441983542
"NUMA1",3.70208375434566,0.14094219372549,0.476215234185877,0.295963219165889,0.767258170535165,0.9999441983542
"LAMTOR1",4.74356597309101,0.198121010024027,0.413248698232304,0.479423192066912,0.631637597759148,0.9999441983542
"FOLR3",3.52302540139924,-1.31192826919549,1.18606553831068,-1.1061178550589,0.268675511448693,0.9999441983542
"INPPL1",4.34333439284999,0.267983036399566,0.406160700286354,0.659795583892362,0.509385017650868,0.9999441983542
"ARAP1",16.07872982929,-0.263195111590714,0.288155388248027,-0.9133791083725,0.361043189327798,0.9999441983542
"ATG16L2",16.1496909468504,0.301653158303248,0.256678842604689,1.1752162945811,0.239908192791572,0.9999441983542
"FCHSD2",2.0003684994257,-0.0265460708625674,0.578596309908863,-0.045880124722449,0.963405795666762,0.9999441983542
"RELT",5.65212010511579,-0.160471515450975,0.445706236078721,-0.360038748532637,0.718818156791539,0.9999441983542
"RAB6A",2.25318192899497,-0.47684746077922,0.587253588877996,-0.81199582226527,0.41679402870794,0.9999441983542
"UCP2",7.0919375435326,-0.12521194141455,0.402366026368474,-0.311189149204871,0.755656831491057,0.9999441983542
"RNF169",5.07796692627076,0.441490408608829,0.400130817047519,1.10336517408605,0.26986861405447,0.9999441983542
"ARRB1",4.52477481484766,-0.429568768624726,0.422881037892079,-1.01581468577069,0.309717641315666,0.9999441983542
"RPS3",38.4394048765655,-0.224516723034143,0.264808599992031,-0.847845285390654,0.396524139210654,0.9999441983542
"UVRAG",6.52042642372531,-0.184777694491074,0.421576718044184,-0.438301468231717,0.661167761743879,0.9999441983542
"PAK1",6.77239333043577,0.407988105554703,0.373152506276743,1.09335485811296,0.274238025437963,0.9999441983542
"RSF1",3.44140673288326,0.19948667321399,0.440117547558981,0.453257713354992,0.650363178657598,0.9999441983542
"GAB2",3.17639030770855,-0.0144548908181053,0.485232235142072,-0.0297896342642468,0.976234825758205,0.9999441983542
"PCF11",2.6760600416863,0.0814661654615217,0.520034285767289,0.156655373868901,0.875516459220266,0.9999441983542
"CREBZF",3.10600382278362,0.542205296222161,0.500603500433976,1.08310328583823,0.278762580683574,0.9999441983542
"PICALM",5.32472086712969,-0.371490593168927,0.42487287045525,-0.874357058314587,0.381923835100638,0.9999441983542
"CTSC",3.12052715270116,-1.24393816969962,0.58829291934429,-2.11448774716873,0.0344736301909901,0.9999441983542
"TAF1D",5.6588323981811,-0.436843905994223,0.50134564899203,-0.871342768950943,0.383567024605979,0.9999441983542
"MAML2",5.35239735520936,-0.28708998067844,0.418038220441727,-0.686755341114697,0.492236916498695,0.9999441983542
"TMEM123",3.26757870639786,0.100574637006937,0.527176995108377,0.190779639362414,0.848698241124266,0.9999441983542
"CASP4",2.53258263631386,0.211792397449686,0.522335996900708,0.405471571376204,0.685130911044795,0.9999441983542
"CASP1",5.61000998934893,-0.0560445172805424,0.36961540586095,-0.151629278411697,0.879479339574561,0.9999441983542
"CARD16",9.24406736421031,-0.120540843884852,0.392809763633786,-0.306868247799541,0.758943658336201,0.9999441983542
"CWF19L2",1.15148154841866,0.589183770241706,0.743659976391718,0.792275756321403,0.428199904585614,0.9999441983542
"CUL5",1.46369465695264,0.0462404174555305,0.791660147183598,0.0584094293745049,0.953422504042518,0.9999441983542
"ATM",5.32998750810924,0.0542343003126471,0.404232688460599,0.134166043125267,0.893271276761451,0.9999441983542
"ZBTB16",5.15897593519593,-1.32163621163645,1.5227296955398,-0.867938817708503,0.385427827135171,0.9999441983542
"SIK3",5.76896344714033,0.471897019722651,0.436978336785329,1.07990941426114,0.280182520614145,0.9999441983542
"SIDT2",2.47237030146291,0.00106123847573688,0.590939390565232,0.00179584995124764,0.998567119820572,0.9999441983542
"TAGLN",3.42206811369426,-0.671483706215221,0.610477983196224,-1.09993107810309,0.271362152601678,0.9999441983542
"PCSK7",4.31937005455701,-0.0131316982617001,0.409065034352637,-0.0321017372762783,0.97439091797959,0.9999441983542
"CEP164",2.59440659056369,-0.290758658220169,0.5115159472978,-0.568425402484845,0.569746145658155,0.9999441983542
"IL10RA",12.2771147074981,-0.207896135324536,0.301505998469586,-0.689525702240737,0.490492504609979,0.9999441983542
"JAML",16.2600612041337,0.151634417020799,0.288952411439611,0.524772976509629,0.599741019473139,0.9999441983542
"ATP5MG",9.29550335685923,-1.09947099615325,0.458070680510968,-2.40022128228511,0.0163851634548935,0.9999441983542
"KMT2A",5.61677036513398,0.498673425904751,0.389331673124038,1.28084474068946,0.200248205544782,0.9999441983542
"DDX6",2.92632943496002,0.279978837787252,0.479783101493253,0.583552936557915,0.559521131916362,0.9999441983542
"CCDC84",1.8164364725112,0.00741583060900465,0.568711629019729,0.0130397027783432,0.989596117311906,0.9999441983542
"RPS25",21.0912194559656,-0.670999255184329,0.336499471163296,-1.99405738399722,0.0461457837493384,0.9999441983542
"C2CD2L",1.96051140302989,0.67363440976923,0.527469536367207,1.27710581052451,0.201564893762806,0.9999441983542
"CBL",3.85926497602868,-0.789049824054918,0.491434798046869,-1.60560429825253,0.108360880470883,0.9999441983542
"SORL1",4.68320541772874,-0.109116838329479,0.490175520726385,-0.222607685850531,0.82384085409897,0.9999441983542
"HSPA8",6.52502829458646,-0.114629333171341,0.417754951485587,-0.274393715176098,0.783782072300695,0.9999441983542
"GRAMD1B",1.46587387148459,0.235305096827091,0.692754480829511,0.339665932648078,0.734108119756366,0.9999441983542
"TBRG1",4.5124415500285,-0.139338540568717,0.390084514878501,-0.357200901994575,0.720941410687794,0.9999441983542
"NRGN",15.3345929412317,0.385706977024652,0.700195245869512,0.55085632086187,0.581732171983382,0.9999441983542
"SLC37A2",1.32350815521297,-1.11631686065699,0.764669046253318,-1.45986929394704,0.144325999706371,0.9999441983542
"SRPRA",2.16795773913918,0.104447061563289,0.56576978489472,0.184610533032839,0.853534523788135,0.9999441983542
"FLI1",5.82363970738343,-0.38625681145428,0.403575680749878,-0.957086439739338,0.338523627392307,0.9999441983542
"APLP2",19.0856578361954,0.0870055255823963,0.261417881048112,0.332821631150716,0.739268928929029,0.9999441983542
"SNX19",2.19127411680406,-0.292601440945793,0.571174158970227,-0.512280600147118,0.608454640576211,0.9999441983542
"VPS26B",1.20293528956257,0.154509726042401,0.713097903635654,0.216673931103499,0.828462465348417,0.9999441983542
"KDM5A",4.54578692544072,-0.0241319094841173,0.445779024583889,-0.0541342417504796,0.956828211262818,0.9999441983542
"WNK1",4.7831128530778,-0.177891219443269,0.419165140852843,-0.424394116078755,0.671278411111098,0.9999441983542
"ERC1",3.23949816503109,0.535693127023331,0.510924432627533,1.04847819523607,0.294418343253713,0.9999441983542
"TNFRSF1A",5.59408664399277,-0.502397956814947,0.401565407671078,-1.25109869330792,0.210898472233422,0.9999441983542
"LTBR",7.04452716124827,0.389386489004498,0.386489108304115,1.00749666843937,0.31369615791206,0.9999441983542
"GAPDH",43.90341811342,-0.0699925940636712,0.262322445624918,-0.266818929264445,0.78960857901495,0.9999441983542
"IFFO1",4.28677969921414,-0.268852622035904,0.410932690270114,-0.654249779590867,0.512950895187966,0.9999441983542
"CHD4",2.84528293895568,-0.274580235794767,0.530754699078939,-0.517339245928991,0.604919362179202,0.9999441983542
"CD4",5.87399076223846,-0.33048737481952,0.425825957737482,-0.776109038949812,0.437684607123573,0.9999441983542
"TPI1",7.94156793723128,0.0212794496241023,0.326680077922906,0.0651384980663686,0.948063728480506,0.9999441983542
"C12orf57",2.75883361022752,0.427378221354103,0.624602107417948,0.684240761083642,0.493823147118904,0.9999441983542
"PTPN6",17.5989499612194,0.170953190645125,0.268413503621546,0.63690234782734,0.524188453373056,0.9999441983542
"CD163",6.15543412780914,-0.443689194256081,0.647637881788452,-0.685088390800787,0.493288145524654,0.9999441983542
"SLC2A3",19.5881215841831,-0.961188799046718,0.447995701769114,-2.14553129695448,0.0319103918728969,0.9999441983542
"NECAP1",2.5021369897149,-0.182103015387701,0.566911120557549,-0.321219691736872,0.748043910393999,0.9999441983542
"LINC00937",7.50358064108845,0.406444590627106,0.446146153702835,0.911012203632774,0.362288943659452,0.9999441983542
"M6PR",3.21122708508128,0.177809721708592,0.499260891131493,0.356145904610343,0.72173130109839,0.9999441983542
"CLEC2B",3.32199292132846,-1.81952421106824,0.826404684723942,-2.2017351119882,0.0276840249679031,0.9999441983542
"CLEC12A",10.3296884529595,-0.403477218528082,0.315084317272524,-1.28053729243244,0.200356237894117,0.9999441983542
"CLEC7A",15.4825159233816,-0.439480306015894,0.362786294074064,-1.21140272715532,0.225741094697817,0.9999441983542
"GABARAPL1",3.09750270543921,-0.543764815726879,0.550589604318677,-0.987604581455468,0.323346341651347,0.9999441983542
"YBX3",5.57020575000239,-0.660632030669585,0.430313543548346,-1.53523411143894,0.124726332134858,0.9999441983542
"ETV6",14.0020415260268,0.100046302591112,0.31993334115231,0.312709835838844,0.754501122173569,0.9999441983542
"BORCS5",3.5935007533148,-0.376553321654749,0.497201998528651,-0.757344746740897,0.448843349386486,0.9999441983542
"CDKN1B",3.26316555796633,-1.03631193259536,0.524264103509129,-1.97669824361208,0.0480757494700274,0.9999441983542
"ATF7IP",3.68038010622903,0.443810279653824,0.509595152772405,0.870907576807424,0.3838046194186,0.9999441983542
"PLBD1",5.23145888410737,0.519556558230907,0.407380156784612,1.27536049456038,0.202181674803654,0.9999441983542
"H2AFJ",3.96220343282725,-0.138920108746638,0.431549897901673,-0.321909724511836,0.747521085919343,0.9999441983542
"ARHGDIB",9.94683997265026,-0.124891122176779,0.375631997449941,-0.33248265063847,0.73952483808945,0.9999441983542
"EPS8",2.49551992552918,-0.423240286667948,0.622410572682006,-0.680001762894514,0.49650334466801,0.9999441983542
"RECQL",1.53120626864256,-0.04462394480037,0.649951735110359,-0.0686573208282812,0.945262391042327,0.9999441983542
"ETNK1",2.23436520746784,-0.322759756271719,0.576463554627258,-0.559896204505791,0.575550237787909,0.9999441983542
"KRAS",2.32172118570305,0.232839539620018,0.529883824112503,0.439416206014589,0.660359985939643,0.9999441983542
"AC087239.1",1.85354221399895,-0.226904265660667,0.65922072967259,-0.344200744071506,0.730695322765691,0.9999441983542
"ITPR2",3.85012359617793,-0.1927560449066,0.470051437906011,-0.410074364978631,0.681751396955335,0.9999441983542
"RESF1",3.94336753620766,0.159298451344367,0.48035802053791,0.331624422896036,0.740172875445391,0.9999441983542
"FGD4",3.84458318193711,0.0169236399915686,0.517457524125583,0.0327053703976316,0.973909541225788,0.9999441983542
"DNM1L",2.7679980070129,0.0255347758545507,0.488741403735457,0.0522459846032853,0.95833269252792,0.9999441983542
"LRRK2",11.9325403469272,-0.424564778620765,0.385542505585578,-1.10121393223795,0.270803559441002,0.9999441983542
"IRAK4",3.49316963214829,-0.0320824015056006,0.476687721341613,-0.0673027646176962,0.946340676034727,0.9999441983542
"ANO6",4.92450249207634,0.157220437143944,0.412452341046628,0.381184494540597,0.70306635372071,0.9999441983542
"ARID2",2.21815442054696,-0.351278747021553,0.688137877811672,-0.51047727257602,0.609717133084187,0.9999441983542
"SCAF11",11.187834804946,-0.259790353687645,0.36894368928415,-0.704146354127125,0.481341635289958,0.9999441983542
"SLC38A2",7.73354745056156,0.159439632066189,0.37204419707723,0.428550245693234,0.668250560319729,0.9999441983542
"HDAC7",3.43064265581623,0.0248268246024618,0.461430307905751,0.0538040613654984,0.957091273707025,0.9999441983542
"DDX23",1.81342461897653,0.346303117342631,0.593507254248846,0.583485904954807,0.559566242883304,0.9999441983542
"ARF3",2.30158644276695,0.532093056374995,0.531680560234803,1.00077583453495,0.316935195020672,0.9999441983542
"KMT2D",4.63499068352409,0.149926255119338,0.423961966302096,0.353631379783977,0.723615154371802,0.9999441983542
"LMBR1L",2.453945629535,-0.301560990506712,0.570872559742173,-0.52824572728265,0.597328795227846,0.9999441983542
"TUBA1B",7.29686086870263,0.198100429481804,0.331142082554824,0.598233930140866,0.54968385456019,0.9999441983542
"TUBA1A",32.8734291153618,0.0949756744621056,0.28319050146514,0.335377330703999,0.737340466227244,0.9999441983542
"TMBIM6",6.56593935600462,-0.967298633123513,0.422536471748509,-2.28926660252714,0.0220638669198729,0.9999441983542
"NCKAP5L",2.50785352066165,0.0299567977339191,0.519343825842696,0.0576820138090806,0.954001920740016,0.9999441983542
"DIP2B",3.79957422363957,0.127759086014069,0.496685529938385,0.257223289814618,0.797006406060743,0.9999441983542
"METTL7A",1.59800677499242,-1.65600042603486,0.805197511829868,-2.05663877707655,0.0397209853000611,0.9999441983542
"DAZAP2",8.42728249346411,-0.212142934560036,0.362566867510693,-0.585113957093112,0.558471094720101,0.9999441983542
"BIN2",6.84881039810173,0.0856059597656486,0.368884563998428,0.232067069539981,0.81648592141272,0.9999441983542
"NR4A1",9.56009335247657,-1.86530204739755,0.868795410558231,-2.14699804433708,0.0317934373091044,0.9999441983542
"PFDN5",27.3104846447804,0.228781034215226,0.275528602585398,0.830334970919462,0.406349421123578,0.9999441983542
"SP1",1.99098884924504,0.162278987847257,0.646790615653564,0.250898797724947,0.801892353965725,0.9999441983542
"PRR13",5.80089752550173,-0.080172283461507,0.372744079964881,-0.215086671447768,0.82969974536761,0.9999441983542
"PCBP2",6.34620773285491,0.10906259832884,0.412409430878595,0.264452241299366,0.791431461065793,0.9999441983542
"ATF7",2.55269579822949,-0.489748345122866,0.587959226568235,-0.832963108651939,0.404865535594857,0.9999441983542
"ATP5MC2",12.77079374298,-0.847400834997442,0.528195666053021,-1.60433129133698,0.108641047224246,0.9999441983542
"CALCOCO1",2.41705882628946,-0.438578392376799,0.544110888319725,-0.806045976641228,0.420216339535781,0.9999441983542
"HNRNPA1",6.14022821056326,-0.10719004367916,0.380178575040123,-0.281946565946932,0.777984482854917,0.9999441983542
"NFE2",6.0945366943433,0.206358315372978,0.405287901456103,0.509164755798486,0.610636744896854,0.9999441983542
"ZNF385A",7.22251200604686,0.357397686809672,0.399522342899664,0.89456245229176,0.371021031017905,0.9999441983542
"ITGA5",3.96990305844193,0.762962529291034,0.451368781360072,1.6903307468276,0.0909646959617652,0.9999441983542
"NCKAP1L",7.42856473853837,-0.214132562731633,0.343064050088827,-0.6241766302129,0.532511592759247,0.9999441983542
"BLOC1S1",12.1973923725484,0.0302933819092749,0.316248023522556,0.0957899485721662,0.923687400526336,0.9999441983542
"CD63",4.47182532866254,-0.231296261436229,0.512821059327722,-0.451027229145864,0.651969924264838,0.9999441983542
"RPS26",34.0485573216449,-0.0633522332954689,0.31158686059603,-0.20332126064072,0.83888393898774,0.9999441983542
"PA2G4",3.94292025045934,-0.107985991642914,0.502876639579509,-0.214736544002539,0.829972729142382,0.9999441983542
"RPL41",96.748728961881,-0.213746758589776,0.604351735365194,-0.353679399068183,0.723579163142994,0.9999441983542
"MYL6",32.1162378207258,-0.12189551497053,0.234993379704273,-0.518718932098976,0.60395675745941,0.9999441983542
"SMARCC2",2.85669969694975,-0.212072975540425,0.496158947378922,-0.427429509556868,0.669066517558341,0.9999441983542
"CS",1.84634103965957,0.64235077372106,0.575963101977403,1.11526375824377,0.264737411079252,0.9999441983542
"STAT2",13.989710531932,0.408506097049324,0.303220755016506,1.3472234017328,0.177908293193536,0.9999441983542
"BAZ2A",5.95312416780105,-0.300689657702143,0.376081013439493,-0.79953426776893,0.423980684818446,0.9999441983542
"ATP5F1B",4.55185963717532,-0.335467272071398,0.460362778976365,-0.728701987630979,0.466183976715089,0.9999441983542
"PTGES3",3.03965208105044,-0.843614205114746,0.628444896716665,-1.34238373089231,0.179471607042968,0.9999441983542
"NACA",17.727899907972,-0.032201123085022,0.27551483481754,-0.116876186018612,0.906958169602066,0.9999441983542
"STAT6",9.18150274202096,0.166763622169254,0.314028909258274,0.531045445985036,0.595387286943127,0.9999441983542
"LRP1",17.7146061996264,0.034230372063725,0.285303574569982,0.119978770386308,0.904499965240027,0.9999441983542
"STAC3",1.59357776056533,0.39545749503519,0.600573311612762,0.658466647432667,0.5102383217069,0.9999441983542
"R3HDM2",3.23620237906039,0.713631903393774,0.47802549508417,1.49287414736764,0.135470133556022,0.9999441983542
"ARHGAP9",5.42676759605464,0.714093167147087,0.403239553886768,1.77089067841695,0.076578882754266,0.9999441983542
"MARS",1.84421704612139,-0.015441892876383,0.600506107722577,-0.0257147973647537,0.979484821169816,0.9999441983542
"MBD6",2.50906858120124,0.0797205105846237,0.567396589319961,0.140502273163416,0.8882631565822,0.9999441983542
"OS9",7.58014689058546,-0.0467659890725676,0.327091693762681,-0.142975165570845,0.886309794669126,0.9999441983542
"CTDSP2",2.24935784921427,-0.334445435811879,0.580227524463752,-0.57640394795296,0.564342176534197,0.9999441983542
"USP15",23.4524897330305,0.22410944962934,0.242345117230513,0.924753311271268,0.355094241616744,0.9999441983542
"MON2",3.01716573125886,0.00190849775751323,0.499981647985761,0.00381713561928094,0.996954373818949,0.9999441983542
"RASSF3",2.72768367760685,-0.150700256527532,0.526579244339603,-0.286187232306372,0.774734722118497,0.9999441983542
"GNS",3.09113122893393,-0.0814120828335889,0.527205458731852,-0.154421926945557,0.877277065815914,0.9999441983542
"TMBIM4",3.20669247554794,-0.347066622394275,0.5182593772692,-0.669677458077131,0.503063424584436,0.9999441983542
"IRAK3",10.1872935118841,-0.393335206664237,0.532339476046849,-0.738880403131367,0.459979623069667,0.9999441983542
"RAP1B",6.36756049080556,-0.165858101722866,0.373673060224696,-0.443858868560482,0.657144623782541,0.9999441983542
"MDM2",2.56827824869489,-0.522810272779616,0.673479459412527,-0.776282432185328,0.437582243563601,0.9999441983542
"LYZ",110.33043690826,-0.107328807769003,0.652510392360888,-0.164485974515547,0.869348587085687,0.9999441983542
"AC020656.1",1.94864460480293,-0.739357354275318,0.684807389745477,-1.07965738300534,0.280294778150634,0.9999441983542
"ZFC3H1",4.24904933815005,0.337418663116036,0.390087099994489,0.864982879774293,0.387048185539042,0.9999441983542
"GLIPR1",6.25891075080307,-0.0351497384815566,0.435368556124227,-0.0807355928376395,0.935652230206715,0.9999441983542
"NAP1L1",4.00314842588046,-0.240116370922426,0.497873309177615,-0.482284080098708,0.629604154886657,0.9999441983542
"OSBPL8",3.55105350946025,0.439903989716911,0.433716989190689,1.01426506380985,0.31045628966467,0.9999441983542
"PPP1R12A",5.91481158700827,-0.229120372764422,0.372790975852393,-0.614608152036231,0.538813529476577,0.9999441983542
"TMTC2",2.10588777841543,-0.175249088346941,0.623013983384105,-0.28129238351123,0.778486151650852,0.9999441983542
"DUSP6",14.3998119076726,0.00302830942179303,0.3023673203871,0.0100153330654784,0.992009053967146,0.9999441983542
"ATP2B1",6.09124065896391,0.123054234717832,0.42743051779196,0.287892954750895,0.773428680012727,0.9999441983542
"ATP2B1-AS1",32.9273585788203,-0.183976461839955,0.326682188979196,-0.563166490388833,0.573321518695852,0.9999441983542
"BTG1",28.1136005544143,-0.194288074073889,0.272186576202128,-0.713804761369306,0.475347915038766,0.9999441983542
"AC025164.1",4.43551148487128,-0.424316890543553,0.52675056586423,-0.805536658223394,0.420510061087693,0.9999441983542
"EEA1",1.64204168902717,0.231970814592041,0.63973677950926,0.36260353011122,0.716901072858506,0.9999441983542
"PLXNC1",4.22309047867191,-0.301275040283971,0.477401449775427,-0.631072738521622,0.527992965186312,0.9999441983542
"METAP2",2.80966725000387,0.199327290301957,0.463997551475117,0.429586944302326,0.667496135817512,0.9999441983542
"LTA4H",4.27483526560268,-0.849160419776643,0.565747036263482,-1.50095425224847,0.133367394484622,0.9999441983542
"CDK17",1.86625236739277,0.427817515392914,0.582391992787041,0.734586877380628,0.462591132334368,0.9999441983542
"TMPO",6.00739115173906,0.195812066493102,0.370834537275089,0.528030824561109,0.597477941735323,0.9999441983542
"SLC25A3",5.70636545905652,-0.347118740471715,0.373209105885692,-0.930091830551508,0.352323540234047,0.9999441983542
"APAF1",4.38108671167487,0.801765236072398,0.424737480611665,1.88767243926242,0.0590699385570868,0.9999441983542
"GNPTAB",1.99916074090456,0.226420008249169,0.600521907847452,0.377038714642007,0.706144834293443,0.9999441983542
"HSP90B1",4.81431091367131,-0.521501097190971,0.448632882054416,-1.16242281395619,0.245063760731559,0.9999441983542
"TDG",1.75568043070988,-0.498977115616946,0.635911239865328,-0.784664721011408,0.432650172430422,0.9999441983542
"WASHC4",5.18677860430423,-0.539977132546757,0.502725528535987,-1.07409928857055,0.282778183392579,0.9999441983542
"CKAP4",3.57104656575865,-1.35084907595779,0.657192387735914,-2.05548497086461,0.0398321858266466,0.9999441983542
"SELPLG",5.85056362674292,0.125010754693039,0.391707224454315,0.31914334709346,0.749617814694849,0.9999441983542
"CORO1C",2.09448688142072,-0.113511669721936,0.534059130619928,-0.212545134450138,0.83168176984473,0.9999441983542
"GLTP",1.72526371935613,1.29620789021302,0.665754085261419,1.94697699782653,0.0515374924208692,0.9999441983542
"TCHP",2.17431888371238,1.34623227213702,0.530707247191569,2.5366758778236,0.0111910513086003,0.9999441983542
"GIT2",5.87445863070614,0.11657594128448,0.410171282847408,0.284212830491715,0.776247283424515,0.9999441983542
"ANKRD13A",3.50205434195177,-0.289294786220794,0.511870740012422,-0.565171563066436,0.571957076774672,0.9999441983542
"ATP2A2",2.4149769260033,-0.638019149845246,0.586227783257635,-1.08834683047571,0.276442023949657,0.9999441983542
"ARPC3",8.45241060060977,-0.702439199429881,0.420033521969777,-1.67234080779016,0.0944571370482065,0.9999441983542
"VPS29",3.34012361180896,-0.0124881820921449,0.469840361101111,-0.0265796281589724,0.978795021893058,0.9999441983542
"PPTC7",2.71314521036169,0.163253848327477,0.565898738925765,0.288485973015912,0.772974766240977,0.9999441983542
"SH2B3",4.08982185016403,0.000347126279934279,0.448359592017872,0.000774214015076635,0.999382266652325,0.9999441983542
"ATXN2",2.08138875128508,0.378893280096501,0.53896417078233,0.703002723810974,0.482054052011589,0.9999441983542
"ALDH2",4.4227603522396,0.217888785771463,0.45004738477671,0.484146321346959,0.628282029205322,0.9999441983542
"ERP29",6.12336149928636,0.131482765653085,0.41236099463707,0.318853546681364,0.749837571409407,0.9999441983542
"TRAFD1",1.55469563869601,0.659014957495896,0.616004708089501,1.06982129980758,0.284699752909526,0.9999441983542
"HECTD4",4.36323345616018,0.423510666371516,0.517446445100493,0.818462800124689,0.413092975067452,0.9999441983542
"RPL6",21.9085032904019,-0.387045398553667,0.326657545590655,-1.18486593614062,0.236070457504011,0.9999441983542
"OAS1",6.00024948280149,-0.167058779572881,0.450659161379682,-0.370698731745371,0.710861935059121,0.9999441983542
"OAS3",10.0541598166041,0.0757270737853012,0.376768663641355,0.200990902622904,0.840705687573296,0.9999441983542
"OAS2",5.43598413972697,-0.0332373712510362,0.449638050753338,-0.0739202814249132,0.941073817753865,0.9999441983542
"DDX54",1.81569601095066,-0.348077870855357,0.68687532001007,-0.506755535852204,0.612326358278326,0.9999441983542
"TPCN1",2.41853211703001,-0.703078576842038,0.598310184199959,-1.17510715245834,0.239951849502774,0.9999441983542
"SLC8B1",3.70446267541536,-0.451297627885547,0.598029524585036,-0.754641049200197,0.450464386570835,0.9999441983542
"MED13L",7.06644024385526,-0.0838370982763116,0.381571123715899,-0.219715521079978,0.826092715955286,0.9999441983542
"TAOK3",7.54470507428359,0.203035336724537,0.333581519020567,0.608652833408372,0.542754576775605,0.9999441983542
"RPLP0",17.1238543257847,-0.370229491244945,0.349336196311738,-1.05980856021734,0.289231701638656,0.9999441983542
"PXN",4.41715364077836,0.249077198756683,0.39518414505573,0.630281355851352,0.528510518992925,0.9999441983542
"COX6A1",6.78754601303036,-0.384005397585574,0.472717410616754,-0.812336057359434,0.416598825965961,0.9999441983542
"SRSF9",4.16783412732885,-0.770084381278854,0.483079542252652,-1.59411507613812,0.110910262795167,0.9999441983542
"RNF10",4.20858218368784,-0.209783103601434,0.482805171029988,-0.434508816783995,0.66391899372055,0.9999441983542
"MLEC",2.96529886886614,-0.0137287788250853,0.493699741041517,-0.0278079522507401,0.977815323437713,0.9999441983542
"SPPL3",1.7807242113174,0.324626441196576,0.614262870236836,0.528481301615076,0.597165321687536,0.9999441983542
"OASL",5.4097452693251,-0.198219121538149,0.515955779137708,-0.384178508222978,0.700846146312328,0.9999441983542
"P2RX7",3.6022799312652,-0.0298915300663833,0.507863502065236,-0.0588574094118376,0.953065681573658,0.9999441983542
"P2RX4",1.74739568131902,-0.0829030601968879,0.697777831749285,-0.11881010892687,0.905425799650481,0.9999441983542
"CAMKK2",3.37464557538607,0.0370065091482083,0.49923474844727,0.0741264690875517,0.940909753908458,0.9999441983542
"ANAPC5",3.56846038592662,0.184330218296836,0.476968108329296,0.386462354773571,0.699154277625594,0.9999441983542
"SETD1B",3.21971124939355,-0.442635552210243,0.527163225153758,-0.83965559638789,0.401101517294179,0.9999441983542
"MLXIP",5.76479994701631,0.175005173584604,0.364635429135093,0.479945610331152,0.63126606813025,0.9999441983542
"CLIP1",4.04844567636943,0.244596766575708,0.402930592270864,0.607044417246138,0.543821435488601,0.9999441983542
"RSRC2",4.18383113869155,-0.278802234261892,0.51707875297739,-0.539187179238214,0.589757705868172,0.9999441983542
"VPS37B",1.85571696677076,0.695461591842467,0.596142639629434,1.16660266454815,0.243370866801742,0.9999441983542
"ARL6IP4",12.6060428811947,0.13513078604469,0.291411386903651,0.463711413203521,0.642854519025955,0.9999441983542
"RILPL2",6.34329249628372,0.110730856827668,0.359127430429508,0.308333052407711,0.757828918165772,0.9999441983542
"NCOR2",7.13830921851628,-0.0721167902106236,0.322826021823434,-0.223392122491498,0.823230334772593,0.9999441983542
"UBC",40.6019914814406,-0.67862540025225,0.314957820991537,-2.15465486177111,0.0311888524814277,0.9999441983542
"SLC15A4",2.07706500354472,0.0830852693048704,0.58509403178053,0.142003276040997,0.88707741800546,0.9999441983542
"GLT1D1",2.7873547047539,-0.367442027668201,0.54014654905567,-0.680263584596798,0.496337577837518,0.9999441983542
"SFSWAP",2.35705032760386,-0.0629952806218605,0.525216520578591,-0.11994154439861,0.904529454335176,0.9999441983542
"MMP17",2.20125076053327,0.435938448786793,0.601032325306977,0.725316144292467,0.468258103723632,0.9999441983542
"ULK1",3.64832364083864,0.618534591346869,0.485252296586148,1.27466597417135,0.202427495109663,0.9999441983542
"EP400",2.8086755191838,0.120401912538696,0.536129772002436,0.224576061293885,0.822309089527519,0.9999441983542
"FBRSL1",2.57202232446957,0.772510740481078,0.529196021403606,1.45978183742221,0.144350041774086,0.9999441983542
"ANKLE2",2.83518948269628,-0.477952574977085,0.484791173339149,-0.985893723445993,0.324185267215491,0.9999441983542
"GOLGA3",3.20181074969076,0.162646179694011,0.484356391948956,0.335798561550008,0.737022774971516,0.9999441983542
"CHFR",2.57125079419586,-0.466932716553906,0.580381909425951,-0.804526655587428,0.421092881365677,0.9999441983542
"MPHOSPH8",6.2594214081294,0.444676902093717,0.369385107887374,1.20383007489652,0.228655262896502,0.9999441983542
"ZMYM2",2.90763610741089,-0.484702738237411,0.545703845895557,-0.888215727052397,0.374424720610451,0.9999441983542
"SAP18",2.71596243465249,-1.024250837027,0.631620758971012,-1.62162313774429,0.104884065361367,0.9999441983542
"ZDHHC20",3.0730306199704,-0.431503845105079,0.478073888874268,-0.902588188033342,0.366744497851337,0.9999441983542
"SPATA13",3.82597235066831,-0.0864359081424005,0.462285016798644,-0.186975361522584,0.851679950916116,0.9999441983542
"PARP4",2.85489576844512,0.134311777255927,0.489872558798515,0.274176976937322,0.783948620170178,0.9999441983542
"NUP58",2.37366726212059,-0.883648313537988,0.619000591545674,-1.42754033777492,0.153424206777791,0.9999441983542
"RPL21",26.5114862540565,0.144400763355446,0.354277259512361,0.40759252669563,0.683572851840361,0.9999441983542
"FLT3",0.925884256529003,-0.342708289377306,1.68483904612441,-0.203407138602129,0.838816820644167,0.9999441983542
"PAN3",3.32571096424443,-0.217021494413714,0.489697314650216,-0.443174769232153,0.657639327073826,0.9999441983542
"HMGB1",10.9909165345656,-0.340229248522201,0.361968158649527,-0.939942479447828,0.347247066215841,0.9999441983542
"FRY",4.5015046312215,0.280331039842878,0.439156141602617,0.638340246864961,0.523252218420791,0.9999441983542
"N4BP2L2",10.7776935437793,0.122754746755253,0.335726048998278,0.365639625288304,0.714634002830828,0.9999441983542
"NHLRC3",1.90472053635208,0.590522506602016,0.601501057175831,0.981748077675273,0.326223973461913,0.9999441983542
"ELF1",4.91997721021623,-0.814313880128486,0.509394103529625,-1.5985930627898,0.109911052162674,0.9999441983542
"EPSTI1",14.0025388490497,-0.0660608418117462,0.325974136363066,-0.202656697088902,0.839403371492729,0.9999441983542
"DNAJC15",2.4880578220502,0.575200500469361,0.54615122422822,1.05318907099804,0.292254346395857,0.9999441983542
"TSC22D1",1.09909435683282,0.106004023635112,0.974827170821235,0.108741351090788,0.913407642878247,0.9999441983542
"TPT1",50.8101138128214,-0.343707010199756,0.315656003197037,-1.08886574853198,0.27621309245573,0.9999441983542
"ZC3H13",2.30472409523178,0.247237630108045,0.507500274147768,0.48716748089097,0.626139648356887,0.9999441983542
"LCP1",20.6624291203728,-0.635178529561453,0.306843981039153,-2.07003744186335,0.0384488383374842,0.9999441983542
"ITM2B",25.8105609707371,-0.24237526708943,0.306561886471421,-0.790624268004123,0.429163281002474,0.9999441983542
"RB1",8.45770617836922,0.065057574007888,0.391187398565438,0.166307949198944,0.867914610607484,0.9999441983542
"RCBTB2",2.00305477049376,-0.31884612809185,0.612329322750738,-0.520710206493971,0.602568663237143,0.9999441983542
"PHF11",3.01966559339837,0.182235219693196,0.461879240002464,0.394551657468354,0.693173796565414,0.9999441983542
"DLEU2",8.719073247946,-0.0184309737207995,0.451726953375575,-0.0408011379065877,0.967454432197575,0.9999441983542
"RNASEH2B",2.21927114716824,0.0442305018440959,0.5621397026496,0.0786824016087442,0.937285243558977,0.9999441983542
"INTS6",1.78485897381056,0.768733391935292,0.592521600999464,1.29739302438695,0.194495991428002,0.9999441983542
"WDFY2",5.87089562275773,0.017808101587741,0.425623589746852,0.0418400248875603,0.966626227688366,0.9999441983542
"VPS36",3.49908200155414,0.191282918478391,0.414822492363549,0.461119929607749,0.644712563969675,0.9999441983542
"COMMD6",5.81880113013531,-1.07830700303958,0.53882171318701,-2.00123153289728,0.0453674442660117,0.9999441983542
"KCTD12",3.85908785432489,0.280904633034961,0.45864419854192,0.612467428843508,0.540228541361937,0.9999441983542
"MYCBP2",8.28702788099329,0.667262354849747,0.350863844341931,1.90177006154978,0.0572012218598569,0.9999441983542
"RBM26",2.37101271099935,0.321223420497587,0.522773027799251,0.614460585026471,0.538911011187274,0.9999441983542
"STK24",4.62678735872742,0.600159110863827,0.452075554704036,1.32756373269671,0.184322272343017,0.9999441983542
"UBAC2",3.33359775481106,0.225509041369693,0.463307381144534,0.486737424326386,0.626444420382924,0.9999441983542
"TM9SF2",3.84478603385435,-0.373994901760546,0.52174041692777,-0.716821794184142,0.473484062214462,0.9999441983542
"TPP2",2.33415048136556,0.528593242443091,0.511923538180587,1.03256287906149,0.301808507445318,0.9999441983542
"ERCC5",3.07295295466709,0.172767631265945,0.47007239087024,0.367534096069973,0.713220663698907,0.9999441983542
"ARGLU1",15.4767060493337,0.157830329555987,0.306527162982797,0.514898347083336,0.606624055987475,0.9999441983542
"TNFSF13B",14.4503603729342,-0.0807004475028251,0.326781402107026,-0.246955447839086,0.804942703758714,0.9999441983542
"IRS2",3.08187996194162,0.145358555251554,0.616766562058596,0.235678397944252,0.813682233703763,0.9999441983542
"CARS2",5.66002385286936,0.174543813906273,0.376938055389152,0.463057023324624,0.643323494036877,0.9999441983542
"ANKRD10",2.87183857333145,-0.19905125849213,0.499801691486898,-0.398260473869061,0.690438193047848,0.9999441983542
"ATP11A",4.66295272454409,0.445727857422031,0.436558275724853,1.02100425580515,0.307252422401108,0.9999441983542
"LAMP1",2.84916713744259,-0.151479084401904,0.617702341549748,-0.24522990154426,0.806278425026615,0.9999441983542
"TMCO3",1.46429620387279,0.118493470138122,0.706753679585805,0.167658794797595,0.866851714227335,0.9999441983542
"RASA3",1.99106651537586,-0.412278652364513,0.655034280443416,-0.629400116411353,0.529087141790559,0.9999441983542
"AL355075.4",2.87563061772276,0.39323370627949,1.02710120168331,0.38285779983026,0.701825202497166,0.9999441983542
"TEP1",3.38648832570273,0.0238269755993051,0.473771335887609,0.0502921426317726,0.95988958511951,0.9999441983542
"ARHGEF40",4.92262463445643,-0.210255672555193,0.412187241308589,-0.510097478727594,0.609983171479436,0.9999441983542
"HNRNPC",4.0238347840946,-0.732576881649249,0.466861529204465,-1.56915238421458,0.116612436141751,0.9999441983542
"CHD8",3.75729118498483,0.0819645076690445,0.466465923281379,0.175713816547329,0.860518780159611,0.9999441983542
"SLC7A7",4.35263214871833,0.324612642777286,0.46328779848549,0.700671685804072,0.483507930007544,0.9999441983542
"MRPL52",2.80546019437757,-0.54876373926232,0.52131560257897,-1.05265166925287,0.292500666995828,0.9999441983542
"RBM23",3.18017088970251,-0.31414534253757,0.498595186904147,-0.630060920740422,0.528654726629901,0.9999441983542
"ACIN1",5.9455640736314,0.0643177185533425,0.409022595320016,0.157247348408762,0.875049913792659,0.9999441983542
"PABPN1",7.27858268187296,0.695902969370697,0.323153174244647,2.15347712736331,0.0312811997917845,0.9999441983542
"AP1G2",2.98374102395538,0.240688862368877,0.507709287843295,0.474068267278115,0.635451226409255,0.9999441983542
"DCAF11",1.94791400305245,0.0612342426333569,0.56629889600828,0.108130605701307,0.913892090642817,0.9999441983542
"PSME1",6.52049862620525,-0.303832962739324,0.376500043143042,-0.806993168454672,0.419670419044362,0.9999441983542
"PSME2",14.215919103295,-0.105865645719173,0.343750012654732,-0.307972776209047,0.758103047629173,0.9999441983542
"RNF31",2.29770526789671,0.524858742549606,0.561508945846631,0.934729083894177,0.349927934442667,0.9999441983542
"IRF9",8.20831624618839,-0.0281337984830777,0.313578446287796,-0.089718533962175,0.928510887366529,0.9999441983542
"CHMP4A",2.99437391035811,0.0665608076121288,0.588734333370595,0.113057458754032,0.909985001677547,0.9999441983542
"NEDD8",2.4182168255957,-0.371799950002155,0.575716528827067,-0.645803848570475,0.518406395279132,0.9999441983542
"RABGGTA",1.61703256444145,0.256624453051649,0.625561059987306,0.41023086228682,0.681636603454077,0.9999441983542
"NOP9",0.88327546958878,0.0685602036249453,0.863608259189264,0.0793880823804396,0.936723947605628,0.9999441983542
"CIDEB",2.06109853954894,0.470962090124148,0.552555908983001,0.852333822637008,0.394028838722798,0.9999441983542
"LTB4R",3.4929512216038,-0.339346640536578,0.563404523727089,-0.602314369596642,0.546964897512442,0.9999441983542
"KHNYN",1.90771225485152,-0.0703677948494074,0.607179061338101,-0.115892986649327,0.907737354085298,0.9999441983542
"SDR39U1",2.16406222805391,0.0197264540095856,0.559739214262657,0.0352422226403615,0.971886594329079,0.9999441983542
"HECTD1",4.31630329917084,-0.0979395614904262,0.401269560655013,-0.244074236108402,0.807173325822588,0.9999441983542
"SNX6",4.76435155169279,0.140277385394609,0.416561768302281,0.336750503932026,0.736304987989176,0.9999441983542
"BAZ1A",7.19820642699838,0.242257875016937,0.38866876413415,0.623301632063547,0.533086325507635,0.9999441983542
"PSMA6",3.45454352426154,-0.527170593238359,0.515229007894535,-1.0231772380065,0.306224053023624,0.9999441983542
"NFKBIA",40.0468040660608,-0.345833513937593,0.356702843684706,-0.969528334467891,0.332281650095104,0.9999441983542
"PNN",5.42068922241323,0.477828819755343,0.414965398483942,1.15149075441246,0.249530396709766,0.9999441983542
"MIA2",1.67702774975011,0.711035321190968,0.594507640168704,1.19600703699821,0.231693812980405,0.9999441983542
"MIS18BP1",8.36543205028804,-0.0330704529761138,0.501988006091366,-0.0658789703634765,0.947474183423625,0.9999441983542
"RPS29",10.7109421884602,-0.546550425981167,0.422053142122918,-1.29498011371751,0.195327089700386,0.9999441983542
"RPL36AL",7.47056280521133,-0.345403800374549,0.39686041871678,-0.870340764874934,0.384114207604164,0.9999441983542
"NEMF",4.81103169277083,-0.567568307955415,0.448764299002976,-1.26473587407997,0.205966025516796,0.9999441983542
"AL627171.2",6.34892297499333,-1.00284552468582,0.679683118455736,-1.47546039831667,0.140088807627308,0.9999441983542
"ARF6",3.8408534769452,-0.642925458485538,0.590131724941577,-1.08946093103059,0.275950674538042,0.9999441983542
"SOS2",3.04554137225218,0.464263939581149,0.49451786326671,0.938821373436932,0.347822463324445,0.9999441983542
"NIN",6.37576410510593,-0.119341152586351,0.374565181083145,-0.318612510221178,0.750020365710446,0.9999441983542
"PYGL",2.40399892490506,0.263267462269108,0.53045347755284,0.496306412173316,0.619678242961223,0.9999441983542
"PTGER2",1.75805916861414,-0.67255155812643,0.766676391893139,-0.877230035042179,0.380361705406787,0.9999441983542
"GCH1",3.56575815347126,-0.211497317492015,0.516926197105762,-0.409144126717073,0.682433894888527,0.9999441983542
"LGALS3",7.32439160015366,-0.233705217538419,0.405931800288062,-0.575725324728376,0.564800855010817,0.9999441983542
"KTN1",4.57100019221642,0.165343318916307,0.465645906494519,0.355083802112739,0.722526811048128,0.9999441983542
"PELI2",2.98220869959784,-0.0870879271603233,0.552247655885092,-0.157697232812599,0.874695381105753,0.9999441983542
"PSMA3-AS1",3.71849640728091,-0.15668573478427,0.457229288735865,-0.342685253644774,0.731835257621567,0.9999441983542
"ARID4A",2.98046707828544,-0.00214891323405501,0.525437641195565,-0.00408975883259037,0.996736853666705,0.9999441983542
"HIF1A",6.23350008489472,-0.214220730107899,0.40547702568953,-0.528317799864513,0.597278779299129,0.9999441983542
"CHURC1",2.31668220098016,-0.116839383568636,0.566921233117903,-0.206094562600969,0.836717046019914,0.9999441983542
"MAX",4.2943939053268,-0.390445043866036,0.50812226890597,-0.768407660437118,0.442245030710208,0.9999441983542
"VTI1B",2.59599656940168,-0.312818865831674,0.574642245785665,-0.544371507883102,0.586185848325049,0.9999441983542
"ZFYVE26",1.73559210439815,-0.261386561739229,0.669140830883321,-0.390630118018918,0.696070660054433,0.9999441983542
"ZFP36L1",21.1852723012629,-0.222042896540759,0.51290551848909,-0.432911888323701,0.665078782959499,0.9999441983542
"ACTN1",4.590884950847,-0.0948847295842307,0.513226842009805,-0.184878735517146,0.853324150063909,0.9999441983542
"DCAF5",2.55181252837055,0.443865889771287,0.539100031415437,0.823346065489725,0.410311224562157,0.9999441983542
"SUSD6",2.61307736984202,-0.915993181087522,0.618432338602019,-1.48115343249699,0.138565692088079,0.9999441983542
"SRSF5",10.1042796320922,-0.0295401905804855,0.380683045063057,-0.0775978624831909,0.938147942747266,0.9999441983542
"PCNX1",3.74080712433693,0.213338331503426,0.457938079326493,0.465867201559632,0.641310559204985,0.9999441983542
"SIPA1L1",3.02240530801877,0.23736050238046,0.535952948695294,0.442875634807649,0.657855691908484,0.9999441983542
"RBM25",9.25197052986175,0.122686832746403,0.337629922086662,0.363376658052578,0.716323535997364,0.9999441983542
"PSEN1",3.70616339732391,-0.135753945067915,0.428692550994974,-0.316669708285895,0.751494236008076,0.9999441983542
"NUMB",7.20002859473262,-0.0888341926416716,0.378274846841912,-0.234840337345499,0.814332658411537,0.9999441983542
"ELMSAN1",4.39726496753548,0.331864062856742,0.416282908995619,0.797207994095752,0.425330244044212,0.9999441983542
"NPC2",5.73562301920614,-0.803874717474569,0.518618199231195,-1.55003183202256,0.121133875934166,0.9999441983542
"YLPM1",1.5969003675286,0.280772538139234,0.666036795693204,0.421557097077511,0.673348327145928,0.9999441983542
"FOS",151.03298881042,-0.408821147393712,0.320053547768412,-1.277352337583,0.20147788373681,0.9999441983542
"LINC01220",2.53887560475115,-0.151982860189947,0.640694594566893,-0.237215767822556,0.812489404427881,0.9999441983542
"JDP2",4.21369139964166,-0.681240449983433,0.564287263405466,-1.20725824267618,0.227332706598288,0.9999441983542
"GPATCH2L",2.99866685226182,-0.656255664815375,0.50156810260202,-1.30840789398463,0.190734996571343,0.9999441983542
"SPTLC2",6.24954217411195,-0.309400574065017,0.438192080255988,-0.706084358905502,0.480135677961759,0.9999441983542
"FOXN3",4.00909543150193,0.519156429118717,0.499168095407431,1.0400432918193,0.298319787994835,0.9999441983542
"PSMC1",1.50149342789787,-0.327623433545514,0.72477876266749,-0.452032330996734,0.651245691237035,0.9999441983542
"NRDE2",1.89285680756046,0.652206117499024,0.568227507065624,1.14779047017113,0.251055072362698,0.9999441983542
"CALM1",12.5568549073689,-0.653702114554609,0.334131531355364,-1.95642150832921,0.0504155205076185,0.9999441983542
"DGLUCY",4.74911845163561,-0.233511368493236,0.451060757344444,-0.517693824370802,0.604671907721093,0.9999441983542
"CCDC88C",6.05404340107435,0.110800686797428,0.41194370104246,0.268970460082378,0.787952414688936,0.9999441983542
"PPP4R3A",2.58000332970681,-0.0871399685567184,0.518191070831617,-0.168161848904251,0.866455953647817,0.9999441983542
"TRIP11",2.09966324187829,0.671695822225653,0.563504776895873,1.19199667822829,0.233262547758617,0.9999441983542
"NDUFB1",4.62662730422562,-0.761854642495212,0.553362885338359,-1.3767722098481,0.16858268534006,0.9999441983542
"SLC24A4",3.52187365839632,-0.476860555990819,0.504877179161825,-0.94450804209943,0.344910094182236,0.9999441983542
"RIN3",9.16534016940866,0.148211868685662,0.336071775450597,0.441012544082118,0.659203915719921,0.9999441983542
"ITPK1",2.84344063729732,-0.0126028347496924,0.533009953418075,-0.0236446517909715,0.981136055116355,0.9999441983542
"DDX24",7.73309132627667,0.0858142802612349,0.42674875486184,0.201088531093704,0.840629349689741,0.9999441983542
"IFI27",24.5687206765971,-0.818620567051675,0.669374033939028,-1.22296433017335,0.22134316907205,0.9999441983542
"IFI27L2",4.4794831080504,0.208404866754249,0.390768914401946,0.533319972683096,0.593812104250708,0.9999441983542
"SERPINA1",17.2161195364283,-0.333674809526336,0.334928306941532,-0.996257415723851,0.319125088781453,0.9999441983542
"DICER1",4.10716145353339,-0.148743064841971,0.411926935685217,-0.361090892477194,0.718031501361267,0.9999441983542
"SYNE3",4.31261250573903,-0.209386985005857,0.458757599636507,-0.456421834039945,0.648086667905257,0.9999441983542
"PAPOLA",2.77413736300118,-0.737231803197915,0.546595227069786,-1.34877102229762,0.177410525047681,0.9999441983542
"EVL",3.52516153828266,-0.375669842162035,0.54822444155277,-0.685248255437138,0.493187277975103,0.9999441983542
"YY1",4.99048407839673,0.279729729470365,0.448467258082958,0.623746158562641,0.532794304049306,0.9999441983542
"SLC25A29",1.53664715961185,0.136108358012275,0.738442808613992,0.184318076396115,0.853763933951819,0.9999441983542
"WARS",8.60998247605679,0.038942388731502,0.428302305243759,0.0909226689997355,0.92755403753917,0.9999441983542
"PPP2R5C",2.77887186565408,-0.396495843782844,0.540913604409334,-0.733011409864259,0.463551470377781,0.9999441983542
"DYNC1H1",10.4411447965402,0.0699952126583528,0.312059873319394,0.224300586659254,0.822523419749226,0.9999441983542
"HSP90AA1",12.1881928999847,-0.231989962027138,0.305625949041495,-0.759065003330721,0.447813672821346,0.9999441983542
"RCOR1",4.22181576506712,-0.481579941885503,0.453768245460651,-1.06129053036009,0.288557887948345,0.9999441983542
"TNFAIP2",52.3587618414198,0.408919076680611,0.226201731654001,1.80776280398284,0.0706434251792479,0.9999441983542
"EIF5",6.79676699173631,-0.427147516181682,0.39786381782344,-1.07360231578343,0.28300095925095,0.9999441983542
"MARK3",5.40937975317689,-0.395014891863368,0.429215450060344,-0.920318436365307,0.357406377484316,0.9999441983542
"KLC1",3.35581216153299,0.413380301464087,0.431717745364116,0.957524461069898,0.338302606022435,0.9999441983542
"ATP5MPL",6.79227594906803,-0.974806394841314,0.535006523809748,-1.82204580964692,0.0684480351087444,0.9999441983542
"SIVA1",2.10991481516665,-0.947605700146251,0.670617577795581,-1.41303439027228,0.157645612598628,0.9999441983542
"AKT1",3.50490802196805,-0.184024976935601,0.546118921960779,-0.336968688568564,0.736140504020151,0.9999441983542
"BRF1",1.8551798488368,0.0349161968347702,0.617257495658139,0.0565666631517232,0.954890390956599,0.9999441983542
"PACS2",2.02342932627445,0.372021983268478,0.562283778432033,0.661626739981522,0.508210466049417,0.9999441983542
"CRIP1",24.1407264897595,1.02640336990577,0.456060959128488,2.25058371992021,0.0244119155003589,0.9999441983542
"TEDC1",0.82368022103942,0.261922376372089,1.01542288344948,0.257944134056064,0.79645002299428,0.9999441983542
"CYFIP1",2.64769669823258,-0.589498043342697,0.582580380541168,-1.0118741774227,0.311598217360948,0.9999441983542
"UBE3A",3.31292308320662,0.124808155334429,0.486559264786911,0.256511722963675,0.797555729571426,0.9999441983542
"HERC2",2.16276406302537,-0.106581307138224,0.628424054815596,-0.169600934785189,0.865323987348542,0.9999441983542
"KLF13",9.11276919949188,0.128276106803941,0.347249549680579,0.369406114196368,0.711825041309738,0.9999441983542
"LINC02256",4.09379183808157,0.0767190773002492,0.47544652920298,0.16136215660015,0.871808170693597,0.9999441983542
"SLC12A6",2.66704789602326,0.170664996107214,0.538606737330448,0.316863834554129,0.751346924880133,0.9999441983542
"NOP10",3.932181954524,-0.942427179917784,0.731502942111463,-1.28834366297625,0.197626360319854,0.9999441983542
"EIF2AK4",2.00158019530694,0.33671954335328,0.572692263903123,0.587958952087817,0.556559845198236,0.9999441983542
"SRP14",7.11961407515626,-0.662544018982659,0.355203504692756,-1.86525191961646,0.0621461010908102,0.9999441983542
"PLCB2",12.0844363399983,0.0102786991142703,0.301096649296926,0.0341375406809457,0.972767472785612,0.9999441983542
"INO80",2.5607955493265,-0.127992197952161,0.595167801718228,-0.215052288753948,0.8297265516039,0.9999441983542
"RTF1",5.16551258032299,0.630509340207691,0.451407530226873,1.39676300900608,0.16248484941158,0.9999441983542
"EHD4",2.26474373948694,-0.0526819990912529,0.515674922181387,-0.102161258624716,0.918628677952557,0.9999441983542
"VPS39",3.02861512563716,-1.03742417970228,0.540344983718182,-1.91992932471332,0.0548668272295601,0.9999441983542
"ZNF106",9.72237660043112,0.529518026069455,0.367188123251546,1.4420891977127,0.149277212044391,0.9999441983542
"SNAP23",2.06095094445746,-0.455264148792449,0.570671344103874,-0.797769422796847,0.425004308609314,0.9999441983542
"CCNDBP1",1.54889903254447,0.214516607405065,0.612716513715266,0.350107435662738,0.726258070774097,0.9999441983542
"PDIA3",3.77030096973299,-0.884976397840612,0.527714053196424,-1.67699986854663,0.0935425075520087,0.9999441983542
"SERF2",49.0272203626941,-0.115884597883813,0.289975199049484,-0.399636238766881,0.689424461067234,0.9999441983542
"SPG11",4.82273478014449,0.0570310815073502,0.415475774194806,0.137266923968977,0.890819813768303,0.9999441983542
"B2M",121.311654851108,-0.58829973633244,0.425201068330519,-1.38358009927468,0.166487065375395,0.9999441983542
"SQOR",3.39601895070691,0.440384434256991,0.527772933567769,0.834420271005512,0.404044198238971,0.9999441983542
"EID1",3.44599394922132,-0.65700170715366,0.552784781092638,-1.18853074401764,0.234624374805093,0.9999441983542
"USP8",3.94492115346732,0.291235376597601,0.407424239561549,0.714820936798004,0.474719696258277,0.9999441983542
"TRPM7",1.75076541167961,0.141752407452929,0.620345174156646,0.228505698695311,0.819253126389211,0.9999441983542
"SPPL2A",2.81182053467366,-0.20474486827575,0.494901579219022,-0.413708254071136,0.67908778144272,0.9999441983542
"DMXL2",16.4408790810203,-0.0146605638639257,0.310787865552338,-0.0471722531311532,0.962375941689261,0.9999441983542
"TMOD2",1.61309602080207,0.0247032075634294,0.637155052968502,0.0387711083014052,0.96907287974368,0.9999441983542
"TMOD3",4.12132405987411,-0.269163657232028,0.408984451367984,-0.658126870915804,0.51045661061048,0.9999441983542
"MYO5A",2.28811660230137,0.264669167526754,0.608018938359039,0.435297571883304,0.66334644713114,0.9999441983542
"RAB27A",2.08049068580684,0.554236559089388,0.525356714390428,1.05497187702734,0.291438187009575,0.9999441983542
"CCPG1",2.39825998640212,0.0322304508416904,0.556949716387553,0.0578695883907461,0.953852507459738,0.9999441983542
"TCF12",1.87808120642141,-0.66274220307145,0.813700670709575,-0.814479116126961,0.415370531283151,0.9999441983542
"ADAM10",5.62435481346391,-0.124118213538769,0.41277723537099,-0.300690549049333,0.763650476233745,0.9999441983542
"RNF111",1.63565218696701,0.265525150571448,0.669626329797022,0.39652734481324,0.691716039318783,0.9999441983542
"SLTM",5.44479229794182,0.504880826513715,0.412029958570288,1.22534979802345,0.220443453165212,0.9999441983542
"BNIP2",3.79737248798309,-0.736807862166338,0.508021305431799,-1.4503483501348,0.14696140243731,0.9999441983542
"ANXA2",13.2202133255563,0.112644539582979,0.301838443132595,0.373194807175359,0.709003460736617,0.9999441983542
"VPS13C",6.78320492834174,0.383248495825591,0.390447949663862,0.981561040736752,0.326316148738063,0.9999441983542
"TPM1",1.38460871654359,0.547772485692038,0.693760132434672,0.789570429436025,0.429778683349015,0.9999441983542
"LACTB",3.93240861694138,-0.00033040428834419,0.425826808591075,-0.000775912370189638,0.999380911561409,0.9999441983542
"RAB8B",1.93237134106536,-0.216105650735002,0.594251621913003,-0.363660178224367,0.716111783294552,0.9999441983542
"USP3",9.53857202945181,-0.151961310595592,0.378329620508962,-0.401663793575455,0.687931474046565,0.9999441983542
"HERC1",3.82674356365354,0.307072447037753,0.445051077280063,0.689971247602481,0.490212268855967,0.9999441983542
"SNX1",2.85865494954702,0.349439234564522,0.571450803922628,0.611494869139836,0.540872014076742,0.9999441983542
"PPIB",7.01727646188439,-0.374823146179877,0.395909028077883,-0.946740588360976,0.343770982527937,0.9999441983542
"PLEKHO2",3.07750988706628,-0.163737167810065,0.477081787813116,-0.343205655702381,0.731443750171231,0.9999441983542
"SPG21",2.65296957204795,-0.201490575119578,0.504970093398024,-0.399014867917654,0.689882249101392,0.9999441983542
"MAP2K1",4.2274512953379,-0.151889474446952,0.547564413731284,-0.277391062381004,0.781479843658009,0.9999441983542
"RPL4",10.1087601973129,-0.289241522514502,0.34382184672999,-0.841254054288322,0.40020562420064,0.9999441983542
"SMAD3",2.06317141416578,0.0327849103301569,0.598925194189029,0.054739574571661,0.956345940662448,0.9999441983542
"PIAS1",4.20929868433449,-0.581347239099204,0.449835384828532,-1.29235551205204,0.196234055781528,0.9999441983542
"ANP32A",4.43545568506205,-0.28132632698109,0.5167826313502,-0.544380383384921,0.586179741964511,0.9999441983542
"RPLP1",98.5532233473639,-0.618720829393472,0.371539835030524,-1.66528800160188,0.0958553111419646,0.9999441983542
"TLE3",4.2920095572216,-0.366296655029263,0.427348087776333,-0.857138865263805,0.391368144185252,0.9999441983542
"PKM",19.0155503255231,0.3419117069043,0.278434916786452,1.22797711885586,0.219455557506648,0.9999441983542
"PARP6",1.97652253821893,-0.0177548376476654,0.615687640945919,-0.0288374111593138,0.976994263487469,0.9999441983542
"HEXA",5.32012157279433,-0.147284575794137,0.397553211485304,-0.370477640575119,0.711026633471105,0.9999441983542
"ARIH1",4.16219202002281,-0.210779151361867,0.479152294039152,-0.439900119406804,0.660009449404426,0.9999441983542
"ADPGK",6.33226761583187,-0.301227541913049,0.395323464926015,-0.76197738975455,0.446073498878857,0.9999441983542
"NPTN",2.72587782634663,-0.137884556708006,0.531567067432524,-0.259392586854544,0.795332348863996,0.9999441983542
"PML",5.68610062650936,-0.309203053644553,0.449203326773085,-0.688336517598292,0.491240890511559,0.9999441983542
"CSK",8.57592479804841,-0.275572883943039,0.32937327046761,-0.836658310347434,0.402784659189835,0.9999441983542
"SCAMP2",2.42438966665244,0.0654754843703158,0.532874277925106,0.122872292926697,0.902208226382657,0.9999441983542
"C15orf39",4.33109776171409,0.572263049794552,0.449717478011825,1.27249457220229,0.203197451378904,0.9999441983542
"MAN2C1",8.09988327619775,0.695400446070386,0.316470900667673,2.19735983499041,0.0279947574249322,0.9999441983542
"UBE2Q2",1.73919140339081,-0.0393803264610028,0.618392940162509,-0.0636817206397181,0.94922366001612,0.9999441983542
"PSTPIP1",8.72562499740115,0.514117350137117,0.332805161191977,1.54479981108391,0.122394693020084,0.9999441983542
"PSMA4",3.51514281258031,-0.0521052700259704,0.442092427735082,-0.117860580179839,0.906178127943981,0.9999441983542
"MORF4L1",3.9311018355108,-0.506133920659154,0.434673076671678,-1.16440135776215,0.244261397617692,0.9999441983542
"CTSH",6.45126449018119,-0.337494238079087,0.382133638713763,-0.883183797205266,0.377136974447949,0.9999441983542
"BCL2A1",6.67471745697791,-0.612106590214953,0.612256849089617,-0.999754581961987,0.31742929039775,0.9999441983542
"IL16",2.04455661821496,0.0687877590942891,0.570218571366095,0.120634020967594,0.903980920779824,0.9999441983542
"RPS17",5.33576937879272,-0.507942222855152,0.517842707401269,-0.980881290004447,0.326651285039749,0.9999441983542
"ZNF592",3.13468063365387,0.570651061046447,0.471545620001058,1.21017148042891,0.226213099191083,0.9999441983542
"PDE8A",1.00962166215706,0.467962682476314,0.829523478602852,0.564134342845236,0.572662707245194,0.9999441983542
"AKAP13",19.4224855628382,0.229700348304112,0.353568611709733,0.649662726545101,0.515910105496987,0.9999441983542
"ISG20",3.85778724123596,-0.713879080386179,0.744656668301111,-0.958668754037819,0.337725644073371,0.9999441983542
"POLG",2.07603816391076,-0.12832041643123,0.561565146354356,-0.228504951320924,0.819253707340872,0.9999441983542
"ANPEP",7.6536949134938,0.0940524187944836,0.401931834197904,0.234000919539441,0.814984264791303,0.9999441983542
"ZNF710",1.94303696573313,0.528455733899961,0.5680140706098,0.930356766219946,0.352186395467203,0.9999441983542
"IDH2",1.37075134818983,-0.0619240622238955,0.790744382794815,-0.0783110997324199,0.937580588270051,0.9999441983542
"CIB1",3.61389932164565,0.136734591563657,0.444166061622491,0.307845653637245,0.758199780798636,0.9999441983542
"IQGAP1",14.2625287822661,0.255943027890672,0.293486451152947,0.872077831481531,0.383165918983863,0.9999441983542
"FES",6.50839819405491,0.107058862172443,0.383371369849326,0.279256278877893,0.780048156454622,0.9999441983542
"MAN2A2",2.68468129554264,0.0792895269379807,0.567521146287299,0.139712022109995,0.88888752730534,0.9999441983542
"SLCO3A1",5.74511373085194,0.600872176605107,0.405383868245909,1.48223011242424,0.138279076789188,0.9999441983542
"LINC01578",8.88845335527528,0.0921648127959873,0.336506856213527,0.273886879551438,0.78417155479701,0.9999441983542
"CHD2",5.11101146624881,-0.454466133607992,0.392715676210769,-1.15723960396244,0.247174481259007,0.9999441983542
"MEF2A",5.76990655207724,-0.514147413181569,0.392260936969795,-1.31072805044862,0.189949658275903,0.9999441983542
"LRRK1",2.6523000952154,0.111206873669032,0.504612438237413,0.220380762030901,0.825574626798524,0.9999441983542
"SELENOS",3.72030020620593,1.00713930580716,0.472805090582866,2.13013634131048,0.0331603587909789,0.9999441983542
"LUC7L",2.59144782726193,0.29588103380542,0.489373008235242,0.60461249154794,0.545436504755062,0.9999441983542
"MRPL28",2.15363616843848,0.00661768302509985,0.580483552550066,0.0114002937654794,0.990904078644144,0.9999441983542
"TMEM8A",1.71744514350239,0.195276782278362,0.604046328684042,0.323281134253041,0.746482340257796,0.9999441983542
"METTL26",4.05424603012764,-2.94871070160543e-05,0.421623897902199,-6.99369916239763e-05,0.9999441983542,0.9999441983542
"RHOT2",4.08065120774292,0.11716904624077,0.451776903434378,0.259351563459883,0.79536399810654,0.9999441983542
"STUB1",3.31582470953695,-0.264141664395247,0.467866864389582,-0.564565872259126,0.572369083609975,0.9999441983542
"ANTKMT",1.93769539634141,0.108245582390286,0.5620928569538,0.19257597930867,0.847291058511904,0.9999441983542
"UBE2I",4.82321221149555,0.254828068931304,0.420981056123283,0.605319563017767,0.544966685321622,0.9999441983542
"GNPTG",3.33352485888363,-0.210001248239739,0.460646423790877,-0.455883813254295,0.648473529941123,0.9999441983542
"CLCN7",5.34110622318708,0.869035006444987,0.380955384193208,2.28119890807014,0.0225366793482595,0.9999441983542
"MAPK8IP3",6.39925474285844,0.568090642950126,0.394558365219201,1.43981396170505,0.149920040060637,0.9999441983542
"NME3",4.45773719654323,0.000711465632031293,0.426703419410489,0.00166735395046568,0.998669644641943,0.9999441983542
"MRPS34",2.3392571811918,-0.253687036016098,0.548202328084904,-0.462761690382329,0.643535193881893,0.9999441983542
"SPSB3",6.62460915183832,0.0544384302188099,0.341698865985146,0.159316976548516,0.873419146231526,0.9999441983542
"HAGH",1.79585973098776,0.239396952929644,0.66605666361437,0.359424304278486,0.719277695627272,0.9999441983542
"MSRB1",4.0380090958989,-0.314099131727847,0.510554563669715,-0.615211681725447,0.538414934115624,0.9999441983542
"NDUFB10",3.44628512971042,0.0772302054481752,0.473749523717402,0.16301906721123,0.870503422027198,0.9999441983542
"RPS2",47.4806772178761,-0.013841519128509,0.328885081573152,-0.042086187255138,0.966429991388875,0.9999441983542
"TSC2",2.57577813539357,0.563807802284711,0.528068429740259,1.06767943420142,0.285665138413811,0.9999441983542
"PKD1",1.74972095317912,0.346549225683321,0.596956612355518,0.580526655556892,0.561559516668769,0.9999441983542
"MLST8",1.11899319662603,0.27247808161754,0.787291727377551,0.346095446125361,0.729270985668577,0.9999441983542
"PGP",3.4682967036141,0.657705937414641,0.488852641690497,1.34540735044457,0.178493722838937,0.9999441983542
"E4F1",1.34678211317169,0.0277777227534725,0.839326241820292,0.0330952630448316,0.97359862022497,0.9999441983542
"RNPS1",2.45466863283881,0.133528059186572,0.504623217675404,0.264609424436875,0.791310359210338,0.9999441983542
"ATP6V0C",11.2436149859681,-0.43678089572925,0.284741456144235,-1.53395610756447,0.125040451271848,0.9999441983542
"SRRM2",32.4564808521402,0.172548281553137,0.330486755548717,0.522103469068372,0.601598291245172,0.9999441983542
"ELOB",19.7397656096947,-0.077233946697352,0.28544603537296,-0.270572847846492,0.786719581353751,0.9999441983542
"HCFC1R1",1.7660664356698,0.738742482263442,0.60054797766989,1.230114012089,0.218654413642624,0.9999441983542
"MEFV",5.0607734001763,0.197411066231332,0.494362373414376,0.399324618635289,0.689654029520554,0.9999441983542
"CREBBP",4.7723411194356,-0.104689831051594,0.414510724932663,-0.252562418182548,0.800606374554372,0.9999441983542
"CORO7",5.00927926774759,-0.49600890886289,0.422653072998229,-1.17356039870783,0.240571151130381,0.9999441983542
"MGRN1",3.21043994101603,0.119333807175211,0.48263319946416,0.24725569502409,0.804710344629042,0.9999441983542
"ROGDI",3.1304614300625,0.212466314317049,0.608674948906176,0.349063674624465,0.727041506817433,0.9999441983542
"GLYR1",2.20724003934522,0.118359443245995,0.618160030555833,0.191470553571005,0.848156948575881,0.9999441983542
"UBN1",4.94194450946182,-0.189253790808783,0.435454419278874,-0.434612171630255,0.663843958664962,0.9999441983542
"METTL22",1.66403117434544,-0.224216946890467,0.703143069458515,-0.318878129685805,0.749818929238569,0.9999441983542
"USP7",2.20052457580418,0.428220088934959,0.527883056741736,0.811202563647469,0.417249353643302,0.9999441983542
"CIITA",7.22155842203014,-0.126832885582675,0.381633193202292,-0.332342384891674,0.739630738424916,0.9999441983542
"ZC3H7A",1.96815164375971,-0.354720765729593,0.553870469146205,-0.640439932239749,0.521886628915486,0.9999441983542
"RSL1D1",2.21852704446433,-0.0741340289050735,0.555514696894294,-0.13345106676661,0.893836661096594,0.9999441983542
"SNX29",4.38042967636849,0.0131602862815341,0.412908098220519,0.0318721922341801,0.974573974751603,0.9999441983542
"CPPED1",4.31069045292598,0.0913064106651559,0.447529562707787,0.204023193714186,0.838335374138899,0.9999441983542
"PDXDC1",1.5767053265274,0.239531987769394,0.637752946450334,0.375587426295094,0.707223639874399,0.9999441983542
"NDE1",3.49339349563928,0.133114949870678,0.473204765643674,0.281305175973047,0.778476340689926,0.9999441983542
"ABCC1",2.00379057465254,0.143607253577192,0.622793966191538,0.23058549275191,0.817636839032685,0.9999441983542
"RPS15A",30.943432400024,-0.178617082685318,0.325483585662869,-0.548774471442401,0.583160231696669,0.9999441983542
"SMG1",8.57052090353108,-0.0218861526113574,0.351047383820114,-0.0623452947382523,0.950287858623947,0.9999441983542
"COQ7",2.06203967999064,0.380189665756043,0.590149377844743,0.644226157018951,0.519428791537738,0.9999441983542
"ITPRIPL2",1.15547308147742,0.376234488107303,0.737714310983328,0.510000256882377,0.61005128182743,0.9999441983542
"METTL9",3.60434228580432,0.230795964288791,0.436749176527732,0.5284405253461,0.597193616357551,0.9999441983542
"AC005632.3",1.02925009007931,0.762819367882729,0.756304040044237,1.00861469395048,0.313159457529501,0.9999441983542
"IGSF6",6.02111327764648,0.180774673341128,0.450084548447526,0.40164603287243,0.687944546845238,0.9999441983542
"NPIPB5",1.90739868231111,-0.362208820165073,0.593656966414675,-0.610131508019847,0.541774696286866,0.9999441983542
"PRKCB",8.85628080402983,0.421610981108509,0.386146082275961,1.09184321804721,0.274902019238867,0.9999441983542
"RBBP6",4.47209575041265,-0.173780839586934,0.481606823401586,-0.360835501373343,0.718222421943356,0.9999441983542
"TNRC6A",3.13604960163986,-0.382279026179633,0.60006119275157,-0.637066737188417,0.524081373850501,0.9999441983542
"ARHGAP17",2.33049887110952,-0.0303507665800811,0.5377742276857,-0.0564377484408188,0.95499308595626,0.9999441983542
"IL4R",3.17203124881225,-0.037644134134838,0.474803214066287,-0.0792836548271186,0.936807006931184,0.9999441983542
"GTF3C1",1.77455893744523,1.11187294787192,0.719065014387979,1.54627596340266,0.122037934446048,0.9999441983542
"XPO6",3.46013430952917,0.534339351505823,0.47306153882533,1.1295345481534,0.258672404017996,0.9999441983542
"CLN3",4.47600225809993,0.251982928695921,0.418475282686444,0.602145309702145,0.54707741642444,0.9999441983542
"APOBR",11.114886149386,0.393393404629561,0.322614014821573,1.21939341304541,0.222694908801822,0.9999441983542
"SULT1A1",6.17355854004675,0.426336460413407,0.424211956133998,1.00500811975874,0.314892940036073,0.9999441983542
"ATXN2L",4.35421548799028,-0.378539969670703,0.412332800967895,-0.918044765738094,0.358595429956405,0.9999441983542
"TUFM",2.63745848440551,-0.0628313061663741,0.551349643440803,-0.113959094585177,0.909270219926255,0.9999441983542
"SH2B1",1.2149361434364,0.559025149069408,0.749064792223077,0.746297456339299,0.4554877476782,0.9999441983542
"NFATC2IP",6.38103611062847,0.10980463293036,0.370375421650812,0.296468465539495,0.766872345919034,0.9999441983542
"SPNS1",3.2770229513625,-0.401889771729313,0.520057693051667,-0.772779207189587,0.43965306098529,0.9999441983542
"SPN",3.62239217916708,0.26243383186653,0.467541855813441,0.561305535757736,0.574589268447837,0.9999441983542
"KIF22",1.88858665839598,-0.124527346374145,0.646540264937056,-0.192605709384966,0.847267773212516,0.9999441983542
"MAZ",3.35057571855888,0.364757176421806,0.474308350175176,0.769029632910933,0.44187571927005,0.9999441983542
"PAGR1",2.73270714696401,-0.10243413856275,0.54852032163752,-0.186746296394178,0.851859555293258,0.9999441983542
"MVP",5.75767486342384,-0.153327567410012,0.380732273594598,-0.402717547326377,0.687156023655916,0.9999441983542
"TMEM219",4.54184004897534,0.0361721987123383,0.445768080314305,0.0811457803053861,0.93532601828505,0.9999441983542
"ALDOA",5.71088342353305,-0.171875870743938,0.388605949714072,-0.442288315118183,0.658280585396414,0.9999441983542
"PPP4C",5.77492019514788,0.0209969348567667,0.392588017607095,0.0534833818534436,0.957346771057142,0.9999441983542
"YPEL3",6.07503447667697,0.406090903872299,0.37641832687708,1.07882872558675,0.280664086780623,0.9999441983542
"CORO1A",41.8398732741292,0.135061725792143,0.228748177110275,0.590438479109856,0.554896719567573,0.9999441983542
"ITGAL",9.37360252261055,0.274110722526049,0.407029613495367,0.67344171882759,0.500666314987495,0.9999441983542
"FBRS",3.3780571304492,-0.226760311144683,0.520061854628795,-0.436025655653092,0.662818115477414,0.9999441983542
"SRCAP",3.5121885467738,-0.0326301234025717,0.480200220541301,-0.0679510795846569,0.945824577055129,0.9999441983542
"PHKG2",1.71757844183136,0.393547452435382,0.631551793846041,0.623143590549789,0.533190166746034,0.9999441983542
"STX4",3.2735868303594,0.222211202947689,0.46518521637438,0.477683286411351,0.632875641913533,0.9999441983542
"KAT8",2.56643208655151,0.367116912270553,0.523457094259943,0.701331429636232,0.483096203763311,0.9999441983542
"FUS",11.7849520523161,-0.252833416745301,0.299500746213595,-0.844182927561014,0.39856719313476,0.9999441983542
"PYCARD",12.4728914078249,-0.274995997616663,0.339801453434555,-0.809284347777595,0.418351607325115,0.9999441983542
"ITGAM",10.0263420476205,0.285053623709542,0.297366718296178,0.958592896147942,0.337763872669977,0.9999441983542
"ITGAX",12.6488934153738,-0.611522209663998,0.379250160135503,-1.61245076190741,0.106863886289368,0.9999441983542
"PHKB",2.88432265725221,-0.387188210081194,0.464624191928465,-0.833336310953017,0.40465508307667,0.9999441983542
"LONP2",4.75560590373908,-0.0173765646812984,0.379585019464155,-0.0457777936174306,0.963487358377705,0.9999441983542
"N4BP1",4.00929653003618,0.260361139543937,0.464262275459074,0.560806150546016,0.574929693358976,0.9999441983542
"HEATR3",1.88103569975537,-0.150204921783663,0.732330889876193,-0.205105265748187,0.83748988242283,0.9999441983542
"TENT4B",1.42944821308193,-0.078124061123605,0.72528097118767,-0.107715580895049,0.914221309660258,0.9999441983542
"ADCY7",5.12855235201841,0.308294925112395,0.420530398812352,0.733109725201961,0.463491509051415,0.9999441983542
"BRD7",6.29534104312902,0.725895339256678,0.417344460441227,1.73931945446033,0.081978587176825,0.9999441983542
"NOD2",2.09263180724711,0.762768917584597,0.563669515521941,1.35322009897643,0.175985326105891,0.9999441983542
"CYLD",2.10982618071396,0.160184258547103,0.618317192904792,0.259064862477094,0.79558519517046,0.9999441983542
"CHD9",3.41485522392345,-0.222347322302853,0.462718770738677,-0.480523670885235,0.630855075776768,0.9999441983542
"RBL2",2.28282174753553,0.0837691993761134,0.560429527558484,0.149473208060708,0.881180248724982,0.9999441983542
"LPCAT2",2.10669614346228,-0.140721453055759,0.598697745229417,-0.235045904510356,0.814173104426765,0.9999441983542
"AMFR",1.42229908772517,-0.291011884829195,0.706549888969389,-0.411877334314892,0.680429334613803,0.9999441983542
"MT2A",23.5386786517184,-0.165946489912695,0.478304496319289,-0.346947375970137,0.728630853762594,0.9999441983542
"HERPUD1",5.9805192875963,0.310389720609996,0.371744259841962,0.834954978839354,0.40374305759212,0.9999441983542
"NLRC5",6.80680585372415,0.25925419601417,0.405749974327468,0.638950615939987,0.522855058723545,0.9999441983542
"FAM192A",2.20866607636987,-0.12874801496415,0.581976450176415,-0.22122547213916,0.824916876672075,0.9999441983542
"CNOT1",2.92734189264815,-0.525210804833008,0.545172604253288,-0.96338444143278,0.335354631262585,0.9999441983542
"TK2",2.28397862032639,-0.407127619530642,0.58398336620435,-0.697156191582652,0.485705051642566,0.9999441983542
"CKLF",4.79618582778436,-0.614758014221902,0.477112898968303,-1.28849590013441,0.19757339510168,0.9999441983542
"DYNC1LI2",3.20109248543498,0.168588851618675,0.47461207316103,0.355213997182653,0.722429279378706,0.9999441983542
"C16orf70",1.19634946938413,0.0980762317745989,0.708750867728558,0.13837899357911,0.88994089798387,0.9999441983542
"TRADD",1.52612752632953,0.548701662915914,0.648498194245828,0.846111319637562,0.397490646553903,0.9999441983542
"E2F4",2.49566639460231,0.478075865952458,0.527185400508627,0.906845799392798,0.364488346589217,0.9999441983542
"FHOD1",2.52213754638897,0.0984286786016917,0.535084699423984,0.183949716199416,0.85405290232618,0.9999441983542
"ATP6V0D1",8.225717810807,-0.0761099693751926,0.343602005105409,-0.221506185191916,0.824698321122825,0.9999441983542
"RIPOR1",3.31555412617289,0.152475774431695,0.476662836833293,0.319881817186896,0.749057922034915,0.9999441983542
"EDC4",1.59366538145867,-0.182625200989732,0.625596506041979,-0.291921708682748,0.770346484944878,0.9999441983542
"PSMB10",14.0096096126805,-0.0303731270008667,0.349962304276271,-0.0867897102908808,0.930838666759076,0.9999441983542
"DPEP2",2.7071220040891,0.086656294778602,0.540714056172747,0.160262700385427,0.872674139827701,0.9999441983542
"SNTB2",1.80451994795426,0.330580322402813,0.672468218508064,0.491592484677176,0.623007457301932,0.9999441983542
"WWP2",2.54499725012793,-0.342033995033163,0.568838827934963,-0.601284543593548,0.547650482495791,0.9999441983542
"PDPR",1.65740996868306,-0.527140375244013,0.752064766393491,-0.700924174086632,0.483350337187446,0.9999441983542
"IST1",3.30537843129049,-0.88249621255672,0.537645011000859,-1.64141058598107,0.100712213901845,0.9999441983542
"DHX38",2.61221118021023,0.873659429870748,0.54291246597067,1.60920863791318,0.10757072826895,0.9999441983542
"ZFHX3",2.91625066629766,0.210442409008178,0.514909537553986,0.408697826821889,0.682761428799478,0.9999441983542
"PSMD7",4.62101823976904,-0.326872783552508,0.52436490343559,-0.623368920022809,0.53304211703217,0.9999441983542
"GLG1",6.27134515496352,0.104113932426539,0.394618235082116,0.263834570150753,0.791907394955311,0.9999441983542
"MLKL",5.392973164686,0.442648947071888,0.408259037802574,1.08423551246879,0.278260389738657,0.9999441983542
"CFDP1",1.98568592449444,0.138337214173197,0.666125636793306,0.207674358307458,0.835483240271598,0.9999441983542
"TERF2IP",3.33009150499906,-0.0961071384210083,0.460433331796308,-0.208731930953091,0.834657511849832,0.9999441983542
"MON1B",2.67924500810924,0.00462945391117119,0.475675339546887,0.00973238157685673,0.992234805585744,0.9999441983542
"CMIP",5.5388495102735,-0.201043995073782,0.388094599583797,-0.518028324252352,0.604438507393538,0.9999441983542
"PLCG2",2.80158781742893,0.149187149255584,0.514672628215499,0.289868046359593,0.771917187913665,0.9999441983542
"MBTPS1",2.89817118211944,0.198641542576103,0.515107184889341,0.38563147322198,0.699769620579173,0.9999441983542
"TAF1C",1.99458357859661,-0.032386789392597,0.586125790929252,-0.0552556974864569,0.955934756494886,0.9999441983542
"COTL1",28.3242583106681,-0.292540219855551,0.25675773773518,-1.13936281895923,0.254551857092998,0.9999441983542
"KLHL36",2.80754268525018,0.0686264895853722,0.55629688904305,0.123363065544775,0.901819603050431,0.9999441983542
"CRISPLD2",2.91015781081769,0.367170773160014,0.489591328787369,0.749953586942462,0.453282658658189,0.9999441983542
"ZDHHC7",2.61043492014119,-0.012058295548353,0.577359308891873,-0.0208852535373449,0.983337190032014,0.9999441983542
"KIAA0513",4.30478934025348,-0.0932041392010204,0.44707876793897,-0.208473642420307,0.83485916081461,0.9999441983542
"COX4I1",19.849309861754,-0.28360434435857,0.330843819881329,-0.857215179235617,0.391325975054193,0.9999441983542
"IRF8",3.06721333188152,0.00861148131883844,0.568471364454559,0.0151484874301471,0.98791371801503,0.9999441983542
"MAP1LC3B",3.7438199973168,-1.0013089598886,0.594141048453065,-1.68530513502755,0.0919297155200658,0.9999441983542
"ZC3H18",2.83607427150664,0.257181388384901,0.482112576702751,0.533446752507077,0.593724361288743,0.9999441983542
"CYBA",69.5708493314597,0.138009223709771,0.20841674691831,0.662179147071441,0.50785641675858,0.9999441983542
"RNF166",4.49080887820373,-0.0817171370512162,0.468417839611688,-0.174453511674446,0.861509062774293,0.9999441983542
"PIEZO1",8.5409205438854,0.0767031009575484,0.376842997882113,0.203541266226587,0.838711994884594,0.9999441983542
"APRT",4.64807012181998,0.132245990665168,0.453296341287778,0.291742903305745,0.770483203371914,0.9999441983542
"CBFA2T3",1.80853919843632,0.381924578217648,0.648749368746074,0.588708978562623,0.556056513843422,0.9999441983542
"ACSF3",1.92638770688967,-0.0932763717907732,0.578237117489928,-0.161311629726706,0.871847964018923,0.9999441983542
"ANKRD11",10.2366435450688,0.246922430558602,0.35887769696869,0.688040612844615,0.491427206579061,0.9999441983542
"SPG7",8.11362721963916,0.0450391094721315,0.337584488518218,0.133415814422708,0.89386453911274,0.9999441983542
"RPL13",122.974782969919,0.119911012412737,0.289152730041565,0.414697839427281,0.678363114213865,0.9999441983542
"CDK10",2.93331617801082,0.00817863483359962,0.529782160548318,0.0154377316615094,0.987682961495482,0.9999441983542
"VPS9D1",2.46107741700252,-0.0372588464773895,0.609156380851125,-0.061164665837253,0.951228069600418,0.9999441983542
"ZNF276",3.96617770112951,0.532398836353444,0.474898369127282,1.12107952135492,0.262254014774696,0.9999441983542
"TCF25",17.2765949332319,0.0633213787172596,0.246869540391502,0.256497333032015,0.797566839510643,0.9999441983542
"DEF8",3.34127700290574,0.747407644998411,0.471210234980526,1.58614475984228,0.112706475315974,0.9999441983542
"FAM157C",2.34823593726075,-0.404501529414776,0.701744876697448,-0.576422490347833,0.564329646327401,0.9999441983542
"VPS53",3.29880810002477,0.202801627163168,0.446245497607149,0.454462013063723,0.649496327112321,0.9999441983542
"ABR",4.8358027850882,0.139239844065471,0.383159518291747,0.363399152097926,0.716306735073353,0.9999441983542
"YWHAE",3.22998490867771,-0.532511125460692,0.536913274382102,-0.991801005615896,0.321294607024428,0.9999441983542
"CRK",2.5822802823598,0.631107370475292,0.481415085906439,1.31094223872732,0.189877279023029,0.9999441983542
"SLC43A2",6.49430659864981,0.109047052546913,0.359461079116496,0.303362613874457,0.76161353382284,0.9999441983542
"PRPF8",4.03079219283303,-0.247213023808739,0.438494555795398,-0.563776723203125,0.572906094956469,0.9999441983542
"WDR81",1.72611657409163,0.875245577573686,0.580856961395929,1.50681774643843,0.131857379447326,0.9999441983542
"SGSM2",1.5283589502066,0.785710730125924,0.592261600653427,1.32662784360673,0.184631820611263,0.9999441983542
"MNT",3.05428275340175,0.174689306189108,0.453274706629967,0.385393898300433,0.699945602569618,0.9999441983542
"PAFAH1B1",6.30171322097791,-0.361210989930017,0.398073570975409,-0.907397567351516,0.364196595395088,0.9999441983542
"RAP1GAP2",2.30966633348507,-0.222838230430998,0.536647307944611,-0.41524149498575,0.677965125118411,0.9999441983542
"NCBP3",2.16059103586629,0.778703145262204,0.544399182657975,1.43038999702436,0.152605117587322,0.9999441983542
"P2RX1",5.25579176493834,0.244459223969856,0.509258008645566,0.480030200447952,0.631205918704852,0.9999441983542
"ZZEF1",4.28244607692321,0.160117595936541,0.457536916093349,0.349955578019137,0.726372035746935,0.9999441983542
"ANKFY1",3.71247534473123,-0.204324050764706,0.494930960137122,-0.412833439856131,0.679728649606184,0.9999441983542
"ARRB2",13.2652293369904,0.327005525076599,0.266837125725356,1.22548736120465,0.220391649204328,0.9999441983542
"PSMB6",3.14857254332137,-0.5584328908369,0.484211745607252,-1.15328241395005,0.248794485953117,0.9999441983542
"MINK1",3.22046372528059,0.315241863511633,0.451882285909412,0.697619431744728,0.485415226034377,0.9999441983542
"PFN1",31.0560566721452,-0.590494547355413,0.367860459788271,-1.60521342167431,0.108446844737634,0.9999441983542
"CAMTA2",1.82545865092371,0.197030839684346,0.567445767765573,0.347224088850276,0.728422975043878,0.9999441983542
"NLRP1",9.12987112367346,0.238341592650636,0.357449080392887,0.66678474144811,0.504909640556163,0.9999441983542
"TXNDC17",2.30132149132097,-0.844355471848885,0.726886299975991,-1.16160597864724,0.245395552451605,0.9999441983542
"XAF1",24.414077464625,0.392181140711735,0.328014980477472,1.19561960292441,0.231845038102917,0.9999441983542
"RNASEK",17.1252944160304,-0.312125261689599,0.396417365664173,-0.787365258751094,0.431068077830727,0.9999441983542
"C17orf49",2.93512813909223,0.156629641727347,0.503771031570812,0.310914347811861,0.755865736715783,0.9999441983542
"ASGR1",3.32728194407003,0.559014832042173,0.501463572096216,1.11476658155922,0.264950460614889,0.9999441983542
"ACADVL",8.2043700972339,0.165719568884644,0.338371128685435,0.489756822718477,0.624305987346499,0.9999441983542
"GABARAP",17.7551628726868,-0.511232446669597,0.389787382533812,-1.31156745851118,0.189666118786066,0.9999441983542
"CTDNEP1",4.34503413584718,-0.569006315911766,0.543769039114096,-1.04641175753365,0.295370966663262,0.9999441983542
"EIF5A",3.71325586722405,-0.538738410799527,0.557130542612817,-0.966987751690951,0.333550156698875,0.9999441983542
"GPS2",3.78721440616842,0.126336768440099,0.410220140080277,0.307973100529331,0.758102800844413,0.9999441983542
"ACAP1",4.05975781810984,0.322861467363924,0.449510334879008,0.718251489036012,0.472602235559654,0.9999441983542
"PLSCR3",1.63092506510744,0.241986231855947,0.671341696956132,0.360451664112499,0.71850939703061,0.9999441983542
"POLR2A",3.89158941018324,-0.209544485583831,0.476005892403869,-0.440214058119353,0.659782078799448,0.9999441983542
"TNFSF12",1.84754078544939,-1.35922409548873,0.664034627944373,-2.04691749238505,0.040666186285436,0.9999441983542
"TNFSF13",5.39475347012858,0.566836254050706,0.3939107201513,1.4389967702148,0.150151437841113,0.9999441983542
"SENP3",1.41373198511809,-0.0294539030480714,0.648016061055761,-0.045452427521757,0.963746693016753,0.9999441983542
"EIF4A1",21.4944347687675,-0.193430838377049,0.281124854882065,-0.688060251585353,0.491414839894446,0.9999441983542
"CD68",9.35760652009428,-0.370536148201582,0.383035445681552,-0.967367778567517,0.333360211764645,0.9999441983542
"SAT2",6.91375165774099,0.22488022034722,0.341057608247167,0.65936139499415,0.509663726152827,0.9999441983542
"KDM6B",4.98626560334481,-0.177766308350175,0.448967408881377,-0.39594479428493,0.692145754684617,0.9999441983542
"NAA38",4.64493330505832,-0.352083348004382,0.453429890372592,-0.776489057029453,0.437460279549335,0.9999441983542
"CHD3",4.23046128617217,0.668147842543152,0.445871706152772,1.4985203889888,0.133998099353199,0.9999441983542
"TRAPPC1",3.72167993973543,-0.192960216774535,0.522421217599632,-0.369357541910586,0.711861240628383,0.9999441983542
"PER1",6.38200793364611,-0.253358022096586,0.382327001787476,-0.662673629934775,0.507539602148207,0.9999441983542
"VAMP2",4.71598821572637,-0.321678665607612,0.434822986474436,-0.739792227213646,0.459426076094751,0.9999441983542
"TMEM107",2.44543709672567,0.0516785665661275,0.581470462431244,0.0888756521699297,0.929180733716726,0.9999441983542
"RPL26",33.6554573516019,-0.0278156259203809,0.33701909115024,-0.0825342737274813,0.934221864801785,0.9999441983542
"PIK3R5",3.53298128794798,0.0320109445877187,0.497180535794353,0.0643849513066202,0.948663712281301,0.9999441983542
"GAS7",9.23996926172973,-0.377997580356945,0.366968932449154,-1.03005335583638,0.302984959566561,0.9999441983542
"NCOR1",5.7538063883061,0.157967001220552,0.389271203339675,0.405801918727368,0.684888148753544,0.9999441983542
"UBB",7.15808153814382,0.0639212715791168,0.376436882431652,0.169806080547176,0.865162644795083,0.9999441983542
"TRPV2",2.59843856083771,-0.284375203535241,0.639305896740061,-0.444818677545948,0.6564507955439,0.9999441983542
"SNHG29",2.68852455766504,-0.637535829204413,0.570375418946678,-1.11774772899884,0.263674751754098,0.9999441983542
"FLII",6.28189628707887,0.395479427777931,0.379102358783101,1.04319959666671,0.296855860253424,0.9999441983542
"TOP3A",2.26428451825948,0.377380379192817,0.530824119948195,0.710932990817461,0.477125761052462,0.9999441983542
"SMCR8",2.53005106436348,0.033301374239925,0.52331984100907,0.0636348397869131,0.949260989810894,0.9999441983542
"AC007952.4",14.5435755641189,-0.0743135395534499,0.525389605583467,-0.141444632257088,0.887518697225438,0.9999441983542
"AKAP10",1.97006904168713,0.288937068987411,0.575858282541019,0.501750305148785,0.61584317370332,0.9999441983542
"SPECC1",3.16372266547059,0.548518210492067,0.445083782725803,1.23239316232285,0.217802253892793,0.9999441983542
"USP22",4.73012015550364,0.291325434879375,0.430106025178751,0.677334000978715,0.498194062730136,0.9999441983542
"MAP2K3",5.66643976056334,-0.567867326361518,0.466413365149664,-1.2175194125908,0.223406655017123,0.9999441983542
"WSB1",21.8226385966834,0.00760646646461964,0.298678875977774,0.0254670386036463,0.979682439339423,0.9999441983542
"KSR1",3.77237885105756,0.347465805784992,0.432524630615438,0.803343396399378,0.421776281678595,0.9999441983542
"LGALS9",15.9648963434337,0.292625566100303,0.289200310582794,1.01184388602698,0.31161270278636,0.9999441983542
"UNC119",4.54087253043762,-0.0424511468345825,0.429083676621752,-0.0989344250259239,0.921190335760391,0.9999441983542
"KIAA0100",3.22481593481565,0.0104661289921264,0.53695187681094,0.0194917448734638,0.984448822430195,0.9999441983542
"SUPT6H",3.09631397955582,0.305607145968958,0.526136230545512,0.580851741861791,0.561340379171919,0.9999441983542
"RPL23A",14.8060300048482,-0.420368892657432,0.359987507491218,-1.1677318904398,0.242914928924968,0.9999441983542
"FLOT2",4.33599537970507,0.197548558004793,0.480392394866695,0.411223325172771,0.680908786297698,0.9999441983542
"PHF12",2.56202526199106,0.562908342570471,0.532664140255889,1.05677912220645,0.290612404781808,0.9999441983542
"NUFIP2",4.30136186226926,-0.260312579600548,0.462109647841475,-0.563313449127224,0.57322146161105,0.9999441983542
"TAOK1",3.40940421264854,-0.334786830036556,0.472262464536459,-0.708899934203241,0.478386575944892,0.9999441983542
"SSH2",9.88049237107334,-0.629818443484801,0.428781406090994,-1.46885670539348,0.141871659742269,0.9999441983542
"CPD",3.92095215134119,-0.276908361088995,0.478955917279571,-0.578149994809149,0.563162855939826,0.9999441983542
"CRLF3",2.1964139165146,-0.178897946807238,0.605898947565137,-0.29526036895452,0.767794988612224,0.9999441983542
"ADAP2",5.95379854973208,0.0642090605782182,0.383418740235786,0.167464585947814,0.86700451032095,0.9999441983542
"RNF135",2.51463776391418,0.48688716439338,0.591448856372521,0.823210932183656,0.410388053137627,0.9999441983542
"EVI2B",4.24309915932867,-0.719463682159268,0.557735269501888,-1.28997343632548,0.197059881284691,0.9999441983542
"RHOT1",2.38861078089858,-0.519120873881734,0.565345855417713,-0.918235923916298,0.358495365049532,0.9999441983542
"ZNF207",4.72168228793558,-0.0985930211529827,0.447713644158079,-0.220214466187167,0.825704130766339,0.9999441983542
"SLFN5",2.91834221754456,0.488087614564178,0.639460001071756,0.763280914750144,0.445295881645807,0.9999441983542
"SLFN11",1.80354065114095,0.279670056238013,0.629917572363144,0.44397881327366,0.657057901783308,0.9999441983542
"SLFN12",2.23451835150109,0.263148607771526,0.542921945203954,0.484689576643788,0.627896561416497,0.9999441983542
"TAF15",2.83064880997085,-0.461128084776466,0.607763189828621,-0.758729867971268,0.448014166054182,0.9999441983542
"CCL5",4.62190609011246,-0.0964884975148941,1.13464894368767,-0.0850381944580159,0.93223102588317,0.9999441983542
"CCL3",8.80110408854974,-1.11962293850417,0.955377783701233,-1.17191644771834,0.241230602841082,0.9999441983542
"CCL3L1",9.71357103120319,-1.43224412220055,1.11866984978568,-1.28030993458432,0.200436155128856,0.9999441983542
"GGNBP2",4.5197748804988,-0.416381865962309,0.424538558323133,-0.980786922174886,0.326697828713954,0.9999441983542
"AATF",2.51709188256823,0.195673312879608,0.515356609763975,0.379685268748612,0.704179056568864,0.9999441983542
"SYNRG",3.07175793354526,0.0333402667883701,0.535773837997545,0.0622282471144529,0.950381068130569,0.9999441983542
"MLLT6",2.34248266087355,0.390385594036824,0.554868286360411,0.703564437963304,0.481704064372178,0.9999441983542
"CISD3",1.555532570964,-0.6368468323999,0.751897395983313,-0.846986351863937,0.397002728783451,0.9999441983542
"PSMB3",6.12552240822728,-0.146526171382508,0.399490473854505,-0.366782641820574,0.713781156456643,0.9999441983542
"CWC25",2.93250300525967,0.368486047589135,0.476553930034892,0.773230529359302,0.439385961335089,0.9999441983542
"RPL23",9.9133470745102,0.0197723270176726,0.429825346884043,0.0460008400179497,0.963309580382401,0.9999441983542
"LASP1",2.5873526898886,-1.7088858889704,0.738783486098635,-2.31310786059211,0.0207167096469012,0.9999441983542
"RPL19",56.9935329973745,-0.0291653522271983,0.263202400912356,-0.110809597959975,0.911767334156314,0.9999441983542
"CDK12",3.71715310938777,0.358377614966136,0.451088264471218,0.794473372935648,0.426919904187657,0.9999441983542
"STARD3",2.22693014296087,-0.0689493975277798,0.568597395794956,-0.121262246429007,0.903483322281961,0.9999441983542
"MSL1",3.14853959340494,0.374448466414824,0.453395530183634,0.825875954849325,0.408874461839737,0.9999441983542
"CASC3",2.17528008893251,-0.0957475517017907,0.562494872918923,-0.170219421209892,0.864837578685787,0.9999441983542
"RARA",5.59272380707903,0.252443772554769,0.406265925820801,0.621375696336687,0.534352459032065,0.9999441983542
"EIF1",41.3310436671843,-0.540257060404563,0.280207797516242,-1.92805862361217,0.0538478347601968,0.9999441983542
"JUP",3.15181050513926,-0.19731268331874,0.509581981893645,-0.387204984339342,0.69860446043696,0.9999441983542
"DNAJC7",3.89252968260604,-0.289465240948262,0.44717734518295,-0.647316426170551,0.517427172591857,0.9999441983542
"NKIRAS2",2.59572421279322,-0.283186828600363,0.53230651167813,-0.531999557374563,0.59472630206628,0.9999441983542
"DHX58",1.89517484611971,0.192978672860722,0.556048818900298,0.347053471388318,0.728551147922375,0.9999441983542
"RAB5C",3.53036612046691,-0.304154931324191,0.475912788492601,-0.639098042075245,0.522759153555274,0.9999441983542
"STAT5B",2.55055822158486,0.00334563540723553,0.537774230184313,0.00622126390490833,0.995036181601655,0.9999441983542
"STAT5A",2.51768015090586,-0.0417313366138348,0.531355517998411,-0.0785375049289685,0.937400497723887,0.9999441983542
"STAT3",10.6288026601901,-0.03635534878651,0.29229139644539,-0.124380495726642,0.901014015575726,0.9999441983542
"ATP6V0A1",3.2079995636648,-1.29571066043149,0.596967027599926,-2.17048949192525,0.0299697838238374,0.9999441983542
"NAGLU",1.51120122158992,0.180442291522256,0.650161863563217,0.277534413558711,0.781369785023037,0.9999441983542
"COASY",2.20775146926516,0.151313930947803,0.513119746055499,0.29489009555956,0.768077838290365,0.9999441983542
"MLX",3.86397780705873,-0.340669638552611,0.504531519993394,-0.6752197336592,0.499536170951428,0.9999441983542
"RPL27",18.9574692438473,0.101022906688046,0.291863041299782,0.346131206740499,0.729244111687241,0.9999441983542
"IFI35",7.99336334795341,0.621772933356705,0.363033116816622,1.712716841948,0.0867646451649184,0.9999441983542
"TMEM106A",1.39491419736786,0.685347494850024,0.645795131671168,1.06124599155231,0.288578123162884,0.9999441983542
"DHX8",2.28098680413968,0.209401547970439,0.519168734136699,0.403340059217246,0.686698075832179,0.9999441983542
"HDAC5",2.5263907579206,-0.0703641653575726,0.549603484869484,-0.128027145559825,0.898127490761563,0.9999441983542
"TMUB2",2.49490766917894,0.0308212642706781,0.517677124132737,0.0595376207173785,0.952523901609626,0.9999441983542
"GRN",39.4668588502094,0.028687124054216,0.262780846804937,0.1091674846284,0.913069649645774,0.9999441983542
"GPATCH8",2.55062448855796,0.179524545230932,0.484219274340932,0.370750514785439,0.710823362043379,0.9999441983542
"NMT1",1.78156721486014,-0.172254029442329,0.633770755918901,-0.271792328430457,0.785781704280811,0.9999441983542
"AC008105.3",3.08928375138256,1.18345287846248,0.47058371246007,2.51486153712321,0.0119079140492835,0.9999441983542
"FMNL1",18.246170529524,0.311605582185909,0.252625284037584,1.23346949761193,0.217400650049057,0.9999441983542
"ARHGAP27",10.7274894872405,-0.171508654613989,0.307246936245442,-0.558211114193114,0.576700232368,0.9999441983542
"PLEKHM1",4.01777076267074,0.574005591544815,0.407491499355386,1.40863206337516,0.158943992803867,0.9999441983542
"KANSL1",5.75055408978005,-0.28723926350541,0.421275972426351,-0.681831583821519,0.495345450570003,0.9999441983542
"NPEPPS",5.0087660673866,0.403808975548328,0.388839603388233,1.03849755022291,0.299038475201145,0.9999441983542
"KPNB1",4.21318477449156,-0.109319081833352,0.429170325473187,-0.25472190257521,0.798937898314179,0.9999441983542
"CDK5RAP3",11.3911225287812,0.124311744497002,0.288037609074726,0.431581642745659,0.666045502868008,0.9999441983542
"CALCOCO2",3.49242829313295,-0.245203941334219,0.516415809123993,-0.47481881267377,0.634916122779126,0.9999441983542
"UBE2Z",2.21499978893513,-0.0755931383515184,0.56185688418413,-0.134541625241963,0.892974298097173,0.9999441983542
"SNF8",2.34578306836786,-0.0987241569039466,0.544886555398603,-0.181182956205859,0.85622397217435,0.9999441983542
"ABI3",3.85518752782006,-0.201786146740094,0.550551326312632,-0.366516502814688,0.713979700596245,0.9999441983542
"ZNF652",2.07451788575983,0.395229463024594,0.58275991588726,0.678202896681478,0.497643056181843,0.9999441983542
"SPOP",2.40291991377654,-0.183793796087388,0.54964179169829,-0.334388321382004,0.738086550913966,0.9999441983542
"PPP1R9B",6.25331067169921,0.650809729638248,0.444278742452281,1.46486803767828,0.142956924606243,0.9999441983542
"LUC7L3",7.83668757422483,0.154848152298036,0.336465049518563,0.460220615839899,0.645357874770862,0.9999441983542
"SPAG9",5.60918931995014,-0.00735008851351235,0.377235202293849,-0.0194841002876157,0.984454920769096,0.9999441983542
"NME2",7.49710171954295,-0.309673511533151,0.395828918844631,-0.782341806750867,0.434013723561478,0.9999441983542
"TRIM25",8.25536524955855,0.303296705114174,0.314956913507252,0.962978401511387,0.335558362345831,0.9999441983542
"AC015912.3",3.25770344967575,0.621922503890383,0.441451938605478,1.40881135521797,0.158890956582271,0.9999441983542
"SCPEP1",3.97743222324149,0.0416293582497787,0.442280837946006,0.0941242637666814,0.925010446243541,0.9999441983542
"VEZF1",0.981999233265146,0.199951848557679,0.802042343676975,0.24930335677914,0.803126134951529,0.9999441983542
"SRSF1",2.02273901717346,0.330689723096396,0.565874319452958,0.584387224739373,0.558959819869198,0.9999441983542
"AC004687.1",8.7986115457715,0.380969349002061,0.363401266594304,1.04834348149746,0.294480383175448,0.9999441983542
"YPEL2",5.74238646567826,-0.345132547182575,0.440720230863626,-0.783110288597963,0.433562349885423,0.9999441983542
"CLTC",4.00170896813414,-0.572650878923128,0.45875981021502,-1.24825860106343,0.211936369707828,0.9999441983542
"VMP1",15.4506919830903,-0.704580462676261,0.311761625313567,-2.2599974001534,0.0238214121940949,0.9999441983542
"USP32",3.68673953847991,-0.00163478984733548,0.496446185679862,-0.0032929850092346,0.997372582850687,0.9999441983542
"TLK2",1.71289139838602,0.000720071304599998,0.642542364680692,0.00112065965480398,0.999105843150676,0.9999441983542
"DCAF7",2.60447157593909,0.708289941690588,0.551896913397342,1.28337362376341,0.199361210094617,0.9999441983542
"MAP3K3",7.53584136631851,0.322007995487405,0.352914036144631,0.91242615058654,0.361544428633092,0.9999441983542
"LIMD2",20.3853980497409,-0.0950005206857732,0.268100673555463,-0.354346445407643,0.723079264394683,0.9999441983542
"DDX42",1.46404754310496,0.264493641407544,0.64952424606945,0.407211344315641,0.683852770321504,0.9999441983542
"ICAM2",2.60357447259467,0.469828041752986,0.520654980857718,0.90237884784853,0.366855653449413,0.9999441983542
"ERN1",1.59289493792705,1.26304684258357,0.63250748536983,1.99688837175588,0.0458373106624196,0.9999441983542
"PECAM1",9.19979873857564,-0.2376465625737,0.356318729972369,-0.666949398343804,0.504804455978317,0.9999441983542
"DDX5",26.3156267154112,-0.203767890878969,0.236837218182895,-0.86037107023277,0.389584527688217,0.9999441983542
"GNA13",3.30096316345182,-0.30156219796916,0.531998837625453,-0.56684747529744,0.570817812350187,0.9999441983542
"HELZ",4.44768351188673,0.228675880592926,0.409679827045622,0.558181939887073,0.576720151991627,0.9999441983542
"PITPNC1",1.17763778645408,0.92507180053466,0.64464894051656,1.43500088558805,0.151286845240092,0.9999441983542
"BPTF",5.53838365379215,0.635406318346648,0.392784861296125,1.61769554012319,0.105728227623001,0.9999441983542
"PRKAR1A",2.13940252190396,-0.62534406224036,0.621584210823287,-1.00604882066115,0.31439208605412,0.9999441983542
"RPL38",20.6513282705835,-0.25237188179065,0.385413541778519,-0.654808029385946,0.512591360335265,0.9999441983542
"CD300A",4.52211774401605,-0.45385930410071,0.455442595504053,-0.996523620278445,0.31899579636534,0.9999441983542
"CD300LB",1.74991112994235,-0.166089890726333,0.657656902389878,-0.252547932094644,0.800617569980608,0.9999441983542
"CD300E",10.1770767738556,-0.424836317424623,0.383853472868573,-1.10676689792535,0.268394723416858,0.9999441983542
"CD300LF",4.08917467549954,-0.760976307156262,0.457567601304224,-1.66309044824682,0.0962943316048108,0.9999441983542
"ATP5PD",3.82405775237413,-0.250772577635515,0.539406136655375,-0.464904940070662,0.641999532665525,0.9999441983542
"NT5C",3.721333494719,0.209723130145235,0.531026027303331,0.394939455623779,0.692887570596158,0.9999441983542
"SUMO2",3.4361442071384,-0.506338090501226,0.528058341671049,-0.958867705600314,0.337625395605948,0.9999441983542
"GGA3",3.03766709342432,0.41441764212549,0.486673343035183,0.851531418468364,0.394474218111075,0.9999441983542
"GRB2",17.5746125372136,0.119971659108743,0.268904755166627,0.446149265878183,0.655489427724583,0.9999441983542
"TMEM94",2.29193865146506,-0.382720791415884,0.672195519555436,-0.569359331149663,0.569112310181905,0.9999441983542
"MYO15B",9.80091687292253,0.0431559350664091,0.321222276855225,0.134349135087725,0.893126501206026,0.9999441983542
"SAP30BP",2.61809151540018,-0.110765693520068,0.519293359110958,-0.213300808833183,0.83109234271311,0.9999441983542
"GALK1",1.74815872858746,0.602874734705392,0.612332002765565,0.98455532616708,0.324842542596344,0.9999441983542
"H3F3B",65.5104652255741,-0.625357211573854,0.267406347745744,-2.3386027177203,0.019356004028578,0.9999441983542
"UNC13D",4.93154863536758,0.326607579795131,0.392445044871913,0.832237746565841,0.405274761714847,0.9999441983542
"WBP2",2.38101661232087,-0.113019775718529,0.574916201825632,-0.196584781155302,0.844152481092156,0.9999441983542
"TEN1",1.50268775750349,0.302533565643802,0.69665137503285,0.434268238729216,0.664093665128121,0.9999441983542
"EXOC7",3.22310049175861,-0.0721840262237778,0.469314987202117,-0.153807204526138,0.877761753046576,0.9999441983542
"UBALD2",4.31502454432438,0.25427371700975,0.428942443853286,0.592792158140269,0.553320256451681,0.9999441983542
"RHBDF2",8.14163286968117,0.20036927529316,0.484447623916948,0.413603587675993,0.679164445358585,0.9999441983542
"SRSF2",4.72566787619246,0.0121039286027486,0.432818574818562,0.0279653631035187,0.977689776574943,0.9999441983542
"SEC14L1",3.27015272743946,0.0786990966764181,0.487371910554885,0.161476472016652,0.871718140779987,0.9999441983542
"SEPTIN9",7.61351129777165,-0.141998266633702,0.373997432860928,-0.379677115822623,0.704185109281997,0.9999441983542
"TMC6",3.75337683521885,0.424190654772564,0.499826650190395,0.848675545033423,0.396061857602069,0.9999441983542
"TMC8",3.06271146289446,-0.34531663955924,0.523724688035756,-0.659347644760379,0.509672553815542,0.9999441983542
"SYNGR2",3.9469332182913,-0.282622624947032,0.453879676684327,-0.622681823983927,0.533493629237474,0.9999441983542
"SOCS3",6.30684570190289,-1.22552719623455,0.564781981122431,-2.16991199648221,0.0300135133537393,0.9999441983542
"PGS1",1.99969961280791,-0.782218142148328,0.717412594384681,-1.09033232517925,0.275566780826233,0.9999441983542
"CYTH1",6.16857936676943,-0.166570768016004,0.374703495913041,-0.444540202674439,0.656652069424345,0.9999441983542
"TIMP2",9.07427218333787,0.470630166288005,0.346570441526615,1.35796395161375,0.174475122981102,0.9999441983542
"LGALS3BP",4.85689444788977,-0.659204468740129,0.534900723023037,-1.23238657262338,0.217804714292939,0.9999441983542
"ENGASE",1.82174919967993,0.378700438978829,0.594982830836345,0.636489692394156,0.524457297208769,0.9999441983542
"CBX4",2.97256580019487,-0.0822364039786133,0.578421785910034,-0.142173766586662,0.886942752506688,0.9999441983542
"GAA",4.79023988149368,0.276044807281053,0.46053364763716,0.599402038694336,0.54890481781041,0.9999441983542
"EIF4A3",2.53280366642451,-0.566077660411609,0.753976282170213,-0.750789744714827,0.452779202248208,0.9999441983542
"RNF213",71.64674044094,0.316399921115636,0.264865375825968,1.19456882625357,0.232255535025628,0.9999441983542
"TEPSIN",2.62427084429226,-0.587859298746738,0.533242472906992,-1.10242399773972,0.270277383357923,0.9999441983542
"SLC38A10",5.94893324738291,0.46486678242507,0.367580651688297,1.26466608155227,0.205991053669936,0.9999441983542
"ACTG1",19.8235611532282,-0.38379345192704,0.269761720776984,-1.42271279565394,0.154819429755863,0.9999441983542
"FAAP100",1.17811805820708,0.238539347880548,0.707265968326058,0.337269653232599,0.735913634094398,0.9999441983542
"NPLOC4",2.50252693681821,-0.109803883586149,0.504968474232528,-0.217447007465236,0.827860000795755,0.9999441983542
"HGS",4.4114655740719,0.283282816121021,0.446616633623259,0.634286309094306,0.525893989733045,0.9999441983542
"MRPL12",1.79456031852116,0.305471641758357,0.644914691020268,0.473662092074681,0.63574088968778,0.9999441983542
"P4HB",5.24716263273421,-0.0165973846613485,0.414924978753773,-0.0400009291106039,0.968092385564167,0.9999441983542
"ARHGDIA",9.25547856789621,0.212158185776434,0.327847656535232,0.647124301630121,0.517551498369134,0.9999441983542
"ANAPC11",3.7805056560321,-0.624114263339654,0.596957534512805,-1.04549189390668,0.29579568510838,0.9999441983542
"SIRT7",5.35442678347171,0.438382193790459,0.353258572845322,1.24096689362557,0.214617979152525,0.9999441983542
"MAFG",3.12770075591415,0.141044066443628,0.490503456005665,0.287549587503822,0.773691538927755,0.9999441983542
"ASPSCR1",1.66451222483139,0.311806763256022,0.642213558269852,0.485518811057246,0.627308372332457,0.9999441983542
"CENPX",2.32603375474675,0.299925682132039,0.568876243344602,0.527224832537709,0.59803746600879,0.9999441983542
"DCXR",1.49463466305972,0.867425314713907,0.609613821900424,1.422909526575,0.154762384223575,0.9999441983542
"GPS1",1.90028805579667,0.62535976925453,0.57762507329254,1.08263958434127,0.278968429993549,0.9999441983542
"DUS1L",3.34916517852488,0.309084884388808,0.482200021274561,0.640988948054851,0.521529863526782,0.9999441983542
"CCDC57",1.58021268440791,-0.0349817915431306,0.648172391993745,-0.0539698882199046,0.956959154983176,0.9999441983542
"SLC16A3",4.4417960713644,0.050464861632931,0.388262472977768,0.129976150530058,0.896585295725335,0.9999441983542
"CSNK1D",6.25695925623799,0.550041666259275,0.4111445575341,1.33783034745305,0.180951746729825,0.9999441983542
"SECTM1",5.09273283938099,0.0452586845370615,0.454289006008412,0.0996253132663823,0.920641796718705,0.9999441983542
"HEXD",3.87998859312871,0.244206134148715,0.506788500122937,0.481869920271425,0.629898355378622,0.9999441983542
"CYBC1",6.16559248944823,0.483500664312104,0.378518497580017,1.27735016228604,0.201478651373072,0.9999441983542
"NARF",1.91598030301577,0.735870393601493,0.556092418851527,1.32328794397387,0.185739639419903,0.9999441983542
"TBCD",1.59957123675016,-0.339060945237129,0.706567601733905,-0.479870495625725,0.631319481929655,0.9999441983542
"METRNL",4.7792314129662,-0.0840024836268321,0.404368023264087,-0.207737701286957,0.835433778413476,0.9999441983542
"SMCHD1",20.7038531294073,-0.141119391665855,0.303801274925578,-0.46451217724621,0.642280837119704,0.9999441983542
"EMILIN2",11.3187611199487,-0.153994144547202,0.340945188429436,-0.451668331958506,0.651507935273553,0.9999441983542
"MYL12A",10.1307015630536,-0.434485486793101,0.405041251980083,-1.07269440993745,0.283408249318215,0.9999441983542
"MYL12B",4.22883080532143,-0.0625216588588049,0.455874327792287,-0.137146698217435,0.8909148413355,0.9999441983542
"EPB41L3",2.88308114176568,-0.10146725957467,0.527342404341505,-0.19241247951864,0.847419117799141,0.9999441983542
"NDUFV2",1.4835022036016,0.302756837601971,0.636760906005533,0.475463921774337,0.634456342636156,0.9999441983542
"ANKRD12",8.2930720235102,-0.452964259997888,0.338082991957039,-1.33980197399415,0.180309733727682,0.9999441983542
"RALBP1",2.92157234594545,0.0368408195758509,0.490948522217366,0.0750400865032847,0.940182817369845,0.9999441983542
"RAB31",5.0179379999155,-0.461701477588545,0.418093633650348,-1.10430162152305,0.269462319677406,0.9999441983542
"VAPA",3.63489036758961,-0.296764977903995,0.461348147795118,-0.643256029795066,0.520057982337062,0.9999441983542
"CHMP1B",2.06525605830123,-0.405537274147001,0.635927994264448,-0.6377094227721,0.523662850587022,0.9999441983542
"AFG3L2",1.66592127529874,-0.357878798242145,0.705122012759662,-0.507541661962164,0.61177481186012,0.9999441983542
"PTPN2",3.25025028799904,-0.720493896424758,0.633544712041646,-1.13724238042002,0.255436974680062,0.9999441983542
"RNMT",1.84281085347383,0.281983296329204,0.58982656714824,0.478078323417286,0.632594459657544,0.9999441983542
"ROCK1",8.4735788452892,-0.373787200369275,0.327481313004657,-1.14140009070979,0.253703466968374,0.9999441983542
"RIOK3",4.32822225851325,-0.226882980922205,0.450714451767548,-0.503385192181985,0.614693480528544,0.9999441983542
"RMC1",1.00699120328633,0.164018989954868,0.793969141695989,0.206581063849041,0.836337050121747,0.9999441983542
"TTC39C",2.68609991011102,0.150565858436606,0.571151849830004,0.263617912611891,0.7920743543814,0.9999441983542
"ZNF24",1.79874567110453,0.189046638652201,0.580661997083262,0.325570882203082,0.744749045501811,0.9999441983542
"PSTPIP2",4.90274563647082,-0.693412986810793,0.531748469938591,-1.30402441381895,0.192225258446518,0.9999441983542
"ATP5F1A",3.2885882986294,0.20350124265317,0.478536581592968,0.425257442128559,0.670649013883317,0.9999441983542
"SMAD2",2.04994599590641,0.343185716853646,0.563533399257979,0.6089891341055,0.542531641197804,0.9999441983542
"DYM",1.78401040145533,-0.583854472700107,0.643154312704715,-0.907798425924832,0.36398473018637,0.9999441983542
"RPL17",27.7595289021411,0.0139770344979846,0.355729166043699,0.0392912244262468,0.968658203108662,0.9999441983542
"ME2",3.04396870528339,-0.768336208267707,0.506759223494344,-1.51617607069816,0.129474837113354,0.9999441983542
"SMAD4",3.11970515618949,0.599865801296413,0.558831134291,1.07342945746477,0.283078473576088,0.9999441983542
"MBD2",4.77796836878135,0.396949924672862,0.477289033406544,0.831676189665873,0.405591743892255,0.9999441983542
"TCF4",2.4517583080787,-0.240218639875684,0.559194341670942,-0.429579883011478,0.667501273312309,0.9999441983542
"MALT1",3.40408547105036,0.545640537086638,0.48430914936588,1.12663685540746,0.259896049964582,0.9999441983542
"RELCH",4.15296335397081,-0.494633836808252,0.475097302040699,-1.04112112336491,0.297819337111085,0.9999441983542
"ZCCHC2",5.07010647720923,-0.255930622582924,0.4956560668535,-0.516347200605474,0.605611935391259,0.9999441983542
"VPS4B",2.78999964882328,0.0932872442081074,0.501305302715653,0.186088684286312,0.85237521555718,0.9999441983542
"CNDP2",3.21818814857083,0.406175898968629,0.479900197410854,0.846375769712158,0.397343151143753,0.9999441983542
"ZNF516",2.33992792169196,0.521118009568875,0.560106176798045,0.930391470681411,0.352168433099281,0.9999441983542
"MBP",7.31317924499372,0.181218862570204,0.391483803002523,0.462902580337496,0.643434197875056,0.9999441983542
"ATP9B",1.43216165404073,0.178598759492301,0.711095560392874,0.251159997952493,0.801690410449842,0.9999441983542
"CTDP1",2.47914315923039,-0.180904746378156,0.551688506626319,-0.327911029875217,0.742978933800839,0.9999441983542
"SLC66A2",1.85154969146005,0.351920266814321,0.601476139502825,0.585094309984125,0.558484304605272,0.9999441983542
"TXNL4A",2.10547408312072,0.512605016356984,0.541065975745753,0.94739835682785,0.343435828118981,0.9999441983542
"TPGS1",2.46860826943774,0.936109493600048,0.505981296646348,1.85008714710326,0.0643009901136138,0.9999441983542
"BSG",3.44557282487367,-0.839913582544613,0.557020492867547,-1.50786836983453,0.131588219410281,0.9999441983542
"RNF126",2.20383820993104,0.183551097219548,0.572924007857099,0.320375991758631,0.748683322997892,0.9999441983542
"PTBP1",3.02489707238694,0.542115416749086,0.475649614522966,1.13973689917268,0.254395929467993,0.9999441983542
"CFD",14.9532188393468,0.343474749302376,0.398330032716384,0.862286850328795,0.388529687031213,0.9999441983542
"MED16",1.35027366369354,0.450831710061181,0.669887201128758,0.672996452688647,0.50094954769353,0.9999441983542
"R3HDM4",2.94730713990013,-0.0465685214193776,0.493184739395512,-0.0944240924333055,0.924772278308665,0.9999441983542
"ARID3A",3.66278085706001,0.401188316372094,0.448484748544371,0.894541715574977,0.371032120563415,0.9999441983542
"TMEM259",11.4364715764353,0.142655550538192,0.269156383640816,0.530009909512543,0.59610506019153,0.9999441983542
"CNN2",3.35208703723116,-0.106997108961853,0.508552199159901,-0.210395528991136,0.833358981911184,0.9999441983542
"ABCA7",3.50147813275868,0.569805443042015,0.425014890687771,1.34067171651313,0.180027061368816,0.9999441983542
"ARHGAP45",12.8178720006972,0.555916204419888,0.288324835984915,1.92808990082621,0.0538439449385264,0.9999441983542
"GPX4",9.35695731033969,0.404616452412524,0.396541636424171,1.02036309745723,0.307556288616394,0.9999441983542
"SBNO2",2.66815105346058,0.541458855037931,0.554383934490626,0.976685689016998,0.32872478223772,0.9999441983542
"STK11",3.4154699265491,-0.422312936777448,0.53053681046201,-0.796010622542257,0.426025861232221,0.9999441983542
"ATP5F1D",13.3115165026934,0.0599581493951632,0.290379739963481,0.206481862001474,0.836414531502812,0.9999441983542
"MIDN",5.20675546118507,-0.666543395198347,0.535927979189733,-1.24371822535948,0.213603285889882,0.9999441983542
"CIRBP",7.86374254098634,0.0412265751719594,0.327485672403812,0.125888179685383,0.899820439478985,0.9999441983542
"FAM174C",2.71111952131015,0.130590866228995,0.552928854787955,0.236180233854997,0.813292816796159,0.9999441983542
"NDUFS7",6.43085986137379,0.26707512786771,0.407912078310593,0.654736993750779,0.512637102786655,0.9999441983542
"DAZAP1",2.33046404564116,0.21278843837705,0.57391931872965,0.370763679550027,0.710813555771723,0.9999441983542
"RPS15",94.6798201978328,0.216269363288475,0.241006531045869,0.897358931934146,0.369527419301304,0.9999441983542
"C19orf25",2.86115342269889,0.0355946855315513,0.54427929893084,0.0653978308590315,0.947857251108325,0.9999441983542
"MBD3",3.07837015456899,0.219164613551618,0.551438197945721,0.397441842745161,0.691041664922662,0.9999441983542
"UQCR11",11.5851759696728,0.0878637243798826,0.392160635590659,0.224050341634992,0.822718131810888,0.9999441983542
"ABHD17A",3.83210305647666,0.75724214934278,0.453673225157146,1.66913564070368,0.0950905013723974,0.9999441983542
"SCAMP4",2.75572806694418,0.283102657862092,0.473891870840716,0.597399270343778,0.55024084077918,0.9999441983542
"CSNK1G2",5.2467811214448,0.73911663435344,0.407998633092654,1.81156644754148,0.0700532132306008,0.9999441983542
"BTBD2",1.69338739184705,0.240346631730457,0.588334842232323,0.408520139345323,0.68289184804843,0.9999441983542
"MKNK2",5.4718386562995,0.0143266015600736,0.411436266586058,0.0348209497401634,0.972222515283179,0.9999441983542
"MOB3A",5.27452574023136,-0.362529145505323,0.386279421635002,-0.938515295406751,0.347979660293015,0.9999441983542
"AP3D1",3.84832702421462,0.381517340692868,0.446215003113626,0.855007872955175,0.392546789256451,0.9999441983542
"DOT1L",1.51296370699395,0.443358719267377,0.613323046806871,0.722879600849217,0.469753857201552,0.9999441983542
"PLEKHJ1",2.40872243943354,0.50706919048368,0.56617495174395,0.895605128629922,0.370463695607896,0.9999441983542
"SF3A2",2.33419104636657,-0.543630282622005,0.591863066961779,-0.918506852290397,0.358353573200917,0.9999441983542
"OAZ1",39.1667330380349,-0.0749196935905301,0.217853309154117,-0.343899727212908,0.730921697022573,0.9999441983542
"LSM7",3.39135422546688,-0.407019406838198,0.493965020173027,-0.823984270577756,0.409948495498793,0.9999441983542
"GADD45B",12.1703922393201,0.00640024587604923,0.453613076776807,0.0141094827369767,0.988742635079174,0.9999441983542
"TLE5",7.26067324262936,0.184137620980738,0.369931804708947,0.497760989016916,0.618652515211493,0.9999441983542
"GNA15",1.858342109842,-0.399750407471162,0.637600079675875,-0.626961037511751,0.53068477540986,0.9999441983542
"S1PR4",2.79835110180008,0.223076893714781,0.522654771015955,0.426814995453224,0.669514083465463,0.9999441983542
"NCLN",2.32729513379138,0.565543507324889,0.52779869020227,1.07151366197622,0.283938531087891,0.9999441983542
"NFIC",4.33941592323021,-0.536477670330255,0.457422649292591,-1.17282708051279,0.240865156075637,0.9999441983542
"MFSD12",3.53115415007345,-0.00300807506470478,0.453335182430088,-0.00663543263635548,0.994705729595442,0.9999441983542
"HMG20B",1.73305066222601,0.447524358098421,0.571463225290546,0.783120134932373,0.433556568327549,0.9999441983542
"MRPL54",2.40017271070907,0.202273248386165,0.495047000723157,0.408594028628974,0.682837613560884,0.9999441983542
"EEF2",10.5356784299542,-0.0457140293602337,0.348632745240848,-0.131123739764183,0.895677421680186,0.9999441983542
"ZBTB7A",12.2776307645696,0.0806538245946355,0.316244425226595,0.255036352140739,0.798695022403317,0.9999441983542
"MAP2K2",5.05105563733873,0.428616098086484,0.433152705908029,0.989526539348209,0.322405591687074,0.9999441983542
"UBXN6",2.07608142303709,-0.119222176936654,0.558951054028913,-0.213296273577627,0.83109587993608,0.9999441983542
"DPP9",1.89181802663813,0.319640605797343,0.59241014674333,0.539559640486426,0.589500756306798,0.9999441983542
"KDM4B",2.58604959640013,-0.0679926271461771,0.520258059946811,-0.130690194695164,0.896020389313391,0.9999441983542
"SAFB2",3.67095909324513,-0.517375376952279,0.462665624451979,-1.11824901096792,0.263460657313771,0.9999441983542
"SAFB",3.82913368049761,-0.375636142369642,0.455547481541694,-0.824581756216475,0.409609082501358,0.9999441983542
"RPL36",55.3850337802578,-0.00474930013229971,0.265808898148206,-0.0178673481790352,0.985744677232763,0.9999441983542
"MICOS13",3.48230247353299,-0.0978885152280446,0.473118443885418,-0.206900653511094,0.83608744613253,0.9999441983542
"LONP1",1.3547019978657,0.20415307864405,0.700327909183634,0.291510699440823,0.770660762072822,0.9999441983542
"NDUFA11",6.90690960129232,-0.0325999287357615,0.353005647817096,-0.0923495953601644,0.926420285290805,0.9999441983542
"ALKBH7",2.79147708573841,0.0569140097198897,0.510688046341352,0.11144574486838,0.911262886805227,0.9999441983542
"GTF2F1",3.55157453005644,-0.387979955581486,0.490458397789419,-0.791055790522047,0.428911435865474,0.9999441983542
"GPR108",2.01460845053781,-0.0687670924551528,0.620047128743798,-0.110906234812301,0.911690701441594,0.9999441983542
"VAV1",2.97529809079672,0.248146556270249,0.475736394333926,0.521605156186708,0.601945272526503,0.9999441983542
"INSR",1.62090301376355,-0.208521905952102,0.729548061757162,-0.285823397912762,0.775013386444161,0.9999441983542
"AC119396.1",3.11040536730679,0.486692659014134,0.581307760799817,0.837237504526857,0.402459080059853,0.9999441983542
"MCOLN1",2.78223700883604,-0.415997460466435,0.553617050242252,-0.751417356608512,0.452401520335709,0.9999441983542
"PNPLA6",6.38870265953753,0.153800691722803,0.369574815839942,0.416155769091723,0.67729602321814,0.9999441983542
"XAB2",3.26687473240587,0.418188505191665,0.469035217323615,0.891592975849257,0.372611136454873,0.9999441983542
"PET100",6.03050864195343,-0.467278073241996,0.380705691182105,-1.22739975804165,0.21967237730852,0.9999441983542
"STXBP2",20.2588582192286,0.264640407625785,0.304271965680336,0.869749557880112,0.384437282946338,0.9999441983542
"RETN",12.3131270490168,1.09282022985026,1.07667167882672,1.01499858437916,0.310106502307587,0.9999441983542
"TRAPPC5",17.839742591407,0.21068516710326,0.328045604616841,0.642243529979137,0.520715073391228,0.9999441983542
"MAP2K7",1.84473089255035,0.0438819449902805,0.634808931766505,0.0691262249070262,0.944889146496131,0.9999441983542
"RPS28",54.006814608606,-0.186188151758547,0.380958273378055,-0.48873633877949,0.625028373438707,0.9999441983542
"RAB11B",3.08197423712905,-0.220203148455916,0.460101314313524,-0.478597086349256,0.632225291534205,0.9999441983542
"MARCH2",2.11281396765986,-0.663537176386346,0.713323564334754,-0.930205042371146,0.352264931650402,0.9999441983542
"HNRNPM",3.33076597025111,0.51957779354206,0.472993116177015,1.09848912335462,0.271990964509861,0.9999441983542
"PRAM1",13.7576781966886,0.585398137833041,0.248612980133251,2.3546563720015,0.0185398413357191,0.9999441983542
"MYO1F",32.8572790853471,0.253088145428844,0.208660380663539,1.21291902480013,0.225160781136597,0.9999441983542
"UBL5",7.97825940419717,0.0983346024348157,0.423659455788638,0.232107654134066,0.816454400068392,0.9999441983542
"SHFL",3.70348933762104,0.182418058460738,0.470944617495038,0.387345033118805,0.698500790883799,0.9999441983542
"EIF3G",9.49317138619661,0.16734959084456,0.3735642191901,0.447980781476822,0.654167066707878,0.9999441983542
"DNMT1",4.43844234300816,-0.145818918648544,0.438290555511436,-0.332699203336448,0.739361350969567,0.9999441983542
"MRPL4",1.58029353416133,-0.394893367137658,0.723049141338671,-0.54615010870014,0.584962757794193,0.9999441983542
"ICAM1",4.0145894365945,-0.174423379124035,0.554947598490369,-0.314306034657184,0.753288615311731,0.9999441983542
"RAVER1",1.67553464567834,0.526451997204226,0.630835014355571,0.834531985739604,0.403981270815881,0.9999441983542
"ICAM3",6.37696240097428,0.269531420641886,0.455819688955506,0.591311492620047,0.554311730573481,0.9999441983542
"TYK2",6.60955092246539,-0.323773810560239,0.406639644611149,-0.796218014772882,0.425905328485048,0.9999441983542
"CDC37",9.0666243311436,0.300901293698095,0.370322988300441,0.812537442190805,0.416483311060632,0.9999441983542
"KRI1",1.98806174434648,0.232733473872237,0.548436221495163,0.424358320531332,0.671304512396754,0.9999441983542
"CDKN2D",3.34649462302759,-0.37108491726894,0.481610940424573,-0.770507656951901,0.440998814768581,0.9999441983542
"ILF3-DT",2.23278301640984,0.360621470382997,0.5182050809439,0.695904929620012,0.486488369916858,0.9999441983542
"ILF3",6.77688134331253,0.247871203427578,0.355195026878711,0.697845365701641,0.485273904719504,0.9999441983542
"DNM2",8.64694951396052,-0.0153066118621824,0.299938292595982,-0.0510325364917659,0.959299593946322,0.9999441983542
"C19orf38",2.43098247753609,0.0881122752961807,0.531422765438874,0.165804480023383,0.868310820377724,0.9999441983542
"SMARCA4",2.61982114208976,0.212057634839234,0.53363019923476,0.397386870426994,0.691082196011866,0.9999441983542
"LDLR",2.06589649069698,0.281672490299906,0.748703968955695,0.376213432784104,0.70675822984358,0.9999441983542
"RAB3D",1.89683600394457,-0.314352167382721,0.593470430218714,-0.529684633599809,0.596330603763258,0.9999441983542
"TMEM205",2.82756653010682,-0.344511367647861,0.551166732560641,-0.625058348582308,0.531932763341123,0.9999441983542
"CCDC159",3.09469836435039,0.50605295170524,0.47723011612724,1.06039609530911,0.288964437847805,0.9999441983542
"PRKCSH",4.49046235062047,-0.288099727712471,0.42790795512227,-0.673274998194763,0.500772355632233,0.9999441983542
"MAN2B1",11.6979424876257,0.371193916540667,0.259481133868386,1.43052371864902,0.152566763333287,0.9999441983542
"WDR83OS",5.66818738537429,0.302074587210339,0.469271426255458,0.643709738776847,0.519763673549393,0.9999441983542
"TRIR",7.27215066569832,0.0304886228305006,0.391660882419985,0.0778444419624401,0.937951794109332,0.9999441983542
"GET3",1.15126925174232,-0.329511033998102,0.763518478469325,-0.431569167335274,0.666054571664098,0.9999441983542
"HOOK2",2.64714019215717,-0.615489134828273,0.638710763872316,-0.963642965865712,0.335224957791969,0.9999441983542
"JUNB",56.4418070927799,-0.195883455552613,0.276989871532954,-0.707186347531514,0.479450681598424,0.9999441983542
"CALR",4.18940447630886,-0.42102532170052,0.458287595042855,-0.918692380624332,0.35825649628291,0.9999441983542
"RAD23A",3.96972968263584,-0.345475179347332,0.485995681558191,-0.710860594974167,0.477170626609962,0.9999441983542
"GADD45GIP1",3.47637477308935,0.337731855091299,0.482187261286823,0.700416378047788,0.483667310978571,0.9999441983542
"LYL1",4.92542156202846,0.324841456615187,0.452533451889696,0.717828605285884,0.472862973334438,0.9999441983542
"TRMT1",6.06477362883626,0.533570630554874,0.373105527352022,1.43007967301287,0.152694153496288,0.9999441983542
"STX10",5.65238727358179,0.627730688687784,0.415421436838904,1.51106956218827,0.130770728696427,0.9999441983542
"IER2",60.8802101067413,-0.314237514544608,0.495546324736712,-0.634123388386675,0.526000300267095,0.9999441983542
"AC011446.2",2.80287544681,1.4795723916489,0.62257095358547,2.3765522357377,0.0174752868985407,0.9999441983542
"CCDC130",2.61941556630158,-0.108667985161119,0.530987229615196,-0.204652728164235,0.837843456054047,0.9999441983542
"MRI1",1.47993591476058,0.586829988955213,0.620389295476604,0.945906051625843,0.344196506588937,0.9999441983542
"C19orf53",3.16094408874027,0.369021042580724,0.472593249961401,0.780842812737727,0.434894950201317,0.9999441983542
"AC020916.1",20.2860885990682,-0.504531163897997,0.318973596417717,-1.5817333144944,0.113710464063091,0.9999441983542
"DCAF15",2.57846413013244,-0.206276209842609,0.530351418433496,-0.388942506181824,0.697318677536067,0.9999441983542
"IL27RA",3.84725097427598,0.172651359882692,0.438358447607542,0.393858863277262,0.693685242924127,0.9999441983542
"PRKACA",3.54279960754352,-0.414735055532309,0.532552032530693,-0.778769078321762,0.436115755800934,0.9999441983542
"ADGRE5",22.8235215318932,0.0376745064591642,0.262164113381899,0.143705810734985,0.885732782527987,0.9999441983542
"DDX39A",2.8443667254422,0.109007893207698,0.518423589400682,0.210268003687324,0.833458506399431,0.9999441983542
"PKN1",7.50965557418629,-0.0427217238958664,0.34631067541459,-0.123362422612937,0.901820112147231,0.9999441983542
"DNAJB1",1.77560806098433,-0.0693433207736925,0.58236122563591,-0.119072695298306,0.905217762810793,0.9999441983542
"TECR",1.84642517371519,-0.131147795111525,0.628530328035453,-0.208657863052437,0.834715336439732,0.9999441983542
"NDUFB7",7.30129874368222,-0.347986051748345,0.410686603999642,-0.847327495855328,0.396812604901595,0.9999441983542
"ADGRE2",6.84228172502146,-0.15084266282002,0.397533262733643,-0.379446644999588,0.704356218030096,0.9999441983542
"BRD4",8.10949116800652,-0.143120271295748,0.433617680565847,-0.330060967783841,0.741353895242178,0.9999441983542
"AKAP8L",4.77034773027641,0.101348089026112,0.438091204174423,0.231340159447165,0.817050549998774,0.9999441983542
"RASAL3",2.23341454561345,0.927771150393934,0.608619619696633,1.52438587316062,0.127412346938334,0.9999441983542
"TPM4",9.52461515098835,-0.456991953416261,0.350489917172324,-1.3038661913677,0.192279209322802,0.9999441983542
"RAB8A",2.61509546891715,-0.219018196053383,0.565033406469307,-0.387619906267046,0.698297335441399,0.9999441983542
"HSH2D",8.12535243537101,0.241685432588261,0.381415062209559,0.63365466268732,0.52630621876755,0.9999441983542
"FAM32A",1.64691194576877,0.165443031403847,0.615717812783558,0.268699439855259,0.788160982868118,0.9999441983542
"AC020911.2",2.93548101241451,-0.0813005314363649,0.511136384781767,-0.159058391961427,0.873622869215316,0.9999441983542
"KLF2",26.5928144022878,-0.594729700880528,0.270611038881662,-2.19772890026339,0.0279684307793801,0.9999441983542
"SMIM7",2.68972901840449,-0.746054605477388,0.62140397243472,-1.20059516606287,0.229908277079909,0.9999441983542
"SIN3B",3.00155582546787,0.323529526068792,0.487037420626785,0.664280633000295,0.506510714125472,0.9999441983542
"MYO9B",12.971089342955,0.343060725691329,0.284726510989019,1.20487805824502,0.228250380241229,0.9999441983542
"BST2",12.4218313255273,0.123416253231294,0.338774160442982,0.364302439920195,0.715632178086477,0.9999441983542
"SLC27A1",1.52600781801151,-0.0203388151326564,0.778288031430283,-0.0261327610232925,0.979151446461897,0.9999441983542
"PGLS",5.11133956788311,0.11832933909801,0.415051278043946,0.285095710717174,0.775570816105841,0.9999441983542
"COLGALT1",3.61194554198154,-0.0746327581373216,0.470745095674302,-0.15854176458369,0.874029913415435,0.9999441983542
"FCHO1",1.45536533522464,-0.396810361240023,0.7390679209466,-0.536906487203215,0.591332209734318,0.9999441983542
"JAK3",4.1134766417475,-0.486019114208202,0.450054569893881,-1.07991151900268,0.280181583267377,0.9999441983542
"RPL18A",60.1916992277616,0.0857457897531499,0.270947826181946,0.3164660553341,0.751648786115298,0.9999441983542
"CCDC124",1.9912776318095,0.83966966064684,0.564245953073287,1.48812704118372,0.136717393364193,0.9999441983542
"ARRDC2",2.53504695704602,0.321610610165336,0.511287019204372,0.629021661191014,0.529334875205963,0.9999441983542
"MAST3",2.73491758501115,0.0177739010685309,0.513750894507473,0.0345963408697722,0.972401619317785,0.9999441983542
"IFI30",50.6024972003022,-0.412671742588696,0.334345370827247,-1.23426785173562,0.217103111149544,0.9999441983542
"JUND",24.3434133503007,-0.175042965865274,0.372608856098352,-0.469776718938398,0.638514549234129,0.9999441983542
"LRRC25",6.83304403746842,-0.50859969865632,0.373129396468181,-1.363065208666,0.172861960382925,0.9999441983542
"SSBP4",4.02412289892648,0.182838737744849,0.437207441756982,0.418196764927159,0.675803260869995,0.9999441983542
"FKBP8",8.53928327163152,0.366344873803798,0.337037104918648,1.08695709895866,0.277055769922894,0.9999441983542
"UBA52",24.8436839136091,-0.158524473989569,0.328388115564614,-0.482735112740026,0.62928382844761,0.9999441983542
"REX1BD",6.43305899643695,-0.3882422702172,0.378305709820631,-1.02626595406472,0.304766240585601,0.9999441983542
"UPF1",3.55080045740282,-0.6901473574947,0.529734803115916,-1.30281671779017,0.192637341872529,0.9999441983542
"COPE",7.73450866665539,-0.235726576416028,0.349909853359457,-0.673678017788969,0.50051604028235,0.9999441983542
"DDX49",1.08672752489234,0.207262898174783,0.740601625652666,0.27985747127159,0.779586856904095,0.9999441983542
"HOMER3",1.45451922990025,0.171349393698661,0.743716224524464,0.230396202272208,0.817783911934621,0.9999441983542
"SUGP2",3.86410447673991,0.282304740036171,0.420612510114911,0.671175329423859,0.502108843014119,0.9999441983542
"RFXANK",1.67822823673567,0.644941640051615,0.587954576781793,1.09692426170359,0.272674501910543,0.9999441983542
"MAU2",2.54087091582883,0.0525808007107914,0.49112469373671,0.107062017816151,0.914739779317539,0.9999441983542
"GATAD2A",2.27294685655065,0.126336186162013,0.52829426229609,0.239139803663448,0.810997178146448,0.9999441983542
"NDUFA13",12.4276436245709,0.190818244705537,0.312779604334638,0.61007253050101,0.541813762295517,0.9999441983542
"LPAR2",1.99432890666525,0.00939369079132312,0.578682305368104,0.016232897920298,0.987048590172607,0.9999441983542
"GMIP",5.01677507500192,-0.132189603264887,0.416267683431275,-0.3175591296813,0.750819380251463,0.9999441983542
"ATP13A1",7.01867022442538,-0.1964320251903,0.365440295626743,-0.537521525515986,0.59090742023314,0.9999441983542
"UQCRFS1",2.65318283375078,-0.155661713246388,0.527726721381821,-0.294966517592281,0.768019457416428,0.9999441983542
"URI1",2.54402175956144,-0.46166177463226,0.522282569539076,-0.883931039551414,0.376733440206626,0.9999441983542
"CEBPA",3.24223953741644,0.0132053515307058,0.550693450683487,0.0239794962411775,0.980868963633669,0.9999441983542
"GPI",1.42645898990512,0.672335543747379,0.706668055518254,0.951416352412171,0.341393062498741,0.9999441983542
"FXYD5",13.3888197282479,-0.106492585977552,0.35555387858808,-0.299511810700641,0.764549561778169,0.9999441983542
"USF2",3.96581720363189,0.00164800491716497,0.416538333274421,0.00395643038231308,0.99684323351772,0.9999441983542
"COX6B1",12.5606369931419,-0.0271384004327827,0.41616424472636,-0.0652107930382798,0.948006167819721,0.9999441983542
"KMT2B",3.16841143179722,0.711874565764399,0.481040296335131,1.47986472482224,0.138909351249555,0.9999441983542
"IGFLR1",3.64038250863457,0.00146903164677527,0.447918682968477,0.00327968379670973,0.997383195625491,0.9999441983542
"U2AF1L4",2.24263071160617,-0.410896250935926,0.607127683747691,-0.676787209569389,0.498540974507222,0.9999441983542
"NFKBID",3.51757877773277,-0.0621440882199124,0.565700620888066,-0.10985331450115,0.91252570800547,0.9999441983542
"HCST",10.4946878086552,-0.036224628558672,0.47761872714803,-0.0758442383006578,0.939543020385103,0.9999441983542
"TYROBP",76.5161304669881,0.0275195761676771,0.295272775315239,0.0932005198863886,0.925744261378879,0.9999441983542
"CAPNS1",5.68556434985131,-0.198415433749878,0.407452572063476,-0.486965716635524,0.626282626485796,0.9999441983542
"YIF1B",2.02303213297374,0.205755112843734,0.549924668995386,0.374151450997119,0.708291641533504,0.9999441983542
"KCNK6",2.9292743472314,0.55063898938651,0.548585282295933,1.00374364234123,0.315502195341043,0.9999441983542
"RASGRP4",3.85502140958943,0.307419973221957,0.427302846947012,0.719442838769758,0.47186810993139,0.9999441983542
"EIF3K",6.86027912916361,-0.194120954610096,0.403895217497555,-0.480622067804681,0.630785128413715,0.9999441983542
"ACTN4",7.38153059315819,0.297755395852216,0.320126847499733,0.930116915147094,0.352310553667103,0.9999441983542
"HNRNPL",4.63177373761055,-0.0838788753793075,0.453545032086349,-0.184940566967423,0.853275651945727,0.9999441983542
"SIRT2",1.36663765451258,-0.0096137371072523,0.775566893294098,-0.0123957548863638,0.990109871834833,0.9999441983542
"GMFG",12.7110159329892,-0.146775377257798,0.346882779100642,-0.423126733585162,0.672202798436886,0.9999441983542
"SAMD4B",1.93252248792102,0.26996757903505,0.625278871977329,0.431755479249327,0.665919140338191,0.9999441983542
"MED29",2.26248085187338,1.08297915430982,0.548985534552343,1.97269160323671,0.0485307092065768,0.9999441983542
"ZFP36",56.5534585035008,-0.808214995657034,0.3794333061937,-2.13005812211024,0.0331668151573919,0.9999441983542
"RPS16",20.2005593555697,-0.450279894252527,0.326484696352498,-1.37917611233566,0.167840461252991,0.9999441983542
"SUPT5H",2.92517900826646,0.0884909361767246,0.575140039561928,0.153859808202757,0.877720275082984,0.9999441983542
"PLD3",7.30672639367383,-0.170810049804809,0.385598690973943,-0.442973624659819,0.657784812393943,0.9999441983542
"BLVRB",7.65348255759758,0.200003049785155,0.349594886753096,0.572099471026899,0.567254587485231,0.9999441983542
"SHKBP1",5.89367374007119,-0.161209708420566,0.380983444095173,-0.423140981371082,0.672192403809894,0.9999441983542
"RAB4B",2.10253194211053,1.09173790147253,0.609911359208218,1.78999437375591,0.0734548158782347,0.9999441983542
"EGLN2",2.58352783973577,0.147407578300804,0.597789405784281,0.24658780646574,0.805227242227016,0.9999441983542
"HNRNPUL1",4.53143810286522,-0.541667147991484,0.447121852261195,-1.21145308656276,0.225721804148501,0.9999441983542
"TGFB1",21.9400646763433,0.508906362857113,0.258721599020535,1.96700377851607,0.0491827751667068,0.9999441983542
"TMEM91",2.45280551739023,0.0652061499313745,0.564932470244054,0.115422910464334,0.908109920395162,0.9999441983542
"BCKDHA",1.52304959748696,-0.514277187983316,0.714654334868852,-0.719616691442434,0.471761032167363,0.9999441983542
"RPS19",66.3899418028899,-0.208392095322193,0.265795463509644,-0.784031798626359,0.433021452003387,0.9999441983542
"ARHGEF1",15.8541959946769,0.457150347544171,0.293542386431009,1.55735719499444,0.1193857030186,0.9999441983542
"RABAC1",4.09219732032795,-0.150113344745745,0.462398170331731,-0.324640870957712,0.74545289065387,0.9999441983542
"POU2F2",19.8963256628528,0.0994143062792702,0.277501460871791,0.358247866396642,0.720157828895086,0.9999441983542
"CIC",2.01367916645804,0.441897507309602,0.57814101566391,0.764342081493989,0.444663414099566,0.9999441983542
"PLAUR",11.8685512065228,-0.5917872247215,0.439237960573649,-1.34730437221004,0.177882224548127,0.9999441983542
"BCL3",3.09521669399173,-0.497545845591375,0.556510234713982,-0.894046173017983,0.371297187146926,0.9999441983542
"CLPTM1",1.60382800151788,0.959372673720809,0.606866932416035,1.58086167242857,0.113909669507893,0.9999441983542
"RELB",5.16910870750867,-0.435172545350484,0.488430107315927,-0.890961754470645,0.372949688425218,0.9999441983542
"CLASRP",5.39256365904698,0.333068429171362,0.374370448556605,0.889676069400018,0.373639847238138,0.9999441983542
"GEMIN7",0.977384326302326,0.854716850307393,0.809961536953269,1.05525609712589,0.29130821425897,0.9999441983542
"FOSB",37.7155103213194,-0.893344925762896,0.427720634942861,-2.08861778642556,0.036742142796099,0.9999441983542
"VASP",7.12417089198559,-0.373049995830257,0.337962098839766,-1.10382198806005,0.269670364720274,0.9999441983542
"SNRPD2",5.54176348030067,0.319924685520561,0.357092157201296,0.895916303589432,0.370297465945424,0.9999441983542
"SYMPK",3.79149057949086,0.115688528720055,0.423290184374161,0.273307846462591,0.784616584264973,0.9999441983542
"CALM3",7.80427592958297,-0.0250910854013225,0.340034680533497,-0.0737897833302058,0.941177656584374,0.9999441983542
"PTGIR",2.39352854558521,0.164535607336004,0.546469114540235,0.301088575654334,0.763346952372768,0.9999441983542
"STRN4",3.56533719080301,-0.0273810279245897,0.453118438792116,-0.0604279711008444,0.951814781640543,0.9999441983542
"AP2S1",10.4941681942667,0.201690404932333,0.289523605382847,0.696628534539111,0.486035293633789,0.9999441983542
"TMEM160",4.71533209381779,0.694339377243106,0.574278225802139,1.20906443261586,0.22663809231678,0.9999441983542
"C5AR1",6.4914001491366,-0.669944661522739,0.465167223609163,-1.4402232735246,0.149804240692818,0.9999441983542
"NAPA",6.81152728562957,-0.0484940444295819,0.353798892904754,-0.137066693542868,0.890978078652713,0.9999441983542
"NOP53",8.21160402980003,0.39115614398828,0.328889494031222,1.18932392516967,0.234312224072274,0.9999441983542
"SELENOW",2.77420520733713,0.0773260804066309,0.47454965582705,0.162946236409899,0.870560765896357,0.9999441983542
"CARD8",2.27131435524288,-0.569546744537692,0.578277464332338,-0.984902196033654,0.324672114588519,0.9999441983542
"EMP3",29.4769411793994,-0.0473359126677331,0.328335287152027,-0.144169434477554,0.885366676515663,0.9999441983542
"KDELR1",1.56733025568741,-0.739183862297698,0.702801241745644,-1.05176800835139,0.292906000125679,0.9999441983542
"RPL18",30.7827494760034,-0.0455319290752592,0.309147584996283,-0.147282176167757,0.882909300409239,0.9999441983542
"PPP1R15A",14.8661464067384,-0.429955901717534,0.391143008969382,-1.09922941701149,0.271668010559233,0.9999441983542
"NUCB1",7.54083077994898,0.297190250429602,0.340249471556372,0.873448088163639,0.382418889691897,0.9999441983542
"BAX",3.66297838727964,-0.143484094851096,0.476634145583191,-0.301036122108991,0.763386949886904,0.9999441983542
"FTL",178.230415808186,-0.792847868298887,0.428059186525582,-1.8521921576644,0.0639982345217924,0.9999441983542
"SNRNP70",8.55663771430608,0.369964386042462,0.30683859700221,1.20572962351212,0.227921758905282,0.9999441983542
"CD37",13.6690536879433,-0.366946859052457,0.336729640098091,-1.08973733035667,0.275828867008917,0.9999441983542
"PIH1D1",2.19648266528164,-0.0202562979916978,0.554809301533422,-0.0365103792162677,0.970875402810478,0.9999441983542
"RPL13A",33.2758666579373,0.0344553445585793,0.382377254384746,0.0901082482377743,0.928201194740676,0.9999441983542
"RPS11",28.097994813128,0.15986723644156,0.416014634337261,0.384282722881224,0.700768911919748,0.9999441983542
"FCGRT",9.01686664764027,-0.370532292433211,0.360056082030822,-1.02909605176866,0.303434541307245,0.9999441983542
"NOSIP",3.54684006416173,0.422519546874624,0.445864824990542,0.947640457808232,0.343312522368537,0.9999441983542
"PRR12",1.83695517901499,0.134383470473316,0.678874519477977,0.197950382018536,0.843083884867099,0.9999441983542
"RRAS",1.9168479043572,0.299040033091219,0.661046722443607,0.452373520567195,0.650999919514394,0.9999441983542
"IRF3",3.14042488274311,0.440876627500824,0.456471563187646,0.965835909737905,0.334126296515675,0.9999441983542
"AP2A1",2.72606601952559,-0.375272832064769,0.528027374515727,-0.710707153031497,0.477265726143153,0.9999441983542
"MED25",2.53203234189219,0.213063850279662,0.51789972904168,0.411399810295159,0.680779392995044,0.9999441983542
"PTOV1",2.24394479314896,0.817215480319454,0.535440706201052,1.5262483237735,0.12694803289214,0.9999441983542
"PNKP",3.74584320879696,0.0998567521879522,0.45037934246144,0.221716990042681,0.82453420313201,0.9999441983542
"TBC1D17",1.1873077142549,1.19145406296807,0.675941966813203,1.76265733075474,0.0779583014054425,0.9999441983542
"NUP62",2.85199949475204,-0.0558563962475612,0.522003010293872,-0.10700397343708,0.91478582750909,0.9999441983542
"ATF5",2.25802483699763,-0.789407149900591,0.628074873743882,-1.25686790365458,0.208801472549909,0.9999441983542
"NR1H2",3.38418204951801,0.202358432195186,0.46776203980755,0.432609777994046,0.665298284654712,0.9999441983542
"EMC10",2.36044959162121,0.293271930174894,0.559783036364128,0.523902853647974,0.600346109905512,0.9999441983542
"JOSD2",2.83591651525371,0.218421572862162,0.466479378922092,0.468234144383563,0.639617157288404,0.9999441983542
"SIGLEC9",2.47517081850636,0.123114768612729,0.513851309028755,0.239592205857045,0.810646407637059,0.9999441983542
"SIGLEC7",1.28721835500316,0.593792171187869,0.732665302204015,0.810454882197388,0.417678785919663,0.9999441983542
"CD33",4.8953611667356,0.37665413923001,0.419773554326806,0.897279343464246,0.369569876100171,0.9999441983542
"ETFB",4.24435896210935,-0.211317826891463,0.434701799074367,-0.486121353400038,0.626881128023799,0.9999441983542
"NKG7",1.31126483291153,1.24219901131222,0.803426470317892,1.54612656814844,0.122074003489599,0.9999441983542
"SIGLEC10",1.6458663069015,-0.771675623192601,0.74947853921134,-1.02961670390805,0.303189970831489,0.9999441983542
"FPR1",11.3420219172804,-0.105644059017138,0.432605009212884,-0.244204428444681,0.807072497478566,0.9999441983542
"PPP2R1A",2.91949784549664,0.429412968010829,0.482602102672177,0.88978677389336,0.373580389720095,0.9999441983542
"NLRP12",4.9076874003387,0.126194880640415,0.389350056303486,0.324116764842715,0.745849634957497,0.9999441983542
"MYADM",7.64437171237448,0.437558235865036,0.368747925980338,1.18660527974974,0.23538335236763,0.9999441983542
"OSCAR",6.10695473119917,0.0255377601134629,0.410734061401283,0.0621759004508583,0.950422754003837,0.9999441983542
"NDUFA3",3.57425321647021,-0.727108887884375,0.512374953505767,-1.41909529907611,0.155871234276925,0.9999441983542
"PRPF31",1.61128805691187,0.471290676809412,0.674282935739206,0.698950917826125,0.484582705016099,0.9999441983542
"MBOAT7",3.4999567460641,-0.198129295594265,0.466415349245102,-0.424791542377282,0.670988643688249,0.9999441983542
"TSEN34",2.29352322669985,-0.521848106240124,0.559450566169409,-0.932786805120689,0.350930055275465,0.9999441983542
"RPS9",76.0621293162405,0.107516076506786,0.2482129972153,0.433160542409172,0.664898142042101,0.9999441983542
"LILRB3",11.6526091986954,0.256224609573701,0.400427291367549,0.639877988082772,0.522251925422796,0.9999441983542
"LILRA6",3.1821105050199,0.25470563854899,0.554783459637181,0.459108205416872,0.646156464564047,0.9999441983542
"LILRB2",30.0621047693548,-0.0053165351414632,0.328197223445978,-0.0161992081640456,0.987075467174951,0.9999441983542
"LILRA5",6.46320463652346,-0.0986050233019901,0.358423769720497,-0.275107377445652,0.783233743814354,0.9999441983542
"LAIR1",4.1541807250439,-0.624047735473221,0.437983865957219,-1.42481900357073,0.154209527576568,0.9999441983542
"LENG8",10.5170146055851,-0.00889469759821682,0.306786292889727,-0.0289931388864691,0.976870062670988,0.9999441983542
"LILRA2",3.50465751228452,0.238197506343363,0.524996841962268,0.45371226511203,0.650035937917987,0.9999441983542
"LILRA1",3.7023371787586,-0.089037636924391,0.518425196428688,-0.171746353259353,0.86363694257933,0.9999441983542
"LILRB1",8.64677732037489,0.141008222046014,0.423724308518521,0.332782942142321,0.739298135260156,0.9999441983542
"LILRB4",3.35949379962795,0.691144167016624,0.452510026943385,1.52735657966557,0.126672367263081,0.9999441983542
"PPP1R12C",4.82668207834496,0.164753535759058,0.389797944209856,0.422663942194521,0.672540466988895,0.9999441983542
"PPP6R1",4.09856959600465,-0.657010561510265,0.473232822479316,-1.38834529284786,0.165031926444172,0.9999441983542
"TMEM150B",1.70515348852663,0.509517614310665,0.584456595628383,0.871780074212104,0.38332836686511,0.9999441983542
"RPL28",171.445674921099,0.058116192831375,0.254264778260298,0.228565644164367,0.819206529691663,0.9999441983542
"UBE2S",2.12269829006736,-0.160514207691984,0.618218347019073,-0.25963999364618,0.795141483514275,0.9999441983542
"ZNF524",2.22360662157931,0.137419628432184,0.545870912511667,0.251743819431388,0.801239084478901,0.9999441983542
"U2AF2",2.57487618298546,-0.317988708098632,0.552123908069852,-0.575937218893991,0.564657617416455,0.9999441983542
"EPN1",4.39049979896593,0.0136061098591023,0.484828638959207,0.0280637502939407,0.977611305753353,0.9999441983542
"RPS5",12.9981900383154,0.214425965305348,0.380497128370732,0.563541612583274,0.573066132581361,0.9999441983542
"TRIM28",3.14185945256406,-0.22549389963693,0.492540398259207,-0.457818080372487,0.647083145014202,0.9999441983542
"CHMP2A",4.36270600542648,0.237288440894904,0.450230854924373,0.527037270545933,0.598167706736165,0.9999441983542
"MZF1",1.37795423364196,0.085174307593459,0.797536596148249,0.106796738864164,0.914950234689262,0.9999441983542
"RBCK1",5.06423393373185,0.478399717674477,0.406574409109994,1.1766596887436,0.239331363552346,0.9999441983542
"CSNK2A1",2.26678536207166,0.0549052804237571,0.58356111320845,0.0940865989542809,0.925040365641515,0.9999441983542
"FKBP1A",2.91417526512617,-0.642922271951146,0.581783468431837,-1.10508858851577,0.26912120479387,0.9999441983542
"NSFL1C",2.43424125128715,-0.335244133293427,0.633357928968457,-0.529312286086694,0.596588834090253,0.9999441983542
"SIRPB2",2.66119753810373,-0.128450029910909,0.643123390241482,-0.199728437590613,0.841692971879165,0.9999441983542
"SIRPB1",3.94517476907576,-0.222757772084688,0.463540563884189,-0.480557235850328,0.630831215097121,0.9999441983542
"SIRPA",3.60765122613124,0.569644994109746,0.515758557024475,1.10447996713066,0.269384988870133,0.9999441983542
"SNRPB",1.98615868299863,-0.233632522256637,0.612708637926879,-0.381310965432348,0.702972517971229,0.9999441983542
"NOP56",2.42651095276471,0.753781566914969,0.521615163776396,1.44509136095226,0.148432225253812,0.9999441983542
"IDH3B",1.79696003471503,0.249036239504773,0.633470410364255,0.39313002695986,0.694223447567561,0.9999441983542
"PCED1A",2.05070319328198,0.434178371824704,0.55122673812444,0.787658402242975,0.430896543499796,0.9999441983542
"VPS16",1.86857899969649,0.773562216240368,0.563006101292244,1.37398549405565,0.169446185850574,0.9999441983542
"PTPRA",4.55335487492623,-0.0163112818113413,0.470776828600394,-0.0346475884546702,0.972360754160494,0.9999441983542
"DDRGK1",2.70694527804296,-0.0211814604939251,0.533786110986308,-0.0396815504524592,0.968347010696913,0.9999441983542
"SIGLEC1",24.1423649220046,0.29427256045932,0.28882278513738,1.01886892448374,0.308265198477993,0.9999441983542
"C20orf27",4.11444256099126,-0.216072632318293,0.619871696795152,-0.348576380298419,0.727407362607305,0.9999441983542
"MAVS",2.78188857334455,0.264130860733303,0.515682846397381,0.512196328767867,0.608513612226308,0.9999441983542
"PANK2",3.67684993761518,0.0176335102529174,0.487988425905192,0.0361350993524246,0.971174635358,0.9999441983542
"RNF24",3.00148828094108,0.357018751464589,0.47877380947693,0.745693988262722,0.455852291574783,0.9999441983542
"RASSF2",3.78871394510994,0.254060336840886,0.406964888306015,0.624280728242695,0.532443238014821,0.9999441983542
"GPCPD1",8.85229796837968,-0.0012765595731009,0.328326520976625,-0.00388807937081567,0.996897769315006,0.9999441983542
"TMX4",4.59621536516947,0.717016862041003,0.527680918953526,1.35880763599139,0.174207552997108,0.9999441983542
"PLCB1",3.53883173801341,0.446622857142888,0.590552612381261,0.75627953848513,0.449481613342472,0.9999441983542
"RRBP1",7.42507609162017,0.152682949193993,0.370243837114672,0.412384849897458,0.680057365793298,0.9999441983542
"SNX5",3.05519454173526,0.339219896660776,0.556672278751639,0.60937091644206,0.542278610924584,0.9999441983542
"SMIM26",1.45942152130145,0.39804195694296,0.675107144005916,0.589598200044336,0.555460058729145,0.9999441983542
"RALGAPA2",2.60309124099461,0.385627161024241,0.488693870561998,0.789097601287222,0.430054963820466,0.9999441983542
"XRN2",5.10285676423406,-0.0360049643016491,0.440938714064879,-0.0816552576427918,0.934920858716482,0.9999441983542
"CD93",4.68075487623139,-0.0919912667038242,0.468453847519119,-0.196372101949851,0.844318930550407,0.9999441983542
"CST3",87.2079069296375,0.302048240761666,0.331747233641249,0.910477044364145,0.362570982603599,0.9999441983542
"ENTPD6",2.24714791181026,0.00440711179307369,0.605606462238643,0.00727718752666982,0.994193695674301,0.9999441983542
"HM13",7.14358381987455,-0.310700780310461,0.347015220832416,-0.895352023940492,0.370598938302451,0.9999441983542
"HCK",13.8945401955371,-0.16705656028538,0.318641436256368,-0.524277577480451,0.600085490096729,0.9999441983542
"TM9SF4",2.35565572632849,-0.0904127677806882,0.550005118647994,-0.164385320636539,0.869427818811476,0.9999441983542
"ASXL1",1.61546479071618,-0.134169200857578,0.664941901825078,-0.201775825059785,0.840091981626456,0.9999441983542
"CHMP4B",3.91796365487728,-0.0237380929504707,0.458412960902395,-0.0517832063555571,0.958701436983619,0.9999441983542
"RALY",3.72080594266409,-0.309970039935738,0.438468890154968,-0.706937360655587,0.479605405245149,0.9999441983542
"EIF2S2",2.941852854254,0.309938675741191,0.495036696926214,0.626092323388681,0.531254387101783,0.9999441983542
"ITCH",2.31885968789646,-0.147048361225227,0.588225276189568,-0.249986471471922,0.802597810752794,0.9999441983542
"NCOA6",1.57902363122971,0.869723780889001,0.624257672659968,1.39321280134708,0.163555449812687,0.9999441983542
"TRPC4AP",4.23754735332706,0.46643930661839,0.487694263093121,0.956417456420494,0.338861368830188,0.9999441983542
"MMP24OS",3.73654483855463,0.160797193378477,0.465670162715216,0.345302762025604,0.729866770434195,0.9999441983542
"CPNE1",2.26588133602746,0.2562985592603,0.566241689025525,0.452631030578794,0.650814450451775,0.9999441983542
"ROMO1",8.05773737695725,-0.0359534280511585,0.394102222010142,-0.091228686475747,0.927310881477713,0.9999441983542
"RBM39",14.670887281635,-0.190027779823268,0.322356114757588,-0.589496433055627,0.555528304222702,0.9999441983542
"PHF20",2.15407254731952,-0.422694899013027,0.59256965594449,-0.713325251761834,0.475644515226874,0.9999441983542
"SCAND1",11.9470760002189,0.380762801378214,0.302532367930671,1.25858533413347,0.208180147024484,0.9999441983542
"NORAD",4.15696348660053,-0.223352185397498,0.452139837381448,-0.493989175320259,0.621313824257242,0.9999441983542
"DLGAP4",1.9522655372,0.563222472552658,0.553887863435683,1.01685288617641,0.309223418934222,0.9999441983542
"MYL9",1.87589564933424,0.143074310100299,0.924037894955197,0.154835976837547,0.876950627807839,0.9999441983542
"RAB5IF",3.23733709732835,0.565548320788386,0.505119131269451,1.1196335394525,0.262869957006134,0.9999441983542
"SAMHD1",31.5410757656853,0.129017099897162,0.216753644722245,0.595224592705181,0.551693353549917,0.9999441983542
"RPN2",2.45050728463055,-0.254293478350715,0.548472952499987,-0.463639049458362,0.642906372228773,0.9999441983542
"MAFB",16.014278018701,-0.20233016872281,0.371136634692798,-0.545163559211248,0.585641031850421,0.9999441983542
"TOP1",4.53460932984415,0.205190105844948,0.402074545887242,0.510328514808525,0.609821328939394,0.9999441983542
"CHD6",2.01778991913263,-0.117789294216671,0.67846436389845,-0.173611615413159,0.862170702875051,0.9999441983542
"SRSF6",2.01439100856726,-0.371332330000692,0.619844447197354,-0.599073415402337,0.549123928668559,0.9999441983542
"YWHAB",13.3843097748401,0.234172606556613,0.297693490840481,0.786623200579465,0.43150247372556,0.9999441983542
"STK4",7.9200845496647,-0.26575509799999,0.35579352037643,-0.746936306537625,0.455102008957273,0.9999441983542
"CTSA",5.90565293755978,-0.103674121698764,0.380597595257153,-0.272398257347675,0.785315812494076,0.9999441983542
"ZNF335",1.99732757061268,-0.0148114109970168,0.584701949521475,-0.0253315574014052,0.979790502836069,0.9999441983542
"NCOA3",2.79273001050024,0.256357239505907,0.509170109265799,0.503480535955975,0.614626461582493,0.9999441983542
"SULF2",5.58309662426035,0.520477557360534,0.39082293820502,1.33174772123406,0.182943102136736,0.9999441983542
"PREX1",10.6609661369957,-0.155972335649722,0.3906425621004,-0.399271228437302,0.689693364587204,0.9999441983542
"DDX27",2.87945924600112,-0.151713644451919,0.54962097238519,-0.276033215751444,0.782522554454117,0.9999441983542
"ZNFX1",5.98320630516515,0.220751258130238,0.435458598002654,0.506939716296273,0.612197117477207,0.9999441983542
"ZFAS1",6.69115105459491,-0.175218954185889,0.393350968877077,-0.445451945081251,0.65599318023662,0.9999441983542
"B4GALT5",1.92805900665602,0.5293577124332,0.647596172872976,0.817419457691935,0.413688759852822,0.9999441983542
"RNF114",3.01082849093826,-0.247845271481747,0.480841261620977,-0.515440939170297,0.606244930756856,0.9999441983542
"CEBPB",11.0098159939957,-0.658140363686378,0.334918021935943,-1.96507897628827,0.0494050974917521,0.9999441983542
"SMIM25",5.41046205095933,-0.623589785368419,0.530693984707796,-1.17504588960392,0.239976357020779,0.9999441983542
"PTPN1",2.26114280123886,-0.208058294845308,0.580962730028992,-0.358126750807105,0.72024846067723,0.9999441983542
"ZNF217",2.14781081006706,0.190509579813587,0.551035187621718,0.345730334637668,0.729545384745339,0.9999441983542
"ZBP1",5.32233147706391,-0.107184157442081,0.542659938187812,-0.197516252627783,0.84342356419946,0.9999441983542
"STX16",7.04924743093102,0.208403439660927,0.406603702206861,0.51254683252958,0.608268352498116,0.9999441983542
"NPEPL1",3.97996208471878,0.392943402729908,0.414040580477831,0.949045628031014,0.342597406127053,0.9999441983542
"GNAS",13.5737337090626,0.36720918867697,0.263565254132216,1.39323823197409,0.163547762092979,0.9999441983542
"CTSZ",10.4313687431777,0.158918997316189,0.328558584442388,0.483685421234382,0.628609141231299,0.9999441983542
"TUBB1",1.69431820318466,-0.18253369940364,0.833360135308019,-0.219033394651369,0.826624034146735,0.9999441983542
"ATP5F1E",37.4925948506164,0.0970066381170715,0.336001269995187,0.288709141243606,0.772803966760133,0.9999441983542
"PSMA7",8.07730637221309,-0.451043982434615,0.379394766116556,-1.18885135673181,0.234498164533355,0.9999441983542
"RPS21",33.1384463747118,-0.442249549901744,0.370463028399302,-1.19377513003826,0.232565942568813,0.9999441983542
"OGFR",9.34360853629473,-0.168529868479815,0.430259652606259,-0.391693405270423,0.695284763310626,0.9999441983542
"ARFGAP1",3.17587566890797,-0.0408241881191232,0.458884838581057,-0.0889639070346232,0.929110594358012,0.9999441983542
"PPDPF",10.1452612365607,-0.127700643435456,0.366242906393225,-0.348677452057861,0.72733147381286,0.9999441983542
"HELZ2",5.69935592370301,0.299486888607773,0.453725030781321,0.66006252309257,0.509213707375914,0.9999441983542
"ZGPAT",2.90948654776835,0.650710116469301,0.49269187248446,1.32072427577913,0.186593316653103,0.9999441983542
"TPD52L2",3.57593380922429,0.69492183293478,0.458393956815547,1.51599257058794,0.129521231017928,0.9999441983542
"DNAJC5",3.28837795428618,0.241704919905914,0.492815228764546,0.490457489537918,0.623810204212943,0.9999441983542
"PRPF6",3.66180225101109,0.42268352263075,0.475551855260123,0.888827407474934,0.374095843776082,0.9999441983542
"RGS19",4.95734460180388,0.204120911377586,0.396521733893024,0.514778621019181,0.606707726419113,0.9999441983542
"SAMSN1",3.58596767777763,-1.17593435419069,0.670961924659998,-1.7526096652751,0.0796690310907521,0.9999441983542
"NRIP1",3.64348053976435,-0.722193680618559,0.515953672971482,-1.39972582511003,0.161595437248772,0.9999441983542
"USP25",5.24038373751891,0.119649757665861,0.428062775016222,0.279514512004289,0.779850002691089,0.9999441983542
"APP",4.00257630953731,0.00956441286186651,0.520670263509602,0.0183694240523689,0.985344144397323,0.9999441983542
"USP16",2.60882432441273,-0.44140059451008,0.515277868845981,-0.856626339296587,0.391651424275072,0.9999441983542
"MAP3K7CL",0.857331635573059,0.269741150226969,0.872610913719733,0.309119615610956,0.757230538330242,0.9999441983542
"BACH1",8.58060979306265,-0.0577523766341346,0.379857373758685,-0.152037002895785,0.879157750793644,0.9999441983542
"TIAM1",3.39180748447299,-0.129630346395413,0.553135580251422,-0.234355465501769,0.814709029339147,0.9999441983542
"SCAF4",2.6639970052106,0.359342220870485,0.553358739919233,0.649383835381246,0.516090309581457,0.9999441983542
"PAXBP1",3.85170532958135,0.156162191996312,0.467455926082805,0.334068268863169,0.738328043668478,0.9999441983542
"IFNAR2",2.5840627994384,-0.220500923147585,0.530220750391976,-0.415866265106703,0.67750786615228,0.9999441983542
"IL10RB",2.44334637256718,-0.32101074945512,0.596738489571082,-0.537942088645653,0.590617030045839,0.9999441983542
"IFNAR1",2.2462970980228,-0.566238595771229,0.556023934142273,-1.01837090276467,0.308501724698844,0.9999441983542
"IFNGR2",7.72244178053727,-0.283218934582512,0.372823377465094,-0.759659805960072,0.447457960383543,0.9999441983542
"SON",20.6315361049602,0.278800458575632,0.26187270592747,1.06464114917288,0.287038351122058,0.9999441983542
"ATP5PO",2.28303743667915,-0.232931621355916,0.578368962761497,-0.402738798852127,0.687140388181253,0.9999441983542
"KCNE1",2.64625208500748,-0.681189066776084,0.619945528595782,-1.09878857956928,0.271860294753402,0.9999441983542
"RUNX1",3.99753021247435,-0.0444061892352912,0.434234432708139,-0.102263169132739,0.918547788775414,0.9999441983542
"DOP1B",2.11929674799796,0.39380356180345,0.618727708825434,0.636473130565027,0.524468088667374,0.9999441983542
"TTC3",2.18703361588933,-0.370053470986804,0.601740667467313,-0.614971682974885,0.538573421258789,0.9999441983542
"DYRK1A",2.14839912060738,-0.309115724654795,0.592794227726336,-0.521455355326939,0.602049598311747,0.9999441983542
"ETS2",4.28673423770289,-0.859130849485901,0.542870476732086,-1.58257058784557,0.113519371698661,0.9999441983542
"BRWD1",2.89981448458775,-0.606872456231386,0.534542080457769,-1.13531278157124,0.256244288715505,0.9999441983542
"HMGN1",2.60527192632593,-1.10315422211389,0.583128247330749,-1.89178663040857,0.0585194153372881,0.9999441983542
"MX2",13.2023066058578,0.130646844200261,0.31839493279268,0.410329533370214,0.681564230283727,0.9999441983542
"MX1",21.4501447235953,-0.0787184262406551,0.33516479275956,-0.234864842433274,0.814313638021984,0.9999441983542
"PDXK",3.63578919070786,0.185434124643916,0.433475144245152,0.427784907867851,0.66880772576703,0.9999441983542
"CSTB",4.19147689848193,-0.621022826506664,0.542067572590568,-1.14565574092316,0.25193762361947,0.9999441983542
"AATBC",2.7273215241175,0.348551134394428,0.604052379423714,0.577021374747265,0.563925016301271,0.9999441983542
"AGPAT3",3.9581110910288,0.312164053011892,0.44544832983494,0.700786223909661,0.483436436568739,0.9999441983542
"TRAPPC10",3.81277887376007,0.107757662200596,0.551332768122786,0.195449406295033,0.845041141699801,0.9999441983542
"PFKL",3.70409006600589,0.102858755086085,0.476133910309707,0.216029047414789,0.828965105555627,0.9999441983542
"TRPM2",2.32791207292639,0.00323613324969834,0.572559306753772,0.00565204898693583,0.995490341387104,0.9999441983542
"UBE2G2",2.65277881345817,0.0182296758043675,0.52685996549031,0.0346006092670231,0.972398215667306,0.9999441983542
"PTTG1IP",4.53946199491724,0.0435021583885209,0.408335636763219,0.106535297123103,0.915157651696801,0.9999441983542
"ITGB2",44.7677173665965,0.0264130427248814,0.251521543377701,0.105013043297122,0.916365458893288,0.9999441983542
"ITGB2-AS1",4.76383217132601,0.723874430270758,0.439267425730547,1.6479128382144,0.0993705585463485,0.9999441983542
"MCM3AP",3.70161781225909,0.754699222523546,0.493908451531682,1.52801439251164,0.126508964570362,0.9999441983542
"DIP2A",3.77287035648213,0.264627396697025,0.445755347070654,0.593660622213647,0.552739125529689,0.9999441983542
"PRMT2",4.77810160803097,-0.518164712100542,0.447296928720642,-1.15843565835025,0.246686294475442,0.9999441983542
"IL17RA",22.0178977889802,0.466682830970503,0.257066650069186,1.81541569412019,0.0694600510563498,0.9999441983542
"ADA2",14.7968967229109,-0.0460728724966669,0.318315855342507,-0.144739483514237,0.884916564050046,0.9999441983542
"PEX26",1.59576669977937,0.478151551411561,0.62110781990285,0.769836630758168,0.441396807700929,0.9999441983542
"SLC25A1",1.71602314220918,0.482875689636478,0.594443769815925,0.812315166135907,0.416610810312479,0.9999441983542
"GP1BB",2.47474499684498,1.465650659775,0.823137528322503,1.78056595568166,0.0749833855504776,0.9999441983542
"TXNRD2",2.20322906320876,0.166637214049411,0.510376920937114,0.326498333316964,0.744047350093703,0.9999441983542
"COMT",3.74592864894693,0.210705707476856,0.47530803186769,0.443303486054932,0.657546234631418,0.9999441983542
"TANGO2",1.54161419683963,0.179268354109965,0.645685320619694,0.277640436269967,0.781288388334893,0.9999441983542
"MED15",3.95163891987479,-0.112056666917946,0.424386110271577,-0.264044143306759,0.791745903937251,0.9999441983542
"PI4KA",3.8274484085411,0.0938417315074284,0.428647105851166,0.218925382270076,0.826708173847584,0.9999441983542
"SNAP29",1.41445840050082,-0.224990463442087,0.680948927873124,-0.330407251164668,0.74109226327287,0.9999441983542
"UBE2L3",2.80172753798844,-0.411885069941923,0.531000580406487,-0.77567724996952,0.437939575763218,0.9999441983542
"PPIL2",2.52907457084517,-0.408859949859957,0.621025396741596,-0.658362688555361,0.51030510474449,0.9999441983542
"MAPK1",3.86867356960841,-0.0791229581412229,0.452927956090749,-0.17469214933019,0.861321536845032,0.9999441983542
"PPM1F",3.67850024046583,0.224631633759835,0.447107490902343,0.502410803510556,0.615378581129623,0.9999441983542
"CHCHD10",4.31764827339021,0.0687206396960062,0.442228088440668,0.155396370091101,0.876508845653667,0.9999441983542
"MIF",8.837682652099,0.250548512891059,0.417715801757337,0.59980616447115,0.548635424545875,0.9999441983542
"DDT",2.36707039889142,-1.0283657524801,0.667005647445487,-1.54176468582921,0.123130786485139,0.9999441983542
"CABIN1",2.50695779742502,0.822606132181071,0.482362753453009,1.70536826546498,0.0881257630859108,0.9999441983542
"GRK3",4.02226525123377,-0.00085254859305329,0.457004752664037,-0.00186551362558812,0.99851153634352,0.9999441983542
"TPST2",2.27803515330291,0.267187786837692,0.616585176008027,0.433334756063312,0.664771591809265,0.9999441983542
"XBP1",3.47303130759932,-0.0422996768946308,0.546351331147332,-0.0774221173869969,0.938287746458326,0.9999441983542
"EWSR1",7.31939647160774,0.0686809023644279,0.333159936068767,0.206149944602738,0.836673786379051,0.9999441983542
"AP1B1",3.78311524157104,-0.408463130799883,0.445676121240943,-0.916502166781017,0.35940357150986,0.9999441983542
"UQCR10",5.24839214917004,0.11163427855078,0.474885604681602,0.235076147708516,0.814149631373132,0.9999441983542
"ASCC2",2.8088615098312,0.262569270198394,0.553974854821418,0.473973264153005,0.635518972759735,0.9999441983542
"MTMR3",5.46817760312665,0.0441863356869745,0.428502413341879,0.10311805560759,0.917869275110839,0.9999441983542
"PES1",1.58201115025189,1.08591941179141,0.615533859676219,1.76419118903162,0.0776997956693319,0.9999441983542
"TUG1",3.68235660526013,0.503329122725888,0.423514586879419,1.18845758403404,0.234653181218722,0.9999441983542
"PISD",2.56374682072307,0.182118977665044,0.530146549919202,0.343525724524286,0.731202991591841,0.9999441983542
"PRR14L",2.73129444746511,0.37571040063465,0.53766773527226,0.698778029602986,0.484690760857884,0.9999441983542
"DEPDC5",0.852295846604887,1.40102084841633,0.730079899055863,1.91899660602645,0.0549847633761868,0.9999441983542
"YWHAH",4.44956053155218,0.255778167180151,0.49933091476656,0.512241801210582,0.608481791083092,0.9999441983542
"RTCB",3.13357408090846,-0.114061240312853,0.551872092543845,-0.206680573005765,0.836259330312767,0.9999441983542
"TOM1",8.11743838471511,0.318081906869816,0.331075432372506,0.960753579902991,0.336676083888452,0.9999441983542
"APOL6",6.49815663759391,-0.277644299884205,0.402385814119969,-0.689995248692903,0.490197175276244,0.9999441983542
"APOL3",3.51778077451337,-0.139244960095176,0.493710684357237,-0.282037566751182,0.777914704962734,0.9999441983542
"MYH9",20.9859989148091,0.228028940135003,0.277504732667814,0.82171189638039,0.41124088687271,0.9999441983542
"TXN2",1.89507530988318,-0.255187372602206,0.653895138495482,-0.390257332680826,0.696346270446089,0.9999441983542
"EIF3D",2.6866253806601,-0.185938628569614,0.572823394977851,-0.324600269821039,0.745483622991801,0.9999441983542
"NCF4",4.76518863854762,0.494987555417957,0.426315647482508,1.16108230683291,0.245608429278719,0.9999441983542
"CSF2RB",2.330347232357,-0.495345114013785,0.620541216822739,-0.798246918311121,0.424727215138382,0.9999441983542
"RAC2",5.77329509486994,-0.75604052228974,0.441786025215613,-1.71132738279975,0.0870206941552075,0.9999441983542
"CYTH4",9.06524811682462,0.382418542995263,0.322902048190394,1.18431748927704,0.236287408236519,0.9999441983542
"MFNG",2.162588460719,-0.392102009651239,0.559139814536467,-0.701259326303378,0.483141192011861,0.9999441983542
"LGALS2",10.7302172174298,0.057043288454219,0.492364944861693,0.115855706320121,0.907766900459492,0.9999441983542
"GGA1",4.29203742869407,-0.357585661450371,0.441580250570717,-0.80978635477518,0.418062976352656,0.9999441983542
"SH3BP1",4.42244508702622,-0.53645472977175,0.483715535900423,-1.10902935704381,0.267417517717556,0.9999441983542
"LGALS1",42.4487352082924,-0.144259683557189,0.307114084004316,-0.469726694641466,0.638550293295516,0.9999441983542
"TRIOBP",4.11072047733779,0.105488267651963,0.422259624121424,0.249818504128705,0.802727709151237,0.9999441983542
"H1F0",3.6326728157701,-0.319764029999676,0.627005888016488,-0.509985689307064,0.61006148767065,0.9999441983542
"EIF3L",1.33465538728113,-0.429172384190374,0.752934342560183,-0.569999746234274,0.568677870208916,0.9999441983542
"PICK1",1.05474216574943,0.157835959523389,0.884235333714691,0.178499946230736,0.858330363419041,0.9999441983542
"DDX17",16.4527823964529,0.213714410961602,0.370880815103906,0.576234742424539,0.564456525030823,0.9999441983542
"SUN2",4.88409988632103,0.223966575690428,0.371442301908762,0.602964644951617,0.546532209326174,0.9999441983542
"APOBEC3A",13.9719351242083,0.0271365205533167,0.435006928927567,0.0623818122166858,0.950258778496128,0.9999441983542
"RPL3",17.6684865248338,-0.193464437356466,0.316606719840007,-0.61105600492065,0.541162504288687,0.9999441983542
"ATF4",5.27687445404621,-0.192887927631539,0.48818255518207,-0.395114339060314,0.692758507010304,0.9999441983542
"TNRC6B",7.35672531408338,0.0210953833744845,0.372667235964752,0.05660648787617,0.954858666256396,0.9999441983542
"MRTFA",4.33589581520829,0.115823618784446,0.490172985800864,0.236291313759792,0.813206626742707,0.9999441983542
"RBX1",3.53499962570078,-0.721609845567106,0.507796897628037,-1.42105997287066,0.155299325174204,0.9999441983542
"EP300",4.76814505466159,-0.222178053263627,0.476300792594303,-0.466465848300342,0.640882087502664,0.9999441983542
"RANGAP1",1.1770558881439,0.535110223122884,0.667667191085215,0.801462510465917,0.422863939125281,0.9999441983542
"XRCC6",2.73983181115414,-0.525411896792487,0.567126728728405,-0.926445307860114,0.354214607439427,0.9999441983542
"SNU13",2.70611357033271,-0.791826927041772,0.604780427976134,-1.30928001372594,0.190439517161705,0.9999441983542
"SMDT1",2.14824178803788,0.44466264512909,0.604862430425531,0.735146742072015,0.462250130055779,0.9999441983542
"NFAM1",4.66356643799669,-0.273489245766231,0.423494531808568,-0.64579168141386,0.518414276016795,0.9999441983542
"RRP7A",2.95820456896461,-0.119525552361001,0.522464753295777,-0.228772470500676,0.819045764741254,0.9999441983542
"POLDIP3",1.97602404219658,0.190283428287518,0.590197291599865,0.322406474912332,0.74714477963222,0.9999441983542
"Z93241.1",2.83398175942169,-0.170013596539464,0.674880514442554,-0.251916588049507,0.801105537588891,0.9999441983542
"CYB5R3",1.39336003865814,0.522672640689386,0.701567978830395,0.745006409159022,0.456267845363823,0.9999441983542
"PACSIN2",1.75799781190099,0.114919960468786,0.580936782561829,0.19781835806989,0.843187182335644,0.9999441983542
"TSPO",15.0015421563267,-0.0688718477544231,0.407438993072636,-0.1690359757544,0.865768343987734,0.9999441983542
"PARVB",1.46379699136297,0.486350246453514,0.691474187893081,0.703352713621056,0.481835967374116,0.9999441983542
"PARVG",8.25840610623148,0.151882174560485,0.297160134131128,0.511112215656303,0.609272482683419,0.9999441983542
"NUP50",1.75382354960553,0.0648930710554047,0.6803448833396,0.0953826105619623,0.924010927860271,0.9999441983542
"KIAA0930",5.41168486556457,0.00180946019575767,0.370561026171377,0.00488302888852869,0.996103922122889,0.9999441983542
"FAM118A",4.06144634284447,-2.11494594368449,1.22728661119445,-1.72326979239685,0.0848397477643285,0.9999441983542
"TRMU",1.47966587885546,0.613774342491907,0.604262026954965,1.01574203758074,0.309752244104548,0.9999441983542
"CERK",2.43696579087148,-0.0326733617405459,0.539743031096406,-0.0605350321507162,0.951729515377043,0.9999441983542
"TBC1D22A",2.97387450828671,0.284106148314678,0.496200620301439,0.572563065604564,0.566940573502397,0.9999441983542
"PIM3",5.83243122279885,-0.206781414290383,0.435890278771388,-0.474388680732277,0.635222763350832,0.9999441983542
"TRABD",7.08880754807638,0.185742598124907,0.419435938667174,0.442839015452835,0.657882180768366,0.9999441983542
"SELENOO",3.33866191341699,0.079096622839963,0.506060580323746,0.15629872374047,0.875797562284189,0.9999441983542
"TUBGCP6",1.65399357630113,0.423486946740857,0.564459830873996,0.750251698309763,0.45310312749733,0.9999441983542
"HDAC10",2.48759048180516,0.4161190246781,0.53736038508623,0.774376072793914,0.438708429006009,0.9999441983542
"PLXNB2",11.9790712600599,-0.110237048955156,0.334102656978167,-0.329949632703341,0.741438020032466,0.9999441983542
"PPP6R2",4.05317586014,0.342962620684907,0.413971886898391,0.828468385267638,0.40740529203787,0.9999441983542
"LMF2",3.56948367967709,0.466600381607835,0.448983440363246,1.03923739644014,0.298694342209722,0.9999441983542
"SCO2",29.4013638413812,0.309724622460034,0.363793369911611,0.851375115866697,0.394561010262536,0.9999441983542
"TYMP",170.893475281539,0.12208107278441,0.298238299525022,0.409340694937028,0.682289654897454,0.9999441983542
"ODF3B",20.9048913996267,-0.0774574858385197,0.349981971851956,-0.221318502289268,0.824844444422512,0.9999441983542
"KLHDC7B",3.58916624546962,-1.20365327628427,0.669248774857009,-1.79851397791716,0.0720955955933562,0.9999441983542
"CHKB",4.78660739738165,0.608256477396727,0.474714443769721,1.28131023898608,0.200084717915902,0.9999441983542
"GTPBP6",1.8833044210722,0.644560769319928,0.61625322191442,1.04593492804398,0.295591076852175,0.9999441983542
"CSF2RA",3.30363000088236,-0.121165594433537,0.511419709646417,-0.236920072003694,0.812718798033871,0.9999441983542
"SLC25A6",10.359935153656,-0.210835111005144,0.300143188198159,-0.702448428934351,0.482399552423853,0.9999441983542
"AKAP17A",4.58935781399692,0.191671636039689,0.499133987048105,0.384008384548689,0.700972233095717,0.9999441983542
"DHRSX",1.45521080763182,0.994109117851332,0.595355409160838,1.66977422654569,0.0949640415181977,0.9999441983542
"CD99",5.16548176633201,-0.158275095275492,0.484022269614166,-0.326999613884831,0.743668177250357,0.9999441983542
"ARSD",1.65972767067475,0.239303796302675,0.649965984701318,0.368178953876553,0.712739802212557,0.9999441983542
"PRKX",3.06527737340774,0.152989382569203,0.563491540732339,0.271502536436255,0.786004549152022,0.9999441983542
"TBL1X",1.68926224297212,-0.0410737269907249,0.671119921626802,-0.0612017698583015,0.951198520234017,0.9999441983542
"MSL3",3.45205005675341,0.305833920312667,0.457028968174451,0.669178414519947,0.503381673917426,0.9999441983542
"TMSB4X",130.806926837588,-0.423547357627565,0.305712656297194,-1.38544266618723,0.165917152344825,0.9999441983542
"ZRSR2",2.97656365078385,0.172372178261858,0.505508669918852,0.340987580469251,0.733112931403306,0.9999441983542
"AP1S2",4.85260395267367,-0.374535838541521,0.482825996090023,-0.775715975474711,0.437916705112474,0.9999441983542
"PHKA2",2.61721542073277,-0.347335142367983,0.752441230971254,-0.46161099109314,0.64436031122583,0.9999441983542
"SH3KBP1",6.87516503007112,-0.345868094990428,0.356427552689026,-0.970374182301753,0.331860012822094,0.9999441983542
"EIF1AX",2.32391968413886,-0.46404919931437,0.594877568486354,-0.780075134611526,0.435346651479219,0.9999441983542
"RPS6KA3",2.48996332720528,-0.0564462944756254,0.62183528302561,-0.0907737081128294,0.927672401668789,0.9999441983542
"ACOT9",3.43041625751526,0.282562779765076,0.440601386004042,0.641311599874276,0.521320254170276,0.9999441983542
"SAT1",239.59057317015,-0.19474055574893,0.270350673561934,-0.720325764989512,0.471324444757367,0.9999441983542
"EIF2S3",4.10227927761672,-0.409138052965567,0.486535746935736,-0.840920848143986,0.40039227807196,0.9999441983542
"GK",4.21678550982156,-0.751894140856339,0.557389993078702,-1.34895522021002,0.177351349785915,0.9999441983542
"CYBB",21.4795195046149,-0.0642306432353918,0.345847265985283,-0.185719679039258,0.852664595157774,0.9999441983542
"MID1IP1",2.31118647422911,-0.417609403440002,0.59123527353021,-0.706333708654586,0.479980635415372,0.9999441983542
"CXorf38",2.84615692907719,-0.311010279306663,0.546024042679146,-0.569590814683995,0.568955259830815,0.9999441983542
"USP9X",2.20048311354946,0.0581576178735551,0.568374401883837,0.102322725444348,0.918500517680749,0.9999441983542
"DDX3X",10.217466368507,-0.699480265187513,0.430215497044151,-1.625883470013,0.103974447187151,0.9999441983542
"KDM6A",2.86082674623437,-0.390808812838966,0.576594562025844,-0.677787892181766,0.497906189055834,0.9999441983542
"NDUFB11",3.84633361197311,-0.764319883555831,0.581200014984956,-1.31507203002329,0.188485695719179,0.9999441983542
"RBM10",2.19555014431053,-0.214331185372452,0.568449984767366,-0.377044931156371,0.706140214556627,0.9999441983542
"UBA1",4.31324326665344,0.453719991740555,0.395992746263223,1.14577854271846,0.251886795669562,0.9999441983542
"ARAF",2.43303012781373,0.851232946899895,0.628913720177327,1.35349718028076,0.175896850238778,0.9999441983542
"TIMP1",9.52926275314478,0.353486893934022,0.408931180531995,0.864416583431366,0.387359086169941,0.9999441983542
"CFP",13.6027097131903,-0.17308443328222,0.331817502623822,-0.521625387188944,0.601931183678065,0.9999441983542
"RBM3",4.38922702411174,-0.608347781928094,0.427932692231197,-1.42159688421147,0.155143309825947,0.9999441983542
"WDR13",2.35625034524526,-0.118348465109022,0.522542328151682,-0.22648589163607,0.820823531014679,0.9999441983542
"WAS",12.3176289274311,-0.245445677053805,0.288698721271264,-0.850179301013188,0.395225407898426,0.9999441983542
"PQBP1",2.40723142091004,0.555317769081417,0.551490463762458,1.00693993018999,0.313963641843854,0.9999441983542
"OTUD5",1.96849342418087,-0.328958404423207,0.680747361713216,-0.483231258649798,0.628931542809987,0.9999441983542
"GRIPAP1",3.98365588000977,0.6305670723212,0.472048625564935,1.33580957166553,0.181611523630785,0.9999441983542
"WDR45",1.59233642097715,0.031142132991678,0.617282643187348,0.050450362302227,0.95976350413918,0.9999441983542
"PLP2",3.6330861589816,-0.0642807536928234,0.481331615031338,-0.133547748964377,0.893760204219102,0.9999441983542
"KDM5C",2.4676004332301,-0.13135401106236,0.515344146597486,-0.254886005651977,0.798811145243803,0.9999441983542
"SMC1A",2.68714705770032,-0.102042661449599,0.482329021833451,-0.211562350243221,0.832448484561351,0.9999441983542
"HUWE1",2.47243041544125,0.424096702683609,0.494327510161605,0.857926564809156,0.390933014466197,0.9999441983542
"MSN",10.1189206411639,-0.28127835812562,0.320560472413868,-0.877458022218247,0.380237909814437,0.9999441983542
"AL034397.3",5.12421865717229,0.294336493883791,0.403101464981214,0.730179668033477,0.465280368852658,0.9999441983542
"NONO",3.29360387138622,-0.342020218973717,0.532509976405664,-0.642279457902902,0.520691749608734,0.9999441983542
"OGT",5.01775828510598,-0.0313844193800373,0.417193717820384,-0.0752274495982448,0.940033744607766,0.9999441983542
"NHSL2",1.91534175651855,-0.330612334995882,0.670536893575807,-0.493056143760872,0.62197291771248,0.9999441983542
"RPS4X",19.6148577312271,-0.216050593676692,0.358215312587166,-0.603130536537631,0.546421853500173,0.9999441983542
"XIST",16.5752395422985,-0.405378426192421,0.687890549171273,-0.589306578903861,0.555655632388179,0.9999441983542
"FTX",3.07555123208147,-0.706548391365815,0.513711520270975,-1.37537968973933,0.169013762294269,0.9999441983542
"JPX",2.77668009571122,0.283293505709409,0.506059011065077,0.559803302609266,0.575613610720157,0.9999441983542
"ATRX",4.48523681266675,0.465905848755605,0.395919482125504,1.17676919118599,0.239287642616657,0.9999441983542
"COX7B",3.9655445182464,-0.803259858098302,0.590418069058784,-1.36049335241183,0.17367385510038,0.9999441983542
"PGK1",4.83908616821677,-0.872711363484068,0.471381198900642,-1.85139196370031,0.0641131843719373,0.9999441983542
"SH3BGRL",2.74481532996135,-0.330917834222708,0.576084135346705,-0.574426223391053,0.565679411803402,0.9999441983542
"DIAPH2",5.42943614622994,0.427913177380233,0.474964030878159,0.900938070171474,0.367621248169084,0.9999441983542
"BTK",1.82176809079875,0.749927821019455,0.594101564149584,1.26228891871868,0.206844842643706,0.9999441983542
"RPL36A",21.0152166826711,-0.0386413064481671,0.404412446750845,-0.0955492511633148,0.923878572400562,0.9999441983542
"TSC22D3",26.5424220835708,0.0472630586512676,0.384190907700524,0.12301972197663,0.902091480710243,0.9999441983542
"DOCK11",3.39128824504973,-0.0946123481083945,0.425118498482698,-0.22255523682474,0.823881678466822,0.9999441983542
"SEPTIN6",2.94161252603905,-0.479461740991914,0.551498402939337,-0.869380107787281,0.384639259740663,0.9999441983542
"RPL39",53.1004095517426,-0.590905910890566,0.457252505533138,-1.29229671514122,0.196254409112285,0.9999441983542
"NDUFA1",8.11818067496675,-0.160847769261069,0.462840519133438,-0.347523094050235,0.728198371818562,0.9999441983542
"NKAP",1.43049367317018,0.56984237002072,0.611269966121741,0.932227005419778,0.351219221913537,0.9999441983542
"THOC2",2.73024888516094,-0.0132772727616488,0.493133043751218,-0.0269243218029962,0.978520094553621,0.9999441983542
"STAG2",1.94564130112664,0.341789694855732,0.612161232299522,0.558332799958328,0.576617151297437,0.9999441983542
"SASH3",5.91650370210106,-0.364653630667865,0.404545279717174,-0.901391386701637,0.367380259398958,0.9999441983542
"ELF4",2.30575187518816,0.551652399260555,0.604415883080203,0.912703346658005,0.361398583324237,0.9999441983542
"RBMX",2.68792607130361,0.267721838594188,0.522406424078121,0.51247807502871,0.608316461050894,0.9999441983542
"IDS",4.52059161498769,-0.261702158199831,0.524003515507622,-0.499428248961861,0.617477722412605,0.9999441983542
"BCAP31",2.7124544903447,0.0819921856808211,0.533332477411537,0.153735594874627,0.877818217747923,0.9999441983542
"ABCD1",2.51462225296758,0.592796160379419,0.528344900126539,1.1219870963786,0.261867926355616,0.9999441983542
"IDH3G",3.57183233396132,-0.0694735925860379,0.499000226993593,-0.139225573111673,0.889271900878786,0.9999441983542
"SSR4",6.80515428925497,-0.00184928166138305,0.361157387120325,-0.00512043149976311,0.995914504614509,0.9999441983542
"ARHGAP4",15.827093621335,0.249964624491518,0.274764249937132,0.909742168235904,0.362958500041089,0.9999441983542
"NAA10",1.95403253445245,0.71932642877076,0.541377919412983,1.32869554331053,0.183948435870347,0.9999441983542
"RENBP",2.09398111791949,0.252282683380265,0.575015387388806,0.438740751836054,0.660849395163632,0.9999441983542
"HCFC1",3.66848504436632,0.0644103147605499,0.471512939699695,0.13660349343026,0.891344215032567,0.9999441983542
"IRAK1",2.20516604106737,0.632741673178422,0.537366191213465,1.17748694191122,0.239001206439922,0.9999441983542
"MECP2",2.39810752160179,-0.383799441103404,0.669204979323893,-0.573515519103222,0.566295694379946,0.9999441983542
"FLNA",31.7256561244892,0.360692614859141,0.224878668449091,1.60394321678757,0.108726569591848,0.9999441983542
"RPL10",47.9737735978816,-0.27241374557904,0.293659823776686,-0.927650715292254,0.35358878133898,0.9999441983542
"TAZ",3.37553075402288,0.174533566509992,0.444789317221903,0.392396039545433,0.694765611877375,0.9999441983542
"ATP6AP1",2.70671111076596,-0.186064547142294,0.498953709288146,-0.372909437646532,0.709215847641465,0.9999441983542
"GDI1",3.12011836494805,0.466755081199395,0.472002035814345,0.988883618677836,0.322720086205096,0.9999441983542
"FAM50A",5.21897723993906,-0.077003939203235,0.403935076580132,-0.19063444515683,0.848812001725787,0.9999441983542
"G6PD",4.08357452311286,0.369063095220649,0.40643388149706,0.908051990796734,0.363850753707982,0.9999441983542
"IKBKG",2.25789170754677,0.167390466372669,0.569032267940028,0.294166914257157,0.768630361290715,0.9999441983542
"GAB3",1.94171557260702,0.3302860083863,0.557119600581564,0.592845787585866,0.553284361747981,0.9999441983542
"MPP1",3.4806695777486,-0.0908787746092755,0.48314675690633,-0.188097660411068,0.850800095085789,0.9999441983542
"MT-ND1",231.34048196167,-0.00760350568806824,0.177151680463821,-0.0429208781320088,0.96576460574232,0.9999441983542
"MT-ND2",145.057881081086,0.113175255667193,0.179915127191774,0.629048026331648,0.529317614908201,0.9999441983542
"MT-CO1",715.49634992033,0.0271535523942258,0.188298110755952,0.144205123913424,0.885338494940749,0.9999441983542
"MT-CO2",521.019151032372,0.133384894881242,0.250765269154409,0.531911358104022,0.594787390285436,0.9999441983542
"MT-ATP8",28.2076492967184,-1.21684947941036,0.535959912516472,-2.27041137031487,0.0231826352456416,0.9999441983542
"MT-ATP6",248.3289589187,0.246120417283974,0.17671480999665,1.39275489863379,0.163693921156114,0.9999441983542
"MT-CO3",218.574683998012,0.173231843748385,0.20485837756036,0.845617571570111,0.39776611985591,0.9999441983542
"MT-ND3",217.322863615216,-0.0484444268029965,0.274719304378232,-0.176341545828532,0.860025624555219,0.9999441983542
"MT-ND4L",78.653803704662,-0.347788908366668,0.288180519113042,-1.20684392351394,0.227492256875808,0.9999441983542
"MT-ND4",176.64141364855,0.359212723522544,0.188173861262231,1.90894059947019,0.0562697548536532,0.9999441983542
"MT-ND5",84.0134012968133,-0.116928430500073,0.244084899430633,-0.479048195004389,0.631904342829746,0.9999441983542
"MT-ND6",23.5698524914339,-0.345943519638004,0.34775124022009,-0.994801684730321,0.319832726707063,0.9999441983542
"MT-CYB",165.189528512995,0.196566832131211,0.158762078183608,1.23812206529497,0.215670803381318,0.9999441983542
